net,scheme,overhead,p,nodes,reachable,frame_len,energy_uC,duty_b,radio_on,latency,latency_p95,wasted,granted,removal,service,failed,delayed,pdr
0,rand_st,none,0.0,99,0.99,19.0,529.0510204081631,0.04779806659505907,0.9081632653061222,nan,nan,98.0,98.0,0.0,nan,0,nan,nan
1,rand_st,none,0.0,100,1.0,15.0,529.5252525252525,0.061279461279461274,0.9191919191919191,nan,nan,99.0,99.0,0.0,nan,0,nan,nan
2,rand_st,none,0.0,100,1.0,17.0,528.2222222222223,0.05228758169934641,0.8888888888888892,nan,nan,99.0,99.0,0.0,nan,0,nan,nan
3,rand_st,none,0.0,99,0.99,16.0,528.1734693877551,0.055484693877551026,0.8877551020408164,nan,nan,98.0,98.0,0.0,nan,0,nan,nan
4,rand_st,none,0.0,100,1.0,16.0,529.0909090909091,0.05681818181818181,0.909090909090909,nan,nan,99.0,99.0,0.0,nan,0,nan,nan
5,rand_st,none,0.0,97,0.97,17.0,527.6250000000001,0.051470588235294115,0.875,nan,nan,96.0,96.0,0.0,nan,0,nan,nan
6,rand_st,none,0.0,100,1.0,19.0,529.5252525252525,0.04837852206273258,0.9191919191919191,nan,nan,99.0,99.0,0.0,nan,0,nan,nan
7,rand_st,none,0.0,100,1.0,15.0,527.3535353535354,0.057912457912457915,0.8686868686868686,nan,nan,99.0,99.0,0.0,nan,0,nan,nan
8,rand_st,none,0.0,100,1.0,21.0,526.4848484848484,0.0404040404040404,0.8484848484848484,nan,nan,99.0,99.0,0.0,nan,0,nan,nan
9,rand_st,none,0.0,100,1.0,18.0,527.7878787878789,0.04882154882154883,0.8787878787878788,nan,nan,99.0,99.0,0.0,nan,0,nan,nan
10,rand_st,none,0.0,100,1.0,17.0,529.9595959595962,0.05466428995840761,0.9292929292929291,nan,nan,99.0,99.0,0.0,nan,0,nan,nan
11,rand_st,none,0.0,100,1.0,19.0,528.6565656565656,0.04731525784157364,0.8989898989898991,nan,nan,99.0,99.0,0.0,nan,0,nan,nan
12,rand_st,none,0.0,100,1.0,18.0,528.2222222222224,0.04938271604938271,0.8888888888888892,nan,nan,99.0,99.0,0.0,nan,0,nan,nan
13,rand_st,none,0.0,100,1.0,15.0,527.7878787878789,0.05858585858585859,0.8787878787878788,nan,nan,99.0,99.0,0.0,nan,0,nan,nan
14,rand_st,none,0.0,100,1.0,17.0,528.6565656565656,0.052881758764111705,0.8989898989898991,nan,nan,99.0,99.0,0.0,nan,0,nan,nan
15,rand_st,none,0.0,100,1.0,15.0,527.7878787878789,0.05858585858585859,0.8787878787878788,nan,nan,99.0,99.0,0.0,nan,0,nan,nan
16,rand_st,none,0.0,82,0.82,16.0,529.8148148148148,0.05787037037037036,0.9259259259259257,nan,nan,81.0,81.0,0.0,nan,0,nan,nan
17,rand_st,none,0.0,97,0.97,20.0,528.0729166666667,0.04427083333333333,0.8854166666666666,nan,nan,96.0,96.0,0.0,nan,0,nan,nan
18,rand_st,none,0.0,100,1.0,14.0,527.7878787878789,0.06277056277056278,0.8787878787878788,nan,nan,99.0,99.0,0.0,nan,0,nan,nan
19,rand_st,none,0.0,100,1.0,16.0,528.6565656565656,0.056186868686868695,0.8989898989898991,nan,nan,99.0,99.0,0.0,nan,0,nan,nan
20,rand_st,none,0.0,100,1.0,16.0,529.0909090909091,0.05681818181818181,0.909090909090909,nan,nan,99.0,99.0,0.0,nan,0,nan,nan
21,rand_st,none,0.0,100,1.0,15.0,529.9595959595961,0.06195286195286197,0.9292929292929291,nan,nan,99.0,99.0,0.0,nan,0,nan,nan
22,rand_st,none,0.0,97,0.97,15.0,529.4166666666667,0.061111111111111116,0.9166666666666665,nan,nan,96.0,96.0,0.0,nan,0,nan,nan
23,rand_st,none,0.0,97,0.97,14.0,530.3125,0.06696428571428571,0.9375,nan,nan,96.0,96.0,0.0,nan,0,nan,nan
24,rand_st,none,0.0,100,1.0,15.0,529.9595959595961,0.06195286195286197,0.9292929292929291,nan,nan,99.0,99.0,0.0,nan,0,nan,nan
25,rand_st,none,0.0,99,0.99,14.0,528.1734693877551,0.06341107871720118,0.8877551020408164,nan,nan,98.0,98.0,0.0,nan,0,nan,nan
26,rand_st,none,0.0,100,1.0,18.0,528.6565656565656,0.04994388327721661,0.8989898989898991,nan,nan,99.0,99.0,0.0,nan,0,nan,nan
27,rand_st,none,0.0,100,1.0,16.0,527.7878787878789,0.054924242424242424,0.8787878787878788,nan,nan,99.0,99.0,0.0,nan,0,nan,nan
28,rand_st,none,0.0,100,1.0,16.0,527.3535353535353,0.05429292929292929,0.8686868686868686,nan,nan,99.0,99.0,0.0,nan,0,nan,nan
29,rand_st,none,0.0,100,1.0,14.0,529.0909090909091,0.06493506493506494,0.909090909090909,nan,nan,99.0,99.0,0.0,nan,0,nan,nan
30,rand_st,none,0.0,93,0.93,19.0,531.5978260869564,0.0509153318077803,0.967391304347826,nan,nan,92.0,92.0,0.0,nan,0,nan,nan
31,rand_st,none,0.0,100,1.0,16.0,529.0909090909091,0.05681818181818181,0.909090909090909,nan,nan,99.0,99.0,0.0,nan,0,nan,nan
32,rand_st,none,0.0,100,1.0,19.0,528.6565656565656,0.04731525784157364,0.8989898989898991,nan,nan,99.0,99.0,0.0,nan,0,nan,nan
33,rand_st,none,0.0,100,1.0,14.0,529.9595959595961,0.0663780663780664,0.9292929292929291,nan,nan,99.0,99.0,0.0,nan,0,nan,nan
34,rand_st,none,0.0,100,1.0,15.0,529.5252525252525,0.061279461279461274,0.9191919191919191,nan,nan,99.0,99.0,0.0,nan,0,nan,nan
35,rand_st,none,0.0,100,1.0,22.0,524.7474747474746,0.03673094582185492,0.8080808080808081,nan,nan,99.0,99.0,0.0,nan,0,nan,nan
36,rand_st,none,0.0,97,0.97,17.0,527.6250000000001,0.051470588235294115,0.875,nan,nan,96.0,96.0,0.0,nan,0,nan,nan
37,rand_st,none,0.0,96,0.96,15.0,529.8315789473683,0.0617543859649123,0.9263157894736842,nan,nan,95.0,95.0,0.0,nan,0,nan,nan
38,rand_st,none,0.0,100,1.0,16.0,529.9595959595962,0.058080808080808066,0.9292929292929291,nan,nan,99.0,99.0,0.0,nan,0,nan,nan
39,rand_st,none,0.0,100,1.0,15.0,528.2222222222223,0.05925925925925925,0.8888888888888892,nan,nan,99.0,99.0,0.0,nan,0,nan,nan
40,rand_st,none,0.0,100,1.0,16.0,530.3939393939393,0.058712121212121215,0.9393939393939394,nan,nan,99.0,99.0,0.0,nan,0,nan,nan
41,rand_st,none,0.0,100,1.0,15.0,529.0909090909091,0.060606060606060594,0.909090909090909,nan,nan,99.0,99.0,0.0,nan,0,nan,nan
42,rand_st,none,0.0,100,1.0,15.0,529.5252525252525,0.061279461279461274,0.9191919191919191,nan,nan,99.0,99.0,0.0,nan,0,nan,nan
43,rand_st,none,0.0,96,0.96,18.0,528.9263157894737,0.050292397660818715,0.9052631578947369,nan,nan,95.0,95.0,0.0,nan,0,nan,nan
44,rand_st,none,0.0,100,1.0,16.0,528.2222222222224,0.05555555555555557,0.8888888888888892,nan,nan,99.0,99.0,0.0,nan,0,nan,nan
45,rand_st,none,0.0,100,1.0,15.0,530.3939393939393,0.06262626262626261,0.9393939393939394,nan,nan,99.0,99.0,0.0,nan,0,nan,nan
46,rand_st,none,0.0,99,0.99,16.0,529.4897959183673,0.05739795918367348,0.9183673469387756,nan,nan,98.0,98.0,0.0,nan,0,nan,nan
47,rand_st,none,0.0,100,1.0,17.0,526.0505050505052,0.049316696375519914,0.8383838383838386,nan,nan,99.0,99.0,0.0,nan,0,nan,nan
48,rand_st,none,0.0,99,0.99,18.0,527.2959183673469,0.0481859410430839,0.8673469387755102,nan,nan,98.0,98.0,0.0,nan,0,nan,nan
49,rand_st,none,0.0,100,1.0,16.0,527.3535353535354,0.05429292929292929,0.8686868686868686,nan,nan,99.0,99.0,0.0,nan,0,nan,nan
0,rand_st,none,0.02,99,0.99,19.0,533.7082,0.050786251342642315,0.9649387755102041,114.09591836734694,262.04999999999586,92.436,98.0,0.0,1.0,0,0.0,1.0
1,rand_st,none,0.02,100,1.0,15.0,535.0564767676768,0.06568619528619529,0.9852929292929293,134.20696721311475,304.0,92.456,99.0,0.0,1.0,0,0.0,1.0
2,rand_st,none,0.02,100,1.0,17.0,533.1589252525254,0.05581937017231135,0.948929292929293,98.36008230452676,216.0,93.056,99.0,0.0,1.0,0,0.0,1.0
3,rand_st,none,0.02,99,0.99,16.0,532.6119673469387,0.05888775510204081,0.942204081632653,104.74207188160676,212.0,92.664,98.0,0.0,1.0,0,0.0,1.0
4,rand_st,none,0.02,100,1.0,16.0,534.1297616161615,0.060621212121212124,0.969939393939394,149.2304609218437,311.0,92.976,99.0,0.0,1.0,0,0.0,1.0
5,rand_st,none,0.02,97,0.97,17.0,532.4836208333334,0.054958333333333345,0.9342916666666667,121.21503131524008,211.0,90.308,96.0,0.0,1.0,0,0.0,1.0
6,rand_st,none,0.02,100,1.0,19.0,534.6859515151516,0.051668261562998405,0.9816969696969697,114.1775147928994,308.0,92.812,99.0,0.0,1.0,0,0.0,1.0
7,rand_st,none,0.02,100,1.0,15.0,532.0548282828285,0.06174814814814815,0.9262222222222222,85.53093812375249,213.0,93.304,99.0,0.0,1.0,0,0.0,1.0
8,rand_st,none,0.02,100,1.0,21.0,530.702888888889,0.042891774891774884,0.9007272727272727,58.535353535353536,121.0,93.828,99.0,0.0,1.0,0,0.0,1.0
9,rand_st,none,0.02,100,1.0,18.0,532.2820363636364,0.05185185185185185,0.9333333333333333,77.53614457831326,210.0,93.6,99.0,0.0,1.0,0,0.0,1.0
10,rand_st,none,0.02,100,1.0,17.0,535.3336929292931,0.05842661913250149,0.9932525252525253,108.05010438413362,212.0,92.668,99.0,0.0,1.0,0,0.0,1.0
11,rand_st,none,0.02,100,1.0,19.0,532.9447272727273,0.050079744816586926,0.9515151515151515,111.06550218340611,302.0,93.8,99.0,0.0,1.0,0,0.0,1.0
12,rand_st,none,0.02,100,1.0,18.0,532.6416282828284,0.05237485970819304,0.9427474747474748,106.36971046770601,302.0,93.668,99.0,0.0,1.0,0,0.0,1.0
13,rand_st,none,0.02,100,1.0,15.0,533.1017535353536,0.06287946127946129,0.9431919191919191,137.45669291338584,308.0,92.624,99.0,0.0,1.0,0,0.0,1.0
14,rand_st,none,0.02,100,1.0,17.0,533.2471878787879,0.056202020202020204,0.9554343434343434,84.35490196078432,201.0,93.412,99.0,0.0,1.0,0,0.0,1.0
15,rand_st,none,0.02,100,1.0,15.0,532.8768,0.06272323232323233,0.9408484848484848,99.24271844660194,214.0,92.856,99.0,0.0,1.0,0,0.0,1.0
16,rand_st,none,0.02,82,0.82,16.0,534.3676987654321,0.061342592592592594,0.9814814814814815,108.23298429319372,213.0,76.5,81.0,0.0,1.0,0,0.0,1.0
17,rand_st,none,0.02,97,0.97,20.0,532.5813291666667,0.04703958333333334,0.9407916666666667,113.32334047109208,303.0,90.684,96.0,0.0,1.0,0,0.0,1.0
18,rand_st,none,0.02,100,1.0,14.0,532.4526343434344,0.06686580086580088,0.936121212121212,108.40657084188912,213.0,93.324,99.0,0.0,1.0,0,0.0,1.0
19,rand_st,none,0.02,100,1.0,16.0,533.3843393939394,0.05981313131313131,0.957010101010101,115.34552845528455,208.0,93.256,99.0,0.0,1.0,0,0.0,1.0
20,rand_st,none,0.02,100,1.0,16.0,534.8090747474747,0.061141414141414135,0.9782626262626262,90.72043010752688,212.0,92.152,99.0,0.0,1.0,0,0.0,1.0
21,rand_st,none,0.02,100,1.0,15.0,535.7412767676768,0.06654814814814816,0.9982222222222222,152.98622047244095,307.0,92.176,99.0,0.0,1.0,0,0.0,1.0
22,rand_st,none,0.02,97,0.97,15.0,533.8054333333333,0.06467222222222221,0.9700833333333333,100.15765765765765,210.0,90.872,96.0,0.0,1.0,0,0.0,1.0
23,rand_st,none,0.02,97,0.97,14.0,535.6428041666667,0.07153869047619048,1.0015416666666668,90.95560253699789,209.0,89.852,96.0,0.0,1.0,0,0.0,1.0
24,rand_st,none,0.02,100,1.0,15.0,534.5321777777779,0.06567003367003366,0.9850505050505051,108.68647540983606,301.0,93.48,99.0,0.0,1.0,0,0.0,1.0
25,rand_st,none,0.02,99,0.99,14.0,532.2441306122449,0.06699125364431487,0.9378775510204082,79.09287257019439,207.0,93.088,98.0,0.0,1.0,0,0.0,1.0
26,rand_st,none,0.02,100,1.0,18.0,532.7089979797981,0.052725028058361385,0.949050505050505,101.03547671840354,211.0,94.044,99.0,0.0,1.0,0,0.0,1.0
27,rand_st,none,0.02,100,1.0,16.0,532.9058545454546,0.058820707070707065,0.941131313131313,95.09306930693069,206.0,92.828,99.0,0.0,1.0,0,0.0,1.0
28,rand_st,none,0.02,100,1.0,16.0,531.6466262626263,0.05759090909090909,0.9214545454545454,85.23478260869565,216.0,93.776,99.0,0.0,1.0,0,0.0,1.0
29,rand_st,none,0.02,100,1.0,14.0,533.3213010101011,0.06865223665223666,0.9611313131313132,114.73741794310722,206.0,93.848,99.0,0.0,1.0,0,0.0,1.0
30,rand_st,none,0.02,93,0.93,19.0,536.6264608695653,0.054109839816933646,1.028086956521739,95.7866108786611,215.0,86.416,92.0,0.0,1.0,0,0.0,1.0
31,rand_st,none,0.02,100,1.0,16.0,533.8888242424243,0.06046969696969697,0.9675151515151516,109.02713987473904,304.0,93.216,99.0,0.0,1.0,0,0.0,1.0
32,rand_st,none,0.02,100,1.0,19.0,533.2350545454547,0.05026262626262627,0.9549898989898989,78.07006369426752,207.0,93.456,99.0,0.0,1.0,0,0.0,1.0
33,rand_st,none,0.02,100,1.0,14.0,535.6774222222222,0.07131313131313131,0.9983838383838384,161.51945525291828,304.0,92.16,99.0,0.0,1.0,0,0.0,1.0
34,rand_st,none,0.02,100,1.0,15.0,535.0713454545455,0.06576700336700336,0.9865050505050506,108.23177570093458,207.0,92.336,99.0,0.0,1.0,0,0.0,1.0
35,rand_st,none,0.02,100,1.0,22.0,528.6079797979799,0.038929292929292925,0.8564444444444445,58.0,204.5999999999999,94.212,99.0,0.0,1.0,0,0.0,1.0
36,rand_st,none,0.02,97,0.97,17.0,532.061675,0.054676470588235306,0.9295,87.56512605042016,215.0,90.768,96.0,0.0,1.0,0,0.0,1.0
37,rand_st,none,0.02,96,0.96,15.0,534.9835031578948,0.06588070175438597,0.9882105263157893,151.75160599571734,302.0,89.12,95.0,0.0,1.0,0,0.0,1.0
38,rand_st,none,0.02,100,1.0,16.0,535.093195959596,0.061969696969696966,0.9915151515151515,114.95176252319109,205.0,92.84,99.0,0.0,1.0,0,0.0,1.0
39,rand_st,none,0.02,100,1.0,15.0,532.7171595959596,0.06294680134680135,0.94420202020202,100.8125,212.0,93.524,99.0,0.0,1.0,0,0.0,1.0
40,rand_st,none,0.02,100,1.0,16.0,535.6570868686869,0.0626590909090909,1.0025454545454544,140.30927835051546,206.0,92.748,99.0,0.0,1.0,0,0.0,1.0
41,rand_st,none,0.02,100,1.0,15.0,533.8356242424243,0.06447138047138047,0.9670707070707071,84.61036468330134,208.0,93.26,99.0,0.0,1.0,0,0.0,1.0
42,rand_st,none,0.02,100,1.0,15.0,533.952101010101,0.06484848484848486,0.9727272727272727,144.545871559633,305.0,93.7,99.0,0.0,1.0,0,0.0,1.0
43,rand_st,none,0.02,96,0.96,18.0,534.2651284210527,0.05387134502923977,0.9696842105263158,135.77004219409284,305.0,88.88,95.0,0.0,1.0,0,0.0,1.0
44,rand_st,none,0.02,100,1.0,16.0,532.5042181818183,0.058848484848484844,0.9415757575757575,87.75619834710744,207.0,93.784,99.0,0.0,1.0,0,0.0,1.0
45,rand_st,none,0.02,100,1.0,15.0,535.1366181818182,0.06645925925925926,0.9968888888888889,117.59205020920503,207.0,93.308,99.0,0.0,1.0,0,0.0,1.0
46,rand_st,none,0.02,99,0.99,16.0,533.9084775510205,0.060778061224489796,0.9724489795918367,87.25550660792952,202.0,92.7,98.0,0.0,1.0,0,0.0,1.0
47,rand_st,none,0.02,100,1.0,17.0,530.6805575757576,0.052634581105169345,0.8947878787878788,104.39112050739958,208.0,93.416,99.0,0.0,1.0,0,0.0,1.0
48,rand_st,none,0.02,99,0.99,18.0,531.6397714285715,0.05116099773242629,0.9208979591836735,87.25992063492063,203.0,92.752,98.0,0.0,1.0,0,0.0,1.0
49,rand_st,none,0.02,100,1.0,16.0,531.7171676767678,0.05764393939393939,0.9223030303030303,104.30246913580247,211.0,93.692,99.0,0.0,1.0,0,0.0,1.0
0,rand_st,none,0.05,99,0.99,19.0,539.953624489796,0.054689581095596136,1.0391020408163265,115.68085106382979,303.0,85.168,98.0,0.0,1.0,0,0.0,1.0
1,rand_st,none,0.05,100,1.0,15.0,541.4338545454546,0.07063434343434344,1.0595151515151515,133.39685169842585,304.0,85.108,99.0,0.0,1.0,0,0.0,1.0
2,rand_st,none,0.05,100,1.0,17.0,539.587591919192,0.060342245989304814,1.025818181818182,101.09886547811993,216.0,85.444,99.0,0.0,1.0,0,0.0,1.0
3,rand_st,none,0.05,99,0.99,16.0,538.7147918367348,0.06351020408163266,1.0161632653061226,103.75490196078431,212.0,85.416,98.0,0.0,1.0,0,0.0,1.0
4,rand_st,none,0.05,100,1.0,16.0,540.2385454545454,0.06512626262626263,1.042020202020202,151.11541501976285,311.0,85.84,99.0,0.0,1.0,0,0.0,1.0
5,rand_st,none,0.05,97,0.97,17.0,538.8401666666667,0.05947058823529412,1.011,118.18337408312958,211.0,82.944,96.0,0.0,1.0,0,0.0,1.0
6,rand_st,none,0.05,100,1.0,19.0,540.8089050505051,0.05551089845826688,1.0547070707070707,115.65648224607762,308.0,85.584,99.0,0.0,1.0,0,0.0,1.0
7,rand_st,none,0.05,100,1.0,15.0,537.7549535353535,0.06631380471380471,0.9947070707070707,85.71601941747574,213.0,86.524,99.0,0.0,1.0,0,0.0,1.0
8,rand_st,none,0.05,100,1.0,21.0,536.086088888889,0.04602405002405003,0.9665050505050505,60.50287592440427,121.0,87.316,99.0,0.0,1.0,0,0.0,1.0
9,rand_st,none,0.05,100,1.0,18.0,537.7155393939395,0.05543434343434343,0.9978181818181817,81.15650741350906,210.0,87.216,99.0,0.0,1.0,0,0.0,1.0
10,rand_st,none,0.05,100,1.0,17.0,541.5741777777779,0.06267617349970292,1.0654949494949497,103.68576104746317,212.0,85.516,99.0,0.0,1.0,0,0.0,1.0
11,rand_st,none,0.05,100,1.0,19.0,538.9218303030304,0.053871345029239764,1.0235555555555556,113.78362573099415,302.0,86.668,99.0,0.0,1.0,0,0.0,1.0
12,rand_st,none,0.05,100,1.0,18.0,538.6320606060607,0.05636588103254771,1.0145858585858585,104.04006820119352,302.0,86.556,99.0,0.0,1.0,0,0.0,1.0
13,rand_st,none,0.05,100,1.0,15.0,539.5242343434345,0.06800808080808081,1.020121212121212,137.33998403830807,308.0,85.008,99.0,0.0,1.0,0,0.0,1.0
14,rand_st,none,0.05,100,1.0,17.0,538.8513494949494,0.06018062982768865,1.023070707070707,83.22240128928284,201.0,86.716,99.0,0.0,1.0,0,0.0,1.0
15,rand_st,none,0.05,100,1.0,15.0,539.0188525252527,0.06766868686868688,1.0150303030303032,98.28394103956555,214.0,85.512,99.0,0.0,1.0,0,0.0,1.0
16,rand_st,none,0.05,82,0.82,16.0,540.2575209876543,0.06573456790123457,1.051753086419753,107.47812817904375,213.0,70.808,81.0,0.0,1.0,0,0.0,1.0
17,rand_st,none,0.05,97,0.97,20.0,538.524325,0.05063333333333334,1.0126666666666668,109.10102739726027,303.0,83.784,96.0,0.0,1.0,0,0.0,1.0
18,rand_st,none,0.05,100,1.0,14.0,538.2135838383839,0.07184415584415585,1.005818181818182,103.18847736625514,213.0,86.424,99.0,0.0,1.0,0,0.0,1.0
19,rand_st,none,0.05,100,1.0,16.0,539.5094505050506,0.06445202020202019,1.031232323232323,115.01923076923077,208.0,85.908,99.0,0.0,1.0,0,0.0,1.0
20,rand_st,none,0.05,100,1.0,16.0,540.9260808080809,0.06567424242424243,1.0507878787878788,93.54587509637625,212.0,84.972,99.0,0.0,1.0,0,0.0,1.0
21,rand_st,none,0.05,100,1.0,15.0,542.2140606060607,0.07159057239057239,1.0738585858585856,149.31728492501972,307.0,84.688,99.0,0.0,1.0,0,0.0,1.0
22,rand_st,none,0.05,97,0.97,15.0,540.2689458333333,0.06981944444444443,1.0472916666666665,97.24101307189542,210.0,83.46,96.0,0.0,1.0,0,0.0,1.0
23,rand_st,none,0.05,97,0.97,14.0,542.3314458333333,0.07716964285714287,1.080375,93.65723793677205,209.0,82.284,96.0,0.0,1.0,0,0.0,1.0
24,rand_st,none,0.05,100,1.0,15.0,540.6071595959596,0.0705131313131313,1.0576969696969698,107.30048076923077,301.0,86.288,99.0,0.0,1.0,0,0.0,1.0
25,rand_st,none,0.05,99,0.99,14.0,537.7573306122449,0.07173760932944606,1.0043265306122449,85.7998324958124,207.0,86.576,98.0,0.0,1.0,0,0.0,1.0
26,rand_st,none,0.05,100,1.0,18.0,538.3567030303032,0.05654769921436588,1.0178585858585858,99.91582491582491,211.0,87.232,99.0,0.0,1.0,0,0.0,1.0
27,rand_st,none,0.05,100,1.0,16.0,539.4361333333333,0.06371969696969697,1.0195151515151515,98.01193317422434,206.0,85.068,99.0,0.0,1.0,0,0.0,1.0
28,rand_st,none,0.05,100,1.0,16.0,537.5411151515152,0.062035353535353534,0.9925656565656565,90.66666666666667,216.0,86.736,99.0,0.0,1.0,0,0.0,1.0
29,rand_st,none,0.05,100,1.0,14.0,539.3013777777778,0.0738152958152958,1.0334141414141416,114.32858340318525,206.0,86.692,99.0,0.0,1.0,0,0.0,1.0
30,rand_st,none,0.05,93,0.93,19.0,542.1271,0.05750343249427917,1.0925652173913043,93.34665508253693,215.0,80.484,92.0,0.0,1.0,0,0.0,1.0
31,rand_st,none,0.05,100,1.0,16.0,540.0170060606061,0.0650378787878788,1.0406060606060608,105.48321048321048,304.0,85.98,99.0,0.0,1.0,0,0.0,1.0
32,rand_st,none,0.05,100,1.0,19.0,539.2265454545455,0.054069112174375336,1.0273131313131314,78.68734491315136,207.0,86.296,99.0,0.0,1.0,0,0.0,1.0
33,rand_st,none,0.05,100,1.0,14.0,541.9023070707071,0.07663203463203465,1.072848484848485,156.0458265139116,304.0,84.788,99.0,0.0,1.0,0,0.0,1.0
34,rand_st,none,0.05,100,1.0,15.0,541.3497494949496,0.07075824915824916,1.0613737373737373,104.56136363636364,207.0,84.924,99.0,0.0,1.0,0,0.0,1.0
35,rand_st,none,0.05,100,1.0,22.0,534.0393535353537,0.04199081726354453,0.9237979797979797,57.98523379819524,205.0,87.544,99.0,0.0,1.0,0,0.0,1.0
36,rand_st,none,0.05,97,0.97,17.0,538.0032916666668,0.058892156862745106,1.0011666666666665,92.20874587458746,257.3000000000043,83.888,96.0,0.0,1.0,0,0.0,1.0
37,rand_st,none,0.05,96,0.96,15.0,541.3565894736843,0.07087157894736842,1.0630736842105264,153.85079631181895,302.0,82.008,95.0,0.0,1.0,0,0.0,1.0
38,rand_st,none,0.05,100,1.0,16.0,540.6076565656566,0.06604797979797979,1.0567676767676766,114.52053712480253,205.0,86.38,99.0,0.0,1.0,0,0.0,1.0
39,rand_st,none,0.05,100,1.0,15.0,538.3027232323233,0.06744781144781144,1.0117171717171716,104.87053941908714,212.0,86.84,99.0,0.0,1.0,0,0.0,1.0
40,rand_st,none,0.05,100,1.0,16.0,542.1288525252526,0.06737121212121212,1.077939393939394,144.3574297188755,305.0,85.284,99.0,0.0,1.0,0,0.0,1.0
41,rand_st,none,0.05,100,1.0,15.0,539.6891636363636,0.06912861952861953,1.0369292929292928,88.3751987281399,208.0,86.344,99.0,0.0,1.0,0,0.0,1.0
42,rand_st,none,0.05,100,1.0,15.0,539.8704929292929,0.0695030303030303,1.0425454545454544,147.41484716157206,304.5999999999999,86.788,99.0,0.0,1.0,0,0.0,1.0
43,rand_st,none,0.05,96,0.96,18.0,540.5423915789474,0.05801637426900584,1.0442947368421054,134.61234567901235,305.0,81.792,95.0,0.0,1.0,0,0.0,1.0
44,rand_st,none,0.05,100,1.0,16.0,538.1132686868688,0.06307575757575758,1.0092121212121212,87.19000819000819,207.0,87.088,99.0,0.0,1.0,0,0.0,1.0
45,rand_st,none,0.05,100,1.0,15.0,541.5122222222222,0.07148013468013469,1.0722020202020204,121.2676282051282,209.0,85.852,99.0,0.0,1.0,0,0.0,1.0
46,rand_st,none,0.05,99,0.99,16.0,539.568130612245,0.06503061224489796,1.0404897959183674,86.35744680851064,202.0,86.032,98.0,0.0,1.0,0,0.0,1.0
47,rand_st,none,0.05,100,1.0,17.0,536.4731353535354,0.05673915626856804,0.9645656565656566,106.68469991546915,208.0,86.508,99.0,0.0,1.0,0,0.0,1.0
48,rand_st,none,0.05,99,0.99,18.0,536.953742857143,0.05473242630385487,0.9851836734693877,88.59336099585062,204.0,86.452,98.0,0.0,1.0,0,0.0,1.0
49,rand_st,none,0.05,100,1.0,16.0,537.4019474747475,0.061914141414141415,0.9906262626262626,108.87489504617967,211.0,86.928,99.0,0.0,1.0,0,0.0,1.0
0,rand_st,none,0.1,99,0.99,19.0,547.4118163265307,0.05925886143931257,1.1259183673469388,114.82063683998388,303.0,76.66,98.0,0.0,1.0,0,0.0,1.0
1,rand_st,none,0.1,100,1.0,15.0,549.4523595959596,0.07679191919191918,1.151878787878788,133.5532456512516,304.0,75.964,99.0,0.0,1.0,0,0.0,1.0
2,rand_st,none,0.1,100,1.0,17.0,547.925482828283,0.06611289364230541,1.123919191919192,103.77011952191235,216.0,75.732,99.0,0.0,1.0,0,0.0,1.0
3,rand_st,none,0.1,99,0.99,16.0,546.6434122448981,0.06940306122448979,1.1104489795918366,104.04017857142857,212.0,76.176,98.0,0.0,1.0,0,0.0,1.0
4,rand_st,none,0.1,100,1.0,16.0,547.7881454545455,0.07057070707070708,1.1291313131313132,151.92196299275946,311.0,77.216,99.0,0.0,1.0,0,0.0,1.0
5,rand_st,none,0.1,97,0.97,17.0,546.91845,0.0651127450980392,1.1069166666666668,115.19338842975206,211.0,73.736,96.0,0.0,1.0,0,0.0,1.0
6,rand_st,none,0.1,100,1.0,19.0,548.9530303030303,0.06051887293992557,1.1498585858585861,114.7199036918138,218.0,76.164,99.0,0.0,1.0,0,0.0,1.0
7,rand_st,none,0.1,100,1.0,15.0,545.5217090909091,0.07241750841750841,1.0862626262626263,85.69718875502008,213.0,77.46,99.0,0.0,1.0,0,0.0,1.0
8,rand_st,none,0.1,100,1.0,21.0,543.9807595959596,0.050520442520442514,1.060929292929293,61.22902960526316,121.0,77.968,99.0,0.0,1.0,0,0.0,1.0
9,rand_st,none,0.1,100,1.0,18.0,544.9812202020203,0.060152637485970814,1.0827474747474748,81.02780082987552,210.0,78.808,99.0,0.0,1.0,0,0.0,1.0
10,rand_st,none,0.1,100,1.0,17.0,549.1184080808081,0.06774569221628045,1.1516767676767676,103.88385502471169,212.0,76.984,99.0,0.0,1.0,0,0.0,1.0
11,rand_st,none,0.1,100,1.0,19.0,547.0194828282829,0.05892185007974481,1.1195151515151516,111.08813972380179,302.0,77.168,99.0,0.0,1.0,0,0.0,1.0
12,rand_st,none,0.1,100,1.0,18.0,546.6855313131314,0.06163636363636364,1.1094545454545455,102.35088440970794,302.0,77.164,99.0,0.0,1.0,0,0.0,1.0
13,rand_st,none,0.1,100,1.0,15.0,547.359575757576,0.07416835016835018,1.1125252525252527,135.7763950220795,308.0,75.86,99.0,0.0,1.0,0,0.0,1.0
14,rand_st,none,0.1,100,1.0,17.0,546.7598666666667,0.06567557932263814,1.1164848484848484,84.58490566037736,206.0,77.468,99.0,0.0,1.0,0,0.0,1.0
15,rand_st,none,0.1,100,1.0,15.0,546.5531515151515,0.073613468013468,1.1042020202020204,98.53419668150546,214.0,76.684,99.0,0.0,1.0,0,0.0,1.0
16,rand_st,none,0.1,82,0.82,16.0,548.3312592592594,0.07167283950617284,1.1467654320987655,108.01423487544484,213.0,63.112,81.0,0.0,1.0,0,0.0,1.0
17,rand_st,none,0.1,97,0.97,20.0,547.0552375,0.055697916666666666,1.1139583333333334,107.77554438860972,303.0,74.06,96.0,0.0,1.0,0,0.0,1.0
18,rand_st,none,0.1,100,1.0,14.0,546.0653494949496,0.0784992784992785,1.0989898989898987,105.93990882718607,213.0,77.2,99.0,0.0,1.0,0,0.0,1.0
19,rand_st,none,0.1,100,1.0,16.0,547.4461656565657,0.07035353535353535,1.1256565656565656,111.56509584664536,208.0,76.56,99.0,0.0,1.0,0,0.0,1.0
20,rand_st,none,0.1,100,1.0,16.0,548.8317818181819,0.07143434343434345,1.1429494949494952,93.72011084718923,212.0,75.848,99.0,0.0,1.0,0,0.0,1.0
21,rand_st,none,0.1,100,1.0,15.0,549.746298989899,0.07736296296296297,1.1604444444444444,149.5215465163109,307.0,76.116,99.0,0.0,1.0,0,0.0,1.0
22,rand_st,none,0.1,97,0.97,15.0,547.5113583333334,0.07542222222222222,1.1313333333333335,96.64057239057239,210.0,75.392,96.0,0.0,1.0,0,0.0,1.0
23,rand_st,none,0.1,97,0.97,14.0,550.5258291666667,0.0839375,1.175125,94.11115754283327,209.0,73.188,96.0,0.0,1.0,0,0.0,1.0
24,rand_st,none,0.1,100,1.0,15.0,548.3388525252526,0.07654141414141412,1.148121212121212,107.91422845691383,301.0,77.336,99.0,0.0,1.0,0,0.0,1.0
25,rand_st,none,0.1,99,0.99,14.0,545.9735551020409,0.07868513119533527,1.101591836734694,87.24194206446349,207.0,77.044,98.0,0.0,1.0,0,0.0,1.0
26,rand_st,none,0.1,100,1.0,18.0,546.1853818181818,0.061741863075196406,1.1113535353535353,97.4902368093062,211.0,77.976,99.0,0.0,1.0,0,0.0,1.0
27,rand_st,none,0.1,100,1.0,16.0,547.5131111111111,0.06966414141414143,1.1146262626262629,98.40571428571428,206.0,75.652,99.0,0.0,1.0,0,0.0,1.0
28,rand_st,none,0.1,100,1.0,16.0,545.4520484848484,0.06792424242424244,1.086787878787879,89.21102040816326,216.0,77.408,99.0,0.0,1.0,0,0.0,1.0
29,rand_st,none,0.1,100,1.0,14.0,547.5835555555557,0.08083116883116884,1.1316363636363638,112.86262626262626,206.0,76.968,99.0,0.0,1.0,0,0.0,1.0
30,rand_st,none,0.1,93,0.93,19.0,549.7527260869565,0.06209839816933639,1.1798695652173914,93.74793568013907,215.0,72.452,92.0,0.0,1.0,0,0.0,1.0
31,rand_st,none,0.1,100,1.0,16.0,547.9603232323232,0.07084848484848484,1.1335757575757575,105.61881785283474,304.0,76.776,99.0,0.0,1.0,0,0.0,1.0
32,rand_st,none,0.1,100,1.0,19.0,547.4770343434343,0.05921531100478469,1.125090909090909,78.07604251839739,210.0,76.616,99.0,0.0,1.0,0,0.0,1.0
33,rand_st,none,0.1,100,1.0,14.0,550.2110626262627,0.08358441558441558,1.1701818181818184,154.24680675731355,304.0,75.152,99.0,0.0,1.0,0,0.0,1.0
34,rand_st,none,0.1,100,1.0,15.0,549.1356404040405,0.07682424242424243,1.1523636363636363,103.03616352201257,207.0,75.916,99.0,0.0,1.0,0,0.0,1.0
35,rand_st,none,0.1,100,1.0,22.0,541.8660808080808,0.04633057851239669,1.019272727272727,58.17635024549918,205.0,78.092,99.0,0.0,1.0,0,0.0,1.0
36,rand_st,none,0.1,97,0.97,17.0,545.255525,0.06398039215686274,1.0876666666666668,91.69623875715453,215.0,75.584,96.0,0.0,1.0,0,0.0,1.0
37,rand_st,none,0.1,96,0.96,15.0,549.8784547368422,0.07742035087719298,1.1613052631578948,153.53513513513514,302.0,72.676,95.0,0.0,1.0,0,0.0,1.0
38,rand_st,none,0.1,100,1.0,16.0,548.0760606060605,0.07147727272727272,1.1436363636363636,113.87669592976856,205.0,77.78,99.0,0.0,1.0,0,0.0,1.0
39,rand_st,none,0.1,100,1.0,15.0,546.5829252525253,0.0739878787878788,1.1098181818181818,104.35114503816794,212.0,77.128,99.0,0.0,1.0,0,0.0,1.0
40,rand_st,none,0.1,100,1.0,16.0,550.0163111111112,0.07301262626262627,1.1682020202020202,142.95194233079695,305.0,76.348,99.0,0.0,1.0,0,0.0,1.0
41,rand_st,none,0.1,100,1.0,15.0,547.2233212121213,0.07501683501683502,1.1252525252525252,88.438738374444,208.0,77.6,99.0,0.0,1.0,0,0.0,1.0
42,rand_st,none,0.1,100,1.0,15.0,547.6160121212122,0.07545589225589225,1.1318383838383839,146.19726144629868,303.0,77.948,99.0,0.0,1.0,0,0.0,1.0
43,rand_st,none,0.1,96,0.96,18.0,548.0101221052631,0.06283976608187135,1.1311157894736843,134.72555464256368,305.0,73.544,95.0,0.0,1.0,0,0.0,1.0
44,rand_st,none,0.1,100,1.0,16.0,545.5502464646464,0.06857575757575757,1.097212121212121,84.49589490968802,207.0,78.376,99.0,0.0,1.0,0,0.0,1.0
45,rand_st,none,0.1,100,1.0,15.0,549.9876404040405,0.07801481481481481,1.1702222222222225,122.04211362733413,209.0,76.148,99.0,0.0,1.0,0,0.0,1.0
46,rand_st,none,0.1,99,0.99,16.0,547.3250367346939,0.07073469387755102,1.1317551020408163,85.66170845728857,202.0,77.088,98.0,0.0,1.0,0,0.0,1.0
47,rand_st,none,0.1,100,1.0,17.0,544.6191797979799,0.06243850267379679,1.0614545454545454,106.33098591549296,208.0,76.916,99.0,0.0,1.0,0,0.0,1.0
48,rand_st,none,0.1,99,0.99,18.0,544.3534775510204,0.059605442176870756,1.0728979591836734,88.3522198731501,204.0,77.856,98.0,0.0,1.0,0,0.0,1.0
49,rand_st,none,0.1,100,1.0,16.0,545.395094949495,0.06783333333333333,1.0853333333333333,108.61873990306947,211.0,77.552,99.0,0.0,1.0,0,0.0,1.0
0,rand_st,none,0.15,99,0.99,19.0,553.5589020408164,0.06298818474758323,1.1967755102040818,113.24898730758844,303.0,69.716,98.0,0.0,1.0,0,0.0,1.0
1,rand_st,none,0.15,100,1.0,15.0,556.2221131313132,0.08198518518518517,1.2297777777777779,131.36134918440698,304.0,68.252,99.0,0.0,1.0,0,0.0,1.0
2,rand_st,none,0.15,100,1.0,17.0,554.5566101010102,0.07065715983363043,1.2011717171717171,104.64657020364416,216.0,68.084,99.0,0.0,1.0,0,0.0,1.0
3,rand_st,none,0.15,99,0.99,16.0,553.2349795918368,0.07419897959183673,1.1871836734693877,104.94468546637744,212.0,68.656,98.0,0.0,1.0,0,0.0,1.0
4,rand_st,none,0.15,100,1.0,16.0,554.3612202020203,0.07526262626262627,1.2042020202020203,152.94234379190132,311.0,69.784,99.0,0.0,1.0,0,0.0,1.0
5,rand_st,none,0.15,97,0.97,17.0,553.3402458333335,0.06952205882352941,1.181875,117.21535893155259,211.0,66.54,96.0,0.0,1.0,0,0.0,1.0
6,rand_st,none,0.15,100,1.0,19.0,555.3848646464648,0.06443381180223286,1.2242424242424244,113.27033492822966,218.0,68.8,99.0,0.0,1.0,0,0.0,1.0
7,rand_st,none,0.15,100,1.0,15.0,551.4755393939396,0.07703703703703704,1.1555555555555557,87.74377705627705,213.0,70.6,99.0,0.0,1.0,0,0.0,1.0
8,rand_st,none,0.15,100,1.0,21.0,550.7204848484848,0.05431072631072631,1.1405252525252527,61.048313090418354,121.0,70.088,99.0,0.0,1.0,0,0.0,1.0
9,rand_st,none,0.15,100,1.0,18.0,551.2429373737375,0.06418181818181819,1.1552727272727272,80.05295259218187,210.0,71.628,99.0,0.0,1.0,0,0.0,1.0
10,rand_st,none,0.15,100,1.0,17.0,555.5049616161617,0.07201426024955437,1.2242424242424244,104.63124656781989,212.0,69.8,99.0,0.0,1.0,0,0.0,1.0
11,rand_st,none,0.15,100,1.0,19.0,553.4847434343435,0.06289420520999468,1.1949898989898988,110.62786310967394,302.0,69.696,99.0,0.0,1.0,0,0.0,1.0
12,rand_st,none,0.15,100,1.0,18.0,553.3793171717172,0.06595510662177329,1.1871919191919191,102.97255113024758,302.0,69.468,99.0,0.0,1.0,0,0.0,1.0
13,rand_st,none,0.15,100,1.0,15.0,553.3133656565658,0.07877171717171717,1.1815757575757577,135.441200324412,308.0,69.024,99.0,0.0,1.0,0,0.0,1.0
14,rand_st,none,0.15,100,1.0,17.0,553.1689131313132,0.07006060606060606,1.191030303030303,84.397673188789,206.0,70.088,99.0,0.0,1.0,0,0.0,1.0
15,rand_st,none,0.15,100,1.0,15.0,553.3743717171717,0.07892525252525252,1.183878787878788,98.38591400685834,214.0,68.796,99.0,0.0,1.0,0,0.0,1.0
16,rand_st,none,0.15,82,0.82,16.0,554.771501234568,0.07632407407407407,1.2211851851851852,109.17560813062313,213.0,57.084,81.0,0.0,1.0,0,0.0,1.0
17,rand_st,none,0.15,97,0.97,20.0,553.8138041666667,0.059643749999999995,1.192875,107.7718309859155,303.0,66.484,96.0,0.0,1.0,0,0.0,1.0
18,rand_st,none,0.15,100,1.0,14.0,552.9617010101011,0.08426262626262628,1.1796767676767677,106.08427876823339,213.0,69.212,99.0,0.0,1.0,0,0.0,1.0
19,rand_st,none,0.15,100,1.0,16.0,553.8604202020204,0.07501010101010101,1.2001616161616162,111.72002141327623,208.0,69.184,99.0,0.0,1.0,0,0.0,1.0
20,rand_st,none,0.15,100,1.0,16.0,554.9941818181819,0.07587878787878788,1.214060606060606,93.13830072366657,212.0,68.808,99.0,0.0,1.0,0,0.0,1.0
21,rand_st,none,0.15,100,1.0,15.0,556.116888888889,0.082203367003367,1.233050505050505,151.73694130317716,307.0,68.928,99.0,0.0,1.0,0,0.0,1.0
22,rand_st,none,0.15,97,0.97,15.0,553.8491083333334,0.08027777777777777,1.2041666666666668,97.70583286595625,210.0,68.4,96.0,0.0,1.0,0,0.0,1.0
23,rand_st,none,0.15,97,0.97,14.0,556.908975,0.08914880952380952,1.2480833333333332,93.01825329963494,209.0,66.184,96.0,0.0,1.0,0,0.0,1.0
24,rand_st,none,0.15,100,1.0,15.0,554.4623393939395,0.08123097643097643,1.2184646464646467,107.65772357723577,301.0,70.372,99.0,0.0,1.0,0,0.0,1.0
25,rand_st,none,0.15,99,0.99,14.0,552.4609020408163,0.08409037900874636,1.177265306122449,87.70795734208367,207.0,69.628,98.0,0.0,1.0,0,0.0,1.0
26,rand_st,none,0.15,100,1.0,18.0,552.7888727272727,0.06605611672278339,1.1890101010101009,98.20292252550317,211.0,70.288,99.0,0.0,1.0,0,0.0,1.0
27,rand_st,none,0.15,100,1.0,16.0,554.2869373737374,0.07459343434343434,1.1934949494949494,98.05672609400324,206.0,67.844,99.0,0.0,1.0,0,0.0,1.0
28,rand_st,none,0.15,100,1.0,16.0,551.8468282828283,0.07261111111111111,1.1617777777777778,90.67196337193644,216.0,69.984,99.0,0.0,1.0,0,0.0,1.0
29,rand_st,none,0.15,100,1.0,14.0,554.4971474747475,0.08658008658008658,1.212121212121212,112.16076150185087,206.0,69.0,99.0,0.0,1.0,0,0.0,1.0
30,rand_st,none,0.15,93,0.93,19.0,556.1198565217393,0.06588787185354691,1.2518695652173912,94.43663194444444,215.0,65.828,92.0,0.0,1.0,0,0.0,1.0
31,rand_st,none,0.15,100,1.0,16.0,554.2373858585859,0.07539141414141415,1.2062626262626264,105.81700054141852,304.0,69.58,99.0,0.0,1.0,0,0.0,1.0
32,rand_st,none,0.15,100,1.0,19.0,554.1506464646466,0.06331738437001594,1.203030303030303,77.833737537052,210.0,68.9,99.0,0.0,1.0,0,0.0,1.0
33,rand_st,none,0.15,100,1.0,14.0,556.9325252525254,0.08912554112554114,1.2477575757575758,155.1506663040522,304.0,67.472,99.0,0.0,1.0,0,0.0,1.0
34,rand_st,none,0.15,100,1.0,15.0,555.3809535353536,0.08161616161616161,1.2242424242424241,102.7398828541001,207.0,68.8,99.0,0.0,1.0,0,0.0,1.0
35,rand_st,none,0.15,100,1.0,22.0,548.7027717171718,0.05008264462809917,1.1018181818181818,58.42880258899677,205.0,69.92,99.0,0.0,1.0,0,0.0,1.0
36,rand_st,none,0.15,97,0.97,17.0,551.1846666666668,0.06806372549019608,1.1570833333333335,92.61334056399133,309.0,68.92,96.0,0.0,1.0,0,0.0,1.0
37,rand_st,none,0.15,96,0.96,15.0,556.2863073684213,0.08232421052631579,1.2348631578947369,153.1111426947129,302.0,65.688,95.0,0.0,1.0,0,0.0,1.0
38,rand_st,none,0.15,100,1.0,16.0,554.2958505050505,0.07593181818181818,1.214909090909091,113.79147802929427,205.0,70.724,99.0,0.0,1.0,0,0.0,1.0
39,rand_st,none,0.15,100,1.0,15.0,553.3934101010102,0.0793077441077441,1.1896161616161616,103.24926686217009,212.0,69.228,99.0,0.0,1.0,0,0.0,1.0
40,rand_st,none,0.15,100,1.0,16.0,556.566496969697,0.07767676767676766,1.2428282828282826,142.60671140939598,206.0,68.96,99.0,0.0,1.0,0,0.0,1.0
41,rand_st,none,0.15,100,1.0,15.0,553.2217696969698,0.07962289562289561,1.1943434343434345,88.24639651890128,208.0,70.76,99.0,0.0,1.0,0,0.0,1.0
42,rand_st,none,0.15,100,1.0,15.0,554.1708080808081,0.08044983164983165,1.206747474747475,147.27354260089686,303.0,70.532,99.0,0.0,1.0,0,0.0,1.0
43,rand_st,none,0.15,96,0.96,18.0,553.8905642105263,0.06660818713450292,1.1989473684210525,133.77623156136934,305.0,67.1,95.0,0.0,1.0,0,0.0,1.0
44,rand_st,none,0.15,100,1.0,16.0,552.1016727272729,0.07333838383838383,1.1734141414141412,84.52122514777001,207.0,70.832,99.0,0.0,1.0,0,0.0,1.0
45,rand_st,none,0.15,100,1.0,15.0,556.2295797979799,0.08276094276094277,1.2414141414141413,121.73075891659963,209.0,69.1,99.0,0.0,1.0,0,0.0,1.0
46,rand_st,none,0.15,99,0.99,16.0,554.1059142857143,0.07565051020408163,1.210408163265306,86.44516310461192,202.0,69.38,98.0,0.0,1.0,0,0.0,1.0
47,rand_st,none,0.15,100,1.0,17.0,550.9297090909091,0.0667926322043969,1.1354747474747473,105.92131500943142,208.0,69.588,99.0,0.0,1.0,0,0.0,1.0
48,rand_st,none,0.15,99,0.99,18.0,550.9741959183675,0.06392743764172336,1.1506938775510203,88.6555212138241,204.0,70.232,98.0,0.0,1.0,0,0.0,1.0
49,rand_st,none,0.15,100,1.0,16.0,551.2963838383839,0.07213888888888889,1.1542222222222223,109.77908568300028,211.0,70.732,99.0,0.0,1.0,0,0.0,1.0
0,rand_st,none,0.2,99,0.99,19.0,559.3516163265307,0.06647905477980666,1.2631020408163263,112.57752173034162,212.0,63.216,98.0,0.0,1.0,0,0.0,1.0
1,rand_st,none,0.2,100,1.0,15.0,562.1486626262628,0.0865131313131313,1.2976969696969698,131.12056883759274,304.0,61.528,99.0,0.0,1.0,0,0.0,1.0
2,rand_st,none,0.2,100,1.0,17.0,560.1034747474748,0.07442899584076056,1.2652929292929294,105.14199395770393,216.0,61.736,99.0,0.0,1.0,0,0.0,1.0
3,rand_st,none,0.2,99,0.99,16.0,558.5939795918368,0.07806377551020409,1.2490204081632654,105.309985705534,212.0,62.596,98.0,0.0,1.0,0,0.0,1.0
4,rand_st,none,0.2,100,1.0,16.0,559.7521535353536,0.07909595959595958,1.2655353535353533,153.51703972575115,311.0,63.712,99.0,0.0,1.0,0,0.0,1.0
5,rand_st,none,0.2,97,0.97,17.0,558.6678083333334,0.07315196078431371,1.2435833333333333,116.75982349233033,211.0,60.616,96.0,0.0,1.0,0,0.0,1.0
6,rand_st,none,0.2,100,1.0,19.0,560.7402787878788,0.06766400850611377,1.2856161616161617,113.69473894778956,218.0,62.724,99.0,0.0,1.0,0,0.0,1.0
7,rand_st,none,0.2,100,1.0,15.0,556.8558787878789,0.08119057239057238,1.217858585858586,87.48823051948052,213.0,64.432,99.0,0.0,1.0,0,0.0,1.0
8,rand_st,none,0.2,100,1.0,21.0,556.5640444444446,0.057579605579605585,1.2091717171717173,60.97778226620885,121.0,63.292,99.0,0.0,1.0,0,0.0,1.0
9,rand_st,none,0.2,100,1.0,18.0,557.0308,0.06789898989898989,1.2221818181818183,81.53019447287615,210.0,65.004,99.0,0.0,1.0,0,0.0,1.0
10,rand_st,none,0.2,100,1.0,17.0,561.1055434343435,0.07576470588235293,1.288,103.78823050295256,212.0,63.488,99.0,0.0,1.0,0,0.0,1.0
11,rand_st,none,0.2,100,1.0,19.0,559.1279919191919,0.06634343434343436,1.2605252525252526,110.37581300813008,302.0,63.208,99.0,0.0,1.0,0,0.0,1.0
12,rand_st,none,0.2,100,1.0,18.0,558.9803797979798,0.06954882154882155,1.251878787878788,102.73399800598206,302.0,63.064,99.0,0.0,1.0,0,0.0,1.0
13,rand_st,none,0.2,100,1.0,15.0,558.7844606060606,0.0829845117845118,1.2447676767676767,133.85714285714286,308.0,62.768,99.0,0.0,1.0,0,0.0,1.0
14,rand_st,none,0.2,100,1.0,17.0,558.5426666666667,0.07370172311348781,1.2529292929292928,84.17718737514981,203.0,63.96,99.0,0.0,1.0,0,0.0,1.0
15,rand_st,none,0.2,100,1.0,15.0,559.117494949495,0.08335084175084176,1.2502626262626264,97.0459587955626,214.0,62.224,99.0,0.0,1.0,0,0.0,1.0
16,rand_st,none,0.2,82,0.82,16.0,560.2473777777778,0.08024691358024691,1.2839506172839505,109.61854899027674,213.0,52.0,81.0,0.0,1.0,0,0.0,1.0
17,rand_st,none,0.2,97,0.97,20.0,559.7394875,0.06308541666666667,1.2617083333333334,107.82111251580278,303.0,59.876,96.0,0.0,1.0,0,0.0,1.0
18,rand_st,none,0.2,100,1.0,14.0,558.4691151515152,0.08883694083694084,1.2437171717171718,105.81594967532467,213.0,62.872,99.0,0.0,1.0,0,0.0,1.0
19,rand_st,none,0.2,100,1.0,16.0,559.8837333333333,0.07936363636363636,1.2698181818181817,112.18774860779634,208.0,62.288,99.0,0.0,1.0,0,0.0,1.0
20,rand_st,none,0.2,100,1.0,16.0,560.2970141414141,0.07967424242424243,1.2747878787878788,92.96341956345998,212.0,62.796,99.0,0.0,1.0,0,0.0,1.0
21,rand_st,none,0.2,100,1.0,15.0,561.4634222222222,0.08626262626262628,1.293939393939394,152.42248687928947,307.0,62.9,99.0,0.0,1.0,0,0.0,1.0
22,rand_st,none,0.2,97,0.97,15.0,559.0542875000001,0.08424166666666667,1.263625,97.4850730467923,210.0,62.692,96.0,0.0,1.0,0,0.0,1.0
23,rand_st,none,0.2,97,0.97,14.0,562.9068041666668,0.09401488095238096,1.3162083333333334,93.4063214805573,209.0,59.644,96.0,0.0,1.0,0,0.0,1.0
24,rand_st,none,0.2,100,1.0,15.0,560.2415393939395,0.08561616161616162,1.2842424242424242,106.75877369907221,301.0,63.86,99.0,0.0,1.0,0,0.0,1.0
25,rand_st,none,0.2,99,0.99,14.0,557.852236734694,0.08853644314868805,1.2395102040816328,88.49396587598835,207.0,63.528,98.0,0.0,1.0,0,0.0,1.0
26,rand_st,none,0.2,100,1.0,18.0,558.6055111111111,0.06980471380471381,1.2564848484848485,98.42055498458376,211.0,63.608,99.0,0.0,1.0,0,0.0,1.0
27,rand_st,none,0.2,100,1.0,16.0,559.5379474747475,0.07838888888888888,1.2542222222222221,98.39772727272727,206.0,61.832,99.0,0.0,1.0,0,0.0,1.0
28,rand_st,none,0.2,100,1.0,16.0,557.2650626262626,0.07653787878787878,1.2246060606060605,91.12864077669903,216.0,63.764,99.0,0.0,1.0,0,0.0,1.0
29,rand_st,none,0.2,100,1.0,14.0,559.8898585858587,0.09102453102453104,1.2743434343434343,111.89314516129032,206.0,62.84,99.0,0.0,1.0,0,0.0,1.0
30,rand_st,none,0.2,93,0.93,19.0,561.7799739130435,0.06924942791762012,1.3157391304347825,93.5446505608283,215.0,59.952,92.0,0.0,1.0,0,0.0,1.0
31,rand_st,none,0.2,100,1.0,16.0,559.8335191919192,0.07941919191919193,1.270707070707071,107.12822061191626,304.0,63.2,99.0,0.0,1.0,0,0.0,1.0
32,rand_st,none,0.2,100,1.0,19.0,559.7875878787879,0.0667304625199362,1.267878787878788,77.42055700260468,210.0,62.48,99.0,0.0,1.0,0,0.0,1.0
33,rand_st,none,0.2,100,1.0,14.0,562.5250060606061,0.0936998556998557,1.3117979797979797,155.0862777321282,304.0,61.132,99.0,0.0,1.0,0,0.0,1.0
34,rand_st,none,0.2,100,1.0,15.0,560.9681454545455,0.08585589225589225,1.2878383838383838,102.33319991995197,207.0,62.504,99.0,0.0,1.0,0,0.0,1.0
35,rand_st,none,0.2,100,1.0,22.0,554.5605616161616,0.053261707988980715,1.171757575757576,59.103587263200325,205.0,62.996,99.0,0.0,1.0,0,0.0,1.0
36,rand_st,none,0.2,97,0.97,17.0,556.4641166666667,0.07167647058823529,1.2185,92.58710976837865,309.0,63.024,96.0,0.0,1.0,0,0.0,1.0
37,rand_st,none,0.2,96,0.96,15.0,562.428665263158,0.08700070175438596,1.3050105263157894,153.22335979941496,302.0,59.024,95.0,0.0,1.0,0,0.0,1.0
38,rand_st,none,0.2,100,1.0,16.0,559.742,0.07981565656565655,1.2770505050505048,114.49919903884661,205.0,64.572,99.0,0.0,1.0,0,0.0,1.0
39,rand_st,none,0.2,100,1.0,15.0,559.0301131313131,0.08366599326599326,1.2549898989898989,103.46080999395527,212.0,62.756,99.0,0.0,1.0,0,0.0,1.0
40,rand_st,none,0.2,100,1.0,16.0,562.1187474747475,0.08162626262626263,1.306020202020202,142.3613241824788,305.0,62.704,99.0,0.0,1.0,0,0.0,1.0
41,rand_st,none,0.2,100,1.0,15.0,558.3646222222224,0.08356094276094277,1.2534141414141413,88.05592978158808,208.0,64.912,99.0,0.0,1.0,0,0.0,1.0
42,rand_st,none,0.2,100,1.0,15.0,559.8409535353536,0.08475690235690236,1.2713535353535352,147.23885283650827,303.0,64.136,99.0,0.0,1.0,0,0.0,1.0
43,rand_st,none,0.2,96,0.96,18.0,558.7820421052633,0.06972865497076024,1.2551157894736844,132.5076825931383,305.0,61.764,95.0,0.0,1.0,0,0.0,1.0
44,rand_st,none,0.2,100,1.0,16.0,557.8480686868686,0.07749242424242425,1.239878787878788,85.45692959451281,207.0,64.252,99.0,0.0,1.0,0,0.0,1.0
45,rand_st,none,0.2,100,1.0,15.0,561.8640848484849,0.08702222222222222,1.3053333333333332,122.13682533359888,209.0,62.772,99.0,0.0,1.0,0,0.0,1.0
46,rand_st,none,0.2,99,0.99,16.0,559.7683836734694,0.07972448979591837,1.275591836734694,85.68541930046355,202.0,62.992,98.0,0.0,1.0,0,0.0,1.0
47,rand_st,none,0.2,100,1.0,17.0,555.8990343434344,0.07021984551396317,1.1937373737373738,105.04250559284117,208.0,63.82,99.0,0.0,1.0,0,0.0,1.0
48,rand_st,none,0.2,99,0.99,18.0,556.6559591836735,0.06761451247165533,1.2170612244897958,87.85401002506266,204.0,63.728,98.0,0.0,1.0,0,0.0,1.0
49,rand_st,none,0.2,100,1.0,16.0,556.4808444444444,0.07591161616161617,1.2145858585858587,109.3125642607444,211.0,64.756,99.0,0.0,1.0,0,0.0,1.0
0,rand_st,none,0.3,99,0.99,19.0,568.674730612245,0.07210096670247046,1.3699183673469388,112.6696065128901,212.0,52.748,98.0,0.0,1.0,0,0.0,1.0
1,rand_st,none,0.3,100,1.0,15.0,571.6493131313132,0.09377777777777777,1.4066666666666665,131.87090191810637,304.0,50.74,99.0,0.0,1.0,0,0.0,1.0
2,rand_st,none,0.3,100,1.0,17.0,569.4399757575758,0.0807653000594177,1.373010101010101,105.96467574491034,301.0,51.072,99.0,0.0,1.0,0,0.0,1.0
3,rand_st,none,0.3,99,0.99,16.0,567.5977387755104,0.0845,1.352,104.35395938394439,212.0,52.504,98.0,0.0,1.0,0,0.0,1.0
4,rand_st,none,0.3,100,1.0,16.0,568.7524888888888,0.08553282828282828,1.3685252525252525,152.66264079250917,311.0,53.516,99.0,0.0,1.0,0,0.0,1.0
5,rand_st,none,0.3,97,0.97,17.0,567.9522041666669,0.07943872549019608,1.3504583333333335,115.62963988919668,211.0,50.356,96.0,0.0,1.0,0,0.0,1.0
6,rand_st,none,0.3,100,1.0,19.0,570.27578989899,0.07339500265816055,1.3945050505050502,113.79717107018948,218.0,51.944,99.0,0.0,1.0,0,0.0,1.0
7,rand_st,none,0.3,100,1.0,15.0,565.8071272727275,0.08810774410774411,1.3216161616161617,86.2854048199296,213.0,54.16,99.0,0.0,1.0,0,0.0,1.0
8,rand_st,none,0.3,100,1.0,21.0,566.8519070707071,0.06326310726310727,1.3285252525252527,61.16595801222429,121.0,51.476,99.0,0.0,1.0,0,0.0,1.0
9,rand_st,none,0.3,100,1.0,18.0,566.6275959595961,0.07406060606060606,1.333090909090909,81.23040347778834,210.0,54.024,99.0,0.0,1.0,0,0.0,1.0
10,rand_st,none,0.3,100,1.0,17.0,570.2994626262627,0.08193226381461675,1.392848484848485,103.58763026119908,212.0,53.108,99.0,0.0,1.0,0,0.0,1.0
11,rand_st,none,0.3,100,1.0,19.0,568.9239191919193,0.07228070175438597,1.3733333333333335,111.27706792199058,302.0,52.04,99.0,0.0,1.0,0,0.0,1.0
12,rand_st,none,0.3,100,1.0,18.0,568.4065979797981,0.07556228956228955,1.360121212121212,103.00937665081881,302.0,52.348,99.0,0.0,1.0,0,0.0,1.0
13,rand_st,none,0.3,100,1.0,15.0,567.8171636363637,0.08989090909090909,1.3483636363636362,134.1957585644372,308.0,52.512,99.0,0.0,1.0,0,0.0,1.0
14,rand_st,none,0.3,100,1.0,17.0,568.1914828282829,0.08018062982768866,1.363070707070707,84.96240900066181,206.0,53.056,99.0,0.0,1.0,0,0.0,1.0
15,rand_st,none,0.3,100,1.0,15.0,568.8305090909091,0.09082020202020202,1.3623030303030301,96.61516073554704,214.0,51.132,99.0,0.0,1.0,0,0.0,1.0
16,rand_st,none,0.3,82,0.82,16.0,569.7338271604939,0.08698765432098765,1.3918024691358024,109.80059474640674,213.0,43.264,81.0,0.0,1.0,0,0.0,1.0
17,rand_st,none,0.3,97,0.97,20.0,569.1891916666667,0.06851249999999999,1.37025,108.18603351955308,303.0,49.456,96.0,0.0,1.0,0,0.0,1.0
18,rand_st,none,0.3,100,1.0,14.0,567.464981818182,0.09623376623376623,1.347272727272727,105.17197278911564,209.0,52.62,99.0,0.0,1.0,0,0.0,1.0
19,rand_st,none,0.3,100,1.0,16.0,569.1893818181818,0.0860151515151515,1.376242424242424,112.23200318175792,208.0,51.752,99.0,0.0,1.0,0,0.0,1.0
20,rand_st,none,0.3,100,1.0,16.0,569.3189212121213,0.08613383838383838,1.3781414141414141,92.34169025475131,212.0,52.564,99.0,0.0,1.0,0,0.0,1.0
21,rand_st,none,0.3,100,1.0,15.0,570.7716040404041,0.09332794612794612,1.399919191919192,153.51375654274594,307.0,52.408,99.0,0.0,1.0,0,0.0,1.0
22,rand_st,none,0.3,97,0.97,15.0,568.4203791666666,0.091375,1.370625,97.50997751545812,210.0,52.42,96.0,0.0,1.0,0,0.0,1.0
23,rand_st,none,0.3,97,0.97,14.0,572.4229333333334,0.1017142857142857,1.424,93.75449352096976,209.0,49.296,96.0,0.0,1.0,0,0.0,1.0
24,rand_st,none,0.3,100,1.0,15.0,569.695591919192,0.09275420875420874,1.3913131313131313,106.91891525423729,301.0,53.26,99.0,0.0,1.0,0,0.0,1.0
25,rand_st,none,0.3,99,0.99,14.0,567.4297346938777,0.09639358600583091,1.3495102040816327,88.3209398756047,207.0,52.748,98.0,0.0,1.0,0,0.0,1.0
26,rand_st,none,0.3,100,1.0,18.0,568.6070949494949,0.07617957351290684,1.3712323232323231,99.97201086956522,211.0,52.248,99.0,0.0,1.0,0,0.0,1.0
27,rand_st,none,0.3,100,1.0,16.0,568.7721979797981,0.0850328282828283,1.3605252525252527,99.50196237650562,206.0,51.308,99.0,0.0,1.0,0,0.0,1.0
28,rand_st,none,0.3,100,1.0,16.0,566.5052202020203,0.08319696969696969,1.331151515151515,91.97736405036164,216.0,53.216,99.0,0.0,1.0,0,0.0,1.0
29,rand_st,none,0.3,100,1.0,14.0,569.8629252525253,0.09915151515151516,1.388121212121212,113.62889784946236,206.0,51.576,99.0,0.0,1.0,0,0.0,1.0
30,rand_st,none,0.3,93,0.93,19.0,571.207947826087,0.07483295194508008,1.4218260869565218,93.4560669456067,215.0,50.192,92.0,0.0,1.0,0,0.0,1.0
31,rand_st,none,0.3,100,1.0,16.0,569.3632040404041,0.08623989898989899,1.3798383838383839,108.13261217948718,304.0,52.396,99.0,0.0,1.0,0,0.0,1.0
32,rand_st,none,0.3,100,1.0,19.0,569.0524686868688,0.07232323232323233,1.374141414141414,77.0154507591025,207.0,51.96,99.0,0.0,1.0,0,0.0,1.0
33,rand_st,none,0.3,100,1.0,14.0,571.7707676767678,0.1011976911976912,1.416767676767677,155.11406271395316,304.0,50.74,99.0,0.0,1.0,0,0.0,1.0
34,rand_st,none,0.3,100,1.0,15.0,570.4889090909091,0.09308282828282827,1.3962424242424243,100.93943024494143,207.0,51.772,99.0,0.0,1.0,0,0.0,1.0
35,rand_st,none,0.3,100,1.0,22.0,564.3024565656566,0.058497704315886134,1.286949494949495,59.66274509803922,205.0,51.592,99.0,0.0,1.0,0,0.0,1.0
36,rand_st,none,0.3,97,0.97,17.0,565.2916875,0.07770833333333332,1.3210416666666667,91.06178024657905,309.0,53.18,96.0,0.0,1.0,0,0.0,1.0
37,rand_st,none,0.3,96,0.96,15.0,572.8230021052632,0.09490245614035088,1.4235368421052632,153.46473429951692,302.0,47.764,95.0,0.0,1.0,0,0.0,1.0
38,rand_st,none,0.3,100,1.0,16.0,568.8271636363636,0.08628535353535353,1.3805656565656566,114.10153929246557,205.0,54.324,99.0,0.0,1.0,0,0.0,1.0
39,rand_st,none,0.3,100,1.0,15.0,568.5021292929293,0.09094949494949495,1.3642424242424243,103.13179128563743,212.0,51.94,99.0,0.0,1.0,0,0.0,1.0
40,rand_st,none,0.3,100,1.0,16.0,571.5735191919192,0.08834343434343435,1.4134949494949496,141.39922116288437,305.0,52.064,99.0,0.0,1.0,0,0.0,1.0
41,rand_st,none,0.3,100,1.0,15.0,567.702896969697,0.09066936026936027,1.360040404040404,89.11300351446337,208.0,54.356,99.0,0.0,1.0,0,0.0,1.0
42,rand_st,none,0.3,100,1.0,15.0,569.2778464646465,0.09194074074074074,1.3791111111111112,146.09443298969072,303.0,53.468,99.0,0.0,1.0,0,0.0,1.0
43,rand_st,none,0.3,96,0.96,18.0,567.6815284210527,0.07538947368421053,1.3570105263157892,131.5850900460701,305.0,52.084,95.0,0.0,1.0,0,0.0,1.0
44,rand_st,none,0.3,100,1.0,16.0,567.1642343434344,0.08417676767676767,1.3468282828282827,86.35120172832838,207.0,53.664,99.0,0.0,1.0,0,0.0,1.0
45,rand_st,none,0.3,100,1.0,15.0,571.3664686868688,0.0941979797979798,1.4129696969696968,121.83650793650794,209.0,52.116,99.0,0.0,1.0,0,0.0,1.0
46,rand_st,none,0.3,99,0.99,16.0,569.4348612244899,0.08663010204081632,1.3860816326530612,85.33218279718349,202.0,52.164,98.0,0.0,1.0,0,0.0,1.0
47,rand_st,none,0.3,100,1.0,17.0,564.7710424242425,0.07630897207367796,1.297252525252525,104.90997566909975,208.0,53.572,99.0,0.0,1.0,0,0.0,1.0
48,rand_st,none,0.3,99,0.99,18.0,566.2858122448979,0.07383673469387754,1.329061224489796,86.55934081152195,204.0,52.752,98.0,0.0,1.0,0,0.0,1.0
49,rand_st,none,0.3,100,1.0,16.0,565.9140080808082,0.08271464646464646,1.3234343434343434,109.06425485961122,211.0,53.98,99.0,0.0,1.0,0,0.0,1.0
0,rand_st,none,0.4,99,0.99,19.0,577.1305142857144,0.07717722878625133,1.4663673469387755,113.7766744350998,212.0,43.296,98.0,0.0,1.0,0,0.0,1.0
1,rand_st,none,0.4,100,1.0,15.0,579.8182585858586,0.10001077441077441,1.5001616161616163,132.55073200488005,304.0,41.484,99.0,0.0,1.0,0,0.0,1.0
2,rand_st,none,0.4,100,1.0,17.0,577.5087474747475,0.08622459893048127,1.4658181818181817,106.2321965897693,301.0,41.884,99.0,0.0,1.0,0,0.0,1.0
3,rand_st,none,0.4,99,0.99,16.0,575.758318367347,0.09033163265306124,1.4453061224489798,103.71720265441552,212.0,43.36,98.0,0.0,1.0,0,0.0,1.0
4,rand_st,none,0.4,100,1.0,16.0,576.8714666666668,0.09133838383838383,1.4614141414141413,153.003664495114,311.0,44.32,99.0,0.0,1.0,0,0.0,1.0
5,rand_st,none,0.4,97,0.97,17.0,575.751825,0.0847156862745098,1.4401666666666666,115.23958874234084,211.0,41.744,96.0,0.0,1.0,0,0.0,1.0
6,rand_st,none,0.4,100,1.0,19.0,578.1474828282829,0.07810738968633706,1.4840404040404038,113.69364453874911,308.0,43.08,99.0,0.0,1.0,0,0.0,1.0
7,rand_st,none,0.4,100,1.0,15.0,573.8515151515152,0.09431919191919193,1.4147878787878787,85.45623342175067,213.0,44.936,99.0,0.0,1.0,0,0.0,1.0
8,rand_st,none,0.4,100,1.0,21.0,574.7343797979798,0.06762674362674362,1.4201616161616162,60.60880024055327,121.0,42.404,99.0,0.0,1.0,0,0.0,1.0
9,rand_st,none,0.4,100,1.0,18.0,575.2055232323233,0.07956228956228958,1.432121212121212,80.65520389531345,210.0,44.22,99.0,0.0,1.0,0,0.0,1.0
10,rand_st,none,0.4,100,1.0,17.0,578.4850303030304,0.08743196672608437,1.4863434343434343,104.08987405541562,212.0,43.852,99.0,0.0,1.0,0,0.0,1.0
11,rand_st,none,0.4,100,1.0,19.0,577.1546060606062,0.07724614566719831,1.4676767676767677,110.91901655795283,302.0,42.7,99.0,0.0,1.0,0,0.0,1.0
12,rand_st,none,0.4,100,1.0,18.0,576.3022787878788,0.08060157126823793,1.4508282828282828,103.409934171155,302.0,43.368,99.0,0.0,1.0,0,0.0,1.0
13,rand_st,none,0.4,100,1.0,15.0,575.8506545454546,0.09604579124579125,1.4406868686868688,135.07322794492606,308.0,43.372,99.0,0.0,1.0,0,0.0,1.0
14,rand_st,none,0.4,100,1.0,17.0,576.6323555555556,0.08583244206773619,1.459151515151515,84.77029702970297,206.0,43.544,99.0,0.0,1.0,0,0.0,1.0
15,rand_st,none,0.4,100,1.0,15.0,576.6621737373738,0.096813468013468,1.4522020202020203,96.46985530546624,214.0,42.232,99.0,0.0,1.0,0,0.0,1.0
16,rand_st,none,0.4,82,0.82,16.0,577.9957728395061,0.09284567901234567,1.4855308641975307,109.35238212786966,213.0,35.672,81.0,0.0,1.0,0,0.0,1.0
17,rand_st,none,0.4,97,0.97,20.0,577.6501083333334,0.07335,1.467,108.19977121464227,303.0,40.168,96.0,0.0,1.0,0,0.0,1.0
18,rand_st,none,0.4,100,1.0,14.0,575.5811070707072,0.1029033189033189,1.4406464646464647,105.09100194055766,209.0,43.376,99.0,0.0,1.0,0,0.0,1.0
19,rand_st,none,0.4,100,1.0,16.0,577.1603515151515,0.09168434343434345,1.4669494949494952,111.91576222244349,208.0,42.772,99.0,0.0,1.0,0,0.0,1.0
20,rand_st,none,0.4,100,1.0,16.0,577.4859111111112,0.09197727272727273,1.4716363636363636,92.25931520644511,212.0,43.308,99.0,0.0,1.0,0,0.0,1.0
21,rand_st,none,0.4,100,1.0,15.0,578.6191515151517,0.09928619528619528,1.4892929292929296,153.80644184168014,307.0,43.56,99.0,0.0,1.0,0,0.0,1.0
22,rand_st,none,0.4,97,0.97,15.0,577.0590750000002,0.09795,1.46925,97.61203943954334,210.0,42.952,96.0,0.0,1.0,0,0.0,1.0
23,rand_st,none,0.4,97,0.97,14.0,580.5469541666669,0.10828869047619048,1.5160416666666667,93.39889167712255,209.0,40.46,96.0,0.0,1.0,0,0.0,1.0
24,rand_st,none,0.4,100,1.0,15.0,577.9920484848486,0.09901683501683502,1.4852525252525253,106.37057747051647,301.0,43.96,99.0,0.0,1.0,0,0.0,1.0
25,rand_st,none,0.4,99,0.99,14.0,575.7641632653063,0.103201166180758,1.4448163265306122,88.36198347107438,207.0,43.408,98.0,0.0,1.0,0,0.0,1.0
26,rand_st,none,0.4,100,1.0,18.0,576.7583595959596,0.08134680134680136,1.4642424242424243,99.67837754788488,211.0,43.04,99.0,0.0,1.0,0,0.0,1.0
27,rand_st,none,0.4,100,1.0,16.0,576.6616727272728,0.09069696969696969,1.451151515151515,99.46245820245213,206.0,42.336,99.0,0.0,1.0,0,0.0,1.0
28,rand_st,none,0.4,100,1.0,16.0,574.5818343434345,0.0890050505050505,1.424080808080808,91.59788199697428,216.0,44.016,99.0,0.0,1.0,0,0.0,1.0
29,rand_st,none,0.4,100,1.0,14.0,578.2090505050506,0.10591630591630591,1.4828282828282826,113.76186140617096,206.0,42.2,99.0,0.0,1.0,0,0.0,1.0
30,rand_st,none,0.4,93,0.93,19.0,579.4833782608696,0.07973226544622426,1.5149130434782607,93.77008759597707,215.0,41.628,92.0,0.0,1.0,0,0.0,1.0
31,rand_st,none,0.4,100,1.0,16.0,577.1873050505051,0.09183333333333332,1.4693333333333332,107.88551779935275,304.0,43.536,99.0,0.0,1.0,0,0.0,1.0
32,rand_st,none,0.4,100,1.0,19.0,576.8014585858587,0.0769867091972355,1.462747474747475,76.43274021352313,207.0,43.188,99.0,0.0,1.0,0,0.0,1.0
33,rand_st,none,0.4,100,1.0,14.0,579.8333898989899,0.10770562770562771,1.5078787878787878,154.68757021754672,304.0,41.72,99.0,0.0,1.0,0,0.0,1.0
34,rand_st,none,0.4,100,1.0,15.0,578.7060444444445,0.0992969696969697,1.4894545454545456,100.31324696193633,207.0,42.544,99.0,0.0,1.0,0,0.0,1.0
35,rand_st,none,0.4,100,1.0,22.0,572.5623030303033,0.06291643709825528,1.3841616161616161,59.40601884689431,205.0,41.968,99.0,0.0,1.0,0,0.0,1.0
36,rand_st,none,0.4,97,0.97,17.0,573.0169791666667,0.08296813725490196,1.4104583333333331,90.36214329706426,309.0,44.596,96.0,0.0,1.0,0,0.0,1.0
37,rand_st,none,0.4,96,0.96,15.0,580.7073642105264,0.10091508771929825,1.5137263157894736,153.20137801440652,302.0,39.196,95.0,0.0,1.0,0,0.0,1.0
38,rand_st,none,0.4,100,1.0,16.0,577.2112040404041,0.09224494949494949,1.4759191919191919,113.88456484382897,205.0,44.884,99.0,0.0,1.0,0,0.0,1.0
39,rand_st,none,0.4,100,1.0,15.0,577.0897333333334,0.0975111111111111,1.4626666666666668,103.42835761325085,212.0,42.196,99.0,0.0,1.0,0,0.0,1.0
40,rand_st,none,0.4,100,1.0,16.0,579.7008565656566,0.0941060606060606,1.5056969696969695,142.29511998386772,305.0,42.936,99.0,0.0,1.0,0,0.0,1.0
41,rand_st,none,0.4,100,1.0,15.0,575.7699313131313,0.09681346801346803,1.4522020202020203,89.357418699187,213.0,45.232,99.0,0.0,1.0,0,0.0,1.0
42,rand_st,none,0.4,100,1.0,15.0,577.4797373737375,0.09818451178451179,1.4727676767676767,146.28634496919918,303.0,44.196,99.0,0.0,1.0,0,0.0,1.0
43,rand_st,none,0.4,96,0.96,18.0,575.5366315789474,0.08038362573099414,1.4469052631578947,131.69424083769633,305.0,43.544,95.0,0.0,1.0,0,0.0,1.0
44,rand_st,none,0.4,100,1.0,16.0,575.1020606060607,0.08988383838383839,1.4381414141414142,86.48780239886156,207.0,44.624,99.0,0.0,1.0,0,0.0,1.0
45,rand_st,none,0.4,100,1.0,15.0,579.5417777777778,0.10036902356902357,1.5055353535353535,121.34396560343966,209.0,42.952,99.0,0.0,1.0,0,0.0,1.0
46,rand_st,none,0.4,99,0.99,16.0,577.6082204081632,0.0924387755102041,1.4790204081632656,85.47860604185999,202.0,43.056,98.0,0.0,1.0,0,0.0,1.0
47,rand_st,none,0.4,100,1.0,17.0,572.4070303030304,0.08155436720142602,1.3864242424242423,104.66282595512432,208.0,44.744,99.0,0.0,1.0,0,0.0,1.0
48,rand_st,none,0.4,99,0.99,18.0,575.3062653061224,0.07963492063492063,1.4334285714285715,86.06982212226538,204.0,42.524,98.0,0.0,1.0,0,0.0,1.0
49,rand_st,none,0.4,100,1.0,16.0,573.8940000000001,0.08846717171717171,1.4154747474747473,109.79028340080971,211.0,44.868,99.0,0.0,1.0,0,0.0,1.0
0,rand_st,none,0.5,99,0.99,19.0,584.5228448979592,0.0816390977443609,1.5511428571428572,113.18061067465781,212.0,34.988,98.0,0.0,1.0,0,0.0,1.0
1,rand_st,none,0.5,100,1.0,15.0,587.2257171717172,0.10567272727272727,1.585090909090909,132.58470254957507,304.0,33.076,99.0,0.0,1.0,0,0.0,1.0
2,rand_st,none,0.5,100,1.0,17.0,584.6513414141415,0.09103030303030303,1.5475151515151515,106.25793015059276,301.0,33.796,99.0,0.0,1.0,0,0.0,1.0
3,rand_st,none,0.5,99,0.99,16.0,583.3231061224491,0.09572704081632653,1.5316326530612245,103.71149462715728,212.0,34.9,98.0,0.0,1.0,0,0.0,1.0
4,rand_st,none,0.5,100,1.0,16.0,584.4611757575758,0.09679040404040404,1.5486464646464646,152.1574917385347,311.0,35.684,99.0,0.0,1.0,0,0.0,1.0
5,rand_st,none,0.5,97,0.97,17.0,582.5751916666668,0.08933333333333333,1.5186666666666668,115.56408964996223,211.0,34.208,96.0,0.0,1.0,0,0.0,1.0
6,rand_st,none,0.5,100,1.0,19.0,585.3314626262626,0.08240510366826155,1.5656969696969698,112.76886907174706,218.0,34.996,99.0,0.0,1.0,0,0.0,1.0
7,rand_st,none,0.5,100,1.0,15.0,581.3728000000001,0.10014276094276095,1.5021414141414142,85.12506114462742,213.0,36.288,99.0,0.0,1.0,0,0.0,1.0
8,rand_st,none,0.5,100,1.0,21.0,581.8542868686869,0.07155363155363156,1.5026262626262628,60.63467741935484,121.0,34.24,99.0,0.0,1.0,0,0.0,1.0
9,rand_st,none,0.5,100,1.0,18.0,583.0248969696971,0.08458810325476993,1.5225858585858587,80.20516337232755,210.0,35.264,99.0,0.0,1.0,0,0.0,1.0
10,rand_st,none,0.5,100,1.0,17.0,586.0031191919193,0.09247771836007129,1.572121212121212,104.08990928795055,212.0,35.36,99.0,0.0,1.0,0,0.0,1.0
11,rand_st,none,0.5,100,1.0,19.0,584.4608121212121,0.08164805954279639,1.5513131313131314,111.06158169409875,302.0,34.42,99.0,0.0,1.0,0,0.0,1.0
12,rand_st,none,0.5,100,1.0,18.0,583.508909090909,0.0851919191919192,1.5334545454545454,103.94257108530236,302.0,35.188,99.0,0.0,1.0,0,0.0,1.0
13,rand_st,none,0.5,100,1.0,15.0,583.0145616161616,0.10154343434343434,1.523151515151515,135.33752637558837,308.0,35.208,99.0,0.0,1.0,0,0.0,1.0
14,rand_st,none,0.5,100,1.0,17.0,583.800092929293,0.09065478312537135,1.5411313131313131,84.22846621837976,206.0,35.428,99.0,0.0,1.0,0,0.0,1.0
15,rand_st,none,0.5,100,1.0,15.0,583.6882707070708,0.10220336700336699,1.533050505050505,96.3276740237691,207.0,34.228,99.0,0.0,1.0,0,0.0,1.0
16,rand_st,none,0.5,82,0.82,16.0,585.7224888888888,0.09831481481481481,1.573037037037037,110.35979096825083,213.0,28.584,81.0,0.0,1.0,0,0.0,1.0
17,rand_st,none,0.5,97,0.97,20.0,584.9923666666667,0.07755833333333334,1.5511666666666668,108.33807030665669,303.0,32.088,96.0,0.0,1.0,0,0.0,1.0
18,rand_st,none,0.5,100,1.0,14.0,583.0166424242426,0.10898989898989898,1.5258585858585856,105.25703824247356,209.0,34.94,99.0,0.0,1.0,0,0.0,1.0
19,rand_st,none,0.5,100,1.0,16.0,584.5320888888889,0.09691919191919192,1.5507070707070707,112.30039053160118,208.0,34.48,99.0,0.0,1.0,0,0.0,1.0
20,rand_st,none,0.5,100,1.0,16.0,584.8590666666666,0.09725505050505051,1.5560808080808082,92.29072015466409,212.0,34.948,99.0,0.0,1.0,0,0.0,1.0
21,rand_st,none,0.5,100,1.0,15.0,586.0412161616163,0.10492390572390571,1.5738585858585856,154.2631536540166,307.0,35.188,99.0,0.0,1.0,0,0.0,1.0
22,rand_st,none,0.5,97,0.97,15.0,584.5339416666668,0.10363333333333333,1.5545,97.57855547282205,210.0,34.768,96.0,0.0,1.0,0,0.0,1.0
23,rand_st,none,0.5,97,0.97,14.0,588.0399083333334,0.11435119047619048,1.6009166666666665,93.63147360520391,209.0,32.312,96.0,0.0,1.0,0,0.0,1.0
24,rand_st,none,0.5,100,1.0,15.0,585.4065090909091,0.10461144781144781,1.569171717171717,106.39757269691293,301.0,35.652,99.0,0.0,1.0,0,0.0,1.0
25,rand_st,none,0.5,99,0.99,14.0,583.3339510204082,0.1093935860058309,1.5315102040816329,88.22132961718174,207.0,34.912,98.0,0.0,1.0,0,0.0,1.0
26,rand_st,none,0.5,100,1.0,18.0,584.6427838383838,0.086327721661055,1.55389898989899,100.03580686973429,211.0,34.164,99.0,0.0,1.0,0,0.0,1.0
27,rand_st,none,0.5,100,1.0,16.0,583.8866828282829,0.0959090909090909,1.5345454545454544,99.17994963035177,206.0,34.08,99.0,0.0,1.0,0,0.0,1.0
28,rand_st,none,0.5,100,1.0,16.0,581.7976646464648,0.09419696969696968,1.507151515151515,91.76960427288176,216.0,35.792,99.0,0.0,1.0,0,0.0,1.0
29,rand_st,none,0.5,100,1.0,14.0,585.1033616161617,0.1115036075036075,1.5610505050505052,113.26513366376858,206.0,34.456,99.0,0.0,1.0,0,0.0,1.0
30,rand_st,none,0.5,93,0.93,19.0,586.8195608695652,0.08407551487414187,1.5974347826086954,93.6222164231037,215.0,34.036,92.0,0.0,1.0,0,0.0,1.0
31,rand_st,none,0.5,100,1.0,16.0,584.531006060606,0.09706565656565658,1.5530505050505052,108.30364372469636,304.0,35.248,99.0,0.0,1.0,0,0.0,1.0
32,rand_st,none,0.5,100,1.0,19.0,584.1320686868686,0.08137586390217967,1.546141414141414,76.33073803730738,207.0,34.932,99.0,0.0,1.0,0,0.0,1.0
33,rand_st,none,0.5,100,1.0,14.0,587.3483838383839,0.11376334776334777,1.592686868686869,155.13259936857443,304.0,33.324,99.0,0.0,1.0,0,0.0,1.0
34,rand_st,none,0.5,100,1.0,15.0,586.4056040404041,0.10511784511784512,1.5767676767676766,100.13634905357716,207.0,33.9,99.0,0.0,1.0,0,0.0,1.0
35,rand_st,none,0.5,100,1.0,22.0,579.7750626262626,0.06674380165289255,1.4683636363636363,59.49672727272727,205.0,33.632,99.0,0.0,1.0,0,0.0,1.0
36,rand_st,none,0.5,97,0.97,17.0,579.9710416666668,0.08768627450980392,1.4906666666666668,90.08836744882676,309.0,36.896,96.0,0.0,1.0,0,0.0,1.0
37,rand_st,none,0.5,96,0.96,15.0,588.0482189473686,0.10649263157894737,1.5973894736842107,153.29994988306046,302.0,31.248,95.0,0.0,1.0,0,0.0,1.0
38,rand_st,none,0.5,100,1.0,16.0,585.0263838383839,0.0977929292929293,1.564686868686869,114.13362381989833,205.0,36.096,99.0,0.0,1.0,0,0.0,1.0
39,rand_st,none,0.5,100,1.0,15.0,584.442993939394,0.10313535353535352,1.547030303030303,103.41862698031684,212.0,33.844,99.0,0.0,1.0,0,0.0,1.0
40,rand_st,none,0.5,100,1.0,16.0,587.0957818181819,0.09935858585858585,1.5897373737373737,142.0150986281354,305.0,34.616,99.0,0.0,1.0,0,0.0,1.0
41,rand_st,none,0.5,100,1.0,15.0,583.3135030303032,0.10255622895622894,1.5383434343434343,89.55216471354167,208.0,36.704,99.0,0.0,1.0,0,0.0,1.0
42,rand_st,none,0.5,100,1.0,15.0,584.7604606060606,0.10373602693602695,1.556040404040404,146.2214151636334,303.0,35.952,99.0,0.0,1.0,0,0.0,1.0
43,rand_st,none,0.5,96,0.96,18.0,582.7921221052632,0.08499415204678362,1.5298947368421052,132.0356362413851,305.0,35.66,95.0,0.0,1.0,0,0.0,1.0
44,rand_st,none,0.5,100,1.0,16.0,582.6094343434344,0.09526010101010102,1.5241616161616163,86.88514996342356,207.0,36.108,99.0,0.0,1.0,0,0.0,1.0
45,rand_st,none,0.5,100,1.0,15.0,586.6349212121213,0.10572121212121212,1.585818181818182,121.27219221156172,209.0,35.004,99.0,0.0,1.0,0,0.0,1.0
46,rand_st,none,0.5,99,0.99,16.0,585.3985836734695,0.0979719387755102,1.5675510204081633,85.55812433624703,202.0,34.38,98.0,0.0,1.0,0,0.0,1.0
47,rand_st,none,0.5,100,1.0,17.0,579.4349454545455,0.08637670825906119,1.4684040404040404,105.11639741518579,208.0,36.628,99.0,0.0,1.0,0,0.0,1.0
48,rand_st,none,0.5,99,0.99,18.0,582.6050204081633,0.08432199546485261,1.517795918367347,86.07987585756288,204.0,34.256,98.0,0.0,1.0,0,0.0,1.0
49,rand_st,none,0.5,100,1.0,16.0,581.3727393939394,0.09386111111111112,1.5017777777777779,110.22152357920193,211.0,36.324,99.0,0.0,1.0,0,0.0,1.0
0,rand_st,none,0.6,99,0.99,19.0,591.3124897959185,0.08574006444683137,1.629061224489796,113.02099559769725,212.0,27.352,98.0,0.0,1.0,0,0.0,1.0
1,rand_st,none,0.6,100,1.0,15.0,593.8559636363638,0.11073131313131311,1.660969696969697,132.45696527496284,304.0,25.564,99.0,0.0,1.0,0,0.0,1.0
2,rand_st,none,0.6,100,1.0,17.0,591.2590787878788,0.09548663101604277,1.6232727272727274,106.23115105983365,301.0,26.296,99.0,0.0,1.0,0,0.0,1.0
3,rand_st,none,0.6,99,0.99,16.0,590.4125918367349,0.10080357142857145,1.6128571428571432,103.83007508624772,212.0,26.94,98.0,0.0,1.0,0,0.0,1.0
4,rand_st,none,0.6,100,1.0,16.0,591.2191555555556,0.10164393939393941,1.6263030303030306,152.2704978777875,311.0,27.996,99.0,0.0,1.0,0,0.0,1.0
5,rand_st,none,0.6,97,0.97,17.0,589.2971875000001,0.09387990196078431,1.5959583333333336,116.11609810324464,211.0,26.788,96.0,0.0,1.0,0,0.0,1.0
6,rand_st,none,0.6,100,1.0,19.0,592.1931474747477,0.08651143009037746,1.643717171717172,112.52142230618716,218.0,27.272,99.0,0.0,1.0,0,0.0,1.0
7,rand_st,none,0.6,100,1.0,15.0,588.4208484848485,0.10557845117845117,1.5836767676767676,85.29992550958218,213.0,28.216,99.0,0.0,1.0,0,0.0,1.0
8,rand_st,none,0.6,100,1.0,21.0,588.5091797979799,0.07522462722462722,1.5797171717171716,60.55804082732601,121.0,26.608,99.0,0.0,1.0,0,0.0,1.0
9,rand_st,none,0.6,100,1.0,18.0,589.6608727272728,0.08886644219977553,1.5995959595959597,80.45820141461772,210.0,27.64,99.0,0.0,1.0,0,0.0,1.0
10,rand_st,none,0.6,100,1.0,17.0,592.5958101010101,0.09691503267973857,1.6475555555555557,104.1951745518264,212.0,27.892,99.0,0.0,1.0,0,0.0,1.0
11,rand_st,none,0.6,100,1.0,19.0,591.270593939394,0.08572886762360446,1.628848484848485,110.94972479527453,302.0,26.744,99.0,0.0,1.0,0,0.0,1.0
12,rand_st,none,0.6,100,1.0,18.0,590.3044444444445,0.08953086419753085,1.6115555555555556,104.10294412177048,302.0,27.456,99.0,0.0,1.0,0,0.0,1.0
13,rand_st,none,0.6,100,1.0,15.0,589.9440565656565,0.10688215488215488,1.6032323232323231,134.9665903273609,308.0,27.28,99.0,0.0,1.0,0,0.0,1.0
14,rand_st,none,0.6,100,1.0,17.0,590.6406060606062,0.09524896019013668,1.6192323232323234,84.17429032692048,206.0,27.696,99.0,0.0,1.0,0,0.0,1.0
15,rand_st,none,0.6,100,1.0,15.0,590.3133494949496,0.10728080808080807,1.6092121212121213,96.5609772604223,214.0,26.688,99.0,0.0,1.0,0,0.0,1.0
16,rand_st,none,0.6,82,0.82,16.0,592.6134716049384,0.10319135802469136,1.6510617283950617,110.45667929500905,213.0,22.264,81.0,0.0,1.0,0,0.0,1.0
17,rand_st,none,0.6,97,0.97,20.0,591.5149333333334,0.0812875,1.62575,107.89650417155072,303.0,24.928,96.0,0.0,1.0,0,0.0,1.0
18,rand_st,none,0.6,100,1.0,14.0,589.8914989898991,0.11462049062049061,1.6046868686868687,105.47454533162058,213.0,27.136,99.0,0.0,1.0,0,0.0,1.0
19,rand_st,none,0.6,100,1.0,16.0,591.3977050505051,0.1018030303030303,1.6288484848484848,112.16315544626836,208.0,26.744,99.0,0.0,1.0,0,0.0,1.0
20,rand_st,none,0.6,100,1.0,16.0,591.3844686868687,0.10191414141414143,1.6306262626262629,92.03887688984881,212.0,27.568,99.0,0.0,1.0,0,0.0,1.0
21,rand_st,none,0.6,100,1.0,15.0,592.7164808080809,0.10999865319865319,1.6499797979797979,154.85773098467976,307.0,27.652,99.0,0.0,1.0,0,0.0,1.0
22,rand_st,none,0.6,97,0.97,15.0,591.5184791666668,0.10893611111111111,1.6340416666666668,98.0289156626506,210.0,27.132,96.0,0.0,1.0,0,0.0,1.0
23,rand_st,none,0.6,97,0.97,14.0,594.5613625000001,0.11963392857142857,1.674875,93.43360377227654,209.0,25.212,96.0,0.0,1.0,0,0.0,1.0
24,rand_st,none,0.6,100,1.0,15.0,592.5104282828285,0.10997171717171716,1.6495757575757575,106.63492816481431,301.0,27.692,99.0,0.0,1.0,0,0.0,1.0
25,rand_st,none,0.6,99,0.99,14.0,590.3660040816327,0.115134110787172,1.6118775510204082,88.3632958801498,207.0,27.036,98.0,0.0,1.0,0,0.0,1.0
26,rand_st,none,0.6,100,1.0,18.0,591.8251070707072,0.09085521885521886,1.6353939393939394,100.12655336871096,211.0,26.096,99.0,0.0,1.0,0,0.0,1.0
27,rand_st,none,0.6,100,1.0,16.0,590.60618989899,0.10075757575757575,1.612121212121212,98.86487578267017,206.0,26.4,99.0,0.0,1.0,0,0.0,1.0
28,rand_st,none,0.6,100,1.0,16.0,588.692496969697,0.09915909090909092,1.5865454545454547,91.7861817691114,216.0,27.932,99.0,0.0,1.0,0,0.0,1.0
29,rand_st,none,0.6,100,1.0,14.0,591.9620727272727,0.11705916305916307,1.6388282828282827,113.48461016949153,206.0,26.756,99.0,0.0,1.0,0,0.0,1.0
30,rand_st,none,0.6,93,0.93,19.0,594.1248217391304,0.0884004576659039,1.679608695652174,93.6580962010689,215.0,26.476,92.0,0.0,1.0,0,0.0,1.0
31,rand_st,none,0.6,100,1.0,16.0,591.2614464646466,0.10185858585858586,1.6297373737373737,108.44150483794573,304.0,27.656,99.0,0.0,1.0,0,0.0,1.0
32,rand_st,none,0.6,100,1.0,19.0,590.7818505050506,0.08536310473152578,1.6218989898989897,76.32631079799485,207.0,27.432,99.0,0.0,1.0,0,0.0,1.0
33,rand_st,none,0.6,100,1.0,14.0,593.9010626262626,0.11904473304473305,1.6666262626262627,154.85931584640346,304.0,26.004,99.0,0.0,1.0,0,0.0,1.0
34,rand_st,none,0.6,100,1.0,15.0,593.1347272727273,0.11022491582491582,1.6533737373737374,100.35569255511626,207.0,26.316,99.0,0.0,1.0,0,0.0,1.0
35,rand_st,none,0.6,100,1.0,22.0,586.2425777777778,0.07016712580348944,1.5436767676767678,59.24966406879871,205.0,26.176,99.0,0.0,1.0,0,0.0,1.0
36,rand_st,none,0.6,97,0.97,17.0,587.2254500000001,0.09259313725490197,1.5740833333333333,90.38859636968269,309.0,28.888,96.0,0.0,1.0,0,0.0,1.0
37,rand_st,none,0.6,96,0.96,15.0,594.6441642105264,0.11150315789473685,1.6725473684210526,153.42569076193135,302.0,24.108,95.0,0.0,1.0,0,0.0,1.0
38,rand_st,none,0.6,100,1.0,16.0,592.0127878787879,0.10275,1.644,114.16552049622437,208.0,28.244,99.0,0.0,1.0,0,0.0,1.0
39,rand_st,none,0.6,100,1.0,15.0,591.1813171717172,0.10827205387205388,1.6240808080808082,103.58210251954822,212.0,26.216,99.0,0.0,1.0,0,0.0,1.0
40,rand_st,none,0.6,100,1.0,16.0,594.2859474747477,0.10445959595959596,1.6713535353535354,142.3866271232138,305.0,26.536,99.0,0.0,1.0,0,0.0,1.0
41,rand_st,none,0.6,100,1.0,15.0,590.4626222222223,0.10800538720538719,1.620080808080808,89.55506607929516,208.0,28.612,99.0,0.0,1.0,0,0.0,1.0
42,rand_st,none,0.6,100,1.0,15.0,591.5631191919192,0.10892390572390571,1.6338585858585861,145.9707141401101,303.0,28.248,99.0,0.0,1.0,0,0.0,1.0
43,rand_st,none,0.6,96,0.96,18.0,589.4330694736843,0.08922573099415204,1.6060631578947369,131.87097680955728,305.0,28.424,95.0,0.0,1.0,0,0.0,1.0
44,rand_st,none,0.6,100,1.0,16.0,589.4892000000001,0.10019444444444446,1.6031111111111114,86.559081701553,207.0,28.292,99.0,0.0,1.0,0,0.0,1.0
45,rand_st,none,0.6,100,1.0,15.0,593.4736767676768,0.11087676767676767,1.6631515151515153,121.13065664025783,209.0,27.348,99.0,0.0,1.0,0,0.0,1.0
46,rand_st,none,0.6,99,0.99,16.0,592.2751510204082,0.10284183673469388,1.645469387755102,85.57229407760381,202.0,26.744,98.0,0.0,1.0,0,0.0,1.0
47,rand_st,none,0.6,100,1.0,17.0,586.1722343434344,0.09100415923945337,1.5470707070707073,105.10835123523094,208.0,28.84,99.0,0.0,1.0,0,0.0,1.0
48,rand_st,none,0.6,99,0.99,18.0,589.2951020408163,0.0886077097505669,1.594938775510204,85.97791561584077,204.0,26.696,98.0,0.0,1.0,0,0.0,1.0
49,rand_st,none,0.6,100,1.0,16.0,588.2248686868687,0.09882070707070707,1.5811313131313132,110.27690235690235,211.0,28.468,99.0,0.0,1.0,0,0.0,1.0
0,rand_st,none,0.7,99,0.99,19.0,598.0658081632655,0.08980665950590762,1.7063265306122448,112.84401227064883,212.0,19.78,98.0,0.0,1.0,0,0.0,1.0
1,rand_st,none,0.7,100,1.0,15.0,600.1286343434344,0.11551515151515152,1.7327272727272727,132.68812110006934,304.0,18.46,99.0,0.0,1.0,0,0.0,1.0
2,rand_st,none,0.7,100,1.0,17.0,597.6689212121213,0.09980748663101605,1.6967272727272726,105.57663143382354,301.0,19.024,99.0,0.0,1.0,0,0.0,1.0
3,rand_st,none,0.7,99,0.99,16.0,596.7186081632652,0.10531887755102039,1.6851020408163262,103.75173257236038,212.0,19.86,98.0,0.0,1.0,0,0.0,1.0
4,rand_st,none,0.7,100,1.0,16.0,597.7485494949497,0.10633333333333334,1.7013333333333334,152.38601560242705,311.0,20.568,99.0,0.0,1.0,0,0.0,1.0
5,rand_st,none,0.7,97,0.97,17.0,595.4022750000001,0.09801960784313725,1.6663333333333332,116.1135659838018,211.0,20.032,96.0,0.0,1.0,0,0.0,1.0
6,rand_st,none,0.7,100,1.0,19.0,598.6368323232324,0.09036044657097288,1.7168484848484848,112.68838985993749,308.0,20.032,99.0,0.0,1.0,0,0.0,1.0
7,rand_st,none,0.7,100,1.0,15.0,594.8762101010102,0.11056161616161615,1.6584242424242426,85.42657139537586,213.0,20.816,99.0,0.0,1.0,0,0.0,1.0
8,rand_st,none,0.7,100,1.0,21.0,594.6507272727274,0.07861279461279463,1.6508686868686868,60.55176592797784,121.0,19.564,99.0,0.0,1.0,0,0.0,1.0
9,rand_st,none,0.7,100,1.0,18.0,596.062694949495,0.09298989898989898,1.673818181818182,80.62026706746055,210.0,20.292,99.0,0.0,1.0,0,0.0,1.0
10,rand_st,none,0.7,100,1.0,17.0,599.0716242424243,0.10128342245989305,1.721818181818182,104.26139116391741,212.0,20.54,99.0,0.0,1.0,0,0.0,1.0
11,rand_st,none,0.7,100,1.0,19.0,597.6564888888889,0.08954598617756512,1.7013737373737374,111.11136743756849,302.0,19.564,99.0,0.0,1.0,0,0.0,1.0
12,rand_st,none,0.7,100,1.0,18.0,596.5912242424242,0.09354882154882153,1.683878787878788,104.29711268009873,302.0,20.296,99.0,0.0,1.0,0,0.0,1.0
13,rand_st,none,0.7,100,1.0,15.0,596.2224161616164,0.11172525252525253,1.6758787878787877,134.58462338262476,308.0,20.088,99.0,0.0,1.0,0,0.0,1.0
14,rand_st,none,0.7,100,1.0,17.0,597.0615232323233,0.09956743909685087,1.6926464646464647,84.36413482627266,206.0,20.428,99.0,0.0,1.0,0,0.0,1.0
15,rand_st,none,0.7,100,1.0,15.0,596.5492040404042,0.11207003367003367,1.681050505050505,96.53289283023243,214.0,19.576,99.0,0.0,1.0,0,0.0,1.0
16,rand_st,none,0.7,82,0.82,16.0,598.8087901234569,0.1075679012345679,1.7210864197530864,110.2008365234652,213.0,16.592,81.0,0.0,1.0,0,0.0,1.0
17,rand_st,none,0.7,97,0.97,20.0,597.5926291666667,0.08475624999999999,1.695125,107.94374370817789,303.0,18.268,96.0,0.0,1.0,0,0.0,1.0
18,rand_st,none,0.7,100,1.0,14.0,596.2745616161616,0.11984415584415584,1.6778181818181819,105.76971481353192,213.0,19.896,99.0,0.0,1.0,0,0.0,1.0
19,rand_st,none,0.7,100,1.0,16.0,597.6324404040404,0.106239898989899,1.699838383838384,112.14737627741417,208.0,19.716,99.0,0.0,1.0,0,0.0,1.0
20,rand_st,none,0.7,100,1.0,16.0,597.7077454545455,0.10643181818181818,1.702909090909091,92.30999942099473,212.0,20.412,99.0,0.0,1.0,0,0.0,1.0
21,rand_st,none,0.7,100,1.0,15.0,599.3568040404041,0.11504646464646466,1.7256969696969697,155.00443701740232,307.0,20.156,99.0,0.0,1.0,0,0.0,1.0
22,rand_st,none,0.7,97,0.97,15.0,597.8547875,0.11375277777777779,1.706291666666667,97.50944068400428,210.0,20.196,96.0,0.0,1.0,0,0.0,1.0
23,rand_st,none,0.7,97,0.97,14.0,600.7555125000001,0.12465773809523809,1.7452083333333335,93.25458551691281,209.0,18.46,96.0,0.0,1.0,0,0.0,1.0
24,rand_st,none,0.7,100,1.0,15.0,599.0102666666669,0.11488484848484849,1.7232727272727273,106.67637333952085,301.0,20.396,99.0,0.0,1.0,0,0.0,1.0
25,rand_st,none,0.7,99,0.99,14.0,596.5358081632654,0.12019533527696794,1.6827346938775511,88.00561502017898,207.0,20.092,98.0,0.0,1.0,0,0.0,1.0
26,rand_st,none,0.7,100,1.0,18.0,598.0385494949495,0.0947631874298541,1.7057373737373738,100.24402937604812,211.0,19.132,99.0,0.0,1.0,0,0.0,1.0
27,rand_st,none,0.7,100,1.0,16.0,596.8920121212122,0.10528535353535354,1.6845656565656566,99.00482730877536,206.0,19.228,99.0,0.0,1.0,0,0.0,1.0
28,rand_st,none,0.7,100,1.0,16.0,595.0868161616162,0.10379545454545455,1.6607272727272728,91.61921543705587,216.0,20.588,99.0,0.0,1.0,0,0.0,1.0
29,rand_st,none,0.7,100,1.0,14.0,598.2512848484849,0.12215007215007215,1.7101010101010101,113.46657761774783,206.0,19.7,99.0,0.0,1.0,0,0.0,1.0
30,rand_st,none,0.7,93,0.93,19.0,600.6531739130436,0.0922654462242563,1.7530434782608695,93.45859200397318,215.0,19.72,92.0,0.0,1.0,0,0.0,1.0
31,rand_st,none,0.7,100,1.0,16.0,597.6434707070708,0.10640656565656564,1.7025050505050503,108.14386025998142,304.0,20.452,99.0,0.0,1.0,0,0.0,1.0
32,rand_st,none,0.7,100,1.0,19.0,597.4728,0.08938224348750665,1.6982626262626261,76.19762412778964,207.0,19.872,99.0,0.0,1.0,0,0.0,1.0
33,rand_st,none,0.7,100,1.0,14.0,599.9907232323233,0.12395959595959596,1.7354343434343433,154.4280496289425,304.0,19.192,99.0,0.0,1.0,0,0.0,1.0
34,rand_st,none,0.7,100,1.0,15.0,599.5284848484848,0.11507609427609428,1.7261414141414142,99.6105675146771,207.0,19.112,99.0,0.0,1.0,0,0.0,1.0
35,rand_st,none,0.7,100,1.0,22.0,592.4900080808083,0.07347842056932967,1.6165252525252527,59.61079053664166,205.0,18.964,99.0,0.0,1.0,0,0.0,1.0
36,rand_st,none,0.7,97,0.97,17.0,594.1239083333334,0.09725980392156862,1.6534166666666665,90.286415518363,309.0,21.272,96.0,0.0,1.0,0,0.0,1.0
37,rand_st,none,0.7,96,0.96,15.0,600.887545263158,0.11623859649122807,1.7435789473684211,153.37550849485524,302.0,17.36,95.0,0.0,1.0,0,0.0,1.0
38,rand_st,none,0.7,100,1.0,16.0,598.7304565656567,0.10752020202020202,1.7203232323232323,114.11200783997234,208.0,20.688,99.0,0.0,1.0,0,0.0,1.0
39,rand_st,none,0.7,100,1.0,15.0,597.4393010101011,0.11304781144781145,1.6957171717171715,103.71115184145712,212.0,19.124,99.0,0.0,1.0,0,0.0,1.0
40,rand_st,none,0.7,100,1.0,16.0,600.6686101010101,0.10900252525252525,1.744040404040404,142.85570160267497,305.0,19.34,99.0,0.0,1.0,0,0.0,1.0
41,rand_st,none,0.7,100,1.0,15.0,597.3289171717173,0.11322558922558922,1.6983838383838383,89.47694357548372,208.0,20.86,99.0,0.0,1.0,0,0.0,1.0
42,rand_st,none,0.7,100,1.0,15.0,598.3001656565657,0.11407138047138046,1.711070707070707,145.89506997270774,303.0,20.604,99.0,0.0,1.0,0,0.0,1.0
43,rand_st,none,0.7,96,0.96,18.0,596.3070905263158,0.09359532163742691,1.6847157894736842,131.74410348977136,305.0,20.952,95.0,0.0,1.0,0,0.0,1.0
44,rand_st,none,0.7,100,1.0,16.0,596.0512202020202,0.10489646464646465,1.6783434343434345,86.55065595561463,207.0,20.844,99.0,0.0,1.0,0,0.0,1.0
45,rand_st,none,0.7,100,1.0,15.0,600.0483070707071,0.11585185185185184,1.7377777777777779,121.11246620261174,209.0,19.96,99.0,0.0,1.0,0,0.0,1.0
46,rand_st,none,0.7,99,0.99,16.0,598.8468979591838,0.10748979591836735,1.7198367346938777,85.55876192692577,202.0,19.456,98.0,0.0,1.0,0,0.0,1.0
47,rand_st,none,0.7,100,1.0,17.0,592.5454424242427,0.09539393939393939,1.6216969696969694,104.81148011951275,208.0,21.452,99.0,0.0,1.0,0,0.0,1.0
48,rand_st,none,0.7,99,0.99,18.0,595.768093877551,0.09274603174603174,1.6694285714285713,86.07726398040703,204.0,19.396,98.0,0.0,1.0,0,0.0,1.0
49,rand_st,none,0.7,100,1.0,16.0,594.8353414141415,0.10360353535353536,1.6576565656565658,110.42258567878403,211.0,20.892,99.0,0.0,1.0,0,0.0,1.0
0,rand_st,none,0.8,99,0.99,19.0,604.4212734693878,0.09362835660580021,1.7789387755102044,113.21572498987445,303.0,12.664,98.0,0.0,1.0,0,0.0,1.0
1,rand_st,none,0.8,100,1.0,15.0,605.829191919192,0.11986262626262627,1.797939393939394,132.89862542955328,304.0,12.004,99.0,0.0,1.0,0,0.0,1.0
2,rand_st,none,0.8,100,1.0,17.0,603.6388727272728,0.10382174688057041,1.764969696969697,105.35447498238196,216.0,12.268,99.0,0.0,1.0,0,0.0,1.0
3,rand_st,none,0.8,99,0.99,16.0,602.7999551020409,0.10966581632653062,1.75465306122449,103.99786107150132,212.0,13.044,98.0,0.0,1.0,0,0.0,1.0
4,rand_st,none,0.8,100,1.0,16.0,604.0108444444445,0.11083838383838383,1.7734141414141413,153.07471961200363,311.0,13.432,99.0,0.0,1.0,0,0.0,1.0
5,rand_st,none,0.8,97,0.97,17.0,601.4467583333333,0.10212254901960785,1.7360833333333332,116.06318423522052,211.0,13.336,96.0,0.0,1.0,0,0.0,1.0
6,rand_st,none,0.8,100,1.0,19.0,604.7791151515153,0.0940287081339713,1.7865454545454544,112.53898699590144,218.0,13.132,99.0,0.0,1.0,0,0.0,1.0
7,rand_st,none,0.8,100,1.0,15.0,601.0670262626263,0.11532659932659933,1.7298989898989898,85.36455426454918,213.0,13.74,99.0,0.0,1.0,0,0.0,1.0
8,rand_st,none,0.8,100,1.0,21.0,600.5581414141415,0.08187397787397788,1.7193535353535354,60.46699636657247,121.0,12.784,99.0,0.0,1.0,0,0.0,1.0
9,rand_st,none,0.8,100,1.0,18.0,602.3560808080808,0.09703703703703703,1.7466666666666666,80.50030217566479,210.0,13.08,99.0,0.0,1.0,0,0.0,1.0
10,rand_st,none,0.8,100,1.0,17.0,605.1118181818183,0.10535710041592394,1.7910707070707073,104.3360880146015,212.0,13.684,99.0,0.0,1.0,0,0.0,1.0
11,rand_st,none,0.8,100,1.0,19.0,603.9297171717172,0.09329292929292929,1.772565656565657,111.02453370871248,302.0,12.516,99.0,0.0,1.0,0,0.0,1.0
12,rand_st,none,0.8,100,1.0,18.0,602.6079313131314,0.09738945005611672,1.7530101010101011,104.37056987515103,302.0,13.452,99.0,0.0,1.0,0,0.0,1.0
13,rand_st,none,0.8,100,1.0,15.0,602.078206060606,0.11623973063973066,1.7435959595959596,134.13692588461927,308.0,13.384,99.0,0.0,1.0,0,0.0,1.0
14,rand_st,none,0.8,100,1.0,17.0,603.053684848485,0.10359833630421866,1.7611717171717172,84.16912547528517,206.0,13.644,99.0,0.0,1.0,0,0.0,1.0
15,rand_st,none,0.8,100,1.0,15.0,602.4878868686869,0.11662760942760943,1.7494141414141413,96.82830532496457,207.0,12.808,99.0,0.0,1.0,0,0.0,1.0
16,rand_st,none,0.8,82,0.82,16.0,605.3625135802471,0.1122006172839506,1.7952098765432096,110.16066362402862,213.0,10.588,81.0,0.0,1.0,0,0.0,1.0
17,rand_st,none,0.8,97,0.97,20.0,603.4077208333334,0.08809375,1.761875,107.58215083944071,303.0,11.86,96.0,0.0,1.0,0,0.0,1.0
18,rand_st,none,0.8,100,1.0,14.0,602.231183838384,0.12473304473304474,1.7462626262626264,105.83169570502432,213.0,13.12,99.0,0.0,1.0,0,0.0,1.0
19,rand_st,none,0.8,100,1.0,16.0,603.7228202020202,0.11056565656565656,1.769050505050505,112.0047810770005,208.0,12.864,99.0,0.0,1.0,0,0.0,1.0
20,rand_st,none,0.8,100,1.0,16.0,603.7426707070707,0.11073989898989899,1.7718383838383838,92.54045817036624,212.0,13.588,99.0,0.0,1.0,0,0.0,1.0
21,rand_st,none,0.8,100,1.0,15.0,605.7147030303031,0.1198949494949495,1.7984242424242425,154.52884905850368,307.0,12.956,99.0,0.0,1.0,0,0.0,1.0
22,rand_st,none,0.8,97,0.97,15.0,604.1884000000001,0.11856666666666667,1.7785,97.58280802292263,210.0,13.264,96.0,0.0,1.0,0,0.0,1.0
23,rand_st,none,0.8,97,0.97,14.0,606.6731875,0.12945535714285714,1.812375,93.33898305084746,209.0,12.012,96.0,0.0,1.0,0,0.0,1.0
24,rand_st,none,0.8,100,1.0,15.0,605.3119111111113,0.11965521885521886,1.7948282828282827,106.60192893401015,301.0,13.312,99.0,0.0,1.0,0,0.0,1.0
25,rand_st,none,0.8,99,0.99,14.0,602.8620040816327,0.12539650145772593,1.7555510204081635,87.72239216885897,207.0,12.956,98.0,0.0,1.0,0,0.0,1.0
26,rand_st,none,0.8,100,1.0,18.0,603.8810666666667,0.09844668911335577,1.772040404040404,100.18700258528919,211.0,12.568,99.0,0.0,1.0,0,0.0,1.0
27,rand_st,none,0.8,100,1.0,16.0,602.7431919191921,0.1095,1.752,99.03783865597094,206.0,12.552,99.0,0.0,1.0,0,0.0,1.0
28,rand_st,none,0.8,100,1.0,16.0,601.2701090909092,0.10825252525252525,1.732040404040404,91.82398423286841,216.0,13.528,99.0,0.0,1.0,0,0.0,1.0
29,rand_st,none,0.8,100,1.0,14.0,604.2704848484849,0.12703896103896103,1.7785454545454544,113.31078749746295,206.0,12.924,99.0,0.0,1.0,0,0.0,1.0
30,rand_st,none,0.8,93,0.93,19.0,607.2163130434784,0.09615102974828375,1.8268695652173914,93.42781126133464,215.0,12.928,92.0,0.0,1.0,0,0.0,1.0
31,rand_st,none,0.8,100,1.0,16.0,604.0493212121213,0.11096717171717174,1.7754747474747479,108.47612061115046,304.0,13.228,99.0,0.0,1.0,0,0.0,1.0
32,rand_st,none,0.8,100,1.0,19.0,603.4629454545455,0.09296969696969697,1.7664242424242425,76.25345715150904,207.0,13.124,99.0,0.0,1.0,0,0.0,1.0
33,rand_st,none,0.8,100,1.0,14.0,606.0333696969699,0.12883982683982687,1.8037575757575757,154.5731904569349,304.0,12.428,99.0,0.0,1.0,0,0.0,1.0
34,rand_st,none,0.8,100,1.0,15.0,605.4788000000001,0.119593265993266,1.7938989898989899,99.75124478197455,207.0,12.404,99.0,0.0,1.0,0,0.0,1.0
35,rand_st,none,0.8,100,1.0,22.0,598.2802060606061,0.07653443526170799,1.683757575757576,59.37875195479998,205.0,12.308,99.0,0.0,1.0,0,0.0,1.0
36,rand_st,none,0.8,97,0.97,17.0,600.9165708333334,0.10183578431372549,1.7312083333333332,90.58078196110881,309.0,13.804,96.0,0.0,1.0,0,0.0,1.0
37,rand_st,none,0.8,96,0.96,15.0,606.3513094736843,0.1203817543859649,1.8057263157894736,153.50121014416501,302.0,11.456,95.0,0.0,1.0,0,0.0,1.0
38,rand_st,none,0.8,100,1.0,16.0,605.0624525252528,0.11200757575757575,1.792121212121212,114.3441752238353,208.0,13.58,99.0,0.0,1.0,0,0.0,1.0
39,rand_st,none,0.8,100,1.0,15.0,603.1741010101011,0.11740336700336701,1.761050505050505,103.72552183119895,212.0,12.656,99.0,0.0,1.0,0,0.0,1.0
40,rand_st,none,0.8,100,1.0,16.0,606.5265131313132,0.11317171717171717,1.8107474747474748,142.85500785247478,305.0,12.736,99.0,0.0,1.0,0,0.0,1.0
41,rand_st,none,0.8,100,1.0,15.0,603.6809090909092,0.11805791245791246,1.770868686868687,89.54375729288215,213.0,13.684,99.0,0.0,1.0,0,0.0,1.0
42,rand_st,none,0.8,100,1.0,15.0,604.5956848484849,0.11886868686868687,1.783030303030303,145.91567551082647,303.0,13.48,99.0,0.0,1.0,0,0.0,1.0
43,rand_st,none,0.8,96,0.96,18.0,602.7745010526318,0.0977216374269006,1.7589894736842104,131.58448185165702,305.0,13.896,95.0,0.0,1.0,0,0.0,1.0
44,rand_st,none,0.8,100,1.0,16.0,602.4486505050505,0.10947727272727271,1.7516363636363634,86.89556307102114,207.0,13.588,99.0,0.0,1.0,0,0.0,1.0
45,rand_st,none,0.8,100,1.0,15.0,606.2251717171717,0.12051178451178451,1.8076767676767678,121.11121212121212,209.0,13.04,99.0,0.0,1.0,0,0.0,1.0
46,rand_st,none,0.8,99,0.99,16.0,604.9099795918368,0.1117780612244898,1.7884489795918368,85.58340976255987,202.0,12.732,98.0,0.0,1.0,0,0.0,1.0
47,rand_st,none,0.8,100,1.0,17.0,598.7667919191921,0.09967676767676767,1.6945050505050505,105.00383857770595,208.0,14.244,99.0,0.0,1.0,0,0.0,1.0
48,rand_st,none,0.8,99,0.99,18.0,601.7096408163266,0.09654421768707482,1.737795918367347,86.20016314877128,204.0,12.696,98.0,0.0,1.0,0,0.0,1.0
49,rand_st,none,0.8,100,1.0,16.0,601.0950626262627,0.10812121212121212,1.7299393939393939,110.59617422904154,211.0,13.736,99.0,0.0,1.0,0,0.0,1.0
0,rand_st,none,0.9,99,0.99,19.0,610.2508979591838,0.09712996777658431,1.8454693877551018,113.55387114239306,303.0,6.144,98.0,0.0,1.0,0,0.0,1.0
1,rand_st,none,0.9,100,1.0,15.0,611.2126424242424,0.12395690235690236,1.8593535353535353,132.56731115107914,304.0,5.924,99.0,0.0,1.0,0,0.0,1.0
2,rand_st,none,0.9,100,1.0,17.0,609.102383838384,0.10750802139037433,1.8276363636363635,105.39615954058056,301.0,6.064,99.0,0.0,1.0,0,0.0,1.0
3,rand_st,none,0.9,99,0.99,16.0,608.4894775510204,0.11376020408163266,1.8201632653061226,103.80038117711122,212.0,6.624,98.0,0.0,1.0,0,0.0,1.0
4,rand_st,none,0.9,100,1.0,16.0,609.9740323232323,0.11513383838383838,1.842141414141414,152.92738207441317,311.0,6.628,99.0,0.0,1.0,0,0.0,1.0
5,rand_st,none,0.9,97,0.97,17.0,607.5929625,0.10630147058823529,1.807125,115.9524953789279,211.0,6.516,96.0,0.0,1.0,0,0.0,1.0
6,rand_st,none,0.9,100,1.0,19.0,610.6928121212121,0.09755874534821903,1.8536161616161617,112.77962521907159,308.0,6.492,99.0,0.0,1.0,0,0.0,1.0
7,rand_st,none,0.9,100,1.0,15.0,607.0723797979798,0.11995690235690236,1.7993535353535353,85.64491968958671,213.0,6.864,99.0,0.0,1.0,0,0.0,1.0
8,rand_st,none,0.9,100,1.0,21.0,606.2993292929294,0.08504088504088503,1.7858585858585858,60.712576192183576,121.0,6.2,99.0,0.0,1.0,0,0.0,1.0
9,rand_st,none,0.9,100,1.0,18.0,608.2680444444446,0.10083726150392817,1.815070707070707,80.23916554508749,210.0,6.308,99.0,0.0,1.0,0,0.0,1.0
10,rand_st,none,0.9,100,1.0,17.0,611.2526060606062,0.10950445632798575,1.8615757575757574,103.98131596676397,212.0,6.704,99.0,0.0,1.0,0,0.0,1.0
11,rand_st,none,0.9,100,1.0,19.0,609.7911515151516,0.09678681552365764,1.8389494949494947,110.93667770518213,302.0,5.944,99.0,0.0,1.0,0,0.0,1.0
12,rand_st,none,0.9,100,1.0,18.0,608.6762424242426,0.10126599326599327,1.8227878787878788,104.37690309869247,302.0,6.544,99.0,0.0,1.0,0,0.0,1.0
13,rand_st,none,0.9,100,1.0,15.0,607.8866626262627,0.12072457912457912,1.8108686868686867,134.10516588532275,308.0,6.724,99.0,0.0,1.0,0,0.0,1.0
14,rand_st,none,0.9,100,1.0,17.0,609.0484808080809,0.10763874034462267,1.8298585858585856,84.21682251393634,203.0,6.844,99.0,0.0,1.0,0,0.0,1.0
15,rand_st,none,0.9,100,1.0,15.0,608.1659555555557,0.12097508417508418,1.8146262626262626,96.87885729686026,214.0,6.352,99.0,0.0,1.0,0,0.0,1.0
16,rand_st,none,0.9,82,0.82,16.0,611.2545234567903,0.11636728395061727,1.8618765432098763,109.77217962760132,213.0,5.188,81.0,0.0,1.0,0,0.0,1.0
17,rand_st,none,0.9,97,0.97,20.0,608.6853166666667,0.0911125,1.82225,107.6018093249826,303.0,6.064,96.0,0.0,1.0,0,0.0,1.0
18,rand_st,none,0.9,100,1.0,14.0,608.04378989899,0.1295007215007215,1.8130101010101012,105.79422756540141,213.0,6.512,99.0,0.0,1.0,0,0.0,1.0
19,rand_st,none,0.9,100,1.0,16.0,609.485397979798,0.11467676767676767,1.8348282828282827,111.93258225234526,208.0,6.352,99.0,0.0,1.0,0,0.0,1.0
20,rand_st,none,0.9,100,1.0,16.0,609.7586383838385,0.11502777777777777,1.8404444444444443,92.62715225818083,212.0,6.796,99.0,0.0,1.0,0,0.0,1.0
21,rand_st,none,0.9,100,1.0,15.0,611.7339838383839,0.12449023569023569,1.8673535353535353,154.24561089215334,307.0,6.132,99.0,0.0,1.0,0,0.0,1.0
22,rand_st,none,0.9,97,0.97,15.0,610.2455583333333,0.12317777777777777,1.8476666666666666,97.54191602876362,210.0,6.624,96.0,0.0,1.0,0,0.0,1.0
23,rand_st,none,0.9,97,0.97,14.0,612.1086208333335,0.1338541666666667,1.8739583333333334,93.54010025062657,209.0,6.1,96.0,0.0,1.0,0,0.0,1.0
24,rand_st,none,0.9,100,1.0,15.0,611.2857131313132,0.12418047138047139,1.8627070707070708,106.66974502207407,301.0,6.592,99.0,0.0,1.0,0,0.0,1.0
25,rand_st,none,0.9,99,0.99,14.0,608.6765510204083,0.13017784256559764,1.8224897959183672,87.46693577648766,207.0,6.396,98.0,0.0,1.0,0,0.0,1.0
26,rand_st,none,0.9,100,1.0,18.0,609.5214181818184,0.10199102132435466,1.8358383838383838,100.19747804548525,211.0,6.252,99.0,0.0,1.0,0,0.0,1.0
27,rand_st,none,0.9,100,1.0,16.0,608.3020686868688,0.11348989898989899,1.8158383838383838,99.05935744776454,206.0,6.232,99.0,0.0,1.0,0,0.0,1.0
28,rand_st,none,0.9,100,1.0,16.0,607.3349090909093,0.11264141414141414,1.8022626262626262,91.58850924723478,216.0,6.576,99.0,0.0,1.0,0,0.0,1.0
29,rand_st,none,0.9,100,1.0,14.0,609.9977010101011,0.13166810966810966,1.8433535353535353,113.67073610235157,206.0,6.508,99.0,0.0,1.0,0,0.0,1.0
30,rand_st,none,0.9,93,0.93,19.0,613.6982826086958,0.09998855835240275,1.899782608695652,93.4812030075188,215.0,6.22,92.0,0.0,1.0,0,0.0,1.0
31,rand_st,none,0.9,100,1.0,16.0,609.9379151515153,0.11515656565656565,1.8425050505050504,108.7294997072995,304.0,6.592,99.0,0.0,1.0,0,0.0,1.0
32,rand_st,none,0.9,100,1.0,19.0,609.4746424242426,0.09656990962254122,1.8348282828282827,76.26039612833841,207.0,6.352,99.0,0.0,1.0,0,0.0,1.0
33,rand_st,none,0.9,100,1.0,14.0,611.7380363636365,0.13344300144300145,1.8682020202020202,154.42794348508633,304.0,6.048,99.0,0.0,1.0,0,0.0,1.0
34,rand_st,none,0.9,100,1.0,15.0,611.1796363636365,0.12392188552188552,1.8588282828282827,99.91736350221348,207.0,5.976,99.0,0.0,1.0,0,0.0,1.0
35,rand_st,none,0.9,100,1.0,22.0,603.6328282828284,0.07936271808999082,1.7459797979797977,59.30319626503861,205.0,6.148,99.0,0.0,1.0,0,0.0,1.0
36,rand_st,none,0.9,97,0.97,17.0,607.224275,0.10607352941176469,1.80325,90.45060474563752,309.0,6.888,96.0,0.0,1.0,0,0.0,1.0
37,rand_st,none,0.9,96,0.96,15.0,611.8004547368422,0.12451929824561404,1.8677894736842107,153.79463451112358,302.0,5.56,95.0,0.0,1.0,0,0.0,1.0
38,rand_st,none,0.9,100,1.0,16.0,611.3915151515151,0.1164949494949495,1.863919191919192,114.16208348262272,208.0,6.472,99.0,0.0,1.0,0,0.0,1.0
39,rand_st,none,0.9,100,1.0,15.0,608.8318141414143,0.12169158249158249,1.825373737373737,103.5578753591954,212.0,6.288,99.0,0.0,1.0,0,0.0,1.0
40,rand_st,none,0.9,100,1.0,16.0,612.2662020202022,0.11725505050505049,1.8760808080808078,142.4578356533453,305.0,6.268,99.0,0.0,1.0,0,0.0,1.0
41,rand_st,none,0.9,100,1.0,15.0,610.1151959595961,0.12295488215488216,1.8443232323232324,89.66198321138394,213.0,6.412,99.0,0.0,1.0,0,0.0,1.0
42,rand_st,none,0.9,100,1.0,15.0,610.5261656565657,0.12340471380471381,1.8510707070707069,145.7086599981977,303.0,6.744,99.0,0.0,1.0,0,0.0,1.0
43,rand_st,none,0.9,96,0.96,18.0,609.2326989473687,0.10183391812865497,1.8330105263157894,131.66468495459227,305.0,6.864,95.0,0.0,1.0,0,0.0,1.0
44,rand_st,none,0.9,100,1.0,16.0,608.703701010101,0.11395454545454543,1.823272727272727,87.05455927731317,207.0,6.496,99.0,0.0,1.0,0,0.0,1.0
45,rand_st,none,0.9,100,1.0,15.0,612.0690060606061,0.12493737373737374,1.874060606060606,120.8083310889667,209.0,6.468,99.0,0.0,1.0,0,0.0,1.0
46,rand_st,none,0.9,99,0.99,16.0,610.6712040816328,0.11584438775510204,1.8535102040816327,85.72402376525012,202.0,6.356,98.0,0.0,1.0,0,0.0,1.0
47,rand_st,none,0.9,100,1.0,17.0,604.955195959596,0.10395008912655972,1.7671515151515151,104.92132105144911,208.0,7.052,99.0,0.0,1.0,0,0.0,1.0
48,rand_st,none,0.9,99,0.99,18.0,607.5300938775512,0.1002562358276644,1.8046122448979591,86.15569757954854,204.0,6.148,98.0,0.0,1.0,0,0.0,1.0
49,rand_st,none,0.9,100,1.0,16.0,607.0863676767677,0.11244949494949495,1.7991919191919192,110.7090287462324,211.0,6.88,99.0,0.0,1.0,0,0.0,1.0
0,rand_st,none,1.0,99,0.99,19.0,615.7285714285716,0.10042964554242752,1.9081632653061225,113.63265306122449,303.0,0.0,98.0,nan,1.0,0,0.0,1.0
1,rand_st,none,1.0,100,1.0,15.0,616.469696969697,0.12794612794612797,1.9191919191919191,132.77777777777777,304.0,0.0,99.0,nan,1.0,0,0.0,1.0
2,rand_st,none,1.0,100,1.0,17.0,614.4333333333334,0.11111111111111115,1.888888888888889,105.1919191919192,301.0,0.0,99.0,nan,1.0,0,0.0,1.0
3,rand_st,none,1.0,99,0.99,16.0,614.357142857143,0.11798469387755103,1.8877551020408165,103.60204081632654,212.0,0.0,98.0,nan,1.0,0,0.0,1.0
4,rand_st,none,1.0,100,1.0,16.0,615.7909090909092,0.11931818181818185,1.9090909090909096,153.14141414141415,311.0,0.0,99.0,nan,1.0,0,0.0,1.0
5,rand_st,none,1.0,97,0.97,17.0,613.5000000000001,0.11029411764705885,1.875,116.125,211.0,0.0,96.0,nan,1.0,0,0.0,1.0
6,rand_st,none,1.0,100,1.0,19.0,616.469696969697,0.10101010101010101,1.9191919191919191,112.91919191919192,308.0,0.0,99.0,nan,1.0,0,0.0,1.0
7,rand_st,none,1.0,100,1.0,15.0,613.0757575757577,0.1245791245791246,1.8686868686868687,85.51515151515152,213.0,0.0,99.0,nan,1.0,0,0.0,1.0
8,rand_st,none,1.0,100,1.0,21.0,611.7181818181817,0.08802308802308803,1.848484848484848,60.656565656565654,121.0,0.0,99.0,nan,1.0,0,0.0,1.0
9,rand_st,none,1.0,100,1.0,18.0,613.7545454545456,0.10437710437710439,1.878787878787879,80.28282828282828,210.0,0.0,99.0,nan,1.0,0,0.0,1.0
10,rand_st,none,1.0,100,1.0,17.0,617.148484848485,0.1134878193701723,1.9292929292929295,104.12121212121212,212.0,0.0,99.0,nan,1.0,0,0.0,1.0
11,rand_st,none,1.0,100,1.0,19.0,615.1121212121213,0.09994683678894202,1.8989898989898992,110.79797979797979,302.0,0.0,99.0,nan,1.0,0,0.0,1.0
12,rand_st,none,1.0,100,1.0,18.0,614.4333333333334,0.10493827160493828,1.888888888888889,104.46464646464646,302.0,0.0,99.0,nan,1.0,0,0.0,1.0
13,rand_st,none,1.0,100,1.0,15.0,613.7545454545456,0.12525252525252523,1.878787878787879,134.2929292929293,308.0,0.0,99.0,nan,1.0,0,0.0,1.0
14,rand_st,none,1.0,100,1.0,17.0,615.1121212121213,0.11170528817587644,1.8989898989898992,84.37373737373737,206.0,0.0,99.0,nan,1.0,0,0.0,1.0
15,rand_st,none,1.0,100,1.0,15.0,613.7545454545456,0.12525252525252523,1.878787878787879,96.88888888888889,214.0,0.0,99.0,nan,1.0,0,0.0,1.0
16,rand_st,none,1.0,82,0.82,16.0,616.9222222222222,0.12037037037037038,1.925925925925926,109.93827160493827,213.0,0.0,81.0,nan,1.0,0,0.0,1.0
17,rand_st,none,1.0,97,0.97,20.0,614.2000000000002,0.09427083333333332,1.885416666666667,107.95833333333333,303.0,0.0,96.0,nan,1.0,0,0.0,1.0
18,rand_st,none,1.0,100,1.0,14.0,613.7545454545456,0.13419913419913423,1.878787878787879,105.78787878787878,213.0,0.0,99.0,nan,1.0,0,0.0,1.0
19,rand_st,none,1.0,100,1.0,16.0,615.1121212121213,0.1186868686868687,1.8989898989898992,111.94949494949495,208.0,0.0,99.0,nan,1.0,0,0.0,1.0
20,rand_st,none,1.0,100,1.0,16.0,615.7909090909092,0.11931818181818185,1.9090909090909096,92.85858585858585,212.0,0.0,99.0,nan,1.0,0,0.0,1.0
21,rand_st,none,1.0,100,1.0,15.0,617.148484848485,0.1286195286195286,1.9292929292929295,154.24242424242425,307.0,0.0,99.0,nan,1.0,0,0.0,1.0
22,rand_st,none,1.0,97,0.97,15.0,616.3,0.12777777777777777,1.916666666666667,97.65625,210.0,0.0,96.0,nan,1.0,0,0.0,1.0
23,rand_st,none,1.0,97,0.97,14.0,617.7000000000002,0.13839285714285718,1.9375,93.4375,209.0,0.0,96.0,nan,1.0,0,0.0,1.0
24,rand_st,none,1.0,100,1.0,15.0,617.148484848485,0.1286195286195286,1.9292929292929295,106.73737373737374,301.0,0.0,99.0,nan,1.0,0,0.0,1.0
25,rand_st,none,1.0,99,0.99,14.0,614.357142857143,0.13483965014577262,1.8877551020408165,87.55102040816327,207.0,0.0,98.0,nan,1.0,0,0.0,1.0
26,rand_st,none,1.0,100,1.0,18.0,615.1121212121213,0.10549943883277214,1.8989898989898992,99.96969696969697,211.0,0.0,99.0,nan,1.0,0,0.0,1.0
27,rand_st,none,1.0,100,1.0,16.0,613.7545454545456,0.11742424242424243,1.878787878787879,98.93939393939394,206.0,0.0,99.0,nan,1.0,0,0.0,1.0
28,rand_st,none,1.0,100,1.0,16.0,613.0757575757577,0.1167929292929293,1.8686868686868687,91.9090909090909,216.0,0.0,99.0,nan,1.0,0,0.0,1.0
29,rand_st,none,1.0,100,1.0,14.0,615.7909090909092,0.13636363636363633,1.9090909090909096,113.79797979797979,206.0,0.0,99.0,nan,1.0,0,0.0,1.0
30,rand_st,none,1.0,93,0.93,19.0,619.708695652174,0.10354691075514875,1.9673913043478264,93.41304347826087,215.0,0.0,92.0,nan,1.0,0,0.0,1.0
31,rand_st,none,1.0,100,1.0,16.0,615.7909090909092,0.11931818181818185,1.9090909090909096,108.81818181818181,304.0,0.0,99.0,nan,1.0,0,0.0,1.0
32,rand_st,none,1.0,100,1.0,19.0,615.1121212121213,0.09994683678894202,1.8989898989898992,76.22222222222223,210.0,0.0,99.0,nan,1.0,0,0.0,1.0
33,rand_st,none,1.0,100,1.0,14.0,617.148484848485,0.13780663780663782,1.9292929292929295,154.2929292929293,304.0,0.0,99.0,nan,1.0,0,0.0,1.0
34,rand_st,none,1.0,100,1.0,15.0,616.469696969697,0.12794612794612797,1.9191919191919191,99.96969696969697,207.0,0.0,99.0,nan,1.0,0,0.0,1.0
35,rand_st,none,1.0,100,1.0,22.0,609.0030303030305,0.08218549127640039,1.8080808080808084,59.44444444444444,205.0,0.0,99.0,nan,1.0,0,0.0,1.0
36,rand_st,none,1.0,97,0.97,17.0,613.5000000000001,0.11029411764705885,1.875,90.29166666666667,309.0,0.0,96.0,nan,1.0,0,0.0,1.0
37,rand_st,none,1.0,96,0.96,15.0,616.9484210526316,0.12842105263157896,1.926315789473684,153.89473684210526,302.0,0.0,95.0,nan,1.0,0,0.0,1.0
38,rand_st,none,1.0,100,1.0,16.0,617.148484848485,0.1205808080808081,1.9292929292929295,114.12121212121212,208.0,0.0,99.0,nan,1.0,0,0.0,1.0
39,rand_st,none,1.0,100,1.0,15.0,614.4333333333334,0.12592592592592594,1.888888888888889,103.4949494949495,212.0,0.0,99.0,nan,1.0,0,0.0,1.0
40,rand_st,none,1.0,100,1.0,16.0,617.8272727272727,0.12121212121212119,1.939393939393939,142.4747474747475,305.0,0.0,99.0,nan,1.0,0,0.0,1.0
41,rand_st,none,1.0,100,1.0,15.0,615.7909090909092,0.12727272727272723,1.9090909090909096,89.5959595959596,213.0,0.0,99.0,nan,1.0,0,0.0,1.0
42,rand_st,none,1.0,100,1.0,15.0,616.469696969697,0.12794612794612797,1.9191919191919191,145.76767676767676,303.0,0.0,99.0,nan,1.0,0,0.0,1.0
43,rand_st,none,1.0,96,0.96,18.0,615.5336842105263,0.10584795321637429,1.9052631578947365,131.97894736842105,305.0,0.0,95.0,nan,1.0,0,0.0,1.0
44,rand_st,none,1.0,100,1.0,16.0,614.4333333333334,0.11805555555555557,1.888888888888889,87.07070707070707,207.0,0.0,99.0,nan,1.0,0,0.0,1.0
45,rand_st,none,1.0,100,1.0,15.0,617.8272727272727,0.12929292929292927,1.939393939393939,120.84848484848484,209.0,0.0,99.0,nan,1.0,0,0.0,1.0
46,rand_st,none,1.0,99,0.99,16.0,616.4142857142859,0.11989795918367349,1.9183673469387759,85.75510204081633,202.0,0.0,98.0,nan,1.0,0,0.0,1.0
47,rand_st,none,1.0,100,1.0,17.0,611.039393939394,0.10814022578728458,1.8383838383838382,104.98989898989899,208.0,0.0,99.0,nan,1.0,0,0.0,1.0
48,rand_st,none,1.0,99,0.99,18.0,612.9857142857143,0.10374149659863943,1.8673469387755106,86.0204081632653,204.0,0.0,98.0,nan,1.0,0,0.0,1.0
49,rand_st,none,1.0,100,1.0,16.0,613.0757575757577,0.1167929292929293,1.8686868686868687,110.34343434343434,211.0,0.0,99.0,nan,1.0,0,0.0,1.0
0,rand_dt,none,0.0,99,0.99,19.54,529.0510204081631,0.04652796229906863,0.9081632653061222,nan,nan,98.0,98.0,0.0,nan,0,nan,nan
1,rand_dt,none,0.0,100,1.0,14.676,529.5252525252525,0.06279451376510199,0.9191919191919191,nan,nan,99.0,99.0,0.0,nan,0,nan,nan
2,rand_dt,none,0.0,100,1.0,17.212,528.2222222222223,0.05179738671296978,0.8888888888888892,nan,nan,99.0,99.0,0.0,nan,0,nan,nan
3,rand_dt,none,0.0,99,0.99,15.108,528.1734693877551,0.05888800377293775,0.8877551020408164,nan,nan,98.0,98.0,0.0,nan,0,nan,nan
4,rand_dt,none,0.0,100,1.0,16.724,529.0909090909091,0.054444444444444434,0.909090909090909,nan,nan,99.0,99.0,0.0,nan,0,nan,nan
5,rand_dt,none,0.0,97,0.97,16.812,527.6250000000001,0.05214572583419333,0.875,nan,nan,96.0,96.0,0.0,nan,0,nan,nan
6,rand_dt,none,0.0,100,1.0,19.08,529.5252525252525,0.048185007974481664,0.9191919191919191,nan,nan,99.0,99.0,0.0,nan,0,nan,nan
7,rand_dt,none,0.0,100,1.0,16.084,527.3535353535354,0.054131234602648425,0.8686868686868686,nan,nan,99.0,99.0,0.0,nan,0,nan,nan
8,rand_dt,none,0.0,100,1.0,20.212,526.4848484848484,0.04205405332711345,0.8484848484848484,nan,nan,99.0,99.0,0.0,nan,0,nan,nan
9,rand_dt,none,0.0,100,1.0,19.272,527.7878787878789,0.04567570579340914,0.8787878787878788,nan,nan,99.0,99.0,0.0,nan,0,nan,nan
10,rand_dt,none,0.0,100,1.0,17.364,529.9595959595962,0.053566528720295485,0.9292929292929291,nan,nan,99.0,99.0,0.0,nan,0,nan,nan
11,rand_dt,none,0.0,100,1.0,18.78,528.6565656565656,0.04798262828789145,0.8989898989898991,nan,nan,99.0,99.0,0.0,nan,0,nan,nan
12,rand_dt,none,0.0,100,1.0,16.564,528.2222222222224,0.05378958070557658,0.8888888888888892,nan,nan,99.0,99.0,0.0,nan,0,nan,nan
13,rand_dt,none,0.0,100,1.0,15.976,527.7878787878789,0.05512125173301645,0.8787878787878788,nan,nan,99.0,99.0,0.0,nan,0,nan,nan
14,rand_dt,none,0.0,100,1.0,15.868,528.6565656565656,0.05673419489007725,0.8989898989898991,nan,nan,99.0,99.0,0.0,nan,0,nan,nan
15,rand_dt,none,0.0,100,1.0,14.244,527.7878787878789,0.06188437118437119,0.8787878787878788,nan,nan,99.0,99.0,0.0,nan,0,nan,nan
16,rand_dt,none,0.0,82,0.82,16.504,529.8148148148148,0.05617538763393595,0.9259259259259257,nan,nan,81.0,81.0,0.0,nan,0,nan,nan
17,rand_dt,none,0.0,97,0.97,18.468,528.0729166666667,0.047988547758284594,0.8854166666666666,nan,nan,96.0,96.0,0.0,nan,0,nan,nan
18,rand_dt,none,0.0,100,1.0,14.512,527.7878787878789,0.060682187093951796,0.8787878787878788,nan,nan,99.0,99.0,0.0,nan,0,nan,nan
19,rand_dt,none,0.0,100,1.0,15.62,528.6565656565656,0.05769786001942865,0.8989898989898991,nan,nan,99.0,99.0,0.0,nan,0,nan,nan
20,rand_dt,none,0.0,100,1.0,16.256,529.0909090909091,0.055965537730243604,0.909090909090909,nan,nan,99.0,99.0,0.0,nan,0,nan,nan
21,rand_dt,none,0.0,100,1.0,15.068,529.9595959595961,0.0616895622895623,0.9292929292929291,nan,nan,99.0,99.0,0.0,nan,0,nan,nan
22,rand_dt,none,0.0,97,0.97,14.884,529.4166666666667,0.061739939309056954,0.9166666666666665,nan,nan,96.0,96.0,0.0,nan,0,nan,nan
23,rand_dt,none,0.0,97,0.97,14.272,530.3125,0.06585319368131867,0.9375,nan,nan,96.0,96.0,0.0,nan,0,nan,nan
24,rand_dt,none,0.0,100,1.0,15.804,529.9595959595961,0.05892209470001008,0.9292929292929291,nan,nan,99.0,99.0,0.0,nan,0,nan,nan
25,rand_dt,none,0.0,99,0.99,15.264,528.1734693877551,0.05834112546117348,0.8877551020408164,nan,nan,98.0,98.0,0.0,nan,0,nan,nan
26,rand_dt,none,0.0,100,1.0,17.556,528.6565656565656,0.05127514289784673,0.8989898989898991,nan,nan,99.0,99.0,0.0,nan,0,nan,nan
27,rand_dt,none,0.0,100,1.0,16.16,527.7878787878789,0.05440874430580313,0.8787878787878788,nan,nan,99.0,99.0,0.0,nan,0,nan,nan
28,rand_dt,none,0.0,100,1.0,15.052,527.3535353535353,0.05786026370144017,0.8686868686868686,nan,nan,99.0,99.0,0.0,nan,0,nan,nan
29,rand_dt,none,0.0,100,1.0,14.548,529.0909090909091,0.06262953712953713,0.909090909090909,nan,nan,99.0,99.0,0.0,nan,0,nan,nan
30,rand_dt,none,0.0,93,0.93,19.076,531.5978260869564,0.05072185354691074,0.967391304347826,nan,nan,92.0,92.0,0.0,nan,0,nan,nan
31,rand_dt,none,0.0,100,1.0,14.668,529.0909090909091,0.06208441558441559,0.909090909090909,nan,nan,99.0,99.0,0.0,nan,0,nan,nan
32,rand_dt,none,0.0,100,1.0,18.728,528.6565656565656,0.04805337586390219,0.8989898989898991,nan,nan,99.0,99.0,0.0,nan,0,nan,nan
33,rand_dt,none,0.0,100,1.0,14.492,529.9595959595961,0.06422884871120166,0.9292929292929291,nan,nan,99.0,99.0,0.0,nan,0,nan,nan
34,rand_dt,none,0.0,100,1.0,14.932,529.5252525252525,0.06171017693272595,0.9191919191919191,nan,nan,99.0,99.0,0.0,nan,0,nan,nan
35,rand_dt,none,0.0,100,1.0,21.076,524.7474747474746,0.038410231671725324,0.8080808080808081,nan,nan,99.0,99.0,0.0,nan,0,nan,nan
36,rand_dt,none,0.0,97,0.97,16.38,527.6250000000001,0.05346936274509803,0.875,nan,nan,96.0,96.0,0.0,nan,0,nan,nan
37,rand_dt,none,0.0,96,0.96,17.112,529.8315789473683,0.054254589828544524,0.9263157894736842,nan,nan,95.0,95.0,0.0,nan,0,nan,nan
38,rand_dt,none,0.0,100,1.0,15.892,529.9595959595962,0.05859951145441342,0.9292929292929291,nan,nan,99.0,99.0,0.0,nan,0,nan,nan
39,rand_dt,none,0.0,100,1.0,15.28,528.2222222222223,0.05830318497769477,0.8888888888888892,nan,nan,99.0,99.0,0.0,nan,0,nan,nan
40,rand_dt,none,0.0,100,1.0,16.02,530.3939393939393,0.05877082121524846,0.9393939393939394,nan,nan,99.0,99.0,0.0,nan,0,nan,nan
41,rand_dt,none,0.0,100,1.0,15.624,529.0909090909091,0.058274212715389184,0.909090909090909,nan,nan,99.0,99.0,0.0,nan,0,nan,nan
42,rand_dt,none,0.0,100,1.0,15.816,529.5252525252525,0.0582602462533835,0.9191919191919191,nan,nan,99.0,99.0,0.0,nan,0,nan,nan
43,rand_dt,none,0.0,96,0.96,17.708,528.9263157894737,0.05119697572103634,0.9052631578947369,nan,nan,95.0,95.0,0.0,nan,0,nan,nan
44,rand_dt,none,0.0,100,1.0,16.764,528.2222222222224,0.0531491189848259,0.8888888888888892,nan,nan,99.0,99.0,0.0,nan,0,nan,nan
45,rand_dt,none,0.0,100,1.0,15.184,530.3939393939393,0.0619060606060606,0.9393939393939394,nan,nan,99.0,99.0,0.0,nan,0,nan,nan
46,rand_dt,none,0.0,99,0.99,16.096,529.4897959183673,0.057220394172706676,0.9183673469387756,nan,nan,98.0,98.0,0.0,nan,0,nan,nan
47,rand_dt,none,0.0,100,1.0,17.28,526.0505050505052,0.04860196478024136,0.8383838383838386,nan,nan,99.0,99.0,0.0,nan,0,nan,nan
48,rand_dt,none,0.0,99,0.99,16.452,527.2959183673469,0.05287481245631085,0.8673469387755102,nan,nan,98.0,98.0,0.0,nan,0,nan,nan
49,rand_dt,none,0.0,100,1.0,16.384,527.3535353535354,0.05314218066457488,0.8686868686868686,nan,nan,99.0,99.0,0.0,nan,0,nan,nan
0,rand_dt,none,0.02,99,0.99,19.54,533.4040040816327,0.04924079679718777,0.9611836734693878,113.63374485596708,301.0,92.804,98.0,0.0,1.0,0,0.0,1.0
1,rand_dt,none,0.02,100,1.0,14.676,534.7497656565656,0.0670292951057657,0.9812929292929293,161.00422832980973,401.4,92.852,99.0,0.0,1.0,0,0.0,1.0
2,rand_dt,none,0.02,100,1.0,17.212,533.1624565656566,0.055274374016840475,0.9486060606060606,128.1285140562249,314.15,93.088,99.0,0.0,1.0,0,0.0,1.0
3,rand_dt,none,0.02,99,0.99,15.108,532.772612244898,0.06261599354027325,0.944,116.02057613168725,302.0,92.488,98.0,0.0,1.0,0,0.0,1.0
4,rand_dt,none,0.02,100,1.0,16.724,533.6820080808083,0.057763831121674256,0.9644848484848485,133.6279569892473,313.79999999999995,93.516,99.0,0.0,1.0,0,0.0,1.0
5,rand_dt,none,0.02,97,0.97,16.812,532.3937125000001,0.05562640465542942,0.9332916666666666,109.39442231075697,301.0,90.404,96.0,0.0,1.0,0,0.0,1.0
6,rand_dt,none,0.02,100,1.0,19.08,534.7139878787879,0.051461350345560875,0.9817373737373737,145.74257425742573,310.79999999999995,92.808,99.0,0.0,1.0,0,0.0,1.0
7,rand_dt,none,0.02,100,1.0,16.084,532.0466464646464,0.05769589079650999,0.926020202020202,108.67704280155642,305.34999999999997,93.324,99.0,0.0,1.0,0,0.0,1.0
8,rand_dt,none,0.02,100,1.0,20.212,530.7929858585859,0.04468791652145095,0.9015757575757575,93.95303326810176,216.0,93.744,99.0,0.0,1.0,0,0.0,1.0
9,rand_dt,none,0.02,100,1.0,19.272,532.2108565656566,0.048467077550012165,0.9325656565656566,104.49007936507937,218.0,93.676,99.0,0.0,1.0,0,0.0,1.0
10,rand_dt,none,0.02,100,1.0,17.364,535.3108242424242,0.05723334479990826,0.9929292929292931,150.47058823529412,311.0,92.7,99.0,0.0,1.0,0,0.0,1.0
11,rand_dt,none,0.02,100,1.0,18.78,532.8212848484849,0.05070967446344123,0.950060606060606,103.87982832618026,217.75,93.944,99.0,0.0,1.0,0,0.0,1.0
12,rand_dt,none,0.02,100,1.0,16.564,532.8065373737375,0.057169416907291,0.9446464646464646,119.14343434343435,308.0,93.48,99.0,0.0,1.0,0,0.0,1.0
13,rand_dt,none,0.02,100,1.0,15.976,533.020395959596,0.05908559120617944,0.9419797979797979,141.03326810176125,311.0,92.744,99.0,0.0,1.0,0,0.0,1.0
14,rand_dt,none,0.02,100,1.0,15.868,533.066892929293,0.06015069320657556,0.9531313131313132,106.880859375,253.69999999999902,93.64,99.0,0.0,1.0,0,0.0,1.0
15,rand_dt,none,0.02,100,1.0,14.244,532.2272202020202,0.06570767565767566,0.932969696969697,111.10593220338983,214.0,93.636,99.0,0.0,1.0,0,0.0,1.0
16,rand_dt,none,0.02,82,0.82,16.504,534.3014320987654,0.05949007291892282,0.9806419753086419,121.86889460154242,304.0,76.568,81.0,0.0,1.0,0,0.0,1.0
17,rand_dt,none,0.02,97,0.97,18.468,532.38295,0.050857517056530216,0.9383333333333334,106.81876332622602,219.0,90.92,96.0,0.0,1.0,0,0.0,1.0
18,rand_dt,none,0.02,100,1.0,14.512,532.4597575757576,0.0646165039753275,0.9358383838383838,121.47695390781563,304.0,93.352,99.0,0.0,1.0,0,0.0,1.0
19,rand_dt,none,0.02,100,1.0,15.62,533.2693575757577,0.06132342330871742,0.9554747474747476,111.96793587174349,301.09999999999997,93.408,99.0,0.0,1.0,0,0.0,1.0
20,rand_dt,none,0.02,100,1.0,16.256,534.4295676767678,0.059928748266983564,0.9735757575757576,137.939736346516,309.0,92.616,99.0,0.0,1.0,0,0.0,1.0
21,rand_dt,none,0.02,100,1.0,15.068,535.4469979797979,0.06601952861952863,0.9945050505050504,167.03353057199212,403.7,92.544,99.0,0.0,1.0,0,0.0,1.0
22,rand_dt,none,0.02,97,0.97,14.884,533.9384333333334,0.06543699667366946,0.9715,121.54329004329004,302.0,90.736,96.0,0.0,1.0,0,0.0,1.0
23,rand_dt,none,0.02,97,0.97,14.272,535.5289416666667,0.07025597336691086,1.0,153.71274298056156,309.9,90.0,96.0,0.0,1.0,0,0.0,1.0
24,rand_dt,none,0.02,100,1.0,15.804,534.4599797979798,0.06239320883412731,0.984040404040404,119.31147540983606,304.65,93.58,99.0,0.0,1.0,0,0.0,1.0
25,rand_dt,none,0.02,99,0.99,15.264,532.6066857142858,0.06190603358559541,0.9421224489795919,111.33673469387755,216.0,92.672,98.0,0.0,1.0,0,0.0,1.0
26,rand_dt,none,0.02,100,1.0,17.556,532.6795838383839,0.05410565024166676,0.9485656565656566,109.13063063063063,288.39999999999714,94.092,99.0,0.0,1.0,0,0.0,1.0
27,rand_dt,none,0.02,100,1.0,16.16,532.5560606060606,0.057996715521225324,0.9367676767676768,124.48297872340426,308.0,93.26,99.0,0.0,1.0,0,0.0,1.0
28,rand_dt,none,0.02,100,1.0,15.052,532.1096646464646,0.06172430891548539,0.9267070707070707,110.19502868068834,302.0,93.256,99.0,0.0,1.0,0,0.0,1.0
29,rand_dt,none,0.02,100,1.0,14.548,533.6158585858587,0.06645037185037185,0.9645656565656566,104.39754098360656,213.0,93.508,99.0,0.0,1.0,0,0.0,1.0
30,rand_dt,none,0.02,93,0.93,19.076,536.2374043478261,0.05365194508009154,1.0232608695652174,124.50535331905782,307.7,86.86,92.0,0.0,1.0,0,0.0,1.0
31,rand_dt,none,0.02,100,1.0,14.668,534.0360525252526,0.06617898027898028,0.968929292929293,123.75954198473282,309.0,93.076,99.0,0.0,1.0,0,0.0,1.0
32,rand_dt,none,0.02,100,1.0,18.728,533.0717414141413,0.050932577234331616,0.9528888888888889,112.74255319148936,217.54999999999995,93.664,99.0,0.0,1.0,0,0.0,1.0
33,rand_dt,none,0.02,100,1.0,14.492,534.7577898989899,0.06824362532891945,0.9874343434343434,143.65271966527197,306.15,93.244,99.0,0.0,1.0,0,0.0,1.0
34,rand_dt,none,0.02,100,1.0,14.932,534.3564525252525,0.06564808071376699,0.9778585858585859,123.97211155378486,303.0,93.192,99.0,0.0,1.0,0,0.0,1.0
35,rand_dt,none,0.02,100,1.0,21.076,528.8950141414142,0.040864884183149215,0.8597171717171717,79.01156069364161,218.0,93.888,99.0,0.0,1.0,0,0.0,1.0
36,rand_dt,none,0.02,97,0.97,16.38,531.966375,0.05673195806100218,0.9284166666666667,112.85802469135803,216.0,90.872,96.0,0.0,1.0,0,0.0,1.0
37,rand_dt,none,0.02,96,0.96,17.112,535.0351999999999,0.05790450038926005,0.9886315789473685,131.39248434237996,309.09999999999997,89.08,95.0,0.0,1.0,0,0.0,1.0
38,rand_dt,none,0.02,100,1.0,15.892,534.9005090909092,0.06237683039545784,0.9891717171717171,115.14962121212122,301.0,93.072,99.0,0.0,1.0,0,0.0,1.0
39,rand_dt,none,0.02,100,1.0,15.28,532.656694949495,0.06186290448839468,0.9431919191919191,100.80497925311204,214.0,93.624,99.0,0.0,1.0,0,0.0,1.0
40,rand_dt,none,0.02,100,1.0,16.02,535.6795353535354,0.06271074939279274,1.0023030303030305,157.75452716297787,308.2,92.772,99.0,0.0,1.0,0,0.0,1.0
41,rand_dt,none,0.02,100,1.0,15.624,533.7950747474748,0.061938466362976174,0.9662626262626264,120.89823874755382,216.0,93.34,99.0,0.0,1.0,0,0.0,1.0
42,rand_dt,none,0.02,100,1.0,15.816,534.2845131313132,0.06188719784209981,0.9764444444444446,132.81052631578947,305.29999999999995,93.332,99.0,0.0,1.0,0,0.0,1.0
43,rand_dt,none,0.02,96,0.96,17.708,534.5574063157895,0.05502057393225065,0.9728,149.08139534883722,309.0,88.584,95.0,0.0,1.0,0,0.0,1.0
44,rand_dt,none,0.02,100,1.0,16.764,532.6808606060606,0.05640871060102227,0.9434747474747475,102.28375733855187,214.0,93.596,99.0,0.0,1.0,0,0.0,1.0
45,rand_dt,none,0.02,100,1.0,15.184,535.0604686868687,0.06561144781144782,0.9956363636363635,130.91612903225806,306.79999999999995,93.432,99.0,0.0,1.0,0,0.0,1.0
46,rand_dt,none,0.02,99,0.99,16.096,533.982318367347,0.06062204332860963,0.9729795918367347,114.46052631578948,306.0,92.648,98.0,0.0,1.0,0,0.0,1.0
47,rand_dt,none,0.02,100,1.0,17.28,530.6439797979798,0.05184158318652643,0.8943434343434344,114.69262295081967,306.0,93.46,99.0,0.0,1.0,0,0.0,1.0
48,rand_dt,none,0.02,99,0.99,16.452,531.4573142857143,0.05599821675537383,0.9186122448979592,94.19715447154472,215.0,92.976,98.0,0.0,1.0,0,0.0,1.0
49,rand_dt,none,0.02,100,1.0,16.384,531.6416767676768,0.05634884257087559,0.9210909090909091,110.25854700854701,217.0,93.812,99.0,0.0,1.0,0,0.0,1.0
0,rand_dt,none,0.05,99,0.99,19.54,539.0727469387756,0.052689818702600644,1.0284489795918366,113.06985871271586,301.0,86.212,98.0,0.0,1.0,0,0.0,1.0
1,rand_dt,none,0.05,100,1.0,14.676,540.6921616161617,0.07175105493634905,1.0504242424242425,162.4331641285956,401.0,86.008,99.0,0.0,1.0,0,0.0,1.0
2,rand_dt,none,0.05,100,1.0,17.212,539.1318545454546,0.05939927559540563,1.0193939393939395,135.12722852512155,404.0,86.08,99.0,0.0,1.0,0,0.0,1.0
3,rand_dt,none,0.05,99,0.99,15.108,538.2551306122448,0.06700625393014349,1.010081632653061,108.03649635036497,249.9999999999884,86.012,98.0,0.0,1.0,0,0.0,1.0
4,rand_dt,none,0.05,100,1.0,16.724,539.6911151515152,0.061992242688321125,1.0349494949494948,135.36661211129297,311.0,86.54,99.0,0.0,1.0,0,0.0,1.0
5,rand_dt,none,0.05,97,0.97,16.812,538.3831125,0.05991476572354088,1.0052916666666667,109.94099134539732,302.5,83.492,96.0,0.0,1.0,0,0.0,1.0
6,rand_dt,none,0.05,100,1.0,19.08,540.4505494949497,0.055030622009569374,1.049818181818182,139.45758564437193,309.0,86.068,99.0,0.0,1.0,0,0.0,1.0
7,rand_dt,none,0.05,100,1.0,16.084,537.1608080808081,0.061494905539745584,0.986989898989899,107.51899757477769,305.0,87.288,99.0,0.0,1.0,0,0.0,1.0
8,rand_dt,none,0.05,100,1.0,20.212,536.0118343434344,0.04781675432642772,0.9648888888888889,92.09309791332264,217.0,87.476,99.0,0.0,1.0,0,0.0,1.0
9,rand_dt,none,0.05,100,1.0,19.272,537.7096525252525,0.05185494206897715,0.9976969696969697,101.50465838509317,217.0,87.228,99.0,0.0,1.0,0,0.0,1.0
10,rand_dt,none,0.05,100,1.0,17.364,541.15058989899,0.06111896397758111,1.0603232323232323,154.55378486055776,311.0,86.028,99.0,0.0,1.0,0,0.0,1.0
11,rand_dt,none,0.05,100,1.0,18.78,538.4286181818184,0.05428423365802106,1.0171717171717172,107.74873949579832,304.0,87.3,99.0,0.0,1.0,0,0.0,1.0
12,rand_dt,none,0.05,100,1.0,16.564,538.0683272727273,0.06097508869221976,1.0074747474747476,115.53171953255426,310.0,87.26,99.0,0.0,1.0,0,0.0,1.0
13,rand_dt,none,0.05,100,1.0,15.976,538.6306222222223,0.06327074008054401,1.0088484848484849,137.4234734337827,310.0,86.124,99.0,0.0,1.0,0,0.0,1.0
14,rand_dt,none,0.05,100,1.0,15.868,538.4038545454545,0.06419628639334522,1.0172121212121212,108.08766233766234,214.0,87.296,99.0,0.0,1.0,0,0.0,1.0
15,rand_dt,none,0.05,100,1.0,14.244,538.1421818181818,0.07069563214563214,1.0037171717171718,110.38282504012841,214.0,86.632,99.0,0.0,1.0,0,0.0,1.0
16,rand_dt,none,0.05,82,0.82,16.504,540.0918172839505,0.06365723540878339,1.0494320987654322,125.53877139979859,306.0,70.996,81.0,0.0,1.0,0,0.0,1.0
17,rand_dt,none,0.05,97,0.97,18.468,538.1888500000001,0.054658905945419105,1.0084166666666667,108.66610738255034,302.0,84.192,96.0,0.0,1.0,0,0.0,1.0
18,rand_dt,none,0.05,100,1.0,14.512,537.8254747474748,0.06908151608739845,1.0003636363636366,119.99668874172185,303.0,86.964,99.0,0.0,1.0,0,0.0,1.0
19,rand_dt,none,0.05,100,1.0,15.62,538.8773898989899,0.06565816663365684,1.022868686868687,112.43485211830536,302.0,86.736,99.0,0.0,1.0,0,0.0,1.0
20,rand_dt,none,0.05,100,1.0,16.256,540.0367393939395,0.06399539512774807,1.0397171717171718,139.7296,309.54999999999995,86.068,99.0,0.0,1.0,0,0.0,1.0
21,rand_dt,none,0.05,100,1.0,15.068,541.163701010101,0.07041784511784512,1.0607676767676766,172.05896805896805,403.0,85.984,99.0,0.0,1.0,0,0.0,1.0
22,rand_dt,none,0.05,97,0.97,14.884,539.6151583333334,0.0699704744397759,1.0389166666666667,118.32606873428333,216.0,84.264,96.0,0.0,1.0,0,0.0,1.0
23,rand_dt,none,0.05,97,0.97,14.272,541.9073166666667,0.07548917887667887,1.0745833333333332,160.2033195020747,310.0,82.84,96.0,0.0,1.0,0,0.0,1.0
24,rand_dt,none,0.05,100,1.0,15.804,540.1361575757576,0.0666791297912041,1.0515959595959599,117.04850444624091,303.0,86.892,99.0,0.0,1.0,0,0.0,1.0
25,rand_dt,none,0.05,99,0.99,15.264,538.021187755102,0.06617655717964842,1.0070612244897958,107.40309446254072,215.0,86.308,98.0,0.0,1.0,0,0.0,1.0
26,rand_dt,none,0.05,100,1.0,17.556,538.1208323232324,0.057874623079783034,1.0145454545454544,102.5604670558799,215.0,87.56,99.0,0.0,1.0,0,0.0,1.0
27,rand_dt,none,0.05,100,1.0,16.16,538.8298747474748,0.06262353931471579,1.0114747474747474,127.5130081300813,308.0,85.864,99.0,0.0,1.0,0,0.0,1.0
28,rand_dt,none,0.05,100,1.0,15.052,537.5384202020202,0.06607456497750616,0.9920404040404042,106.84098101265823,215.8499999999999,86.788,99.0,0.0,1.0,0,0.0,1.0
29,rand_dt,none,0.05,100,1.0,14.548,539.1585777777779,0.07104025234025234,1.0311919191919192,103.19817578772803,213.0,86.912,99.0,0.0,1.0,0,0.0,1.0
30,rand_dt,none,0.05,93,0.93,19.076,541.6115217391304,0.05695080091533181,1.0861739130434782,120.17352415026834,304.14999999999986,81.072,92.0,0.0,1.0,0,0.0,1.0
31,rand_dt,none,0.05,100,1.0,14.668,539.5188444444444,0.07062200577200578,1.0338585858585858,122.124,308.0,86.648,99.0,0.0,1.0,0,0.0,1.0
32,rand_dt,none,0.05,100,1.0,18.728,538.5948444444446,0.054475810738968636,1.0191515151515151,112.24126455906821,218.0,87.104,99.0,0.0,1.0,0,0.0,1.0
33,rand_dt,none,0.05,100,1.0,14.492,540.9629777777778,0.07333227371756784,1.061050505050505,147.77567789646673,306.0,85.956,99.0,0.0,1.0,0,0.0,1.0
34,rand_dt,none,0.05,100,1.0,14.932,540.085191919192,0.07020183723320977,1.045939393939394,128.06130573248407,304.0,86.452,99.0,0.0,1.0,0,0.0,1.0
35,rand_dt,none,0.05,100,1.0,21.076,534.1493050505051,0.04394086608904583,0.9244848484848485,77.37996820349761,218.0,87.476,99.0,0.0,1.0,0,0.0,1.0
36,rand_dt,none,0.05,97,0.97,16.38,536.9905708333334,0.06042689610566449,0.9889583333333334,115.0050718512257,303.0,85.06,96.0,0.0,1.0,0,0.0,1.0
37,rand_dt,none,0.05,96,0.96,17.112,540.8511578947368,0.06189430865605707,1.056757894736842,130.96683250414594,310.0,82.608,95.0,0.0,1.0,0,0.0,1.0
38,rand_dt,none,0.05,100,1.0,15.892,540.3293818181818,0.06640913052089521,1.053252525252525,114.38571428571429,302.04999999999995,86.728,99.0,0.0,1.0,0,0.0,1.0
39,rand_dt,none,0.05,100,1.0,15.28,537.7350585858587,0.06587924813022854,1.0044848484848485,100.06111603188663,214.0,87.556,99.0,0.0,1.0,0,0.0,1.0
40,rand_dt,none,0.05,100,1.0,16.02,541.9112404040404,0.06723539888044533,1.0746666666666664,155.7813733228098,308.0,85.608,99.0,0.0,1.0,0,0.0,1.0
41,rand_dt,none,0.05,100,1.0,15.624,539.0594383838384,0.06595485244602892,1.028888888888889,119.52237591537836,267.39999999999236,87.14,99.0,0.0,1.0,0,0.0,1.0
42,rand_dt,none,0.05,100,1.0,15.816,539.9376404040405,0.06606730988691774,1.0425858585858587,133.3905325443787,307.0,86.784,99.0,0.0,1.0,0,0.0,1.0
43,rand_dt,none,0.05,96,0.96,17.708,540.0092378947369,0.05863396158093893,1.0367157894736843,147.5702341137124,310.0,82.512,95.0,0.0,1.0,0,0.0,1.0
44,rand_dt,none,0.05,100,1.0,16.764,537.914294949495,0.06016347183565966,1.0063030303030303,103.86967015285599,215.0,87.376,99.0,0.0,1.0,0,0.0,1.0
45,rand_dt,none,0.05,100,1.0,15.184,540.937393939394,0.07018771043771044,1.0650101010101012,129.53004115226338,307.0,86.564,99.0,0.0,1.0,0,0.0,1.0
46,rand_dt,none,0.05,99,0.99,16.096,539.2242408163265,0.06452801536654762,1.0356326530612243,114.75925925925925,305.0,86.508,98.0,0.0,1.0,0,0.0,1.0
47,rand_dt,none,0.05,100,1.0,17.28,536.3414505050506,0.055798567894285125,0.9625454545454545,117.89102564102564,306.0,86.708,99.0,0.0,1.0,0,0.0,1.0
48,rand_dt,none,0.05,99,0.99,16.452,536.8471020408164,0.05994622931879518,0.9834285714285713,95.35604217356043,215.0,86.624,98.0,0.0,1.0,0,0.0,1.0
49,rand_dt,none,0.05,100,1.0,16.384,537.0168121212123,0.06028551806333024,0.9854141414141413,106.68363939899832,216.0,87.444,99.0,0.0,1.0,0,0.0,1.0
0,rand_dt,none,0.1,99,0.99,19.54,546.428612244898,0.05705626310674646,1.1137142857142859,115.61923847695391,301.0,77.856,98.0,0.0,1.0,0,0.0,1.0
1,rand_dt,none,0.1,100,1.0,14.676,548.3655434343434,0.0778001835854777,1.139070707070707,162.62293694456199,401.0,77.232,99.0,0.0,1.0,0,0.0,1.0
2,rand_dt,none,0.1,100,1.0,17.212,547.4530626262626,0.06510003504502988,1.1171313131313132,133.17453560371516,404.0,76.404,99.0,0.0,1.0,0,0.0,1.0
3,rand_dt,none,0.1,99,0.99,15.108,545.4921224489797,0.07266059709598126,1.0952653061224489,108.04496699669967,215.0,77.664,98.0,0.0,1.0,0,0.0,1.0
4,rand_dt,none,0.1,100,1.0,16.724,546.4253090909091,0.06663836073149798,1.1126464646464647,131.87881320518179,311.0,78.848,99.0,0.0,1.0,0,0.0,1.0
5,rand_dt,none,0.1,97,0.97,16.812,545.6426083333334,0.06502856968810916,1.091,109.08434712084347,302.0,75.264,96.0,0.0,1.0,0,0.0,1.0
6,rand_dt,none,0.1,100,1.0,19.08,548.1508323232323,0.059734290271132376,1.1395151515151516,137.83107569721116,308.5499999999997,77.188,99.0,0.0,1.0,0,0.0,1.0
7,rand_dt,none,0.1,100,1.0,16.084,544.5193212121213,0.06687929918378835,1.0735353535353536,105.6873755475906,305.0,78.72,99.0,0.0,1.0,0,0.0,1.0
8,rand_dt,none,0.1,100,1.0,20.212,543.1795191919193,0.05206129503100587,1.0504646464646463,93.17483660130719,218.0,79.004,99.0,0.0,1.0,0,0.0,1.0
9,rand_dt,none,0.1,100,1.0,19.272,544.6000767676769,0.05603864666257011,1.078020202020202,101.57762738853503,217.0,79.276,99.0,0.0,1.0,0,0.0,1.0
10,rand_dt,none,0.1,100,1.0,17.364,548.3225373737374,0.0658331787083077,1.1421414141414143,152.25071574642126,310.0,77.928,99.0,0.0,1.0,0,0.0,1.0
11,rand_dt,none,0.1,100,1.0,18.78,545.8364606060607,0.058943244921573094,1.1044040404040407,108.14367580843225,303.0,78.664,99.0,0.0,1.0,0,0.0,1.0
12,rand_dt,none,0.1,100,1.0,16.564,545.899296969697,0.06652006911217438,1.099070707070707,118.04193811074919,309.0,78.192,99.0,0.0,1.0,0,0.0,1.0
13,rand_dt,none,0.1,100,1.0,15.976,545.9873979797981,0.06866570277942825,1.0947474747474748,139.55573248407643,311.0,77.62,99.0,0.0,1.0,0,0.0,1.0
14,rand_dt,none,0.1,100,1.0,15.868,545.8596686868688,0.06972304416716181,1.104808080808081,107.7921974522293,214.0,78.624,99.0,0.0,1.0,0,0.0,1.0
15,rand_dt,none,0.1,100,1.0,14.244,545.9089171717172,0.0771447644947645,1.095151515151515,110.1937151949085,215.3499999999999,77.58,99.0,0.0,1.0,0,0.0,1.0
16,rand_dt,none,0.1,82,0.82,16.504,547.5356197530865,0.0689361832018924,1.1364444444444446,128.37450396825398,307.0,63.948,81.0,0.0,1.0,0,0.0,1.0
17,rand_dt,none,0.1,97,0.97,18.468,545.8083708333334,0.059537512183235865,1.0984583333333335,107.8447546531303,303.0,75.548,96.0,0.0,1.0,0,0.0,1.0
18,rand_dt,none,0.1,100,1.0,14.512,544.8352323232324,0.07477977806507217,1.0829090909090908,117.21128553245651,302.0,78.792,99.0,0.0,1.0,0,0.0,1.0
19,rand_dt,none,0.1,100,1.0,15.62,546.0328606060607,0.07109268879268879,1.1075151515151516,112.0122199592668,301.0,78.356,99.0,0.0,1.0,0,0.0,1.0
20,rand_dt,none,0.1,100,1.0,16.256,547.3767515151515,0.0692316630355846,1.1247676767676766,137.39367240688827,309.0,77.648,99.0,0.0,1.0,0,0.0,1.0
21,rand_dt,none,0.1,100,1.0,15.068,548.6672040404042,0.07614545454545454,1.147030303030303,173.37908496732027,402.0,77.444,99.0,0.0,1.0,0,0.0,1.0
22,rand_dt,none,0.1,97,0.97,14.884,547.3101375,0.07597392477824462,1.1279583333333334,121.08993399339934,302.0,75.716,96.0,0.0,1.0,0,0.0,1.0
23,rand_dt,none,0.1,97,0.97,14.272,549.5617958333332,0.08167104700854702,1.162625,159.34333333333333,310.0,74.388,96.0,0.0,1.0,0,0.0,1.0
24,rand_dt,none,0.1,100,1.0,15.804,547.4850303030304,0.07208573540704603,1.137010101010101,117.06471306471306,303.1999999999998,78.436,99.0,0.0,1.0,0,0.0,1.0
25,rand_dt,none,0.1,99,0.99,15.264,545.3703224489796,0.07186534958305667,1.0934285714285714,105.50758507585076,215.0,77.844,98.0,0.0,1.0,0,0.0,1.0
26,rand_dt,none,0.1,100,1.0,17.556,545.7289858585859,0.06301869955141369,1.1048888888888888,101.93042404281597,215.0,78.616,99.0,0.0,1.0,0,0.0,1.0
27,rand_dt,none,0.1,100,1.0,16.16,546.414,0.06812517330164389,1.1004040404040405,128.06109324758842,308.0,77.06,99.0,0.0,1.0,0,0.0,1.0
28,rand_dt,none,0.1,100,1.0,15.052,544.8862383838384,0.07185239085533203,1.0789494949494949,107.64950099800399,301.0,78.184,99.0,0.0,1.0,0,0.0,1.0
29,rand_dt,none,0.1,100,1.0,14.548,547.0637818181818,0.07745900950900951,1.1242828282828283,105.12626877791311,213.0,77.696,99.0,0.0,1.0,0,0.0,1.0
30,rand_dt,none,0.1,93,0.93,19.076,548.6854304347827,0.06118901601830664,1.167,121.97690941385436,305.0,73.636,92.0,0.0,1.0,0,0.0,1.0
31,rand_dt,none,0.1,100,1.0,14.668,546.8805292929293,0.07648374218374218,1.119878787878788,122.37713588283157,308.0,78.132,99.0,0.0,1.0,0,0.0,1.0
32,rand_dt,none,0.1,100,1.0,18.728,545.8714020202021,0.059056482958237344,1.104808080808081,110.6435684647303,217.0,78.624,99.0,0.0,1.0,0,0.0,1.0
33,rand_dt,none,0.1,100,1.0,14.492,548.7494464646464,0.07958548368842486,1.1515959595959597,149.62094455852156,306.0,76.992,99.0,0.0,1.0,0,0.0,1.0
34,rand_dt,none,0.1,100,1.0,14.932,547.3279434343434,0.07586767771081497,1.1301818181818182,127.08964955175225,304.0,78.112,99.0,0.0,1.0,0,0.0,1.0
35,rand_dt,none,0.1,100,1.0,21.076,541.6392484848485,0.04825907947694925,1.0154343434343434,79.11286503551698,218.0,78.472,99.0,0.0,1.0,0,0.0,1.0
36,rand_dt,none,0.1,97,0.97,16.38,543.9587958333334,0.06546789896514162,1.0714583333333334,114.3180693069307,303.0,77.14,96.0,0.0,1.0,0,0.0,1.0
37,rand_dt,none,0.1,96,0.96,17.112,548.9520842105263,0.06737594282403635,1.1502315789473687,134.74540901502505,311.0,73.728,95.0,0.0,1.0,0,0.0,1.0
38,rand_dt,none,0.1,100,1.0,15.892,547.589692929293,0.07170067009968972,1.1372525252525254,116.34456478138789,302.0,78.412,99.0,0.0,1.0,0,0.0,1.0
39,rand_dt,none,0.1,100,1.0,15.28,545.4352444444445,0.07186230276622434,1.0955555555555556,100.42087682672233,215.0,78.54,99.0,0.0,1.0,0,0.0,1.0
40,rand_dt,none,0.1,100,1.0,16.02,549.5508363636364,0.07270152140601058,1.162020202020202,154.2586542201478,308.0,76.96,99.0,0.0,1.0,0,0.0,1.0
41,rand_dt,none,0.1,100,1.0,15.624,546.1683111111112,0.07125867498514557,1.1116363636363635,120.63080082135524,301.0,78.948,99.0,0.0,1.0,0,0.0,1.0
42,rand_dt,none,0.1,100,1.0,15.816,547.4385494949496,0.07153372567882371,1.128929292929293,132.8547648772368,307.0,78.236,99.0,0.0,1.0,0,0.0,1.0
43,rand_dt,none,0.1,96,0.96,17.708,547.0281010526317,0.06324626944037079,1.1183157894736842,146.16176470588235,309.0,74.76,95.0,0.0,1.0,0,0.0,1.0
44,rand_dt,none,0.1,100,1.0,16.764,545.1518989898991,0.06523088904177655,1.0909494949494951,104.77890879478828,215.0,78.996,99.0,0.0,1.0,0,0.0,1.0
45,rand_dt,none,0.1,100,1.0,15.184,548.3576646464646,0.07582676767676767,1.1505454545454545,131.83746898263027,308.0,78.096,99.0,0.0,1.0,0,0.0,1.0
46,rand_dt,none,0.1,99,0.99,16.096,546.4315183673469,0.06980535331927257,1.1203265306122447,116.26118760757315,305.0,78.208,98.0,0.0,1.0,0,0.0,1.0
47,rand_dt,none,0.1,100,1.0,17.28,543.4881212121213,0.060698252737210426,1.0471919191919192,116.06495589414595,305.0,78.328,99.0,0.0,1.0,0,0.0,1.0
48,rand_dt,none,0.1,99,0.99,16.452,544.1738408163267,0.06521917942615643,1.0697551020408165,98.78370672097759,215.0,78.164,98.0,0.0,1.0,0,0.0,1.0
49,rand_dt,none,0.1,100,1.0,16.384,544.1774505050506,0.06544403112653888,1.069777777777778,105.7366034624897,216.0,79.092,99.0,0.0,1.0,0,0.0,1.0
0,rand_dt,none,0.15,99,0.99,19.54,552.4816367346939,0.06061574576515501,1.1832244897959183,116.34243641231593,301.0,71.044,98.0,0.0,1.0,0,0.0,1.0
1,rand_dt,none,0.15,100,1.0,14.676,554.757107070707,0.08280027597674658,1.2123636363636365,164.19683069224354,315.0,69.976,99.0,0.0,1.0,0,0.0,1.0
2,rand_dt,none,0.15,100,1.0,17.212,553.3292080808081,0.06909574657082396,1.1857373737373738,132.1056694170881,403.0,69.612,99.0,0.0,1.0,0,0.0,1.0
3,rand_dt,none,0.15,99,0.99,15.108,551.473,0.07725711713256732,1.1645306122448977,109.97298787210585,215.0,70.876,98.0,0.0,1.0,0,0.0,1.0
4,rand_dt,none,0.15,100,1.0,16.724,552.6088606060607,0.07089128210206641,1.1835555555555557,133.08197167755992,311.0,71.828,99.0,0.0,1.0,0,0.0,1.0
5,rand_dt,none,0.15,97,0.97,16.812,551.3645833333334,0.0689986920937966,1.1576666666666666,108.03155272626626,302.0,68.864,96.0,0.0,1.0,0,0.0,1.0
6,rand_dt,none,0.15,100,1.0,19.08,554.2012242424242,0.06339287612971824,1.2093333333333336,135.69743454112668,308.0,70.276,99.0,0.0,1.0,0,0.0,1.0
7,rand_dt,none,0.15,100,1.0,16.084,550.2135555555557,0.07101324389404885,1.1399191919191918,105.09823812066205,305.0,72.148,99.0,0.0,1.0,0,0.0,1.0
8,rand_dt,none,0.15,100,1.0,20.212,549.4032444444446,0.055700237978665273,1.1238383838383839,91.34710300429184,218.0,71.74,99.0,0.0,1.0,0,0.0,1.0
9,rand_dt,none,0.15,100,1.0,19.272,550.5385010101011,0.05961801550095011,1.146787878787879,102.84294871794872,217.0,72.468,99.0,0.0,1.0,0,0.0,1.0
10,rand_dt,none,0.15,100,1.0,17.364,554.0266262626262,0.06957228980551994,1.207030303030303,151.68423958045818,311.0,71.504,99.0,0.0,1.0,0,0.0,1.0
11,rand_dt,none,0.15,100,1.0,18.78,552.0015757575758,0.06276663455032909,1.1761616161616162,108.48380070786823,302.0,71.56,99.0,0.0,1.0,0,0.0,1.0
12,rand_dt,none,0.15,100,1.0,16.564,551.9775474747476,0.07079964644727287,1.169818181818182,115.55835543766578,309.0,71.188,99.0,0.0,1.0,0,0.0,1.0
13,rand_dt,none,0.15,100,1.0,15.976,551.8674141414142,0.07294858387799565,1.1631111111111108,139.38295029396045,311.0,70.852,99.0,0.0,1.0,0,0.0,1.0
14,rand_dt,none,0.15,100,1.0,15.868,551.9069090909092,0.07416815210932859,1.1752727272727275,108.36789209203914,215.0,71.648,99.0,0.0,1.0,0,0.0,1.0
15,rand_dt,none,0.15,100,1.0,14.244,552.7206383838385,0.08274250009250007,1.1745454545454546,109.16984085572659,215.39999999999964,69.72,99.0,0.0,1.0,0,0.0,1.0
16,rand_dt,none,0.15,82,0.82,16.504,553.775061728395,0.07329612748283199,1.208296296296296,126.94776859504132,307.0,58.128,81.0,0.0,1.0,0,0.0,1.0
17,rand_dt,none,0.15,97,0.97,18.468,551.9671291666666,0.06342687621832359,1.1702083333333335,108.76691301876066,303.0,68.66,96.0,0.0,1.0,0,0.0,1.0
18,rand_dt,none,0.15,100,1.0,14.512,551.0428121212123,0.07975458201928791,1.1552323232323234,117.45429285912753,302.0,71.632,99.0,0.0,1.0,0,0.0,1.0
19,rand_dt,none,0.15,100,1.0,15.62,552.050686868687,0.07557977723075762,1.1774949494949494,111.37534022863365,301.0,71.428,99.0,0.0,1.0,0,0.0,1.0
20,rand_dt,none,0.15,100,1.0,16.256,553.6446343434344,0.07368995510662178,1.1971313131313133,137.983676746053,309.0,70.484,99.0,0.0,1.0,0,0.0,1.0
21,rand_dt,none,0.15,100,1.0,15.068,554.5943717171717,0.08063771043771044,1.214747474747475,173.3339637935693,402.0,70.74,99.0,0.0,1.0,0,0.0,1.0
22,rand_dt,none,0.15,97,0.97,14.884,553.2643208333334,0.08058409342903827,1.196375,120.95623268698061,302.0,69.148,96.0,0.0,1.0,0,0.0,1.0
23,rand_dt,none,0.15,97,0.97,14.272,555.5239833333334,0.08644469627594625,1.2306666666666666,158.20837988826815,311.0,67.856,96.0,0.0,1.0,0,0.0,1.0
24,rand_dt,none,0.15,100,1.0,15.804,553.369793939394,0.07636854006178052,1.2045252525252526,118.66100766703177,305.0,71.752,99.0,0.0,1.0,0,0.0,1.0
25,rand_dt,none,0.15,99,0.99,15.264,551.4482448979593,0.07651674625894313,1.1641632653061225,105.89824465167307,215.0,70.912,98.0,0.0,1.0,0,0.0,1.0
26,rand_dt,none,0.15,100,1.0,17.556,551.9496565656566,0.06715641728603546,1.1775353535353534,102.78851463279956,215.0,71.424,99.0,0.0,1.0,0,0.0,1.0
27,rand_dt,none,0.15,100,1.0,16.16,552.4808161616162,0.07249772232125173,1.170989898989899,126.80632945631594,308.0,70.072,99.0,0.0,1.0,0,0.0,1.0
28,rand_dt,none,0.15,100,1.0,15.052,550.8459353535354,0.07646656339303398,1.1482424242424243,108.18254603682946,301.0,71.324,99.0,0.0,1.0,0,0.0,1.0
29,rand_dt,none,0.15,100,1.0,14.548,553.4277090909093,0.08252982757982759,1.1979797979797981,106.39920424403184,213.0,70.4,99.0,0.0,1.0,0,0.0,1.0
30,rand_dt,none,0.15,93,0.93,19.076,554.6519956521739,0.06473032036613273,1.2345652173913044,123.10182460270748,306.0,67.42,92.0,0.0,1.0,0,0.0,1.0
31,rand_dt,none,0.15,100,1.0,14.668,552.7213131313132,0.0811022607022607,1.1875151515151516,120.60675381263617,307.0,71.436,99.0,0.0,1.0,0,0.0,1.0
32,rand_dt,none,0.15,100,1.0,18.728,552.0580686868688,0.06290801583082285,1.1768080808080807,110.39410480349345,217.0,71.496,99.0,0.0,1.0,0,0.0,1.0
33,rand_dt,none,0.15,100,1.0,14.492,554.9830060606062,0.0845456172367937,1.2233535353535354,149.96555465147816,306.0,69.888,99.0,0.0,1.0,0,0.0,1.0
34,rand_dt,none,0.15,100,1.0,14.932,553.6787191919193,0.08076870007262164,1.2031919191919191,127.40714861596345,304.0,70.884,99.0,0.0,1.0,0,0.0,1.0
35,rand_dt,none,0.15,100,1.0,21.076,547.8321454545455,0.051793209748129655,1.0896161616161617,78.35117145899893,217.0,71.128,99.0,0.0,1.0,0,0.0,1.0
36,rand_dt,none,0.15,97,0.97,16.38,549.4670000000001,0.06941736451525055,1.1360833333333336,113.79050510626553,303.0,70.936,96.0,0.0,1.0,0,0.0,1.0
37,rand_dt,none,0.15,96,0.96,17.112,555.2772336842106,0.07162281444064238,1.2227789473684212,134.97982628187168,310.0,66.836,95.0,0.0,1.0,0,0.0,1.0
38,rand_dt,none,0.15,100,1.0,15.892,553.7425333333334,0.07615569089588697,1.2077171717171717,116.35306666666666,303.0,71.436,99.0,0.0,1.0,0,0.0,1.0
39,rand_dt,none,0.15,100,1.0,15.28,551.801208080808,0.07671944750964359,1.1697373737373737,100.27322404371584,215.0,71.196,99.0,0.0,1.0,0,0.0,1.0
40,rand_dt,none,0.15,100,1.0,16.02,555.3306949494952,0.07681709492586686,1.2278383838383837,153.85615711252655,308.0,70.444,99.0,0.0,1.0,0,0.0,1.0
41,rand_dt,none,0.15,100,1.0,15.624,551.9656121212122,0.07555080213903745,1.1784646464646464,119.78876712328767,302.0,72.332,99.0,0.0,1.0,0,0.0,1.0
42,rand_dt,none,0.15,100,1.0,15.816,553.5861414141415,0.07599180224278264,1.1991919191919191,132.455870222711,307.0,71.28,99.0,0.0,1.0,0,0.0,1.0
43,rand_dt,none,0.15,96,0.96,17.708,552.7819410526316,0.06699481107309035,1.1846315789473685,143.92684977578475,309.0,68.46,95.0,0.0,1.0,0,0.0,1.0
44,rand_dt,none,0.15,100,1.0,16.764,551.2376525252525,0.06946243584798796,1.1617373737373737,103.79058441558442,214.0,71.988,99.0,0.0,1.0,0,0.0,1.0
45,rand_dt,none,0.15,100,1.0,15.184,554.6779878787879,0.0805848484848485,1.2227070707070706,131.62363238512035,308.0,70.952,99.0,0.0,1.0,0,0.0,1.0
46,rand_dt,none,0.15,99,0.99,16.096,552.566106122449,0.07421407959173645,1.1912653061224492,115.99857954545455,305.0,71.256,98.0,0.0,1.0,0,0.0,1.0
47,rand_dt,none,0.15,100,1.0,17.28,549.1324484848486,0.06453795001963218,1.1133333333333335,116.72763792179968,306.0,71.78,99.0,0.0,1.0,0,0.0,1.0
48,rand_dt,none,0.15,99,0.99,16.452,550.1984040816326,0.06952130646744913,1.1403673469387754,97.14644123261522,215.0,71.244,98.0,0.0,1.0,0,0.0,1.0
49,rand_dt,none,0.15,100,1.0,16.384,549.9389131313131,0.06952037384509005,1.1366868686868687,105.44305207463103,216.0,72.468,99.0,0.0,1.0,0,0.0,1.0
0,rand_dt,none,0.2,99,0.99,19.54,557.8564204081633,0.06377749661723882,1.2449387755102042,115.93960674157303,302.0,64.996,98.0,0.0,1.0,0,0.0,1.0
1,rand_dt,none,0.2,100,1.0,14.676,560.2490545454546,0.08712916255857434,1.2755151515151515,164.28698715292168,315.0,63.724,99.0,0.0,1.0,0,0.0,1.0
2,rand_dt,none,0.2,100,1.0,17.212,558.4568161616162,0.07257124029126094,1.2452525252525253,131.5200722601365,403.0,63.72,99.0,0.0,1.0,0,0.0,1.0
3,rand_dt,none,0.2,99,0.99,15.108,556.8310326530612,0.08136890327559596,1.2264897959183674,110.19720049403047,216.0,64.804,98.0,0.0,1.0,0,0.0,1.0
4,rand_dt,none,0.2,100,1.0,16.724,557.7771757575758,0.07443901432626923,1.242868686868687,132.97855830100062,311.0,65.956,99.0,0.0,1.0,0,0.0,1.0
5,rand_dt,none,0.2,97,0.97,16.812,556.6514000000002,0.07264647922399955,1.2189166666666664,108.12169421487603,302.0,62.984,96.0,0.0,1.0,0,0.0,1.0
6,rand_dt,none,0.2,100,1.0,19.08,559.2843313131314,0.06645709728867624,1.26779797979798,135.89207622868605,308.0,64.488,99.0,0.0,1.0,0,0.0,1.0
7,rand_dt,none,0.2,100,1.0,16.084,555.3480282828284,0.07473075856605269,1.1995555555555557,104.71087479935794,306.0,66.244,99.0,0.0,1.0,0,0.0,1.0
8,rand_dt,none,0.2,100,1.0,20.212,554.6743313131313,0.05876769802095369,1.1857373737373738,90.19975835682642,218.0,65.612,99.0,0.0,1.0,0,0.0,1.0
9,rand_dt,none,0.2,100,1.0,19.272,555.9929737373737,0.0629010298933744,1.2099797979797982,102.94624521844172,217.0,66.212,99.0,0.0,1.0,0,0.0,1.0
10,rand_dt,none,0.2,100,1.0,17.364,559.5423191919193,0.07319973731119242,1.2698989898989899,152.9790777980906,311.0,65.28,99.0,0.0,1.0,0,0.0,1.0
11,rand_dt,none,0.2,100,1.0,18.78,557.4377696969698,0.06613425621887954,1.2391919191919192,109.10852713178295,302.0,65.32,99.0,0.0,1.0,0,0.0,1.0
12,rand_dt,none,0.2,100,1.0,16.564,557.2667717171718,0.0745037467902277,1.231030303030303,116.00619133213502,309.0,65.128,99.0,0.0,1.0,0,0.0,1.0
13,rand_dt,none,0.2,100,1.0,15.976,556.8036121212122,0.07652836865385884,1.220121212121212,139.74564248074586,311.0,65.208,99.0,0.0,1.0,0,0.0,1.0
14,rand_dt,none,0.2,100,1.0,15.868,557.3773454545455,0.07815559516735987,1.2384242424242422,108.37992047713718,215.0,65.396,99.0,0.0,1.0,0,0.0,1.0
15,rand_dt,none,0.2,100,1.0,14.244,557.9844404040405,0.08703375698375697,1.2357575757575758,107.63779527559055,215.0,63.66,99.0,0.0,1.0,0,0.0,1.0
16,rand_dt,none,0.2,82,0.82,16.504,559.0533827160494,0.07696979513052785,1.2688395061728395,127.83771060455896,307.0,53.224,81.0,0.0,1.0,0,0.0,1.0
17,rand_dt,none,0.2,97,0.97,18.468,557.55705,0.06693958333333333,1.2350833333333333,108.62107958182206,303.0,62.432,96.0,0.0,1.0,0,0.0,1.0
18,rand_dt,none,0.2,100,1.0,14.512,556.451288888889,0.08409723870900342,1.218181818181818,116.69359504132231,302.0,65.4,99.0,0.0,1.0,0,0.0,1.0
19,rand_dt,none,0.2,100,1.0,15.62,557.5697939393939,0.07967021428099857,1.2412929292929293,111.49747117135342,301.0,65.112,99.0,0.0,1.0,0,0.0,1.0
20,rand_dt,none,0.2,100,1.0,16.256,558.7189212121212,0.07727954380405362,1.2554747474747476,138.35578478964402,309.0,64.708,99.0,0.0,1.0,0,0.0,1.0
21,rand_dt,none,0.2,100,1.0,15.068,559.858290909091,0.08461717171717172,1.2747070707070707,173.6793445276148,402.0,64.804,99.0,0.0,1.0,0,0.0,1.0
22,rand_dt,none,0.2,97,0.97,14.884,558.4277875000001,0.08457466882586369,1.255625,120.88978829389788,302.0,63.46,96.0,0.0,1.0,0,0.0,1.0
23,rand_dt,none,0.2,97,0.97,14.272,560.9655083333336,0.09079076999389499,1.2925,157.36633457866336,310.14999999999964,61.92,96.0,0.0,1.0,0,0.0,1.0
24,rand_dt,none,0.2,100,1.0,15.804,558.9109696969697,0.08037018099814798,1.2677575757575759,117.71923778633692,305.0,65.492,99.0,0.0,1.0,0,0.0,1.0
25,rand_dt,none,0.2,99,0.99,15.264,556.473093877551,0.08032447924224635,1.2222857142857142,104.87960074859639,215.0,65.216,98.0,0.0,1.0,0,0.0,1.0
26,rand_dt,none,0.2,100,1.0,17.556,557.3688484848486,0.07073296223327184,1.2402424242424241,101.13234689683519,215.0,65.216,99.0,0.0,1.0,0,0.0,1.0
27,rand_dt,none,0.2,100,1.0,16.16,557.8951393939394,0.07638609955766819,1.2338181818181817,126.22031155168926,308.0,63.852,99.0,0.0,1.0,0,0.0,1.0
28,rand_dt,none,0.2,100,1.0,15.052,556.163595959596,0.08058685029567382,1.209939393939394,108.57591518303661,301.0,65.216,99.0,0.0,1.0,0,0.0,1.0
29,rand_dt,none,0.2,100,1.0,14.548,558.94018989899,0.08688466903466903,1.261131313131313,106.26609183878082,213.0,64.148,99.0,0.0,1.0,0,0.0,1.0
30,rand_dt,none,0.2,93,0.93,19.076,560.0932130434783,0.0679525171624714,1.2960434782608694,122.79978070175439,307.0,61.764,92.0,0.0,1.0,0,0.0,1.0
31,rand_dt,none,0.2,100,1.0,14.668,558.0085414141415,0.08526616161616161,1.2484848484848485,120.75218008517543,307.0,65.4,99.0,0.0,1.0,0,0.0,1.0
32,rand_dt,none,0.2,100,1.0,18.728,557.509886868687,0.06626503632819421,1.2397171717171716,111.5460298020004,217.0,65.268,99.0,0.0,1.0,0,0.0,1.0
33,rand_dt,none,0.2,100,1.0,14.492,560.5545535353536,0.08894831225419461,1.2869494949494948,150.00671414038658,306.0,63.592,99.0,0.0,1.0,0,0.0,1.0
34,rand_dt,none,0.2,100,1.0,14.932,559.2101171717172,0.08501944185081439,1.2664242424242425,127.78715670436188,304.0,64.624,99.0,0.0,1.0,0,0.0,1.0
35,rand_dt,none,0.2,100,1.0,21.076,553.1837131313132,0.054823660350621035,1.1533333333333335,78.97730012053033,217.0,64.82,99.0,0.0,1.0,0,0.0,1.0
36,rand_dt,none,0.2,97,0.97,16.38,554.7222291666667,0.07316552627995643,1.197375,113.59422958870472,303.0,65.052,96.0,0.0,1.0,0,0.0,1.0
37,rand_dt,none,0.2,96,0.96,17.112,560.9547747368422,0.07543332753969546,1.2877894736842104,135.32775569964443,310.0,60.66,95.0,0.0,1.0,0,0.0,1.0
38,rand_dt,none,0.2,100,1.0,15.892,558.9186303030303,0.07988480557206047,1.266787878787879,115.93682092555332,304.0,65.588,99.0,0.0,1.0,0,0.0,1.0
39,rand_dt,none,0.2,100,1.0,15.28,556.9866464646465,0.08067611832611833,1.2301010101010101,101.06437064370644,215.0,65.22,99.0,0.0,1.0,0,0.0,1.0
40,rand_dt,none,0.2,100,1.0,16.02,560.9286626262627,0.08080276361829511,1.2915555555555553,153.59837042925278,308.0,64.136,99.0,0.0,1.0,0,0.0,1.0
41,rand_dt,none,0.2,100,1.0,15.624,557.165595959596,0.07937419621047072,1.2381010101010101,119.27701736465781,302.0,66.428,99.0,0.0,1.0,0,0.0,1.0
42,rand_dt,none,0.2,100,1.0,15.816,558.8700363636364,0.07982513180356318,1.2597171717171716,131.0517453798768,307.0,65.288,99.0,0.0,1.0,0,0.0,1.0
43,rand_dt,none,0.2,96,0.96,17.708,557.7271536842106,0.07019922510093604,1.241221052631579,143.03787081843046,309.0,63.084,95.0,0.0,1.0,0,0.0,1.0
44,rand_dt,none,0.2,100,1.0,16.764,556.458290909091,0.073082261382313,1.2221010101010101,104.35477305108894,215.0,66.012,99.0,0.0,1.0,0,0.0,1.0
45,rand_dt,none,0.2,100,1.0,15.184,559.9128121212123,0.08450589225589226,1.282141414141414,131.8387426005307,308.0,65.068,99.0,0.0,1.0,0,0.0,1.0
46,rand_dt,none,0.2,99,0.99,16.096,557.8149387755103,0.07798750457576514,1.2519183673469387,115.50972515856236,305.0,65.312,98.0,0.0,1.0,0,0.0,1.0
47,rand_dt,none,0.2,100,1.0,17.28,554.0792040404042,0.06789137070741819,1.1711111111111112,116.75824617860016,305.0,66.06,99.0,0.0,1.0,0,0.0,1.0
48,rand_dt,none,0.2,99,0.99,16.452,555.6218530612246,0.07337540269240528,1.203673469387755,97.10681399631676,215.0,65.04,98.0,0.0,1.0,0,0.0,1.0
49,rand_dt,none,0.2,100,1.0,16.384,554.9832484848486,0.07310270298443673,1.1952323232323234,105.22277951933124,216.0,66.672,99.0,0.0,1.0,0,0.0,1.0
0,rand_dt,none,0.3,99,0.99,19.54,567.0538653061225,0.06917819827862794,1.350408163265306,116.66295037389531,302.0,54.66,98.0,0.0,1.0,0,0.0,1.0
1,rand_dt,none,0.3,100,1.0,14.676,569.7150828282828,0.094550945459769,1.3840404040404042,164.58656471873294,315.0,52.98,99.0,0.0,1.0,0,0.0,1.0
2,rand_dt,none,0.3,100,1.0,17.212,567.5673454545456,0.07869592534515135,1.3503838383838382,129.8651306925357,401.0,53.312,99.0,0.0,1.0,0,0.0,1.0
3,rand_dt,none,0.3,99,0.99,15.108,565.8985346938775,0.08827242897158863,1.3306530612244898,109.34981458590853,215.0,54.596,98.0,0.0,1.0,0,0.0,1.0
4,rand_dt,none,0.3,100,1.0,16.724,567.2340242424243,0.08092186571598335,1.351070707070707,134.40830260822068,311.0,55.244,99.0,0.0,1.0,0,0.0,1.0
5,rand_dt,none,0.3,97,0.97,16.812,565.9048666666669,0.07902082795837634,1.32575,108.70263230052097,302.0,52.728,96.0,0.0,1.0,0,0.0,1.0
6,rand_dt,none,0.3,100,1.0,19.08,568.4426707070708,0.07193960659223818,1.3723232323232324,136.35588433086753,308.0,54.14,99.0,0.0,1.0,0,0.0,1.0
7,rand_dt,none,0.3,100,1.0,16.084,564.3107717171717,0.08123434152324761,1.3038383838383838,105.37816030123723,307.0,55.92,99.0,0.0,1.0,0,0.0,1.0
8,rand_dt,none,0.3,100,1.0,20.212,564.243591919192,0.06431028805694917,1.2976565656565655,88.634430176565,217.0,54.532,99.0,0.0,1.0,0,0.0,1.0
9,rand_dt,none,0.3,100,1.0,19.272,565.5665818181819,0.06864488033674637,1.3206060606060606,104.48079239726944,218.0,55.26,99.0,0.0,1.0,0,0.0,1.0
10,rand_dt,none,0.3,100,1.0,17.364,568.4303070707072,0.07905691243358942,1.3715151515151516,152.0063824008691,311.0,55.22,99.0,0.0,1.0,0,0.0,1.0
11,rand_dt,none,0.3,100,1.0,18.78,567.2402626262626,0.07216507350769477,1.352282828282828,107.83671822461332,301.0,54.124,99.0,0.0,1.0,0,0.0,1.0
12,rand_dt,none,0.3,100,1.0,16.564,566.6601050505052,0.08106764827497541,1.3394747474747475,114.61024144335367,309.0,54.392,99.0,0.0,1.0,0,0.0,1.0
13,rand_dt,none,0.3,100,1.0,15.976,565.8345212121212,0.08308475935828878,1.324686868686869,139.34822032751387,311.0,54.856,99.0,0.0,1.0,0,0.0,1.0
14,rand_dt,none,0.3,100,1.0,15.868,566.6252444444444,0.08485211923153099,1.3444848484848484,108.2265749073584,214.0,54.896,99.0,0.0,1.0,0,0.0,1.0
15,rand_dt,none,0.3,100,1.0,14.244,567.3153939393941,0.09461785621785623,1.3434343434343434,107.70240613432047,288.2499999999536,53.0,99.0,0.0,1.0,0,0.0,1.0
16,rand_dt,none,0.3,82,0.82,16.504,568.3084000000001,0.08337816445616583,1.3743703703703702,129.48803432909722,307.0,44.676,81.0,0.0,1.0,0,0.0,1.0
17,rand_dt,none,0.3,97,0.97,18.468,567.0536541666668,0.0728769858674464,1.3447083333333334,109.35191149698922,304.0,51.908,96.0,0.0,1.0,0,0.0,1.0
18,rand_dt,none,0.3,100,1.0,14.512,565.7554828282828,0.0915157423186835,1.3256565656565655,117.18454172366621,302.0,54.76,99.0,0.0,1.0,0,0.0,1.0
19,rand_dt,none,0.3,100,1.0,15.62,566.8647272727274,0.08652451169019797,1.3479595959595958,110.29663526244953,263.6499999999396,54.552,99.0,0.0,1.0,0,0.0,1.0
20,rand_dt,none,0.3,100,1.0,16.256,567.7522828282829,0.08366173169604542,1.3591111111111112,138.19163292847503,309.0,54.448,99.0,0.0,1.0,0,0.0,1.0
21,rand_dt,none,0.3,100,1.0,15.068,568.8742303030303,0.09143602693602694,1.3774545454545453,173.10247778077027,402.0,54.632,99.0,0.0,1.0,0,0.0,1.0
22,rand_dt,none,0.3,97,0.97,14.884,567.3760083333333,0.09146676149626518,1.3580833333333333,120.29968059991668,301.0,53.624,96.0,0.0,1.0,0,0.0,1.0
23,rand_dt,none,0.3,97,0.97,14.272,570.4328875000001,0.09835385187728939,1.4002083333333335,156.7194582642344,310.0,51.58,96.0,0.0,1.0,0,0.0,1.0
24,rand_dt,none,0.3,100,1.0,15.804,568.358896969697,0.08718933556410337,1.3752323232323234,118.15658411151712,305.0,54.852,99.0,0.0,1.0,0,0.0,1.0
25,rand_dt,none,0.3,99,0.99,15.264,565.6673142857143,0.08727734247545171,1.3281632653061224,104.40687086092716,215.0,54.84,98.0,0.0,1.0,0,0.0,1.0
26,rand_dt,none,0.3,100,1.0,17.556,567.1986989898992,0.07718273828758865,1.3532121212121213,101.46050510478237,214.0,54.032,99.0,0.0,1.0,0,0.0,1.0
27,rand_dt,none,0.3,100,1.0,16.16,566.8532121212122,0.0828038060341982,1.3374545454545455,127.10091367789445,308.0,53.592,99.0,0.0,1.0,0,0.0,1.0
28,rand_dt,none,0.3,100,1.0,15.052,565.4299555555557,0.08774453215629686,1.3172525252525253,108.73256745925728,302.0,54.592,99.0,0.0,1.0,0,0.0,1.0
29,rand_dt,none,0.3,100,1.0,14.548,568.3264767676769,0.09426995411995412,1.3683636363636362,106.15663456393793,213.0,53.532,99.0,0.0,1.0,0,0.0,1.0
30,rand_dt,none,0.3,93,0.93,19.076,569.4175782608696,0.07346807780320366,1.4012608695652176,122.05090215637377,306.1999999999998,52.084,92.0,0.0,1.0,0,0.0,1.0
31,rand_dt,none,0.3,100,1.0,14.668,567.3332080808082,0.09258287638287638,1.3555959595959597,119.88363636363637,307.0,54.796,99.0,0.0,1.0,0,0.0,1.0
32,rand_dt,none,0.3,100,1.0,18.728,566.5462222222222,0.07182291925098944,1.34359595959596,110.46863969590008,217.0,54.984,99.0,0.0,1.0,0,0.0,1.0
33,rand_dt,none,0.3,100,1.0,14.492,569.9296646464647,0.09632473474238179,1.3936161616161615,150.53869087952296,307.0,53.032,99.0,0.0,1.0,0,0.0,1.0
34,rand_dt,none,0.3,100,1.0,14.932,568.7038222222224,0.09228800328212093,1.3747878787878787,126.92091152815013,304.0,53.896,99.0,0.0,1.0,0,0.0,1.0
35,rand_dt,none,0.3,100,1.0,21.076,562.7986545454545,0.060251362055876306,1.2675151515151515,78.56291923799303,217.0,53.516,99.0,0.0,1.0,0,0.0,1.0
36,rand_dt,none,0.3,97,0.97,16.38,563.8191958333334,0.07961114515250545,1.3029583333333332,114.08302857916836,303.0,54.916,96.0,0.0,1.0,0,0.0,1.0
37,rand_dt,none,0.3,96,0.96,17.112,570.701587368421,0.0819750140314667,1.3992842105263157,136.4391563757458,311.0,50.068,95.0,0.0,1.0,0,0.0,1.0
38,rand_dt,none,0.3,100,1.0,15.892,568.0240484848485,0.08643591800356507,1.3705858585858586,116.94719783929777,304.0,55.312,99.0,0.0,1.0,0,0.0,1.0
39,rand_dt,none,0.3,100,1.0,15.28,566.4084363636364,0.08783106744381254,1.339151515151515,99.93524690518296,215.0,54.424,99.0,0.0,1.0,0,0.0,1.0
40,rand_dt,none,0.3,100,1.0,16.02,570.3263232323233,0.0874950570375235,1.3985858585858586,152.097100292631,308.0,53.54,99.0,0.0,1.0,0,0.0,1.0
41,rand_dt,none,0.3,100,1.0,15.624,566.453305050505,0.08619497260183533,1.3444444444444443,119.42538733351454,302.0,55.9,99.0,0.0,1.0,0,0.0,1.0
42,rand_dt,none,0.3,100,1.0,15.816,568.037575757576,0.08648349225211971,1.3646868686868687,130.82085048010973,307.0,54.896,99.0,0.0,1.0,0,0.0,1.0
43,rand_dt,none,0.3,96,0.96,17.708,566.3636421052632,0.07580788876215305,1.3404210526315792,142.34348798211292,309.0,53.66,95.0,0.0,1.0,0,0.0,1.0
44,rand_dt,none,0.3,100,1.0,16.764,565.6275878787878,0.07939293797972849,1.3278383838383838,104.20988831381095,215.0,55.544,99.0,0.0,1.0,0,0.0,1.0
45,rand_dt,none,0.3,100,1.0,15.184,568.959402020202,0.09128198653198653,1.384969696969697,131.38001638001637,308.0,54.888,99.0,0.0,1.0,0,0.0,1.0
46,rand_dt,none,0.3,99,0.99,16.096,567.405236734694,0.08483943098542675,1.3616734693877552,114.85654827968924,305.0,54.556,98.0,0.0,1.0,0,0.0,1.0
47,rand_dt,none,0.3,100,1.0,17.28,563.1207717171719,0.07403101187311714,1.2770505050505052,117.07099959962632,306.0,55.572,99.0,0.0,1.0,0,0.0,1.0
48,rand_dt,none,0.3,99,0.99,16.452,565.0903959183674,0.0800971615212501,1.3138367346938775,96.83110139382345,215.0,54.244,98.0,0.0,1.0,0,0.0,1.0
49,rand_dt,none,0.3,100,1.0,16.384,564.3116686868688,0.07971435424072162,1.3033535353535353,104.05816798042946,216.0,55.968,99.0,0.0,1.0,0,0.0,1.0
0,rand_dt,none,0.4,99,0.99,19.54,575.5268653061224,0.07415291056955933,1.4474285714285715,116.04364596021112,302.0,45.152,98.0,0.0,1.0,0,0.0,1.0
1,rand_dt,none,0.4,100,1.0,14.676,577.5911474747475,0.10071600534541712,1.4743838383838384,163.7065874398115,315.0,44.036,99.0,0.0,1.0,0,0.0,1.0
2,rand_dt,none,0.4,100,1.0,17.212,575.604787878788,0.0840869739708749,1.4429494949494952,130.48485766202302,402.0,44.148,99.0,0.0,1.0,0,0.0,1.0
3,rand_dt,none,0.4,99,0.99,15.108,574.1353959183674,0.09454939975990397,1.4253061224489796,109.35706956700184,215.0,45.32,98.0,0.0,1.0,0,0.0,1.0
4,rand_dt,none,0.4,100,1.0,16.724,575.2103232323233,0.08638905393807354,1.4424646464646467,134.92758373450783,311.0,46.196,99.0,0.0,1.0,0,0.0,1.0
5,rand_dt,none,0.4,97,0.97,16.812,573.6974708333335,0.08438655167841991,1.4157083333333333,109.47706801946372,302.0,44.092,96.0,0.0,1.0,0,0.0,1.0
6,rand_dt,none,0.4,100,1.0,19.08,576.3676444444444,0.0766809144072302,1.462787878787879,136.68885056305163,308.0,45.184,99.0,0.0,1.0,0,0.0,1.0
7,rand_dt,none,0.4,100,1.0,16.084,572.2614707070708,0.08698919396927653,1.396121212121212,105.87303359382929,307.39999999999964,46.784,99.0,0.0,1.0,0,0.0,1.0
8,rand_dt,none,0.4,100,1.0,20.212,572.4866141414142,0.06906528012049128,1.3936565656565658,88.28547111244617,217.0,45.028,99.0,0.0,1.0,0,0.0,1.0
9,rand_dt,none,0.4,100,1.0,19.272,573.7732444444446,0.07357618518288377,1.4155151515151514,103.66220028208745,217.0,45.864,99.0,0.0,1.0,0,0.0,1.0
10,rand_dt,none,0.4,100,1.0,17.364,576.7644808080809,0.08455332131080326,1.4668686868686869,151.3136523929471,310.0,45.78,99.0,0.0,1.0,0,0.0,1.0
11,rand_dt,none,0.4,100,1.0,18.78,575.6431030303031,0.07733264464389336,1.448969696969697,107.67454252966016,301.0,44.552,99.0,0.0,1.0,0,0.0,1.0
12,rand_dt,none,0.4,100,1.0,16.564,574.5649656565657,0.0865768748718697,1.4305050505050505,114.33410138248848,309.0,45.38,99.0,0.0,1.0,0,0.0,1.0
13,rand_dt,none,0.4,100,1.0,15.976,573.6016323232325,0.0887127979137783,1.4144646464646464,139.35853683457648,311.0,45.968,99.0,0.0,1.0,0,0.0,1.0
14,rand_dt,none,0.4,100,1.0,15.868,575.2827111111112,0.0911030798177857,1.4435959595959598,107.7525701858442,214.0,45.084,99.0,0.0,1.0,0,0.0,1.0
15,rand_dt,none,0.4,100,1.0,14.244,575.2878828282829,0.10109003034003035,1.4354343434343435,107.42592408090067,301.0,43.892,99.0,0.0,1.0,0,0.0,1.0
16,rand_dt,none,0.4,82,0.82,16.504,576.7077086419754,0.08918523614774046,1.470074074074074,129.34159575779998,307.0,36.924,81.0,0.0,1.0,0,0.0,1.0
17,rand_dt,none,0.4,97,0.97,18.468,575.4341291666667,0.07808924220272906,1.4407916666666667,109.42080083203328,304.0,42.684,96.0,0.0,1.0,0,0.0,1.0
18,rand_dt,none,0.4,100,1.0,14.512,573.8994060606062,0.0980066659919601,1.4195959595959595,117.0091132500512,302.0,45.46,99.0,0.0,1.0,0,0.0,1.0
19,rand_dt,none,0.4,100,1.0,15.62,575.1881252525253,0.09261687840119212,1.4431919191919191,110.51849239141389,301.0,45.124,99.0,0.0,1.0,0,0.0,1.0
20,rand_dt,none,0.4,100,1.0,16.256,576.0871353535354,0.08954495939790057,1.4546262626262625,138.1740621218233,309.0,44.992,99.0,0.0,1.0,0,0.0,1.0
21,rand_dt,none,0.4,100,1.0,15.068,577.1407353535355,0.09768316498316497,1.4715959595959598,172.81231671554252,402.0,45.312,99.0,0.0,1.0,0,0.0,1.0
22,rand_dt,none,0.4,97,0.97,14.884,575.8881041666667,0.0980093983426704,1.455375,119.09321248326295,301.0,44.284,96.0,0.0,1.0,0,0.0,1.0
23,rand_dt,none,0.4,97,0.97,14.272,578.7108375000001,0.10495911553724054,1.4942083333333336,158.01389464952302,310.0,42.556,96.0,0.0,1.0,0,0.0,1.0
24,rand_dt,none,0.4,100,1.0,15.804,576.604787878788,0.09313190331245028,1.468888888888889,119.06335302505602,305.0,45.58,99.0,0.0,1.0,0,0.0,1.0
25,rand_dt,none,0.4,99,0.99,15.264,573.8527102040816,0.09345315276293667,1.422204081632653,104.72966259573587,215.0,45.624,98.0,0.0,1.0,0,0.0,1.0
26,rand_dt,none,0.4,100,1.0,17.556,575.406795959596,0.0825356982275455,1.446949494949495,101.38784429311922,214.0,44.752,99.0,0.0,1.0,0,0.0,1.0
27,rand_dt,none,0.4,100,1.0,16.16,574.6121212121213,0.08834061200237672,1.4269090909090907,127.83047188238922,308.0,44.736,99.0,0.0,1.0,0,0.0,1.0
28,rand_dt,none,0.4,100,1.0,15.052,573.3211676767678,0.09382839600486659,1.4085252525252525,108.87761254019293,301.4499999999989,45.556,99.0,0.0,1.0,0,0.0,1.0
29,rand_dt,none,0.4,100,1.0,14.548,576.7099191919193,0.10086390646390647,1.4640404040404043,106.3710179881419,214.0,44.06,99.0,0.0,1.0,0,0.0,1.0
30,rand_dt,none,0.4,93,0.93,19.076,577.9221304347827,0.07848947368421053,1.4970434782608695,122.02375786504665,306.0,43.272,92.0,0.0,1.0,0,0.0,1.0
31,rand_dt,none,0.4,100,1.0,14.668,575.2611555555555,0.0987670274170274,1.44630303030303,120.3429503517178,307.0,45.816,99.0,0.0,1.0,0,0.0,1.0
32,rand_dt,none,0.4,100,1.0,18.728,574.6136363636365,0.07676964971350937,1.436080808080808,110.78678648013887,217.0,45.828,99.0,0.0,1.0,0,0.0,1.0
33,rand_dt,none,0.4,100,1.0,14.492,577.7938141414141,0.10249252044252044,1.482868686868687,149.99115044247787,306.0,44.196,99.0,0.0,1.0,0,0.0,1.0
34,rand_dt,none,0.4,100,1.0,14.932,576.7662262626262,0.09846099180412907,1.4665454545454546,126.41706161137441,304.0,44.812,99.0,0.0,1.0,0,0.0,1.0
35,rand_dt,none,0.4,100,1.0,21.076,571.191701010101,0.06493684354616329,1.366060606060606,78.75998795422606,217.0,43.76,99.0,0.0,1.0,0,0.0,1.0
36,rand_dt,none,0.4,97,0.97,16.38,571.9263875,0.08535677083333335,1.396875,113.66029246344208,303.0,45.9,96.0,0.0,1.0,0,0.0,1.0
37,rand_dt,none,0.4,96,0.96,17.112,578.793507368421,0.08738125269313635,1.4917052631578946,137.38931297709922,311.0,41.288,95.0,0.0,1.0,0,0.0,1.0
38,rand_dt,none,0.4,100,1.0,15.892,576.1491717171718,0.09227753680596819,1.4631919191919192,116.19585439838221,303.0,46.144,99.0,0.0,1.0,0,0.0,1.0
39,rand_dt,none,0.4,100,1.0,15.28,574.7488565656566,0.09409547105037301,1.434828282828283,100.67465857359636,215.0,44.952,99.0,0.0,1.0,0,0.0,1.0
40,rand_dt,none,0.4,100,1.0,16.02,578.294997979798,0.09317697702862822,1.4892121212121212,152.61813576494427,308.0,44.568,99.0,0.0,1.0,0,0.0,1.0
41,rand_dt,none,0.4,100,1.0,15.624,574.8041616161617,0.09232123192711428,1.4401616161616162,119.21081464948767,303.0,46.424,99.0,0.0,1.0,0,0.0,1.0
42,rand_dt,none,0.4,100,1.0,15.816,576.3988484848485,0.09255820718859933,1.4603232323232322,130.887454249695,307.0,45.428,99.0,0.0,1.0,0,0.0,1.0
43,rand_dt,none,0.4,96,0.96,17.708,574.1217768421054,0.08083231836040047,1.4293052631578949,142.17472550675674,309.0,45.216,95.0,0.0,1.0,0,0.0,1.0
44,rand_dt,none,0.4,100,1.0,16.764,574.0435191919191,0.08519559666148933,1.4248484848484848,104.12774572325134,215.0,45.94,99.0,0.0,1.0,0,0.0,1.0
45,rand_dt,none,0.4,100,1.0,15.184,577.146804040404,0.09739107744107743,1.4777373737373736,132.21566018423746,308.0,45.704,99.0,0.0,1.0,0,0.0,1.0
46,rand_dt,none,0.4,99,0.99,16.096,575.8989387755103,0.09086647200233477,1.4584489795918367,114.56642199937971,305.0,45.072,98.0,0.0,1.0,0,0.0,1.0
47,rand_dt,none,0.4,100,1.0,17.28,570.806787878788,0.07924807153057928,1.367191919191919,117.4891805249449,306.0,46.648,99.0,0.0,1.0,0,0.0,1.0
48,rand_dt,none,0.4,99,0.99,16.452,573.468248979592,0.08600576629147899,1.4108979591836734,96.09564238952537,215.0,44.732,98.0,0.0,1.0,0,0.0,1.0
49,rand_dt,none,0.4,100,1.0,16.384,572.3083636363638,0.08537284680308416,1.3958787878787877,104.17330758284204,216.0,46.808,99.0,0.0,1.0,0,0.0,1.0
0,rand_dt,none,0.5,99,0.99,19.54,582.9864653061225,0.07852758659171119,1.532816326530612,116.48921975429175,302.0,36.784,98.0,0.0,1.0,0,0.0,1.0
1,rand_dt,none,0.5,100,1.0,14.676,585.0671717171718,0.10656485181485181,1.5600404040404041,163.7600359007833,315.0,35.556,99.0,0.0,1.0,0,0.0,1.0
2,rand_dt,none,0.5,100,1.0,17.212,583.1278060606062,0.08909229555369906,1.528969696969697,131.86666666666667,402.0,35.632,99.0,0.0,1.0,0,0.0,1.0
3,rand_dt,none,0.5,99,0.99,15.108,581.7536857142858,0.10033599153947292,1.512612244897959,109.90594993844891,215.0,36.764,98.0,0.0,1.0,0,0.0,1.0
4,rand_dt,none,0.5,100,1.0,16.724,582.8369090909092,0.09163217138707334,1.529979797979798,134.23167059972332,311.0,37.532,99.0,0.0,1.0,0,0.0,1.0
5,rand_dt,none,0.5,97,0.97,16.812,580.7138041666667,0.08919303978901502,1.4964583333333334,110.33681396708712,303.0,36.34,96.0,0.0,1.0,0,0.0,1.0
6,rand_dt,none,0.5,100,1.0,19.08,583.7508363636364,0.08108612440191387,1.5468282828282829,137.3364836239205,308.0,36.864,99.0,0.0,1.0,0,0.0,1.0
7,rand_dt,none,0.5,100,1.0,16.084,579.6449454545456,0.09232728732109537,1.481858585858586,105.36780200931145,307.0,38.296,99.0,0.0,1.0,0,0.0,1.0
8,rand_dt,none,0.5,100,1.0,20.212,580.0101737373737,0.07338556990551999,1.480969696969697,88.44898450670306,217.0,36.384,99.0,0.0,1.0,0,0.0,1.0
9,rand_dt,none,0.5,100,1.0,19.272,581.5384,0.07824141897443333,1.5052929292929293,103.56556653015338,217.0,36.976,99.0,0.0,1.0,0,0.0,1.0
10,rand_dt,none,0.5,100,1.0,17.364,584.456298989899,0.08960835044632773,1.5546666666666666,151.06331965564405,310.0,37.088,99.0,0.0,1.0,0,0.0,1.0
11,rand_dt,none,0.5,100,1.0,18.78,583.0694585858587,0.08185461326121801,1.5338585858585858,107.84162166518901,301.0,36.148,99.0,0.0,1.0,0,0.0,1.0
12,rand_dt,none,0.5,100,1.0,16.564,581.9247919191921,0.09170533074119246,1.5151515151515151,113.92419731230386,309.0,37.0,99.0,0.0,1.0,0,0.0,1.0
13,rand_dt,none,0.5,100,1.0,15.976,581.2315919191919,0.0942429689047336,1.5026666666666668,139.01597081475475,311.0,37.236,99.0,0.0,1.0,0,0.0,1.0
14,rand_dt,none,0.5,100,1.0,15.868,582.7051151515152,0.09644387997623292,1.5282424242424242,107.96541832669323,214.0,36.704,99.0,0.0,1.0,0,0.0,1.0
15,rand_dt,none,0.5,100,1.0,14.244,582.4250505050505,0.10689449069449068,1.5178181818181817,107.48996080313574,301.0,35.736,99.0,0.0,1.0,0,0.0,1.0
16,rand_dt,none,0.5,82,0.82,16.504,584.1798222222224,0.0943303711348087,1.5548641975308641,129.72650162737943,307.0,30.056,81.0,0.0,1.0,0,0.0,1.0
17,rand_dt,none,0.5,97,0.97,18.468,582.82125,0.08269904970760235,1.5259166666666668,109.43518749480336,304.0,34.512,96.0,0.0,1.0,0,0.0,1.0
18,rand_dt,none,0.5,100,1.0,14.512,581.0074787878788,0.10366233798880857,1.5014545454545456,117.5463001070047,302.0,37.356,99.0,0.0,1.0,0,0.0,1.0
19,rand_dt,none,0.5,100,1.0,15.62,582.8182222222223,0.09821384526874723,1.5302626262626264,109.92302117722843,226.29999999987922,36.504,99.0,0.0,1.0,0,0.0,1.0
20,rand_dt,none,0.5,100,1.0,16.256,583.4707676767678,0.0947641447151251,1.5393535353535353,138.03828137619124,309.0,36.604,99.0,0.0,1.0,0,0.0,1.0
21,rand_dt,none,0.5,100,1.0,15.068,584.5745939393942,0.10332239057239058,1.5565252525252526,172.8928455810942,402.0,36.904,99.0,0.0,1.0,0,0.0,1.0
22,rand_dt,none,0.5,97,0.97,14.884,583.4050958333335,0.10380529295051355,1.5412916666666665,119.39156626506023,301.0,36.036,96.0,0.0,1.0,0,0.0,1.0
23,rand_dt,none,0.5,97,0.97,14.272,586.1560083333334,0.11090101877289377,1.57875,157.57885572139304,310.0,34.44,96.0,0.0,1.0,0,0.0,1.0
24,rand_dt,none,0.5,100,1.0,15.804,583.9223070707072,0.09839444461818042,1.5519595959595958,119.20350360183366,305.0,37.356,99.0,0.0,1.0,0,0.0,1.0
25,rand_dt,none,0.5,99,0.99,15.264,581.8428081632653,0.09947917434373016,1.5139591836734694,104.54403467168207,215.0,36.632,98.0,0.0,1.0,0,0.0,1.0
26,rand_dt,none,0.5,100,1.0,17.556,583.0986141414141,0.08754315080630869,1.5347474747474747,101.16503914131225,214.0,36.06,99.0,0.0,1.0,0,0.0,1.0
27,rand_dt,none,0.5,100,1.0,16.16,582.1532202020203,0.09372486300917675,1.5138585858585858,128.1684201941114,308.0,36.128,99.0,0.0,1.0,0,0.0,1.0
28,rand_dt,none,0.5,100,1.0,15.052,580.6474101010101,0.09945324109441757,1.493090909090909,108.86205501618123,301.0,37.184,99.0,0.0,1.0,0,0.0,1.0
29,rand_dt,none,0.5,100,1.0,14.548,584.1303676767677,0.1066934546934547,1.548686868686869,105.4897135941912,214.0,35.68,99.0,0.0,1.0,0,0.0,1.0
30,rand_dt,none,0.5,93,0.93,19.076,585.5910869565217,0.08301784897025172,1.583391304347826,121.58927023747617,306.0,35.328,92.0,0.0,1.0,0,0.0,1.0
31,rand_dt,none,0.5,100,1.0,14.668,582.6408161616163,0.10452746512746512,1.5306666666666666,119.96024439918534,307.0,37.464,99.0,0.0,1.0,0,0.0,1.0
32,rand_dt,none,0.5,100,1.0,18.728,581.9916606060607,0.08128402150156534,1.5204040404040406,111.68531869572341,217.0,37.48,99.0,0.0,1.0,0,0.0,1.0
33,rand_dt,none,0.5,100,1.0,14.492,585.1583474747475,0.1082686246215658,1.5664242424242425,150.34330056065653,306.0,35.924,99.0,0.0,1.0,0,0.0,1.0
34,rand_dt,none,0.5,100,1.0,14.932,584.239575757576,0.10418146874911581,1.5517979797979797,126.4201422567087,304.0,36.372,99.0,0.0,1.0,0,0.0,1.0
35,rand_dt,none,0.5,100,1.0,21.076,578.5900444444446,0.06906916997048056,1.453010101010101,79.23145615446501,217.0,35.152,99.0,0.0,1.0,0,0.0,1.0
36,rand_dt,none,0.5,97,0.97,16.38,579.4175541666667,0.09062688929738562,1.483125,113.63049925852694,303.0,37.62,96.0,0.0,1.0,0,0.0,1.0
37,rand_dt,none,0.5,96,0.96,17.112,586.2429347368421,0.09235725761772853,1.5767157894736843,137.38107631601042,311.0,33.212,95.0,0.0,1.0,0,0.0,1.0
38,rand_dt,none,0.5,100,1.0,15.892,584.0107878787879,0.09792655641381132,1.552888888888889,115.94528924289968,303.0,37.264,99.0,0.0,1.0,0,0.0,1.0
39,rand_dt,none,0.5,100,1.0,15.28,582.0456040404041,0.09959659432796689,1.5184242424242425,100.87478670675226,215.0,36.676,99.0,0.0,1.0,0,0.0,1.0
40,rand_dt,none,0.5,100,1.0,16.02,585.8019313131314,0.09851561921242004,1.5745454545454545,152.54543243900463,308.0,36.12,99.0,0.0,1.0,0,0.0,1.0
41,rand_dt,none,0.5,100,1.0,15.624,582.5512161616161,0.09801122994652406,1.528888888888889,118.49939335112836,302.0,37.64,99.0,0.0,1.0,0,0.0,1.0
42,rand_dt,none,0.5,100,1.0,15.816,583.8170626262627,0.0979490422431599,1.545252525252525,130.4157075701086,307.0,37.02,99.0,0.0,1.0,0,0.0,1.0
43,rand_dt,none,0.5,96,0.96,17.708,581.5270357894736,0.08563264497673492,1.5142315789473684,142.01759133964816,309.0,37.148,95.0,0.0,1.0,0,0.0,1.0
44,rand_dt,none,0.5,100,1.0,16.764,581.677309090909,0.09044068236545016,1.5125656565656567,104.59168822768434,215.0,37.256,99.0,0.0,1.0,0,0.0,1.0
45,rand_dt,none,0.5,100,1.0,15.184,584.5753333333334,0.1029452861952862,1.561979797979798,131.7468137254902,308.0,37.364,99.0,0.0,1.0,0,0.0,1.0
46,rand_dt,none,0.5,99,0.99,16.096,583.7652,0.09644599298365963,1.548,114.1540857306778,305.0,36.296,98.0,0.0,1.0,0,0.0,1.0
47,rand_dt,none,0.5,100,1.0,17.28,578.4003717171718,0.0844080841090645,1.4561616161616162,118.18663796539903,306.0,37.84,99.0,0.0,1.0,0,0.0,1.0
48,rand_dt,none,0.5,99,0.99,16.452,580.832318367347,0.09119231171165208,1.496,95.88447296963713,215.0,36.392,98.0,0.0,1.0,0,0.0,1.0
49,rand_dt,none,0.5,100,1.0,16.384,579.6219151515153,0.09055412744576831,1.4805656565656566,103.75577235772357,216.0,38.424,99.0,0.0,1.0,0,0.0,1.0
0,rand_dt,none,0.6,99,0.99,19.54,590.023518367347,0.08266969138988474,1.6135510204081633,116.34781723131238,302.0,28.872,98.0,0.0,1.0,0,0.0,1.0
1,rand_dt,none,0.6,100,1.0,14.676,592.1829858585859,0.11213518017929783,1.6414141414141414,162.97694076278063,315.0,27.5,99.0,0.0,1.0,0,0.0,1.0
2,rand_dt,none,0.6,100,1.0,17.212,589.8995151515152,0.09364042620415168,1.6068686868686868,131.91308731599113,402.0,27.92,99.0,0.0,1.0,0,0.0,1.0
3,rand_dt,none,0.6,99,0.99,15.108,588.7802163265306,0.10569430629394616,1.5934285714285714,109.80553083715517,215.0,28.844,98.0,0.0,1.0,0,0.0,1.0
4,rand_dt,none,0.6,100,1.0,16.724,590.0278949494951,0.09658559450716314,1.6126060606060606,133.9775136741171,311.0,29.352,99.0,0.0,1.0,0,0.0,1.0
5,rand_dt,none,0.6,97,0.97,16.812,587.6826625000001,0.09396488540591676,1.5767083333333332,111.04040333796941,303.0,28.636,96.0,0.0,1.0,0,0.0,1.0
6,rand_dt,none,0.6,100,1.0,19.08,591.0756000000001,0.08546273258904838,1.6303434343434344,137.48246324025362,308.0,28.596,99.0,0.0,1.0,0,0.0,1.0
7,rand_dt,none,0.6,100,1.0,16.084,586.8357333333335,0.0975257984037138,1.5652525252525251,105.28171401450946,307.0,30.04,99.0,0.0,1.0,0,0.0,1.0
8,rand_dt,none,0.6,100,1.0,20.212,587.0226424242426,0.07741708055021972,1.5621818181818183,88.21743796109993,217.0,28.344,99.0,0.0,1.0,0,0.0,1.0
9,rand_dt,none,0.6,100,1.0,19.272,588.3768,0.08235386123711483,1.5844040404040407,103.78951612903226,217.0,29.144,99.0,0.0,1.0,0,0.0,1.0
10,rand_dt,none,0.6,100,1.0,17.364,591.3223353535353,0.0941465080804606,1.6333737373737374,150.99703464078718,310.0,29.296,99.0,0.0,1.0,0,0.0,1.0
11,rand_dt,none,0.6,100,1.0,18.78,590.0771757575759,0.0861293925048311,1.613939393939394,108.06244106156541,301.0,28.22,99.0,0.0,1.0,0,0.0,1.0
12,rand_dt,none,0.6,100,1.0,16.564,588.7617737373738,0.09644433429583069,1.5935757575757574,113.7501515661839,308.0,29.236,99.0,0.0,1.0,0,0.0,1.0
13,rand_dt,none,0.6,100,1.0,15.976,588.0977696969697,0.09923504984485376,1.5822222222222222,139.28859015064515,311.0,29.36,99.0,0.0,1.0,0,0.0,1.0
14,rand_dt,none,0.6,100,1.0,15.868,589.766412121212,0.10154290948702713,1.609090909090909,107.65717722534082,214.0,28.7,99.0,0.0,1.0,0,0.0,1.0
15,rand_dt,none,0.6,100,1.0,14.244,589.1373737373739,0.1123591427091427,1.5953131313131315,107.41623176769704,301.0,28.064,99.0,0.0,1.0,0,0.0,1.0
16,rand_dt,none,0.6,82,0.82,16.504,591.404088888889,0.0993060853537863,1.6368395061728394,130.09287646528404,307.0,23.416,81.0,0.0,1.0,0,0.0,1.0
17,rand_dt,none,0.6,97,0.97,18.468,589.9816125000001,0.08712993421052632,1.6077083333333335,109.92086231834148,304.0,26.66,96.0,0.0,1.0,0,0.0,1.0
18,rand_dt,none,0.6,100,1.0,14.512,588.2494707070708,0.10943538204714676,1.585050505050505,117.67373140411657,302.0,29.08,99.0,0.0,1.0,0,0.0,1.0
19,rand_dt,none,0.6,100,1.0,15.62,589.8775030303032,0.10338201624083976,1.6107474747474748,109.7726207219878,216.0,28.536,99.0,0.0,1.0,0,0.0,1.0
20,rand_dt,none,0.6,100,1.0,16.256,590.3198020202021,0.09958655179243414,1.6177373737373737,137.70024321037698,309.0,28.844,99.0,0.0,1.0,0,0.0,1.0
21,rand_dt,none,0.6,100,1.0,15.068,591.5408444444446,0.10860993265993266,1.6361616161616162,172.97985853822837,402.0,29.02,99.0,0.0,1.0,0,0.0,1.0
22,rand_dt,none,0.6,97,0.97,14.884,590.4856333333333,0.10924476540616246,1.6220833333333335,119.7170071783545,301.0,28.28,96.0,0.0,1.0,0,0.0,1.0
23,rand_dt,none,0.6,97,0.97,14.272,593.0408625,0.11640575015262516,1.657125,157.06427090532137,310.0,26.916,96.0,0.0,1.0,0,0.0,1.0
24,rand_dt,none,0.6,100,1.0,15.804,590.9599757575759,0.10346624396701797,1.6318383838383839,119.12575013638843,305.0,29.448,99.0,0.0,1.0,0,0.0,1.0
25,rand_dt,none,0.6,99,0.99,15.264,588.957412244898,0.10486597038082633,1.5957551020408163,105.0271979329571,215.0,28.616,98.0,0.0,1.0,0,0.0,1.0
26,rand_dt,none,0.6,100,1.0,17.556,590.6424646464646,0.09243952841104544,1.6206060606060606,101.88238829893808,214.0,27.56,99.0,0.0,1.0,0,0.0,1.0
27,rand_dt,none,0.6,100,1.0,16.16,589.1303878787879,0.09871741929094871,1.5944646464646464,127.50469943877206,308.0,28.148,99.0,0.0,1.0,0,0.0,1.0
28,rand_dt,none,0.6,100,1.0,15.052,587.4658545454546,0.10469267606032312,1.5717575757575757,108.5727186311787,301.0,29.396,99.0,0.0,1.0,0,0.0,1.0
29,rand_dt,none,0.6,100,1.0,14.548,590.8457818181819,0.11196264106264106,1.625171717171717,105.39561326784633,214.0,28.108,99.0,0.0,1.0,0,0.0,1.0
30,rand_dt,none,0.6,93,0.93,19.076,592.9659434782609,0.08737585812356978,1.6664782608695652,121.87466685874811,306.0,27.684,92.0,0.0,1.0,0,0.0,1.0
31,rand_dt,none,0.6,100,1.0,14.668,589.8055797979799,0.11011657046657046,1.6124040404040407,120.44417344173442,307.0,29.372,99.0,0.0,1.0,0,0.0,1.0
32,rand_dt,none,0.6,100,1.0,18.728,589.148303030303,0.0856508358438183,1.6023030303030303,112.17411139861092,218.0,29.372,99.0,0.0,1.0,0,0.0,1.0
33,rand_dt,none,0.6,100,1.0,14.492,591.8155919191921,0.1134902257872846,1.6419797979797979,149.95698706225022,306.0,28.444,99.0,0.0,1.0,0,0.0,1.0
34,rand_dt,none,0.6,100,1.0,14.932,591.1796848484851,0.10950181318318573,1.631030303030303,126.30527807775378,304.0,28.528,99.0,0.0,1.0,0,0.0,1.0
35,rand_dt,none,0.6,100,1.0,21.076,585.3162585858586,0.07280936682145338,1.5317171717171718,79.09443473585159,217.0,27.36,99.0,0.0,1.0,0,0.0,1.0
36,rand_dt,none,0.6,97,0.97,16.38,586.8784083333334,0.09587857434640523,1.569,113.45261572172008,303.0,29.376,96.0,0.0,1.0,0,0.0,1.0
37,rand_dt,none,0.6,96,0.96,17.112,593.1802147368421,0.09699075009505188,1.6558736842105264,138.02706861579352,311.0,25.692,95.0,0.0,1.0,0,0.0,1.0
38,rand_dt,none,0.6,100,1.0,15.892,590.9596565656567,0.10289704892057833,1.6318787878787877,116.56566540948276,303.0,29.444,99.0,0.0,1.0,0,0.0,1.0
39,rand_dt,none,0.6,100,1.0,15.28,589.3273656565657,0.10508061662375388,1.602060606060606,100.78065166274773,215.0,28.396,99.0,0.0,1.0,0,0.0,1.0
40,rand_dt,none,0.6,100,1.0,16.02,593.1224242424244,0.10373055303638379,1.657858585858586,152.2700053705693,308.0,27.872,99.0,0.0,1.0,0,0.0,1.0
41,rand_dt,none,0.6,100,1.0,15.624,589.792787878788,0.10333637684029841,1.6119191919191922,118.11070633475005,302.0,29.42,99.0,0.0,1.0,0,0.0,1.0
42,rand_dt,none,0.6,100,1.0,15.816,590.9270101010101,0.10310305340991616,1.6266262626262629,130.64825070917195,307.0,28.964,99.0,0.0,1.0,0,0.0,1.0
43,rand_dt,none,0.6,96,0.96,17.708,588.4035326315791,0.09011385005341009,1.5934736842105262,141.54257047975693,309.0,29.62,95.0,0.0,1.0,0,0.0,1.0
44,rand_dt,none,0.6,100,1.0,16.764,588.7784767676768,0.09531173569197306,1.5940606060606062,104.33382590005374,215.0,29.188,99.0,0.0,1.0,0,0.0,1.0
45,rand_dt,none,0.6,100,1.0,15.184,591.9797373737375,0.10849175084175085,1.646181818181818,131.2436270200825,308.0,29.028,99.0,0.0,1.0,0,0.0,1.0
46,rand_dt,none,0.6,99,0.99,16.096,590.7526204081634,0.10138166334202854,1.627265306122449,113.90057439824945,304.84999999999854,28.528,98.0,0.0,1.0,0,0.0,1.0
47,rand_dt,none,0.6,100,1.0,17.28,585.1801858585859,0.08902000569854028,1.5357575757575757,118.4190195157937,306.0,29.96,99.0,0.0,1.0,0,0.0,1.0
48,rand_dt,none,0.6,99,0.99,16.452,587.6953020408164,0.09603600939122517,1.5753877551020408,95.50195406239287,215.0,28.612,98.0,0.0,1.0,0,0.0,1.0
49,rand_dt,none,0.6,100,1.0,16.384,586.7183555555556,0.09560724670162234,1.563030303030303,103.89711766700576,216.0,30.26,99.0,0.0,1.0,0,0.0,1.0
0,rand_dt,none,0.7,99,0.99,19.54,596.8217102040817,0.08665761156137096,1.6913877551020409,116.64795621287993,302.0,21.244,98.0,0.0,1.0,0,0.0,1.0
1,rand_dt,none,0.7,100,1.0,14.676,598.4896202020203,0.11707015555250849,1.7135757575757575,163.06361367461838,315.0,20.356,99.0,0.0,1.0,0,0.0,1.0
2,rand_dt,none,0.7,100,1.0,17.212,596.5190666666667,0.0980806772327928,1.683111111111111,131.49146502672568,402.0,20.372,99.0,0.0,1.0,0,0.0,1.0
3,rand_dt,none,0.7,99,0.99,15.108,595.3092897959184,0.11067745240953525,1.6685714285714284,109.64851543246098,215.0,21.48,98.0,0.0,1.0,0,0.0,1.0
4,rand_dt,none,0.7,100,1.0,16.724,597.0007515151515,0.10138644616095596,1.6927676767676767,134.26728508873012,311.0,21.416,99.0,0.0,1.0,0,0.0,1.0
5,rand_dt,none,0.7,97,0.97,16.812,594.4151125000001,0.09858069960440316,1.6542083333333333,111.07652909296647,303.0,21.196,96.0,0.0,1.0,0,0.0,1.0
6,rand_dt,none,0.7,100,1.0,19.08,597.8367111111111,0.08949229133439661,1.707232323232323,137.54907621247114,308.0,20.984,99.0,0.0,1.0,0,0.0,1.0
7,rand_dt,none,0.7,100,1.0,16.084,593.6023151515153,0.10241311046481326,1.6436767676767676,105.33546214584301,307.0,22.276,99.0,0.0,1.0,0,0.0,1.0
8,rand_dt,none,0.7,100,1.0,20.212,593.7411919191919,0.08127673845851505,1.639878787878788,88.27641341231956,217.0,20.652,99.0,0.0,1.0,0,0.0,1.0
9,rand_dt,none,0.7,100,1.0,19.272,595.2217656565658,0.08648613238023126,1.6637979797979798,103.990627874885,218.0,21.284,99.0,0.0,1.0,0,0.0,1.0
10,rand_dt,none,0.7,100,1.0,17.364,598.0933454545454,0.09862200261993863,1.7109898989898988,151.01817762132842,310.0,21.612,99.0,0.0,1.0,0,0.0,1.0
11,rand_dt,none,0.7,100,1.0,18.78,596.5947353535353,0.09010779334948582,1.6883636363636365,108.12321945570353,302.0,20.852,99.0,0.0,1.0,0,0.0,1.0
12,rand_dt,none,0.7,100,1.0,16.564,595.3908040404041,0.10106288860396187,1.669979797979798,113.70992940631871,308.0,21.672,99.0,0.0,1.0,0,0.0,1.0
13,rand_dt,none,0.7,100,1.0,15.976,594.9368080808082,0.10420120816003169,1.6612525252525254,139.3962416416878,311.0,21.536,99.0,0.0,1.0,0,0.0,1.0
14,rand_dt,none,0.7,100,1.0,15.868,596.3551717171716,0.10629429590017828,1.6844040404040403,107.86229508196722,214.0,21.244,99.0,0.0,1.0,0,0.0,1.0
15,rand_dt,none,0.7,100,1.0,14.244,595.4810060606062,0.11750711880711881,1.6684848484848485,107.18696575067409,216.0,20.82,99.0,0.0,1.0,0,0.0,1.0
16,rand_dt,none,0.7,82,0.82,16.504,597.7858172839508,0.10368815375402923,1.7091358024691359,129.82616081540203,307.0,17.56,81.0,0.0,1.0,0,0.0,1.0
17,rand_dt,none,0.7,97,0.97,18.468,596.3385208333334,0.09107892300194932,1.6805416666666668,109.64898273006861,304.0,19.668,96.0,0.0,1.0,0,0.0,1.0
18,rand_dt,none,0.7,100,1.0,14.512,595.1110181818183,0.11490168469874353,1.6642020202020202,117.49557112256122,302.0,21.244,99.0,0.0,1.0,0,0.0,1.0
19,rand_dt,none,0.7,100,1.0,15.62,596.4205454545455,0.10817659602561562,1.6855353535353534,109.54985886283772,216.0,21.132,99.0,0.0,1.0,0,0.0,1.0
20,rand_dt,none,0.7,100,1.0,16.256,597.1244565656567,0.10439156268568033,1.6957979797979796,137.36069838700354,309.0,21.116,99.0,0.0,1.0,0,0.0,1.0
21,rand_dt,none,0.7,100,1.0,15.068,598.4097737373737,0.11381683501683502,1.7146262626262625,172.3030529953917,402.0,21.252,99.0,0.0,1.0,0,0.0,1.0
22,rand_dt,none,0.7,97,0.97,14.884,596.9849666666667,0.11425349118814192,1.6964166666666667,119.58601348529149,301.0,21.144,96.0,0.0,1.0,0,0.0,1.0
23,rand_dt,none,0.7,97,0.97,14.272,599.51655,0.12156364659645909,1.73075,156.78977373953322,310.0,19.848,96.0,0.0,1.0,0,0.0,1.0
24,rand_dt,none,0.7,100,1.0,15.804,597.8213212121212,0.10841300187982336,1.7097777777777778,119.19342404952403,305.0,21.732,99.0,0.0,1.0,0,0.0,1.0
25,rand_dt,none,0.7,99,0.99,15.264,595.6171142857144,0.1099028870156121,1.6723673469387754,104.83219597550307,215.0,21.108,98.0,0.0,1.0,0,0.0,1.0
26,rand_dt,none,0.7,100,1.0,17.556,596.969591919192,0.09654213201849941,1.6925252525252523,101.95511049723757,214.0,20.44,99.0,0.0,1.0,0,0.0,1.0
27,rand_dt,none,0.7,100,1.0,16.16,595.7176525252527,0.10342851719812506,1.6705858585858586,127.81594420106065,308.0,20.612,99.0,0.0,1.0,0,0.0,1.0
28,rand_dt,none,0.7,100,1.0,15.052,594.1655272727273,0.10988116741646153,1.6496161616161618,108.19232555439451,301.0,21.688,99.0,0.0,1.0,0,0.0,1.0
29,rand_dt,none,0.7,100,1.0,14.548,597.4335030303031,0.11712533947533947,1.700121212121212,105.50040369088812,214.0,20.688,99.0,0.0,1.0,0,0.0,1.0
30,rand_dt,none,0.7,93,0.93,19.076,599.7135608695652,0.09135617848970252,1.742391304347826,121.9777571251549,306.0,20.7,92.0,0.0,1.0,0,0.0,1.0
31,rand_dt,none,0.7,100,1.0,14.668,596.4455838383839,0.1152893217893218,1.6881616161616162,120.97474835631581,307.0,21.872,99.0,0.0,1.0,0,0.0,1.0
32,rand_dt,none,0.7,100,1.0,18.728,596.0029050505051,0.0898462401795735,1.680848484848485,111.81422603852403,218.0,21.596,99.0,0.0,1.0,0,0.0,1.0
33,rand_dt,none,0.7,100,1.0,14.492,598.4636767676768,0.11869553659847779,1.7173333333333334,150.23893036985586,306.0,20.984,99.0,0.0,1.0,0,0.0,1.0
34,rand_dt,none,0.7,100,1.0,14.932,597.9359070707071,0.11466032877797583,1.7079191919191916,126.84566938233085,304.0,20.916,99.0,0.0,1.0,0,0.0,1.0
35,rand_dt,none,0.7,100,1.0,21.076,591.5068565656567,0.07624031648570863,1.6038383838383838,79.13018399953856,217.0,20.22,99.0,0.0,1.0,0,0.0,1.0
36,rand_dt,none,0.7,97,0.97,16.38,593.9455916666668,0.10084587758714596,1.6503333333333332,113.57302183611176,303.0,21.568,96.0,0.0,1.0,0,0.0,1.0
37,rand_dt,none,0.7,96,0.96,17.112,599.5739873684212,0.10125298770662465,1.728505263157895,137.89319805487182,311.0,18.792,95.0,0.0,1.0,0,0.0,1.0
38,rand_dt,none,0.7,100,1.0,15.892,598.0469737373738,0.10797807816729386,1.7124040404040402,116.69313230910342,304.0,21.472,99.0,0.0,1.0,0,0.0,1.0
39,rand_dt,none,0.7,100,1.0,15.28,595.8929575757578,0.11001276914806327,1.6772121212121212,101.16604122163848,215.0,20.956,99.0,0.0,1.0,0,0.0,1.0
40,rand_dt,none,0.7,100,1.0,16.02,599.8678707070707,0.10852419951145441,1.7346262626262625,152.405906395717,308.0,20.272,99.0,0.0,1.0,0,0.0,1.0
41,rand_dt,none,0.7,100,1.0,15.624,596.5510464646466,0.1082924407473427,1.6892929292929293,118.24175696818682,302.0,21.76,99.0,0.0,1.0,0,0.0,1.0
42,rand_dt,none,0.7,100,1.0,15.816,597.5203595959597,0.10788764158862199,1.7021010101010101,130.58881046054154,306.0,21.492,99.0,0.0,1.0,0,0.0,1.0
43,rand_dt,none,0.7,96,0.96,17.708,595.3249263157895,0.09461451885648073,1.6730947368421052,140.7753631961259,309.0,22.056,95.0,0.0,1.0,0,0.0,1.0
44,rand_dt,none,0.7,100,1.0,16.764,595.3023232323234,0.09979622332718309,1.6690505050505051,104.55474030851002,215.0,21.764,99.0,0.0,1.0,0,0.0,1.0
45,rand_dt,none,0.7,100,1.0,15.184,598.9837616161618,0.11372255892255893,1.7256161616161616,131.3828120499971,308.0,21.164,99.0,0.0,1.0,0,0.0,1.0
46,rand_dt,none,0.7,99,0.99,16.096,597.5210163265306,0.10617436097245916,1.7041224489795919,113.57254007254008,304.34999999999854,20.996,98.0,0.0,1.0,0,0.0,1.0
47,rand_dt,none,0.7,100,1.0,17.28,592.0193858585859,0.0936602184556261,1.6157575757575757,118.47552086322676,306.0,22.04,99.0,0.0,1.0,0,0.0,1.0
48,rand_dt,none,0.7,99,0.99,16.452,594.5803795918368,0.10088301014641445,1.6549795918367347,95.45466783728416,215.0,20.812,98.0,0.0,1.0,0,0.0,1.0
49,rand_dt,none,0.7,100,1.0,16.384,593.5597292929294,0.10047458312050675,1.6423838383838383,103.79508149179281,216.0,22.404,99.0,0.0,1.0,0,0.0,1.0
0,rand_dt,none,0.8,99,0.99,19.54,603.221424489796,0.09041776147232645,1.7647755102040816,116.80521996227762,302.0,14.052,98.0,0.0,1.0,0,0.0,1.0
1,rand_dt,none,0.8,100,1.0,14.676,604.8249696969698,0.12201434067022301,1.785939393939394,163.43256096327025,315.0,13.192,99.0,0.0,1.0,0,0.0,1.0
2,rand_dt,none,0.8,100,1.0,17.212,602.7568363636365,0.10225500064282315,1.7547070707070704,131.1678567836669,401.0,13.284,99.0,0.0,1.0,0,0.0,1.0
3,rand_dt,none,0.8,99,0.99,15.108,601.6536285714286,0.11553214142799977,1.7415918367346939,109.71915875865606,215.0,14.324,98.0,0.0,1.0,0,0.0,1.0
4,rand_dt,none,0.8,100,1.0,16.724,603.5059595959597,0.10585325476992144,1.7673939393939393,134.14476401551403,311.0,14.028,99.0,0.0,1.0,0,0.0,1.0
5,rand_dt,none,0.8,97,0.97,16.812,600.7014166666668,0.10292411098211213,1.7269166666666667,111.28912328337945,303.0,14.216,96.0,0.0,1.0,0,0.0,1.0
6,rand_dt,none,0.8,100,1.0,19.08,604.1468969696971,0.0932654970760234,1.7791919191919192,137.1959148591941,308.0,13.86,99.0,0.0,1.0,0,0.0,1.0
7,rand_dt,none,0.8,100,1.0,16.084,600.4032000000001,0.10732949898016977,1.7225858585858587,105.07330399150099,307.0,14.464,99.0,0.0,1.0,0,0.0,1.0
8,rand_dt,none,0.8,100,1.0,20.212,599.8703676767677,0.08481167897585622,1.7111111111111108,88.26723876829884,217.0,13.6,99.0,0.0,1.0,0,0.0,1.0
9,rand_dt,none,0.8,100,1.0,19.272,601.7225858585861,0.09041554759258108,1.7394747474747474,103.37204744195397,217.0,13.792,99.0,0.0,1.0,0,0.0,1.0
10,rand_dt,none,0.8,100,1.0,17.364,604.5296282828285,0.10286872161588363,1.7846868686868689,151.34709866558836,310.0,14.316,99.0,0.0,1.0,0,0.0,1.0
11,rand_dt,none,0.8,100,1.0,18.78,602.9342747474748,0.09395129733623026,1.7604444444444443,107.9248709905899,301.0,13.716,99.0,0.0,1.0,0,0.0,1.0
12,rand_dt,none,0.8,100,1.0,16.564,601.9763919191919,0.10564461574812452,1.7458181818181817,113.67935386168601,308.0,14.164,99.0,0.0,1.0,0,0.0,1.0
13,rand_dt,none,0.8,100,1.0,15.976,601.2775070707072,0.10879785105961577,1.7344242424242424,139.74626941170519,311.0,14.292,99.0,0.0,1.0,0,0.0,1.0
14,rand_dt,none,0.8,100,1.0,15.868,602.6383191919193,0.11084748465042582,1.7564444444444443,107.08621908127209,214.0,14.112,99.0,0.0,1.0,0,0.0,1.0
15,rand_dt,none,0.8,100,1.0,14.244,601.8549898989899,0.12267275872275872,1.7418989898989898,107.52151835093012,301.0,13.552,99.0,0.0,1.0,0,0.0,1.0
16,rand_dt,none,0.8,82,0.82,16.504,604.25815308642,0.10813851304004383,1.7825185185185184,129.82300228663246,307.0,11.616,81.0,0.0,1.0,0,0.0,1.0
17,rand_dt,none,0.8,97,0.97,18.468,602.3266791666667,0.09479757553606237,1.749125,109.80528808619164,304.0,13.084,96.0,0.0,1.0,0,0.0,1.0
18,rand_dt,none,0.8,100,1.0,14.512,601.5624080808083,0.12004157117392411,1.7385858585858587,117.37444421988683,302.0,13.88,99.0,0.0,1.0,0,0.0,1.0
19,rand_dt,none,0.8,100,1.0,15.62,602.6461616161617,0.11273524837544448,1.7565656565656567,109.77243330638642,216.0,14.1,99.0,0.0,1.0,0,0.0,1.0
20,rand_dt,none,0.8,100,1.0,16.256,603.4980202020203,0.10887748399022909,1.7686464646464646,136.8077584462877,309.0,13.904,99.0,0.0,1.0,0,0.0,1.0
21,rand_dt,none,0.8,100,1.0,15.068,604.9933454545455,0.11882811447811449,1.7901010101010102,172.17807667120044,402.0,13.78,99.0,0.0,1.0,0,0.0,1.0
22,rand_dt,none,0.8,97,0.97,14.884,603.5913500000001,0.11932339227357609,1.77175,119.36657977059437,301.0,13.912,96.0,0.0,1.0,0,0.0,1.0
23,rand_dt,none,0.8,97,0.97,14.272,605.7989416666668,0.12657762706043957,1.8021666666666667,156.89747855471796,310.0,12.992,96.0,0.0,1.0,0,0.0,1.0
24,rand_dt,none,0.8,100,1.0,15.804,604.4602868686869,0.11318571560114388,1.7851717171717174,118.61773980266504,305.0,14.268,99.0,0.0,1.0,0,0.0,1.0
25,rand_dt,none,0.8,99,0.99,15.264,602.2738326530614,0.11492891786751329,1.7488571428571427,104.91093138002951,215.0,13.612,98.0,0.0,1.0,0,0.0,1.0
26,rand_dt,none,0.8,100,1.0,17.556,603.1684080808081,0.10056576775668623,1.763111111111111,101.69000707285036,214.0,13.452,99.0,0.0,1.0,0,0.0,1.0
27,rand_dt,none,0.8,100,1.0,16.16,601.878096969697,0.1078353634383046,1.7416969696969695,127.53900530169149,308.0,13.572,99.0,0.0,1.0,0,0.0,1.0
28,rand_dt,none,0.8,100,1.0,15.052,600.5934707070708,0.11484349659055541,1.724121212121212,108.05457773269084,301.0,14.312,99.0,0.0,1.0,0,0.0,1.0
29,rand_dt,none,0.8,100,1.0,14.548,603.7668565656566,0.12209106819106819,1.7722424242424242,105.72503661801102,214.0,13.548,99.0,0.0,1.0,0,0.0,1.0
30,rand_dt,none,0.8,93,0.93,19.076,606.630195652174,0.09543558352402746,1.8202173913043478,122.00157070898554,306.0,13.54,92.0,0.0,1.0,0,0.0,1.0
31,rand_dt,none,0.8,100,1.0,14.668,603.1982343434345,0.12054805194805195,1.765131313131313,121.05205798864559,307.0,14.252,99.0,0.0,1.0,0,0.0,1.0
32,rand_dt,none,0.8,100,1.0,18.728,602.7255434343434,0.09395131431271782,1.7576565656565655,111.81358673675697,218.0,13.992,99.0,0.0,1.0,0,0.0,1.0
33,rand_dt,none,0.8,100,1.0,14.492,604.7261292929294,0.12360522592875535,1.7884040404040402,150.31067421409077,306.0,13.948,99.0,0.0,1.0,0,0.0,1.0
34,rand_dt,none,0.8,100,1.0,14.932,604.3894303030304,0.11959173480840149,1.7814141414141413,126.75967896623088,304.0,13.64,99.0,0.0,1.0,0,0.0,1.0
35,rand_dt,none,0.8,100,1.0,21.076,597.5750101010101,0.07960423805751451,1.674626262626263,79.04996971532404,217.0,13.212,99.0,0.0,1.0,0,0.0,1.0
36,rand_dt,none,0.8,97,0.97,16.38,600.9514916666668,0.10577508850762526,1.731,113.70748159209104,303.0,13.824,96.0,0.0,1.0,0,0.0,1.0
37,rand_dt,none,0.8,96,0.96,17.112,605.7557726315791,0.1053744534970036,1.7988210526315789,137.57230753050064,311.0,12.112,95.0,0.0,1.0,0,0.0,1.0
38,rand_dt,none,0.8,100,1.0,15.892,604.4547393939395,0.1125628078167294,1.7851313131313131,116.82063300070557,304.0,14.272,99.0,0.0,1.0,0,0.0,1.0
39,rand_dt,none,0.8,100,1.0,15.28,602.3948525252526,0.11488154938743175,1.7515151515151515,101.56806943182966,215.0,13.6,99.0,0.0,1.0,0,0.0,1.0
40,rand_dt,none,0.8,100,1.0,16.02,605.9971232323232,0.11288564819158214,1.8043636363636364,152.06300802746503,308.0,13.368,99.0,0.0,1.0,0,0.0,1.0
41,rand_dt,none,0.8,100,1.0,15.624,603.3759151515153,0.11329798970093087,1.7673939393939395,117.96903056592353,302.0,14.028,99.0,0.0,1.0,0,0.0,1.0
42,rand_dt,none,0.8,100,1.0,15.816,604.0637818181818,0.11264801846664592,1.777212121212121,130.26786886902056,306.0,14.056,99.0,0.0,1.0,0,0.0,1.0
43,rand_dt,none,0.8,96,0.96,17.708,602.3147157894738,0.09915924827548747,1.7534736842105263,140.64872984083482,309.0,14.42,95.0,0.0,1.0,0,0.0,1.0
44,rand_dt,none,0.8,100,1.0,16.764,601.7465292929294,0.10422890219706525,1.7433535353535354,104.53704639644192,215.0,14.408,99.0,0.0,1.0,0,0.0,1.0
45,rand_dt,none,0.8,100,1.0,15.184,605.3118464646466,0.11845252525252527,1.7974141414141416,131.24257125530625,308.0,14.056,99.0,0.0,1.0,0,0.0,1.0
46,rand_dt,none,0.8,99,0.99,16.096,604.0288000000002,0.11077190846263318,1.7779591836734694,113.61882581767928,305.0,13.76,98.0,0.0,1.0,0,0.0,1.0
47,rand_dt,none,0.8,100,1.0,17.28,598.3331676767677,0.0979553872053872,1.6897373737373738,118.34841606133979,306.0,14.716,99.0,0.0,1.0,0,0.0,1.0
48,rand_dt,none,0.8,99,0.99,16.452,600.7301469387755,0.10521863349349767,1.7261224489795919,95.43718902282636,215.0,13.84,98.0,0.0,1.0,0,0.0,1.0
49,rand_dt,none,0.8,100,1.0,16.384,600.1718585858586,0.10516722505411875,1.7190707070707072,103.5506476421777,216.0,14.812,99.0,0.0,1.0,0,0.0,1.0
0,rand_dt,none,0.9,99,0.99,19.54,609.6449061224491,0.09419527901386118,1.838530612244898,117.11132246376812,302.0,6.824,98.0,0.0,1.0,0,0.0,1.0
1,rand_dt,none,0.9,100,1.0,14.676,610.668884848485,0.12657589055824348,1.8528080808080807,163.5467020606497,315.0,6.572,99.0,0.0,1.0,0,0.0,1.0
2,rand_dt,none,0.9,100,1.0,17.212,608.6696969696972,0.10621018691013531,1.8226262626262624,131.00681461555706,401.0,6.56,99.0,0.0,1.0,0,0.0,1.0
3,rand_dt,none,0.9,99,0.99,15.108,608.1134163265308,0.12046281226776423,1.8158775510204082,109.71271899886234,215.0,7.044,98.0,0.0,1.0,0,0.0,1.0
4,rand_dt,none,0.9,100,1.0,16.724,609.8097616161618,0.11020763187429854,1.8401616161616159,133.8754419728774,311.0,6.824,99.0,0.0,1.0,0,0.0,1.0
5,rand_dt,none,0.9,97,0.97,16.812,607.3669041666668,0.10751379303548904,1.8039583333333336,111.23144508670521,303.0,6.82,96.0,0.0,1.0,0,0.0,1.0
6,rand_dt,none,0.9,100,1.0,19.08,610.2725373737376,0.09691228070175438,1.8487676767676764,137.0927191011236,308.0,6.972,99.0,0.0,1.0,0,0.0,1.0
7,rand_dt,none,0.9,100,1.0,16.084,606.6632202020203,0.11183235606842419,1.7947070707070707,105.40513282305268,307.0,7.324,99.0,0.0,1.0,0,0.0,1.0
8,rand_dt,none,0.9,100,1.0,20.212,605.9208202020202,0.0882916378861875,1.7812929292929294,88.41034606419221,217.0,6.652,99.0,0.0,1.0,0,0.0,1.0
9,rand_dt,none,0.9,100,1.0,19.272,607.8980767676769,0.09412483028814768,1.810909090909091,103.00093955527717,217.0,6.72,99.0,0.0,1.0,0,0.0,1.0
10,rand_dt,none,0.9,100,1.0,17.364,610.9864848484849,0.10713310608666644,1.8586262626262626,151.43216418915884,310.0,6.996,99.0,0.0,1.0,0,0.0,1.0
11,rand_dt,none,0.9,100,1.0,18.78,609.285587878788,0.09781314029776363,1.8327676767676766,107.82657637456275,301.0,6.556,99.0,0.0,1.0,0,0.0,1.0
12,rand_dt,none,0.9,100,1.0,16.564,608.1534181818182,0.10993651826138927,1.8166868686868687,113.70997398869854,308.0,7.148,99.0,0.0,1.0,0,0.0,1.0
13,rand_dt,none,0.9,100,1.0,15.976,607.5192686868688,0.11331070509011686,1.8065050505050504,140.08679805615552,311.0,7.156,99.0,0.0,1.0,0,0.0,1.0
14,rand_dt,none,0.9,100,1.0,15.868,608.9044646464647,0.11537488611606259,1.8281616161616159,107.03396903746915,214.0,7.012,99.0,0.0,1.0,0,0.0,1.0
15,rand_dt,none,0.9,100,1.0,14.244,607.8671676767678,0.12754322714322713,1.811232323232323,107.53913627209667,301.0,6.688,99.0,0.0,1.0,0,0.0,1.0
16,rand_dt,none,0.9,82,0.82,16.504,610.6949530864197,0.1125655399695074,1.8554074074074074,130.2446212952799,307.0,5.712,81.0,0.0,1.0,0,0.0,1.0
17,rand_dt,none,0.9,97,0.97,18.468,608.3940458333334,0.09858832846003898,1.8190416666666667,109.422125652998,304.0,6.372,96.0,0.0,1.0,0,0.0,1.0
18,rand_dt,none,0.9,100,1.0,14.512,607.6953535353537,0.12490175293116469,1.808969696969697,117.71781154468621,302.0,6.912,99.0,0.0,1.0,0,0.0,1.0
19,rand_dt,none,0.9,100,1.0,15.62,609.1568363636364,0.11749505324015126,1.8307474747474748,109.80017913121361,216.0,6.756,99.0,0.0,1.0,0,0.0,1.0
20,rand_dt,none,0.9,100,1.0,16.256,609.4797252525253,0.11308782267115601,1.8370101010101008,136.7312666155995,309.0,7.136,99.0,0.0,1.0,0,0.0,1.0
21,rand_dt,none,0.9,100,1.0,15.068,611.2722424242426,0.12360723905723905,1.862060606060606,172.58863025962398,402.0,6.656,99.0,0.0,1.0,0,0.0,1.0
22,rand_dt,none,0.9,97,0.97,14.884,609.9515708333334,0.12421757557189542,1.8442916666666667,119.42189382006856,301.0,6.948,96.0,0.0,1.0,0,0.0,1.0
23,rand_dt,none,0.9,97,0.97,14.272,612.0362041666667,0.13156126182844935,1.8730416666666665,157.67271468144045,310.0,6.188,96.0,0.0,1.0,0,0.0,1.0
24,rand_dt,none,0.9,100,1.0,15.804,610.7606343434344,0.11771814342252938,1.8567676767676766,118.41379310344827,305.0,7.18,99.0,0.0,1.0,0,0.0,1.0
25,rand_dt,none,0.9,99,0.99,15.264,608.4344040816326,0.11957688045914336,1.8196326530612246,104.96769809269243,215.0,6.676,98.0,0.0,1.0,0,0.0,1.0
26,rand_dt,none,0.9,100,1.0,17.556,609.2659717171719,0.10451556778656883,1.8324040404040405,101.93768532662413,214.0,6.592,99.0,0.0,1.0,0,0.0,1.0
27,rand_dt,none,0.9,100,1.0,16.16,607.9660646464648,0.11219358618868423,1.8120808080808082,127.39577812710532,308.0,6.604,99.0,0.0,1.0,0,0.0,1.0
28,rand_dt,none,0.9,100,1.0,15.052,607.1229656565657,0.11988779673485557,1.7997575757575757,108.45671548210846,301.0,6.824,99.0,0.0,1.0,0,0.0,1.0
29,rand_dt,none,0.9,100,1.0,14.548,609.9320282828284,0.12692910607910607,1.8423838383838382,105.80800143684613,214.0,6.604,99.0,0.0,1.0,0,0.0,1.0
30,rand_dt,none,0.9,93,0.93,19.076,613.4375521739131,0.09945263157894738,1.8968260869565219,122.29038470797823,306.0,6.492,92.0,0.0,1.0,0,0.0,1.0
31,rand_dt,none,0.9,100,1.0,14.668,609.3422343434345,0.12533946608946608,1.8353535353535353,121.07927213764526,307.0,7.3,99.0,0.0,1.0,0,0.0,1.0
32,rand_dt,none,0.9,100,1.0,18.728,609.102997979798,0.09783945891665191,1.8303838383838384,111.42632357555924,218.0,6.792,99.0,0.0,1.0,0,0.0,1.0
33,rand_dt,none,0.9,100,1.0,14.492,611.0421212121213,0.12855441105735224,1.86,150.47611565053427,306.0,6.86,99.0,0.0,1.0,0,0.0,1.0
34,rand_dt,none,0.9,100,1.0,14.932,610.5572363636364,0.12431739476935556,1.8517171717171714,126.47468496345128,304.0,6.68,99.0,0.0,1.0,0,0.0,1.0
35,rand_dt,none,0.9,100,1.0,21.076,603.4920040404041,0.08289561641157232,1.7438787878787878,79.01685116299915,217.0,6.356,99.0,0.0,1.0,0,0.0,1.0
36,rand_dt,none,0.9,97,0.97,16.38,607.3424375000001,0.11025885076252723,1.804375,113.67655185116965,303.0,6.78,96.0,0.0,1.0,0,0.0,1.0
37,rand_dt,none,0.9,96,0.96,17.112,611.353292631579,0.10909625549942968,1.8626105263157897,137.14070539807278,311.0,6.052,95.0,0.0,1.0,0,0.0,1.0
38,rand_dt,none,0.9,100,1.0,15.892,610.8664161616163,0.11714701260975771,1.8578585858585857,117.00076181940399,304.0,7.072,99.0,0.0,1.0,0,0.0,1.0
39,rand_dt,none,0.9,100,1.0,15.28,608.52218989899,0.1194682926369201,1.8214949494949495,101.33938904588885,215.0,6.672,99.0,0.0,1.0,0,0.0,1.0
40,rand_dt,none,0.9,100,1.0,16.02,612.1404444444445,0.11726512945068157,1.8744242424242425,152.19372619314362,308.0,6.432,99.0,0.0,1.0,0,0.0,1.0
41,rand_dt,none,0.9,100,1.0,15.624,609.779191919192,0.11798641645210273,1.8405656565656563,118.30244339834118,302.0,6.784,99.0,0.0,1.0,0,0.0,1.0
42,rand_dt,none,0.9,100,1.0,15.816,610.2022343434345,0.11709785247432306,1.8473939393939394,130.38494420446364,306.0,7.108,99.0,0.0,1.0,0,0.0,1.0
43,rand_dt,none,0.9,96,0.96,17.708,608.9318736842107,0.10346505096590806,1.8295578947368423,140.64332849721532,309.0,7.192,95.0,0.0,1.0,0,0.0,1.0
44,rand_dt,none,0.9,100,1.0,16.764,608.3562424242424,0.10877663494247602,1.819232323232323,104.53009404388715,215.0,6.896,99.0,0.0,1.0,0,0.0,1.0
45,rand_dt,none,0.9,100,1.0,15.184,611.5586141414143,0.12311986531986531,1.8682424242424243,131.3628840012594,308.0,7.044,99.0,0.0,1.0,0,0.0,1.0
46,rand_dt,none,0.9,99,0.99,16.096,610.2861918367349,0.1151884247684036,1.8488571428571432,113.4463620673994,304.0,6.812,98.0,0.0,1.0,0,0.0,1.0
47,rand_dt,none,0.9,100,1.0,17.28,604.6211474747477,0.10222724753555507,1.7633939393939393,118.04250830415657,306.0,7.424,99.0,0.0,1.0,0,0.0,1.0
48,rand_dt,none,0.9,99,0.99,16.452,606.9402285714286,0.10958701743855437,1.7976326530612246,95.16659090909091,215.0,6.832,98.0,0.0,1.0,0,0.0,1.0
49,rand_dt,none,0.9,100,1.0,16.384,606.4829050505051,0.10964673584833544,1.7922828282828283,103.55562561931357,216.0,7.564,99.0,0.0,1.0,0,0.0,1.0
0,rand_dt,none,1.0,99,0.99,19.54,615.7285714285716,0.09776099943736893,1.9081632653061225,117.32885714285715,302.0,0.0,98.0,nan,1.0,0,0.0,1.0
1,rand_dt,none,1.0,100,1.0,14.676,616.469696969697,0.13110942434471848,1.9191919191919191,163.32872727272726,315.0,0.0,99.0,nan,1.0,0,0.0,1.0
2,rand_dt,none,1.0,100,1.0,17.212,614.4333333333334,0.11006944676506081,1.888888888888889,131.4399595959596,401.0,0.0,99.0,nan,1.0,0,0.0,1.0
3,rand_dt,none,1.0,99,0.99,15.108,614.357142857143,0.1252216172183159,1.8877551020408165,109.96485714285714,215.0,0.0,98.0,nan,1.0,0,0.0,1.0
4,rand_dt,none,1.0,100,1.0,16.724,615.7909090909092,0.11433333333333334,1.9090909090909096,134.01810101010102,311.0,0.0,99.0,nan,1.0,0,0.0,1.0
5,rand_dt,none,1.0,97,0.97,16.812,613.5000000000001,0.11174084107327141,1.875,111.159125,303.0,0.0,96.0,nan,1.0,0,0.0,1.0
6,rand_dt,none,1.0,100,1.0,19.08,616.469696969697,0.1006060606060606,1.9191919191919191,136.99769696969696,308.0,0.0,99.0,nan,1.0,0,0.0,1.0
7,rand_dt,none,1.0,100,1.0,16.084,613.0757575757577,0.11644509769174372,1.8686868686868687,105.49123232323232,307.0,0.0,99.0,nan,1.0,0,0.0,1.0
8,rand_dt,none,1.0,100,1.0,20.212,611.7181818181817,0.0916177590340686,1.848484848484848,88.70177777777778,217.0,0.0,99.0,nan,1.0,0,0.0,1.0
9,rand_dt,none,1.0,100,1.0,19.272,613.7545454545456,0.09765150893763334,1.878787878787879,103.19430303030303,217.0,0.0,99.0,nan,1.0,0,0.0,1.0
10,rand_dt,none,1.0,100,1.0,17.364,617.148484848485,0.11120877158235258,1.9292929292929295,151.6188686868687,311.0,0.0,99.0,nan,1.0,0,0.0,1.0
11,rand_dt,none,1.0,100,1.0,18.78,615.1121212121213,0.10135656312498416,1.8989898989898992,107.75430303030303,301.0,0.0,99.0,nan,1.0,0,0.0,1.0
12,rand_dt,none,1.0,100,1.0,16.564,614.4333333333334,0.11430285899935023,1.888888888888889,113.97228282828283,308.0,0.0,99.0,nan,1.0,0,0.0,1.0
13,rand_dt,none,1.0,100,1.0,15.976,613.7545454545456,0.11784543473955239,1.878787878787879,139.7780606060606,311.0,0.0,99.0,nan,1.0,0,0.0,1.0
14,rand_dt,none,1.0,100,1.0,15.868,615.1121212121213,0.11984301841948902,1.8989898989898992,107.38747474747474,214.0,0.0,99.0,nan,1.0,0,0.0,1.0
15,rand_dt,none,1.0,100,1.0,14.244,613.7545454545456,0.1323045177045177,1.878787878787879,107.7390303030303,301.0,0.0,99.0,nan,1.0,0,0.0,1.0
16,rand_dt,none,1.0,82,0.82,16.504,616.9222222222222,0.11684480627858682,1.925925925925926,130.4,307.0,0.0,81.0,nan,1.0,0,0.0,1.0
17,rand_dt,none,1.0,97,0.97,18.468,614.2000000000002,0.10218737816764133,1.885416666666667,109.58683333333333,304.0,0.0,96.0,nan,1.0,0,0.0,1.0
18,rand_dt,none,1.0,100,1.0,14.512,613.7545454545456,0.12973433102844867,1.878787878787879,117.44985858585859,302.0,0.0,99.0,nan,1.0,0,0.0,1.0
19,rand_dt,none,1.0,100,1.0,15.62,615.1121212121213,0.12187862565901783,1.8989898989898992,109.58993939393939,216.0,0.0,99.0,nan,1.0,0,0.0,1.0
20,rand_dt,none,1.0,100,1.0,16.256,615.7909090909092,0.11752762923351161,1.9090909090909096,136.8350707070707,309.0,0.0,99.0,nan,1.0,0,0.0,1.0
21,rand_dt,none,1.0,100,1.0,15.068,617.148484848485,0.12807289562289562,1.9292929292929295,172.54282828282828,403.0,0.0,99.0,nan,1.0,0,0.0,1.0
22,rand_dt,none,1.0,97,0.97,14.884,616.3,0.1290926003734827,1.916666666666667,119.4465,301.0,0.0,96.0,nan,1.0,0,0.0,1.0
23,rand_dt,none,1.0,97,0.97,14.272,617.7000000000002,0.13609660027472528,1.9375,157.83954166666666,310.0,0.0,96.0,nan,1.0,0,0.0,1.0
24,rand_dt,none,1.0,100,1.0,15.804,617.148484848485,0.12232739225762965,1.9292929292929295,118.5149898989899,305.0,0.0,99.0,nan,1.0,0,0.0,1.0
25,rand_dt,none,1.0,99,0.99,15.264,614.357142857143,0.12405871506111603,1.8877551020408165,105.1645306122449,215.0,0.0,98.0,nan,1.0,0,0.0,1.0
26,rand_dt,none,1.0,100,1.0,17.556,615.1121212121213,0.10831153780668744,1.8989898989898992,101.68379797979797,214.0,0.0,99.0,nan,1.0,0,0.0,1.0
27,rand_dt,none,1.0,100,1.0,16.16,613.7545454545456,0.1163221429986136,1.878787878787879,127.26181818181819,308.0,0.0,99.0,nan,1.0,0,0.0,1.0
28,rand_dt,none,1.0,100,1.0,15.052,613.0757575757577,0.1244668463344934,1.8686868686868687,108.54751515151516,301.0,0.0,99.0,nan,1.0,0,0.0,1.0
29,rand_dt,none,1.0,100,1.0,14.548,615.7909090909092,0.13152202797202794,1.9090909090909096,105.71090909090908,214.0,0.0,99.0,nan,1.0,0,0.0,1.0
30,rand_dt,none,1.0,93,0.93,19.076,619.708695652174,0.10315343249427918,1.9673913043478264,122.49530434782609,306.0,0.0,92.0,nan,1.0,0,0.0,1.0
31,rand_dt,none,1.0,100,1.0,14.668,615.7909090909092,0.1303772727272727,1.9090909090909096,121.10694949494949,307.0,0.0,99.0,nan,1.0,0,0.0,1.0
32,rand_dt,none,1.0,100,1.0,18.728,615.1121212121213,0.10150600744284952,1.8989898989898992,111.89454545454545,218.0,0.0,99.0,nan,1.0,0,0.0,1.0
33,rand_dt,none,1.0,100,1.0,14.492,617.148484848485,0.13334467504173386,1.9292929292929295,150.67280808080807,306.0,0.0,99.0,nan,1.0,0,0.0,1.0
34,rand_dt,none,1.0,100,1.0,14.932,616.469696969697,0.1288454243650322,1.9191919191919191,126.30650505050505,304.0,0.0,99.0,nan,1.0,0,0.0,1.0
35,rand_dt,none,1.0,100,1.0,21.076,609.0030303030305,0.08594289336548541,1.8080808080808084,79.05951515151516,217.0,0.0,99.0,nan,1.0,0,0.0,1.0
36,rand_dt,none,1.0,97,0.97,16.38,613.5000000000001,0.11457720588235296,1.875,113.47566666666667,303.0,0.0,96.0,nan,1.0,0,0.0,1.0
37,rand_dt,none,1.0,96,0.96,17.112,616.9484210526316,0.11282488566617783,1.926315789473684,136.904,311.0,0.0,95.0,nan,1.0,0,0.0,1.0
38,rand_dt,none,1.0,100,1.0,15.892,617.148484848485,0.12165768138905393,1.9292929292929295,116.83353535353535,304.0,0.0,99.0,nan,1.0,0,0.0,1.0
39,rand_dt,none,1.0,100,1.0,15.28,614.4333333333334,0.1238942680776014,1.888888888888889,101.37276767676768,215.0,0.0,99.0,nan,1.0,0,0.0,1.0
40,rand_dt,none,1.0,100,1.0,16.02,617.8272727272727,0.12133330831535165,1.939393939393939,152.26472727272727,308.0,0.0,99.0,nan,1.0,0,0.0,1.0
41,rand_dt,none,1.0,100,1.0,15.624,615.7909090909092,0.12237584670231728,1.9090909090909096,118.36828282828283,302.0,0.0,99.0,nan,1.0,0,0.0,1.0
42,rand_dt,none,1.0,100,1.0,15.816,616.469696969697,0.12164227239717436,1.9191919191919191,130.39543434343435,306.0,0.0,99.0,nan,1.0,0,0.0,1.0
43,rand_dt,none,1.0,96,0.96,17.708,615.5336842105263,0.10775177448264625,1.9052631578947365,141.1272842105263,309.0,0.0,95.0,nan,1.0,0,0.0,1.0
44,rand_dt,none,1.0,100,1.0,16.764,614.4333333333334,0.11294187784275504,1.888888888888889,104.82177777777778,215.0,0.0,99.0,nan,1.0,0,0.0,1.0
45,rand_dt,none,1.0,100,1.0,15.184,617.8272727272727,0.1278060606060606,1.939393939393939,131.10929292929293,308.0,0.0,99.0,nan,1.0,0,0.0,1.0
46,rand_dt,none,1.0,99,0.99,16.096,616.4142857142859,0.1195270456052095,1.9183673469387759,113.41073469387756,304.0,0.0,98.0,nan,1.0,0,0.0,1.0
47,rand_dt,none,1.0,100,1.0,17.28,611.039393939394,0.10657298301209549,1.8383838383838382,118.24371717171717,306.0,0.0,99.0,nan,1.0,0,0.0,1.0
48,rand_dt,none,1.0,99,0.99,16.452,612.9857142857143,0.11383636093535157,1.8673469387755106,95.29183673469387,215.0,0.0,98.0,nan,1.0,0,0.0,1.0
49,rand_dt,none,1.0,100,1.0,16.384,613.0757575757577,0.1143174816621669,1.8686868686868687,103.43369696969697,216.0,0.0,99.0,nan,1.0,0,0.0,1.0
