net,burst,scheme,p,reachable,nodes,tree_frame,frame_len,energy_uC,duty_b,radio_on,latency,latency_p95,wasted,granted,removal,service,failed,delayed,pdr
0,1.25,static,0.2,0.99,99,19,19.0,558.9092530612246,0.06621482277121377,1.2580816326530613,15.103284445362528,19.0,63.708,98.0,0.0,1.0,0,0.0,1.0
1,1.25,static,0.2,1.0,100,18,18.0,562.2501535353535,0.07213692480359149,1.2984646464646463,16.3726795803067,18.0,61.452,99.0,0.0,1.0,0,0.0,1.0
2,1.25,static,0.2,1.0,100,20,20.0,559.8021131313131,0.0631050505050505,1.2621010101010102,17.00876120619397,20.0,62.052,99.0,0.0,1.0,0,0.0,1.0
3,1.25,static,0.2,0.99,99,18,18.0,558.6325224489797,0.06939682539682539,1.249142857142857,14.574355853114222,18.0,62.584,98.0,0.0,1.0,0,0.0,1.0
4,1.25,static,0.2,1.0,100,19,19.0,559.2992727272729,0.06634768740031899,1.2606060606060607,15.840677274581804,19.0,64.2,99.0,0.0,1.0,0,0.0,1.0
5,1.25,static,0.2,0.97,97,19,19.0,558.9233958333334,0.06560307017543861,1.2464583333333334,14.460802661676023,19.0,60.34,96.0,0.0,1.0,0,0.0,1.0
6,1.25,static,0.2,1.0,100,21,21.0,560.5117333333334,0.0611063011063011,1.2832323232323233,17.238778811160532,21.0,62.96,99.0,0.0,1.0,0,0.0,1.0
7,1.25,static,0.2,1.0,100,18,18.0,556.7905454545455,0.06760942760942759,1.216969696969697,15.473939393939395,18.0,64.52,99.0,0.0,1.0,0,0.0,1.0
8,1.25,static,0.2,1.0,100,22,22.0,555.9324848484849,0.05462993572084481,1.201858585858586,18.200940310711367,22.0,64.016,99.0,0.0,1.0,0,0.0,1.0
9,1.25,static,0.2,1.0,100,21,21.0,557.5399151515153,0.05848388648388648,1.2281616161616162,17.88358089120835,21.0,64.412,99.0,0.0,1.0,0,0.0,1.0
10,1.25,static,0.2,1.0,100,22,22.0,560.8357898989899,0.058398530762167125,1.284767676767677,17.183187461835946,22.0,63.808,99.0,0.0,1.0,0,0.0,1.0
11,1.25,static,0.2,1.0,100,22,22.0,559.3242303030305,0.05739393939393939,1.2626666666666666,17.8772419290554,22.0,62.996,99.0,0.0,1.0,0,0.0,1.0
12,1.25,static,0.2,1.0,100,19,19.0,558.3651232323232,0.06550558213716108,1.2446060606060607,16.242936687976904,19.0,63.784,99.0,0.0,1.0,0,0.0,1.0
13,1.25,static,0.2,1.0,100,18,18.0,559.0975757575758,0.069337822671156,1.2480808080808081,14.65025025025025,18.0,62.44,99.0,0.0,1.0,0,0.0,1.0
14,1.25,static,0.2,1.0,100,18,18.0,558.8519111111111,0.0698047138047138,1.2564848484848485,15.241105148081893,18.0,63.608,99.0,0.0,1.0,0,0.0,1.0
15,1.25,static,0.2,1.0,100,18,18.0,558.9336686868686,0.06934904601571268,1.2482828282828282,15.615430622009569,18.0,62.42,99.0,0.0,1.0,0,0.0,1.0
16,1.25,static,0.2,0.82,82,20,20.0,560.7151209876545,0.06445925925925926,1.2891851851851852,16.533532041728762,20.0,51.576,81.0,0.0,1.0,0,0.0,1.0
17,1.25,static,0.2,0.97,97,20,20.0,560.3510458333334,0.06343958333333333,1.2687916666666665,14.688527960526315,20.0,59.196,96.0,0.0,1.0,0,0.0,1.0
18,1.25,static,0.2,1.0,100,20,20.0,558.5210787878789,0.06222828282828283,1.2445656565656567,15.916936135812449,20.0,62.788,99.0,0.0,1.0,0,0.0,1.0
19,1.25,static,0.2,1.0,100,19,19.0,559.5741696969698,0.06664752791068579,1.2663030303030305,15.99185376515001,19.0,62.636,99.0,0.0,1.0,0,0.0,1.0
20,1.25,static,0.2,1.0,100,18,18.0,560.2486626262628,0.07078338945005612,1.2741010101010102,15.334079804560261,18.0,62.864,99.0,0.0,1.0,0,0.0,1.0
21,1.25,static,0.2,1.0,100,18,18.0,561.0003434343433,0.07158024691358024,1.2884444444444443,15.395906553648956,18.0,63.444,99.0,0.0,1.0,0,0.0,1.0
22,1.25,static,0.2,0.97,97,17,17.0,559.3439541666668,0.07454656862745099,1.2672916666666665,14.786448500104887,17.0,62.34,96.0,0.0,1.0,0,0.0,1.0
23,1.25,static,0.2,0.97,97,19,19.0,562.7222958333334,0.0691732456140351,1.3142916666666664,17.497614602779507,19.0,59.828,96.0,0.0,1.0,0,0.0,1.0
24,1.25,static,0.2,1.0,100,18,18.0,560.5455353535355,0.07153310886644221,1.2875959595959598,16.026236731423992,18.0,63.528,99.0,0.0,1.0,0,0.0,1.0
25,1.25,static,0.2,0.99,99,18,18.0,558.4566571428572,0.0692721088435374,1.2468979591836735,14.253592390204412,18.0,62.804,98.0,0.0,1.0,0,0.0,1.0
26,1.25,static,0.2,1.0,100,20,20.0,559.2619151515152,0.0632121212121212,1.2642424242424244,15.951135442011354,20.0,62.84,99.0,0.0,1.0,0,0.0,1.0
27,1.25,static,0.2,1.0,100,19,19.0,560.2808363636365,0.06645614035087719,1.2626666666666668,14.170571882446387,19.0,60.996,99.0,0.0,1.0,0,0.0,1.0
28,1.25,static,0.2,1.0,100,18,18.0,557.4697212121212,0.06813468013468015,1.2264242424242424,15.02815202091293,18.0,63.584,99.0,0.0,1.0,0,0.0,1.0
29,1.25,static,0.2,1.0,100,18,18.0,560.8717494949495,0.07140740740740742,1.2853333333333332,14.892481650466177,18.0,61.752,99.0,0.0,1.0,0,0.0,1.0
30,1.25,static,0.2,0.93,93,19,19.0,561.4791956521741,0.06907322654462243,1.312391304347826,17.35282522996058,19.0,60.26,92.0,0.0,1.0,0,0.0,1.0
31,1.25,static,0.2,1.0,100,17,17.0,559.7221090909092,0.07465240641711231,1.2690909090909093,15.224543080939947,17.0,63.36,99.0,0.0,1.0,0,0.0,1.0
32,1.25,static,0.2,1.0,100,20,20.0,559.2171313131314,0.06307474747474746,1.2614949494949497,16.65015166835187,20.0,63.112,99.0,0.0,1.0,0,0.0,1.0
33,1.25,static,0.2,1.0,100,19,19.0,561.8911313131314,0.06864646464646464,1.3042828282828283,16.503842159916925,19.0,61.876,99.0,0.0,1.0,0,0.0,1.0
34,1.25,static,0.2,1.0,100,18,18.0,560.5292929292929,0.07127721661054995,1.282989898989899,15.737355271176112,18.0,62.984,99.0,0.0,1.0,0,0.0,1.0
35,1.25,static,0.2,1.0,100,24,24.0,554.5233252525253,0.0488030303030303,1.1712727272727275,18.87354007249295,24.0,63.044,99.0,0.0,1.0,0,0.0,1.0
36,1.25,static,0.2,0.97,97,21,21.0,555.5199041666667,0.0575218253968254,1.2079583333333332,17.887036265110464,21.0,64.036,96.0,0.0,1.0,0,0.0,1.0
37,1.25,static,0.2,0.96,96,21,21.0,562.1976084210527,0.06201904761904762,1.3024,17.411426135152418,21.0,59.272,95.0,0.0,1.0,0,0.0,1.0
38,1.25,static,0.2,1.0,100,17,17.0,559.4033818181819,0.0748972073677956,1.273252525252525,14.721892279336473,17.0,64.948,99.0,0.0,1.0,0,0.0,1.0
39,1.25,static,0.2,1.0,100,19,19.0,558.8300040404041,0.06595215311004785,1.2530909090909093,15.84119560797072,19.0,62.944,99.0,0.0,1.0,0,0.0,1.0
40,1.25,static,0.2,1.0,100,18,18.0,561.6044444444445,0.0722334455667789,1.3002020202020204,15.957320808658363,18.0,63.28,99.0,0.0,1.0,0,0.0,1.0
41,1.25,static,0.2,1.0,100,19,19.0,558.7165494949495,0.06615204678362574,1.256888888888889,16.719183673469388,19.0,64.568,99.0,0.0,1.0,0,0.0,1.0
42,1.25,static,0.2,1.0,100,17,17.0,560.6439878787879,0.07534402852049911,1.2808484848484847,15.129305135951661,17.0,63.196,99.0,0.0,1.0,0,0.0,1.0
43,1.25,static,0.2,0.96,96,20,20.0,559.4445810526316,0.06312842105263158,1.2625684210526316,15.0646032405484,20.0,61.056,95.0,0.0,1.0,0,0.0,1.0
44,1.25,static,0.2,1.0,100,19,19.0,557.6471191919193,0.06509728867623603,1.2368484848484849,16.33719276863701,19.0,64.552,99.0,0.0,1.0,0,0.0,1.0
45,1.25,static,0.2,1.0,100,17,17.0,561.6142868686868,0.07662032085561497,1.3025454545454545,15.13657176985865,17.0,63.048,99.0,0.0,1.0,0,0.0,1.0
46,1.25,static,0.2,0.99,99,19,19.0,560.6095877551021,0.0676455424274973,1.2852653061224488,16.492190628754507,19.0,62.044,98.0,0.0,1.0,0,0.0,1.0
47,1.25,static,0.2,1.0,100,19,19.0,556.3026464646466,0.06307070707070707,1.1983434343434345,16.01343762535098,19.0,63.364,99.0,0.0,1.0,0,0.0,1.0
48,1.25,static,0.2,0.99,99,18,18.0,556.6728530612246,0.0676485260770975,1.2176734693877551,14.992625972961902,18.0,63.668,98.0,0.0,1.0,0,0.0,1.0
49,1.25,static,0.2,1.0,100,18,18.0,557.1835636363637,0.06791919191919192,1.2225454545454546,15.051640340218713,18.0,63.968,99.0,0.0,1.0,0,0.0,1.0
0,1.25,bsps,0.2,0.99,99,19,15.68,544.570269387755,0.06060459619166734,0.946530612244898,44.5490601115472,116.0,35.44,67.64,0.44266713031383115,0.6896632917353426,0,0.3174963850444123,1.0
1,1.25,bsps,0.2,1.0,100,18,14.992,548.3465777777778,0.06691517483968465,1.0012525252525253,42.302865213882164,116.0,35.284,70.276,0.44435975609756095,0.690463505594033,0,0.28934624697336564,1.0
2,1.25,bsps,0.2,1.0,100,20,15.892,545.9960606060608,0.0607714011956014,0.9644444444444444,43.0780358598207,116.0,35.184,69.836,0.4441375623663578,0.6900149031296572,0,0.2980847595762021,1.0
3,1.25,bsps,0.2,0.99,99,18,14.34,544.206224489796,0.0656399510353592,0.9395102040816327,42.46155406776222,114.0,35.064,68.036,0.44219554030874786,0.6887096774193548,0,0.3118279569892473,1.0
4,1.25,bsps,0.2,1.0,100,19,14.452,545.0946464646464,0.06620850782821887,0.954060606060606,43.450836393308855,115.0,35.968,68.5,0.4439969796123836,0.6915262064188409,0,0.31191350469196244,1.0
5,1.25,bsps,0.2,0.97,97,19,15.232,545.2354041666667,0.06258475495433216,0.9512916666666668,42.1085464753587,115.0,33.88,67.356,0.4436412540976717,0.6926257753273605,0,0.3008941567893533,1.0
6,1.25,bsps,0.2,1.0,100,21,15.536,546.0663353535354,0.0626355306544161,0.9694141414141415,42.72300849171047,116.0,35.132,69.036,0.4460646521433591,0.6994655004859086,0,0.2994338859684594,1.0
7,1.25,bsps,0.2,1.0,100,18,13.984,542.9875151515153,0.06579859867801045,0.91789898989899,42.70747474747475,114.0,36.04,68.368,0.44355585486993854,0.6934339967970716,0,0.3115151515151515,1.0
8,1.25,bsps,0.2,1.0,100,22,17.084,542.3003070707072,0.053293725003735325,0.9077171717171717,43.63000817661488,117.0,36.428,69.068,0.4463511720477665,0.6932826362484157,0,0.2998773507767784,1.0
9,1.25,bsps,0.2,1.0,100,21,15.888,543.8921979797981,0.059034159281837306,0.9332525252525252,42.85387394620634,117.0,36.36,68.764,0.4458712475550642,0.7007781183683094,0,0.29566439181051785,1.0
10,1.25,bsps,0.2,1.0,100,22,16.0,546.5977414141415,0.06134856559180604,0.9770505050505051,43.062283737024224,117.0,35.708,68.696,0.44557411441943034,0.6906128069772779,0,0.3006309790352127,1.0
11,1.25,bsps,0.2,1.0,100,22,16.752,545.1492646464648,0.05708665427184519,0.9548686868686869,43.764647269828615,117.0,35.684,69.52,0.4438959894226531,0.6936221419975933,0,0.2993224392188123,1.0
12,1.25,bsps,0.2,1.0,100,19,14.184,544.3197494949496,0.06661541306608385,0.9404444444444444,42.40977521138379,114.0,35.68,68.704,0.4458461283094033,0.691025946203285,0,0.3085172200453702,1.0
13,1.25,bsps,0.2,1.0,100,18,15.096,545.3726666666668,0.0631492659845601,0.9526868686868687,41.57897897897898,115.0,34.892,69.176,0.4462298100259436,0.6996047430830039,0,0.2936936936936937,1.0
14,1.25,bsps,0.2,1.0,100,18,14.2,544.5704888888889,0.06679992447639506,0.9475151515151515,42.547008547008545,114.0,35.848,69.008,0.4416187901318013,0.6878115088355233,0,0.3108725899423574,1.0
15,1.25,bsps,0.2,1.0,100,18,14.18,545.3311555555556,0.06758403555248475,0.9560404040404041,41.48724082934609,114.0,35.88,70.084,0.4414621225498852,0.6839961667465261,0,0.2966507177033493,1.0
16,1.25,bsps,0.2,0.82,82,20,14.784,545.8825185185186,0.06560548945124109,0.9684938271604938,42.393194237456534,115.0,28.896,56.448,0.4451303885045237,0.6932935916542474,0,0.3025335320417288,1.0
17,1.25,bsps,0.2,0.97,97,20,15.888,546.9916875,0.06175643419761067,0.9809166666666668,40.766447368421055,115.0,34.192,68.852,0.4429910010205028,0.6920171241500881,0,0.28289473684210525,1.0
18,1.25,bsps,0.2,1.0,100,20,15.964,544.8492606060607,0.059481717519952806,0.9476767676767677,42.06345998383185,115.0,35.348,69.476,0.4444252227315976,0.6934829314872285,0,0.29688763136620855,1.0
19,1.25,bsps,0.2,1.0,100,19,15.848,545.245692929293,0.06044902983726513,0.9566060606060605,42.91814027419034,115.0,35.32,69.38,0.44267760964349834,0.6892865442714385,0,0.30260282137889927,1.0
20,1.25,bsps,0.2,1.0,100,18,14.076,546.0955191919192,0.06886608021608022,0.9680808080808081,41.81657166123779,114.0,35.2,69.124,0.4452616451094767,0.6909614001438504,0,0.30232084690553745,1.0
21,1.25,bsps,0.2,1.0,100,18,14.472,546.7857454545455,0.06790734635734637,0.9790707070707072,43.44469712631797,115.0,35.172,68.724,0.44626701614948844,0.6944644140905823,0,0.30762869547240024,1.0
22,1.25,bsps,0.2,0.97,97,17,14.148,545.1183791666666,0.06763271901709401,0.9564166666666667,43.3620725823369,114.0,34.728,66.524,0.4438949522510232,0.6935861423220974,0,0.31403398363750784,1.0
23,1.25,bsps,0.2,0.97,97,19,15.652,548.522325,0.06442455686334364,1.0080416666666667,42.23148724331052,116.0,33.98,67.972,0.4453858905875852,0.6947584789311408,0,0.28313627878033604,1.0
24,1.25,bsps,0.2,1.0,100,18,14.54,545.6990424242425,0.06660987106575342,0.966060606060606,43.27057881033447,114.0,35.296,68.548,0.44468870911009495,0.6933139534883721,0,0.3082315241337873,1.0
25,1.25,bsps,0.2,0.99,99,18,15.152,544.6235020408164,0.062489715776420464,0.9463673469387756,41.27787897186804,114.0,35.376,68.544,0.4457758620689655,0.6973493975903614,0,0.29366524994940296,1.0
26,1.25,bsps,0.2,1.0,100,20,16.616,544.6352808080808,0.05719181800311831,0.949050505050505,43.94545823195458,116.0,35.68,69.392,0.4432698441629454,0.690091879811274,0,0.31123276561232766,1.0
27,1.25,bsps,0.2,1.0,100,19,14.36,547.057781818182,0.06821240716436797,0.9769292929292929,39.86993645750596,114.0,34.484,70.344,0.4433218115749357,0.6959924116670619,0,0.2875297855440826,1.0
28,1.25,bsps,0.2,1.0,100,18,14.488,543.5376727272727,0.0640488304723599,0.9261010101010102,42.14136336215564,114.0,35.536,68.64,0.444207291044139,0.695591322603219,0,0.30444399758696966,1.0
29,1.25,bsps,0.2,1.0,100,18,15.22,546.6665131313133,0.06452234105763517,0.9803232323232324,41.57230708192819,114.0,35.58,70.372,0.44199044442441177,0.6904017320182824,0,0.2945844078555842,1.0
30,1.25,bsps,0.2,0.93,93,19,13.796,545.9345086956522,0.07099177941623594,0.9762608695652174,45.008103372755144,114.0,33.752,63.284,0.44267405611361277,0.6858638743455497,0,0.3232588699080158,1.0
31,1.25,bsps,0.2,1.0,100,17,13.724,545.0448808080808,0.0695980452207725,0.953939393939394,42.58505724040972,114.0,35.932,69.028,0.44320027352765196,0.6898395721925134,0,0.30688893352078733,1.0
32,1.25,bsps,0.2,1.0,100,20,15.612,544.9870585858587,0.06126888034184216,0.953050505050505,41.80080889787664,115.0,35.552,69.308,0.44559412550066757,0.6943272386310361,0,0.2940343781597573,1.0
33,1.25,bsps,0.2,1.0,100,19,15.572,548.0953292929293,0.06456880998449625,1.0032323232323233,41.91214953271028,115.0,35.36,70.624,0.4447997157829292,0.6908043096968178,0,0.2897196261682243,1.0
34,1.25,bsps,0.2,1.0,100,18,14.524,546.2013575757577,0.0670263570884783,0.9724444444444444,42.36867763558806,115.0,35.3,69.172,0.4456089627755692,0.6925228891149542,0,0.2981921592524883,1.0
35,1.25,bsps,0.2,1.0,100,24,19.476,541.3569818181819,0.04580193775473107,0.8888484848484849,44.68425291985501,119.0,36.544,69.996,0.442534805568891,0.6889178617992178,0,0.2976238421264599,1.0
36,1.25,bsps,0.2,0.97,97,21,15.992,541.1710833333334,0.05590664369295852,0.8924583333333334,45.97332221759066,116.0,34.88,65.096,0.44305698253378645,0.6865346965412226,0,0.3282617757398916,1.0
37,1.25,bsps,0.2,0.96,96,21,16.552,548.5447957894738,0.06114358412702392,1.0084210526315789,42.155617139202725,117.0,34.364,67.92,0.44552989934872705,0.6938606194690266,0,0.282455766361117,1.0
38,1.25,bsps,0.2,1.0,100,17,13.944,544.7427313131313,0.06854856608038426,0.9533737373737373,42.90763874667213,114.0,36.168,68.224,0.4452302631578947,0.6942396313364055,0,0.3082121646528773,1.0
39,1.25,bsps,0.2,1.0,100,19,14.852,544.8149818181819,0.0640111731405849,0.9491717171717172,41.80642537616917,114.0,35.608,69.496,0.44495985727029436,0.6915841584158415,0,0.2982919886132574,1.0
40,1.25,bsps,0.2,1.0,100,18,14.304,547.4382181818182,0.06962917556135023,0.9925656565656565,43.47335103124362,115.0,35.784,69.42,0.44381071205774886,0.6870191114420452,0,0.3081478456197672,1.0
41,1.25,bsps,0.2,1.0,100,19,14.748,543.8696282828282,0.06353358036299213,0.9359191919191919,44.85857142857143,115.0,35.668,67.776,0.4425361018542254,0.6858273213870142,0,0.32326530612244897,1.0
42,1.25,bsps,0.2,1.0,100,17,14.232,546.5360646464648,0.06871636446342327,0.9749898989898991,41.79295065458207,114.0,35.296,68.96,0.44540816326530613,0.6981132075471698,0,0.29788519637462235,1.0
43,1.25,bsps,0.2,0.96,96,20,14.488,545.1719789473684,0.06613905709701375,0.9520421052631579,42.33797257997507,115.0,33.44,65.404,0.4444977991196479,0.6934517203107659,0,0.30972164520149564,1.0
44,1.25,bsps,0.2,1.0,100,19,15.056,543.8132080808082,0.06221229623680604,0.9355555555555556,41.92220190940483,115.0,36.472,68.956,0.44667760459392947,0.6962877030162413,0,0.29372333942717854,1.0
45,1.25,bsps,0.2,1.0,100,17,14.172,547.2404,0.06982255352094925,0.9883232323232324,41.472227752339236,114.0,34.912,68.964,0.44639674051438755,0.6994548471201707,0,0.2944455504678479,1.0
46,1.25,bsps,0.2,0.99,99,19,15.568,546.0125551020409,0.06232334231359789,0.969469387755102,43.32478974769724,116.0,34.884,68.572,0.44440525526849484,0.6958403462370762,0,0.3009611533840609,1.0
47,1.25,bsps,0.2,1.0,100,19,14.944,543.2965454545454,0.06144762122409181,0.916080808080808,43.06117127958283,115.0,35.048,68.692,0.4432884856070088,0.6921119592875318,0,0.31066987565182513,1.0
48,1.25,bsps,0.2,0.99,99,18,15.036,542.965906122449,0.06146818031241801,0.9207346938775511,41.687832855387136,115.0,36.508,68.68,0.4466306808288351,0.6938216243148979,0,0.29291274068004913,1.0
49,1.25,bsps,0.2,1.0,100,18,14.84,543.5985454545455,0.06259912636383226,0.9268282828282829,43.26427703523694,114.0,35.584,68.6,0.4433651762061492,0.6874312128549417,0,0.3128797083839611,1.0
0,1.25,baps,0.2,0.99,99,19,12.5,535.6778,0.049184031507339784,0.7837142857142857,56.51869448461062,119.0,27.824,55.564,0.5590056617126681,0.6500224921277553,0,0.42202024375129105,1.0
1,1.25,baps,0.2,1.0,100,18,12.5,539.1265090909093,0.0554349847683181,0.8357979797979799,56.79297820823245,118.0,27.256,57.5,0.555631266426555,0.6437012823736484,0,0.4128329297820823,1.0
2,1.25,baps,0.2,1.0,100,20,13.0,537.4608242424243,0.05158114478114478,0.8085656565656565,56.97066014669927,120.0,27.952,58.0,0.556869881710646,0.6467136150234741,0,0.4095354523227384,1.0
3,1.25,baps,0.2,0.99,99,18,12.12,534.9448979591837,0.04909782960803368,0.7688979591836735,56.44958409413674,118.0,27.676,55.764,0.557560890134922,0.6432621020497166,0,0.42726719415702985,1.0
4,1.25,baps,0.2,1.0,100,19,12.5,537.1748202020202,0.053544922913343965,0.809090909090909,57.49469604243166,119.0,28.9,57.5,0.5555175070627515,0.6419347778507332,0,0.4249286005711954,1.0
5,1.25,baps,0.2,0.97,97,19,14.0,538.5397291666667,0.05123221247563353,0.8317916666666667,52.92264504054897,119.0,29.388,59.12,0.5575511613850272,0.6427500535446562,0,0.39405281763360367,1.0
6,1.25,baps,0.2,1.0,100,21,14.0,536.6786020202021,0.04565079365079365,0.8014949494949494,58.76506267691064,121.0,28.536,57.192,0.5544278785701455,0.6387998167659185,0,0.4255964415689446,1.0
7,1.25,baps,0.2,1.0,100,18,11.5,534.0557737373738,0.05149405162738496,0.7560808080808082,59.84787878787879,118.0,28.344,55.848,0.5539363628524618,0.6344294003868471,0,0.45151515151515154,1.0
8,1.25,baps,0.2,1.0,100,22,14.412,534.5380646464647,0.042465958284140105,0.7633535353535353,57.89799672935405,121.0,28.928,57.5,0.5558553696708041,0.6502904162633107,0,0.4086263286999182,1.0
9,1.25,baps,0.2,1.0,100,21,13.0,534.0846222222223,0.04383145743145742,0.7527676767676766,61.24528301886792,121.0,27.032,54.528,0.5569664289441641,0.6454908929364727,0,0.44199116820553996,1.0
10,1.25,baps,0.2,1.0,100,22,14.5,537.3328404040404,0.046159779614325075,0.8136969696969696,59.05556686342357,122.0,28.944,57.0,0.5530371713508613,0.6393762183235867,0,0.42886220232037453,1.0
11,1.25,baps,0.2,1.0,100,22,15.0,536.7350787878788,0.043146005509641865,0.8012929292929293,60.2018732562774,122.0,28.172,57.5,0.5540063377093708,0.6338945005611673,0,0.43383818254284573,1.0
12,1.25,baps,0.2,1.0,100,19,13.0,535.8921333333334,0.049135262398420296,0.7878383838383838,56.84986595174263,119.0,29.012,57.504,0.5539319199256694,0.6447517569712083,0,0.4155495978552279,1.0
13,1.25,baps,0.2,1.0,100,18,12.704,536.0358343434345,0.05055122655122655,0.788121212121212,56.10890890890891,118.0,28.884,57.704,0.556928356928357,0.6443960826985854,0,0.4218218218218218,1.0
14,1.25,baps,0.2,1.0,100,18,12.5,534.3702383838385,0.04657174923841591,0.7603232323232323,57.38918704034983,118.0,27.88,55.576,0.5568064627019594,0.6432596445600347,0,0.42814549791293977,1.0
15,1.25,baps,0.2,1.0,100,18,12.996,536.3051272727273,0.049867724867724866,0.7915151515151515,56.41048644338118,118.0,28.648,58.004,0.5554354678915608,0.6399818057766659,0,0.416866028708134,1.0
16,1.25,baps,0.2,0.82,82,20,13.5,537.1376148148149,0.04838800705467372,0.8099259259259258,57.471932439145554,120.0,23.396,47.0,0.5549658832448825,0.6442991185669604,0,0.4187779433681073,1.0
17,1.25,baps,0.2,0.97,97,20,14.0,538.2125083333335,0.04893020833333334,0.8221666666666666,52.79543585526316,119.0,28.072,58.0,0.557737701822302,0.6470305361865833,0,0.38959703947368424,1.0
18,1.25,baps,0.2,1.0,100,20,14.5,536.2777090909092,0.045257912457912455,0.7943434343434344,56.297898140662895,120.0,29.36,58.5,0.5560063503263362,0.6439256572982774,0,0.41289409862570736,1.0
19,1.25,baps,0.2,1.0,100,19,13.0,536.268290909091,0.04870995670995672,0.7933333333333333,55.50625869262865,119.0,28.476,57.508,0.5586320631889593,0.6508149140433133,0,0.4047287899860918,1.0
20,1.25,baps,0.2,1.0,100,18,12.0,537.5222060606061,0.056240179573512905,0.8154747474747475,55.73228827361564,118.0,28.912,58.072,0.5553738920919026,0.6469513587577073,0,0.4134771986970684,1.0
21,1.25,baps,0.2,1.0,100,18,12.5,539.1889696969697,0.05762546095879429,0.8446868686868686,55.35207773413273,118.0,29.76,59.192,0.5528609648744283,0.6387944708814866,0,0.40893115567500515,1.0
22,1.25,baps,0.2,0.97,97,17,12.0,536.3538208333333,0.05379481792717087,0.7980833333333334,56.773652192154394,116.0,28.08,55.348,0.5558751743375174,0.6415636042402827,0,0.42794210195091253,1.0
23,1.25,baps,0.2,0.97,97,19,13.5,540.7204833333334,0.05485334429824561,0.8660416666666667,55.107031736154326,119.0,27.836,57.988,0.5562247106427025,0.6449187484841135,0,0.3895457373988799,1.0
24,1.25,baps,0.2,1.0,100,18,12.0,536.3546666666667,0.05176879910213243,0.7955959595959596,58.160024033647105,118.0,28.236,56.5,0.5558448554498114,0.6425951398441082,0,0.42980172241137593,1.0
25,1.25,baps,0.2,0.99,99,18,13.0,534.908224489796,0.046990362811791385,0.7695510204081634,56.29083181542198,117.0,28.084,56.0,0.555731922398589,0.6433106575963718,0,0.4272414490993726,1.0
26,1.25,baps,0.2,1.0,100,20,14.44,535.5928161616163,0.04321459034792367,0.7825858585858586,57.408556366585564,119.0,28.44,57.208,0.5573603118618897,0.6462375769048746,0,0.42254663422546634,1.0
27,1.25,baps,0.2,1.0,100,19,13.0,537.9841292929293,0.0520689602794866,0.8155959595959595,54.3109610802224,119.0,27.756,58.5,0.5593866255330733,0.6461263674927439,0,0.41084193804606833,1.0
28,1.25,baps,0.2,1.0,100,18,12.004,535.1436404040404,0.05146801346801347,0.772969696969697,56.80655539915544,118.0,28.492,57.008,0.5570792208926544,0.6435948143265217,0,0.42730746028554195,1.0
29,1.25,baps,0.2,1.0,100,18,13.5,536.7669050505052,0.04815937149270482,0.798141414141414,56.30212259472327,117.0,27.984,57.5,0.5583602026715799,0.6441410693970421,0,0.42074985121999603,1.0
30,1.25,baps,0.2,0.93,93,19,12.0,537.0109304347827,0.05360228832951945,0.811,59.864651773981606,119.0,26.428,52.02,0.554822245688138,0.6420428636570907,0,0.43385895751204556,1.0
31,1.25,baps,0.2,1.0,100,17,12.0,537.0620282828284,0.05527340633222985,0.808969696969697,56.50712994577224,117.0,29.344,58.216,0.5556820171598669,0.6389252948885976,0,0.4213697529624423,1.0
32,1.25,baps,0.2,1.0,100,20,13.5,535.4750949494951,0.045060606060606065,0.7793535353535354,58.74196157735086,120.0,27.936,56.52,0.5551853750213566,0.6421654929577465,0,0.43033367037411524,1.0
33,1.25,baps,0.2,1.0,100,19,14.0,538.7649777777779,0.05038596491228071,0.8381414141414141,54.6920041536864,119.0,29.7,59.588,0.554463480613165,0.6451923076923077,0,0.39190031152647975,1.0
34,1.25,baps,0.2,1.0,100,18,12.0,537.1536202020203,0.05426262626262626,0.8081616161616162,55.237659963436926,118.0,28.548,57.528,0.5559639772100716,0.647887323943662,0,0.40463132236441196,1.0
35,1.25,baps,0.2,1.0,100,24,16.0,533.0128202020202,0.03560269360269361,0.7336565656565656,60.92186870720902,124.0,27.72,56.676,0.5554794520547945,0.6406947890818858,0,0.4321385420861861,1.0
36,1.25,baps,0.2,0.97,97,21,14.0,533.6405541666667,0.04281746031746032,0.756,58.37724051688203,121.0,28.924,55.0,0.5567745035233824,0.6488870222595549,0,0.4149645685702376,1.0
37,1.25,baps,0.2,0.96,96,21,13.508,537.4459536842105,0.04675187969924812,0.8072842105263157,60.74291195907056,121.0,25.468,53.58,0.5546260834509171,0.6415882967607106,0,0.4414836921765082,1.0
38,1.25,baps,0.2,1.0,100,17,10.504,534.4158060606062,0.053674628639334525,0.7645656565656566,59.211959860741345,117.0,27.816,54.504,0.5553128937421251,0.6433079434167573,0,0.45074749129633424,1.0
39,1.25,baps,0.2,1.0,100,19,12.5,535.7534787878789,0.050100301258196,0.7855757575757576,57.19520130134201,118.0,28.3,57.036,0.55598033861278,0.6442307692307693,0,0.42374949166327774,1.0
40,1.25,baps,0.2,1.0,100,18,12.132,538.4690828282828,0.05649350649350649,0.8309494949494949,56.44312844598734,118.0,28.588,57.676,0.5538767755360535,0.6418870621872766,0,0.41372268735960793,1.0
41,1.25,baps,0.2,1.0,100,19,13.0,535.4701373737375,0.047900053163211054,0.7835555555555557,59.25224489795919,119.0,28.928,56.5,0.5559324982602645,0.6427619893428064,0,0.4336734693877551,1.0
42,1.25,baps,0.2,1.0,100,17,12.0,539.074787878788,0.059912740853917325,0.8437979797979797,53.95508559919436,117.0,29.964,59.5,0.5564726324934839,0.6447661469933185,0,0.39798590130916417,1.0
43,1.25,baps,0.2,0.96,96,20,12.5,536.1567242105264,0.05255368421052632,0.7938947368421052,56.95035313668467,120.0,28.08,55.0,0.5557100785340314,0.6425879396984925,0,0.4268799335272123,1.0
44,1.25,baps,0.2,1.0,100,19,13.0,535.0590828282828,0.047752107541581226,0.7762424242424242,57.87710745480398,119.0,29.256,57.052,0.553109567255378,0.6393586646167362,0,0.4243347552305505,1.0
45,1.25,baps,0.2,1.0,100,17,12.0,538.6080969696969,0.05802597402597402,0.8356767676767677,54.170217001791755,117.0,29.268,58.5,0.5552096843925638,0.6439684329199549,0,0.3993629305196098,1.0
46,1.25,baps,0.2,0.99,99,19,13.0,536.0029020408164,0.04727481970231702,0.7883673469387755,58.63636363636363,119.0,27.74,56.0,0.5552257600287821,0.6401186672752168,0,0.42991589907889466,1.0
47,1.25,baps,0.2,1.0,100,19,13.5,535.6060808080808,0.04873976608187134,0.7822222222222222,55.51183313277176,119.0,30.06,59.0,0.5560513106525377,0.6421499292786421,0,0.4049338146811071,1.0
48,1.25,baps,0.2,0.99,99,18,12.472,533.825893877551,0.046843213475866535,0.7513877551020408,57.4412126177796,118.0,27.92,55.528,0.5540060401492272,0.6433286185761433,0,0.43219991806636626,1.0
49,1.25,baps,0.2,1.0,100,18,12.5,533.8834707070707,0.04758345358345358,0.7552323232323233,58.758404212231675,118.0,29.232,56.5,0.5526683660883152,0.6323620582765034,0,0.44349939246658565,1.0
0,1.25,lt,0.2,0.99,99,19,15.384,542.6138326530613,0.05897147837156841,0.9079183673469388,46.169386490394544,115.0,33.312,64.884,0.5330338266384778,0.6575716234652115,0,0.3367072918818426,1.0
1,1.25,lt,0.2,1.0,100,18,15.064,546.7012040404041,0.0634357493269258,0.9654949494949494,45.32889426957224,116.0,32.74,67.548,0.5447225455956538,0.6489091831557585,0,0.3171912832929782,1.0
2,1.25,lt,0.2,1.0,100,20,16.06,544.0456606060607,0.056742267536385185,0.9245252525252525,45.50550122249389,118.0,32.78,66.936,0.5340404315111957,0.6563166627162835,0,0.31927465362673185,1.0
3,1.25,lt,0.2,0.99,99,18,14.064,542.0657877551022,0.06196568361610379,0.895795918367347,46.59991884763644,116.0,32.34,64.652,0.5351965065502183,0.6487912087912088,0,0.34814363968350576,1.0
4,1.25,lt,0.2,1.0,100,19,13.94,543.2410222222223,0.0648839615194339,0.915070707070707,46.06262749898001,115.0,33.192,65.34,0.5224957555178268,0.6604026845637584,0,0.3388412892696858,1.0
5,1.25,lt,0.2,0.97,97,19,15.448,542.4078458333335,0.0568675348344466,0.89325,47.13121231025161,117.0,29.788,62.568,0.5421097770154374,0.6492374727668845,0,0.3508005822416303,1.0
6,1.25,lt,0.2,1.0,100,21,14.296,543.4549454545455,0.06285967792358166,0.9168080808080808,47.14698746461787,116.0,31.784,64.924,0.5433732784832767,0.6472904122278833,0,0.3441164577436312,1.0
7,1.25,lt,0.2,1.0,100,18,13.672,541.5279353535354,0.06506270766270766,0.8871515151515151,44.59090909090909,114.0,34.444,66.484,0.5253428741800835,0.6535136333407227,0,0.3333333333333333,1.0
8,1.25,lt,0.2,1.0,100,22,17.524,541.3487070707071,0.05029982470039229,0.8858181818181817,44.96545380212592,117.0,34.86,67.584,0.536108369965013,0.6553741165001219,0,0.30744071954210955,1.0
9,1.25,lt,0.2,1.0,100,21,14.74,542.1026464646466,0.05971454448214463,0.8954343434343435,46.039542352468885,117.0,33.732,65.752,0.5370290168904288,0.6520763187429854,0,0.33179446005620233,1.0
10,1.25,lt,0.2,1.0,100,22,15.496,542.8321979797979,0.05618861662880802,0.9073939393939394,49.56849175656422,119.0,32.312,63.628,0.5384173841738418,0.6478594950603732,0,0.35802971707714226,1.0
11,1.25,lt,0.2,1.0,100,22,16.652,543.1966262626264,0.053898027987759674,0.9135353535353535,47.83479473893982,118.0,33.14,66.6,0.5418994413407822,0.6426624261699228,0,0.3337983260263053,1.0
12,1.25,lt,0.2,1.0,100,19,14.276,542.3197616161616,0.06199471548455506,0.8987878787878788,44.80367085997113,116.0,32.84,65.38,0.531489111241907,0.65664448014689,0,0.3314085378428542,1.0
13,1.25,lt,0.2,1.0,100,18,13.808,543.0763838383839,0.06577788877788877,0.9067070707070707,44.9009009009009,114.0,32.012,65.576,0.5312900196363015,0.6497685695393431,0,0.3375375375375375,1.0
14,1.25,lt,0.2,1.0,100,18,13.528,542.2998787878789,0.06579836426200063,0.9005656565656566,45.810375670840784,115.0,32.44,65.0,0.5410594891136636,0.6481239092495636,0,0.34446432120850723,1.0
15,1.25,lt,0.2,1.0,100,18,13.992,542.6555353535355,0.06356696905787815,0.9045252525252524,45.547846889952154,115.0,33.312,66.468,0.5353835086772772,0.6469513587577073,0,0.33672248803827753,1.0
16,1.25,lt,0.2,0.82,82,20,14.084,543.2079950617284,0.06370842639568129,0.9143703703703704,47.025086934923,116.0,25.964,52.84,0.5457502168256722,0.6474758933635848,0,0.349478390461997,1.0
17,1.25,lt,0.2,0.97,97,20,15.732,544.8242791666668,0.05867073852145446,0.9415833333333332,43.62294407894737,117.0,32.796,66.416,0.5299048695488368,0.6549721751754174,0,0.3092105263157895,1.0
18,1.25,lt,0.2,1.0,100,20,15.212,542.1241616161617,0.057238625934704364,0.8922828282828283,45.827405012126114,116.0,31.74,65.092,0.5401996847083552,0.6562788550323176,0,0.33468067906224735,1.0
19,1.25,lt,0.2,1.0,100,19,15.868,543.0075474747475,0.05608012267516911,0.9093333333333332,47.56328233657858,118.0,31.732,65.292,0.5477142360507561,0.6499777481085892,0,0.3397575998410491,1.0
20,1.25,lt,0.2,1.0,100,18,14.156,543.8625171717173,0.06392889092488022,0.9216161616161616,45.26852605863192,117.0,32.284,65.68,0.5394419565966242,0.6492707383773929,0,0.3344869706840391,1.0
21,1.25,lt,0.2,1.0,100,18,13.584,543.9461171717173,0.0669908325681053,0.9227070707070707,47.9493487698987,115.0,31.332,63.972,0.5406241939644054,0.6443121995880065,0,0.3578664461443043,1.0
22,1.25,lt,0.2,0.97,97,17,14.188,541.4993666666667,0.061220552884615385,0.8854583333333332,49.28151877491084,116.0,30.828,61.428,0.5432913590968302,0.6430323299888517,0,0.37088315502412417,1.0
23,1.25,lt,0.2,0.97,97,19,15.164,545.8269166666668,0.061444062133400375,0.9565416666666666,47.433105164903544,118.0,31.268,64.212,0.5432900432900433,0.6447623666343356,0,0.333125907488073,1.0
24,1.25,lt,0.2,1.0,100,18,13.956,543.5187717171717,0.06502648894975098,0.9226666666666666,47.24093731223713,115.0,32.456,64.952,0.5420059049834481,0.6476983576220218,0,0.3462847987182055,1.0
25,1.25,lt,0.2,0.99,99,18,14.868,541.8036408163266,0.0588942579229494,0.892,46.06962153410241,116.0,32.616,64.624,0.535334913528224,0.6499197063546684,0,0.339404978749241,1.0
26,1.25,lt,0.2,1.0,100,20,16.464,542.3506464646466,0.054323843005215554,0.9005656565656566,46.777169505271694,116.0,32.36,65.62,0.54553877513203,0.6503446636558118,0,0.3400243309002433,1.0
27,1.25,lt,0.2,1.0,100,19,13.632,544.2070343434344,0.06625874125874125,0.9192727272727272,44.724781572676726,115.0,30.912,65.996,0.5416478249072986,0.6509115462525321,0,0.3367752184273233,1.0
28,1.25,lt,0.2,1.0,100,18,15.064,541.1904040404041,0.05686736923207511,0.8759595959595959,48.459682284335415,116.0,31.528,64.188,0.5371274185114171,0.6473707467962881,0,0.35712849386688117,1.0
29,1.25,lt,0.2,1.0,100,18,14.572,544.0714828282829,0.06165264002518904,0.9298181818181819,45.7189049791708,116.0,32.656,66.4,0.5493281796429229,0.6453010948905109,0,0.3332672088871256,1.0
30,1.25,lt,0.2,0.93,93,19,13.388,543.7096043478263,0.0684861636551854,0.9282173913043479,47.97831800262812,114.0,29.94,59.168,0.5460768825697736,0.6441689623507806,0,0.35830048182216384,1.0
31,1.25,lt,0.2,1.0,100,17,13.36,543.2225656565657,0.06805245007517735,0.910909090909091,47.258887326772445,114.0,31.56,64.748,0.539172919211307,0.6454385191714411,0,0.3558947579835308,1.0
32,1.25,lt,0.2,1.0,100,20,15.476,542.5376363636365,0.05871520197304511,0.9045656565656566,46.57735085945399,115.0,32.82,65.68,0.5380619891008175,0.6462494451841988,0,0.3429726996966633,1.0
33,1.25,lt,0.2,1.0,100,19,15.876,545.343688888889,0.05871969018635685,0.9484444444444445,46.64755970924195,117.0,31.724,66.088,0.5512173128944996,0.6466346153846154,0,0.3312564901349948,1.0
34,1.25,lt,0.2,1.0,100,18,14.196,542.7538747474749,0.060886631431551215,0.9122424242424243,46.925858216534635,117.0,33.536,65.368,0.5437196073034223,0.6527676176542306,0,0.33231769246394477,1.0
35,1.25,lt,0.2,1.0,100,24,20.172,539.1831636363637,0.04193280777560565,0.8458585858585859,47.42750704792589,120.0,34.996,67.776,0.5292633213627099,0.6518875095008867,0,0.3201772049939589,1.0
36,1.25,lt,0.2,0.97,97,21,15.7,537.8172666666667,0.05078298516212603,0.8241666666666666,50.77157148812005,118.0,31.324,60.604,0.5458410202935751,0.6464561990382605,0,0.36911213005418925,1.0
37,1.25,lt,0.2,0.96,96,21,16.212,546.6415410526316,0.05874674710114176,0.9714526315789473,45.18801961202302,118.0,32.484,65.412,0.5450522928399034,0.6463478717813977,0,0.31059475591558305,1.0
38,1.25,lt,0.2,1.0,100,17,13.096,541.964501010101,0.06700285488921852,0.8992323232323232,48.38951464263772,115.0,33.108,64.172,0.5377382251700109,0.6480714752669426,0,0.3626868728240836,1.0
39,1.25,lt,0.2,1.0,100,19,14.756,542.8971434343435,0.06101014508367449,0.9079191919191919,45.41561610410736,115.0,33.056,66.644,0.5390774269857156,0.6475698520779526,0,0.33387555917039446,1.0
40,1.25,lt,0.2,1.0,100,18,13.968,545.6456363636364,0.06802088414655261,0.954060606060606,45.8284664080049,116.0,32.82,66.184,0.5361505746086327,0.6489640390569184,0,0.3326526444762099,1.0
41,1.25,lt,0.2,1.0,100,19,14.1,540.6808161616162,0.06002348183604867,0.8711919191919192,49.86448979591837,116.0,31.168,62.376,0.5440589765828274,0.6501118568232662,0,0.3706122448979592,1.0
42,1.25,lt,0.2,1.0,100,17,13.892,544.0391191919192,0.06558420500078255,0.9216161616161617,46.74179254783484,116.0,31.54,64.796,0.5340209759902921,0.6533721711853013,0,0.3434038267875126,1.0
43,1.25,lt,0.2,0.96,96,20,13.96,542.6401305263157,0.06479804888609841,0.8976,47.097216452014955,117.0,29.064,60.652,0.5441332571241937,0.6528508310540712,0,0.3568757789779809,1.0
44,1.25,lt,0.2,1.0,100,19,14.56,540.9163717171717,0.05858892089952696,0.879070707070707,47.8732480195003,117.0,33.092,64.516,0.5413741223671013,0.6461640211640212,0,0.34897420272191754,1.0
45,1.25,lt,0.2,1.0,100,17,13.444,544.0294585858587,0.06746169386169386,0.9288080808080809,45.42544296237308,115.0,31.984,64.588,0.5388261656468155,0.6568114623607004,0,0.3330678877165041,1.0
46,1.25,lt,0.2,0.99,99,19,15.404,543.7620326530613,0.060252898192243935,0.9266938775510204,45.34361233480176,115.0,32.832,65.64,0.5419908773812718,0.6517712433433666,0,0.3225871045254305,1.0
47,1.25,lt,0.2,1.0,100,19,14.78,539.7834424242425,0.05601724971404116,0.8483232323232324,48.09426393902928,116.0,31.556,63.812,0.5350298210735587,0.6493401015228426,0,0.3602085840352988,1.0
48,1.25,lt,0.2,0.99,99,18,14.972,541.0940163265306,0.05816249052734647,0.8846122448979593,43.91765669807456,116.0,34.888,66.424,0.5335042432814711,0.6556829035339063,0,0.3117574764440803,1.0
49,1.25,lt,0.2,1.0,100,18,14.584,539.4713252525253,0.05664950775111203,0.8522424242424242,49.32381530984204,115.0,32.88,63.764,0.537088586867529,0.6424989552862516,0,0.36978533819360065,1.0
0,1.25,ewma,0.2,0.99,99,19,15.472,543.3277020408165,0.059801732565013664,0.9206122448979592,46.12208221441851,115.0,33.3,65.216,0.4925032880315651,0.6715765247410816,0,0.33546787853749227,1.0
1,1.25,ewma,0.2,1.0,100,18,14.744,547.4074828282829,0.06670073709877633,0.9808888888888889,44.59705407586763,116.0,33.488,68.36,0.4917701414958129,0.6658896658896659,0,0.3149717514124294,1.0
2,1.25,ewma,0.2,1.0,100,20,15.56,545.0307111111111,0.060645328273759645,0.9414949494949495,45.43643031784841,116.0,32.68,67.372,0.4930718013316538,0.6653771760154739,0,0.32559087204563975,1.0
3,1.25,ewma,0.2,0.99,99,18,13.944,543.6358897959184,0.06635182061835723,0.9240816326530612,43.41306553053358,114.0,32.996,66.152,0.49089182422515754,0.6726284808693683,0,0.3242036924325421,1.0
4,1.25,ewma,0.2,1.0,100,19,14.096,544.1743070707071,0.0663192023662612,0.9324848484848485,46.39290085679315,115.0,33.564,66.112,0.4898097826086957,0.66227089852481,0,0.3441452468380253,1.0
5,1.25,ewma,0.2,0.97,97,19,14.916,544.1785833333334,0.062330354225023345,0.927625,44.59929299230609,115.0,31.52,64.912,0.4909477263068423,0.6686733556298774,0,0.32834269078810563,1.0
6,1.25,ewma,0.2,1.0,100,21,15.108,544.7187555555557,0.06256722253781077,0.9420202020202021,45.89223615042459,115.0,33.068,66.604,0.4913540835328545,0.6670613308074829,0,0.3348160129397493,1.0
7,1.25,ewma,0.2,1.0,100,18,13.576,541.8939272727273,0.06606416635454068,0.8947070707070707,45.1589898989899,114.0,33.924,66.04,0.4887869520897044,0.6697186243858866,0,0.3393939393939394,1.0
8,1.25,ewma,0.2,1.0,100,22,16.7,541.5486747474748,0.05335662404140216,0.8898585858585859,45.466884709730174,116.0,34.352,67.044,0.4930710773357175,0.6683886838868389,0,0.3221586263286999,1.0
9,1.25,ewma,0.2,1.0,100,21,15.136,542.9690020202021,0.06051718601316124,0.913010101010101,46.840224809313526,116.0,34.372,66.62,0.4880242109814094,0.6593010146561443,0,0.3402248093135287,1.0
10,1.25,ewma,0.2,1.0,100,22,15.484,545.5283151515151,0.06193000634079065,0.9539797979797979,45.55505800936292,117.0,33.564,66.364,0.4927182491253763,0.6662928907826867,0,0.3293303480561775,1.0
11,1.25,ewma,0.2,1.0,100,22,16.344,544.1347030303032,0.057159417857302275,0.931959595959596,45.14567556795536,116.0,33.56,67.324,0.49085906993255235,0.6680056710775047,0,0.31626145874850536,1.0
12,1.25,ewma,0.2,1.0,100,19,13.968,543.3404686868688,0.0660028895347077,0.9181010101010101,44.90266034233863,114.0,33.448,66.392,0.4925686455621799,0.6664363049988482,0,0.33594555578469787,1.0
13,1.25,ewma,0.2,1.0,100,18,14.612,544.5592606060607,0.06400581890876009,0.934060606060606,44.62222222222222,115.0,32.86,67.096,0.48936530802474365,0.6673409755001124,0,0.32812812812812814,1.0
14,1.25,ewma,0.2,1.0,100,18,13.924,543.5711717171718,0.06655475265475266,0.9255353535353535,43.29874776386404,114.0,33.732,66.792,0.49095234049783365,0.6760437597678053,0,0.3210097396143908,1.0
15,1.25,ewma,0.2,1.0,100,18,13.932,544.6113818181818,0.06746936874771099,0.937939393939394,42.02910685805423,114.0,33.64,67.964,0.492781861659729,0.6775956284153005,0,0.3048245614035088,1.0
16,1.25,ewma,0.2,0.82,82,20,14.344,544.5701728395063,0.06571570316635676,0.9405925925925926,44.938152011922504,115.0,27.072,54.4,0.49197803381070315,0.6630089517759168,0,0.3323397913561848,1.0
17,1.25,ewma,0.2,0.97,97,20,15.748,545.9007708333335,0.06097812836673131,0.958875,43.47923519736842,115.0,32.584,66.932,0.4886843835101887,0.6659351377712753,0,0.3112664473684211,1.0
18,1.25,ewma,0.2,1.0,100,20,15.66,543.7554505050506,0.05908753802479292,0.9243636363636364,45.34135004042037,115.0,33.344,67.256,0.48959608323133413,0.6632653061224489,0,0.3318512530315279,1.0
19,1.25,ewma,0.2,1.0,100,19,15.584,544.343595959596,0.060117317033003305,0.9358787878787878,44.8138287303795,115.0,33.252,67.276,0.4898135359116022,0.6709692028985508,0,0.32425988476058015,1.0
20,1.25,ewma,0.2,1.0,100,18,13.776,545.0878181818182,0.0687414455914456,0.9451313131313132,44.73228827361564,114.0,32.896,66.756,0.4915747155931913,0.6634950104432583,0,0.3348941368078176,1.0
21,1.25,ewma,0.2,1.0,100,18,14.124,545.5703272727274,0.06771435231435231,0.9524848484848485,46.01777961546413,115.0,32.692,66.084,0.4938998378977903,0.6697826594998831,0,0.33615877610088896,1.0
22,1.25,ewma,0.2,0.97,97,17,13.856,544.0941666666668,0.06734378052503052,0.9323333333333333,45.482064191315295,114.0,32.244,64.068,0.49052377670572017,0.6707650273224044,0,0.3387874973778057,1.0
23,1.25,ewma,0.2,0.97,97,19,15.364,547.5212833333335,0.06422128395161483,0.9862083333333332,44.249118440157645,116.0,32.076,65.94,0.4911220600539184,0.6709241172051089,0,0.30657539929475214,1.0
24,1.25,ewma,0.2,1.0,100,18,14.188,544.5362666666667,0.06645390657075148,0.9406464646464646,45.96895653915482,114.0,33.032,66.112,0.48977777777777776,0.6661176470588235,0,0.3384738634087723,1.0
25,1.25,ewma,0.2,0.99,99,18,14.852,543.2893551020408,0.06194621793772454,0.9196326530612245,43.59441408621736,114.0,33.42,66.156,0.4946526389009651,0.67333490232996,0,0.3193685488767456,1.0
26,1.25,ewma,0.2,1.0,100,20,16.388,543.7798545454546,0.05670488567924069,0.9284040404040405,45.14760746147608,116.0,33.476,67.3,0.491324703938309,0.669345020696372,0,0.3246147607461476,1.0
27,1.25,ewma,0.2,1.0,100,19,13.98,545.928206060606,0.06836537873890813,0.9532525252525251,43.2214058776807,114.0,32.376,68.004,0.48851193681565247,0.6675080312069757,0,0.32347100873709295,1.0
28,1.25,ewma,0.2,1.0,100,18,14.228,542.445103030303,0.0634716660246072,0.9016161616161616,44.76412628192238,114.0,33.02,66.032,0.49247570728351536,0.6735300846488218,0,0.33239493263623565,1.0
29,1.25,ewma,0.2,1.0,100,18,15.036,545.8240080808082,0.06400620305620305,0.9608484848484848,44.046022614560606,114.0,33.576,68.376,0.48746238716148443,0.6672892832127014,0,0.3217615552469748,1.0
30,1.25,ewma,0.2,0.93,93,19,13.192,544.929843478261,0.07233765944200726,0.9519565217391305,46.35851949189663,114.0,31.316,60.948,0.49019607843137253,0.6659649122807018,0,0.3425317564607972,1.0
31,1.25,ewma,0.2,1.0,100,17,13.4,544.1912161616161,0.06968195222286132,0.9329292929292929,45.10544286001205,114.0,33.496,66.712,0.4900181488203267,0.6656130051930458,0,0.3358104036955212,1.0
32,1.25,ewma,0.2,1.0,100,20,15.336,543.7601252525253,0.06060760532514918,0.9273535353535354,44.1201213346815,115.0,33.564,67.0,0.49382404839929417,0.6688893998620372,0,0.32012133468149645,1.0
33,1.25,ewma,0.2,1.0,100,19,15.216,546.6241333333335,0.06410950400362166,0.9741414141414141,43.34766355140187,115.0,33.432,68.204,0.4956335769025129,0.6720456802383317,0,0.3063343717549325,1.0
34,1.25,ewma,0.2,1.0,100,18,14.244,545.0137010101012,0.06666110186110186,0.9479595959595959,45.10725167580743,114.0,33.316,66.912,0.4929936305732484,0.6708229426433915,0,0.3284582571602681,1.0
35,1.25,ewma,0.2,1.0,100,24,19.128,540.4178545454547,0.045520764069549545,0.8677979797979798,45.73983084977849,119.0,34.52,67.884,0.4939759036144578,0.6750967741935484,0,0.3117196939186468,1.0
36,1.25,ewma,0.2,0.97,97,21,15.524,540.002275,0.055914076715087746,0.8654166666666667,47.401625677365566,116.0,32.184,62.36,0.49249821386044296,0.6726842897055663,0,0.34618591079616506,1.0
37,1.25,ewma,0.2,0.96,96,21,16.308,547.6889389473685,0.060800187503369844,0.9891368421052631,44.35706672351311,117.0,32.636,66.12,0.4919226166733147,0.668189145620634,0,0.30654444681304627,1.0
38,1.25,ewma,0.2,1.0,100,17,13.68,543.4468444444445,0.06780348271257361,0.9260606060606061,46.97522015154618,114.0,33.872,65.664,0.4914009016530306,0.6660769570986289,0,0.35142330534507477,1.0
39,1.25,ewma,0.2,1.0,100,19,14.432,543.8661333333334,0.06437420727420728,0.9276363636363636,44.04371695811305,114.0,33.516,67.34,0.49079089924160346,0.669142309535218,0,0.3247254981699878,1.0
40,1.25,ewma,0.2,1.0,100,18,14.192,546.3576484848485,0.06857994650427805,0.9694545454545455,44.19093322442312,115.0,33.748,67.22,0.4941891650277132,0.6791338582677166,0,0.31652031856238516,1.0
41,1.25,ewma,0.2,1.0,100,19,14.504,542.9243434343434,0.063067228542897,0.9130505050505051,46.34367346938775,115.0,33.144,65.332,0.4909654104284977,0.6731384193695752,0,0.34122448979591835,1.0
42,1.25,ewma,0.2,1.0,100,17,14.084,545.5094666666666,0.06774352577507657,0.9520808080808081,43.99073514602215,114.0,33.02,66.624,0.4929529047782743,0.6734647112740605,0,0.32124874118831825,1.0
43,1.25,ewma,0.2,0.96,96,20,13.936,543.9587073684212,0.0668363281438204,0.9259789473684211,44.67864561695056,115.0,31.172,62.936,0.4925397209452375,0.672245164094762,0,0.3367262152056502,1.0
44,1.25,ewma,0.2,1.0,100,19,14.852,542.6001414141415,0.06142706443882914,0.910949494949495,44.3290676416819,115.0,34.52,66.676,0.4922974987576611,0.6737460460912789,0,0.32053625837903715,1.0
45,1.25,ewma,0.2,1.0,100,17,13.744,546.166698989899,0.07032113257113258,0.9639595959595958,43.85865020903842,114.0,32.528,66.528,0.49166952937135006,0.6730945821854912,0,0.3215210033844316,1.0
46,1.25,ewma,0.2,0.99,99,19,15.256,545.0371346938775,0.0621445988285424,0.9471020408163265,45.34821786143372,115.0,32.704,66.384,0.48954719331020374,0.6712843390467246,0,0.32458950740889064,1.0
47,1.25,ewma,0.2,1.0,100,19,14.664,542.2628727272728,0.061108631709612095,0.8935757575757575,45.105495387083835,114.0,32.756,66.224,0.4906940063091483,0.6695020746887966,0,0.33413557962294427,1.0
48,1.25,ewma,0.2,0.99,99,18,14.852,541.683048979592,0.0604201066140742,0.8951428571428571,44.15342072920934,115.0,34.72,66.492,0.49441561867909595,0.6701380479534996,0,0.3197460057353544,1.0
49,1.25,ewma,0.2,1.0,100,18,14.428,542.2933535353535,0.06250928831517066,0.9004444444444444,45.25921425678413,114.0,33.492,66.104,0.49178470254957507,0.6710441334768569,0,0.33637100040502227,1.0
0,1.25,oracle,0.2,0.99,99,19,10.192,532.6845183673471,0.06372486719629576,0.6482040816326531,8.395992563519934,12.0,0.0,34.292,1.0,1.0,0,0.0,1.0
1,1.25,oracle,0.2,1.0,100,18,10.728,537.270193939394,0.06681535299717117,0.7175353535353536,9.34866828087167,13.0,0.0,37.548,1.0,1.0,0,0.0,1.0
2,1.25,oracle,0.2,1.0,100,20,10.956,534.7874060606061,0.06202322447473962,0.6803636363636364,8.885289323553382,13.0,0.0,36.948,1.0,1.0,0,0.0,1.0
3,1.25,oracle,0.2,0.99,99,18,10.032,533.0343591836735,0.06500293674579388,0.6538367346938776,7.498884155001014,11.0,0.0,35.416,1.0,1.0,0,0.0,1.0
4,1.25,oracle,0.2,1.0,100,19,9.764,533.4732121212121,0.0675959919990223,0.66,8.279885760913913,11.0,0.0,34.8,1.0,1.0,0,0.0,1.0
5,1.25,oracle,0.2,0.97,97,19,10.832,534.2073541666667,0.061881838069338065,0.6716666666666667,8.327718860469952,12.0,0.0,35.66,1.0,1.0,0,0.0,1.0
6,1.25,oracle,0.2,1.0,100,21,10.32,534.193995959596,0.06508750901175143,0.6711919191919191,8.295188030731904,12.0,0.0,36.04,1.0,1.0,0,0.0,1.0
7,1.25,oracle,0.2,1.0,100,18,9.476,531.7028686868687,0.06679036249945342,0.6335353535353535,7.458585858585859,11.0,0.0,34.48,1.0,1.0,0,0.0,1.0
8,1.25,oracle,0.2,1.0,100,22,11.096,531.1471111111113,0.05631088406542952,0.6254545454545455,8.337080948487326,12.0,0.0,34.984,1.0,1.0,0,0.0,1.0
9,1.25,oracle,0.2,1.0,100,21,10.156,532.4522383838384,0.06340092062819336,0.6447272727272727,8.52248093135287,12.0,0.0,34.588,1.0,1.0,0,0.0,1.0
10,1.25,oracle,0.2,1.0,100,22,10.32,534.8724767676769,0.06632426114850358,0.680969696969697,8.865051903114187,12.0,0.0,35.192,1.0,1.0,0,0.0,1.0
11,1.25,oracle,0.2,1.0,100,22,11.252,533.350492929293,0.058354914894308836,0.6586262626262626,8.92885611797529,13.0,0.0,36.004,1.0,1.0,0,0.0,1.0
12,1.25,oracle,0.2,1.0,100,19,9.74,532.8083555555555,0.06662548439215106,0.6502626262626263,7.597030315528975,11.0,0.0,35.216,1.0,1.0,0,0.0,1.0
13,1.25,oracle,0.2,1.0,100,18,10.672,534.4876767676768,0.06325541159177522,0.6757575757575758,8.398398398398399,12.0,0.0,36.56,1.0,1.0,0,0.0,1.0
14,1.25,oracle,0.2,1.0,100,18,10.02,532.7496080808081,0.06461438382044443,0.6494545454545455,7.738819320214669,11.0,0.0,35.392,1.0,1.0,0,0.0,1.0
15,1.25,oracle,0.2,1.0,100,18,9.892,534.0093050505051,0.06760217033247334,0.6686464646464647,7.774322169059011,11.0,0.0,36.58,1.0,1.0,0,0.0,1.0
16,1.25,oracle,0.2,0.82,82,20,9.916,534.0445037037038,0.06728160782975598,0.6689382716049384,7.9369100844510685,11.0,0.0,29.424,1.0,1.0,0,0.0,1.0
17,1.25,oracle,0.2,0.97,97,20,11.248,535.5579625,0.06136854915917417,0.6922083333333332,8.39000822368421,12.0,0.0,36.804,1.0,1.0,0,0.0,1.0
18,1.25,oracle,0.2,1.0,100,20,11.108,533.2909373737376,0.05918232497020376,0.6578181818181819,8.239288601455133,12.0,0.0,36.212,1.0,1.0,0,0.0,1.0
19,1.25,oracle,0.2,1.0,100,19,10.928,533.626492929293,0.060638293917081795,0.6628686868686868,8.314126763361813,12.0,0.0,36.364,1.0,1.0,0,0.0,1.0
20,1.25,oracle,0.2,1.0,100,18,10.008,534.5581171717172,0.06757594683655291,0.6766464646464647,7.983102605863192,11.0,0.0,36.136,1.0,1.0,0,0.0,1.0
21,1.25,oracle,0.2,1.0,100,18,10.14,534.9067272727274,0.0673543911756033,0.6816161616161617,8.940252222451933,12.0,0.0,35.556,1.0,1.0,0,0.0,1.0
22,1.25,oracle,0.2,0.97,97,17,10.028,532.7950375000001,0.06462125721500721,0.649875,8.077407174323474,11.0,0.0,33.66,1.0,1.0,0,0.0,1.0
23,1.25,oracle,0.2,0.97,97,19,11.216,536.6804208333334,0.06305036098161099,0.7086666666666668,9.663762704833022,12.0,0.0,36.172,1.0,1.0,0,0.0,1.0
24,1.25,oracle,0.2,1.0,100,18,9.944,533.7413333333334,0.06674521146642359,0.6642424242424243,8.057079911876627,11.0,0.0,35.472,1.0,1.0,0,0.0,1.0
25,1.25,oracle,0.2,0.99,99,18,10.636,532.8040857142857,0.06109323646874668,0.650326530612245,8.066990487755515,11.0,0.0,35.196,1.0,1.0,0,0.0,1.0
26,1.25,oracle,0.2,1.0,100,20,12.024,532.9962989898991,0.05429837435291981,0.6534141414141413,8.917477696674776,13.0,0.0,36.16,1.0,1.0,0,0.0,1.0
27,1.25,oracle,0.2,1.0,100,19,10.152,536.096593939394,0.06879698393637787,0.7002424242424242,7.863979348689436,11.0,0.0,38.004,1.0,1.0,0,0.0,1.0
28,1.25,oracle,0.2,1.0,100,18,10.176,532.5019232323233,0.06342665000543789,0.6457777777777778,7.828473758294792,11.0,0.0,35.416,1.0,1.0,0,0.0,1.0
29,1.25,oracle,0.2,1.0,100,18,10.948,534.9970424242425,0.06236020937536089,0.6835959595959595,8.35707200952192,12.0,0.0,37.248,1.0,1.0,0,0.0,1.0
30,1.25,oracle,0.2,0.93,93,19,8.972,533.314195652174,0.07309504674069892,0.657391304347826,8.149364870784057,10.0,0.0,31.74,1.0,1.0,0,0.0,1.0
31,1.25,oracle,0.2,1.0,100,17,9.592,533.6719272727273,0.06912307277458793,0.6632727272727272,7.893151235187789,11.0,0.0,35.64,1.0,1.0,0,0.0,1.0
32,1.25,oracle,0.2,1.0,100,20,10.776,533.187797979798,0.06081802271802272,0.6561616161616162,8.075227502527806,12.0,0.0,35.888,1.0,1.0,0,0.0,1.0
33,1.25,oracle,0.2,1.0,100,19,11.072,535.5594949494949,0.06237483526574437,0.6919191919191919,8.874558670820353,12.0,0.0,37.124,1.0,1.0,0,0.0,1.0
34,1.25,oracle,0.2,1.0,100,18,10.424,534.2706262626264,0.0644832302377757,0.6723232323232323,8.656104001625025,12.0,0.0,36.016,1.0,1.0,0,0.0,1.0
35,1.25,oracle,0.2,1.0,100,24,12.588,530.92978989899,0.04955926294121247,0.6225858585858587,8.960732984293193,14.0,0.0,35.956,1.0,1.0,0,0.0,1.0
36,1.25,oracle,0.2,0.97,97,21,10.448,529.1824041666666,0.057075863488363486,0.5954583333333333,8.2842851187995,12.0,0.0,31.964,1.0,1.0,0,0.0,1.0
37,1.25,oracle,0.2,0.96,96,21,11.244,536.6402189473686,0.06279419960156803,0.7080421052631578,9.436580686420806,13.0,0.0,35.728,1.0,1.0,0,0.0,1.0
38,1.25,oracle,0.2,1.0,100,17,9.604,532.2186949494949,0.06674743415955536,0.6410505050505051,8.165267253737456,11.0,0.0,34.052,1.0,1.0,0,0.0,1.0
39,1.25,oracle,0.2,1.0,100,19,10.28,533.1238222222223,0.06380456188031945,0.6552727272727272,7.7840585603904024,11.0,0.0,36.056,1.0,1.0,0,0.0,1.0
40,1.25,oracle,0.2,1.0,100,18,9.92,535.1876767676769,0.06907033191275616,0.685858585858586,8.784153563406168,12.0,0.0,35.72,1.0,1.0,0,0.0,1.0
41,1.25,oracle,0.2,1.0,100,19,9.976,532.2824080808081,0.06421193879072666,0.6421414141414141,8.130204081632654,11.0,0.0,34.432,1.0,1.0,0,0.0,1.0
42,1.25,oracle,0.2,1.0,100,17,9.988,534.8353010101011,0.06817689056173905,0.6806464646464646,8.436455186304128,11.0,0.0,35.804,1.0,1.0,0,0.0,1.0
43,1.25,oracle,0.2,0.96,96,20,9.448,533.668117894737,0.07033661730082783,0.6631157894736842,7.775654341503947,11.0,0.0,33.944,1.0,1.0,0,0.0,1.0
44,1.25,oracle,0.2,1.0,100,19,9.956,531.7063919191919,0.0636123365971851,0.6335757575757576,7.971968312004875,11.0,0.0,34.448,1.0,1.0,0,0.0,1.0
45,1.25,oracle,0.2,1.0,100,17,9.892,534.9456000000001,0.06885365980820526,0.6823434343434343,8.209834760103524,11.0,0.0,35.952,1.0,1.0,0,0.0,1.0
46,1.25,oracle,0.2,0.99,99,19,10.688,534.2356693877553,0.0627781873455343,0.6719183673469388,8.615138165798959,12.0,0.0,35.956,1.0,1.0,0,0.0,1.0
47,1.25,oracle,0.2,1.0,100,19,10.416,532.6239797979799,0.06214438311408008,0.6476767676767675,7.936421981548335,11.0,0.0,35.636,1.0,1.0,0,0.0,1.0
48,1.25,oracle,0.2,0.99,99,18,10.132,531.3010979591837,0.06201123230510985,0.6276326530612246,7.997746825071692,12.0,0.0,34.332,1.0,1.0,0,0.0,1.0
49,1.25,oracle,0.2,1.0,100,18,10.408,532.1532202020203,0.06138781129084159,0.6404444444444445,7.903807209396517,11.0,0.0,35.032,1.0,1.0,0,0.0,1.0
0,1.25,csma,0.2,0.99,99,19,19.0,1494.5005877551023,1.0,19.0,29.666427030913013,113.0,nan,nan,nan,nan,0,0.0,0.8528510116492949
1,1.25,csma,0.2,1.0,100,18,18.0,1441.858246464647,1.0,18.0,38.72394881170018,115.0,nan,nan,nan,nan,0,0.0,0.8936083316316112
2,1.25,csma,0.2,1.0,100,20,20.0,1549.549090909091,1.0,20.0,28.896693272519954,114.0,nan,nan,nan,nan,0,0.0,0.883894376133844
3,1.25,csma,0.2,0.99,99,18,18.0,1434.865991836735,1.0,18.0,30.973007384772092,114.0,nan,nan,nan,nan,0,0.0,0.8142235123367199
4,1.25,csma,0.2,1.0,100,19,19.0,1495.7264161616163,1.0,19.0,26.5841560883874,112.0,nan,nan,nan,nan,0,0.0,0.8616568766457363
5,1.25,csma,0.2,0.97,97,19,19.0,1490.9428333333335,1.0,19.0,30.749628160634607,114.0,nan,nan,nan,nan,0,0.0,0.8312384092314032
6,1.25,csma,0.2,1.0,100,21,21.0,1579.4878141414144,1.0,21.0,22.290336879432623,108.0,nan,nan,nan,nan,0,0.0,0.8995215311004785
7,1.25,csma,0.2,1.0,100,18,18.0,1440.0006222222223,1.0,18.0,35.9102159669983,117.0,nan,nan,nan,nan,0,0.0,0.8343794290342175
8,1.25,csma,0.2,1.0,100,22,22.0,1637.0233333333338,1.0,22.0,22.771616541353385,109.0,nan,nan,nan,nan,0,0.0,0.8587570621468926
9,1.25,csma,0.2,1.0,100,21,21.0,1589.415458585859,1.0,21.0,24.07683538531692,113.0,nan,nan,nan,nan,0,0.0,0.8789579158316633
10,1.25,csma,0.2,1.0,100,22,22.0,1629.0826424242425,1.0,22.0,21.254985435805512,106.0,nan,nan,nan,nan,0,0.0,0.9012520193861067
11,1.25,csma,0.2,1.0,100,22,22.0,1633.8317171717174,1.0,22.0,23.614958448753463,110.0,nan,nan,nan,nan,0,0.0,0.8822810590631365
12,1.25,csma,0.2,1.0,100,19,19.0,1487.9033414141418,1.0,19.0,25.936284046692606,112.0,nan,nan,nan,nan,0,0.0,0.8393549704021229
13,1.25,csma,0.2,1.0,100,18,18.0,1447.8486262626266,1.0,18.0,34.44319018404908,115.0,nan,nan,nan,nan,0,0.0,0.8179446005620233
14,1.25,csma,0.2,1.0,100,18,18.0,1440.6849010101012,1.0,18.0,30.93860103626943,114.0,nan,nan,nan,nan,0,0.0,0.7782258064516129
15,1.25,csma,0.2,1.0,100,18,18.0,1429.9752242424242,1.0,18.0,31.423910336239103,113.0,nan,nan,nan,nan,0,0.0,0.8057395143487859
16,1.25,csma,0.2,0.82,82,20,20.0,1538.087190123457,1.0,20.0,23.02108353349346,111.0,nan,nan,nan,nan,0,0.0,0.9272457312546399
17,1.25,csma,0.2,0.97,97,20,20.0,1539.5934375000004,1.0,20.0,26.912493546721734,113.0,nan,nan,nan,nan,0,0.0,0.827070879590094
18,1.25,csma,0.2,1.0,100,20,20.0,1531.538666666667,1.0,20.0,26.097211563059606,111.0,nan,nan,nan,nan,0,0.0,0.8081455447591482
19,1.25,csma,0.2,1.0,100,19,19.0,1483.0505858585861,1.0,19.0,29.887396189545676,114.0,nan,nan,nan,nan,0,0.0,0.8240740740740741
20,1.25,csma,0.2,1.0,100,18,18.0,1437.2608282828285,1.0,18.0,32.233363719234276,114.0,nan,nan,nan,nan,0,0.0,0.8988119623105285
21,1.25,csma,0.2,1.0,100,18,18.0,1447.002096969697,1.0,18.0,38.474520185307746,116.0,nan,nan,nan,nan,0,0.0,0.8960268827831587
22,1.25,csma,0.2,0.97,97,17,17.0,1395.0035541666668,1.0,17.0,38.8756091900673,115.0,nan,nan,nan,nan,0,0.0,0.9010874111250523
23,1.25,csma,0.2,0.97,97,19,19.0,1495.3247708333338,1.0,19.0,36.60245427182218,116.0,nan,nan,nan,nan,0,0.0,0.912143611404435
24,1.25,csma,0.2,1.0,100,18,18.0,1441.9606020202023,1.0,18.0,31.629360465116278,113.0,nan,nan,nan,nan,0,0.0,0.8452088452088452
25,1.25,csma,0.2,0.99,99,18,18.0,1443.7273142857143,1.0,18.0,31.904298874104402,114.0,nan,nan,nan,nan,0,0.0,0.7909330095122444
26,1.25,csma,0.2,1.0,100,20,20.0,1539.4267555555557,1.0,20.0,30.140161104718068,114.0,nan,nan,nan,nan,0,0.0,0.883130081300813
27,1.25,csma,0.2,1.0,100,19,19.0,1487.5155757575762,1.0,19.0,33.003806804663334,115.0,nan,nan,nan,nan,0,0.0,0.8215402658326818
28,1.25,csma,0.2,1.0,100,18,18.0,1438.4081494949498,1.0,18.0,34.10967898832685,114.0,nan,nan,nan,nan,0,0.0,0.8462646635110105
29,1.25,csma,0.2,1.0,100,18,18.0,1437.8137414141415,1.0,18.0,37.10922966849511,116.0,nan,nan,nan,nan,0,0.0,0.8419678714859438
30,1.25,csma,0.2,0.93,93,19,19.0,1487.1764478260873,1.0,19.0,25.388101324657217,111.0,nan,nan,nan,nan,0,0.0,0.9364526659412404
31,1.25,csma,0.2,1.0,100,17,17.0,1388.3797616161619,1.0,17.0,42.238881247134344,117.0,nan,nan,nan,nan,0,0.0,0.8729237542525515
32,1.25,csma,0.2,1.0,100,20,20.0,1538.3054262626265,1.0,20.0,27.207831325301203,113.0,nan,nan,nan,nan,0,0.0,0.8657973921765296
33,1.25,csma,0.2,1.0,100,19,19.0,1488.1452404040406,1.0,19.0,30.95236938031592,114.0,nan,nan,nan,nan,0,0.0,0.839110929853181
34,1.25,csma,0.2,1.0,100,18,18.0,1439.3114909090912,1.0,18.0,32.80135287485908,114.0,nan,nan,nan,nan,0,0.0,0.8941532258064516
35,1.25,csma,0.2,1.0,100,24,24.0,1733.4616,1.0,24.0,21.064407594328287,108.0,nan,nan,nan,nan,0,0.0,0.8267434929465528
36,1.25,csma,0.2,0.97,97,21,21.0,1588.0466750000003,1.0,21.0,24.339526242452393,110.0,nan,nan,nan,nan,0,0.0,0.8858259617362683
37,1.25,csma,0.2,0.96,96,21,21.0,1589.2299410526318,1.0,21.0,26.328965205603254,111.0,nan,nan,nan,nan,0,0.0,0.9211238293444329
38,1.25,csma,0.2,1.0,100,17,17.0,1393.4073979797984,1.0,17.0,41.9235970250169,117.0,nan,nan,nan,nan,0,0.0,0.9
39,1.25,csma,0.2,1.0,100,19,19.0,1490.9678989898994,1.0,19.0,28.21144024514811,112.25,nan,nan,nan,nan,0,0.0,0.7956115400243803
40,1.25,csma,0.2,1.0,100,18,18.0,1445.0586181818185,1.0,18.0,38.005623031938825,115.0,nan,nan,nan,nan,0,0.0,0.896551724137931
41,1.25,csma,0.2,1.0,100,19,19.0,1491.3521171717175,1.0,19.0,29.52025782688766,114.0,nan,nan,nan,nan,0,0.0,0.8766902119071645
42,1.25,csma,0.2,1.0,100,17,17.0,1395.494367676768,1.0,17.0,39.1891770011274,116.0,nan,nan,nan,nan,0,0.0,0.8919951729686243
43,1.25,csma,0.2,0.96,96,20,20.0,1536.3366315789476,1.0,20.0,25.70495905368517,112.0,nan,nan,nan,nan,0,0.0,0.9179369388181249
44,1.25,csma,0.2,1.0,100,19,19.0,1489.92075959596,1.0,19.0,25.410666666666668,111.0,nan,nan,nan,nan,0,0.0,0.7634364820846905
45,1.25,csma,0.2,1.0,100,17,17.0,1388.70917979798,1.0,17.0,33.89748549323017,114.0,nan,nan,nan,nan,0,0.0,0.8428775219074791
46,1.25,csma,0.2,0.99,99,19,19.0,1493.2018571428575,1.0,19.0,32.102021403091555,115.0,nan,nan,nan,nan,0,0.0,0.8506979567064535
47,1.25,csma,0.2,1.0,100,19,19.0,1490.3705171717174,1.0,19.0,30.8377990430622,115.0,nan,nan,nan,nan,0,0.0,0.8495934959349594
48,1.25,csma,0.2,0.99,99,18,18.0,1441.7001877551022,1.0,18.0,31.964220897070263,114.0,nan,nan,nan,nan,0,0.0,0.791504206854094
49,1.25,csma,0.2,1.0,100,18,18.0,1437.365555555556,1.0,18.0,32.26238095238095,114.0,nan,nan,nan,nan,0,0.0,0.8514088789783093
0,1.25,bsps_ack,0.2,0.99,99,19,15.68,589.6902693877552,0.06060459619166734,0.946530612244898,44.5490601115472,116.0,35.44,67.64,0.44266713031383115,0.6896632917353426,0,0.3174963850444123,1.0
1,1.25,bsps_ack,0.2,1.0,100,18,14.992,591.7944323232324,0.06691517483968465,1.0012525252525253,42.302865213882164,116.0,35.284,70.276,0.44435975609756095,0.690463505594033,0,0.28934624697336564,1.0
2,1.25,bsps_ack,0.2,1.0,100,20,15.892,589.6747030303031,0.0607714011956014,0.9644444444444444,43.0780358598207,116.0,35.184,69.836,0.4441375623663578,0.6900149031296572,0,0.2980847595762021,1.0
3,1.25,bsps_ack,0.2,0.99,99,18,14.34,588.7968530612245,0.0656399510353592,0.9395102040816327,42.46155406776222,114.0,35.064,68.036,0.44219554030874786,0.6887096774193548,0,0.3118279569892473,1.0
4,1.25,bsps_ack,0.2,1.0,100,19,14.452,590.2123191919193,0.06620850782821887,0.954060606060606,43.450836393308855,115.0,35.968,68.5,0.4439969796123836,0.6915262064188409,0,0.31191350469196244,1.0
5,1.25,bsps_ack,0.2,0.97,97,19,15.232,589.0022041666668,0.06258475495433216,0.9512916666666668,42.1085464753587,115.0,33.88,67.356,0.4436412540976717,0.6926257753273605,0,0.3008941567893533,1.0
6,1.25,bsps_ack,0.2,1.0,100,21,15.536,590.2527111111112,0.0626355306544161,0.9694141414141415,42.72300849171047,116.0,35.132,69.036,0.4460646521433591,0.6994655004859086,0,0.2994338859684594,1.0
7,1.25,bsps_ack,0.2,1.0,100,18,13.984,588.2436606060606,0.06579859867801045,0.91789898989899,42.70747474747475,114.0,36.04,68.368,0.44355585486993854,0.6934339967970716,0,0.3115151515151515,1.0
8,1.25,bsps_ack,0.2,1.0,100,22,17.084,587.3446707070707,0.053293725003735325,0.9077171717171717,43.63000817661488,117.0,36.428,69.068,0.4463511720477665,0.6932826362484157,0,0.2998773507767784,1.0
9,1.25,bsps_ack,0.2,1.0,100,21,15.888,589.0967555555555,0.059034159281837306,0.9332525252525252,42.85387394620634,117.0,36.36,68.764,0.4458712475550642,0.7007781183683094,0,0.29566439181051785,1.0
10,1.25,bsps_ack,0.2,1.0,100,22,16.0,591.4058868686869,0.06134856559180604,0.9770505050505051,43.062283737024224,117.0,35.708,68.696,0.44557411441943034,0.6906128069772779,0,0.3006309790352127,1.0
11,1.25,bsps_ack,0.2,1.0,100,22,16.752,589.3817979797982,0.05708665427184519,0.9548686868686869,43.764647269828615,117.0,35.684,69.52,0.4438959894226531,0.6936221419975933,0,0.2993224392188123,1.0
12,1.25,bsps_ack,0.2,1.0,100,19,14.184,589.1034585858587,0.06661541306608385,0.9404444444444444,42.40977521138379,114.0,35.68,68.704,0.4458461283094033,0.691025946203285,0,0.3085172200453702,1.0
13,1.25,bsps_ack,0.2,1.0,100,18,15.096,589.301103030303,0.0631492659845601,0.9526868686868687,41.57897897897898,115.0,34.892,69.176,0.4462298100259436,0.6996047430830039,0,0.2936936936936937,1.0
14,1.25,bsps_ack,0.2,1.0,100,18,14.2,589.2618828282829,0.06679992447639506,0.9475151515151515,42.547008547008545,114.0,35.848,69.008,0.4416187901318013,0.6878115088355233,0,0.3108725899423574,1.0
15,1.25,bsps_ack,0.2,1.0,100,18,14.18,589.313894949495,0.06758403555248475,0.9560404040404041,41.48724082934609,114.0,35.88,70.084,0.4414621225498852,0.6839961667465261,0,0.2966507177033493,1.0
16,1.25,bsps_ack,0.2,0.82,82,20,14.784,590.224562962963,0.06560548945124109,0.9684938271604938,42.393194237456534,115.0,28.896,56.448,0.4451303885045237,0.6932935916542474,0,0.3025335320417288,1.0
17,1.25,bsps_ack,0.2,0.97,97,20,15.888,589.9296875,0.06175643419761067,0.9809166666666668,40.766447368421055,115.0,34.192,68.852,0.4429910010205028,0.6920171241500881,0,0.28289473684210525,1.0
18,1.25,bsps_ack,0.2,1.0,100,20,15.964,588.8835878787879,0.059481717519952806,0.9476767676767677,42.06345998383185,115.0,35.348,69.476,0.4444252227315976,0.6934829314872285,0,0.29688763136620855,1.0
19,1.25,bsps_ack,0.2,1.0,100,19,15.848,589.3261777777777,0.06044902983726513,0.9566060606060605,42.91814027419034,115.0,35.32,69.38,0.44267760964349834,0.6892865442714385,0,0.30260282137889927,1.0
20,1.25,bsps_ack,0.2,1.0,100,18,14.076,590.2683191919192,0.06886608021608022,0.9680808080808081,41.81657166123779,114.0,35.2,69.124,0.4452616451094767,0.6909614001438504,0,0.30232084690553745,1.0
21,1.25,bsps_ack,0.2,1.0,100,18,14.472,591.2110545454545,0.06790734635734637,0.9790707070707072,43.44469712631797,115.0,35.172,68.724,0.44626701614948844,0.6944644140905823,0,0.30762869547240024,1.0
22,1.25,bsps_ack,0.2,0.97,97,17,14.148,590.0611791666666,0.06763271901709401,0.9564166666666667,43.3620725823369,114.0,34.728,66.524,0.4438949522510232,0.6935861423220974,0,0.31403398363750784,1.0
23,1.25,bsps_ack,0.2,0.97,97,19,15.652,591.9279250000001,0.06442455686334364,1.0080416666666667,42.23148724331052,116.0,33.98,67.972,0.4453858905875852,0.6947584789311408,0,0.28313627878033604,1.0
24,1.25,bsps_ack,0.2,1.0,100,18,14.54,590.3279878787879,0.06660987106575342,0.966060606060606,43.27057881033447,114.0,35.296,68.548,0.44468870911009495,0.6933139534883721,0,0.3082315241337873,1.0
25,1.25,bsps_ack,0.2,0.99,99,18,15.152,589.079730612245,0.062489715776420464,0.9463673469387756,41.27787897186804,114.0,35.376,68.544,0.4457758620689655,0.6973493975903614,0,0.29366524994940296,1.0
26,1.25,bsps_ack,0.2,1.0,100,20,16.616,588.9519838383839,0.05719181800311831,0.949050505050505,43.94545823195458,116.0,35.68,69.392,0.4432698441629454,0.690091879811274,0,0.31123276561232766,1.0
27,1.25,bsps_ack,0.2,1.0,100,19,14.36,589.9164484848485,0.06821240716436797,0.9769292929292929,39.86993645750596,114.0,34.484,70.344,0.4433218115749357,0.6959924116670619,0,0.2875297855440826,1.0
28,1.25,bsps_ack,0.2,1.0,100,18,14.488,588.2670787878789,0.0640488304723599,0.9261010101010102,42.14136336215564,114.0,35.536,68.64,0.444207291044139,0.695591322603219,0,0.30444399758696966,1.0
29,1.25,bsps_ack,0.2,1.0,100,18,15.22,590.2501252525253,0.06452234105763517,0.9803232323232324,41.57230708192819,114.0,35.58,70.372,0.44199044442441177,0.6904017320182824,0,0.2945844078555842,1.0
30,1.25,bsps_ack,0.2,0.93,93,19,13.796,591.5633086956522,0.07099177941623594,0.9762608695652174,45.008103372755144,114.0,33.752,63.284,0.44267405611361277,0.6858638743455497,0,0.3232588699080158,1.0
31,1.25,bsps_ack,0.2,1.0,100,17,13.724,589.7797171717172,0.0695980452207725,0.953939393939394,42.58505724040972,114.0,35.932,69.028,0.44320027352765196,0.6898395721925134,0,0.30688893352078733,1.0
32,1.25,bsps_ack,0.2,1.0,100,20,15.612,589.273894949495,0.06126888034184216,0.953050505050505,41.80080889787664,115.0,35.552,69.308,0.44559412550066757,0.6943272386310361,0,0.2940343781597573,1.0
33,1.25,bsps_ack,0.2,1.0,100,19,15.572,591.3585535353535,0.06456880998449625,1.0032323232323233,41.91214953271028,115.0,35.36,70.624,0.4447997157829292,0.6908043096968178,0,0.2897196261682243,1.0
34,1.25,bsps_ack,0.2,1.0,100,18,14.524,590.4094545454545,0.0670263570884783,0.9724444444444444,42.36867763558806,115.0,35.3,69.172,0.4456089627755692,0.6925228891149542,0,0.2981921592524883,1.0
35,1.25,bsps_ack,0.2,1.0,100,24,19.476,585.8501696969698,0.04580193775473107,0.8888484848484849,44.68425291985501,119.0,36.544,69.996,0.442534805568891,0.6889178617992178,0,0.2976238421264599,1.0
36,1.25,bsps_ack,0.2,0.97,97,21,15.992,587.2198833333333,0.05590664369295852,0.8924583333333334,45.97332221759066,116.0,34.88,65.096,0.44305698253378645,0.6865346965412226,0,0.3282617757398916,1.0
37,1.25,bsps_ack,0.2,0.96,96,21,16.552,592.0083410526317,0.06114358412702392,1.0084210526315789,42.155617139202725,117.0,34.364,67.92,0.44552989934872705,0.6938606194690266,0,0.282455766361117,1.0
38,1.25,bsps_ack,0.2,1.0,100,17,13.944,590.1835070707072,0.06854856608038426,0.9533737373737373,42.90763874667213,114.0,36.168,68.224,0.4452302631578947,0.6942396313364055,0,0.3082121646528773,1.0
39,1.25,bsps_ack,0.2,1.0,100,19,14.852,589.0122181818183,0.0640111731405849,0.9491717171717172,41.80642537616917,114.0,35.608,69.496,0.44495985727029436,0.6915841584158415,0,0.2982919886132574,1.0
40,1.25,bsps_ack,0.2,1.0,100,18,14.304,591.8065090909091,0.06962917556135023,0.9925656565656565,43.47335103124362,115.0,35.784,69.42,0.44381071205774886,0.6870191114420452,0,0.3081478456197672,1.0
41,1.25,bsps_ack,0.2,1.0,100,19,14.748,589.2751070707071,0.06353358036299213,0.9359191919191919,44.85857142857143,115.0,35.668,67.776,0.4425361018542254,0.6858273213870142,0,0.32326530612244897,1.0
42,1.25,bsps_ack,0.2,1.0,100,17,14.232,590.8853494949495,0.06871636446342327,0.9749898989898991,41.79295065458207,114.0,35.296,68.96,0.44540816326530613,0.6981132075471698,0,0.29788519637462235,1.0
43,1.25,bsps_ack,0.2,0.96,96,20,14.488,589.7616547368423,0.06613905709701375,0.9520421052631579,42.33797257997507,115.0,33.44,65.404,0.4444977991196479,0.6934517203107659,0,0.30972164520149564,1.0
44,1.25,bsps_ack,0.2,1.0,100,19,15.056,588.9634626262626,0.06221229623680604,0.9355555555555556,41.92220190940483,115.0,36.472,68.956,0.44667760459392947,0.6962877030162413,0,0.29372333942717854,1.0
45,1.25,bsps_ack,0.2,1.0,100,17,14.172,591.3263151515151,0.06982255352094925,0.9883232323232324,41.472227752339236,114.0,34.912,68.964,0.44639674051438755,0.6994548471201707,0,0.2944455504678479,1.0
46,1.25,bsps_ack,0.2,0.99,99,19,15.568,590.112212244898,0.06232334231359789,0.969469387755102,43.32478974769724,116.0,34.884,68.572,0.44440525526849484,0.6958403462370762,0,0.3009611533840609,1.0
47,1.25,bsps_ack,0.2,1.0,100,19,14.944,587.659406060606,0.06144762122409181,0.916080808080808,43.06117127958283,115.0,35.048,68.692,0.4432884856070088,0.6921119592875318,0,0.31066987565182513,1.0
48,1.25,bsps_ack,0.2,0.99,99,18,15.036,588.105106122449,0.06146818031241801,0.9207346938775511,41.687832855387136,115.0,36.508,68.68,0.4466306808288351,0.6938216243148979,0,0.29291274068004913,1.0
49,1.25,bsps_ack,0.2,1.0,100,18,14.84,588.3876848484848,0.06259912636383226,0.9268282828282829,43.26427703523694,114.0,35.584,68.6,0.4433651762061492,0.6874312128549417,0,0.3128797083839611,1.0
0,2,static,0.2,0.99,99,19,19.0,558.8561346938775,0.06618045112781955,1.2574285714285713,15.158536585365853,19.0,63.772,98.0,0.0,1.0,0,0.0,1.0
1,2,static,0.2,1.0,100,18,18.0,563.016888888889,0.07262401795735128,1.307232323232323,16.383928571428573,18.0,60.584,99.0,0.0,1.0,0,0.0,1.0
2,2,static,0.2,1.0,100,20,20.0,558.9487919191921,0.0626020202020202,1.252040404040404,17.009292502639916,20.0,63.048,99.0,0.0,1.0,0,0.0,1.0
3,2,static,0.2,0.99,99,18,18.0,558.7060816326531,0.0694421768707483,1.2499591836734694,14.551451187335092,18.0,62.504,98.0,0.0,1.0,0,0.0,1.0
4,2,static,0.2,1.0,100,19,19.0,559.1173212121213,0.06621796916533758,1.258141414141414,15.953021523178808,19.0,64.444,99.0,0.0,1.0,0,0.0,1.0
5,2,static,0.2,0.97,97,19,19.0,559.0119875,0.06566447368421054,1.247625,14.389993848677465,19.0,60.228,96.0,0.0,1.0,0,0.0,1.0
6,2,static,0.2,1.0,100,21,21.0,561.0479272727275,0.0613987493987494,1.2893737373737375,17.20912012856569,21.0,62.352,99.0,0.0,1.0,0,0.0,1.0
7,2,static,0.2,1.0,100,18,18.0,556.9261010101011,0.06770819304152637,1.218747474747475,15.435064935064934,18.0,64.344,99.0,0.0,1.0,0,0.0,1.0
8,2,static,0.2,1.0,100,22,22.0,555.7518505050505,0.05452157943067033,1.1994747474747474,18.27701173080881,22.0,64.252,99.0,0.0,1.0,0,0.0,1.0
9,2,static,0.2,1.0,100,21,21.0,557.245397979798,0.05833189033189033,1.224969696969697,17.849826566006936,21.0,64.728,99.0,0.0,1.0,0,0.0,1.0
10,2,static,0.2,1.0,100,22,22.0,560.838084848485,0.05840220385674931,1.284848484848485,17.13103025347506,22.0,63.8,99.0,0.0,1.0,0,0.0,1.0
11,2,static,0.2,1.0,100,22,22.0,559.7569171717172,0.05762167125803489,1.2676767676767677,17.898867474667195,22.0,62.5,99.0,0.0,1.0,0,0.0,1.0
12,2,static,0.2,1.0,100,19,19.0,558.5649939393941,0.06563317384370015,1.247030303030303,16.196826051112943,19.0,63.544,99.0,0.0,1.0,0,0.0,1.0
13,2,static,0.2,1.0,100,18,18.0,558.2373898989899,0.06877216610549944,1.2378989898989898,14.715002089427497,18.0,63.448,99.0,0.0,1.0,0,0.0,1.0
14,2,static,0.2,1.0,100,18,18.0,558.3507191919193,0.06950617283950618,1.2511111111111113,15.188537869582827,18.0,64.14,99.0,0.0,1.0,0,0.0,1.0
15,2,static,0.2,1.0,100,18,18.0,559.2086303030304,0.0695263748597082,1.2514747474747474,15.63550135501355,18.0,62.104,99.0,0.0,1.0,0,0.0,1.0
16,2,static,0.2,0.82,82,20,20.0,560.2785234567901,0.06421975308641974,1.284395061728395,16.581948921398464,20.0,51.964,81.0,0.0,1.0,0,0.0,1.0
17,2,static,0.2,0.97,97,20,20.0,560.9127833333334,0.06377083333333333,1.2754166666666664,14.581885095072582,20.0,58.56,96.0,0.0,1.0,0,0.0,1.0
18,2,static,0.2,1.0,100,20,20.0,557.8333858585859,0.061840404040404036,1.2368080808080808,15.902419024190243,20.0,63.556,99.0,0.0,1.0,0,0.0,1.0
19,2,static,0.2,1.0,100,19,19.0,559.4278181818182,0.06654120148856991,1.2642828282828285,15.956974184510706,19.0,62.836,99.0,0.0,1.0,0,0.0,1.0
20,2,static,0.2,1.0,100,18,18.0,560.1127474747475,0.07067340067340067,1.272121212121212,15.426655663296884,18.0,63.06,99.0,0.0,1.0,0,0.0,1.0
21,2,static,0.2,1.0,100,18,18.0,560.9974303030305,0.07158698092031425,1.2885656565656562,15.331332781456954,18.0,63.432,99.0,0.0,1.0,0,0.0,1.0
22,2,static,0.2,0.97,97,17,17.0,560.0736750000001,0.07502941176470589,1.2755,14.773755656108598,17.0,61.552,96.0,0.0,1.0,0,0.0,1.0
23,2,static,0.2,0.97,97,19,19.0,562.4030375000001,0.06897587719298247,1.3105416666666665,17.521425628347753,19.0,60.188,96.0,0.0,1.0,0,0.0,1.0
24,2,static,0.2,1.0,100,18,18.0,561.0480848484848,0.07184960718294053,1.2932929292929294,16.02944043673231,18.0,62.964,99.0,0.0,1.0,0,0.0,1.0
25,2,static,0.2,0.99,99,18,18.0,557.5999510204082,0.06872562358276645,1.2370612244897958,14.231616119651019,18.0,63.768,98.0,0.0,1.0,0,0.0,1.0
26,2,static,0.2,1.0,100,20,20.0,559.158387878788,0.06314949494949496,1.2629898989898989,15.96244131455399,20.0,62.964,99.0,0.0,1.0,0,0.0,1.0
27,2,static,0.2,1.0,100,19,19.0,561.5672040404041,0.06725996810207337,1.277939393939394,14.097013505801788,19.0,59.484,99.0,0.0,1.0,0,0.0,1.0
28,2,static,0.2,1.0,100,18,18.0,557.5631717171717,0.06821324354657687,1.2278383838383837,14.968263473053891,18.0,63.444,99.0,0.0,1.0,0,0.0,1.0
29,2,static,0.2,1.0,100,18,18.0,560.9266060606061,0.07144107744107744,1.285939393939394,14.906527312167226,18.0,61.692,99.0,0.0,1.0,0,0.0,1.0
30,2,static,0.2,0.93,93,19,19.0,561.6629652173914,0.06918077803203661,1.3144347826086955,17.332693128467778,19.0,60.072,92.0,0.0,1.0,0,0.0,1.0
31,2,static,0.2,1.0,100,17,17.0,560.7579393939394,0.07535591206179441,1.2810505050505048,15.160917287338298,17.0,62.176,99.0,0.0,1.0,0,0.0,1.0
32,2,static,0.2,1.0,100,20,20.0,559.0140282828283,0.06296161616161615,1.2592323232323233,16.639886386691014,20.0,63.336,99.0,0.0,1.0,0,0.0,1.0
33,2,static,0.2,1.0,100,19,19.0,561.6622464646465,0.06851674641148325,1.3018181818181818,16.452577975811586,19.0,62.12,99.0,0.0,1.0,0,0.0,1.0
34,2,static,0.2,1.0,100,18,18.0,560.7271676767677,0.07139842873176207,1.2851717171717174,15.75841784989858,18.0,62.768,99.0,0.0,1.0,0,0.0,1.0
35,2,static,0.2,1.0,100,24,24.0,553.985793939394,0.04853872053872054,1.1649292929292931,18.983532317826267,24.0,63.672,99.0,0.0,1.0,0,0.0,1.0
36,2,static,0.2,0.97,97,21,21.0,555.5785333333334,0.05756349206349207,1.2088333333333334,17.83918862400669,21.0,63.952,96.0,0.0,1.0,0,0.0,1.0
37,2,static,0.2,0.96,96,21,21.0,562.8693600000001,0.0623859649122807,1.3101052631578949,17.253316487681616,21.0,58.54,95.0,0.0,1.0,0,0.0,1.0
38,2,static,0.2,1.0,100,17,17.0,559.2342222222222,0.07478074866310161,1.2712727272727273,14.721785861926415,17.0,65.144,99.0,0.0,1.0,0,0.0,1.0
39,2,static,0.2,1.0,100,19,19.0,559.1957212121212,0.06616693248272196,1.2571717171717174,15.875579753982658,19.0,62.54,99.0,0.0,1.0,0,0.0,1.0
40,2,static,0.2,1.0,100,18,18.0,561.7738828282829,0.072327721661055,1.30189898989899,16.01077893024202,18.0,63.112,99.0,0.0,1.0,0,0.0,1.0
41,2,static,0.2,1.0,100,19,19.0,558.5833696969697,0.0660882509303562,1.2556767676767677,16.660540986991535,19.0,64.688,99.0,0.0,1.0,0,0.0,1.0
42,2,static,0.2,1.0,100,17,17.0,560.3504080808082,0.0751420083184789,1.2774141414141416,15.156870611835506,17.0,63.536,99.0,0.0,1.0,0,0.0,1.0
43,2,static,0.2,0.96,96,20,20.0,558.904172631579,0.06281473684210526,1.2562947368421054,15.18733012753502,20.0,61.652,95.0,0.0,1.0,0,0.0,1.0
44,2,static,0.2,1.0,100,19,19.0,557.5916646464648,0.06508240297713982,1.2365656565656569,16.309209188859523,19.0,64.58,99.0,0.0,1.0,0,0.0,1.0
45,2,static,0.2,1.0,100,17,17.0,562.2670181818183,0.07704575163398693,1.309777777777778,15.178755449861276,17.0,62.332,99.0,0.0,1.0,0,0.0,1.0
46,2,static,0.2,0.99,99,19,19.0,560.6920571428573,0.06769495166487648,1.286204081632653,16.495760205087755,19.0,61.952,98.0,0.0,1.0,0,0.0,1.0
47,2,static,0.2,1.0,100,19,19.0,555.8255191919194,0.06277086656034024,1.1926464646464647,16.060649377169696,19.0,63.928,99.0,0.0,1.0,0,0.0,1.0
48,2,static,0.2,0.99,99,18,18.0,555.8636612244899,0.0671360544217687,1.208448979591837,14.959536354056903,18.0,64.572,98.0,0.0,1.0,0,0.0,1.0
49,2,static,0.2,1.0,100,18,18.0,556.5437616161616,0.06748148148148149,1.2146666666666666,15.156585879873552,18.0,64.748,99.0,0.0,1.0,0,0.0,1.0
0,2,bsps,0.2,0.99,99,19,15.556,543.5153306122451,0.06014153367535563,0.9316734693877552,33.126498553121124,115.0,35.768,67.048,0.465726467694326,0.765053460889139,0,0.20463001240181894,1.0
1,2,bsps,0.2,1.0,100,18,15.008,548.4924080808081,0.06694661710838182,1.0026262626262625,31.495039682539684,115.0,35.008,70.204,0.4657272727272727,0.7692307692307693,0,0.18194444444444444,1.0
2,2,bsps,0.2,1.0,100,20,15.688,544.3217494949495,0.06005702130113894,0.9407676767676767,32.32946145723337,115.0,35.856,68.964,0.46800134025799967,0.7678140096618358,0,0.1928194297782471,1.0
3,2,bsps,0.2,0.99,99,18,14.328,543.6323469387756,0.06509827183620702,0.931469387755102,31.31276638928354,114.0,35.36,67.788,0.46471544715447155,0.7659459459459459,0,0.1999188146945403,1.0
4,2,bsps,0.2,1.0,100,19,14.42,543.9358868686869,0.06515796915502799,0.9362020202020203,31.7148178807947,114.0,35.984,67.576,0.4673450070989115,0.7687569988801791,0,0.1945364238410596,1.0
5,2,bsps,0.2,0.97,97,19,15.172,544.4170666666666,0.062144177350427356,0.9406666666666668,31.651220012302645,114.0,34.384,67.104,0.46345568200032056,0.7619300106044539,0,0.19725240926799262,1.0
6,2,bsps,0.2,1.0,100,21,15.512,545.6212161616162,0.062309243038809595,0.9624242424242425,31.492969063881077,115.0,35.072,68.66,0.46749665775401067,0.7802944507361268,0,0.18722378465247086,1.0
7,2,bsps,0.2,1.0,100,18,13.756,541.7083515151515,0.06554598371523505,0.8994343434343434,32.61363636363637,113.0,36.3,67.552,0.4639125927107425,0.7563998922123417,0,0.21245941558441558,1.0
8,2,bsps,0.2,1.0,100,22,16.952,541.1579797979798,0.05270935768546707,0.891959595959596,32.93949372298827,116.0,36.9,68.468,0.46687275461609157,0.7616580310880829,0,0.19366124717019964,1.0
9,2,bsps,0.2,1.0,100,21,15.744,542.4637858585859,0.058336610940945305,0.9136161616161617,33.37400530503979,116.0,36.968,68.068,0.4653113907712165,0.7622086570477248,0,0.20240767190369313,1.0
10,2,bsps,0.2,1.0,100,22,16.024,545.8616323232325,0.060596951702885656,0.9663030303030302,32.4227309893704,116.0,35.848,68.224,0.4663952684537983,0.7673545966228893,0,0.19480784955028618,1.0
11,2,bsps,0.2,1.0,100,22,16.624,544.7123191919193,0.05717340310379526,0.9485252525252525,32.584740711305386,116.0,35.628,69.112,0.4656263180092788,0.7772290809327846,0,0.18935028809854956,1.0
12,2,bsps,0.2,1.0,100,19,14.272,543.8759676767676,0.06568066439733107,0.9337373737373738,30.811830173124484,113.0,35.732,68.404,0.46657669101302,0.7665571975916804,0,0.19311624072547404,1.0
13,2,bsps,0.2,1.0,100,18,14.88,543.7717535353536,0.06268798630563337,0.931070707070707,31.800041788549937,114.0,35.824,68.508,0.4670606776989756,0.7626404494382022,0,0.19765984120351024,1.0
14,2,bsps,0.2,1.0,100,18,14.28,542.8160242424243,0.06474206860677449,0.9234343434343434,31.773997569866342,114.0,36.576,68.2,0.4656858846918489,0.7643537414965986,0,0.20271364925070878,1.0
15,2,bsps,0.2,1.0,100,18,14.136,544.9272121212122,0.0673653328153328,0.950060606060606,29.98277197057685,113.0,35.9,69.8,0.4660080375083724,0.7736220472440944,0,0.18234610917537747,1.0
16,2,bsps,0.2,0.82,82,20,14.704,544.4269234567902,0.06458923798705933,0.9476543209876542,31.74014381353831,114.0,29.2,55.752,0.466423579459131,0.767813694820994,0,0.19637986610463676,1.0
17,2,bsps,0.2,0.97,97,20,15.888,546.3596041666667,0.06120237683748714,0.9716666666666667,31.065835207524024,115.0,34.284,68.456,0.46401062416998673,0.7643994211287989,0,0.18585156409732162,1.0
18,2,bsps,0.2,1.0,100,20,15.824,542.9607676767677,0.05836085061595898,0.9215353535353535,30.498564985649857,114.0,36.2,68.616,0.4694273697832417,0.7752510336680449,0,0.18306683066830667,1.0
19,2,bsps,0.2,1.0,100,19,15.776,544.2010101010101,0.059803376833769,0.9421414141414141,31.470482289373624,115.0,35.752,68.856,0.46622387817916733,0.7733990147783252,0,0.18871322793676207,1.0
20,2,bsps,0.2,1.0,100,18,14.04,545.0927030303031,0.06800161505161506,0.953979797979798,31.06333814730761,113.0,35.628,68.564,0.4679466580976864,0.7759009009009009,0,0.19475964514132454,1.0
21,2,bsps,0.2,1.0,100,18,14.408,545.8113494949497,0.06728497747713433,0.9653333333333334,31.801324503311257,114.0,35.488,68.204,0.4681175714744619,0.7762119503945885,0,0.19225993377483444,1.0
22,2,bsps,0.2,0.97,97,17,14.108,544.4281375,0.0671067632020757,0.9463333333333334,32.655697243932536,113.0,34.844,66.08,0.4638036809815951,0.7655629139072848,0,0.20732208967503085,1.0
23,2,bsps,0.2,0.97,97,19,15.608,547.6297208333334,0.06378972735461706,0.995375,31.39513803049032,115.0,34.28,67.5,0.46750086896072296,0.7717458359037631,0,0.1753193242686444,1.0
24,2,bsps,0.2,1.0,100,18,14.496,544.9652444444446,0.06596894017384212,0.9545858585858585,32.05849093390525,114.0,35.244,67.948,0.4656866862662747,0.7682892906815021,0,0.19672450770130628,1.0
25,2,bsps,0.2,0.99,99,18,15.12,542.5583836734694,0.06076570617257893,0.9183673469387755,30.971956792687994,114.0,36.508,67.732,0.4673087911190923,0.7725064304086882,0,0.19110926464478603,1.0
26,2,bsps,0.2,1.0,100,20,16.608,543.4922262626263,0.0561688504363427,0.9323232323232323,33.347417840375584,115.0,35.88,68.64,0.463982683982684,0.7582608695652174,0,0.20555215350071443,1.0
27,2,bsps,0.2,1.0,100,19,14.336,547.3408282828283,0.06863445247562895,0.9804040404040404,29.299220087502377,113.0,34.084,70.344,0.4643405562190752,0.7784542085759661,0,0.18185276773825376,1.0
28,2,bsps,0.2,1.0,100,18,14.36,542.8391272727273,0.06386156523215347,0.9152727272727272,30.759880239520957,113.0,35.396,68.044,0.46643452911166894,0.7745823062174747,0,0.19221556886227545,1.0
29,2,bsps,0.2,1.0,100,18,15.116,545.7427757575758,0.06403682211035153,0.9671515151515151,30.76237428515086,114.0,35.82,69.856,0.4655304644226672,0.7689900426742532,0,0.18753697495563004,1.0
30,2,bsps,0.2,0.93,93,19,13.724,545.3837521739132,0.07068388438429998,0.9679130434782609,32.005335040546306,114.0,33.736,62.892,0.4666337529828026,0.7734222963580761,0,0.1946222791293214,1.0
31,2,bsps,0.2,1.0,100,17,13.628,545.324787878788,0.07029809163900073,0.9565656565656566,31.520188161505292,113.0,35.404,68.896,0.46382386642658374,0.7670544685351666,0,0.197765582124657,1.0
32,2,bsps,0.2,1.0,100,20,15.532,543.7935313131313,0.060372446337823016,0.9357979797979796,31.827145465611686,115.0,35.948,68.656,0.4661755386565273,0.7650303364589078,0,0.19578007709474538,1.0
33,2,bsps,0.2,1.0,100,19,15.536,546.7553171717171,0.0635093060534237,0.9846464646464647,30.812221514958626,114.0,35.912,69.98,0.46982614510197257,0.7766281192939745,0,0.17907914279652026,1.0
34,2,bsps,0.2,1.0,100,18,14.508,545.2274424242424,0.06613842791195733,0.9583434343434344,32.16247464503043,114.0,35.524,68.58,0.46599604505201614,0.7658058771148709,0,0.19634888438133874,1.0
35,2,bsps,0.2,1.0,100,24,19.156,540.2717292929294,0.045731320080948684,0.8725252525252526,33.417455743104156,118.0,36.668,69.232,0.4669862518089725,0.7708202880400752,0,0.1879374228077398,1.0
36,2,bsps,0.2,0.97,97,21,15.744,540.0949125000001,0.055877404444683865,0.87725,32.862400669176075,115.0,35.212,64.488,0.4680280220599195,0.7745302713987474,0,0.20054370556252615,1.0
37,2,bsps,0.2,0.96,96,21,16.612,548.2510778947369,0.06061495370362081,1.0029052631578947,32.304695725415876,116.0,34.064,67.484,0.46507004922377887,0.7705586942875079,0,0.18424931564539904,1.0
38,2,bsps,0.2,1.0,100,17,13.984,543.4748323232325,0.06705150215203692,0.9358383838383838,32.19656883009508,114.0,36.668,67.584,0.4670883110798782,0.7711887354454373,0,0.2007027697395618,1.0
39,2,bsps,0.2,1.0,100,19,14.868,544.2259878787879,0.06337860494625201,0.9408080808080809,32.185117967332125,114.0,35.712,69.08,0.46444084830934335,0.7606155599886008,0,0.20185521274450494,1.0
40,2,bsps,0.2,1.0,100,18,14.384,546.5946303030304,0.06842290420347462,0.9802424242424242,31.97986577181208,114.0,35.94,68.872,0.46662703804347827,0.7746113989637305,0,0.19280048810250153,1.0
41,2,bsps,0.2,1.0,100,19,14.704,542.7428404040404,0.06261650659698788,0.9197575757575759,33.530662812306424,114.0,35.92,67.124,0.4663061899765959,0.7675256303685232,0,0.2104067726615734,1.0
42,2,bsps,0.2,1.0,100,17,14.192,545.4500606060606,0.06786537101242984,0.9605656565656566,30.585957873620863,114.0,35.88,68.512,0.46827186342406185,0.7802903405918481,0,0.18575727181544635,1.0
43,2,bsps,0.2,0.96,96,20,14.524,543.759107368421,0.06471332476894315,0.9330105263157895,30.56199038260506,114.0,34.144,64.848,0.4678530859522908,0.7760210803689065,0,0.19130252979301693,1.0
44,2,bsps,0.2,1.0,100,19,15.1,542.7873292929294,0.06111521717207992,0.9212929292929293,30.58894084163448,114.0,36.816,68.408,0.4684095860566449,0.7763157894736842,0,0.18133767025818257,1.0
45,2,bsps,0.2,1.0,100,17,13.92,546.7250666666666,0.07057010767010766,0.980848484848485,31.731272294887038,114.0,35.044,68.644,0.4644020853698273,0.7647690655209453,0,0.19758224336107807,1.0
46,2,bsps,0.2,0.99,99,19,15.548,545.076281632653,0.06160400244346823,0.956530612244898,32.122461053046734,115.0,35.228,68.088,0.46554031448645034,0.7717268623024831,0,0.18950897258923288,1.0
47,2,bsps,0.2,1.0,100,19,14.964,541.8728161616162,0.06009886359102045,0.8972121212121212,32.228098836022056,114.0,35.976,68.16,0.4654585798816568,0.7638190954773869,0,0.20236879722278947,1.0
48,2,bsps,0.2,0.99,99,18,14.984,541.041918367347,0.059934882847577926,0.8946938775510205,31.368387776606955,115.0,37.468,67.828,0.46894231558217775,0.7699969815876849,0,0.19009483667017912,1.0
49,2,bsps,0.2,1.0,100,18,14.74,541.7129777777778,0.06120216987079732,0.9004444444444444,31.949209694415174,114.0,36.356,67.596,0.4681521494485708,0.7654590029964587,0,0.19957850368809274,1.0
0,2,baps,0.2,0.99,99,19,12.0,531.9538857142858,0.04586766917293232,0.7334285714285714,58.5549813972716,119.0,29.944,54.16,0.5347756274824643,0.6050548889456216,0,0.4404712691194709,1.0
1,2,baps,0.2,1.0,100,18,12.092,536.7547474747475,0.05508930575597242,0.8061010101010102,58.02361111111111,118.0,29.352,57.144,0.5345622119815668,0.6016035388443461,0,0.4246031746031746,1.0
2,2,baps,0.2,1.0,100,20,13.5,534.5070585858587,0.047109090909090906,0.7720000000000001,58.55163674762407,120.0,30.288,57.116,0.532479889282934,0.6017891027378693,0,0.42365364308342135,1.0
3,2,baps,0.2,0.99,99,18,12.084,531.8937387755102,0.046050080984774866,0.7305306122448979,58.92693322508626,118.0,29.864,54.728,0.5339118712612688,0.597434035342532,0,0.4503754820377512,1.0
4,2,baps,0.2,1.0,100,19,12.0,532.6081818181818,0.04857203615098352,0.7446868686868687,59.46812913907285,119.0,30.724,55.224,0.5342109540061758,0.6067444219066938,0,0.4416390728476821,1.0
5,2,baps,0.2,0.97,97,19,13.5,533.3728458333334,0.04543256578947368,0.755625,55.72790649989748,119.0,30.588,56.064,0.5352205943216621,0.6020628448069081,0,0.4207504613491901,1.0
6,2,baps,0.2,1.0,100,21,13.62,533.9186545454546,0.04403559403559404,0.7656161616161616,60.18481317798312,121.0,30.496,56.396,0.5332583686532307,0.5976136075145976,0,0.43873041382081157,1.0
7,2,baps,0.2,1.0,100,18,12.072,531.9315474747475,0.0485974025974026,0.7346262626262626,58.405032467532465,118.0,31.564,56.396,0.5328166226912929,0.596555070354197,0,0.4375,1.0
8,2,baps,0.2,1.0,100,22,13.844,530.6624686868687,0.03964073636800909,0.7106666666666667,60.47622967688825,121.0,30.828,55.592,0.5328811813186813,0.606329816768462,0,0.43095287096110313,1.0
9,2,baps,0.2,1.0,100,21,12.5,530.5195313131313,0.041333814333814334,0.7064242424242425,62.979800040808,121.0,29.564,53.5,0.532867946480512,0.599697504411394,0,0.45806978167720874,1.0
10,2,baps,0.2,1.0,100,22,14.5,534.1855191919193,0.04271231798504526,0.7724848484848486,59.89922322158626,122.0,31.024,56.0,0.5329260552205649,0.6000964785335263,0,0.4364268192968111,1.0
11,2,baps,0.2,1.0,100,22,14.548,534.0156363636364,0.04244975731339368,0.7682020202020202,59.25173852573018,122.0,31.204,57.628,0.5339898901865087,0.5968703427719821,0,0.4236042121994834,1.0
12,2,baps,0.2,1.0,100,19,12.0,531.4807717171718,0.045110047846889954,0.7235959595959597,60.21063478977741,119.0,29.864,54.5,0.5332679418015367,0.6013446215139442,0,0.4468260511129431,1.0
13,2,baps,0.2,1.0,100,18,12.66,533.6126585858586,0.04960982844316177,0.7613737373737374,56.21165900543251,118.0,32.124,58.0,0.5332029658600179,0.6024641689715866,0,0.42248223986627664,1.0
14,2,baps,0.2,1.0,100,18,12.22,530.4465292929293,0.042271604938271604,0.7083232323232324,58.85014175779668,118.0,30.316,54.22,0.534116878876918,0.6045522761380691,0,0.4416767922235723,1.0
15,2,baps,0.2,1.0,100,18,12.376,533.5028080808082,0.048842712842712833,0.7546666666666667,56.7289972899729,118.0,30.536,57.124,0.5346560388147634,0.6010611419909045,0,0.41986062717770034,1.0
16,2,baps,0.2,0.82,82,20,13.12,533.928187654321,0.046266666666666664,0.768,58.485990577733695,120.0,25.032,46.12,0.5336332252327649,0.6007521153243497,0,0.42846516241011656,1.0
17,2,baps,0.2,0.97,97,20,14.008,534.4196166666667,0.04398969907407408,0.76825,55.774892659987735,119.0,29.456,56.104,0.5342590900785675,0.5985804416403786,0,0.41913719075853606,1.0
18,2,baps,0.2,1.0,100,20,13.576,531.8006181818182,0.04196190476190476,0.7318383838383838,57.948134481344816,120.0,31.3,56.376,0.5327704397257984,0.6034846884899683,0,0.42886428864288645,1.0
19,2,baps,0.2,1.0,100,19,13.5,532.8869333333334,0.04390723019670388,0.7492929292929293,57.325595357214326,119.0,30.82,56.5,0.5359324019074709,0.6061279960464542,0,0.4212527516509906,1.0
20,2,baps,0.2,1.0,100,18,12.0,533.804509090909,0.0508327721661055,0.7646868686868687,57.80585929440891,118.0,30.956,56.58,0.5328479232169452,0.6014307613694431,0,0.43181349288219517,1.0
21,2,baps,0.2,1.0,100,18,12.028,535.1749454545455,0.054303992303992306,0.7902626262626263,57.36858443708609,118.0,31.82,57.528,0.5327087306193516,0.6001523229246002,0,0.4275662251655629,1.0
22,2,baps,0.2,0.97,97,17,12.0,533.8403041666667,0.051458333333333335,0.7672916666666667,57.366515837104075,116.0,30.34,55.0,0.5344054168429961,0.5971326164874552,0,0.4327437268613739,1.0
23,2,baps,0.2,0.97,97,19,13.0,535.0683,0.04799874686716792,0.7833333333333332,59.17593737124022,119.0,29.08,54.64,0.532874139010645,0.6029123494819378,0,0.4254223320972394,1.0
24,2,baps,0.2,1.0,100,18,12.0,533.9004727272728,0.04971941638608306,0.7663030303030304,59.07233378826282,118.0,30.544,56.204,0.5344287949921753,0.5990495247623812,0,0.43829206472996685,1.0
25,2,baps,0.2,0.99,99,18,12.904,531.7013265306123,0.04480531260123097,0.7308571428571429,56.712297465724966,117.0,31.092,55.608,0.5317694709307231,0.5965632213388048,0,0.43186539260490237,1.0
26,2,baps,0.2,1.0,100,20,14.328,532.755890909091,0.04116632996632997,0.7476363636363637,58.92549499897938,119.0,30.988,56.752,0.5345985140094889,0.6009401932619483,0,0.43702796489079404,1.0
27,2,baps,0.2,1.0,100,19,13.0,536.0561656565657,0.05081035923141187,0.7934141414141415,54.133155792276966,119.0,30.128,58.676,0.5366263143942741,0.5990915610805642,0,0.4093589499714666,1.0
28,2,baps,0.2,1.0,100,18,13.0,532.6335434343436,0.046403479236812574,0.7429898989898989,55.487624750499,118.0,31.312,57.184,0.5352513172200385,0.6042542666336879,0,0.41377245508982036,1.0
29,2,baps,0.2,1.0,100,18,12.5,532.8792282828283,0.04565015231681898,0.7455757575757576,57.530072963912446,117.0,29.688,55.5,0.5350368809272918,0.603314344899016,0,0.43245908104910274,1.0
30,2,baps,0.2,0.93,93,19,12.296,535.424347826087,0.05274111365369947,0.796,58.70465215535638,119.0,28.696,52.464,0.5339120074887244,0.5996499124781195,0,0.42360221937686726,1.0
31,2,baps,0.2,1.0,100,17,11.5,534.3300323232323,0.05415725886314122,0.7738585858585859,57.86985495883967,117.0,30.944,57.028,0.5339320511734305,0.5954253037884203,0,0.43492747941983534,1.0
32,2,baps,0.2,1.0,100,20,13.5,532.519878787879,0.04254112554112554,0.7425454545454545,58.36843173057415,120.0,30.508,56.02,0.5336322869955157,0.6035131744040151,0,0.4266585514303104,1.0
33,2,baps,0.2,1.0,100,19,13.5,534.5057292929295,0.04654359383306752,0.7788282828282828,57.63250583492468,119.0,31.524,57.564,0.5308673909294706,0.5980284775465499,0,0.4203267557818799,1.0
34,2,baps,0.2,1.0,100,18,12.5,533.8405494949495,0.048556677890011224,0.7651313131313132,57.70770791075051,118.0,30.792,56.52,0.5338705392721155,0.6031831669813865,0,0.42738336713995945,1.0
35,2,baps,0.2,1.0,100,24,15.904,529.9185414141414,0.03382860349527016,0.6953131313131313,60.68958419102511,124.0,31.1,56.624,0.5337000093222709,0.6026114107294919,0,0.42857142857142855,1.0
36,2,baps,0.2,0.97,97,21,13.5,530.840675,0.042074404761904764,0.72075,59.83521539104977,121.0,30.808,54.0,0.5340438583039411,0.6055133079847909,0,0.42952739439565035,1.0
37,2,baps,0.2,0.96,96,21,14.0,536.0001642105262,0.04601303258145363,0.7970105263157895,59.05285323225942,121.0,28.724,54.72,0.534364597611122,0.5992647058823529,0,0.42703727100442196,1.0
38,2,baps,0.2,1.0,100,17,11.136,531.9005212121212,0.049404713804713805,0.7365252525252526,59.94295163290616,117.0,30.824,54.62,0.5319870759289176,0.596116504854369,0,0.4574204216618437,1.0
39,2,baps,0.2,1.0,100,19,12.5,532.9127434343435,0.04685769980506822,0.749090909090909,59.02500504133898,118.0,30.512,56.336,0.5335738801372877,0.598147671726267,0,0.4400080661423674,1.0
40,2,baps,0.2,1.0,100,18,11.5,534.4763272727273,0.05306980920314254,0.7755151515151515,60.060402684563755,118.0,29.984,55.38,0.5339116719242902,0.600833767587285,0,0.44702054098027255,1.0
41,2,baps,0.2,1.0,100,19,12.5,531.4102828282829,0.043397129186602865,0.7265858585858586,61.75469750154863,119.0,30.664,54.548,0.5340218206046473,0.6023040320560982,0,0.45674168903572165,1.0
42,2,baps,0.2,1.0,100,17,11.736,535.6964202020204,0.05729507964802082,0.7991919191919191,55.583751253761285,117.0,32.092,58.356,0.5332721814543029,0.5995508982035929,0,0.41364092276830494,1.0
43,2,baps,0.2,0.96,96,20,13.0,533.8257136842107,0.048759298245614036,0.7674947368421053,56.60589588124608,120.0,30.716,55.064,0.5332392599560991,0.5999057492931197,0,0.42274722977210955,1.0
44,2,baps,0.2,1.0,100,19,13.0,532.5052404040405,0.04602111338953444,0.7457777777777779,57.097987395812154,119.0,31.728,56.78,0.5314180242356151,0.5969299331517702,0,0.41736125228705023,1.0
45,2,baps,0.2,1.0,100,17,11.548,535.9408282828283,0.056836997425232724,0.8006060606060605,55.94332144272691,117.0,30.94,57.6,0.534918900747962,0.6013167520117044,0,0.4161712247324614,1.0
46,2,baps,0.2,0.99,99,19,13.0,534.3419836734694,0.04775448826147,0.774530612244898,58.1841845789785,119.0,30.596,56.5,0.5336101738904749,0.5985790408525755,0,0.4257542890948531,1.0
47,2,baps,0.2,1.0,100,19,13.5,531.5937575757575,0.044198830409356724,0.728,57.12150296099653,119.0,32.516,57.544,0.5336937485722988,0.6013281428898557,0,0.4190320604451705,1.0
48,2,baps,0.2,0.99,99,18,11.512,529.9641510204082,0.04507528344671202,0.701795918367347,59.29968387776607,118.0,30.224,53.756,0.5326004228329809,0.6048979591836735,0,0.44973656480505797,1.0
49,2,baps,0.2,1.0,100,18,12.5,530.3955797979798,0.04407150873817541,0.7098585858585857,58.64783983140148,118.0,31.884,55.58,0.531254835215844,0.5991654393716249,0,0.4410958904109589,1.0
0,2,lt,0.2,0.99,99,19,15.704,539.248530612245,0.05478292209044089,0.8631428571428571,47.9828441504754,120.0,35.028,63.34,0.5272850143605339,0.6124744376278118,0,0.3441504754030591,1.0
1,2,lt,0.2,1.0,100,18,15.208,543.7778464646465,0.05995186367735387,0.9267474747474749,46.583531746031746,116.0,34.28,66.292,0.5309684684684685,0.6015581524763495,0,0.3261904761904762,1.0
2,2,lt,0.2,1.0,100,20,15.188,540.1561171717173,0.05665919503352659,0.8714747474747473,46.49144667370644,117.0,34.656,65.092,0.5208225778695578,0.6157662624035282,0,0.3319957761351637,1.0
3,2,lt,0.2,0.99,99,18,13.628,539.1064,0.062091873322755675,0.8575102040816326,47.01461335498275,115.0,34.112,63.496,0.5213087248322148,0.6063725490196078,0,0.3568094174954333,1.0
4,2,lt,0.2,1.0,100,19,13.956,539.76538989899,0.06123660682751593,0.8688080808080808,46.30691225165563,116.0,34.772,63.556,0.5229773462783172,0.6172236503856041,0,0.34168046357615894,1.0
5,2,lt,0.2,0.97,97,19,14.268,539.16785,0.057307246484452366,0.8515,47.92290342423621,117.0,31.956,61.476,0.5272547076313181,0.6055045871559633,0,0.3580069714988723,1.0
6,2,lt,0.2,1.0,100,21,14.224,540.8644363636364,0.06103213453213453,0.8848484848484848,47.737846524708715,116.0,33.764,64.228,0.529335745670716,0.6036475725661443,0,0.35435918039373243,1.0
7,2,lt,0.2,1.0,100,18,13.072,538.2644242424243,0.0637345449163631,0.8430303030303031,45.697646103896105,114.0,35.828,64.784,0.5195498603581403,0.608684985279686,0,0.34679383116883117,1.0
8,2,lt,0.2,1.0,100,22,16.248,537.5183555555556,0.05079353550359743,0.8328080808080809,45.08190985799547,117.0,36.544,65.596,0.5240664611168209,0.612758813654169,0,0.3171434451533237,1.0
9,2,lt,0.2,1.0,100,21,15.948,537.7308565656566,0.05114029829819304,0.8373737373737374,48.324831667006734,119.0,36.012,63.92,0.5218835644879993,0.6077292245516545,0,0.34931646602734134,1.0
10,2,lt,0.2,1.0,100,22,14.5,540.5061373737375,0.059031600427453694,0.8774141414141414,49.73712183156174,119.0,33.528,62.54,0.5292390700626834,0.6028454304316373,0,0.3640637775960752,1.0
11,2,lt,0.2,1.0,100,22,16.32,540.0486383838385,0.052120877165872,0.8726464646464647,47.6105702364395,118.0,35.292,65.668,0.5217655747675732,0.6113755950889501,0,0.3345916948142261,1.0
12,2,lt,0.2,1.0,100,19,13.856,539.0312727272728,0.060704247604247606,0.8566060606060606,45.475267930750206,115.0,34.852,64.108,0.5240772427279394,0.6145335680160925,0,0.34192085737840067,1.0
13,2,lt,0.2,1.0,100,18,14.144,539.786096969697,0.06012419802419802,0.8617373737373738,46.26870037609695,115.0,33.444,63.888,0.5222718052738337,0.6137579617834394,0,0.3460091934809862,1.0
14,2,lt,0.2,1.0,100,18,14.256,538.3246626262627,0.057666986885168706,0.8484444444444444,47.0321992709599,117.0,34.956,63.66,0.5247468147664162,0.6123315027458812,0,0.3489266909680032,1.0
15,2,lt,0.2,1.0,100,18,13.828,539.6833373737375,0.059447932984029235,0.8635959595959596,46.24641889276035,117.0,34.548,64.908,0.5277321104092758,0.6081663707836673,0,0.3335269066976384,1.0
16,2,lt,0.2,0.82,82,20,14.596,539.7529481481482,0.058301457680542644,0.8686913580246914,47.47334490453756,117.0,27.512,51.736,0.5275779376498801,0.6131687242798354,0,0.345896355070667,1.0
17,2,lt,0.2,0.97,97,20,15.352,542.7528833333333,0.05896778879821159,0.9141666666666667,43.78531997546514,116.0,33.82,65.508,0.5208029197080292,0.6131926121372032,0,0.31690860764669804,1.0
18,2,lt,0.2,1.0,100,20,15.02,538.323385858586,0.05494022317551729,0.8439595959595959,46.391963919639196,116.0,34.536,64.056,0.5230743553367271,0.6092381205203079,0,0.34009840098400984,1.0
19,2,lt,0.2,1.0,100,19,15.484,539.3639434343435,0.054867731034397696,0.8614141414141413,48.13648188913348,117.0,33.844,63.844,0.5301003344481605,0.6099009900990099,0,0.35241144686812087,1.0
20,2,lt,0.2,1.0,100,18,13.892,539.838585858586,0.05989264930949422,0.870060606060606,47.79017949246957,117.0,35.06,64.356,0.5293971513746274,0.6039755351681957,0,0.3486692799669899,1.0
21,2,lt,0.2,1.0,100,18,13.04,541.1536686868687,0.06738265438265438,0.8876767676767676,47.90376655629139,114.0,33.5,63.328,0.5225464190981433,0.6102642276422764,0,0.35947847682119205,1.0
22,2,lt,0.2,0.97,97,17,13.296,538.7061000000001,0.06099512310606061,0.85125,49.465857671740025,115.0,33.216,60.888,0.5267472323164033,0.6033117350611951,0,0.3689839572192513,1.0
23,2,lt,0.2,0.97,97,19,14.996,543.6959291666667,0.06159687365330748,0.9312083333333334,45.116604861969506,116.0,33.032,63.732,0.5283339292098678,0.6055586749017406,0,0.3164400494437577,1.0
24,2,lt,0.2,1.0,100,18,13.716,540.324888888889,0.06113248768132904,0.88,48.66426203938389,117.0,34.164,63.644,0.5271654226696754,0.6053293112116641,0,0.3528953012283096,1.0
25,2,lt,0.2,0.99,99,18,13.824,537.2876693877553,0.05789527377384521,0.8291428571428571,46.90132945575405,114.0,34.152,62.156,0.5247017308015459,0.6091476091476091,0,0.357914416285833,1.0
26,2,lt,0.2,1.0,100,20,16.436,539.012884848485,0.05106960819060923,0.8555959595959596,48.46417636252296,117.0,34.012,64.096,0.5328154299491026,0.6072086293080768,0,0.3533374157991427,1.0
27,2,lt,0.2,1.0,100,19,13.26,541.7005858585859,0.06429016726984642,0.8889292929292928,45.02967471942172,116.0,33.256,65.668,0.5215627480377458,0.6099495313626532,0,0.3359330416587407,1.0
28,2,lt,0.2,1.0,100,18,14.388,537.7721414141415,0.05706684306978424,0.8311111111111111,47.18083832335329,115.0,33.552,62.868,0.5253686578355411,0.610958218663998,0,0.3532934131736527,1.0
29,2,lt,0.2,1.0,100,18,14.508,540.0868646464647,0.05852383158532891,0.8755555555555556,46.49871820153816,115.0,34.632,64.692,0.5315196337383342,0.6002055498458376,0,0.34490238611713664,1.0
30,2,lt,0.2,0.93,93,19,12.672,540.8715260869566,0.06893014226112051,0.8923478260869565,47.949423815620996,115.0,31.872,58.484,0.5290267743306417,0.6050188205771644,0,0.35552710200597526,1.0
31,2,lt,0.2,1.0,100,17,13.172,539.8807434343436,0.0645334645152827,0.8667474747474748,48.577224617796944,115.0,33.46,63.46,0.5272742673217008,0.6018121125417263,0,0.3661309290474324,1.0
32,2,lt,0.2,1.0,100,20,15.264,539.2889171717172,0.055464693621556364,0.8623434343434343,47.08865895719213,117.0,34.932,64.568,0.5227661480817789,0.60558771709036,0,0.3444917833231893,1.0
33,2,lt,0.2,1.0,100,19,14.684,541.314395959596,0.05943291500867258,0.8967272727272727,47.83725864629748,117.0,34.576,64.932,0.5300965850293204,0.5977011494252874,0,0.34330575005304476,1.0
34,2,lt,0.2,1.0,100,18,13.736,539.36338989899,0.0589746892573987,0.8637575757575756,49.370588235294115,117.0,34.18,63.12,0.5306881587104774,0.6009706120248045,0,0.35780933062880327,1.0
35,2,lt,0.2,1.0,100,24,19.768,535.0531636363637,0.0383820271371565,0.7871919191919192,49.140592836558255,122.0,36.38,65.244,0.5226406322640632,0.6145922746781116,0,0.3303828736105393,1.0
36,2,lt,0.2,0.97,97,21,14.968,534.9871041666668,0.05126957560413443,0.7882083333333333,49.90568799665412,117.0,33.324,59.752,0.5311518123994176,0.6100928350392764,0,0.36658301965704726,1.0
37,2,lt,0.2,0.96,96,21,16.644,544.3071200000002,0.05630874974210154,0.9406315789473685,46.1732996420299,119.0,33.896,64.708,0.5233444032037508,0.6082004555808656,0,0.32196251842493157,1.0
38,2,lt,0.2,1.0,100,17,13.64,538.3607111111112,0.06064403392210879,0.850060606060606,49.36047953699876,117.0,34.792,62.536,0.5237673219465034,0.6044520547945206,0,0.3706076891277387,1.0
39,2,lt,0.2,1.0,100,19,14.612,539.8742505050506,0.05837204401856808,0.8686464646464647,45.75942730389191,116.0,35.176,65.724,0.5204770674383934,0.611385495191058,0,0.33534986892518653,1.0
40,2,lt,0.2,1.0,100,18,14.192,542.0608040404042,0.06247285241001819,0.9068282828282829,48.3941427699817,117.0,34.66,64.584,0.5252931909679678,0.6108786610878661,0,0.34614602399837296,1.0
41,2,lt,0.2,1.0,100,19,14.016,537.5281777777778,0.0572974167147964,0.8312323232323232,51.0371670452199,116.0,33.728,61.76,0.5203130203130203,0.6065697091273822,0,0.38344001651868675,1.0
42,2,lt,0.2,1.0,100,17,12.808,540.5880242424242,0.06692794612794613,0.8764040404040404,47.38555667001003,115.0,33.18,63.076,0.5273648368075741,0.6105077039656479,0,0.3542627883650953,1.0
43,2,lt,0.2,0.96,96,20,13.328,538.1330736842107,0.06078391093598523,0.8374315789473685,48.894417729458496,117.0,31.608,58.98,0.5279167969971849,0.6049382716049383,0,0.37361488605477733,1.0
44,2,lt,0.2,1.0,100,19,14.58,537.8547191919193,0.05559735466553649,0.8397575757575757,48.344175645456396,117.0,35.156,63.496,0.5262777822354169,0.5994550408719346,0,0.3537304330148404,1.0
45,2,lt,0.2,1.0,100,17,13.276,541.515090909091,0.06530996326905418,0.8937777777777777,47.30717399920729,116.0,32.832,63.228,0.5276823854594187,0.6119182467372568,0,0.34898929845422116,1.0
46,2,lt,0.2,0.99,99,19,14.94,541.0894734693877,0.05873535139330457,0.8916326530612244,46.50719779136265,116.0,34.312,64.54,0.5276195408251337,0.6006642820643843,0,0.3348451981857622,1.0
47,2,lt,0.2,1.0,100,19,14.304,536.1049494949496,0.054161678487881684,0.8019797979797979,48.22278946293649,116.0,34.26,62.568,0.5239470883381481,0.6148182236539347,0,0.36185419644680417,1.0
48,2,lt,0.2,0.99,99,18,15.608,537.0035061224489,0.052111231614296004,0.8291020408163265,46.552581664910434,118.0,36.992,64.644,0.5223893207164583,0.6121724890829694,0,0.3291886195995785,1.0
49,2,lt,0.2,1.0,100,18,13.616,536.4284202020203,0.057198689209384396,0.813090909090909,48.58798735511064,115.0,34.796,62.516,0.5274258343634116,0.6070019723865878,0,0.3662802950474183,1.0
0,2,ewma,0.2,0.99,99,19,15.22,541.4044448979593,0.059174221554825907,0.8960816326530612,41.454526663910706,115.0,34.696,64.684,0.4888037958877882,0.6732673267326733,0,0.2914427449359239,1.0
1,2,ewma,0.2,1.0,100,18,14.808,546.7335353535354,0.06593115138311217,0.9734141414141413,38.81547619047619,115.0,34.256,68.336,0.486284289276808,0.6882851300029215,0,0.256547619047619,1.0
2,2,ewma,0.2,1.0,100,20,15.396,542.2122666666669,0.05900249732112478,0.9051717171717172,39.93516367476241,115.0,34.876,66.668,0.4907116803800153,0.6781277087546952,0,0.27222808870116155,1.0
3,2,ewma,0.2,0.99,99,18,14.052,541.4418000000001,0.06392261578624123,0.8956734693877552,38.787700426222855,113.0,34.624,65.596,0.48698088332234674,0.6863354037267081,0,0.27745078140856505,1.0
4,2,ewma,0.2,1.0,100,19,14.016,541.8439030303031,0.06455920354155649,0.9021414141414141,40.91618377483444,114.0,35.2,65.384,0.48808855378198446,0.6767116045466561,0,0.2899420529801324,1.0
5,2,ewma,0.2,0.97,97,19,14.968,542.409425,0.06064424734103043,0.9065416666666667,39.443510354726264,115.0,33.304,64.816,0.4853658536585366,0.6784810126582278,0,0.2772196022144761,1.0
6,2,ewma,0.2,1.0,100,21,15.244,543.5564080808081,0.0611977404547064,0.9282828282828282,39.865407794294896,115.0,34.324,66.568,0.48695060783813654,0.6877174203906877,0,0.2740056247488951,1.0
7,2,ewma,0.2,1.0,100,18,13.412,539.9360808080809,0.06501463519645337,0.8697373737373738,40.15056818181818,113.0,35.36,65.472,0.4858670122296914,0.6761465539328722,0,0.2905844155844156,1.0
8,2,ewma,0.2,1.0,100,22,16.58,539.3550020202022,0.052172933312149,0.8612121212121212,40.38526445770735,116.0,35.928,66.364,0.4883602378929482,0.6804597701149425,0,0.271660835562873,1.0
9,2,ewma,0.2,1.0,100,21,15.424,540.8735919191921,0.057875732416496094,0.8868282828282829,39.93368700265252,116.0,36.072,66.176,0.48912154424995913,0.6928987811340752,0,0.27116914915323403,1.0
10,2,ewma,0.2,1.0,100,22,15.492,543.7037696969697,0.06032140851733214,0.9301818181818181,40.15556009811938,116.0,34.776,65.812,0.4888300770607924,0.681783243658724,0,0.27616516762060506,1.0
11,2,ewma,0.2,1.0,100,22,16.476,542.9784929292931,0.055882576703577734,0.918989898989899,39.584343333995626,116.0,34.876,67.328,0.4863224482817576,0.6970015781167807,0,0.26008344923504867,1.0
12,2,ewma,0.2,1.0,100,19,13.932,542.0813616161616,0.0650808385514268,0.9033131313131312,37.87180544105524,114.0,34.7,66.304,0.4887996788438378,0.6914361001317523,0,0.2656636438582028,1.0
13,2,ewma,0.2,1.0,100,18,14.76,541.8097575757575,0.06093673672007006,0.8978585858585859,39.90681153363978,114.0,34.724,66.208,0.4875860964279994,0.6811902231668437,0,0.2799832845800251,1.0
14,2,ewma,0.2,1.0,100,18,13.872,540.7549171717171,0.06404636801107388,0.888121212121212,39.123531794248684,114.0,35.416,65.8,0.4872372976890249,0.6823283737927434,0,0.2804779262859457,1.0
15,2,ewma,0.2,1.0,100,18,13.844,543.5072444444445,0.06708536480354661,0.9263030303030303,36.33894696089818,114.0,35.204,68.192,0.4857484212322922,0.6959280803807509,0,0.24874177313201704,1.0
16,2,ewma,0.2,0.82,82,20,14.368,542.3322518518518,0.06363605427494316,0.9120493827160494,39.624845028514756,114.0,28.308,53.84,0.4881687242798354,0.6858085808580858,0,0.27919662782048105,1.0
17,2,ewma,0.2,0.97,97,20,15.596,544.7281125000001,0.06062054323331897,0.9447916666666666,37.33796769576774,115.0,33.712,66.836,0.4858990479611999,0.6924778761061947,0,0.25127785728889795,1.0
18,2,ewma,0.2,1.0,100,20,15.664,541.2662828282829,0.0570660193473919,0.8932121212121212,38.41164411644117,115.0,35.4,66.748,0.49004934210526313,0.6883008356545961,0,0.26342763427634275,1.0
19,2,ewma,0.2,1.0,100,19,15.472,542.2582707070708,0.05878865277786846,0.9090909090909092,39.636982189313585,115.0,34.784,66.704,0.4866870002473003,0.6867407598862755,0,0.2733640184110466,1.0
20,2,ewma,0.2,1.0,100,18,13.872,542.9926262626263,0.06630224035224035,0.919070707070707,39.34309882401485,114.0,34.664,66.268,0.4886298801858342,0.6813186813186813,0,0.27852279760676707,1.0
21,2,ewma,0.2,1.0,100,18,14.14,543.7489010101011,0.06606217377393848,0.9302626262626263,40.20115894039735,115.0,34.268,65.784,0.4898092287624327,0.6885377611140868,0,0.27855960264900664,1.0
22,2,ewma,0.2,0.97,97,17,13.836,542.5363291666667,0.0661027090964591,0.9140416666666668,39.86877828054298,114.0,33.82,63.976,0.4856028545348934,0.6918207141048367,0,0.28239407651172355,1.0
23,2,ewma,0.2,0.97,97,19,15.36,545.3044041666668,0.062261576355969746,0.9565833333333333,39.180881747012776,115.0,33.28,65.1,0.4901098901098901,0.685037037037037,0,0.2554594149155336,1.0
24,2,ewma,0.2,1.0,100,18,14.176,542.9610585858587,0.06508917585682292,0.9210505050505051,38.603431468122444,114.0,34.412,65.836,0.4890231449965963,0.6955709711846318,0,0.265743809709495,1.0
25,2,ewma,0.2,0.99,99,18,14.776,540.740612244898,0.06015194660281695,0.887673469387755,38.09036144578313,114.0,35.536,65.68,0.4889091210064559,0.688113413304253,0,0.2658911508101371,1.0
26,2,ewma,0.2,1.0,100,20,16.108,541.6454343434344,0.05597906957927598,0.900080808080808,40.13533374157991,115.0,34.792,66.5,0.48809419207451016,0.6849958552086212,0,0.2774035517452541,1.0
27,2,ewma,0.2,1.0,100,19,14.012,545.1967313131314,0.06764092759092759,0.9463030303030302,36.836218375499335,114.0,33.62,68.376,0.48423423423423423,0.6880687563195147,0,0.25889290469849724,1.0
28,2,ewma,0.2,1.0,100,18,14.068,541.0187474747474,0.0629923754696482,0.8843636363636364,37.878443113772455,114.0,34.408,65.912,0.4873100616016427,0.6980392156862745,0,0.26646706586826346,1.0
29,2,ewma,0.2,1.0,100,18,14.788,543.8740323232324,0.06342769648652002,0.9365252525252525,37.5983040820351,114.0,35.264,68.036,0.4860750735166926,0.6854663774403471,0,0.2587260895286926,1.0
30,2,ewma,0.2,0.93,93,19,13.348,543.3517739130435,0.07018879155087594,0.9329565217391305,40.45966709346991,114.0,32.64,60.736,0.48594612681947463,0.6804531085353003,0,0.2825437473324797,1.0
31,2,ewma,0.2,1.0,100,17,13.292,543.4926626262626,0.06974274277910643,0.9257777777777778,38.77910623284986,113.0,34.504,66.904,0.48548615154287617,0.6892129746039728,0,0.27361818894551154,1.0
32,2,ewma,0.2,1.0,100,20,15.416,541.8819474747476,0.058798058737119616,0.9035151515151515,38.58247108947048,115.0,35.084,66.604,0.49098918702442934,0.6887118193891102,0,0.26455670521403934,1.0
33,2,ewma,0.2,1.0,100,19,15.236,544.7127838383839,0.06258800068753628,0.9513939393939393,38.74177806068322,115.0,35.26,67.996,0.49006959769139363,0.6831026528258363,0,0.2609802673456397,1.0
34,2,ewma,0.2,1.0,100,18,14.212,543.3678545454546,0.0652235242970537,0.926909090909091,38.816227180527385,114.0,34.564,66.476,0.48811286249238006,0.6892237702587433,0,0.2653144016227181,1.0
35,2,ewma,0.2,1.0,100,24,18.68,537.6061818181819,0.044657406383042,0.8297777777777778,41.41601482091396,118.0,36.148,66.668,0.48927785923753664,0.683043738765728,0,0.27212844792095514,1.0
36,2,ewma,0.2,0.97,97,21,15.58,538.2816000000001,0.05437929254500946,0.845625,41.658720200752825,115.0,34.016,62.312,0.48888552850446093,0.6848906560636183,0,0.2902551233793392,1.0
37,2,ewma,0.2,0.96,96,21,16.216,546.5212252631578,0.060293910228058835,0.9749052631578947,38.565171615076856,117.0,33.564,65.864,0.48773711438972983,0.6932367149758454,0,0.24994735733838702,1.0
38,2,ewma,0.2,1.0,100,17,13.64,541.6308404040404,0.06642156855819958,0.9044444444444446,39.825547747002894,114.0,35.7,65.504,0.4879284413836777,0.6896819239720714,0,0.2798677139313766,1.0
39,2,ewma,0.2,1.0,100,19,14.452,542.201688888889,0.06293817794406029,0.9081616161616162,39.29703569267998,114.0,35.22,67.14,0.4851339671564391,0.6807065217391305,0,0.2770719903206292,1.0
40,2,ewma,0.2,1.0,100,18,14.184,544.8684121212123,0.06732761138643491,0.950909090909091,39.743949562741506,114.0,34.984,66.888,0.48840617188173435,0.6889558783228281,0,0.2733374008541794,1.0
41,2,ewma,0.2,1.0,100,19,14.404,540.8583393939393,0.06159771731536438,0.8869494949494949,41.06297749328928,114.0,34.68,64.82,0.48800262058799443,0.6859329638427025,0,0.28845756762337393,1.0
42,2,ewma,0.2,1.0,100,17,13.964,543.2569939393939,0.06638706562797472,0.9243636363636364,38.89448345035105,114.0,34.96,66.192,0.48704918032786887,0.6886842105263158,0,0.27181544633901705,1.0
43,2,ewma,0.2,0.96,96,20,14.0,541.8879073684211,0.0646849946888337,0.8999157894736842,39.7043696424838,115.0,32.756,62.484,0.48832729794283075,0.6863964188012932,0,0.28538574116663185,1.0
44,2,ewma,0.2,1.0,100,19,14.796,540.7614262626263,0.060063405693797846,0.8875959595959596,38.87965033543403,115.0,35.892,66.208,0.4856669035773513,0.6846494657284337,0,0.2671274649318967,1.0
45,2,ewma,0.2,1.0,100,17,13.684,544.3429050505051,0.06884558034558035,0.9406464646464646,39.16448672215616,114.0,33.856,66.036,0.4871202113606341,0.6887860082304527,0,0.27526753864447084,1.0
46,2,ewma,0.2,0.99,99,19,15.204,543.3497632653061,0.061073188616105785,0.9273877551020409,39.436600276079666,115.0,34.42,66.244,0.48554667573541915,0.687800963081862,0,0.26641688029974364,1.0
47,2,ewma,0.2,1.0,100,19,14.644,540.0515797979799,0.05932626763214999,0.8665050505050504,39.656115989381256,114.0,34.96,65.952,0.487890830021744,0.6879654095604132,0,0.27915050030631,1.0
48,2,ewma,0.2,0.99,99,18,14.824,539.1863755102041,0.058439322035840645,0.8634693877551021,39.82276080084299,115.0,36.652,65.86,0.4894310301612499,0.6771452846219201,0,0.2756585879873551,1.0
49,2,ewma,0.2,1.0,100,18,14.352,539.6298303030303,0.0604412942177648,0.8656969696969696,40.30010537407798,114.0,35.344,65.244,0.49012882079426784,0.6779180623550631,0,0.2874604847207587,1.0
0,2,oracle,0.2,0.99,99,19,10.264,532.6120938775512,0.06300271825679989,0.6471020408163265,8.433443571723853,12.0,0.0,34.228,1.0,1.0,0,0.0,1.0
1,2,oracle,0.2,1.0,100,18,10.832,538.3913535353537,0.06782202847657394,0.7345454545454546,9.475793650793651,13.0,0.0,38.416,1.0,1.0,0,0.0,1.0
2,2,oracle,0.2,1.0,100,20,10.628,533.5744484848485,0.06216716504595292,0.6619393939393938,8.593664202745511,12.0,0.0,35.952,1.0,1.0,0,0.0,1.0
3,2,oracle,0.2,0.99,99,18,10.06,533.1447755102042,0.06508699543087297,0.6555102040816326,7.529125228333672,11.0,0.0,35.496,1.0,1.0,0,0.0,1.0
4,2,oracle,0.2,1.0,100,19,9.676,533.2513010101011,0.06783065038216553,0.6566060606060605,8.235927152317881,11.0,0.0,34.556,1.0,1.0,0,0.0,1.0
5,2,oracle,0.2,0.97,97,19,10.86,534.3192375000001,0.06185758038258038,0.673375,8.307771170801722,12.0,0.0,35.772,1.0,1.0,0,0.0,1.0
6,2,oracle,0.2,1.0,100,21,10.324,534.9768969696972,0.06610039096705764,0.683070707070707,8.3023302531137,11.0,0.0,36.648,1.0,1.0,0,0.0,1.0
7,2,oracle,0.2,1.0,100,18,9.38,531.8749090909092,0.06771822408792105,0.6361616161616162,7.404220779220779,11.0,0.0,34.656,1.0,1.0,0,0.0,1.0
8,2,oracle,0.2,1.0,100,22,10.992,530.9195676767677,0.05654334161909919,0.6219797979797981,8.30788228030459,12.0,0.0,34.748,1.0,1.0,0,0.0,1.0
9,2,oracle,0.2,1.0,100,21,10.048,532.0013575757577,0.06343351620321318,0.63789898989899,8.386247704550092,12.0,0.0,34.272,1.0,1.0,0,0.0,1.0
10,2,oracle,0.2,1.0,100,22,10.376,534.8695595959597,0.06584589675195737,0.680929292929293,8.82767784137367,12.0,0.0,35.2,1.0,1.0,0,0.0,1.0
11,2,oracle,0.2,1.0,100,22,11.364,533.9760282828285,0.058644141716868985,0.6681212121212121,9.040135108285316,13.0,0.0,36.5,1.0,1.0,0,0.0,1.0
12,2,oracle,0.2,1.0,100,19,9.74,533.0846707070707,0.06707937427331367,0.6544646464646464,7.590684253915911,11.0,0.0,35.456,1.0,1.0,0,0.0,1.0
13,2,oracle,0.2,1.0,100,18,10.552,533.269591919192,0.062182675685705985,0.6572525252525253,8.334517342248224,12.0,0.0,35.552,1.0,1.0,0,0.0,1.0
14,2,oracle,0.2,1.0,100,18,9.916,531.9756484848485,0.0641652163773376,0.6377373737373738,7.601660591332523,11.0,0.0,34.86,1.0,1.0,0,0.0,1.0
15,2,oracle,0.2,1.0,100,18,9.988,534.4058828282829,0.06758853155822854,0.6746666666666666,7.879597367402245,11.0,0.0,36.896,1.0,1.0,0,0.0,1.0
16,2,oracle,0.2,0.82,82,20,10.0,533.3828197530866,0.0657939488495044,0.6589135802469136,7.981899330523183,11.0,0.0,29.036,1.0,1.0,0,0.0,1.0
17,2,oracle,0.2,0.97,97,20,11.388,536.3562000000001,0.06166182821807822,0.7043333333333334,8.488039255775915,12.0,0.0,37.44,1.0,1.0,0,0.0,1.0
18,2,oracle,0.2,1.0,100,20,11.004,532.2731434343435,0.05832181757636303,0.6423838383838385,8.186141861418614,12.0,0.0,35.444,1.0,1.0,0,0.0,1.0
19,2,oracle,0.2,1.0,100,19,10.92,533.4523434343436,0.06037406499224681,0.6602020202020202,8.313588152891736,12.0,0.0,36.164,1.0,1.0,0,0.0,1.0
20,2,oracle,0.2,1.0,100,18,9.952,534.4083030303029,0.06761923418893116,0.6743434343434344,8.014029296472044,11.0,0.0,35.94,1.0,1.0,0,0.0,1.0
21,2,oracle,0.2,1.0,100,18,10.06,534.8847030303032,0.06779707890313952,0.6812929292929292,8.907491721854305,12.0,0.0,35.568,1.0,1.0,0,0.0,1.0
22,2,oracle,0.2,0.97,97,17,10.208,533.8777166666667,0.0651183016058016,0.6662916666666667,8.2420814479638,11.0,0.0,34.448,1.0,1.0,0,0.0,1.0
23,2,oracle,0.2,0.97,97,19,11.208,536.2249958333334,0.062418794631294634,0.70175,9.720024721878863,12.0,0.0,35.812,1.0,1.0,0,0.0,1.0
24,2,oracle,0.2,1.0,100,18,10.008,534.4819030303031,0.06739098051219264,0.6754747474747475,8.058100994345876,11.0,0.0,36.036,1.0,1.0,0,0.0,1.0
25,2,oracle,0.2,0.99,99,18,10.44,531.5559918367348,0.06035180012731033,0.6313877551020408,7.992729538845035,11.0,0.0,34.232,1.0,1.0,0,0.0,1.0
26,2,oracle,0.2,1.0,100,20,12.036,532.8528121212122,0.05396613734189491,0.6512323232323232,8.951826903449684,13.0,0.0,36.036,1.0,1.0,0,0.0,1.0
27,2,oracle,0.2,1.0,100,19,10.42,537.9128606060607,0.06975593508623812,0.7278383838383838,8.081415255849343,12.0,0.0,39.516,1.0,1.0,0,0.0,1.0
28,2,oracle,0.2,1.0,100,18,10.284,532.5988484848485,0.06288260258260259,0.6472727272727273,7.8508982035928145,11.0,0.0,35.556,1.0,1.0,0,0.0,1.0
29,2,oracle,0.2,1.0,100,18,10.968,535.079696969697,0.06233431809492416,0.6848484848484847,8.348649181620981,12.0,0.0,37.308,1.0,1.0,0,0.0,1.0
30,2,oracle,0.2,0.93,93,19,9.008,533.5895739130436,0.07324067538741451,0.6615652173913042,8.190994451557831,10.0,0.0,31.928,1.0,1.0,0,0.0,1.0
31,2,oracle,0.2,1.0,100,17,9.732,535.1733737373737,0.0705106199075896,0.686060606060606,8.049980399843198,11.0,0.0,36.824,1.0,1.0,0,0.0,1.0
32,2,oracle,0.2,1.0,100,20,10.704,532.8839272727272,0.060682860798012314,0.6515555555555557,8.099005883546358,12.0,0.0,35.664,1.0,1.0,0,0.0,1.0
33,2,oracle,0.2,1.0,100,19,11.128,535.2072565656566,0.061612986003895094,0.6865858585858586,8.952471886272013,12.0,0.0,36.88,1.0,1.0,0,0.0,1.0
34,2,oracle,0.2,1.0,100,18,10.532,534.5692686868687,0.06422650357498841,0.6768484848484849,8.72839756592292,12.0,0.0,36.232,1.0,1.0,0,0.0,1.0
35,2,oracle,0.2,1.0,100,24,12.444,530.1664000000002,0.049349156971565264,0.6109898989898991,8.858377933305887,14.0,0.0,35.328,1.0,1.0,0,0.0,1.0
36,2,oracle,0.2,0.97,97,21,10.568,529.2446166666667,0.05658758960946462,0.5964166666666667,8.375784190715182,12.0,0.0,32.048,1.0,1.0,0,0.0,1.0
37,2,oracle,0.2,0.96,96,21,11.24,537.61976,0.06415184055710371,0.7229052631578947,9.39882080437987,13.0,0.0,36.46,1.0,1.0,0,0.0,1.0
38,2,oracle,0.2,1.0,100,17,9.604,531.9765656565658,0.06626674974856793,0.6373737373737374,8.211657709797437,11.0,0.0,33.856,1.0,1.0,0,0.0,1.0
39,2,oracle,0.2,1.0,100,19,10.264,533.6702262626262,0.06454133128375551,0.6635555555555556,7.779794313369631,11.0,0.0,36.46,1.0,1.0,0,0.0,1.0
40,2,oracle,0.2,1.0,100,18,9.9,535.463094949495,0.06964049328897813,0.6900202020202019,8.789099044132602,12.0,0.0,35.888,1.0,1.0,0,0.0,1.0
41,2,oracle,0.2,1.0,100,19,9.884,532.0519353535354,0.06451959499535258,0.6386666666666667,8.067313648564939,11.0,0.0,34.312,1.0,1.0,0,0.0,1.0
42,2,oracle,0.2,1.0,100,17,9.916,534.4148929292929,0.06788552872492266,0.6742626262626262,8.326980942828486,11.0,0.0,35.464,1.0,1.0,0,0.0,1.0
43,2,oracle,0.2,0.96,96,20,9.432,532.88872,0.06914828925460505,0.6512842105263158,7.739075893790508,11.0,0.0,33.348,1.0,1.0,0,0.0,1.0
44,2,oracle,0.2,1.0,100,19,10.064,531.5849171717173,0.06277848705727494,0.6317575757575757,7.977434437893881,11.0,0.0,34.42,1.0,1.0,0,0.0,1.0
45,2,oracle,0.2,1.0,100,17,9.976,535.9266949494951,0.06987382348291439,0.6972121212121213,8.289734443123265,11.0,0.0,36.668,1.0,1.0,0,0.0,1.0
46,2,oracle,0.2,0.99,99,19,10.7,534.3567510204082,0.06281967273089722,0.6737551020408163,8.578584105699074,12.0,0.0,36.048,1.0,1.0,0,0.0,1.0
47,2,oracle,0.2,1.0,100,19,10.36,531.9540040404041,0.061468894068894074,0.6374949494949494,7.9030018378599145,11.0,0.0,35.072,1.0,1.0,0,0.0,1.0
48,2,oracle,0.2,0.99,99,18,9.976,530.1145591836735,0.06120429774307325,0.6096326530612246,7.877555321390938,11.0,0.0,33.428,1.0,1.0,0,0.0,1.0
49,2,oracle,0.2,1.0,100,18,10.348,531.2823474747476,0.06054412052593871,0.6271919191919192,7.87418335089568,11.0,0.0,34.252,1.0,1.0,0,0.0,1.0
0,2,csma,0.2,0.99,99,19,19.0,1494.5762816326535,1.0,19.0,29.481134286383877,113.0,nan,nan,nan,nan,0,0.0,0.8597622405802942
1,2,csma,0.2,1.0,100,18,18.0,1442.0466303030303,1.0,18.0,38.48790413746326,116.0,nan,nan,nan,nan,0,0.0,0.8978887535525781
2,2,csma,0.2,1.0,100,20,20.0,1546.4726101010103,1.0,20.0,30.79877077168222,115.0,nan,nan,nan,nan,0,0.0,0.88873153955088
3,2,csma,0.2,0.99,99,18,18.0,1443.394436734694,1.0,18.0,34.40695396669931,114.0,nan,nan,nan,nan,0,0.0,0.80362062180244
4,2,csma,0.2,1.0,100,19,19.0,1496.0912000000003,1.0,19.0,27.69145420207743,111.0,nan,nan,nan,nan,0,0.0,0.863784665579119
5,2,csma,0.2,0.97,97,19,19.0,1486.4196875000005,1.0,19.0,29.31018753167765,115.0,nan,nan,nan,nan,0,0.0,0.8337206845552504
6,2,csma,0.2,1.0,100,21,21.0,1579.8929858585861,1.0,21.0,22.52689565780946,110.0,nan,nan,nan,nan,0,0.0,0.9088945611623798
7,2,csma,0.2,1.0,100,18,18.0,1437.7756040404042,1.0,18.0,33.09197080291971,115.0,nan,nan,nan,nan,0,0.0,0.8318154219793564
8,2,csma,0.2,1.0,100,22,22.0,1634.8271515151516,1.0,22.0,22.043267006015732,109.0,nan,nan,nan,nan,0,0.0,0.8807825555329122
9,2,csma,0.2,1.0,100,21,21.0,1589.191854545455,1.0,21.0,22.855284181693676,110.0,nan,nan,nan,nan,0,0.0,0.891353001017294
10,2,csma,0.2,1.0,100,22,22.0,1628.0580242424244,1.0,22.0,21.34124694919015,106.0,nan,nan,nan,nan,0,0.0,0.9130875202593193
11,2,csma,0.2,1.0,100,22,22.0,1631.604767676768,1.0,22.0,23.758811793393924,108.0,nan,nan,nan,nan,0,0.0,0.901118657610867
12,2,csma,0.2,1.0,100,19,19.0,1486.9687676767678,1.0,19.0,24.342462433349493,112.0,nan,nan,nan,nan,0,0.0,0.8372564935064936
13,2,csma,0.2,1.0,100,18,18.0,1446.133466666667,1.0,18.0,34.95527156549521,115.0,nan,nan,nan,nan,0,0.0,0.8236842105263158
14,2,csma,0.2,1.0,100,18,18.0,1434.7960000000003,1.0,18.0,30.151743883394065,115.0,nan,nan,nan,nan,0,0.0,0.789560213727908
15,2,csma,0.2,1.0,100,18,18.0,1431.6080404040406,1.0,18.0,29.838580576307365,112.0,nan,nan,nan,nan,0,0.0,0.7570187840840235
16,2,csma,0.2,0.82,82,20,20.0,1539.605851851852,1.0,20.0,23.876215505913272,110.0,nan,nan,nan,nan,0,0.0,0.927822482321385
17,2,csma,0.2,0.97,97,20,20.0,1540.584929166667,1.0,20.0,26.7044220325834,113.0,nan,nan,nan,nan,0,0.0,0.8153067678684377
18,2,csma,0.2,1.0,100,20,20.0,1532.6271111111114,1.0,20.0,23.46496651210716,111.0,nan,nan,nan,nan,0,0.0,0.7961443806398687
19,2,csma,0.2,1.0,100,19,19.0,1487.8357535353541,1.0,19.0,31.671666666666667,114.0,nan,nan,nan,nan,0,0.0,0.822239624119029
20,2,csma,0.2,1.0,100,18,18.0,1438.8565494949498,1.0,18.0,33.785328532853285,114.0,nan,nan,nan,nan,0,0.0,0.9045389782210462
21,2,csma,0.2,1.0,100,18,18.0,1444.717890909091,1.0,18.0,37.77193763919822,116.0,nan,nan,nan,nan,0,0.0,0.8856015779092702
22,2,csma,0.2,0.97,97,17,17.0,1387.8436625000002,1.0,17.0,37.366444866920155,114.0,nan,nan,nan,nan,0,0.0,0.9002995293110826
23,2,csma,0.2,0.97,97,19,19.0,1496.2336250000005,1.0,19.0,32.49365921143648,114.19999999999982,nan,nan,nan,nan,0,0.0,0.8894585726004922
24,2,csma,0.2,1.0,100,18,18.0,1446.4763393939397,1.0,18.0,31.862092703074804,113.0,nan,nan,nan,nan,0,0.0,0.8523371797379229
25,2,csma,0.2,0.99,99,18,18.0,1440.3397959183676,1.0,18.0,31.247002997002998,114.0,nan,nan,nan,nan,0,0.0,0.8279569892473119
26,2,csma,0.2,1.0,100,20,20.0,1537.8192121212126,1.0,20.0,28.686698176907495,114.0,nan,nan,nan,nan,0,0.0,0.8877122877122877
27,2,csma,0.2,1.0,100,19,19.0,1483.6082101010102,1.0,19.0,30.710036275695284,114.0,nan,nan,nan,nan,0,0.0,0.8265040975414751
28,2,csma,0.2,1.0,100,18,18.0,1440.4467191919196,1.0,18.0,33.18210098109596,115.0,nan,nan,nan,nan,0,0.0,0.8351318944844125
29,2,csma,0.2,1.0,100,18,18.0,1437.080888888889,1.0,18.0,34.23075089392133,115.0,nan,nan,nan,nan,0,0.0,0.8435551980695757
30,2,csma,0.2,0.93,93,19,19.0,1483.0025565217393,1.0,19.0,25.441402497598464,112.0,nan,nan,nan,nan,0,0.0,0.9305027932960894
31,2,csma,0.2,1.0,100,17,17.0,1387.2649535353537,1.0,17.0,40.47974217311234,117.0,nan,nan,nan,nan,0,0.0,0.8612212529738303
32,2,csma,0.2,1.0,100,20,20.0,1538.6434141414145,1.0,20.0,26.49203049203049,113.0,nan,nan,nan,nan,0,0.0,0.869277108433735
33,2,csma,0.2,1.0,100,19,19.0,1491.3391353535355,1.0,19.0,30.932509270704575,113.0,nan,nan,nan,nan,0,0.0,0.8189916987244381
34,2,csma,0.2,1.0,100,18,18.0,1439.91376969697,1.0,18.0,34.27147133317983,115.0,nan,nan,nan,nan,0,0.0,0.8834418226200162
35,2,csma,0.2,1.0,100,24,24.0,1726.9849373737375,1.0,24.0,19.75053969776925,105.0,nan,nan,nan,nan,0,0.0,0.8473577235772358
36,2,csma,0.2,0.97,97,21,21.0,1587.2024583333334,1.0,21.0,24.10246095598675,111.0,nan,nan,nan,nan,0,0.0,0.8848408710217756
37,2,csma,0.2,0.96,96,21,21.0,1588.0472252631582,1.0,21.0,25.88054298642534,110.0,nan,nan,nan,nan,0,0.0,0.9147350993377483
38,2,csma,0.2,1.0,100,17,17.0,1395.0502383838386,1.0,17.0,39.34193548387097,116.0,nan,nan,nan,nan,0,0.0,0.9067984668146056
39,2,csma,0.2,1.0,100,19,19.0,1490.2697616161618,1.0,19.0,31.643897538925163,115.0,nan,nan,nan,nan,0,0.0,0.7989566613162119
40,2,csma,0.2,1.0,100,18,18.0,1448.6466383838385,1.0,18.0,39.98815931108719,117.0,nan,nan,nan,nan,0,0.0,0.9111416241663397
41,2,csma,0.2,1.0,100,19,19.0,1487.0671232323234,1.0,19.0,29.347099977431732,113.0,nan,nan,nan,nan,0,0.0,0.8942482341069626
42,2,csma,0.2,1.0,100,17,17.0,1390.2099191919194,1.0,17.0,36.68728363720286,115.0,nan,nan,nan,nan,0,0.0,0.8945086705202312
43,2,csma,0.2,0.96,96,20,20.0,1533.8225515789475,1.0,20.0,25.298419438546826,113.0,nan,nan,nan,nan,0,0.0,0.9026831345826235
44,2,csma,0.2,1.0,100,19,19.0,1493.0203353535355,1.0,19.0,26.75481520041645,112.0,nan,nan,nan,nan,0,0.0,0.7657962926051425
45,2,csma,0.2,1.0,100,17,17.0,1393.9623515151518,1.0,17.0,37.73598130841121,115.0,nan,nan,nan,nan,0,0.0,0.8268933539412674
46,2,csma,0.2,0.99,99,19,19.0,1488.734497959184,1.0,19.0,29.332389046270066,114.0,nan,nan,nan,nan,0,0.0,0.8680327868852459
47,2,csma,0.2,1.0,100,19,19.0,1489.5533696969699,1.0,19.0,31.504750593824227,115.0,nan,nan,nan,nan,0,0.0,0.8625281704568736
48,2,csma,0.2,0.99,99,18,18.0,1440.3183795918371,1.0,18.0,34.32476046394352,115.0,nan,nan,nan,nan,0,0.0,0.8012121212121213
49,2,csma,0.2,1.0,100,18,18.0,1433.666771717172,1.0,18.0,30.19560544542632,114.0,nan,nan,nan,nan,0,0.0,0.8713839750260146
0,2,bsps_ack,0.2,0.99,99,19,15.556,589.266187755102,0.06014153367535563,0.9316734693877552,33.126498553121124,115.0,35.768,67.048,0.465726467694326,0.765053460889139,0,0.20463001240181894,1.0
1,2,bsps_ack,0.2,1.0,100,18,15.008,591.8017898989899,0.06694661710838182,1.0026262626262625,31.495039682539684,115.0,35.008,70.204,0.4657272727272727,0.7692307692307693,0,0.18194444444444444,1.0
2,2,bsps_ack,0.2,1.0,100,20,15.688,589.0484404040405,0.06005702130113894,0.9407676767676767,32.32946145723337,115.0,35.856,68.964,0.46800134025799967,0.7678140096618358,0,0.1928194297782471,1.0
3,2,bsps_ack,0.2,0.99,99,18,14.328,588.5960040816327,0.06509827183620702,0.931469387755102,31.31276638928354,114.0,35.36,67.788,0.46471544715447155,0.7659459459459459,0,0.1999188146945403,1.0
4,2,bsps_ack,0.2,1.0,100,19,14.42,589.6916202020203,0.06515796915502799,0.9362020202020203,31.7148178807947,114.0,35.984,67.576,0.4673450070989115,0.7687569988801791,0,0.1945364238410596,1.0
5,2,bsps_ack,0.2,0.97,97,19,15.172,588.7130666666668,0.062144177350427356,0.9406666666666668,31.651220012302645,114.0,34.384,67.104,0.46345568200032056,0.7619300106044539,0,0.19725240926799262,1.0
6,2,bsps_ack,0.2,1.0,100,21,15.512,590.0220888888889,0.062309243038809595,0.9624242424242425,31.492969063881077,115.0,35.072,68.66,0.46749665775401067,0.7802944507361268,0,0.18722378465247086,1.0
7,2,bsps_ack,0.2,1.0,100,18,13.756,587.6948727272728,0.06554598371523505,0.8994343434343434,32.61363636363637,113.0,36.3,67.552,0.4639125927107425,0.7563998922123417,0,0.21245941558441558,1.0
8,2,bsps_ack,0.2,1.0,100,22,16.952,586.9300040404041,0.05270935768546707,0.891959595959596,32.93949372298827,116.0,36.9,68.468,0.46687275461609157,0.7616580310880829,0,0.19366124717019964,1.0
9,2,bsps_ack,0.2,1.0,100,21,15.744,588.5534828282828,0.058336610940945305,0.9136161616161617,33.37400530503979,116.0,36.968,68.068,0.4653113907712165,0.7622086570477248,0,0.20240767190369313,1.0
10,2,bsps_ack,0.2,1.0,100,22,16.024,591.0851959595959,0.060596951702885656,0.9663030303030302,32.4227309893704,116.0,35.848,68.224,0.4663952684537983,0.7673545966228893,0,0.19480784955028618,1.0
11,2,bsps_ack,0.2,1.0,100,22,16.624,589.183785858586,0.05717340310379526,0.9485252525252525,32.584740711305386,116.0,35.628,69.112,0.4656263180092788,0.7772290809327846,0,0.18935028809854956,1.0
12,2,bsps_ack,0.2,1.0,100,19,14.272,588.8986101010101,0.06568066439733107,0.9337373737373738,30.811830173124484,113.0,35.732,68.404,0.46657669101302,0.7665571975916804,0,0.19311624072547404,1.0
13,2,bsps_ack,0.2,1.0,100,18,14.88,588.7862505050505,0.06268798630563337,0.931070707070707,31.800041788549937,114.0,35.824,68.508,0.4670606776989756,0.7626404494382022,0,0.19765984120351024,1.0
14,2,bsps_ack,0.2,1.0,100,18,14.28,588.5500363636365,0.06474206860677449,0.9234343434343434,31.773997569866342,114.0,36.576,68.2,0.4656858846918489,0.7643537414965986,0,0.20271364925070878,1.0
15,2,bsps_ack,0.2,1.0,100,18,14.136,589.1163030303031,0.0673653328153328,0.950060606060606,29.98277197057685,113.0,35.9,69.8,0.4660080375083724,0.7736220472440944,0,0.18234610917537747,1.0
16,2,bsps_ack,0.2,0.82,82,20,14.704,589.5985975308641,0.06458923798705933,0.9476543209876542,31.74014381353831,114.0,29.2,55.752,0.466423579459131,0.767813694820994,0,0.19637986610463676,1.0
17,2,bsps_ack,0.2,0.97,97,20,15.888,589.6392041666667,0.06120237683748714,0.9716666666666667,31.065835207524024,115.0,34.284,68.456,0.46401062416998673,0.7643994211287989,0,0.18585156409732162,1.0
18,2,bsps_ack,0.2,1.0,100,20,15.824,588.1571797979799,0.05836085061595898,0.9215353535353535,30.498564985649857,114.0,36.2,68.616,0.4694273697832417,0.7752510336680449,0,0.18306683066830667,1.0
19,2,bsps_ack,0.2,1.0,100,19,15.776,588.9304161616161,0.059803376833769,0.9421414141414141,31.470482289373624,115.0,35.752,68.856,0.46622387817916733,0.7733990147783252,0,0.18871322793676207,1.0
20,2,bsps_ack,0.2,1.0,100,18,14.04,589.9361454545455,0.06800161505161506,0.953979797979798,31.06333814730761,113.0,35.628,68.564,0.4679466580976864,0.7759009009009009,0,0.19475964514132454,1.0
21,2,bsps_ack,0.2,1.0,100,18,14.408,590.8041252525253,0.06728497747713433,0.9653333333333334,31.801324503311257,114.0,35.488,68.204,0.4681175714744619,0.7762119503945885,0,0.19225993377483444,1.0
22,2,bsps_ack,0.2,0.97,97,17,14.108,589.7629375,0.0671067632020757,0.9463333333333334,32.655697243932536,113.0,34.844,66.08,0.4638036809815951,0.7655629139072848,0,0.20732208967503085,1.0
23,2,bsps_ack,0.2,0.97,97,19,15.608,591.5757208333334,0.06378972735461706,0.995375,31.39513803049032,115.0,34.28,67.5,0.46750086896072296,0.7717458359037631,0,0.1753193242686444,1.0
24,2,bsps_ack,0.2,1.0,100,18,14.496,589.9661656565656,0.06596894017384212,0.9545858585858585,32.05849093390525,114.0,35.244,67.948,0.4656866862662747,0.7682892906815021,0,0.19672450770130628,1.0
25,2,bsps_ack,0.2,0.99,99,18,15.12,588.3476408163267,0.06076570617257893,0.9183673469387755,30.971956792687994,114.0,36.508,67.732,0.4673087911190923,0.7725064304086882,0,0.19110926464478603,1.0
26,2,bsps_ack,0.2,1.0,100,20,16.608,588.4551353535354,0.0561688504363427,0.9323232323232323,33.347417840375584,115.0,35.88,68.64,0.463982683982684,0.7582608695652174,0,0.20555215350071443,1.0
27,2,bsps_ack,0.2,1.0,100,19,14.336,589.9279797979798,0.06863445247562895,0.9804040404040404,29.299220087502377,113.0,34.084,70.344,0.4643405562190752,0.7784542085759661,0,0.18185276773825376,1.0
28,2,bsps_ack,0.2,1.0,100,18,14.36,587.8780606060607,0.06386156523215347,0.9152727272727272,30.759880239520957,113.0,35.396,68.044,0.46643452911166894,0.7745823062174747,0,0.19221556886227545,1.0
29,2,bsps_ack,0.2,1.0,100,18,15.116,589.8395515151516,0.06403682211035153,0.9671515151515151,30.76237428515086,114.0,35.82,69.856,0.4655304644226672,0.7689900426742532,0,0.18753697495563004,1.0
30,2,bsps_ack,0.2,0.93,93,19,13.724,591.2871956521741,0.07068388438429998,0.9679130434782609,32.005335040546306,114.0,33.736,62.892,0.4666337529828026,0.7734222963580761,0,0.1946222791293214,1.0
31,2,bsps_ack,0.2,1.0,100,17,13.628,589.7908242424244,0.07029809163900073,0.9565656565656566,31.520188161505292,113.0,35.404,68.896,0.46382386642658374,0.7670544685351666,0,0.197765582124657,1.0
32,2,bsps_ack,0.2,1.0,100,20,15.532,588.7917373737375,0.060372446337823016,0.9357979797979796,31.827145465611686,115.0,35.948,68.656,0.4661755386565273,0.7650303364589078,0,0.19578007709474538,1.0
33,2,bsps_ack,0.2,1.0,100,19,15.536,590.8303717171717,0.0635093060534237,0.9846464646464647,30.812221514958626,114.0,35.912,69.98,0.46982614510197257,0.7766281192939745,0,0.17907914279652026,1.0
34,2,bsps_ack,0.2,1.0,100,18,14.508,589.9894303030304,0.06613842791195733,0.9583434343434344,32.16247464503043,114.0,35.524,68.58,0.46599604505201614,0.7658058771148709,0,0.19634888438133874,1.0
35,2,bsps_ack,0.2,1.0,100,24,19.156,585.3676808080809,0.045731320080948684,0.8725252525252526,33.417455743104156,118.0,36.668,69.232,0.4669862518089725,0.7708202880400752,0,0.1879374228077398,1.0
36,2,bsps_ack,0.2,0.97,97,21,15.744,586.8017125,0.055877404444683865,0.87725,32.862400669176075,115.0,35.212,64.488,0.4680280220599195,0.7745302713987474,0,0.20054370556252615,1.0
37,2,bsps_ack,0.2,0.96,96,21,16.612,591.810825263158,0.06061495370362081,1.0029052631578947,32.304695725415876,116.0,34.064,67.484,0.46507004922377887,0.7705586942875079,0,0.18424931564539904,1.0
38,2,bsps_ack,0.2,1.0,100,17,13.984,589.6894262626262,0.06705150215203692,0.9358383838383838,32.19656883009508,114.0,36.668,67.584,0.4670883110798782,0.7711887354454373,0,0.2007027697395618,1.0
39,2,bsps_ack,0.2,1.0,100,19,14.868,588.7761939393939,0.06337860494625201,0.9408080808080809,32.185117967332125,114.0,35.712,69.08,0.46444084830934335,0.7606155599886008,0,0.20185521274450494,1.0
40,2,bsps_ack,0.2,1.0,100,18,14.384,591.440787878788,0.06842290420347462,0.9802424242424242,31.97986577181208,114.0,35.94,68.872,0.46662703804347827,0.7746113989637305,0,0.19280048810250153,1.0
41,2,bsps_ack,0.2,1.0,100,19,14.704,588.7619434343436,0.06261650659698788,0.9197575757575759,33.530662812306424,114.0,35.92,67.124,0.4663061899765959,0.7675256303685232,0,0.2104067726615734,1.0
42,2,bsps_ack,0.2,1.0,100,17,14.192,590.4998545454545,0.06786537101242984,0.9605656565656566,30.585957873620863,114.0,35.88,68.512,0.46827186342406185,0.7802903405918481,0,0.18575727181544635,1.0
43,2,bsps_ack,0.2,0.96,96,20,14.524,589.2400673684213,0.06471332476894315,0.9330105263157895,30.56199038260506,114.0,34.144,64.848,0.4678530859522908,0.7760210803689065,0,0.19130252979301693,1.0
44,2,bsps_ack,0.2,1.0,100,19,15.1,588.5430626262627,0.06111521717207992,0.9212929292929293,30.58894084163448,114.0,36.816,68.408,0.4684095860566449,0.7763157894736842,0,0.18133767025818257,1.0
45,2,bsps_ack,0.2,1.0,100,17,13.92,591.1177939393939,0.07057010767010766,0.980848484848485,31.731272294887038,114.0,35.044,68.644,0.4644020853698273,0.7647690655209453,0,0.19758224336107807,1.0
46,2,bsps_ack,0.2,0.99,99,19,15.548,589.7437102040816,0.06160400244346823,0.956530612244898,32.122461053046734,115.0,35.228,68.088,0.46554031448645034,0.7717268623024831,0,0.18950897258923288,1.0
47,2,bsps_ack,0.2,1.0,100,19,14.964,587.2267070707071,0.06009886359102045,0.8972121212121212,32.228098836022056,114.0,35.976,68.16,0.4654585798816568,0.7638190954773869,0,0.20236879722278947,1.0
48,2,bsps_ack,0.2,0.99,99,18,14.984,587.4236326530613,0.059934882847577926,0.8946938775510205,31.368387776606955,115.0,37.468,67.828,0.46894231558217775,0.7699969815876849,0,0.19009483667017912,1.0
49,2,bsps_ack,0.2,1.0,100,18,14.74,587.7076444444444,0.06120216987079732,0.9004444444444444,31.949209694415174,114.0,36.356,67.596,0.4681521494485708,0.7654590029964587,0,0.19957850368809274,1.0
0,3,static,0.2,0.99,99,19,19.0,558.1926897959185,0.06576369495166487,1.2495102040816328,15.112297181895816,19.0,64.548,98.0,0.0,1.0,0,0.0,1.0
1,3,static,0.2,1.0,100,18,18.0,563.1687676767676,0.0727317620650954,1.3091717171717172,16.34575202050069,18.0,60.392,99.0,0.0,1.0,0,0.0,1.0
2,3,static,0.2,1.0,100,20,20.0,559.7464767676768,0.06303636363636363,1.2607272727272725,17.0478,20.0,62.188,99.0,0.0,1.0,0,0.0,1.0
3,3,static,0.2,0.99,99,18,18.0,558.666893877551,0.06943990929705215,1.2499183673469387,14.524433849821216,18.0,62.508,98.0,0.0,1.0,0,0.0,1.0
4,3,static,0.2,1.0,100,19,19.0,559.0791676767678,0.06621158958001064,1.2580202020202018,15.922576712050397,19.0,64.456,99.0,0.0,1.0,0,0.0,1.0
5,3,static,0.2,0.97,97,19,19.0,559.5734583333335,0.06603508771929825,1.2546666666666668,14.380725758477096,19.0,59.552,96.0,0.0,1.0,0,0.0,1.0
6,3,static,0.2,1.0,100,21,21.0,561.8499434343435,0.06183934583934584,1.2986262626262626,17.19010614101592,21.0,61.436,99.0,0.0,1.0,0,0.0,1.0
7,3,static,0.2,1.0,100,18,18.0,556.4345656565657,0.0673692480359147,1.2126464646464648,15.489291598023064,18.0,64.948,99.0,0.0,1.0,0,0.0,1.0
8,3,static,0.2,1.0,100,22,22.0,555.3808242424242,0.054310376492194674,1.1948282828282826,18.327571669477233,22.0,64.712,99.0,0.0,1.0,0,0.0,1.0
9,3,static,0.2,1.0,100,21,21.0,557.6996565656566,0.05858778258778259,1.2303434343434345,17.817855002995806,21.0,64.196,99.0,0.0,1.0,0,0.0,1.0
10,3,static,0.2,1.0,100,22,22.0,560.5673737373738,0.058260789715335166,1.2817373737373736,17.172102564102563,22.0,64.108,99.0,0.0,1.0,0,0.0,1.0
11,3,static,0.2,1.0,100,22,22.0,559.841406060606,0.057641873278236916,1.2681212121212122,17.981404549950543,22.0,62.456,99.0,0.0,1.0,0,0.0,1.0
12,3,static,0.2,1.0,100,19,19.0,559.2739191919193,0.06605635300372142,1.255070707070707,16.20698602794411,19.0,62.748,99.0,0.0,1.0,0,0.0,1.0
13,3,static,0.2,1.0,100,18,18.0,558.1621979797981,0.06869584736251402,1.2365252525252526,14.859075770191508,18.0,63.584,99.0,0.0,1.0,0,0.0,1.0
14,3,static,0.2,1.0,100,18,18.0,557.4487474747476,0.06891806958473626,1.2405252525252524,15.205282861896839,18.0,65.188,99.0,0.0,1.0,0,0.0,1.0
15,3,static,0.2,1.0,100,18,18.0,559.2850787878789,0.06958698092031425,1.2525656565656569,15.564776933567115,18.0,61.996,99.0,0.0,1.0,0,0.0,1.0
16,3,static,0.2,0.82,82,20,20.0,560.0450913580248,0.06410123456790123,1.2820246913580247,16.623957543593633,20.0,52.156,81.0,0.0,1.0,0,0.0,1.0
17,3,static,0.2,0.97,97,20,20.0,561.3226291666667,0.06401041666666667,1.2802083333333332,14.635358004827031,20.0,58.1,96.0,0.0,1.0,0,0.0,1.0
18,3,static,0.2,1.0,100,20,20.0,557.8163838383839,0.06182424242424243,1.2364848484848485,15.918512327622231,20.0,63.588,99.0,0.0,1.0,0,0.0,1.0
19,3,static,0.2,1.0,100,19,19.0,559.0206343434344,0.06630303030303031,1.259757575757576,15.972664218686251,19.0,63.284,99.0,0.0,1.0,0,0.0,1.0
20,3,static,0.2,1.0,100,18,18.0,559.744096969697,0.07044668911335578,1.2680404040404039,15.494428394552209,18.0,63.464,99.0,0.0,1.0,0,0.0,1.0
21,3,static,0.2,1.0,100,18,18.0,560.9118222222223,0.07151515151515152,1.2872727272727271,15.381293491608679,18.0,63.56,99.0,0.0,1.0,0,0.0,1.0
22,3,static,0.2,0.97,97,17,17.0,559.9699791666667,0.07496813725490196,1.2744583333333335,14.760476581758422,17.0,61.652,96.0,0.0,1.0,0,0.0,1.0
23,3,static,0.2,0.97,97,19,19.0,562.0474375,0.06876535087719299,1.3065416666666667,17.50031361070458,19.0,60.572,96.0,0.0,1.0,0,0.0,1.0
24,3,static,0.2,1.0,100,18,18.0,561.7370747474748,0.0722783389450056,1.301010101010101,16.046614233646654,18.0,62.2,99.0,0.0,1.0,0,0.0,1.0
25,3,static,0.2,0.99,99,18,18.0,558.0864816326532,0.0690204081632653,1.2423673469387755,14.302153846153846,18.0,63.248,98.0,0.0,1.0,0,0.0,1.0
26,3,static,0.2,1.0,100,20,20.0,560.161591919192,0.06373737373737375,1.2747474747474747,15.977667984189724,20.0,61.8,99.0,0.0,1.0,0,0.0,1.0
27,3,static,0.2,1.0,100,19,19.0,561.7078666666669,0.06731951089845827,1.2790707070707072,14.189111747851003,19.0,59.372,99.0,0.0,1.0,0,0.0,1.0
28,3,static,0.2,1.0,100,18,18.0,557.5948000000001,0.06821773288439956,1.2279191919191919,15.044117647058824,18.0,63.436,99.0,0.0,1.0,0,0.0,1.0
29,3,static,0.2,1.0,100,18,18.0,560.0524323232323,0.07088439955106622,1.2759191919191921,14.922464803101407,18.0,62.684,99.0,0.0,1.0,0,0.0,1.0
30,3,static,0.2,0.93,93,19,19.0,562.3906782608695,0.06961098398169337,1.322608695652174,17.39875,19.0,59.32,92.0,0.0,1.0,0,0.0,1.0
31,3,static,0.2,1.0,100,17,17.0,560.1942868686871,0.07496613190730839,1.2744242424242425,15.199596774193548,17.0,62.832,99.0,0.0,1.0,0,0.0,1.0
32,3,static,0.2,1.0,100,20,20.0,558.4889898989899,0.06267676767676768,1.2535353535353535,16.521357040670345,20.0,63.9,99.0,0.0,1.0,0,0.0,1.0
33,3,static,0.2,1.0,100,19,19.0,562.4129979797981,0.0689739500265816,1.3105050505050506,16.45678246484698,19.0,61.26,99.0,0.0,1.0,0,0.0,1.0
34,3,static,0.2,1.0,100,18,18.0,560.4913575757577,0.07123456790123456,1.2822222222222222,15.76902780596712,18.0,63.06,99.0,0.0,1.0,0,0.0,1.0
35,3,static,0.2,1.0,100,24,24.0,553.8500202020202,0.04849158249158249,1.1637979797979798,18.847131147540985,24.0,63.784,99.0,0.0,1.0,0,0.0,1.0
36,3,static,0.2,0.97,97,21,21.0,555.7118208333334,0.057617063492063504,1.2099583333333332,17.9639941385807,21.0,63.844,96.0,0.0,1.0,0,0.0,1.0
37,3,static,0.2,0.96,96,21,21.0,562.1254063157894,0.06196290726817043,1.3012210526315788,17.39863130881095,21.0,59.384,95.0,0.0,1.0,0,0.0,1.0
38,3,static,0.2,1.0,100,17,17.0,558.6902666666666,0.07444087938205586,1.2654949494949497,14.638126676294615,17.0,65.716,99.0,0.0,1.0,0,0.0,1.0
39,3,static,0.2,1.0,100,19,19.0,558.9191232323232,0.06599681020733653,1.253939393939394,15.875507717303005,19.0,62.86,99.0,0.0,1.0,0,0.0,1.0
40,3,static,0.2,1.0,100,18,18.0,561.7245737373738,0.0722962962962963,1.3013333333333332,16.092524509803923,18.0,63.168,99.0,0.0,1.0,0,0.0,1.0
41,3,static,0.2,1.0,100,19,19.0,559.3781818181819,0.06656459330143541,1.2647272727272727,16.709503885236103,19.0,63.792,99.0,0.0,1.0,0,0.0,1.0
42,3,static,0.2,1.0,100,17,17.0,560.6211191919193,0.07532501485442661,1.2805252525252524,15.15115354017502,17.0,63.228,99.0,0.0,1.0,0,0.0,1.0
43,3,static,0.2,0.96,96,20,20.0,559.0079831578948,0.06288,1.2575999999999998,15.296296296296296,20.0,61.528,95.0,0.0,1.0,0,0.0,1.0
44,3,static,0.2,1.0,100,19,19.0,557.1621898989899,0.06480382775119618,1.2312727272727275,16.319255697261134,19.0,65.104,99.0,0.0,1.0,0,0.0,1.0
45,3,static,0.2,1.0,100,17,17.0,561.9858707070707,0.07686036838978015,1.3066262626262624,15.160878243512974,17.0,62.644,99.0,0.0,1.0,0,0.0,1.0
46,3,static,0.2,0.99,99,19,19.0,560.574248979592,0.06761117078410313,1.2846122448979593,16.528774142688214,19.0,62.108,98.0,0.0,1.0,0,0.0,1.0
47,3,static,0.2,1.0,100,19,19.0,557.0458747474748,0.06351940457203616,1.2068686868686869,16.00626713670192,19.0,62.52,99.0,0.0,1.0,0,0.0,1.0
48,3,static,0.2,0.99,99,18,18.0,556.2813102040817,0.06740816326530613,1.21334693877551,14.939150165016502,18.0,64.092,98.0,0.0,1.0,0,0.0,1.0
49,3,static,0.2,1.0,100,18,18.0,555.8971555555555,0.06705723905723907,1.207030303030303,15.263782866836301,18.0,65.504,99.0,0.0,1.0,0,0.0,1.0
0,3,bsps,0.2,0.99,99,19,15.464,543.0923142857145,0.060056462469313926,0.9251020408163265,26.4899658411614,114.0,35.808,66.708,0.47849763754304475,0.8323628562672387,0,0.13919726729291204,1.0
1,3,bsps,0.2,1.0,100,18,14.888,548.6793939393939,0.06758894522325895,1.0031919191919192,25.919968460477037,114.0,34.252,69.86,0.4773173781032327,0.8345347313237221,0,0.12714370195150798,1.0
2,3,bsps,0.2,1.0,100,20,15.684,545.6969858585859,0.06131483899275437,0.9580202020202021,25.0012,114.0,34.8,69.272,0.4793422574781028,0.8402160101651842,0,0.1198,1.0
3,3,bsps,0.2,0.99,99,18,14.344,544.0085673469389,0.06532828523350732,0.9358775510204081,23.568335319825188,112.0,34.844,67.776,0.47867336362911583,0.8458200752097194,0,0.12316249503377036,1.0
4,3,bsps,0.2,1.0,100,19,14.464,544.171090909091,0.06514306641071348,0.94,25.636659215606585,113.0,35.988,67.792,0.47750972762645916,0.8302941176470588,0,0.13350944929892297,1.0
5,3,bsps,0.2,0.97,97,19,15.216,545.3595833333333,0.0627232380772822,0.9529583333333334,24.366845131865954,113.0,33.62,67.364,0.47637888739416,0.8400221422640465,0,0.12393416617093,1.0
6,3,bsps,0.2,1.0,100,21,15.708,547.1037979797981,0.0627676394621699,0.9812525252525252,24.543972706595905,114.0,33.944,69.032,0.47793200897680993,0.8503891611415394,0,0.11770280515542077,1.0
7,3,bsps,0.2,1.0,100,18,13.904,541.9573454545455,0.06512155061219232,0.9025454545454547,24.97528830313015,113.0,36.116,67.568,0.4779050736497545,0.8365019011406845,0,0.13509060955518945,1.0
8,3,bsps,0.2,1.0,100,22,16.8,541.3488363636365,0.0533663891912086,0.8931313131313131,25.724494097807757,115.0,36.336,68.188,0.4803072397450564,0.8389774236387783,0,0.12247048903878584,1.0
9,3,bsps,0.2,1.0,100,21,15.636,543.3496646464647,0.05938052432985354,0.9246464646464647,25.929898142600358,115.0,36.256,68.288,0.4783684546615581,0.8421658986175116,0,0.12901937287797083,1.0
10,3,bsps,0.2,1.0,100,22,15.956,545.9358949494952,0.060819919567494385,0.9669494949494949,25.340307692307693,115.0,35.712,68.184,0.4802344806854051,0.8461091753774681,0,0.1236923076923077,1.0
11,3,bsps,0.2,1.0,100,22,16.692,544.9553414141415,0.05709856814247939,0.9507070707070707,26.78219584569733,115.0,35.364,69.096,0.4763563962170234,0.8360417875798026,0,0.1291790306627102,1.0
12,3,bsps,0.2,1.0,100,19,14.156,544.6682505050507,0.06684541806974961,0.9427070707070707,24.531936127744512,112.0,34.724,68.332,0.4773845793297399,0.8300956799072194,0,0.130938123752495,1.0
13,3,bsps,0.2,1.0,100,18,14.992,543.9067272727273,0.06223962406511426,0.9318383838383838,25.636344712739383,114.0,35.548,68.376,0.47878787878787876,0.8255054432348367,0,0.13447127393838468,1.0
14,3,bsps,0.2,1.0,100,18,14.072,542.3971757575757,0.06520933217109688,0.9166868686868686,24.120216306156404,112.0,36.508,67.808,0.47902529302899444,0.8351614868982328,0,0.1281198003327787,1.0
15,3,bsps,0.2,1.0,100,18,14.184,545.163591919192,0.06736169542479703,0.9528484848484848,24.064679524644458,113.0,35.6,69.804,0.47729516288252716,0.8367224880382775,0,0.12331969608416131,1.0
16,3,bsps,0.2,0.82,82,20,14.744,544.2056888888889,0.06406594075254204,0.9433086419753085,25.702805155420773,114.0,28.968,55.472,0.4782781194207498,0.8354572713643178,0,0.13570887035633056,1.0
17,3,bsps,0.2,0.97,97,20,15.828,547.3025041666666,0.06216550542000425,0.9833333333333334,24.255430410297667,114.0,33.432,68.588,0.47698853768669675,0.8376623376623377,0,0.11866452131938858,1.0
18,3,bsps,0.2,1.0,100,20,15.832,543.1796202020203,0.05848759490709955,0.9238787878787879,25.07898035938153,114.0,35.832,68.528,0.4791433594374301,0.8374536464771323,0,0.12829084830756374,1.0
19,3,bsps,0.2,1.0,100,19,15.744,544.1278787878788,0.059823623834408146,0.9407676767676768,25.554875560995512,114.0,35.708,68.788,0.47753164556962024,0.8303571428571429,0,0.13015095879232966,1.0
20,3,bsps,0.2,1.0,100,18,13.924,545.149397979798,0.06866380286380286,0.9545454545454545,23.963887742468014,113.0,35.468,68.516,0.4790113770105924,0.8365591397849462,0,0.12381345439537764,1.0
21,3,bsps,0.2,1.0,100,18,14.42,546.3512767676768,0.0677076584899223,0.971919191919192,25.2752762996316,114.0,35.048,68.284,0.4792539318738639,0.8422467881685091,0,0.1268931641424478,1.0
22,3,bsps,0.2,0.97,97,17,14.148,544.9663625000001,0.06742636027167277,0.9535,24.695768282662286,113.0,34.488,66.26,0.4779258307914593,0.8461321287408244,0,0.1279786359901397,1.0
23,3,bsps,0.2,0.97,97,19,15.52,547.2434375,0.06369097046404032,0.98825,26.158268868910724,115.0,33.972,67.008,0.47838740049644785,0.8366481904140854,0,0.12418983901317165,1.0
24,3,bsps,0.2,1.0,100,18,14.48,546.3136848484849,0.06721365812836402,0.9715555555555555,25.737770957222327,113.0,34.252,68.28,0.4765201434648428,0.8379379094275136,0,0.13370420103587186,1.0
25,3,bsps,0.2,0.99,99,18,14.968,543.583142857143,0.06219931642986865,0.9300408163265306,23.953230769230768,113.0,35.352,67.688,0.47948615014050583,0.8427921092564492,0,0.12184615384615384,1.0
26,3,bsps,0.2,1.0,100,20,16.56,544.9463555555556,0.05746295196413875,0.9505454545454545,26.635177865612647,115.0,34.628,68.944,0.47609254498714654,0.8315315315315316,0,0.13893280632411067,1.0
27,3,bsps,0.2,1.0,100,19,14.356,547.8463474747475,0.06886271560683324,0.9854949494949494,23.872397325692454,112.0,33.38,70.216,0.47590461897615477,0.8325727324586423,0,0.12722063037249284,1.0
28,3,bsps,0.2,1.0,100,18,14.484,543.0836121212121,0.06348001921825451,0.9180202020202021,24.491653418124006,113.0,35.108,67.98,0.4791141235813367,0.8402777777777778,0,0.12798092209856915,1.0
29,3,bsps,0.2,1.0,100,18,14.988,545.0875272727274,0.06390400931675441,0.9573333333333333,24.797592328096307,113.0,35.88,69.388,0.4776007964161274,0.8291614518147684,0,0.12874923485003062,1.0
30,3,bsps,0.2,0.93,93,19,13.928,546.8623391304349,0.07121343875646946,0.9865217391304347,24.424583333333334,113.0,32.72,63.24,0.47963174189343327,0.8564441887226697,0,0.11708333333333333,1.0
31,3,bsps,0.2,1.0,100,17,13.58,545.1380161616162,0.07026016761016761,0.9532525252525251,24.79233870967742,113.0,35.232,68.62,0.47750755046892385,0.8344060854300761,0,0.13064516129032258,1.0
32,3,bsps,0.2,1.0,100,20,15.352,543.609587878788,0.06086265533381116,0.933010101010101,24.892295115471082,113.0,35.912,68.524,0.4790239396505273,0.8346118441239644,0,0.1283466176170039,1.0
33,3,bsps,0.2,1.0,100,19,15.388,547.7304606060607,0.06489063202592614,0.9961616161616161,24.49710504549214,113.0,34.88,70.036,0.47963314880608116,0.8420718144264379,0,0.11703887510339123,1.0
34,3,bsps,0.2,1.0,100,18,14.452,545.269486868687,0.06636226126814361,0.9574949494949494,25.172924700629185,113.0,35.184,68.344,0.47845117845117846,0.8346153846153846,0,0.12685203978079967,1.0
35,3,bsps,0.2,1.0,100,24,19.216,540.0998505050505,0.04550207453076329,0.8693333333333333,26.80532786885246,117.0,36.28,68.86,0.4781488719133061,0.8392379679144385,0,0.12151639344262295,1.0
36,3,bsps,0.2,0.97,97,21,15.72,540.7619958333333,0.05655704666116334,0.8865416666666667,26.823948084571906,114.0,34.872,64.716,0.47821622414551856,0.8349004424778761,0,0.13941804479799036,1.0
37,3,bsps,0.2,0.96,96,21,16.544,547.660505263158,0.060249953340523646,0.9931368421052631,26.568648417450813,116.0,33.892,66.9,0.4773632071104527,0.833841980332316,0,0.12639007698887939,1.0
38,3,bsps,0.2,1.0,100,17,13.916,543.3041333333334,0.0672089022089022,0.9334949494949494,24.595213534144833,113.0,36.668,67.488,0.48040561146691063,0.8469267139479906,0,0.12585104188157623,1.0
39,3,bsps,0.2,1.0,100,19,14.68,544.2137979797981,0.06410638157643506,0.9392323232323232,24.679325751421608,113.0,35.352,68.804,0.47802473262032086,0.8388177940280317,0,0.12814784727863526,1.0
40,3,bsps,0.2,1.0,100,18,14.496,546.7758666666667,0.0679832537535746,0.9809292929292929,25.945261437908496,114.0,35.388,68.624,0.47805734347571677,0.8402798904776392,0,0.1309232026143791,1.0
41,3,bsps,0.2,1.0,100,19,14.808,544.339696969697,0.06354379113986956,0.9402828282828283,25.654712094042637,114.0,34.848,67.62,0.4785143769968051,0.8448275862068966,0,0.13030484160191272,1.0
42,3,bsps,0.2,1.0,100,17,14.208,545.9795474747475,0.06822023695258989,0.9668686868686869,24.85958631662689,113.0,35.376,68.576,0.47781651085406435,0.8342214328004737,0,0.1282816229116945,1.0
43,3,bsps,0.2,0.96,96,20,14.536,544.3567200000001,0.06500754172899684,0.9408842105263158,24.629840067340066,114.0,33.796,65.072,0.47870273501718724,0.8407960199004975,0,0.13173400673400673,1.0
44,3,bsps,0.2,1.0,100,19,15.048,542.691296969697,0.06123662334232745,0.9197575757575759,25.375287476479198,114.0,36.888,68.352,0.4788496652465003,0.83611442193087,0,0.12983483169558854,1.0
45,3,bsps,0.2,1.0,100,17,14.016,546.9195070707071,0.07018337403337403,0.9824242424242425,25.317165668662675,113.0,34.624,68.512,0.47694651591692727,0.8345140266364409,0,0.13293413173652693,1.0
46,3,bsps,0.2,0.99,99,19,15.512,545.8637918367349,0.06242920633454847,0.9665714285714285,25.03488372093023,114.0,34.68,68.308,0.47896333962109405,0.8488055639552464,0,0.11923531730390224,1.0
47,3,bsps,0.2,1.0,100,19,15.004,543.7335111111112,0.061653065706987274,0.9226262626262626,25.232275754014886,113.0,35.024,68.976,0.4767484707789815,0.8374459425082676,0,0.13141402271837055,1.0
48,3,bsps,0.2,0.99,99,18,14.912,541.9545551020409,0.06100960842212343,0.9059999999999999,24.75618811881188,114.0,36.66,68.036,0.47877167395883974,0.838188727042432,0,0.125,1.0
49,3,bsps,0.2,1.0,100,18,14.688,541.8255676767677,0.061531489316783435,0.9022222222222221,24.73960983884648,113.0,36.432,67.712,0.47998230479982307,0.8414314809426826,0,0.12765055131467345,1.0
0,3,baps,0.2,0.99,99,19,12.0,529.2790000000001,0.04160343716433942,0.6964081632653063,60.14154568744663,119.0,31.316,53.032,0.5222048282112548,0.5745917520066427,0,0.4553800170794193,1.0
1,3,baps,0.2,1.0,100,18,12.22,534.7443636363638,0.05241847041847042,0.7817373737373736,58.741967277744926,118.0,31.096,56.744,0.5219310344827586,0.5706666666666667,0,0.4320914646165977,1.0
2,3,baps,0.2,1.0,100,20,13.0,531.6470383838384,0.044088888888888886,0.7307474747474748,60.5802,120.0,31.276,55.62,0.5203708429021009,0.5685657028342399,0,0.4428,1.0
3,3,baps,0.2,0.99,99,18,12.0,530.3015265306124,0.04511337868480726,0.7117142857142856,58.20957489074295,118.0,31.864,55.056,0.5219287418744343,0.5692747595528984,0,0.4439809296781883,1.0
4,3,baps,0.2,1.0,100,19,12.0,530.8523595959597,0.04608952684742158,0.721050505050505,59.66388945336314,119.0,31.616,54.5,0.5226982097186701,0.5759764579989299,0,0.44340581182686445,1.0
5,3,baps,0.2,0.97,97,19,13.0,532.4524833333334,0.046484335839598996,0.7449166666666668,55.5863573269879,119.0,30.988,55.5,0.5237434725848564,0.5728592889334001,0,0.42038469165179454,1.0
6,3,baps,0.2,1.0,100,21,13.948,533.4015757575758,0.04423472823472824,0.7640808080808079,58.98275208491281,121.0,31.756,56.7,0.5222782861541093,0.5684265826109798,0,0.427407126611069,1.0
7,3,baps,0.2,1.0,100,18,11.62,529.7389292929294,0.04768664421997755,0.7048484848484848,58.317545304777596,118.0,32.96,55.62,0.5214182576608375,0.5705602536997886,0,0.436161449752883,1.0
8,3,baps,0.2,1.0,100,22,13.644,529.0038949494951,0.039667829813284365,0.6914343434343434,60.84991568296796,121.0,32.872,55.68,0.5201575727097477,0.5724615848147032,0,0.43486509274873525,1.0
9,3,baps,0.2,1.0,100,21,12.5,529.0279191919193,0.03954497354497354,0.687919191919192,63.415018973437185,121.0,30.852,53.228,0.5222715318869166,0.5707202505219207,0,0.46195326542840026,1.0
10,3,baps,0.2,1.0,100,22,14.292,532.3942020202021,0.04227661900389173,0.7510303030303032,59.32923076923077,122.0,32.732,55.792,0.5210648148148148,0.5720316622691293,0,0.43056410256410255,1.0
11,3,baps,0.2,1.0,100,22,14.5,531.6961535353537,0.03956657483930212,0.7353131313131313,60.2540059347181,122.0,31.72,56.008,0.5227195080286984,0.5701476793248945,0,0.4318496538081108,1.0
12,3,baps,0.2,1.0,100,19,12.1,530.5315797979799,0.04454368243841928,0.7131313131313132,59.875449101796406,119.0,31.108,54.604,0.5220115681233933,0.5720673329826407,0,0.4435129740518962,1.0
13,3,baps,0.2,1.0,100,18,12.5,531.5086949494952,0.04732788199454866,0.7318383838383838,56.35699417152373,118.0,33.08,57.016,0.5215534287748161,0.5755475464374826,0,0.4223563696919234,1.0
14,3,baps,0.2,1.0,100,18,12.02,528.8592808080809,0.042417508417508416,0.6926464646464646,59.48252911813644,118.0,32.396,54.244,0.5208712871287129,0.5726896551724138,0,0.44841930116472545,1.0
15,3,baps,0.2,1.0,100,18,11.648,531.3805535353537,0.04838069584736251,0.7259393939393939,57.27917397233587,118.0,31.208,55.788,0.5233739837398373,0.5747562296858072,0,0.42587180985778295,1.0
16,3,baps,0.2,0.82,82,20,13.5,532.4165234567902,0.044925925925925925,0.7540740740740741,57.97776092999747,120.0,27.168,46.624,0.5213047910295616,0.5710884353741497,0,0.42254233004801617,1.0
17,3,baps,0.2,0.97,97,20,14.116,532.6586625000001,0.04218981481481481,0.7462083333333334,55.70414320193081,119.0,30.868,55.752,0.5220772255988559,0.5693430656934306,0,0.41834271922767496,1.0
18,3,baps,0.2,1.0,100,20,14.0,530.4367555555557,0.040615151515151514,0.7176969696969697,58.12641036356038,120.0,33.388,56.72,0.520655737704918,0.5709859154929577,0,0.42958629335562054,1.0
19,3,baps,0.2,1.0,100,19,13.072,531.3958303030303,0.04425586694007746,0.7325656565656565,56.96960424316605,119.0,32.62,56.572,0.5235499877979338,0.5780954950094416,0,0.4184006527947776,1.0
20,3,baps,0.2,1.0,100,18,12.0,532.015701010101,0.04925925925925926,0.7423434343434344,57.84069335534461,118.0,32.472,56.232,0.5213606319522811,0.573734001112966,0,0.43148988856789106,1.0
21,3,baps,0.2,1.0,100,18,12.0,533.8229535353536,0.0538675645342312,0.7752727272727272,55.84097421203438,118.0,33.472,57.612,0.5203041579032519,0.5709180868609126,0,0.4128121162505117,1.0
22,3,baps,0.2,0.97,97,17,11.0,530.7935625,0.049174019607843136,0.7214583333333333,58.951725554642564,116.0,30.74,53.0,0.5220740495320135,0.5678635090399796,0,0.447822514379622,1.0
23,3,baps,0.2,0.97,97,19,13.0,532.6785541666667,0.04512562656641604,0.7514583333333332,60.346226217854905,119.0,30.38,53.76,0.5215903106898367,0.5733015494636472,0,0.4357098055613632,1.0
24,3,baps,0.2,1.0,100,18,11.5,532.2662222222223,0.049158249158249165,0.7435555555555556,59.710339535775944,118.0,31.388,55.5,0.5233227385963405,0.570355014252397,0,0.44369844619221177,1.0
25,3,baps,0.2,0.99,99,18,12.624,530.1157795918368,0.04394727891156462,0.7117142857142857,56.912615384615385,117.0,32.712,55.48,0.5205547300643883,0.5684818481848185,0,0.43323076923076925,1.0
26,3,baps,0.2,1.0,100,20,13.5,531.6503191919192,0.0419991341991342,0.7336565656565656,59.755731225296444,119.0,31.512,56.072,0.5229966389527685,0.5703844071467244,0,0.4452569169960474,1.0
27,3,baps,0.2,1.0,100,19,13.0,534.3681616161617,0.049086656034024456,0.7711919191919192,54.77574021012416,119.0,31.356,58.204,0.523911921555135,0.5717604543107899,0,0.4143266475644699,1.0
28,3,baps,0.2,1.0,100,18,12.0,529.839890909091,0.04477216610549944,0.7023838383838383,57.938990461049286,118.0,31.872,55.204,0.5217886178861788,0.5724324324324325,0,0.4364069952305246,1.0
29,3,baps,0.2,1.0,100,18,12.0,530.6775595959597,0.044343434343434344,0.7174545454545455,59.41256886349724,117.0,30.972,54.5,0.5228031145717463,0.5747965197866967,0,0.45031626198734953,1.0
30,3,baps,0.2,0.93,93,19,12.0,532.4924217391305,0.0480745995423341,0.754304347826087,60.78875,119.0,29.62,51.008,0.5224281043011654,0.5699712267852471,0,0.44104166666666667,1.0
31,3,baps,0.2,1.0,100,17,11.5,532.0197414141414,0.05099544464250347,0.7426262626262626,58.61290322580645,117.0,32.264,56.152,0.5219775722354096,0.570975416336241,0,0.4411290322580645,1.0
32,3,baps,0.2,1.0,100,20,13.5,530.7579838383839,0.04183030303030303,0.7236767676767677,58.41467402411608,120.0,32.868,56.256,0.5213850897304134,0.5751180227714524,0,0.42775393419170243,1.0
33,3,baps,0.2,1.0,100,19,13.5,534.1228161616162,0.047421052631578954,0.7786666666666667,56.322373862696445,119.0,32.94,58.264,0.5203397027600849,0.5689208633093525,0,0.4083953680727874,1.0
34,3,baps,0.2,1.0,100,18,12.0,531.8980121212122,0.04803815937149271,0.7401616161616161,57.66023949665111,118.0,32.224,56.0,0.5222847252271744,0.5747460087082729,0,0.427034706718084,1.0
35,3,baps,0.2,1.0,100,24,15.0,528.0668444444445,0.03406060606060606,0.6715151515151515,61.883401639344264,124.0,32.02,55.5,0.5226439310597727,0.5739078396169958,0,0.44118852459016394,1.0
36,3,baps,0.2,0.97,97,21,13.0,528.2676125,0.038875793650793654,0.6827916666666666,62.14004605400879,121.0,31.572,52.56,0.5230131826741996,0.5768553459119496,0,0.44902658572325727,1.0
37,3,baps,0.2,0.96,96,21,13.824,533.9861978947368,0.04494335839598997,0.770821052631579,59.09794696321642,121.0,30.084,54.156,0.5227164491856368,0.5733620424484774,0,0.4264328485885372,1.0
38,3,baps,0.2,1.0,100,17,11.156,530.0365414141414,0.04798637353931471,0.7150707070707071,58.92407674850423,117.0,32.74,54.516,0.5203602192638997,0.5697050938337802,0,0.44811223437177633,1.0
39,3,baps,0.2,1.0,100,19,12.612,530.9475393939396,0.04451173388015493,0.7246464646464646,59.4555239642567,118.0,32.284,56.012,0.5222260509993109,0.570840197693575,0,0.4435418359057677,1.0
40,3,baps,0.2,1.0,100,18,11.572,532.9087757575759,0.05191515151515151,0.7583838383838384,60.09293300653595,118.0,31.944,55.512,0.522116293051619,0.5713889658996396,0,0.44669117647058826,1.0
41,3,baps,0.2,1.0,100,19,12.5,531.0430747474749,0.044986354775828456,0.7277171717171718,60.43793584379358,119.0,32.456,55.5,0.523108552631579,0.5731770833333333,0,0.444311615859733,1.0
42,3,baps,0.2,1.0,100,17,11.5,533.3832080808081,0.054713804713804715,0.766060606060606,56.59486873508353,117.0,32.78,57.06,0.5218241042345277,0.5720430107526882,0,0.4228321400159109,1.0
43,3,baps,0.2,0.96,96,20,13.0,531.3219621052633,0.0446259649122807,0.7326736842105263,58.52125420875421,120.0,31.688,53.896,0.5220271102895871,0.5712151394422311,0,0.4391835016835017,1.0
44,3,baps,0.2,1.0,100,19,12.172,529.021292929293,0.04237299308878256,0.6939393939393939,59.91511603596069,119.0,32.604,54.652,0.5213521742524787,0.5740991601192089,0,0.4426092410620949,1.0
45,3,baps,0.2,1.0,100,17,11.092,532.7978141414142,0.05301414141414142,0.7541414141414141,57.74570858283433,117.0,31.524,55.592,0.5239548115774717,0.5750064549444874,0,0.43313373253493015,1.0
46,3,baps,0.2,0.99,99,19,12.0,531.0837591836735,0.04523394199785177,0.7265306122448979,61.09262908947576,119.0,30.888,54.044,0.5207735179868266,0.567249863313286,0,0.45270003941663384,1.0
47,3,baps,0.2,1.0,100,19,13.0,529.0580767676769,0.0406388699020278,0.6866666666666668,60.106933019976495,119.0,32.096,55.288,0.5219168748580514,0.5674667909578187,0,0.4473168820994908,1.0
48,3,baps,0.2,0.99,99,18,11.488,528.6939061224491,0.04374648526077098,0.6857142857142858,59.33766501650165,118.0,31.276,53.488,0.5224476222148321,0.5777649769585254,0,0.4498762376237624,1.0
49,3,baps,0.2,1.0,100,18,12.612,529.6111151515153,0.04488896905563572,0.7061818181818182,56.74703138252757,118.0,34.184,56.548,0.5203749905496333,0.5714285714285714,0,0.4226039016115352,1.0
0,3,lt,0.2,0.99,99,19,15.212,535.9980122448981,0.052664359809858015,0.8210612244897959,48.51622544833476,116.0,37.316,62.448,0.5095562300057419,0.5934251194155662,0,0.3537574722459436,1.0
1,3,lt,0.2,1.0,100,18,14.652,541.7165414141414,0.05864364141971797,0.9012929292929294,48.25901833234772,118.0,35.952,65.824,0.5159007352941176,0.5750741839762611,0,0.3345160654445101,1.0
2,3,lt,0.2,1.0,100,20,15.3,538.3574585858586,0.053285362106733715,0.844969696969697,48.6454,118.0,34.78,63.664,0.5158252015273653,0.5780663780663781,0,0.3436,1.0
3,3,lt,0.2,0.99,99,18,13.156,537.281330612245,0.06179721044261861,0.8337142857142856,46.29678188319428,114.0,35.236,62.908,0.5123953373830241,0.5770036668412781,0,0.35319825188716725,1.0
4,3,lt,0.2,1.0,100,19,14.276,537.683995959596,0.056759161430106175,0.8428282828282829,47.84881121723227,117.0,36.52,63.22,0.5061826884722777,0.5921938088829072,0,0.3487096118675066,1.0
5,3,lt,0.2,0.97,97,19,14.256,538.1130083333334,0.05681265247211938,0.840125,47.15248859805671,117.0,33.348,61.708,0.5145908053472449,0.5823706680060271,0,0.3509815585960738,1.0
6,3,lt,0.2,1.0,100,21,14.576,539.3818666666667,0.059090140861976864,0.8625858585858587,47.46986353297953,117.0,33.976,63.248,0.5180815593741985,0.5798054167762293,0,0.3519711902956785,1.0
7,3,lt,0.2,1.0,100,18,14.248,535.9547353535354,0.05543628385874375,0.8124848484848485,47.56260296540363,117.0,37.38,64.008,0.5098117741289547,0.5840637450199203,0,0.35049423393739704,1.0
8,3,lt,0.2,1.0,100,22,17.084,534.7388282828284,0.04586458942960491,0.7927272727272727,47.99494097807757,118.0,37.456,64.032,0.5103442499371806,0.5823014195107218,0,0.3374789207419899,1.0
9,3,lt,0.2,1.0,100,21,14.964,535.9683313131313,0.05225509856674131,0.8134545454545455,49.980027960854805,119.0,37.092,63.284,0.5120749137506161,0.5776267642446419,0,0.35949670461354105,1.0
10,3,lt,0.2,1.0,100,22,14.924,537.8869575757576,0.053774626649267805,0.844969696969697,49.73866666666667,119.0,35.836,62.172,0.5114144686102113,0.5798097251585623,0,0.3597948717948718,1.0
11,3,lt,0.2,1.0,100,22,16.016,537.8813818181818,0.051129598924180966,0.8431111111111111,48.6811078140455,118.0,36.436,64.668,0.5140881147540983,0.5784054910242872,0,0.34678536102868446,1.0
12,3,lt,0.2,1.0,100,19,14.164,538.1805373737375,0.058277027438792144,0.8475151515151517,45.33692614770459,116.0,35.908,64.168,0.5085275042036993,0.5894708854028184,0,0.3335329341317365,1.0
13,3,lt,0.2,1.0,100,18,14.36,538.2981494949496,0.05767516118264781,0.8436767676767677,46.67943380516236,117.0,34.836,63.596,0.5143376254048503,0.5853522695627958,0,0.339300582847627,1.0
14,3,lt,0.2,1.0,100,18,13.592,536.4927838383838,0.06009450566268748,0.8271515151515151,46.35357737104825,115.0,36.828,63.484,0.5143805309734514,0.5781858653311074,0,0.3471297836938436,1.0
15,3,lt,0.2,1.0,100,18,14.412,538.6204686868688,0.05724606714339335,0.8516363636363637,45.906877069939604,117.0,35.656,64.896,0.5151104715144332,0.5828586927040955,0,0.32846288720046757,1.0
16,3,lt,0.2,0.82,82,20,14.088,537.0576296296297,0.05587095122767638,0.8332345679012346,49.44503411675512,118.0,28.932,50.972,0.513144487466884,0.5858310626702997,0,0.36062673742734397,1.0
17,3,lt,0.2,0.97,97,20,15.94,540.5427958333333,0.054432461873638344,0.8841666666666668,44.56818181818182,117.0,35.004,64.736,0.5102113618121823,0.5855244557534633,0,0.3167739340305712,1.0
18,3,lt,0.2,1.0,100,20,14.24,536.0913818181818,0.056066600165530646,0.8124040404040405,47.958211450062684,115.0,35.18,62.648,0.5167076167076167,0.5742937853107345,0,0.3641872127037192,1.0
19,3,lt,0.2,1.0,100,19,14.892,536.8266545454545,0.053836241199877566,0.827878787878788,48.14545083639331,117.0,35.636,63.048,0.5213716886071835,0.5779642663779101,0,0.3553651570787434,1.0
20,3,lt,0.2,1.0,100,18,13.688,538.4586505050505,0.06027649454922182,0.8514747474747475,46.76186545604622,116.0,35.504,63.52,0.5174971778745364,0.5792106725958867,0,0.34729673957903423,1.0
21,3,lt,0.2,1.0,100,18,14.536,539.1789777777778,0.05885059747804846,0.8625858585858587,48.79083094555874,117.0,35.06,62.88,0.5096565656565657,0.5806896551724138,0,0.355505525992632,1.0
22,3,lt,0.2,0.97,97,17,12.988,536.6082291666668,0.06176559343434343,0.8214166666666668,50.367296631059986,115.0,33.484,59.464,0.5168418439129355,0.5736533061016084,0,0.38557929334428925,1.0
23,3,lt,0.2,0.97,97,19,14.576,539.9533625,0.05697407407407407,0.8792916666666667,48.96278486305666,118.0,34.624,62.02,0.5149227528089888,0.5848719475878499,0,0.3409993727785908,1.0
24,3,lt,0.2,1.0,100,18,14.124,539.2663030303031,0.05973605484434361,0.8666666666666667,47.867446767696144,116.0,35.064,63.432,0.5068986202759448,0.5961889845993213,0,0.35123729138691734,1.0
25,3,lt,0.2,0.99,99,18,14.504,536.3441755102042,0.054955391946988584,0.819795918367347,47.39261538461538,116.0,35.528,62.188,0.5144104084321476,0.581808097615086,0,0.34892307692307695,1.0
26,3,lt,0.2,1.0,100,20,15.82,537.2905616161617,0.05045649113719289,0.8321616161616162,48.95375494071146,117.0,35.156,63.532,0.5214474845542807,0.5743869209809265,0,0.358498023715415,1.0
27,3,lt,0.2,1.0,100,19,14.572,540.1083717171717,0.057495567679168386,0.869010101010101,46.04469914040114,118.0,34.548,65.156,0.514449875653889,0.5829643136233394,0,0.3379178605539637,1.0
28,3,lt,0.2,1.0,100,18,14.092,536.0278181818182,0.055048077927222314,0.8101818181818181,47.93799682034976,116.0,35.436,62.76,0.513901272594634,0.5773955773955773,0,0.35453100158982515,1.0
29,3,lt,0.2,1.0,100,18,14.428,538.0498464646465,0.057846509105867396,0.8488888888888889,47.740461130381554,116.0,35.876,63.984,0.5190891970552988,0.5720291479820628,0,0.35502958579881655,1.0
30,3,lt,0.2,0.93,93,19,13.168,539.7117347826087,0.06626732400053843,0.8797826086956522,48.910625,117.0,33.212,58.576,0.511849928816682,0.5786295615647151,0,0.35604166666666665,1.0
31,3,lt,0.2,1.0,100,17,12.548,537.5444888888888,0.06631787404514676,0.8363636363636364,47.35100806451613,113.0,35.036,62.68,0.517841103943823,0.574740207833733,0,0.3649193548387097,1.0
32,3,lt,0.2,1.0,100,20,15.044,537.3137818181818,0.054745118062765115,0.836929292929293,46.31269160024525,116.0,36.112,63.788,0.517649846008055,0.5776414831335378,0,0.3413039035356632,1.0
33,3,lt,0.2,1.0,100,19,14.02,540.3986585858587,0.06196509209744504,0.883959595959596,46.6298593879239,115.0,34.844,64.428,0.5202135774218154,0.5728774268328021,0,0.3453267162944582,1.0
34,3,lt,0.2,1.0,100,18,14.36,537.7757737373738,0.05729033395798101,0.8432323232323233,49.147757255936675,117.0,35.116,62.548,0.5193274397642572,0.5765453495089543,0,0.358027197077329,1.0
35,3,lt,0.2,1.0,100,24,19.072,533.8338181818183,0.03938029038984243,0.772888888888889,48.51905737704918,122.0,37.588,65.06,0.5139460448102423,0.5867269984917044,0,0.3317622950819672,1.0
36,3,lt,0.2,0.97,97,21,15.328,532.9582291666668,0.04728296971060129,0.7633333333333333,52.60226083315889,118.0,34.896,59.052,0.5209684718660431,0.5764028056112225,0,0.38329495499267324,1.0
37,3,lt,0.2,0.96,96,21,16.244,540.7014694736843,0.05327178053094951,0.8908631578947369,48.281223267750214,118.0,35.24,62.852,0.5177959649790635,0.5752621838371376,0,0.33875106928999144,1.0
38,3,lt,0.2,1.0,100,17,13.492,536.1642747474748,0.057763539134662124,0.8252525252525251,49.17206519496596,117.0,37.416,62.696,0.5109842858259714,0.5826368293340523,0,0.3610480709717351,1.0
39,3,lt,0.2,1.0,100,19,14.344,536.5709575757577,0.05536389764919177,0.8233939393939393,47.29691307879772,116.0,36.676,64.06,0.5122788940408725,0.586015538290788,0,0.34951259138911456,1.0
40,3,lt,0.2,1.0,100,18,13.984,539.5542747474748,0.061998069824807794,0.8733737373737374,49.60273692810458,117.0,36.076,63.648,0.5151827071538857,0.5751670378619154,0,0.3668300653594771,1.0
41,3,lt,0.2,1.0,100,19,13.904,536.5948000000001,0.056948707214750004,0.8199191919191919,50.9035664474995,117.0,34.332,61.36,0.5148433655896343,0.5772464529689963,0,0.3785614664275752,1.0
42,3,lt,0.2,1.0,100,17,13.588,538.8544727272728,0.061758310376492195,0.8543434343434343,47.97673031026253,115.0,34.42,62.604,0.5161579161579162,0.5806191117092867,0,0.35799522673031026,1.0
43,3,lt,0.2,0.96,96,20,14.0,536.8426947368422,0.058033313944397535,0.8232842105263157,49.854166666666664,118.0,33.156,59.148,0.5136070110701108,0.5814128256513026,0,0.3773148148148148,1.0
44,3,lt,0.2,1.0,100,19,13.74,535.6388767676768,0.057383666294094096,0.811070707070707,47.899435500731755,116.0,36.64,62.72,0.5188834154351396,0.5753166262462948,0,0.35772527702278906,1.0
45,3,lt,0.2,1.0,100,17,12.824,538.8158262626264,0.06527431020158293,0.8587878787878788,48.5564870259481,114.0,34.5,62.296,0.5164880461665292,0.5819121447028424,0,0.36866267465069863,1.0
46,3,lt,0.2,0.99,99,19,15.088,538.9894408163266,0.05685550604857328,0.8627755102040817,47.01162790697674,115.0,35.152,63.476,0.5174154467440687,0.5713890426120642,0,0.34075679936933384,1.0
47,3,lt,0.2,1.0,100,19,14.032,535.7078101010102,0.055283091161166024,0.7997575757575758,49.9361535448492,116.0,34.964,62.592,0.5210434518844317,0.5687456526779504,0,0.37661574618096355,1.0
48,3,lt,0.2,0.99,99,18,14.504,535.6127836734695,0.05440785819822434,0.8107755102040817,45.21967821782178,115.0,37.728,63.992,0.5150407179657637,0.585401038661281,0,0.3285891089108911,1.0
49,3,lt,0.2,1.0,100,18,14.44,533.8909494949495,0.05208016958284338,0.7788282828282829,49.56043256997455,116.0,36.172,61.428,0.51481033701073,0.5762081784386617,0,0.3693808312128923,1.0
0,3,ewma,0.2,0.99,99,19,15.212,540.4515795918368,0.05851398834890179,0.8855510204081632,36.06191289496157,115.0,35.928,64.764,0.4847993514389947,0.7185944363103953,0,0.23633646456020496,1.0
1,3,ewma,0.2,1.0,100,18,14.74,546.4016323232324,0.06597827680670817,0.9690101010101009,34.2534989158289,115.0,34.4,68.2,0.4835880278506194,0.7264180507677844,0,0.21151192588212103,1.0
2,3,ewma,0.2,1.0,100,20,15.54,543.3028202020204,0.05946236494079631,0.921979797979798,34.1366,115.0,34.9,67.46,0.48442328572621735,0.721391516631065,0,0.211,1.0
3,3,ewma,0.2,0.99,99,18,14.152,541.1961959183675,0.06339609343570929,0.894326530612245,34.034564958283674,113.0,35.26,65.884,0.4807599029911075,0.7209366391184573,0,0.2290425109257052,1.0
4,3,ewma,0.2,1.0,100,19,14.108,541.7665373737374,0.06430205992264816,0.9037979797979798,35.60963218857956,114.0,36.044,65.956,0.48198375778601277,0.7146061115783572,0,0.23592765698028856,1.0
5,3,ewma,0.2,0.97,97,19,15.168,542.8122958333335,0.060356111215853867,0.914375,34.047987309141384,115.0,33.708,65.472,0.48048409072693754,0.7203816591571693,0,0.2216934364465596,1.0
6,3,ewma,0.2,1.0,100,21,15.44,544.4745131313132,0.06120463324276534,0.9412929292929292,34.21322971948446,115.0,33.98,67.044,0.4800472454230996,0.7301891965999452,0,0.2168309325246399,1.0
7,3,ewma,0.2,1.0,100,18,13.636,539.2546343434343,0.0632923009056699,0.8609292929292931,35.182454695222404,113.0,35.924,65.284,0.4818820557353754,0.7181133128663132,0,0.23908566721581548,1.0
8,3,ewma,0.2,1.0,100,22,16.544,538.3131717171718,0.051402434487883404,0.8486464646464646,36.447934232715006,116.0,37.056,66.288,0.48388696083292015,0.7058449809402796,0,0.23208263069139967,1.0
9,3,ewma,0.2,1.0,100,21,15.476,540.8441333333334,0.057714748905873775,0.8882424242424243,35.462152985819856,116.0,36.724,66.608,0.4818013074005326,0.7265170407315046,0,0.22608348312362692,1.0
10,3,ewma,0.2,1.0,100,22,15.62,543.4811595959596,0.05998087919558039,0.9303434343434343,34.19425641025641,116.0,35.844,66.368,0.4851590374250361,0.7332960581492871,0,0.21476923076923077,1.0
11,3,ewma,0.2,1.0,100,22,16.404,542.5924242424243,0.055935791204934644,0.9158787878787878,35.94876360039565,116.0,35.792,67.548,0.48023499790180446,0.7218967921896792,0,0.22334322453016814,1.0
12,3,ewma,0.2,1.0,100,19,13.84,542.2356282828284,0.06575252311562471,0.9058585858585859,33.79680638722555,113.0,34.76,66.448,0.4842678022237994,0.7175679462034183,0,0.22554890219560877,1.0
13,3,ewma,0.2,1.0,100,18,14.712,541.6755878787878,0.06106758521072247,0.8971717171717171,34.40424646128226,114.0,35.316,66.452,0.48525531584665527,0.7140309155766944,0,0.22502081598667778,1.0
14,3,ewma,0.2,1.0,100,18,13.78,539.6206343434344,0.06355165474256384,0.8749494949494949,34.721089850249584,113.0,36.74,65.8,0.4855626658342438,0.7115832363213038,0,0.23627287853577372,1.0
15,3,ewma,0.2,1.0,100,18,13.992,542.7190222222223,0.06567468620703915,0.9162828282828283,32.91603350866939,114.0,35.764,67.996,0.4810063312229257,0.7205377574370709,0,0.21371517631015002,1.0
16,3,ewma,0.2,0.82,82,20,14.348,541.6373827160494,0.06321482319423496,0.9045432098765432,35.870103613848876,114.0,29.048,53.936,0.483209330384074,0.7125534950071327,0,0.24134445286833459,1.0
17,3,ewma,0.2,0.97,97,20,15.68,544.8898,0.060646049028585794,0.9486666666666667,32.39541432019308,115.0,34.128,67.248,0.48182297154899895,0.7275431290898274,0,0.2011263073209976,1.0
18,3,ewma,0.2,1.0,100,20,15.42,540.7611272727273,0.05756465012837562,0.8863434343434344,34.31633932302549,114.0,35.708,66.536,0.48628147191736604,0.7257296009529481,0,0.22461345591307982,1.0
19,3,ewma,0.2,1.0,100,19,15.512,541.4749858585859,0.058180661930661924,0.9006464646464647,35.211342309261525,114.94999999999982,35.788,66.768,0.4824104495552528,0.7148537347344505,0,0.2303141574867401,1.0
20,3,ewma,0.2,1.0,100,18,13.744,542.554585858586,0.06658541593087049,0.9143838383838383,34.40053652496905,113.0,35.24,66.336,0.4843762423471416,0.7163307040607654,0,0.230499380932728,1.0
21,3,ewma,0.2,1.0,100,18,14.056,543.6230020202021,0.06636293891293892,0.9307474747474747,34.942284076954564,114.0,35.08,66.212,0.4837550890077433,0.7218543046357616,0,0.2257470323372902,1.0
22,3,ewma,0.2,0.97,97,17,13.844,542.2902583333334,0.06600972985347986,0.913125,34.67830731306491,113.0,34.592,64.32,0.4805829194822112,0.7274683884853377,0,0.2304847986852917,1.0
23,3,ewma,0.2,0.97,97,19,15.392,544.7248583333334,0.061871096649129736,0.951375,35.007108509303784,115.0,34.376,65.408,0.48418869880767235,0.72544080604534,0,0.21430064812878946,1.0
24,3,ewma,0.2,1.0,100,18,14.408,543.3310383838384,0.06455935067111537,0.9281616161616162,35.48935353922885,114.0,34.776,66.368,0.4823786693582303,0.7202990861257269,0,0.23230385574525225,1.0
25,3,ewma,0.2,0.99,99,18,14.788,540.8112326530613,0.060118861060907886,0.8889387755102041,33.67179487179487,114.0,35.688,65.816,0.48324543610547666,0.7261313868613138,0,0.22071794871794873,1.0
26,3,ewma,0.2,1.0,100,20,16.412,542.6415636363637,0.05594420756784018,0.9170101010101009,34.46304347826087,115.0,35.196,67.552,0.4821413128080948,0.7279604306080885,0,0.21798418972332015,1.0
27,3,ewma,0.2,1.0,100,19,13.972,545.3453656565656,0.06804474936827878,0.948929292929293,32.657497612225406,113.0,33.844,68.58,0.48023982435399426,0.7219792236194642,0,0.2171919770773639,1.0
28,3,ewma,0.2,1.0,100,18,14.228,540.7233252525252,0.06205559320853439,0.8824242424242424,33.93461844197138,114.0,35.212,66.168,0.4832669322709163,0.7220289855072464,0,0.22436406995230523,1.0
29,3,ewma,0.2,1.0,100,18,14.776,542.6756727272727,0.06247271791389439,0.921939393939394,34.04590899816364,114.0,36.356,67.856,0.4829674489023467,0.7164534364772389,0,0.22383187104672517,1.0
30,3,ewma,0.2,0.93,93,19,13.608,544.0164434782608,0.0696911917295549,0.9446521739130435,34.684583333333336,114.0,33.076,61.492,0.48102623329483585,0.7279492833517089,0,0.22208333333333333,1.0
31,3,ewma,0.2,1.0,100,17,13.428,542.696202020202,0.06823100451736815,0.9154343434343434,34.11814516129032,113.0,35.108,66.644,0.4831243972999036,0.7241282339707537,0,0.22560483870967743,1.0
32,3,ewma,0.2,1.0,100,20,15.212,541.2078181818182,0.05897630630081611,0.8953131313131314,33.688943388514204,114.0,35.66,66.512,0.48611219170621645,0.7241683838681189,0,0.2180666257919477,1.0
33,3,ewma,0.2,1.0,100,19,15.36,545.2026626262626,0.06261131417602006,0.9606464646464646,33.65343258891646,115.0,35.716,68.68,0.48440887110221775,0.7272727272727273,0,0.20822994210090984,1.0
34,3,ewma,0.2,1.0,100,18,14.256,543.0193777777779,0.06493000365647424,0.9242424242424242,34.07874974629592,114.0,35.444,66.78,0.48330494037478705,0.7245398773006135,0,0.21899736147757257,1.0
35,3,ewma,0.2,1.0,100,24,18.88,537.2576646464647,0.043967035491430474,0.8265454545454545,36.82008196721311,118.0,36.7,66.844,0.4846879209699147,0.7226324237560192,0,0.22459016393442624,1.0
36,3,ewma,0.2,0.97,97,21,15.552,538.2095375000001,0.05463138119029664,0.8467916666666667,37.09755076407787,115.0,34.616,62.572,0.4834358556288446,0.7181261644929465,0,0.24366757379108228,1.0
37,3,ewma,0.2,0.96,96,21,16.156,544.9158526315789,0.0592842586938888,0.9537684210526315,35.32591958939264,116.0,34.532,65.304,0.4828584773470341,0.7247947454844007,0,0.21663815226689478,1.0
38,3,ewma,0.2,1.0,100,17,13.892,540.7558464646465,0.06457652086475617,0.8945454545454546,34.925314627604706,114.0,36.592,65.488,0.48302731060021603,0.7255511588468061,0,0.23065813905508561,1.0
39,3,ewma,0.2,1.0,100,19,14.596,541.7549737373738,0.06196521822404175,0.9031515151515153,34.64662875710804,114.0,35.828,67.188,0.48315842924847663,0.7178217821782178,0,0.22887896019496345,1.0
40,3,ewma,0.2,1.0,100,18,14.056,544.5877535353536,0.0678287838424202,0.9494141414141415,34.495098039215684,114.0,35.852,67.264,0.48272083614295347,0.7350856467808624,0,0.21956699346405228,1.0
41,3,ewma,0.2,1.0,100,19,14.656,541.9389010101011,0.0617243883567413,0.903959595959596,35.503287507471605,114.0,34.82,65.732,0.4818350999271786,0.730293875308981,0,0.229727037258418,1.0
42,3,ewma,0.2,1.0,100,17,13.88,543.3429494949495,0.06688293460352285,0.9270707070707069,34.155529037390615,114.0,35.396,66.556,0.484441244700424,0.7213489568448128,0,0.22295147175815433,1.0
43,3,ewma,0.2,0.96,96,20,14.216,541.8228547368423,0.06393454021382815,0.9019789473684211,34.73590067340067,114.0,33.764,63.14,0.48362205915727363,0.7259984131182227,0,0.23463804713804715,1.0
44,3,ewma,0.2,1.0,100,19,14.82,539.6569858585859,0.05905448614566262,0.8737373737373737,35.43550073175831,115.0,36.948,66.028,0.4832922697874962,0.7129840546697038,0,0.23228099519130252,1.0
45,3,ewma,0.2,1.0,100,17,13.808,544.2460606060606,0.06837618610345882,0.9428686868686869,34.590219560878246,114.0,34.888,66.672,0.4825430334524196,0.7247557003257329,0,0.2279441117764471,1.0
46,3,ewma,0.2,0.99,99,19,15.224,543.0930408163266,0.06094957840278969,0.9255510204081633,34.015372487189595,115.0,35.04,66.436,0.48419397550479976,0.7262880562060889,0,0.211864406779661,1.0
47,3,ewma,0.2,1.0,100,19,14.636,541.2035272727273,0.06051921966921967,0.8843636363636365,34.198785742264,114.0,35.028,66.92,0.48204060385216035,0.7295830249198125,0,0.2244418331374853,1.0
48,3,ewma,0.2,0.99,99,18,14.708,539.3268163265307,0.05916288879521172,0.8666530612244896,34.61344884488449,114.0,36.94,66.164,0.4833470057424118,0.7145015105740181,0,0.2264851485148515,1.0
49,3,ewma,0.2,1.0,100,18,14.572,539.1563555555556,0.05925467125467125,0.8621010101010101,35.10750636132315,114.0,36.496,65.664,0.4854904886236479,0.7204450625869263,0,0.23240033927056827,1.0
0,3,oracle,0.2,0.99,99,19,10.124,531.680118367347,0.06254623165949696,0.632938775510204,8.327711357813834,12.0,0.0,33.452,1.0,1.0,0,0.0,1.0
1,3,oracle,0.2,1.0,100,18,10.852,538.5901414141415,0.06809998497574256,0.7375757575757577,9.450423812339839,12.0,0.0,38.608,1.0,1.0,0,0.0,1.0
2,3,oracle,0.2,1.0,100,20,10.66,534.7908404040404,0.06380101189495128,0.6803636363636364,8.637,12.0,0.0,36.812,1.0,1.0,0,0.0,1.0
3,3,oracle,0.2,0.99,99,18,10.012,533.0406489795919,0.06521587380873095,0.6539591836734694,7.475168851807708,11.0,0.0,35.492,1.0,1.0,0,0.0,1.0
4,3,oracle,0.2,1.0,100,19,9.676,533.1592888888889,0.06768247364307971,0.6552323232323232,8.200772200772201,11.0,0.0,34.544,1.0,1.0,0,0.0,1.0
5,3,oracle,0.2,0.97,97,19,10.96,535.0688333333335,0.06247337754837755,0.6847916666666666,8.320840769383304,12.0,0.0,36.448,1.0,1.0,0,0.0,1.0
6,3,oracle,0.2,1.0,100,21,10.428,536.140286868687,0.06735730419972845,0.7007272727272728,8.409021986353299,12.0,0.0,37.564,1.0,1.0,0,0.0,1.0
7,3,oracle,0.2,1.0,100,18,9.432,531.2113737373738,0.0664015770985468,0.6260606060606061,7.409390444810544,11.0,0.0,34.052,1.0,1.0,0,0.0,1.0
8,3,oracle,0.2,1.0,100,22,10.748,530.4234505050506,0.05700511452632665,0.6144242424242425,8.086003372681281,12.0,0.0,34.288,1.0,1.0,0,0.0,1.0
9,3,oracle,0.2,1.0,100,21,10.088,532.64498989899,0.06422444143959295,0.6476767676767676,8.375274615538247,12.0,0.0,34.804,1.0,1.0,0,0.0,1.0
10,3,oracle,0.2,1.0,100,22,10.344,534.475494949495,0.06548880636759423,0.674949494949495,8.894564102564102,13.0,0.0,34.892,1.0,1.0,0,0.0,1.0
11,3,oracle,0.2,1.0,100,22,11.384,534.1595474747476,0.05887821303275848,0.670868686868687,9.125816023738873,13.0,0.0,36.544,1.0,1.0,0,0.0,1.0
12,3,oracle,0.2,1.0,100,19,9.76,534.1289090909091,0.0686649023255084,0.6703030303030303,7.579840319361278,11.0,0.0,36.252,1.0,1.0,0,0.0,1.0
13,3,oracle,0.2,1.0,100,18,10.484,533.2187232323233,0.06252443863655985,0.6564444444444445,8.305995004163197,12.0,0.0,35.416,1.0,1.0,0,0.0,1.0
14,3,oracle,0.2,1.0,100,18,9.792,530.6879797979798,0.0628533690776115,0.6181818181818183,7.5076955074875205,11.0,0.0,33.812,1.0,1.0,0,0.0,1.0
15,3,oracle,0.2,1.0,100,18,10.06,534.4927555555557,0.06715664526270587,0.676,7.885447106954997,11.0,0.0,37.004,1.0,1.0,0,0.0,1.0
16,3,oracle,0.2,0.82,82,20,10.012,533.0071160493828,0.06510643142865365,0.6532345679012346,7.90674753601213,11.0,0.0,28.844,1.0,1.0,0,0.0,1.0
17,3,oracle,0.2,0.97,97,20,11.444,536.9434208333334,0.06215211952399452,0.71325,8.488133547868062,12.0,0.0,37.9,1.0,1.0,0,0.0,1.0
18,3,oracle,0.2,1.0,100,20,10.952,532.263090909091,0.05856583136280106,0.6422222222222221,8.117843710823234,12.0,0.0,35.412,1.0,1.0,0,0.0,1.0
19,3,oracle,0.2,1.0,100,19,10.792,532.841886868687,0.06036356796962858,0.650949494949495,8.206650346797225,12.0,0.0,35.716,1.0,1.0,0,0.0,1.0
20,3,oracle,0.2,1.0,100,18,10.008,533.8537535353536,0.06650924160015069,0.6659393939393938,8.081716879900949,11.0,0.0,35.536,1.0,1.0,0,0.0,1.0
21,3,oracle,0.2,1.0,100,18,9.972,534.7956202020202,0.06836094982458618,0.6799191919191919,8.776504297994268,12.0,0.0,35.44,1.0,1.0,0,0.0,1.0
22,3,oracle,0.2,0.97,97,17,10.236,533.7095208333335,0.06468132955007955,0.6637499999999998,8.249178307313064,11.0,0.0,34.348,1.0,1.0,0,0.0,1.0
23,3,oracle,0.2,0.97,97,19,11.096,535.6973958333335,0.0623701183076183,0.69375,9.585824796153043,12.0,0.0,35.428,1.0,1.0,0,0.0,1.0
24,3,oracle,0.2,1.0,100,18,10.068,535.5079434343435,0.06855707894798803,0.6910303030303031,8.183771340878573,11.0,0.0,36.8,1.0,1.0,0,0.0,1.0
25,3,oracle,0.2,0.99,99,18,10.512,532.2970122448979,0.061008555050391794,0.6426122448979593,8.134564102564102,12.0,0.0,34.752,1.0,1.0,0,0.0,1.0
26,3,oracle,0.2,1.0,100,20,12.276,534.286884848485,0.05472951560224288,0.6730101010101011,9.125691699604744,13.0,0.0,37.2,1.0,1.0,0,0.0,1.0
27,3,oracle,0.2,1.0,100,19,10.352,538.1734020202022,0.0705426298729329,0.7317575757575757,8.00152817574021,11.0,0.0,39.628,1.0,1.0,0,0.0,1.0
28,3,oracle,0.2,1.0,100,18,10.252,532.6773858585858,0.06320527351436442,0.6484444444444445,7.881558028616852,11.0,0.0,35.564,1.0,1.0,0,0.0,1.0
29,3,oracle,0.2,1.0,100,18,10.756,533.80418989899,0.06175383695989757,0.6654949494949495,8.21689451132422,11.0,0.0,36.316,1.0,1.0,0,0.0,1.0
30,3,oracle,0.2,0.93,93,19,9.028,534.6706347826089,0.07472484628897672,0.6779565217391303,8.216875,10.0,0.0,32.68,1.0,1.0,0,0.0,1.0
31,3,oracle,0.2,1.0,100,17,9.72,534.3699636363638,0.06922678589648287,0.6738585858585859,8.040120967741936,11.0,0.0,36.168,1.0,1.0,0,0.0,1.0
32,3,oracle,0.2,1.0,100,20,10.82,532.0809090909091,0.058966795606189545,0.6393939393939394,8.093603106478643,12.0,0.0,35.1,1.0,1.0,0,0.0,1.0
33,3,oracle,0.2,1.0,100,19,11.188,536.2933212121213,0.06276782050721444,0.7030707070707071,8.988213399503723,12.0,0.0,37.74,1.0,1.0,0,0.0,1.0
34,3,oracle,0.2,1.0,100,18,10.496,534.2535393939394,0.06388411476290264,0.6720404040404041,8.786888573168257,12.0,0.0,35.94,1.0,1.0,0,0.0,1.0
35,3,oracle,0.2,1.0,100,24,12.484,529.9194343434344,0.0488782114498692,0.6072727272727273,8.844877049180328,14.0,0.0,35.216,1.0,1.0,0,0.0,1.0
36,3,oracle,0.2,0.97,97,21,10.292,529.4854041666667,0.05840441722629222,0.6000416666666666,8.137743353569185,12.0,0.0,32.156,1.0,1.0,0,0.0,1.0
37,3,oracle,0.2,0.96,96,21,11.14,536.5752589473685,0.06331934252881623,0.7070315789473685,9.403763900769889,13.0,0.0,35.616,1.0,1.0,0,0.0,1.0
38,3,oracle,0.2,1.0,100,17,9.54,531.1303070707071,0.06532349905986268,0.6245656565656565,8.06828966370951,11.0,0.0,33.284,1.0,1.0,0,0.0,1.0
39,3,oracle,0.2,1.0,100,19,10.176,533.2737494949496,0.0645593181229545,0.6575353535353535,7.643379366368806,11.0,0.0,36.14,1.0,1.0,0,0.0,1.0
40,3,oracle,0.2,1.0,100,18,9.948,535.3912000000001,0.06928617263768778,0.688929292929293,8.81045751633987,12.0,0.0,35.832,1.0,1.0,0,0.0,1.0
41,3,oracle,0.2,1.0,100,19,10.032,533.2185454545455,0.06527292056989027,0.6563636363636363,8.215381550109583,11.0,0.0,35.208,1.0,1.0,0,0.0,1.0
42,3,oracle,0.2,1.0,100,17,9.88,534.8089575757577,0.06881188654218957,0.6802424242424242,8.37450278440732,11.0,0.0,35.772,1.0,1.0,0,0.0,1.0
43,3,oracle,0.2,0.96,96,20,9.516,533.0269305263158,0.0686858676995519,0.6533894736842104,7.858164983164984,11.0,0.0,33.472,1.0,1.0,0,0.0,1.0
44,3,oracle,0.2,1.0,100,19,9.976,531.0008161616163,0.062427660330690644,0.6228686868686868,7.88772736776082,11.0,0.0,33.896,1.0,1.0,0,0.0,1.0
45,3,oracle,0.2,1.0,100,17,9.924,535.508294949495,0.06956350293926052,0.690868686868687,8.290419161676647,11.0,0.0,36.356,1.0,1.0,0,0.0,1.0
46,3,oracle,0.2,0.99,99,19,10.624,534.2126163265307,0.06314306883592598,0.6715510204081634,8.482262514781238,12.0,0.0,35.892,1.0,1.0,0,0.0,1.0
47,3,oracle,0.2,1.0,100,19,10.544,533.7077333333334,0.06291971227425773,0.6641212121212121,8.083039561300431,11.0,0.0,36.48,1.0,1.0,0,0.0,1.0
48,3,oracle,0.2,0.99,99,18,10.068,530.7112285714287,0.061560340113401335,0.6186938775510205,7.898721122112211,12.0,0.0,33.908,1.0,1.0,0,0.0,1.0
49,3,oracle,0.2,1.0,100,18,10.184,530.3647111111111,0.059992409946955406,0.6132525252525253,7.827608142493639,11.0,0.0,33.496,1.0,1.0,0,0.0,1.0
0,3,csma,0.2,0.99,99,19,19.0,1496.0006367346944,1.0,19.0,31.923446124310054,115.0,nan,nan,nan,nan,0,0.0,0.8424989890820865
1,3,csma,0.2,1.0,100,18,18.0,1443.7708606060608,1.0,18.0,36.12480429434131,115.0,nan,nan,nan,nan,0,0.0,0.895274329195034
2,3,csma,0.2,1.0,100,20,20.0,1547.5507353535354,1.0,20.0,28.269142595139844,114.0,nan,nan,nan,nan,0,0.0,0.8810341345182792
3,3,csma,0.2,0.99,99,18,18.0,1433.3505265306126,1.0,18.0,30.736422521175886,113.0,nan,nan,nan,nan,0,0.0,0.8359017076218243
4,3,csma,0.2,1.0,100,19,19.0,1497.4464242424247,1.0,19.0,25.620357310766337,111.0,nan,nan,nan,nan,0,0.0,0.8685177623519804
5,3,csma,0.2,0.97,97,19,19.0,1488.1888291666671,1.0,19.0,30.41944106925881,114.0,nan,nan,nan,nan,0,0.0,0.8451427397822961
6,3,csma,0.2,1.0,100,21,21.0,1583.4794101010104,1.0,21.0,23.233166267160602,111.0,nan,nan,nan,nan,0,0.0,0.8936708860759494
7,3,csma,0.2,1.0,100,18,18.0,1436.9708808080811,1.0,18.0,31.257483572645413,115.0,nan,nan,nan,nan,0,0.0,0.8302687411598303
8,3,csma,0.2,1.0,100,22,22.0,1635.2830303030307,1.0,22.0,21.099539840155,110.0,nan,nan,nan,nan,0,0.0,0.8532754701384584
9,3,csma,0.2,1.0,100,21,21.0,1585.6270181818186,1.0,21.0,23.047476377045403,112.0,nan,nan,nan,nan,0,0.0,0.8970436220798015
10,3,csma,0.2,1.0,100,22,22.0,1623.8554303030305,1.0,22.0,23.693181818181817,109.0,nan,nan,nan,nan,0,0.0,0.9107845166632167
11,3,csma,0.2,1.0,100,22,22.0,1639.3546464646467,1.0,22.0,24.269733874605322,111.0,nan,nan,nan,nan,0,0.0,0.8726628616414092
12,3,csma,0.2,1.0,100,19,19.0,1489.5878060606062,1.0,19.0,26.461650485436895,112.0,nan,nan,nan,nan,0,0.0,0.8126232741617357
13,3,csma,0.2,1.0,100,18,18.0,1439.9517939393945,1.0,18.0,31.391656441717792,114.0,nan,nan,nan,nan,0,0.0,0.8542976939203354
14,3,csma,0.2,1.0,100,18,18.0,1439.9948444444449,1.0,18.0,29.06330416881112,113.0,nan,nan,nan,nan,0,0.0,0.7701149425287356
15,3,csma,0.2,1.0,100,18,18.0,1435.8809656565659,1.0,18.0,31.605619146722166,114.0,nan,nan,nan,nan,0,0.0,0.7522504892367906
16,3,csma,0.2,0.82,82,20,20.0,1540.8633333333335,1.0,20.0,24.383835758835758,112.0,nan,nan,nan,nan,0,0.0,0.9292441439265878
17,3,csma,0.2,0.97,97,20,20.0,1545.6990750000004,1.0,20.0,27.456960408684548,113.29999999999973,nan,nan,nan,nan,0,0.0,0.8048930921052632
18,3,csma,0.2,1.0,100,20,20.0,1532.809167676768,1.0,20.0,26.226837060702877,111.0,nan,nan,nan,nan,0,0.0,0.8078221163390907
19,3,csma,0.2,1.0,100,19,19.0,1479.7999595959595,1.0,19.0,27.7542308663804,112.0,nan,nan,nan,nan,0,0.0,0.8166254125412541
20,3,csma,0.2,1.0,100,18,18.0,1437.8448202020204,1.0,18.0,30.854371148139695,114.0,nan,nan,nan,nan,0,0.0,0.8900853311661926
21,3,csma,0.2,1.0,100,18,18.0,1437.1246989898993,1.0,18.0,36.6093044263776,115.0,nan,nan,nan,nan,0,0.0,0.8963562753036437
22,3,csma,0.2,0.97,97,17,17.0,1395.7722083333335,1.0,17.0,39.64531680440771,115.0,nan,nan,nan,nan,0,0.0,0.8935384615384615
23,3,csma,0.2,0.97,97,19,19.0,1491.1099625000002,1.0,19.0,31.207654145995747,113.0,nan,nan,nan,nan,0,0.0,0.8989169675090253
24,3,csma,0.2,1.0,100,18,18.0,1443.3439111111113,1.0,18.0,34.7724396531521,115.0,nan,nan,nan,nan,0,0.0,0.8547676282051282
25,3,csma,0.2,0.99,99,18,18.0,1435.8160653061227,1.0,18.0,29.90991223541559,114.0,nan,nan,nan,nan,0,0.0,0.8128409567771716
26,3,csma,0.2,1.0,100,20,20.0,1544.37557979798,1.0,20.0,29.77742375967228,115.0,nan,nan,nan,nan,0,0.0,0.8588741204065676
27,3,csma,0.2,1.0,100,19,19.0,1483.710371717172,1.0,19.0,30.46181730304495,113.0,nan,nan,nan,nan,0,0.0,0.82479569463823
28,3,csma,0.2,1.0,100,18,18.0,1433.2765373737377,1.0,18.0,28.076923076923077,112.0,nan,nan,nan,nan,0,0.0,0.8412565445026178
29,3,csma,0.2,1.0,100,18,18.0,1438.4891353535354,1.0,18.0,36.44273384651271,115.0,nan,nan,nan,nan,0,0.0,0.8348588120740019
30,3,csma,0.2,0.93,93,19,19.0,1487.7491695652175,1.0,19.0,26.710030253665348,112.19999999999982,nan,nan,nan,nan,0,0.0,0.9260775862068965
31,3,csma,0.2,1.0,100,17,17.0,1383.768694949495,1.0,17.0,42.29532365814328,117.0,nan,nan,nan,nan,0,0.0,0.879813538710985
32,3,csma,0.2,1.0,100,20,20.0,1538.258957575758,1.0,20.0,27.432835820895523,114.0,nan,nan,nan,nan,0,0.0,0.8775550704504862
33,3,csma,0.2,1.0,100,19,19.0,1483.988460606061,1.0,19.0,29.96059236947791,114.0,nan,nan,nan,nan,0,0.0,0.8412162162162162
34,3,csma,0.2,1.0,100,18,18.0,1439.1528404040407,1.0,18.0,31.91481994459834,113.0,nan,nan,nan,nan,0,0.0,0.8612326043737575
35,3,csma,0.2,1.0,100,24,24.0,1727.004161616162,1.0,24.0,20.506506024096385,106.0,nan,nan,nan,nan,0,0.0,0.8380452342487884
36,3,csma,0.2,0.97,97,21,21.0,1591.9058833333338,1.0,21.0,24.660838377045504,111.0,nan,nan,nan,nan,0,0.0,0.8968636911942099
37,3,csma,0.2,0.96,96,21,21.0,1585.9073389473688,1.0,21.0,27.354045907720845,114.0,nan,nan,nan,nan,0,0.0,0.913771186440678
38,3,csma,0.2,1.0,100,17,17.0,1390.9528121212124,1.0,17.0,38.82746955345061,116.0,nan,nan,nan,nan,0,0.0,0.8857371154614463
39,3,csma,0.2,1.0,100,19,19.0,1489.1426545454547,1.0,19.0,26.209238451935082,112.0,nan,nan,nan,nan,0,0.0,0.8090909090909091
40,3,csma,0.2,1.0,100,18,18.0,1440.4938828282832,1.0,18.0,36.75118751413707,114.0,nan,nan,nan,nan,0,0.0,0.9004073319755601
41,3,csma,0.2,1.0,100,19,19.0,1490.711898989899,1.0,19.0,30.413770347558295,113.0,nan,nan,nan,nan,0,0.0,0.87862388867414
42,3,csma,0.2,1.0,100,17,17.0,1391.5673292929298,1.0,17.0,41.07092839394624,117.0,nan,nan,nan,nan,0,0.0,0.8914619412001611
43,3,csma,0.2,0.96,96,20,20.0,1535.0193768421057,1.0,20.0,26.900089605734767,113.0,nan,nan,nan,nan,0,0.0,0.9075015247001423
44,3,csma,0.2,1.0,100,19,19.0,1495.4496121212123,1.0,19.0,29.12256128064032,113.0,nan,nan,nan,nan,0,0.0,0.7505162380326638
45,3,csma,0.2,1.0,100,17,17.0,1390.2645494949497,1.0,17.0,34.6439127375088,114.0,nan,nan,nan,nan,0,0.0,0.8476834360707894
46,3,csma,0.2,0.99,99,19,19.0,1489.5196530612247,1.0,19.0,29.192590833531227,113.0,nan,nan,nan,nan,0,0.0,0.8527744025921425
47,3,csma,0.2,1.0,100,19,19.0,1487.5684808080812,1.0,19.0,29.350160059098744,113.0,nan,nan,nan,nan,0,0.0,0.8374922664466901
48,3,csma,0.2,0.99,99,18,18.0,1442.2082693877555,1.0,18.0,34.137186802282315,116.0,nan,nan,nan,nan,0,0.0,0.7945988566922926
49,3,csma,0.2,1.0,100,18,18.0,1433.9797333333338,1.0,18.0,34.08531368821293,115.0,nan,nan,nan,nan,0,0.0,0.8649537512846865
0,3,bsps_ack,0.2,0.99,99,19,15.464,589.103742857143,0.060056462469313926,0.9251020408163265,26.4899658411614,114.0,35.808,66.708,0.47849763754304475,0.8323628562672387,0,0.13919726729291204,1.0
1,3,bsps_ack,0.2,1.0,100,18,14.888,591.7091151515151,0.06758894522325895,1.0031919191919192,25.919968460477037,114.0,34.252,69.86,0.4773173781032327,0.8345347313237221,0,0.12714370195150798,1.0
2,3,bsps_ack,0.2,1.0,100,20,15.684,589.4978101010103,0.06131483899275437,0.9580202020202021,25.0012,114.0,34.8,69.272,0.4793422574781028,0.8402160101651842,0,0.1198,1.0
3,3,bsps_ack,0.2,0.99,99,18,14.344,588.626624489796,0.06532828523350732,0.9358775510204081,23.568335319825188,112.0,34.844,67.776,0.47867336362911583,0.8458200752097194,0,0.12316249503377036,1.0
4,3,bsps_ack,0.2,1.0,100,19,14.464,589.7829212121213,0.06514306641071348,0.94,25.636659215606585,113.0,35.988,67.792,0.47750972762645916,0.8302941176470588,0,0.13350944929892297,1.0
5,3,bsps_ack,0.2,0.97,97,19,15.216,588.9387833333334,0.0627232380772822,0.9529583333333334,24.366845131865954,113.0,33.62,67.364,0.47637888739416,0.8400221422640465,0,0.12393416617093,1.0
6,3,bsps_ack,0.2,1.0,100,21,15.708,590.486488888889,0.0627676394621699,0.9812525252525252,24.543972706595905,114.0,33.944,69.032,0.47793200897680993,0.8503891611415394,0,0.11770280515542077,1.0
7,3,bsps_ack,0.2,1.0,100,18,13.904,587.8081090909092,0.06512155061219232,0.9025454545454547,24.97528830313015,113.0,36.116,67.568,0.4779050736497545,0.8365019011406845,0,0.13509060955518945,1.0
8,3,bsps_ack,0.2,1.0,100,22,16.8,586.9280848484849,0.0533663891912086,0.8931313131313131,25.724494097807757,115.0,36.336,68.188,0.4803072397450564,0.8389774236387783,0,0.12247048903878584,1.0
9,3,bsps_ack,0.2,1.0,100,21,15.636,588.8067313131314,0.05938052432985354,0.9246464646464647,25.929898142600358,115.0,36.256,68.288,0.4783684546615581,0.8421658986175116,0,0.12901937287797083,1.0
10,3,bsps_ack,0.2,1.0,100,22,15.956,591.094294949495,0.060819919567494385,0.9669494949494949,25.340307692307693,115.0,35.712,68.184,0.4802344806854051,0.8461091753774681,0,0.1236923076923077,1.0
11,3,bsps_ack,0.2,1.0,100,22,16.692,589.2584686868687,0.05709856814247939,0.9507070707070707,26.78219584569733,115.0,35.364,69.096,0.4763563962170234,0.8360417875798026,0,0.1291790306627102,1.0
12,3,bsps_ack,0.2,1.0,100,19,14.156,589.0555474747475,0.06684541806974961,0.9427070707070707,24.531936127744512,112.0,34.724,68.332,0.4773845793297399,0.8300956799072194,0,0.130938123752495,1.0
13,3,bsps_ack,0.2,1.0,100,18,14.992,588.8234787878788,0.06223962406511426,0.9318383838383838,25.636344712739383,114.0,35.548,68.376,0.47878787878787876,0.8255054432348367,0,0.13447127393838468,1.0
14,3,bsps_ack,0.2,1.0,100,18,14.072,588.3511151515153,0.06520933217109688,0.9166868686868686,24.120216306156404,112.0,36.508,67.808,0.47902529302899444,0.8351614868982328,0,0.1281198003327787,1.0
15,3,bsps_ack,0.2,1.0,100,18,14.184,589.1463313131313,0.06736169542479703,0.9528484848484848,24.064679524644458,113.0,35.6,69.804,0.47729516288252716,0.8367224880382775,0,0.12331969608416131,1.0
16,3,bsps_ack,0.2,0.82,82,20,14.744,589.4171851851853,0.06406594075254204,0.9433086419753085,25.702805155420773,114.0,28.968,55.472,0.4782781194207498,0.8354572713643178,0,0.13570887035633056,1.0
17,3,bsps_ack,0.2,0.97,97,20,15.828,589.8933041666667,0.06216550542000425,0.9833333333333334,24.255430410297667,114.0,33.432,68.588,0.47698853768669675,0.8376623376623377,0,0.11866452131938858,1.0
18,3,bsps_ack,0.2,1.0,100,20,15.832,588.1859717171718,0.05848759490709955,0.9238787878787879,25.07898035938153,114.0,35.832,68.528,0.4791433594374301,0.8374536464771323,0,0.12829084830756374,1.0
19,3,bsps_ack,0.2,1.0,100,19,15.744,588.8735757575758,0.059823623834408146,0.9407676767676768,25.554875560995512,114.0,35.708,68.788,0.47753164556962024,0.8303571428571429,0,0.13015095879232966,1.0
20,3,bsps_ack,0.2,1.0,100,18,13.924,589.9168161616162,0.06866380286380286,0.9545454545454545,23.963887742468014,113.0,35.468,68.516,0.4790113770105924,0.8365591397849462,0,0.12381345439537764,1.0
21,3,bsps_ack,0.2,1.0,100,18,14.42,590.9910828282829,0.0677076584899223,0.971919191919192,25.2752762996316,114.0,35.048,68.284,0.4792539318738639,0.8422467881685091,0,0.1268931641424478,1.0
22,3,bsps_ack,0.2,0.97,97,17,14.148,589.9259625,0.06742636027167277,0.9535,24.695768282662286,113.0,34.488,66.26,0.4779258307914593,0.8461321287408244,0,0.1279786359901397,1.0
23,3,bsps_ack,0.2,0.97,97,19,15.52,591.3182375,0.06369097046404032,0.98825,26.158268868910724,115.0,33.972,67.008,0.47838740049644785,0.8366481904140854,0,0.12418983901317165,1.0
24,3,bsps_ack,0.2,1.0,100,18,14.48,590.415890909091,0.06721365812836402,0.9715555555555555,25.737770957222327,113.0,34.252,68.28,0.4765201434648428,0.8379379094275136,0,0.13370420103587186,1.0
25,3,bsps_ack,0.2,0.99,99,18,14.968,588.6098857142857,0.06219931642986865,0.9300408163265306,23.953230769230768,113.0,35.352,67.688,0.47948615014050583,0.8427921092564492,0,0.12184615384615384,1.0
26,3,bsps_ack,0.2,1.0,100,20,16.56,588.8530707070706,0.05746295196413875,0.9505454545454545,26.635177865612647,115.0,34.628,68.944,0.47609254498714654,0.8315315315315316,0,0.13893280632411067,1.0
27,3,bsps_ack,0.2,1.0,100,19,14.356,590.0425171717172,0.06886271560683324,0.9854949494949494,23.872397325692454,112.0,33.38,70.216,0.47590461897615477,0.8325727324586423,0,0.12722063037249284,1.0
28,3,bsps_ack,0.2,1.0,100,18,14.484,587.970496969697,0.06348001921825451,0.9180202020202021,24.491653418124006,113.0,35.108,67.98,0.4791141235813367,0.8402777777777778,0,0.12798092209856915,1.0
29,3,bsps_ack,0.2,1.0,100,18,14.988,589.5427030303031,0.06390400931675441,0.9573333333333333,24.797592328096307,113.0,35.88,69.388,0.4776007964161274,0.8291614518147684,0,0.12874923485003062,1.0
30,3,bsps_ack,0.2,0.93,93,19,13.928,591.7694695652174,0.07121343875646946,0.9865217391304347,24.424583333333334,113.0,32.72,63.24,0.47963174189343327,0.8564441887226697,0,0.11708333333333333,1.0
31,3,bsps_ack,0.2,1.0,100,17,13.58,589.6746464646466,0.07026016761016761,0.9532525252525251,24.79233870967742,113.0,35.232,68.62,0.47750755046892385,0.8344060854300761,0,0.13064516129032258,1.0
32,3,bsps_ack,0.2,1.0,100,20,15.352,588.6729575757578,0.06086265533381116,0.933010101010101,24.892295115471082,113.0,35.912,68.524,0.4790239396505273,0.8346118441239644,0,0.1283466176170039,1.0
33,3,bsps_ack,0.2,1.0,100,19,15.388,591.0669939393939,0.06489063202592614,0.9961616161616161,24.49710504549214,113.0,34.88,70.036,0.47963314880608116,0.8420718144264379,0,0.11703887510339123,1.0
34,3,bsps_ack,0.2,1.0,100,18,14.452,589.9608808080808,0.06636226126814361,0.9574949494949494,25.172924700629185,113.0,35.184,68.344,0.47845117845117846,0.8346153846153846,0,0.12685203978079967,1.0
35,3,bsps_ack,0.2,1.0,100,24,19.216,585.1849414141415,0.04550207453076329,0.8693333333333333,26.80532786885246,117.0,36.28,68.86,0.4781488719133061,0.8392379679144385,0,0.12151639344262295,1.0
36,3,bsps_ack,0.2,0.97,97,21,15.72,587.0711958333334,0.05655704666116334,0.8865416666666667,26.823948084571906,114.0,34.872,64.716,0.47821622414551856,0.8349004424778761,0,0.13941804479799036,1.0
37,3,bsps_ack,0.2,0.96,96,21,16.544,591.5116884210527,0.060249953340523646,0.9931368421052631,26.568648417450813,116.0,33.892,66.9,0.4773632071104527,0.833841980332316,0,0.12639007698887939,1.0
38,3,bsps_ack,0.2,1.0,100,17,13.916,589.5838909090909,0.0672089022089022,0.9334949494949494,24.595213534144833,113.0,36.668,67.488,0.48040561146691063,0.8469267139479906,0,0.12585104188157623,1.0
39,3,bsps_ack,0.2,1.0,100,19,14.68,588.7069858585859,0.06410638157643506,0.9392323232323232,24.679325751421608,113.0,35.352,68.804,0.47802473262032086,0.8388177940280317,0,0.12814784727863526,1.0
40,3,bsps_ack,0.2,1.0,100,18,14.496,591.4156727272729,0.0679832537535746,0.9809292929292929,25.945261437908496,114.0,35.388,68.624,0.47805734347571677,0.8402798904776392,0,0.1309232026143791,1.0
41,3,bsps_ack,0.2,1.0,100,19,14.808,589.2944606060607,0.06354379113986956,0.9402828282828283,25.654712094042637,114.0,34.848,67.62,0.4785143769968051,0.8448275862068966,0,0.13030484160191272,1.0
42,3,bsps_ack,0.2,1.0,100,17,14.208,590.6437898989901,0.06822023695258989,0.9668686868686869,24.85958631662689,113.0,35.376,68.576,0.47781651085406435,0.8342214328004737,0,0.1282816229116945,1.0
43,3,bsps_ack,0.2,0.96,96,20,14.536,589.4330652631579,0.06500754172899684,0.9408842105263158,24.629840067340066,114.0,33.796,65.072,0.47870273501718724,0.8407960199004975,0,0.13173400673400673,1.0
44,3,bsps_ack,0.2,1.0,100,19,15.048,588.5339151515153,0.06123662334232745,0.9197575757575759,25.375287476479198,114.0,36.888,68.352,0.4788496652465003,0.83611442193087,0,0.12983483169558854,1.0
45,3,bsps_ack,0.2,1.0,100,17,14.016,591.1167434343434,0.07018337403337403,0.9824242424242425,25.317165668662675,113.0,34.624,68.512,0.47694651591692727,0.8345140266364409,0,0.13293413173652693,1.0
46,3,bsps_ack,0.2,0.99,99,19,15.512,590.0045918367347,0.06242920633454847,0.9665714285714285,25.03488372093023,114.0,34.68,68.308,0.47896333962109405,0.8488055639552464,0,0.11923531730390224,1.0
47,3,bsps_ack,0.2,1.0,100,19,15.004,587.8873050505051,0.061653065706987274,0.9226262626262626,25.232275754014886,113.0,35.024,68.976,0.4767484707789815,0.8374459425082676,0,0.13141402271837055,1.0
48,3,bsps_ack,0.2,0.99,99,18,14.912,587.6395836734695,0.06100960842212343,0.9059999999999999,24.75618811881188,114.0,36.66,68.036,0.47877167395883974,0.838188727042432,0,0.125,1.0
49,3,bsps_ack,0.2,1.0,100,18,14.688,587.7930828282829,0.061531489316783435,0.9022222222222221,24.73960983884648,113.0,36.432,67.712,0.47998230479982307,0.8414314809426826,0,0.12765055131467345,1.0
0,5,static,0.2,0.99,99,19,19.0,558.9220734693878,0.06620837808807734,1.2579591836734694,15.063905822997688,19.0,63.72,98.0,0.0,1.0,0,0.0,1.0
1,5,static,0.2,1.0,100,18,18.0,563.5988202020202,0.07300112233445566,1.3140202020202019,16.39605492167859,18.0,59.912,99.0,0.0,1.0,0,0.0,1.0
2,5,static,0.2,1.0,100,20,20.0,558.9915757575758,0.06262828282828282,1.2525656565656569,17.052774869109946,20.0,62.996,99.0,0.0,1.0,0,0.0,1.0
3,5,static,0.2,0.99,99,18,18.0,558.6700571428572,0.06939682539682539,1.249142857142857,14.630855594270228,18.0,62.584,98.0,0.0,1.0,0,0.0,1.0
4,5,static,0.2,1.0,100,19,19.0,558.8417818181817,0.06607336523125996,1.2553939393939395,15.823096339924275,19.0,64.716,99.0,0.0,1.0,0,0.0,1.0
5,5,static,0.2,0.97,97,19,19.0,559.5821416666668,0.06601754385964913,1.2543333333333335,14.666338194718172,19.0,59.584,96.0,0.0,1.0,0,0.0,1.0
6,5,static,0.2,1.0,100,21,21.0,561.103680808081,0.061404521404521406,1.2894949494949495,17.308917197452228,21.0,62.34,99.0,0.0,1.0,0,0.0,1.0
7,5,static,0.2,1.0,100,18,18.0,556.8366222222222,0.06764983164983164,1.2176969696969697,15.335244726602498,18.0,64.448,99.0,0.0,1.0,0,0.0,1.0
8,5,static,0.2,1.0,100,22,22.0,555.2161939393941,0.054211202938475665,1.1926464646464647,18.274155871734976,22.0,64.928,99.0,0.0,1.0,0,0.0,1.0
9,5,static,0.2,1.0,100,21,21.0,556.3955313131313,0.0579086099086099,1.216080808080808,17.623417064563007,21.0,65.608,99.0,0.0,1.0,0,0.0,1.0
10,5,static,0.2,1.0,100,22,22.0,561.1312646464647,0.05853810835629017,1.2878383838383838,17.153967007069912,22.0,63.504,99.0,0.0,1.0,0,0.0,1.0
11,5,static,0.2,1.0,100,22,22.0,560.9580767676769,0.058277318640955,1.2821010101010102,17.663922155688624,22.0,61.072,99.0,0.0,1.0,0,0.0,1.0
12,5,static,0.2,1.0,100,19,19.0,560.4628444444444,0.06676023391812864,1.2684444444444445,16.26529836564044,19.0,61.424,99.0,0.0,1.0,0,0.0,1.0
13,5,static,0.2,1.0,100,18,18.0,557.8287878787879,0.06848260381593715,1.2326868686868688,14.8826838924776,18.0,63.964,99.0,0.0,1.0,0,0.0,1.0
14,5,static,0.2,1.0,100,18,18.0,557.8929090909091,0.06921885521885522,1.245939393939394,15.10008120178644,18.0,64.652,99.0,0.0,1.0,0,0.0,1.0
15,5,static,0.2,1.0,100,18,18.0,558.8974505050506,0.06933557800224466,1.248040404040404,15.597394789579159,18.0,62.444,99.0,0.0,1.0,0,0.0,1.0
16,5,static,0.2,0.82,82,20,20.0,561.0500888888889,0.06468395061728394,1.293679012345679,16.615756404059933,20.0,51.212,81.0,0.0,1.0,0,0.0,1.0
17,5,static,0.2,0.97,97,20,20.0,560.0034291666667,0.06321458333333334,1.2642916666666666,14.737605804111245,20.0,59.628,96.0,0.0,1.0,0,0.0,1.0
18,5,static,0.2,1.0,100,20,20.0,557.6553050505051,0.061705050505050506,1.2341010101010101,16.003959983326386,20.0,63.824,99.0,0.0,1.0,0,0.0,1.0
19,5,static,0.2,1.0,100,19,19.0,558.1984040404042,0.06581392876129717,1.2504646464646467,15.86626789147618,19.0,64.204,99.0,0.0,1.0,0,0.0,1.0
20,5,static,0.2,1.0,100,18,18.0,560.2237575757575,0.0707384960718294,1.2732929292929294,15.42483922829582,18.0,62.944,99.0,0.0,1.0,0,0.0,1.0
21,5,static,0.2,1.0,100,18,18.0,560.2888242424243,0.07113804713804713,1.2804848484848486,15.473407609838134,18.0,64.232,99.0,0.0,1.0,0,0.0,1.0
22,5,static,0.2,0.97,97,17,17.0,559.2172708333335,0.07443872549019608,1.2654583333333336,14.83741935483871,17.0,62.516,96.0,0.0,1.0,0,0.0,1.0
23,5,static,0.2,0.97,97,19,19.0,561.8865125000002,0.06868201754385965,1.304958333333333,17.51288056206089,19.0,60.724,96.0,0.0,1.0,0,0.0,1.0
24,5,static,0.2,1.0,100,18,18.0,561.5774545454545,0.07219753086419751,1.2995555555555556,16.06522159860654,18.0,62.344,99.0,0.0,1.0,0,0.0,1.0
25,5,static,0.2,0.99,99,18,18.0,558.4275061224489,0.06921315192743764,1.2458367346938777,14.407883986928105,18.0,62.908,98.0,0.0,1.0,0,0.0,1.0
26,5,static,0.2,1.0,100,20,20.0,560.9616323232324,0.06419393939393939,1.2838787878787878,15.983660766387862,20.0,60.896,99.0,0.0,1.0,0,0.0,1.0
27,5,static,0.2,1.0,100,19,19.0,560.6659919191919,0.06673684210526315,1.268,13.99212753395001,19.0,60.468,99.0,0.0,1.0,0,0.0,1.0
28,5,static,0.2,1.0,100,18,18.0,557.2349494949495,0.06799102132435467,1.2238383838383837,14.98946112547226,18.0,63.84,99.0,0.0,1.0,0,0.0,1.0
29,5,static,0.2,1.0,100,18,18.0,560.2065454545456,0.07097643097643098,1.2775757575757576,14.912312312312313,18.0,62.52,99.0,0.0,1.0,0,0.0,1.0
30,5,static,0.2,0.93,93,19,19.0,562.4609608695653,0.06965446224256293,1.3234347826086954,17.382799671592775,19.0,59.244,92.0,0.0,1.0,0,0.0,1.0
31,5,static,0.2,1.0,100,17,17.0,559.8154181818182,0.07468568033273917,1.269656565656566,15.23236598145909,17.0,63.304,99.0,0.0,1.0,0,0.0,1.0
32,5,static,0.2,1.0,100,20,20.0,560.491086868687,0.06383030303030303,1.2766060606060607,16.57131974861931,20.0,61.616,99.0,0.0,1.0,0,0.0,1.0
33,5,static,0.2,1.0,100,19,19.0,562.0237737373737,0.0687464114832536,1.306181818181818,16.31309644670051,19.0,61.688,99.0,0.0,1.0,0,0.0,1.0
34,5,static,0.2,1.0,100,18,18.0,560.9299515151516,0.0715263748597082,1.2874747474747474,15.656965074267363,18.0,62.54,99.0,0.0,1.0,0,0.0,1.0
35,5,static,0.2,1.0,100,24,24.0,554.6109292929293,0.048867003367003364,1.1728080808080807,18.820631409611906,24.0,62.892,99.0,0.0,1.0,0,0.0,1.0
36,5,static,0.2,0.97,97,21,21.0,555.8023666666667,0.05765476190476191,1.21075,17.832914046121594,21.0,63.768,96.0,0.0,1.0,0,0.0,1.0
37,5,static,0.2,0.96,96,21,21.0,562.6592842105264,0.06223959899749373,1.3070315789473683,17.498027818144074,21.0,58.832,95.0,0.0,1.0,0,0.0,1.0
38,5,static,0.2,1.0,100,17,17.0,558.9495030303032,0.07460011883541295,1.2682020202020203,14.692514474772539,17.0,65.448,99.0,0.0,1.0,0,0.0,1.0
39,5,static,0.2,1.0,100,19,19.0,559.339296969697,0.06622009569377992,1.258181818181818,15.982542616553706,19.0,62.44,99.0,0.0,1.0,0,0.0,1.0
40,5,static,0.2,1.0,100,18,18.0,561.7076121212122,0.07229180695847362,1.3012525252525253,16.1136690647482,18.0,63.176,99.0,0.0,1.0,0,0.0,1.0
41,5,static,0.2,1.0,100,19,19.0,560.3362464646466,0.0671323763955343,1.2755151515151515,16.68310824036015,19.0,62.724,99.0,0.0,1.0,0,0.0,1.0
42,5,static,0.2,1.0,100,17,17.0,560.3119757575759,0.07515151515151515,1.2775757575757578,15.068844807467912,17.0,63.52,99.0,0.0,1.0,0,0.0,1.0
43,5,static,0.2,0.96,96,20,20.0,559.4687242105264,0.06313684210526316,1.2627368421052632,15.125052454888795,20.0,61.04,95.0,0.0,1.0,0,0.0,1.0
44,5,static,0.2,1.0,100,19,19.0,558.3012686868688,0.06551408825093037,1.2447676767676767,16.20464557468963,19.0,63.768,99.0,0.0,1.0,0,0.0,1.0
45,5,static,0.2,1.0,100,17,17.0,561.8651232323233,0.07680570409982175,1.3056969696969698,15.150698602794412,17.0,62.736,99.0,0.0,1.0,0,0.0,1.0
46,5,static,0.2,0.99,99,19,19.0,560.033612244898,0.06729752953813105,1.2786530612244897,16.564447159437997,19.0,62.692,98.0,0.0,1.0,0,0.0,1.0
47,5,static,0.2,1.0,100,19,19.0,556.1217333333334,0.06296012759170654,1.1962424242424243,16.003108003108004,19.0,63.572,99.0,0.0,1.0,0,0.0,1.0
48,5,static,0.2,0.99,99,18,18.0,557.4358612244898,0.06813151927437641,1.2263673469387755,14.978477157360405,18.0,62.816,98.0,0.0,1.0,0,0.0,1.0
49,5,static,0.2,1.0,100,18,18.0,555.8511797979797,0.06705050505050505,1.206909090909091,15.136572143452877,18.0,65.516,99.0,0.0,1.0,0,0.0,1.0
0,5,bsps,0.2,0.99,99,19,15.688,544.568424489796,0.0603557869590867,0.9438775510204082,20.84675215471936,112.0,34.68,67.088,0.48710372913838534,0.8989773783700031,0,0.08135379440824049,1.0
1,5,bsps,0.2,1.0,100,18,15.056,550.0627959595961,0.0679175175883732,1.0206060606060607,21.297427963643397,113.0,33.084,70.124,0.4849808360816472,0.8921148135928736,0,0.07909495262038291,1.0
2,5,bsps,0.2,1.0,100,20,15.656,545.3935838383838,0.061087474979631844,0.953090909090909,20.312879581151833,112.0,34.588,68.964,0.48824105830475256,0.9047936085219707,0,0.07246073298429319,1.0
3,5,bsps,0.2,0.99,99,18,14.468,544.8330857142857,0.0654798126943085,0.945265306122449,18.317460317460316,110.0,34.116,67.82,0.48831392167591653,0.9055191768007483,0,0.06910569105691057,1.0
4,5,bsps,0.2,1.0,100,19,14.656,544.519591919192,0.06451696901500822,0.9431111111111111,20.783129995793015,112.0,35.344,67.628,0.4860619128292007,0.8912377450980392,0,0.08477071939419437,1.0
5,5,bsps,0.2,0.97,97,19,15.176,546.4171625000001,0.06385670697766287,0.96725,19.64840362633031,111.0,33.232,67.852,0.4854094759962347,0.8977727013135351,0,0.07548285376428852,1.0
6,5,bsps,0.2,1.0,100,21,15.404,546.7152242424244,0.06366281051059174,0.9751919191919192,20.716958598726116,112.0,34.092,68.788,0.48604403699762627,0.8964361864148644,0,0.0804140127388535,1.0
7,5,bsps,0.2,1.0,100,18,13.74,543.0733212121213,0.06688720999407273,0.9165656565656566,19.47327462625435,111.0,35.032,67.732,0.4864134630230045,0.8953276699029126,0,0.08171206225680934,1.0
8,5,bsps,0.2,1.0,100,22,16.94,541.7781535353536,0.05328392959141153,0.8983838383838383,21.176470588235293,113.0,36.092,68.328,0.4882272028481269,0.9010722933241093,0,0.07496283712040773,1.0
9,5,bsps,0.2,1.0,100,21,15.68,542.5988484848486,0.058702636752843144,0.9141818181818182,21.000207598090096,113.0,36.284,67.8,0.4871634802965275,0.8979591836734694,0,0.08054805895785759,1.0
10,5,bsps,0.2,1.0,100,22,15.944,547.7309292929293,0.06250395479420247,0.9921212121212121,19.649057344854675,110.0,35.148,69.136,0.48943477936235347,0.9112302651176646,0,0.06696779261586802,1.0
11,5,bsps,0.2,1.0,100,22,16.72,546.993692929293,0.058574125326189316,0.9777777777777777,21.503555389221557,113.0,33.788,69.72,0.48536120096209673,0.8980540226546616,0,0.0782185628742515,1.0
12,5,bsps,0.2,1.0,100,19,14.364,546.9069454545455,0.06802094977709951,0.9727676767676767,19.23755226149753,111.0,33.576,69.252,0.4857075360264588,0.8980568853843988,0,0.07639680729760548,1.0
13,5,bsps,0.2,1.0,100,18,15.088,544.2361090909092,0.062129308491073204,0.934949494949495,20.353615336528442,112.0,34.98,68.232,0.4874387023764617,0.8901502504173623,0,0.0814753073556991,1.0
14,5,bsps,0.2,1.0,100,18,14.104,543.7918060606062,0.06641514411514413,0.9364848484848485,18.85485180673975,110.0,35.988,68.54,0.4872130642427977,0.8987148102815178,0,0.07592367032074705,1.0
15,5,bsps,0.2,1.0,100,18,14.232,545.7491151515152,0.06769420394420393,0.9605252525252526,18.919639278557113,111.0,35.184,69.96,0.48713550600343053,0.9045133558489408,0,0.07134268537074148,1.0
16,5,bsps,0.2,0.82,82,20,14.616,546.2904691358026,0.06645209746680333,0.9698765432098765,19.48066698888352,112.0,27.636,55.9,0.48736066878980894,0.9045151739452257,0,0.07394876752054133,1.0
17,5,bsps,0.2,0.97,97,20,15.636,546.4475208333334,0.062125465918204885,0.969875,20.092906086255542,112.0,33.524,67.944,0.48593481989708404,0.8941747572815534,0,0.07678355501813784,1.0
18,5,bsps,0.2,1.0,100,20,15.82,543.8142868686868,0.05906809391731993,0.9324444444444443,20.796581909128804,112.0,35.656,68.84,0.4863111251780345,0.8881748071979434,0,0.08357649020425177,1.0
19,5,bsps,0.2,1.0,100,19,15.76,543.992597979798,0.0596229425258837,0.9383030303030303,20.477034821619313,112.0,35.476,68.516,0.487535916750796,0.8968940121677874,0,0.07904293954283273,1.0
20,5,bsps,0.2,1.0,100,18,14.0,546.4291151515152,0.06939171199171199,0.9705050505050504,18.868569131832796,111.0,34.456,68.784,0.4877039581544227,0.9015982450642431,0,0.0727491961414791,1.0
21,5,bsps,0.2,1.0,100,18,14.532,545.9911919191919,0.06670832542383345,0.9662222222222223,20.843178473828043,112.0,34.936,67.968,0.4879335764724141,0.8975265017667845,0,0.08114357788522178,1.0
22,5,bsps,0.2,0.97,97,17,14.12,544.6454875000001,0.06709144258519258,0.9465416666666667,20.483010752688173,112.0,33.996,65.632,0.48722556449722637,0.8953452046235552,0,0.0853763440860215,1.0
23,5,bsps,0.2,0.97,97,19,15.388,547.7978583333334,0.06484272613960114,0.9966666666666666,21.182243985522675,113.0,33.852,67.356,0.4868077214869763,0.8929684793903706,0,0.07621886310410901,1.0
24,5,bsps,0.2,1.0,100,18,14.336,547.0983191919191,0.06859489254391216,0.9815353535353536,19.494484226824074,112.0,33.552,68.448,0.4873859807708111,0.9081356949864905,0,0.07199535513837817,1.0
25,5,bsps,0.2,0.99,99,18,15.056,544.5019020408164,0.06258561274326581,0.9411020408163265,19.398080065359476,111.0,34.528,67.808,0.48791348600508905,0.9013862633900441,0,0.07475490196078431,1.0
26,5,bsps,0.2,1.0,100,20,16.624,546.9608000000001,0.05881909293931998,0.9771717171717171,20.364909550671076,112.0,33.316,69.596,0.4870046868342565,0.9029096477794794,0,0.07527718342734876,1.0
27,5,bsps,0.2,1.0,100,19,14.208,547.6350545454546,0.06932513684572507,0.9831515151515151,18.32887226923834,110.0,33.432,70.192,0.4863137190624488,0.8978168587022438,0,0.07341074591615823,1.0
28,5,bsps,0.2,1.0,100,18,14.404,543.4577373737374,0.06405856997033467,0.9218181818181819,19.189898588188505,111.0,34.636,67.988,0.48762588804746665,0.9009714822939517,0,0.07615828196460529,1.0
29,5,bsps,0.2,1.0,100,18,15.112,546.1642343434345,0.06430729433964728,0.9706262626262626,19.38938938938939,111.0,35.0,69.608,0.48671984211824687,0.894464227905471,0,0.07407407407407407,1.0
30,5,bsps,0.2,0.93,93,19,14.14,547.7241043478263,0.0708699071424455,0.9989565217391304,19.88095238095238,112.0,32.536,63.72,0.48769665187575634,0.9096870342771982,0,0.07163382594417077,1.0
31,5,bsps,0.2,1.0,100,17,13.604,545.7601171717173,0.0708260408436879,0.9615353535353535,19.13018943974204,111.0,34.94,68.832,0.4875696023841267,0.9024315173899662,0,0.07335751713018944,1.0
32,5,bsps,0.2,1.0,100,20,15.496,546.693503030303,0.06298596530557314,0.9742626262626262,19.550180917920397,111.0,34.024,69.624,0.487121624776282,0.902618417181524,0,0.0738906874880975,1.0
33,5,bsps,0.2,1.0,100,19,15.436,548.2158787878789,0.06508674103865023,1.0033131313131314,19.461928934010153,112.0,34.768,70.352,0.4880962120592326,0.9022134126197555,0,0.06761421319796955,1.0
34,5,bsps,0.2,1.0,100,18,14.38,546.6543151515152,0.06788640197855886,0.9745454545454546,19.501806503412283,111.0,33.968,68.62,0.48752318327432137,0.9059910771191841,0,0.0718586912886391,1.0
35,5,bsps,0.2,1.0,100,24,19.448,541.7943555555555,0.0460608187529848,0.8919191919191919,22.141765533882968,113.0,35.068,69.4,0.4869741242738954,0.9023545706371191,0,0.07359742610094511,1.0
36,5,bsps,0.2,0.97,97,21,15.824,541.3848500000001,0.056530534323490984,0.8934583333333334,21.18658280922432,113.0,34.136,64.648,0.4868796140632995,0.9013729335948445,0,0.0819706498951782,1.0
37,5,bsps,0.2,0.96,96,21,16.664,549.1731242105265,0.061029163294837076,1.0133473684210528,21.5214864023251,113.0,33.1,67.44,0.4865211810012837,0.8990857946554149,0,0.07452771434502803,1.0
38,5,bsps,0.2,1.0,100,17,14.0,544.2217575757577,0.06764359932996297,0.9445656565656566,19.59387923904053,111.0,35.808,67.572,0.48790778271679347,0.9011465757669662,0,0.07547559966914806,1.0
39,5,bsps,0.2,1.0,100,19,14.652,545.4506545454545,0.06525741702016212,0.955030303030303,19.534195933456562,111.0,34.456,69.1,0.4876210979547901,0.9032461393003467,0,0.07660710618196755,1.0
40,5,bsps,0.2,1.0,100,18,14.324,547.655995959596,0.06967944582650465,0.9951515151515151,20.789311408016445,113.0,35.524,69.392,0.4867475848402279,0.8986938515450781,0,0.08016443987667009,1.0
41,5,bsps,0.2,1.0,100,19,14.672,545.9193616161616,0.06553662971015914,0.9602020202020203,20.63593658250147,113.0,33.572,67.948,0.4853363085750717,0.895422943221321,0,0.08181640242708944,1.0
42,5,bsps,0.2,1.0,100,17,14.152,546.3188363636365,0.0688248255012961,0.971878787878788,19.3220536756126,111.0,35.184,68.784,0.48686679174484054,0.8996259351620948,0,0.07390120575651497,1.0
43,5,bsps,0.2,0.96,96,20,14.532,545.4876,0.06627584861303129,0.9547789473684211,19.223248006714226,110.0,32.864,65.244,0.4874538745387454,0.9002898550724637,0,0.07826269408308854,1.0
44,5,bsps,0.2,1.0,100,19,15.08,544.5594626262626,0.06271936284485305,0.9443636363636363,20.191029235082098,112.0,35.536,68.916,0.48685313619388765,0.8990825688073395,0,0.07749299158990788,1.0
45,5,bsps,0.2,1.0,100,17,14.112,547.4176363636365,0.0701455081955082,0.9886464646464647,19.66686626746507,111.0,34.156,68.632,0.48717948717948717,0.9030915576694412,0,0.07684630738522955,1.0
46,5,bsps,0.2,0.99,99,19,15.388,545.6200448979592,0.0627024183396127,0.9628571428571429,20.764406434534717,112.0,34.66,68.136,0.4871732817037754,0.897229381443299,0,0.07717369171248219,1.0
47,5,bsps,0.2,1.0,100,19,15.12,543.4045414141415,0.06092498703184978,0.9174545454545454,19.363247863247864,111.0,34.98,68.7,0.4871739287520775,0.9033051078940181,0,0.07303807303807304,1.0
48,5,bsps,0.2,0.99,99,18,15.1,543.769787755102,0.06173878261927482,0.929265306122449,20.008121827411166,112.0,35.292,68.452,0.4868047097036135,0.8998430141287285,0,0.07573604060913705,1.0
49,5,bsps,0.2,1.0,100,18,14.78,542.1817777777777,0.06147109676815559,0.906989898989899,19.591326105087575,112.0,36.12,67.84,0.4881895539906103,0.9032066508313539,0,0.07589658048373644,1.0
0,5,baps,0.2,0.99,99,19,12.0,528.7320040816328,0.04246315789473684,0.6934285714285714,59.998738700861885,119.0,32.8,53.628,0.51294405879951,0.5452211126961484,0,0.4546983392894682,1.0
1,5,baps,0.2,1.0,100,18,12.308,534.6076323232323,0.05359724226390894,0.784969696969697,57.657706439760204,118.0,32.656,57.684,0.5129887886245557,0.5443732845379688,0,0.42177528524463354,1.0
2,5,baps,0.2,1.0,100,20,13.004,531.0768848484848,0.046681481481481484,0.7331313131313131,58.45214659685864,120.0,34.688,57.636,0.5127393838467943,0.5472222222222223,0,0.42345549738219895,1.0
3,5,baps,0.2,0.99,99,18,12.0,529.2835102040816,0.044863945578231285,0.7001224489795919,57.38211382113821,118.0,32.628,54.62,0.5128389154704944,0.5465317919075144,0,0.4349593495934959,1.0
4,5,baps,0.2,1.0,100,19,12.0,529.2207555555556,0.04473322700691122,0.7021818181818181,59.879890618426586,119.0,33.396,54.456,0.5139542176230794,0.5509444762449914,0,0.44615061001262096,1.0
5,5,baps,0.2,0.97,97,19,12.5,530.5084041666668,0.045353070175438596,0.717625,57.89061884115097,119.0,31.572,54.232,0.5144439094848339,0.5475184794086589,0,0.4389042175798187,1.0
6,5,baps,0.2,1.0,100,21,13.956,531.4278828282829,0.04243963443963444,0.7401212121212123,60.414609872611464,121.0,33.808,56.54,0.5105315947843531,0.5429864253393665,0,0.43929140127388533,1.0
7,5,baps,0.2,1.0,100,18,12.0,529.3345414141415,0.04725925925925926,0.7042424242424242,57.722301863608436,118.0,34.532,56.376,0.5109080885248484,0.550520686743597,0,0.4317018226500102,1.0
8,5,baps,0.2,1.0,100,22,13.996,527.8052404040404,0.03801330039208827,0.6781010101010102,59.92652367806328,121.0,34.536,55.932,0.5087618264088852,0.5460420032310178,0,0.42726693565512847,1.0
9,5,baps,0.2,1.0,100,21,12.592,527.1631676767678,0.03844290524290524,0.6675555555555557,63.31451110649782,121.0,33.204,53.396,0.5128552097428958,0.5469886528949666,0,0.462736142827486,1.0
10,5,baps,0.2,1.0,100,22,14.032,531.4284363636364,0.04205553369189732,0.7365252525252525,59.12411626080126,122.0,32.936,55.176,0.5126784087458245,0.5466741196198994,0,0.4293008641005499,1.0
11,5,baps,0.2,1.0,100,22,14.308,530.531006060606,0.03829612138703048,0.7189494949494949,60.61096556886228,122.0,32.036,55.356,0.5136394442561844,0.5435606060606061,0,0.438061377245509,1.0
12,5,baps,0.2,1.0,100,19,12.0,529.4442545454547,0.04303540669856459,0.6985454545454545,60.996389205625235,119.0,31.864,54.26,0.5139291465378422,0.5451697127937337,0,0.45343975674648423,1.0
13,5,baps,0.2,1.0,100,18,12.144,529.4370101010101,0.04577328843995511,0.7034747474747475,56.92290060429256,118.0,34.112,56.128,0.5126153846153846,0.5504615384615384,0,0.4282142112940196,1.0
14,5,baps,0.2,1.0,100,18,11.62,527.5354101010103,0.04129248035914703,0.6744242424242425,60.17214778725132,118.0,33.004,53.636,0.512588512981904,0.5457627118644067,0,0.4561510353227771,1.0
15,5,baps,0.2,1.0,100,18,11.5,528.97858989899,0.04491223344556677,0.692969696969697,60.09278557114229,118.0,32.22,54.424,0.513837945981994,0.5473744292237442,0,0.45110220440881765,1.0
16,5,baps,0.2,0.82,82,20,13.14,530.844913580247,0.04325079365079365,0.7301234567901235,58.81295311744804,120.0,27.568,46.068,0.5121455432462648,0.5410511851597389,0,0.43112614789753506,1.0
17,5,baps,0.2,0.97,97,20,12.54,528.4128499999999,0.03718055555555556,0.6790416666666668,59.819629181781536,119.0,29.892,51.54,0.513000087542677,0.5446348061316502,0,0.4558645707376058,1.0
18,5,baps,0.2,1.0,100,20,13.356,529.2063797979799,0.04154165464165464,0.7032323232323232,58.296790329303875,120.0,34.412,56.32,0.5126653759277187,0.5468097793679189,0,0.4314297624010004,1.0
19,5,baps,0.2,1.0,100,19,13.5,529.4259272727272,0.04182721956406167,0.709939393939394,58.20166631061739,119.0,34.9,56.592,0.5121912602913237,0.5507719714964371,0,0.4302499465926084,1.0
20,5,baps,0.2,1.0,100,18,12.248,532.1154424242425,0.05104184704184705,0.7519595959595958,56.442725080385856,118.0,34.672,57.808,0.5127203126246113,0.5460849465472407,0,0.4188102893890675,1.0
21,5,baps,0.2,1.0,100,18,12.172,532.9533010101011,0.053397466730800064,0.7668686868686868,55.22619297876813,118.0,34.744,57.832,0.5117437722419929,0.5463487332339791,0,0.40634853899516504,1.0
22,5,baps,0.2,0.97,97,17,11.32,529.1525458333334,0.04683766339869281,0.7022083333333332,58.95935483870968,117.0,32.412,52.912,0.5122359505779195,0.5444283646888567,0,0.44731182795698926,1.0
23,5,baps,0.2,0.97,97,19,13.144,531.5919875000001,0.044596843671679195,0.7411666666666668,59.71747924206941,119.0,32.048,54.1,0.5125032224800207,0.5467394796016705,0,0.4298488396849053,1.0
24,5,baps,0.2,1.0,100,18,11.584,531.0312565656566,0.0485586660253327,0.7302222222222222,59.344493903619124,118.0,32.804,55.548,0.5129799210283121,0.5429524603836531,0,0.4404877104702922,1.0
25,5,baps,0.2,0.99,99,18,12.828,529.7458530612246,0.04447214123744736,0.7108571428571429,55.307598039215684,117.0,34.084,56.124,0.5107849497242946,0.5441778818022235,0,0.4170751633986928,1.0
26,5,baps,0.2,1.0,100,20,13.304,530.3137535353536,0.041179365079365086,0.7171717171717171,60.846916942229136,119.0,32.528,55.616,0.5131578947368421,0.5428490351872872,0,0.4545808208519743,1.0
27,5,baps,0.2,1.0,100,19,13.024,532.287098989899,0.04717741323004481,0.7465858585858586,54.996851013580006,119.0,33.496,58.108,0.513524830416213,0.5470637819612251,0,0.41763432395197797,1.0
28,5,baps,0.2,1.0,100,18,12.06,529.4091070707071,0.046841430174763506,0.7044040404040404,56.108769138993836,118.0,34.208,56.472,0.512010817690105,0.5475495915985997,0,0.4203619009743488,1.0
29,5,baps,0.2,1.0,100,18,11.548,529.6814424242425,0.04526798140131474,0.7067070707070708,59.402602602602606,118.0,31.844,54.176,0.5140697186056279,0.5500747384155455,0,0.45025025025025023,1.0
30,5,baps,0.2,0.93,93,19,11.708,530.8527173913043,0.04658237986270024,0.7316086956521739,61.39449917898194,119.0,30.252,50.28,0.5140125288493241,0.546987285793256,0,0.4468390804597701,1.0
31,5,baps,0.2,1.0,100,17,10.892,529.4688646464647,0.04901720284073225,0.705090909090909,59.79201934703749,117.0,32.828,54.476,0.5115553778488604,0.5467811158798284,0,0.4518339379282547,1.0
32,5,baps,0.2,1.0,100,20,13.408,530.4311595959597,0.04149499759499759,0.7178585858585859,58.307560464673394,120.0,32.924,56.172,0.5134278697615464,0.5467328370554178,0,0.4262045324700057,1.0
33,5,baps,0.2,1.0,100,19,13.888,532.8093818181818,0.04565872172012523,0.7628686868686868,56.38984771573604,118.0,34.2,58.112,0.511849132176235,0.5434782608695652,0,0.40974619289340103,1.0
34,5,baps,0.2,1.0,100,18,12.108,530.7902505050505,0.04655026455026455,0.726020202020202,58.270774789241266,118.0,32.912,55.644,0.513953488372093,0.547787610619469,0,0.4339622641509434,1.0
35,5,baps,0.2,1.0,100,24,15.5,525.850387878788,0.02931168831168831,0.6377373737373737,63.278302835310676,124.0,32.628,54.264,0.5129724391776641,0.546448087431694,0,0.4520410215161874,1.0
36,5,baps,0.2,0.97,97,21,13.0,527.9213375000002,0.041409126984126986,0.684125,61.611111111111114,121.0,33.46,53.568,0.5115984187364809,0.5448868071818892,0,0.4463312368972746,1.0
37,5,baps,0.2,0.96,96,21,13.084,531.6058357894738,0.043538446115288225,0.7362105263157893,61.793439900352915,121.0,30.36,52.4,0.5133165124754696,0.5467366349622828,0,0.44965746315133903,1.0
38,5,baps,0.2,1.0,100,17,11.58,530.0713818181819,0.04935845853492913,0.7225454545454545,57.013440860215056,117.0,34.544,55.82,0.511522507297588,0.5442274554853532,0,0.4303143093465674,1.0
39,5,baps,0.2,1.0,100,19,12.5,529.5799515151516,0.04341555909976962,0.7066262626262627,60.07332101047443,118.0,33.428,55.692,0.5131000676132522,0.545348156816852,0,0.447935921133703,1.0
40,5,baps,0.2,1.0,100,18,11.556,531.4629010101011,0.049788103254769914,0.738060606060606,60.609660842754366,118.0,32.412,54.74,0.513151239251391,0.5460448642266824,0,0.4511819116135663,1.0
41,5,baps,0.2,1.0,100,19,12.5,530.6517737373738,0.04571150097465887,0.7257373737373737,60.05558817772558,119.0,33.644,55.996,0.5142880403810144,0.5472154963680388,0,0.4407907614014484,1.0
42,5,baps,0.2,1.0,100,17,11.424,532.060084848485,0.054240681323034265,0.7503838383838384,55.674251264099574,117.0,33.956,56.872,0.5132976599313154,0.547858580051739,0,0.41520809023726174,1.0
43,5,baps,0.2,0.96,96,20,12.524,530.0591578947368,0.04542456140350877,0.7166736842105262,58.7211498111624,120.0,32.792,53.688,0.5125235050770967,0.5465587044534413,0,0.4429290809903483,1.0
44,5,baps,0.2,1.0,100,19,11.992,528.486290909091,0.04282977139819245,0.6884444444444444,61.0678814577493,119.0,33.144,54.476,0.5123145054774298,0.543675943786167,0,0.45454545454545453,1.0
45,5,baps,0.2,1.0,100,17,11.076,531.0081777777777,0.04990087994793878,0.7284444444444444,58.54830339321357,117.0,32.06,54.588,0.5138081395348837,0.547566371681416,0,0.4407185628742515,1.0
46,5,baps,0.2,0.99,99,19,12.548,530.6527632653061,0.04563142550253184,0.7275510204081633,59.65648544084708,119.0,33.184,55.324,0.5123680738786279,0.5444839857651246,0,0.4392180818570556,1.0
47,5,baps,0.2,1.0,100,19,12.2,528.0627717171718,0.043498068403331556,0.6776969696969698,59.416472416472416,119.0,33.46,55.276,0.5122887297955568,0.5421412300683371,0,0.4421134421134421,1.0
48,5,baps,0.2,0.99,99,18,11.1,527.3258571428573,0.04188163265306123,0.6652653061224489,60.41380710659899,118.0,31.688,52.692,0.5135896586012595,0.5477855477855478,0,0.45928934010152284,1.0
49,5,baps,0.2,1.0,100,18,12.58,527.7489898989899,0.042367003367003365,0.680040404040404,57.82256046705588,118.0,35.06,55.752,0.5118245771591079,0.5439802089059923,0,0.43369474562135113,1.0
0,5,lt,0.2,0.99,99,19,14.66,535.5860489795921,0.053380874483799856,0.816,48.357998738700864,117.0,37.54,62.236,0.49902216427640156,0.5678550891316849,0,0.3550557073786,1.0
1,5,lt,0.2,1.0,100,18,15.516,541.3836404040404,0.056510477177143845,0.8991515151515151,47.89421775285245,118.0,36.556,65.936,0.5026416469302241,0.566320293398533,0,0.33146393347514985,1.0
2,5,lt,0.2,1.0,100,20,14.896,536.6986343434344,0.05429713140230074,0.8281616161616162,47.39434554973822,118.0,37.296,64.064,0.49829691783667024,0.5717398070339247,0,0.3382198952879581,1.0
3,5,lt,0.2,0.99,99,18,13.356,536.0388367346939,0.05941445669176761,0.819795918367347,44.57607433217189,115.0,36.84,62.924,0.5011532649327924,0.5611321855850598,0,0.33120402632597756,1.0
4,5,lt,0.2,1.0,100,19,12.72,535.9515797979799,0.06330954314385688,0.8185858585858586,47.554480437526294,115.0,37.1,62.316,0.4953388170779475,0.575896700143472,0,0.359697097181321,1.0
5,5,lt,0.2,0.97,97,19,14.944,538.5053541666667,0.0564342181851373,0.8528333333333332,43.88510051241624,116.0,35.692,63.736,0.4827779109725885,0.5921862456515922,0,0.31710681907765076,1.0
6,5,lt,0.2,1.0,100,21,14.256,536.9198464646465,0.05763837865789269,0.8302222222222222,50.16500796178344,117.0,35.804,62.548,0.5001668891855807,0.5583048919226393,0,0.37519904458598724,1.0
7,5,lt,0.2,1.0,100,18,13.844,534.4903070707072,0.05575044404001624,0.7934545454545455,47.08130247798484,116.0,38.256,63.444,0.49980335090065287,0.5597964376590331,0,0.3528568502969486,1.0
8,5,lt,0.2,1.0,100,22,17.744,534.2716848484849,0.044398523417873266,0.7895757575757575,46.777235081758334,117.0,38.908,64.716,0.4919043313881811,0.5718456049302627,0,0.32406031004459546,1.0
9,5,lt,0.2,1.0,100,21,14.732,534.1344161616162,0.0530466167819109,0.7912727272727272,48.52439277558646,117.0,38.684,63.06,0.499960263848049,0.5604331284752707,0,0.3541623417064563,1.0
10,5,lt,0.2,1.0,100,22,14.828,537.0714989898992,0.0537389203035136,0.8330505050505049,49.733110761979574,119.0,35.908,61.54,0.5086292100661446,0.5490686683347233,0,0.3619402985074627,1.0
11,5,lt,0.2,1.0,100,22,17.24,537.884,0.04859882068014163,0.8494545454545455,46.748315868263475,118.0,37.824,65.68,0.4952236030095528,0.5679651321165895,0,0.32316616766467066,1.0
12,5,lt,0.2,1.0,100,19,13.892,538.5972161616162,0.06004553106825834,0.8547070707070706,45.05473204104903,116.0,36.38,64.8,0.49215922798552475,0.5711664482306684,0,0.33352337514253133,1.0
13,5,lt,0.2,1.0,100,18,13.988,536.3375595959598,0.05763060088060088,0.8197575757575758,45.2881850385497,115.0,36.648,63.288,0.5051799554907528,0.5598011804908357,0,0.33381954573869554,1.0
14,5,lt,0.2,1.0,100,18,13.604,534.3054383838385,0.056533348637894096,0.7945454545454547,47.505278116118554,116.0,37.16,62.04,0.5064782096584217,0.5544807965860598,0,0.3583028826634186,1.0
15,5,lt,0.2,1.0,100,18,14.28,536.8552121212122,0.056001664896139045,0.8301818181818182,47.52084168336673,117.0,37.216,64.476,0.5060451930292671,0.5540347875677217,0,0.34248496993987976,1.0
16,5,lt,0.2,0.82,82,20,13.564,535.6982567901235,0.056169190818864026,0.813037037037037,50.07104881585307,117.0,29.332,50.472,0.5057471264367817,0.5553271668379582,0,0.3697438376027066,1.0
17,5,lt,0.2,0.97,97,20,15.192,537.2516,0.05312969509384951,0.8385,44.6962918178154,118.0,36.608,63.264,0.5007430719468485,0.5602536997885835,0,0.3212414349052801,1.0
18,5,lt,0.2,1.0,100,20,14.372,535.0733454545455,0.05497633614817215,0.8017373737373737,48.31471446436015,116.0,36.692,62.808,0.5054387237128354,0.5537586103623839,0,0.36160900375156313,1.0
19,5,lt,0.2,1.0,100,19,14.976,534.573890909091,0.052152900676026674,0.7991111111111111,48.906430249946595,117.0,37.332,62.492,0.5086942775845716,0.5531660692951016,0,0.36210211493270666,1.0
20,5,lt,0.2,1.0,100,18,13.184,537.9512606060607,0.06341479951025406,0.8473535353535352,45.177451768488744,115.0,36.42,63.688,0.5030626044069684,0.5657626130067075,0,0.3390273311897106,1.0
21,5,lt,0.2,1.0,100,18,13.992,537.2149252525253,0.05816435332344423,0.8382222222222222,48.227244061383225,116.0,36.672,62.488,0.5012642225031606,0.5675837320574163,0,0.35295354214841285,1.0
22,5,lt,0.2,0.97,97,17,12.556,534.854275,0.061730397727272714,0.8008333333333333,50.5705376344086,114.0,35.252,59.284,0.5100414408670705,0.5460602549246814,0,0.390752688172043,1.0
23,5,lt,0.2,0.97,97,19,14.504,538.579425,0.05691370724791777,0.860875,47.71066638279753,118.0,35.444,61.764,0.5,0.5694980694980695,0,0.33468171173089206,1.0
24,5,lt,0.2,1.0,100,18,13.6,537.9416444444446,0.06148883977974887,0.8524848484848485,46.47784013934585,115.0,36.596,63.496,0.49111036564911104,0.5743847874720358,0,0.3441068318173021,1.0
25,5,lt,0.2,0.99,99,18,14.296,534.6669836734694,0.054144119186135986,0.7965714285714286,47.56638071895425,115.0,36.268,61.416,0.507329715720418,0.5506905671466353,0,0.3590686274509804,1.0
26,5,lt,0.2,1.0,100,20,16.168,536.5166181818182,0.050131206556696756,0.8244040404040404,48.80023341762303,116.0,35.92,63.42,0.5087887225896276,0.54903078677309,0,0.3581015366660183,1.0
27,5,lt,0.2,1.0,100,19,14.048,538.2394383838384,0.05841286303318389,0.8450909090909091,45.65833497343043,117.0,35.696,64.62,0.5043035012952285,0.5607132748372488,0,0.3416650265695729,1.0
28,5,lt,0.2,1.0,100,18,14.456,534.4867353535356,0.05305964242728949,0.7905050505050505,46.887651620600515,116.0,37.016,62.86,0.49531448538754763,0.5718896713615024,0,0.343408232252933,1.0
29,5,lt,0.2,1.0,100,18,15.036,536.5116646464646,0.053440366459974305,0.8285252525252526,47.395595595595594,117.0,36.996,63.656,0.5055000419850533,0.5588147261299012,0,0.34494494494494493,1.0
30,5,lt,0.2,0.93,93,19,12.968,539.3088,0.06680755928853756,0.878304347826087,47.28776683087028,115.0,34.428,59.116,0.4997532894736842,0.5662952646239554,0,0.3458538587848933,1.0
31,5,lt,0.2,1.0,100,17,13.028,536.2160282828282,0.06242723337268792,0.8220606060606062,47.880290205562275,115.0,36.892,62.896,0.4984433623373513,0.560898358767636,0,0.3607416364369206,1.0
32,5,lt,0.2,1.0,100,20,15.076,538.1333858585858,0.055757337071062556,0.851919191919192,44.50942677585222,115.0,36.932,65.072,0.49465854237556384,0.5740381954054802,0,0.3258426966292135,1.0
33,5,lt,0.2,1.0,100,19,14.684,539.3564242424243,0.057981722707212906,0.8744646464646465,45.42416243654822,117.0,36.78,64.984,0.5033344448149383,0.5583896742470805,0,0.32791878172588834,1.0
34,5,lt,0.2,1.0,100,18,14.216,537.2338747474748,0.05783333464911006,0.8360000000000001,48.385186672019266,116.0,35.736,62.632,0.5070979953540394,0.5567071365116968,0,0.3562826174227218,1.0
35,5,lt,0.2,1.0,100,24,18.856,532.6192121212122,0.03868355296395287,0.7572525252525253,49.54614920571084,123.0,38.208,64.308,0.5028208113190651,0.5585468699318845,0,0.3396340237281319,1.0
36,5,lt,0.2,0.97,97,21,15.076,531.6323541666668,0.04728768922354448,0.7464583333333332,53.49937106918239,118.0,35.56,58.372,0.5099530306419146,0.545217617930675,0,0.3960167714884696,1.0
37,5,lt,0.2,0.96,96,21,16.344,541.0227115789473,0.05474467694997595,0.9002526315789473,45.46647290844924,117.0,36.584,64.04,0.5042974588938715,0.557124097176625,0,0.31637948930869836,1.0
38,5,lt,0.2,1.0,100,17,12.652,534.2636080808081,0.05813683627721061,0.7983434343434344,50.88813068651778,117.0,37.932,61.488,0.5064545873674504,0.5484796328169822,0,0.3728287841191067,1.0
39,5,lt,0.2,1.0,100,19,15.424,535.7158101010101,0.051133195236136415,0.8138585858585858,48.5150955021565,116.0,38.024,64.372,0.4955677501055298,0.5659324522760646,0,0.35058533579790513,1.0
40,5,lt,0.2,1.0,100,18,13.252,537.940787878788,0.06272117671065978,0.8532929292929293,50.63967112024666,117.0,37.164,63.112,0.5085901970692269,0.5527251184834123,0,0.36916752312435763,1.0
41,5,lt,0.2,1.0,100,19,13.956,535.5372282828283,0.05607573206815631,0.8042828282828284,51.856723429242514,117.0,34.392,60.528,0.5118398567824884,0.5505254648342764,0,0.3877471129379526,1.0
42,5,lt,0.2,1.0,100,17,12.84,536.2495676767677,0.06116559534741353,0.8199191919191919,47.27887981330222,115.0,36.124,61.916,0.5032742373422776,0.558654399079931,0,0.3541423570595099,1.0
43,5,lt,0.2,0.96,96,20,13.204,535.7477094736842,0.06011169590643274,0.8103157894736842,49.00692404532102,117.0,34.228,59.072,0.4998124671817568,0.5584627964022895,0,0.3736886277801091,1.0
44,5,lt,0.2,1.0,100,19,14.032,535.7432565656567,0.05659019545516872,0.8158787878787879,46.99919903884662,116.0,37.664,63.616,0.4988359459878938,0.5597675705589374,0,0.3460152182619143,1.0
45,5,lt,0.2,1.0,100,17,13.108,537.6219797979799,0.06313397192033555,0.8462626262626263,48.01177644710579,114.0,36.344,62.752,0.49632797998547334,0.571072319201995,0,0.3596806387225549,1.0
46,5,lt,0.2,0.99,99,19,14.768,536.533224489796,0.054726136878503084,0.8296734693877551,48.020158827122785,117.0,36.728,62.792,0.5033683864607296,0.5564903846153846,0,0.34697617593158214,1.0
47,5,lt,0.2,1.0,100,19,14.452,534.4928565656566,0.05324057329084067,0.7849292929292929,48.44114219114219,117.0,36.688,63.056,0.49800855583419384,0.5611364789446981,0,0.35567210567210567,1.0
48,5,lt,0.2,0.99,99,18,14.356,534.6185836734695,0.05402244512523624,0.7963265306122448,46.79756345177665,116.0,37.98,63.296,0.5095198675496688,0.5538011695906433,0,0.3461928934010152,1.0
49,5,lt,0.2,1.0,100,18,13.56,533.6045575757577,0.056484021138299215,0.7787878787878788,47.992493744787325,115.0,37.496,62.176,0.5044102257437584,0.5577029265599116,0,0.36259382819015845,1.0
0,5,ewma,0.2,0.99,99,19,15.132,542.3272530612246,0.06056388406914723,0.9126530612244897,28.897414336766868,114.0,35.488,65.908,0.4832074562108308,0.7893462469733656,0,0.16670170275383644,1.0
1,5,ewma,0.2,1.0,100,18,14.88,547.7053292929293,0.06662706759471466,0.9875959595959597,28.37033455811255,115.0,33.992,68.916,0.48294386247649745,0.7938980850373255,0,0.1520015470895378,1.0
2,5,ewma,0.2,1.0,100,20,15.528,542.9431757575758,0.059323597027518604,0.9187474747474749,29.681465968586387,115.0,35.564,67.724,0.48303622771707877,0.7783555411114722,0,0.1669109947643979,1.0
3,5,ewma,0.2,0.99,99,18,14.244,542.2748571428573,0.06394384605990248,0.9100816326530612,27.416957026713124,113.0,35.24,66.632,0.4813006849854342,0.7805395574416489,0,0.1616337591947348,1.0
4,5,ewma,0.2,1.0,100,19,14.096,542.3493575757576,0.06481865911865912,0.912,29.13651661758519,114.0,35.852,66.292,0.4832157531591596,0.7896150402864817,0,0.17122423222549432,1.0
5,5,ewma,0.2,0.97,97,19,14.98,544.1405375,0.06252818032071128,0.9340416666666667,27.704966495861253,114.0,33.66,66.408,0.4809776160721348,0.7931799279179373,0,0.1584548679542767,1.0
6,5,ewma,0.2,1.0,100,21,15.244,544.3792727272728,0.06200876539086033,0.9422626262626262,29.235668789808916,115.0,34.888,67.528,0.48215166968251355,0.7953321364452424,0,0.16560509554140126,1.0
7,5,ewma,0.2,1.0,100,18,13.784,540.7692121212121,0.06445457538104597,0.8842828282828282,28.763669875076797,113.0,35.956,66.556,0.48147285015147984,0.7847201658276577,0,0.1744828998566455,1.0
8,5,ewma,0.2,1.0,100,22,16.712,539.3046909090909,0.05186521237238472,0.8637575757575757,29.248672754300276,115.0,37.116,67.064,0.48457541808735183,0.7892223738062756,0,0.15799532809513697,1.0
9,5,ewma,0.2,1.0,100,21,15.66,540.0382545454546,0.05631493827809617,0.8778585858585859,30.515881253892463,115.0,37.232,66.44,0.4830428638718794,0.778969957081545,0,0.17645837658293545,1.0
10,5,ewma,0.2,1.0,100,22,15.96,545.0596888888889,0.06008606931997025,0.9541414141414141,28.727415553809898,116.0,35.864,67.556,0.4825127589312519,0.7825452422650321,0,0.1586802827965436,1.0
11,5,ewma,0.2,1.0,100,22,16.52,544.5387030303032,0.057247732546855355,0.9427474747474747,28.921594311377245,115.0,34.576,68.388,0.48062984253936514,0.79839862739491,0,0.15475299401197604,1.0
12,5,ewma,0.2,1.0,100,19,13.98,544.7425333333334,0.06765214474572764,0.941939393939394,26.554161915621435,113.0,34.208,68.02,0.48178650617675006,0.8012147984538929,0,0.15222348916761688,1.0
13,5,ewma,0.2,1.0,100,18,14.78,541.9025010101011,0.06104850215144333,0.9012121212121212,28.39049802042092,114.0,35.496,66.772,0.48570561917039506,0.7786483839373164,0,0.16211710773077725,1.0
14,5,ewma,0.2,1.0,100,18,14.064,541.3237575757576,0.06412299367299368,0.900969696969697,27.789078359723913,113.0,36.56,67.032,0.48363579959671166,0.7809892729439809,0,0.1656516443361754,1.0
15,5,ewma,0.2,1.0,100,18,13.916,543.0716808080808,0.06646955760618861,0.9223434343434345,28.292184368737473,113.0,36.032,68.452,0.4814357454515518,0.7798985982702058,0,0.16753507014028057,1.0
16,5,ewma,0.2,0.82,82,20,14.568,543.8506617283952,0.06426472493052014,0.9350617283950616,27.75132914451426,114.0,28.244,54.8,0.4825656908782096,0.8018971178402043,0,0.1570807153214113,1.0
17,5,ewma,0.2,0.97,97,20,15.548,544.1248208333334,0.060328074611254764,0.9374583333333333,27.433696090286176,114.0,34.436,66.808,0.4819734345351044,0.7915082382762991,0,0.15155179363160015,1.0
18,5,ewma,0.2,1.0,100,20,15.684,541.4681818181818,0.05736940220273554,0.8985858585858584,28.652355147978323,114.0,36.292,67.44,0.4836248012718601,0.7867507886435331,0,0.16360983743226346,1.0
19,5,ewma,0.2,1.0,100,19,15.38,541.2791313131313,0.0585456413956414,0.899151515151515,29.663319803460798,114.0,36.272,66.964,0.48314958167174915,0.7732793522267206,0,0.17453535569322795,1.0
20,5,ewma,0.2,1.0,100,18,14.024,543.8421696969697,0.06676805786805787,0.934060606060606,27.367564308681672,113.0,35.284,67.328,0.48332156031708656,0.7873580853022399,0,0.15836012861736334,1.0
21,5,ewma,0.2,1.0,100,18,14.368,543.8461292929293,0.06525411222764164,0.9351515151515151,28.920958587344966,114.0,35.384,66.612,0.48473014137311565,0.792305286205818,0,0.16375867143157452,1.0
22,5,ewma,0.2,0.97,97,17,13.956,542.3868500000001,0.06553091613247863,0.9145416666666666,29.086236559139785,113.0,34.624,64.376,0.48250648635899046,0.786345626333435,0,0.1724731182795699,1.0
23,5,ewma,0.2,0.97,97,19,15.256,545.6466541666667,0.06335878376457421,0.9664583333333333,28.905684479454973,115.0,34.54,66.232,0.48421588594704684,0.7926500337154416,0,0.15456674473067916,1.0
24,5,ewma,0.2,1.0,100,18,14.196,544.1804606060607,0.06631594317084513,0.9404040404040405,29.35455777046642,113.0,34.456,66.848,0.4810399072694155,0.7831677381648159,0,0.17185988000774144,1.0
25,5,ewma,0.2,0.99,99,18,14.992,542.1838979591838,0.060798703547353,0.9097551020408163,27.460988562091504,113.0,35.696,66.812,0.4820529218962347,0.7926565874730022,0,0.15604575163398693,1.0
26,5,ewma,0.2,1.0,100,20,16.428,544.1665777777778,0.05712164281271608,0.9388686868686869,28.959540945341374,115.0,34.7,68.396,0.48136087068300626,0.7901531071750225,0,0.16241976269208325,1.0
27,5,ewma,0.2,1.0,100,19,14.228,545.2474222222222,0.0669260323554441,0.9500202020202021,26.678212950206653,113.0,34.408,68.956,0.4819296945747921,0.792126453921861,0,0.1578429443023027,1.0
28,5,ewma,0.2,1.0,100,18,14.396,541.1350020202021,0.06183516842634491,0.8888080808080808,27.776098627957843,113.0,35.368,66.7,0.4837899364157312,0.7951548604722478,0,0.1612646649433287,1.0
29,5,ewma,0.2,1.0,100,18,14.756,543.4997454545455,0.06328042970101794,0.9330505050505051,28.063663663663664,113.0,35.92,68.188,0.4825215374420146,0.7778477029578351,0,0.16416416416416416,1.0
30,5,ewma,0.2,0.93,93,19,13.52,545.0413608695653,0.07116891622869884,0.9596086956521739,28.949507389162562,113.0,32.892,62.088,0.48091603053435117,0.789871944121071,0,0.16522988505747127,1.0
31,5,ewma,0.2,1.0,100,17,13.508,543.2758545454546,0.06868207987298897,0.927111111111111,28.175130995566303,113.0,36.092,67.732,0.4820484494594808,0.7871956717763751,0,0.16465135026199113,1.0
32,5,ewma,0.2,1.0,100,20,15.316,544.3638787878788,0.06161859578330167,0.9416161616161617,27.54103980194249,114.0,34.912,68.416,0.48175696836830567,0.7906843013225991,0,0.15520853170824606,1.0
33,5,ewma,0.2,1.0,100,19,15.384,546.0156686868687,0.06330592113043094,0.9722020202020203,27.256649746192892,114.0,35.484,69.172,0.48231035050189236,0.7952196382428941,0,0.1449746192893401,1.0
34,5,ewma,0.2,1.0,100,18,14.348,544.281103030303,0.0658354510413334,0.9415353535353536,27.888197511039742,114.0,34.868,67.408,0.4825014829251758,0.8030634573304157,0,0.1553592934564432,1.0
35,5,ewma,0.2,1.0,100,24,19.088,539.2991797979798,0.045026463230697866,0.8567676767676766,29.92036999798914,117.0,36.248,68.18,0.48359133126934983,0.7962648556876061,0,0.15463502915745023,1.0
36,5,ewma,0.2,0.97,97,21,15.344,539.3142666666668,0.05650718045230913,0.86425,29.655555555555555,114.0,34.884,63.572,0.48321457430397413,0.7959857025020621,0,0.1708595387840671,1.0
37,5,ewma,0.2,0.96,96,21,16.328,546.7795073684212,0.06012761271679635,0.9798315789473684,29.00435955989205,116.0,33.904,66.22,0.483032091479159,0.7949070887818307,0,0.15154660577122692,1.0
38,5,ewma,0.2,1.0,100,17,13.908,541.9164040404041,0.06581058453331182,0.9122828282828283,28.009098428453267,113.0,36.6,66.352,0.4832967199454587,0.7929675659290694,0,0.1606699751861042,1.0
39,5,ewma,0.2,1.0,100,19,14.56,542.7612242424243,0.06308950461303402,0.9172525252525253,28.740809201067982,113.0,35.524,67.736,0.481537050929399,0.784506609283738,0,0.1698500718833436,1.0
40,5,ewma,0.2,1.0,100,18,14.312,545.4096363636364,0.06752093647093646,0.9629898989898991,28.950462487153136,114.0,36.076,68.048,0.4820287208433635,0.7936309709647206,0,0.1630010277492292,1.0
41,5,ewma,0.2,1.0,100,19,14.592,543.6667797979799,0.06364709745592098,0.9280808080808081,29.335290663534938,114.0,34.324,66.732,0.48072144288577157,0.7917730496453901,0,0.16911332941867294,1.0
42,5,ewma,0.2,1.0,100,17,13.964,544.0623636363638,0.06740166046075137,0.9391111111111111,27.375340334500194,113.0,35.672,67.364,0.4827287748839405,0.7894257064721969,0,0.15655387008945934,1.0
43,5,ewma,0.2,0.96,96,20,14.232,543.1697894736843,0.06546151193220444,0.9227368421052631,27.615190935795216,114.0,33.772,64.12,0.48384467170594336,0.7940673131774102,0,0.1642887117079312,1.0
44,5,ewma,0.2,1.0,100,19,14.828,542.1452202020203,0.06135362495166417,0.9092929292929294,28.10552663195835,114.0,36.1,67.42,0.4830806920839075,0.7955206515415939,0,0.15839006808169803,1.0
45,5,ewma,0.2,1.0,100,17,13.788,544.8355636363638,0.06927442994715721,0.9521616161616162,28.245309381237526,113.0,34.972,67.212,0.4812485070467394,0.7890148212728858,0,0.16487025948103792,1.0
46,5,ewma,0.2,0.99,99,19,15.336,543.2999265306123,0.060685544547489326,0.9297142857142858,28.77743840358379,114.0,35.32,66.824,0.48374280385956375,0.7912851278812757,0,0.15740175117084096,1.0
47,5,ewma,0.2,1.0,100,19,14.78,541.079991919192,0.06002461938932527,0.8848484848484848,27.81177156177156,114.0,35.812,67.42,0.4825205320154081,0.7928361400695001,0,0.1592851592851593,1.0
48,5,ewma,0.2,0.99,99,18,14.876,541.4558897959184,0.0605841562265932,0.897265306122449,28.0702538071066,114.0,36.244,67.256,0.4810550383798791,0.7876459741856177,0,0.1585786802030457,1.0
49,5,ewma,0.2,1.0,100,18,14.596,539.7021252525253,0.05988713486948781,0.8721616161616161,29.035237698081733,113.0,37.02,66.508,0.482868114015655,0.7828224407171775,0,0.17222685571309423,1.0
0,5,oracle,0.2,0.99,99,19,10.184,532.7341959183674,0.06382820099401731,0.6489387755102041,8.297456380071473,12.0,0.0,34.28,1.0,1.0,0,0.0,1.0
1,5,oracle,0.2,1.0,100,18,10.988,539.2269414141415,0.06810010023646387,0.7472323232323234,9.592922065364533,13.0,0.0,39.088,1.0,1.0,0,0.0,1.0
2,5,oracle,0.2,1.0,100,20,10.76,533.6328686868688,0.06163043410013107,0.6628282828282829,8.692565445026178,12.0,0.0,36.004,1.0,1.0,0,0.0,1.0
3,5,oracle,0.2,0.99,99,18,10.052,533.1385877551021,0.065047693576265,0.6553877551020408,7.521486643437863,11.0,0.0,35.416,1.0,1.0,0,0.0,1.0
4,5,oracle,0.2,1.0,100,19,9.504,532.8020242424243,0.06837391205876053,0.6498181818181817,8.053007993268826,11.0,0.0,34.284,1.0,1.0,0,0.0,1.0
5,5,oracle,0.2,0.97,97,19,11.212,535.1312666666669,0.06114082063769563,0.6857083333333333,8.590855340953883,12.0,0.0,36.416,1.0,1.0,0,0.0,1.0
6,5,oracle,0.2,1.0,100,21,10.188,535.1177818181818,0.0671709365830578,0.6851717171717172,8.26671974522293,12.0,0.0,36.66,1.0,1.0,0,0.0,1.0
7,5,oracle,0.2,1.0,100,18,9.468,531.7472080808082,0.06693397029457634,0.6342222222222222,7.382961294286299,10.0,0.0,34.552,1.0,1.0,0,0.0,1.0
8,5,oracle,0.2,1.0,100,22,10.764,530.2171232323233,0.0567633095299762,0.6112727272727273,8.18284136759397,12.0,0.0,34.072,1.0,1.0,0,0.0,1.0
9,5,oracle,0.2,1.0,100,21,10.04,530.6632888888889,0.061643408107044474,0.6176565656565656,8.231264272368694,11.0,0.0,33.392,1.0,1.0,0,0.0,1.0
10,5,oracle,0.2,1.0,100,22,10.224,535.3399515151516,0.06760570955419438,0.688040404040404,8.837588373919875,12.0,0.0,35.496,1.0,1.0,0,0.0,1.0
11,5,oracle,0.2,1.0,100,22,11.74,535.6532282828283,0.059145178403823676,0.6936161616161617,9.329715568862275,13.0,0.0,37.928,1.0,1.0,0,0.0,1.0
12,5,oracle,0.2,1.0,100,19,9.776,535.8929050505051,0.07125872006781099,0.6970505050505049,7.613074876472824,11.0,0.0,37.576,1.0,1.0,0,0.0,1.0
13,5,oracle,0.2,1.0,100,18,10.604,532.7341616161617,0.0611322731140913,0.6490909090909092,8.44175869972911,12.0,0.0,35.036,1.0,1.0,0,0.0,1.0
14,5,oracle,0.2,1.0,100,18,9.952,531.2989292929294,0.0628369462187644,0.6274747474747474,7.52436053593179,11.0,0.0,34.348,1.0,1.0,0,0.0,1.0
15,5,oracle,0.2,1.0,100,18,10.06,533.9366020202021,0.06631173899052686,0.6675555555555557,7.943286573146293,11.0,0.0,36.556,1.0,1.0,0,0.0,1.0
16,5,oracle,0.2,0.82,82,20,9.988,534.4580395061729,0.06757945346834235,0.6752592592592592,7.892701788303528,11.0,0.0,29.788,1.0,1.0,0,0.0,1.0
17,5,oracle,0.2,0.97,97,20,11.152,535.1100125,0.06129381475006475,0.685375,8.414550584441757,12.0,0.0,36.372,1.0,1.0,0,0.0,1.0
18,5,oracle,0.2,1.0,100,20,11.016,532.0898505050507,0.05800866496018011,0.6395555555555557,8.239266360983743,12.0,0.0,35.176,1.0,1.0,0,0.0,1.0
19,5,oracle,0.2,1.0,100,19,10.74,531.6270101010102,0.058932242953455075,0.6325252525252525,8.115787224951934,12.0,0.0,34.796,1.0,1.0,0,0.0,1.0
20,5,oracle,0.2,1.0,100,18,9.94,534.5818585858586,0.06801234567901235,0.676969696969697,8.009244372990354,11.0,0.0,36.056,1.0,1.0,0,0.0,1.0
21,5,oracle,0.2,1.0,100,18,10.056,533.845995959596,0.06607943739761922,0.6655353535353535,8.863569476560858,12.0,0.0,34.768,1.0,1.0,0,0.0,1.0
22,5,oracle,0.2,0.97,97,17,10.052,532.6540208333334,0.06429420244107745,0.6477083333333333,8.111612903225806,11.0,0.0,33.484,1.0,1.0,0,0.0,1.0
23,5,oracle,0.2,0.97,97,19,11.044,535.4325541666667,0.062256796675546684,0.68975,9.554183521396636,12.0,0.0,35.276,1.0,1.0,0,0.0,1.0
24,5,oracle,0.2,1.0,100,18,10.0,535.2319191919191,0.0685201020079808,0.6868686868686869,8.08670408360751,11.0,0.0,36.656,1.0,1.0,0,0.0,1.0
25,5,oracle,0.2,0.99,99,18,10.56,532.8451387755102,0.06165545973301075,0.6508979591836735,8.123978758169935,11.0,0.0,35.092,1.0,1.0,0,0.0,1.0
26,5,oracle,0.2,1.0,100,20,12.372,535.4587232323233,0.05577216610549944,0.6907878787878787,9.222330285936588,13.0,0.0,38.104,1.0,1.0,0,0.0,1.0
27,5,oracle,0.2,1.0,100,19,10.192,536.5529818181819,0.06924926476441627,0.7072323232323232,7.842747490651447,11.0,0.0,38.532,1.0,1.0,0,0.0,1.0
28,5,oracle,0.2,1.0,100,18,10.208,532.1472727272728,0.0626984764954462,0.6404040404040404,7.9254324915490155,11.0,0.0,35.16,1.0,1.0,0,0.0,1.0
29,5,oracle,0.2,1.0,100,18,10.808,534.041696969697,0.06181247596399112,0.6690909090909091,8.222622622622623,12.0,0.0,36.48,1.0,1.0,0,0.0,1.0
30,5,oracle,0.2,0.93,93,19,8.988,534.7708304347826,0.07544245911093736,0.6794782608695652,8.147783251231527,10.0,0.0,32.756,1.0,1.0,0,0.0,1.0
31,5,oracle,0.2,1.0,100,17,9.764,533.866004040404,0.06810864006924612,0.6661818181818182,8.045747682386134,11.0,0.0,35.696,1.0,1.0,0,0.0,1.0
32,5,oracle,0.2,1.0,100,20,11.028,534.9881777777779,0.06179361087845936,0.6835151515151515,8.232908017520472,12.0,0.0,37.384,1.0,1.0,0,0.0,1.0
33,5,oracle,0.2,1.0,100,19,11.224,535.7095111111112,0.061573882122366974,0.6942222222222223,9.002030456852792,12.0,0.0,37.312,1.0,1.0,0,0.0,1.0
34,5,oracle,0.2,1.0,100,18,10.452,534.867608080808,0.06525618825618827,0.6813737373737374,8.62665596146126,12.0,0.0,36.46,1.0,1.0,0,0.0,1.0
35,5,oracle,0.2,1.0,100,24,12.676,530.9965454545455,0.04926758002016469,0.6236363636363637,8.963201286949527,14.0,0.0,36.108,1.0,1.0,0,0.0,1.0
36,5,oracle,0.2,0.97,97,21,10.36,529.645825,0.05808705102767603,0.6024583333333332,8.209853249475891,12.0,0.0,32.232,1.0,1.0,0,0.0,1.0
37,5,oracle,0.2,0.96,96,21,11.28,537.3897684210527,0.06360972314235472,0.7193684210526314,9.621756279842225,13.0,0.0,36.168,1.0,1.0,0,0.0,1.0
38,5,oracle,0.2,1.0,100,17,9.56,531.5389575757576,0.06593982246709518,0.6307474747474748,8.137510339123242,11.0,0.0,33.552,1.0,1.0,0,0.0,1.0
39,5,oracle,0.2,1.0,100,19,10.336,533.9527919191921,0.06452569787115242,0.6677979797979798,7.903265557609365,11.0,0.0,36.56,1.0,1.0,0,0.0,1.0
40,5,oracle,0.2,1.0,100,18,10.06,535.3533898989899,0.06854189783280693,0.6883636363636364,8.857348406988695,12.0,0.0,35.824,1.0,1.0,0,0.0,1.0
41,5,oracle,0.2,1.0,100,19,10.224,534.6387515151516,0.06630675127341794,0.67789898989899,8.348796241926014,11.0,0.0,36.276,1.0,1.0,0,0.0,1.0
42,5,oracle,0.2,1.0,100,17,9.812,534.289591919192,0.06853373125191307,0.6724040404040404,8.245235316997277,11.0,0.0,35.48,1.0,1.0,0,0.0,1.0
43,5,oracle,0.2,0.96,96,20,9.372,533.7157978947369,0.070932771322245,0.6638315789473683,7.743600503566933,11.0,0.0,33.96,1.0,1.0,0,0.0,1.0
44,5,oracle,0.2,1.0,100,19,10.184,532.6124606060607,0.06355268244662185,0.6473535353535353,8.038646375650782,11.0,0.0,35.232,1.0,1.0,0,0.0,1.0
45,5,oracle,0.2,1.0,100,17,10.04,535.2798303030303,0.06848893441014654,0.6874343434343434,8.329740518962076,11.0,0.0,36.264,1.0,1.0,0,0.0,1.0
46,5,oracle,0.2,0.99,99,19,10.52,533.3964285714286,0.06249491381634239,0.6591836734693877,8.401547546324577,12.0,0.0,35.308,1.0,1.0,0,0.0,1.0
47,5,oracle,0.2,1.0,100,19,10.424,532.3631474747475,0.0617210339604279,0.6437171717171716,7.968725718725719,11.0,0.0,35.428,1.0,1.0,0,0.0,1.0
48,5,oracle,0.2,0.99,99,18,10.184,532.4203918367347,0.06341739926739927,0.6446122448979593,8.044467005076141,11.0,0.0,35.184,1.0,1.0,0,0.0,1.0
49,5,oracle,0.2,1.0,100,18,10.136,530.250977777778,0.06006712143075779,0.6115555555555555,7.762510425354462,11.0,0.0,33.484,1.0,1.0,0,0.0,1.0
0,5,csma,0.2,0.99,99,19,19.0,1498.3559795918372,1.0,19.0,29.826056985294116,114.0,nan,nan,nan,nan,0,0.0,0.8504983388704319
1,5,csma,0.2,1.0,100,18,18.0,1438.573490909091,1.0,18.0,36.100624566273424,116.0,nan,nan,nan,nan,0,0.0,0.8915240255722829
2,5,csma,0.2,1.0,100,20,20.0,1554.6015353535356,1.0,20.0,31.728112626484823,115.0,nan,nan,nan,nan,0,0.0,0.8588702059323635
3,5,csma,0.2,0.99,99,18,18.0,1441.2706000000003,1.0,18.0,31.549827331031082,114.0,nan,nan,nan,nan,0,0.0,0.7800654223590533
4,5,csma,0.2,1.0,100,19,19.0,1484.7672242424246,1.0,19.0,24.914799310514653,113.0,nan,nan,nan,nan,0,0.0,0.8720206141292678
5,5,csma,0.2,0.97,97,19,19.0,1488.1664666666668,1.0,19.0,30.884414969208905,114.0,nan,nan,nan,nan,0,0.0,0.8593527376348463
6,5,csma,0.2,1.0,100,21,21.0,1570.7508040404043,1.0,21.0,21.660885440438157,109.0,nan,nan,nan,nan,0,0.0,0.9053719008264463
7,5,csma,0.2,1.0,100,18,18.0,1443.3682101010106,1.0,18.0,38.49463619402985,117.0,nan,nan,nan,nan,0,0.0,0.8209841087497607
8,5,csma,0.2,1.0,100,22,22.0,1633.1868202020205,1.0,22.0,22.196035774715977,110.19999999999982,nan,nan,nan,nan,0,0.0,0.8503597122302158
9,5,csma,0.2,1.0,100,21,21.0,1585.7178303030305,1.0,21.0,23.694746586438324,111.0,nan,nan,nan,nan,0,0.0,0.8992715920915713
10,5,csma,0.2,1.0,100,22,22.0,1631.8074181818185,1.0,22.0,22.52101400933956,108.0,nan,nan,nan,nan,0,0.0,0.8875074008288928
11,5,csma,0.2,1.0,100,22,22.0,1642.7690626262631,1.0,22.0,24.358265102898873,110.0,nan,nan,nan,nan,0,0.0,0.8762846616249758
12,5,csma,0.2,1.0,100,19,19.0,1486.667478787879,1.0,19.0,27.893158388003748,113.0,nan,nan,nan,nan,0,0.0,0.8529176658673061
13,5,csma,0.2,1.0,100,18,18.0,1438.758484848485,1.0,18.0,31.575113808801213,114.0,nan,nan,nan,nan,0,0.0,0.8284098051539912
14,5,csma,0.2,1.0,100,18,18.0,1429.3533171717174,1.0,18.0,27.88550420168067,112.0,nan,nan,nan,nan,0,0.0,0.8088360237892949
15,5,csma,0.2,1.0,100,18,18.0,1437.7796323232328,1.0,18.0,33.857142857142854,115.0,nan,nan,nan,nan,0,0.0,0.7898621091474073
16,5,csma,0.2,0.82,82,20,20.0,1530.212740740741,1.0,20.0,21.77358490566038,109.0,nan,nan,nan,nan,0,0.0,0.9217391304347826
17,5,csma,0.2,0.97,97,20,20.0,1546.2119083333337,1.0,20.0,26.85452669589889,114.0,nan,nan,nan,nan,0,0.0,0.7930047044385354
18,5,csma,0.2,1.0,100,20,20.0,1528.5516969696973,1.0,20.0,24.91140529531568,112.0,nan,nan,nan,nan,0,0.0,0.8279932546374368
19,5,csma,0.2,1.0,100,19,19.0,1486.2589858585861,1.0,19.0,32.10711718188354,115.0,nan,nan,nan,nan,0,0.0,0.8242148923563105
20,5,csma,0.2,1.0,100,18,18.0,1430.0012282828286,1.0,18.0,28.887372013651877,112.30000000000018,nan,nan,nan,nan,0,0.0,0.9289790741915028
21,5,csma,0.2,1.0,100,18,18.0,1447.072246464647,1.0,18.0,36.65567054764985,116.0,nan,nan,nan,nan,0,0.0,0.8827559954320517
22,5,csma,0.2,0.97,97,17,17.0,1389.8816541666667,1.0,17.0,35.67702295386042,114.0,nan,nan,nan,nan,0,0.0,0.8933305716652858
23,5,csma,0.2,0.97,97,19,19.0,1497.5506375000002,1.0,19.0,33.00324901369227,114.0,nan,nan,nan,nan,0,0.0,0.8950976319069381
24,5,csma,0.2,1.0,100,18,18.0,1440.3896242424246,1.0,18.0,33.632149446494466,115.0,nan,nan,nan,nan,0,0.0,0.875605815831987
25,5,csma,0.2,0.99,99,18,18.0,1444.8272938775513,1.0,18.0,32.49766985528575,115.0,nan,nan,nan,nan,0,0.0,0.8170340681362726
26,5,csma,0.2,1.0,100,20,20.0,1541.8672121212123,1.0,20.0,29.467293906810035,115.0,nan,nan,nan,nan,0,0.0,0.8693281402142161
27,5,csma,0.2,1.0,100,19,19.0,1473.856888888889,1.0,19.0,28.617518623169794,114.0,nan,nan,nan,nan,0,0.0,0.8100291302538494
28,5,csma,0.2,1.0,100,18,18.0,1440.7037010101014,1.0,18.0,33.39695228578566,115.0,nan,nan,nan,nan,0,0.0,0.7878370399527652
29,5,csma,0.2,1.0,100,18,18.0,1431.973256565657,1.0,18.0,32.96612296110414,116.0,nan,nan,nan,nan,0,0.0,0.826077943615257
30,5,csma,0.2,0.93,93,19,19.0,1482.4748217391307,1.0,19.0,26.359308384651825,111.0,nan,nan,nan,nan,0,0.0,0.9293418445960819
31,5,csma,0.2,1.0,100,17,17.0,1383.4549212121215,1.0,17.0,37.636406067677946,116.0,nan,nan,nan,nan,0,0.0,0.8718209562563581
32,5,csma,0.2,1.0,100,20,20.0,1532.3081010101014,1.0,20.0,24.2597679374852,112.0,nan,nan,nan,nan,0,0.0,0.8703627370156637
33,5,csma,0.2,1.0,100,19,19.0,1486.9890787878792,1.0,19.0,30.981755424063117,114.0,nan,nan,nan,nan,0,0.0,0.833710174717369
34,5,csma,0.2,1.0,100,18,18.0,1430.406383838384,1.0,18.0,30.4249476378869,114.0,nan,nan,nan,nan,0,0.0,0.9055848261327714
35,5,csma,0.2,1.0,100,24,24.0,1721.0659797979804,1.0,24.0,19.20431689968114,105.19999999999982,nan,nan,nan,nan,0,0.0,0.8606713109563014
36,5,csma,0.2,0.97,97,21,21.0,1584.4180000000006,1.0,21.0,22.198813760379597,110.0,nan,nan,nan,nan,0,0.0,0.8935764256942972
37,5,csma,0.2,0.96,96,21,21.0,1582.9167578947372,1.0,21.0,25.472591555866572,111.0,nan,nan,nan,nan,0,0.0,0.9168092386655261
38,5,csma,0.2,1.0,100,17,17.0,1386.989583838384,1.0,17.0,36.275570776255705,116.0,nan,nan,nan,nan,0,0.0,0.9027205276174773
39,5,csma,0.2,1.0,100,19,19.0,1482.1042060606062,1.0,19.0,27.86106791083463,113.0,nan,nan,nan,nan,0,0.0,0.8137523729171061
40,5,csma,0.2,1.0,100,18,18.0,1442.360076767677,1.0,18.0,37.14660040659589,116.0,nan,nan,nan,nan,0,0.0,0.8925403225806452
41,5,csma,0.2,1.0,100,19,19.0,1483.7263151515153,1.0,19.0,28.809684684684683,112.0,nan,nan,nan,nan,0,0.0,0.9017059301380991
42,5,csma,0.2,1.0,100,17,17.0,1391.1818222222225,1.0,17.0,41.207869001591995,117.0,nan,nan,nan,nan,0,0.0,0.9036169338265516
43,5,csma,0.2,0.96,96,20,20.0,1538.437608421053,1.0,20.0,25.334479054779806,112.0,nan,nan,nan,nan,0,0.0,0.9243447180301827
44,5,csma,0.2,1.0,100,19,19.0,1487.1511191919194,1.0,19.0,27.37346989757682,112.0,nan,nan,nan,nan,0,0.0,0.794088474509026
45,5,csma,0.2,1.0,100,17,17.0,1390.5109131313134,1.0,17.0,36.21015180265655,115.0,nan,nan,nan,nan,0,0.0,0.8403428343631653
46,5,csma,0.2,0.99,99,19,19.0,1484.8783632653065,1.0,19.0,28.108264862252295,113.0,nan,nan,nan,nan,0,0.0,0.8642439431913116
47,5,csma,0.2,1.0,100,19,19.0,1490.267882828283,1.0,19.0,29.81650700073692,115.0,nan,nan,nan,nan,0,0.0,0.8313253012048193
48,5,csma,0.2,0.99,99,18,18.0,1441.3124653061227,1.0,18.0,34.729689067201605,116.0,nan,nan,nan,nan,0,0.0,0.8082691528171869
49,5,csma,0.2,1.0,100,18,18.0,1439.5457252525255,1.0,18.0,32.26313309776207,114.0,nan,nan,nan,nan,0,0.0,0.8382701421800948
0,5,bsps_ack,0.2,0.99,99,19,15.688,589.5457959183674,0.0603557869590867,0.9438775510204082,20.84675215471936,112.0,34.68,67.088,0.48710372913838534,0.8989773783700031,0,0.08135379440824049,1.0
1,5,bsps_ack,0.2,1.0,100,18,15.056,592.1204929292929,0.0679175175883732,1.0206060606060607,21.297427963643397,113.0,33.084,70.124,0.4849808360816472,0.8921148135928736,0,0.07909495262038291,1.0
2,5,bsps_ack,0.2,1.0,100,20,15.656,589.2595717171719,0.061087474979631844,0.953090909090909,20.312879581151833,112.0,34.588,68.964,0.48824105830475256,0.9047936085219707,0,0.07246073298429319,1.0
3,5,bsps_ack,0.2,0.99,99,18,14.468,588.9217714285714,0.0654798126943085,0.945265306122449,18.317460317460316,110.0,34.116,67.82,0.48831392167591653,0.9055191768007483,0,0.06910569105691057,1.0
4,5,bsps_ack,0.2,1.0,100,19,14.656,589.8056040404041,0.06451696901500822,0.9431111111111111,20.783129995793015,112.0,35.344,67.628,0.4860619128292007,0.8912377450980392,0,0.08477071939419437,1.0
5,5,bsps_ack,0.2,0.97,97,19,15.176,589.3831625000001,0.06385670697766287,0.96725,19.64840362633031,111.0,33.232,67.852,0.4854094759962347,0.8977727013135351,0,0.07548285376428852,1.0
6,5,bsps_ack,0.2,1.0,100,21,15.404,590.3640000000001,0.06366281051059174,0.9751919191919192,20.716958598726116,112.0,34.092,68.788,0.48604403699762627,0.8964361864148644,0,0.0804140127388535,1.0
7,5,bsps_ack,0.2,1.0,100,18,13.74,588.0769575757577,0.06688720999407273,0.9165656565656566,19.47327462625435,111.0,35.032,67.732,0.4864134630230045,0.8953276699029126,0,0.08171206225680934,1.0
8,5,bsps_ack,0.2,1.0,100,22,16.94,587.0967474747475,0.05328392959141153,0.8983838383838383,21.176470588235293,113.0,36.092,68.328,0.4882272028481269,0.9010722933241093,0,0.07496283712040773,1.0
9,5,bsps_ack,0.2,1.0,100,21,15.68,588.4061696969698,0.058702636752843144,0.9141818181818182,21.000207598090096,113.0,36.284,67.8,0.4871634802965275,0.8979591836734694,0,0.08054805895785759,1.0
10,5,bsps_ack,0.2,1.0,100,22,15.944,591.8602868686869,0.06250395479420247,0.9921212121212121,19.649057344854675,110.0,35.148,69.136,0.48943477936235347,0.9112302651176646,0,0.06696779261586802,1.0
11,5,bsps_ack,0.2,1.0,100,22,16.72,589.803486868687,0.058574125326189316,0.9777777777777777,21.503555389221557,113.0,33.788,69.72,0.48536120096209673,0.8980540226546616,0,0.0782185628742515,1.0
12,5,bsps_ack,0.2,1.0,100,19,14.364,589.8905090909092,0.06802094977709951,0.9727676767676767,19.23755226149753,111.0,33.576,69.252,0.4857075360264588,0.8980568853843988,0,0.07639680729760548,1.0
13,5,bsps_ack,0.2,1.0,100,18,15.088,588.8650545454545,0.062129308491073204,0.934949494949495,20.353615336528442,112.0,34.98,68.232,0.4874387023764617,0.8901502504173623,0,0.0814753073556991,1.0
14,5,bsps_ack,0.2,1.0,100,18,14.104,588.8959030303031,0.06641514411514413,0.9364848484848485,18.85485180673975,110.0,35.988,68.54,0.4872130642427977,0.8987148102815178,0,0.07592367032074705,1.0
15,5,bsps_ack,0.2,1.0,100,18,14.232,589.3435878787878,0.06769420394420393,0.9605252525252526,18.919639278557113,111.0,35.184,69.96,0.48713550600343053,0.9045133558489408,0,0.07134268537074148,1.0
16,5,bsps_ack,0.2,0.82,82,20,14.616,590.0418172839508,0.06645209746680333,0.9698765432098765,19.48066698888352,112.0,27.636,55.9,0.48736066878980894,0.9045151739452257,0,0.07394876752054133,1.0
17,5,bsps_ack,0.2,0.97,97,20,15.636,589.5535208333333,0.062125465918204885,0.969875,20.092906086255542,112.0,33.524,67.944,0.48593481989708404,0.8941747572815534,0,0.07678355501813784,1.0
18,5,bsps_ack,0.2,1.0,100,20,15.82,588.48938989899,0.05906809391731993,0.9324444444444443,20.796581909128804,112.0,35.656,68.84,0.4863111251780345,0.8881748071979434,0,0.08357649020425177,1.0
19,5,bsps_ack,0.2,1.0,100,19,15.76,588.7654464646466,0.0596229425258837,0.9383030303030303,20.477034821619313,112.0,35.476,68.516,0.487535916750796,0.8968940121677874,0,0.07904293954283273,1.0
20,5,bsps_ack,0.2,1.0,100,18,14.0,590.327684848485,0.06939171199171199,0.9705050505050504,18.868569131832796,111.0,34.456,68.784,0.4877039581544227,0.9015982450642431,0,0.0727491961414791,1.0
21,5,bsps_ack,0.2,1.0,100,18,14.532,590.7694707070708,0.06670832542383345,0.9662222222222223,20.843178473828043,112.0,34.936,67.968,0.4879335764724141,0.8975265017667845,0,0.08114357788522178,1.0
22,5,bsps_ack,0.2,0.97,97,17,14.12,589.7002875000001,0.06709144258519258,0.9465416666666667,20.483010752688173,112.0,33.996,65.632,0.48722556449722637,0.8953452046235552,0,0.0853763440860215,1.0
23,5,bsps_ack,0.2,0.97,97,19,15.388,591.5450583333335,0.06484272613960114,0.9966666666666666,21.182243985522675,113.0,33.852,67.356,0.4868077214869763,0.8929684793903706,0,0.07621886310410901,1.0
24,5,bsps_ack,0.2,1.0,100,18,14.336,590.6113373737375,0.06859489254391216,0.9815353535353536,19.494484226824074,112.0,33.552,68.448,0.4873859807708111,0.9081356949864905,0,0.07199535513837817,1.0
25,5,bsps_ack,0.2,0.99,99,18,15.056,588.8813306122449,0.06258561274326581,0.9411020408163265,19.398080065359476,111.0,34.528,67.808,0.48791348600508905,0.9013862633900441,0,0.07475490196078431,1.0
26,5,bsps_ack,0.2,1.0,100,20,16.624,589.5343757575757,0.05881909293931998,0.9771717171717171,20.364909550671076,112.0,33.316,69.596,0.4870046868342565,0.9029096477794794,0,0.07527718342734876,1.0
27,5,bsps_ack,0.2,1.0,100,19,14.208,589.8828121212123,0.06932513684572507,0.9831515151515151,18.32887226923834,110.0,33.432,70.192,0.4863137190624488,0.8978168587022438,0,0.07341074591615823,1.0
28,5,bsps_ack,0.2,1.0,100,18,14.404,588.018804040404,0.06405856997033467,0.9218181818181819,19.189898588188505,111.0,34.636,67.988,0.48762588804746665,0.9009714822939517,0,0.07615828196460529,1.0
29,5,bsps_ack,0.2,1.0,100,18,15.112,589.8727434343435,0.06430729433964728,0.9706262626262626,19.38938938938939,111.0,35.0,69.608,0.48671984211824687,0.894464227905471,0,0.07407407407407407,1.0
30,5,bsps_ack,0.2,0.93,93,19,14.14,592.1462260869564,0.0708699071424455,0.9989565217391304,19.88095238095238,112.0,32.536,63.72,0.48769665187575634,0.9096870342771982,0,0.07163382594417077,1.0
31,5,bsps_ack,0.2,1.0,100,17,13.604,589.9546383838385,0.0708260408436879,0.9615353535353535,19.13018943974204,111.0,34.94,68.832,0.4875696023841267,0.9024315173899662,0,0.07335751713018944,1.0
32,5,bsps_ack,0.2,1.0,100,20,15.496,589.7286545454546,0.06298596530557314,0.9742626262626262,19.550180917920397,111.0,34.024,69.624,0.487121624776282,0.902618417181524,0,0.0738906874880975,1.0
33,5,bsps_ack,0.2,1.0,100,19,15.436,591.261890909091,0.06508674103865023,1.0033131313131314,19.461928934010153,112.0,34.768,70.352,0.4880962120592326,0.9022134126197555,0,0.06761421319796955,1.0
34,5,bsps_ack,0.2,1.0,100,18,14.38,590.3329575757576,0.06788640197855886,0.9745454545454546,19.501806503412283,111.0,33.968,68.62,0.48752318327432137,0.9059910771191841,0,0.0718586912886391,1.0
35,5,bsps_ack,0.2,1.0,100,24,19.448,585.6902101010102,0.0460608187529848,0.8919191919191919,22.141765533882968,113.0,35.068,69.4,0.4869741242738954,0.9023545706371191,0,0.07359742610094511,1.0
36,5,bsps_ack,0.2,0.97,97,21,15.824,587.2264500000001,0.056530534323490984,0.8934583333333334,21.18658280922432,113.0,34.136,64.648,0.4868796140632995,0.9013729335948445,0,0.0819706498951782,1.0
37,5,bsps_ack,0.2,0.96,96,21,16.664,592.0820926315789,0.061029163294837076,1.0133473684210528,21.5214864023251,113.0,33.1,67.44,0.4865211810012837,0.8990857946554149,0,0.07452771434502803,1.0
38,5,bsps_ack,0.2,1.0,100,17,14.0,589.8607393939395,0.06764359932996297,0.9445656565656566,19.59387923904053,111.0,35.808,67.572,0.48790778271679347,0.9011465757669662,0,0.07547559966914806,1.0
39,5,bsps_ack,0.2,1.0,100,19,14.652,589.1347272727273,0.06525741702016212,0.955030303030303,19.534195933456562,111.0,34.456,69.1,0.4876210979547901,0.9032461393003467,0,0.07660710618196755,1.0
40,5,bsps_ack,0.2,1.0,100,18,14.324,591.8668080808081,0.06967944582650465,0.9951515151515151,20.789311408016445,113.0,35.524,69.392,0.4867475848402279,0.8986938515450781,0,0.08016443987667009,1.0
41,5,bsps_ack,0.2,1.0,100,19,14.672,589.7853494949494,0.06553662971015914,0.9602020202020203,20.63593658250147,113.0,33.572,67.948,0.4853363085750717,0.895422943221321,0,0.08181640242708944,1.0
42,5,bsps_ack,0.2,1.0,100,17,14.152,590.7115636363637,0.0688248255012961,0.971878787878788,19.3220536756126,111.0,35.184,68.784,0.48686679174484054,0.8996259351620948,0,0.07390120575651497,1.0
43,5,bsps_ack,0.2,0.96,96,20,14.532,589.7830105263158,0.06627584861303129,0.9547789473684211,19.223248006714226,110.0,32.864,65.244,0.4874538745387454,0.9002898550724637,0,0.07826269408308854,1.0
44,5,bsps_ack,0.2,1.0,100,19,15.08,589.1015232323232,0.06271936284485305,0.9443636363636363,20.191029235082098,112.0,35.536,68.916,0.48685313619388765,0.8990825688073395,0,0.07749299158990788,1.0
45,5,bsps_ack,0.2,1.0,100,17,14.112,591.2157454545456,0.0701455081955082,0.9886464646464647,19.66686626746507,111.0,34.156,68.632,0.48717948717948717,0.9030915576694412,0,0.07684630738522955,1.0
46,5,bsps_ack,0.2,0.99,99,19,15.388,589.8650734693879,0.0627024183396127,0.9628571428571429,20.764406434534717,112.0,34.66,68.136,0.4871732817037754,0.897229381443299,0,0.07717369171248219,1.0
47,5,bsps_ack,0.2,1.0,100,19,15.12,587.7158141414143,0.06092498703184978,0.9174545454545454,19.363247863247864,111.0,34.98,68.7,0.4871739287520775,0.9033051078940181,0,0.07303807303807304,1.0
48,5,bsps_ack,0.2,0.99,99,18,15.1,588.2315020408165,0.06173878261927482,0.929265306122449,20.008121827411166,112.0,35.292,68.452,0.4868047097036135,0.8998430141287285,0,0.07573604060913705,1.0
49,5,bsps_ack,0.2,1.0,100,18,14.78,587.8506262626263,0.06147109676815559,0.906989898989899,19.591326105087575,112.0,36.12,67.84,0.4881895539906103,0.9032066508313539,0,0.07589658048373644,1.0
0,10,static,0.2,0.99,99,19,19.0,558.5969142857143,0.06604511278195489,1.254857142857143,14.970127118644069,19.0,64.024,98.0,0.0,1.0,0,0.0,1.0
1,10,static,0.2,1.0,100,18,18.0,562.7560363636364,0.07247811447811449,1.3046060606060605,16.29814049586777,18.0,60.844,99.0,0.0,1.0,0,0.0,1.0
2,10,static,0.2,1.0,100,20,20.0,560.256391919192,0.06337979797979798,1.2675959595959596,16.972271736977618,20.0,61.508,99.0,0.0,1.0,0,0.0,1.0
3,10,static,0.2,0.99,99,18,18.0,558.9366979591837,0.06959863945578232,1.2527755102040816,14.704831735288588,18.0,62.228,98.0,0.0,1.0,0,0.0,1.0
4,10,static,0.2,1.0,100,19,19.0,559.4297171717172,0.06637107921318447,1.2610505050505048,16.218756412887338,19.0,64.156,99.0,0.0,1.0,0,0.0,1.0
5,10,static,0.2,0.97,97,19,19.0,558.3649750000001,0.06534649122807018,1.2415833333333335,14.45679012345679,19.0,60.808,96.0,0.0,1.0,0,0.0,1.0
6,10,static,0.2,1.0,100,21,21.0,561.6850141414141,0.061743145743145746,1.2966060606060605,17.239669421487605,21.0,61.636,99.0,0.0,1.0,0,0.0,1.0
7,10,static,0.2,1.0,100,18,18.0,557.6610262626263,0.06813019079685746,1.2263434343434345,15.359005457853245,18.0,63.592,99.0,0.0,1.0,0,0.0,1.0
8,10,static,0.2,1.0,100,22,22.0,552.4418747474749,0.052778696051423324,1.1611313131313132,18.224766355140186,22.0,68.048,99.0,0.0,1.0,0,0.0,1.0
9,10,static,0.2,1.0,100,21,21.0,556.929090909091,0.05819336219336219,1.222060606060606,17.694616770062037,21.0,65.016,99.0,0.0,1.0,0,0.0,1.0
10,10,static,0.2,1.0,100,22,22.0,559.0284767676769,0.057494949494949495,1.264888888888889,17.085338175215615,22.0,65.776,99.0,0.0,1.0,0,0.0,1.0
11,10,static,0.2,1.0,100,22,22.0,558.8703313131314,0.057158861340679525,1.2574949494949497,17.66576482830385,22.0,63.508,99.0,0.0,1.0,0,0.0,1.0
12,10,static,0.2,1.0,100,19,19.0,559.9613535353536,0.06648591174906965,1.2632323232323233,16.203836028582174,19.0,61.94,99.0,0.0,1.0,0,0.0,1.0
13,10,static,0.2,1.0,100,18,18.0,557.7018747474748,0.06843995510662176,1.231919191919192,14.687461139896373,18.0,64.04,99.0,0.0,1.0,0,0.0,1.0
14,10,static,0.2,1.0,100,18,18.0,558.8055959595961,0.06979349046015713,1.2562828282828282,15.073829531812725,18.0,63.628,99.0,0.0,1.0,0,0.0,1.0
15,10,static,0.2,1.0,100,18,18.0,559.2061535353536,0.06946127946127946,1.2503030303030302,15.753209109730848,18.0,62.22,99.0,0.0,1.0,0,0.0,1.0
16,10,static,0.2,0.82,82,20,20.0,559.6659061728395,0.06387654320987654,1.2775308641975311,16.363944690842683,20.0,52.52,81.0,0.0,1.0,0,0.0,1.0
17,10,static,0.2,0.97,97,20,20.0,559.4231500000002,0.06286666666666667,1.2573333333333334,15.023744484135323,20.0,60.296,96.0,0.0,1.0,0,0.0,1.0
18,10,static,0.2,1.0,100,20,20.0,558.0344525252527,0.061929292929292924,1.2385858585858587,15.84412126177796,20.0,63.38,99.0,0.0,1.0,0,0.0,1.0
19,10,static,0.2,1.0,100,19,19.0,557.9782787878788,0.06567145135566188,1.2477575757575758,15.758225429845044,19.0,64.472,99.0,0.0,1.0,0,0.0,1.0
20,10,static,0.2,1.0,100,18,18.0,560.3436484848485,0.07083052749719417,1.2749494949494948,15.45945945945946,18.0,62.78,99.0,0.0,1.0,0,0.0,1.0
21,10,static,0.2,1.0,100,18,18.0,561.572993939394,0.0719057239057239,1.29430303030303,15.56337456905293,18.0,62.864,99.0,0.0,1.0,0,0.0,1.0
22,10,static,0.2,0.97,97,17,17.0,559.6337833333334,0.07470098039215685,1.2699166666666666,15.037656061216271,17.0,62.088,96.0,0.0,1.0,0,0.0,1.0
23,10,static,0.2,0.97,97,19,19.0,562.3391208333334,0.06895833333333334,1.3102083333333332,17.38047138047138,19.0,60.22,96.0,0.0,1.0,0,0.0,1.0
24,10,static,0.2,1.0,100,18,18.0,561.5261090909091,0.0721391694725028,1.2985050505050504,16.152516028754615,18.0,62.448,99.0,0.0,1.0,0,0.0,1.0
25,10,static,0.2,0.99,99,18,18.0,557.8808816326531,0.06886167800453515,1.2395102040816328,14.298664944013781,18.0,63.528,98.0,0.0,1.0,0,0.0,1.0
26,10,static,0.2,1.0,100,20,20.0,557.2849818181819,0.06207878787878788,1.2415757575757576,15.944858420268256,20.0,65.084,99.0,0.0,1.0,0,0.0,1.0
27,10,static,0.2,1.0,100,19,19.0,559.6451676767678,0.06611164274322169,1.256121212121212,13.982003599280144,19.0,61.644,99.0,0.0,1.0,0,0.0,1.0
28,10,static,0.2,1.0,100,18,18.0,556.3906303030303,0.06749943883277217,1.2149898989898988,14.82393056416615,18.0,64.716,99.0,0.0,1.0,0,0.0,1.0
29,10,static,0.2,1.0,100,18,18.0,559.6119434343435,0.0706127946127946,1.271030303030303,14.888492978411234,18.0,63.168,99.0,0.0,1.0,0,0.0,1.0
30,10,static,0.2,0.93,93,19,19.0,561.8695826086957,0.06930434782608696,1.316782608695652,17.33180968211095,19.0,59.856,92.0,0.0,1.0,0,0.0,1.0
31,10,static,0.2,1.0,100,17,17.0,559.5911838383839,0.07457159833630422,1.2677171717171718,15.212286002014098,17.0,63.496,99.0,0.0,1.0,0,0.0,1.0
32,10,static,0.2,1.0,100,20,20.0,561.561098989899,0.06441616161616162,1.2883232323232323,16.680350811718604,20.0,60.456,99.0,0.0,1.0,0,0.0,1.0
33,10,static,0.2,1.0,100,19,19.0,560.5513656565657,0.06785964912280702,1.2893333333333332,16.54073572556985,19.0,63.356,99.0,0.0,1.0,0,0.0,1.0
34,10,static,0.2,1.0,100,18,18.0,561.7054666666667,0.072006734006734,1.296121212121212,15.724014336917563,18.0,61.684,99.0,0.0,1.0,0,0.0,1.0
35,10,static,0.2,1.0,100,24,24.0,557.5662222222222,0.05028282828282828,1.206787878787879,18.746550048590866,24.0,59.528,99.0,0.0,1.0,0,0.0,1.0
36,10,static,0.2,0.97,97,21,21.0,556.5590708333333,0.0581686507936508,1.2215416666666667,17.519589743589744,21.0,62.732,96.0,0.0,1.0,0,0.0,1.0
37,10,static,0.2,0.96,96,21,21.0,561.2020294736842,0.061417543859649114,1.2897684210526315,17.71697247706422,21.0,60.472,95.0,0.0,1.0,0,0.0,1.0
38,10,static,0.2,1.0,100,17,17.0,559.0399797979799,0.07466904337492573,1.2693737373737375,14.70642927794263,17.0,65.332,99.0,0.0,1.0,0,0.0,1.0
39,10,static,0.2,1.0,100,19,19.0,558.4482020202021,0.06570122275385434,1.2483232323232323,15.837344564781388,19.0,63.416,99.0,0.0,1.0,0,0.0,1.0
40,10,static,0.2,1.0,100,18,18.0,560.0602181818183,0.07125925925925926,1.2826666666666666,15.957997454391176,18.0,65.016,99.0,0.0,1.0,0,0.0,1.0
41,10,static,0.2,1.0,100,19,19.0,557.6568121212122,0.06548644338118022,1.2442424242424241,16.855848079413033,19.0,65.82,99.0,0.0,1.0,0,0.0,1.0
42,10,static,0.2,1.0,100,17,17.0,561.4188040404041,0.07583600713012478,1.289212121212121,15.236751810903545,17.0,62.368,99.0,0.0,1.0,0,0.0,1.0
43,10,static,0.2,0.96,96,20,20.0,558.4282736842106,0.0625957894736842,1.251915789473684,14.619371282922685,20.0,62.068,95.0,0.0,1.0,0,0.0,1.0
44,10,static,0.2,1.0,100,19,19.0,558.1835717171717,0.06539925571504521,1.2425858585858587,16.45753368721927,19.0,63.984,99.0,0.0,1.0,0,0.0,1.0
45,10,static,0.2,1.0,100,17,17.0,560.8617414141415,0.07616636957813429,1.2948282828282827,14.913542306904322,17.0,63.812,99.0,0.0,1.0,0,0.0,1.0
46,10,static,0.2,0.99,99,19,19.0,561.9063795918369,0.0684360902255639,1.3002857142857143,16.596743657705414,19.0,60.572,98.0,0.0,1.0,0,0.0,1.0
47,10,static,0.2,1.0,100,19,19.0,554.5129898989899,0.06193939393939394,1.176848484848485,16.14258514914322,19.0,65.492,99.0,0.0,1.0,0,0.0,1.0
48,10,static,0.2,0.99,99,18,18.0,558.2854693877551,0.06861678004535147,1.2351020408163265,15.0,18.0,61.96,98.0,0.0,1.0,0,0.0,1.0
49,10,static,0.2,1.0,100,18,18.0,557.5296040404041,0.06810549943883276,1.2258989898989898,15.183637433784579,18.0,63.636,99.0,0.0,1.0,0,0.0,1.0
0,10,bsps,0.2,0.99,99,19,15.704,544.9534897959185,0.060768556171263574,0.9493469387755101,16.885805084745762,18.0,34.432,67.276,0.4928634080216889,0.947335618572764,0,0.04152542372881356,1.0
1,10,bsps,0.2,1.0,100,18,14.832,550.2144444444446,0.069130682063035,1.0236363636363635,16.999173553719007,17.0,33.28,70.404,0.49310222851078883,0.9479945615227736,0,0.03925619834710744,1.0
2,10,bsps,0.2,1.0,100,20,16.092,547.5840282828283,0.06127743552743553,0.9837575757575757,17.05684293919588,18.0,33.616,70.06,0.4923841059602649,0.9473186119873817,0,0.03822539116656764,1.0
3,10,bsps,0.2,0.99,99,18,14.212,545.9298163265306,0.06767277779243565,0.9605714285714285,14.92855799962399,16.0,33.54,68.328,0.49299897160034806,0.949687406966359,0,0.035344989659710474,1.0
4,10,bsps,0.2,1.0,100,19,14.34,546.332080808081,0.06766284125856317,0.967111111111111,16.445516109172996,17.0,34.52,68.344,0.49279827466687204,0.9455157636975818,0,0.039811204596757646,1.0
5,10,bsps,0.2,0.97,97,19,15.38,546.0415333333334,0.0629125307219154,0.9637083333333334,15.431687242798354,18.0,33.584,67.952,0.4934873623817646,0.9552505966587113,0,0.034156378600823045,1.0
6,10,bsps,0.2,1.0,100,21,15.592,548.2469535353537,0.06422967211285063,0.9963636363636363,16.778512396694214,18.050000000000182,33.244,69.432,0.49309280026003577,0.9492798998121478,0,0.04008264462809917,1.0
7,10,bsps,0.2,1.0,100,18,13.796,544.8997252525253,0.06856752193472336,0.9399191919191919,14.919951485748939,16.0,33.892,68.3,0.49363769568905685,0.952787084983247,0,0.03658783100869214,1.0
8,10,bsps,0.2,1.0,100,22,16.636,539.070698989899,0.051933042201463255,0.861090909090909,17.45584112149533,18.0,37.148,67.02,0.4938416882403703,0.9404714342788654,0,0.04252336448598131,1.0
9,10,bsps,0.2,1.0,100,21,15.872,544.0176242424243,0.05916797803350951,0.9325252525252525,17.15829497698619,19.0,35.3,68.236,0.49270752521334366,0.9427652733118971,0,0.04082449469681809,1.0
10,10,bsps,0.2,1.0,100,22,15.68,545.6948444444445,0.06172869831693361,0.9646464646464646,16.742169768497504,18.0,35.972,68.26,0.4936263736263736,0.947741935483871,0,0.04085338175215615,1.0
11,10,bsps,0.2,1.0,100,22,16.788,545.6069898989899,0.057320152604724325,0.9606868686868688,17.71467221644121,18.0,35.016,69.384,0.4931089743589744,0.9460264900662252,0,0.040166493236212276,1.0
12,10,bsps,0.2,1.0,100,19,14.176,547.2327636363636,0.06927668932374814,0.9778181818181818,15.358029334336216,16.0,33.48,69.5,0.49244402247013214,0.9495984491830518,0,0.03798420458819105,1.0
13,10,bsps,0.2,1.0,100,18,15.056,545.012686868687,0.06297202017300058,0.9465454545454545,16.12704663212435,17.0,34.716,68.732,0.4936862003780718,0.9457851239669421,0,0.03875647668393782,1.0
14,10,bsps,0.2,1.0,100,18,14.424,545.4851070707073,0.0664513542013542,0.9573333333333334,15.367947178871548,16.0,34.508,68.844,0.49352043554942104,0.9464007478965409,0,0.039015606242496996,1.0
15,10,bsps,0.2,1.0,100,18,13.848,546.7339474747475,0.07027674732674731,0.9713939393939395,15.621532091097308,15.0,34.208,69.904,0.49276665304454437,0.9467075038284839,0,0.040372670807453416,1.0
16,10,bsps,0.2,0.82,82,20,14.788,545.7216246913581,0.06522820175870285,0.9634074074074074,16.12209757370206,17.0,28.212,55.904,0.49335016017862343,0.9465087790935075,0,0.04096008348552048,1.0
17,10,bsps,0.2,0.97,97,20,15.784,546.8229291666667,0.061845363225418365,0.9750416666666667,16.258667787350284,17.0,33.444,68.136,0.4931369266822899,0.947180585296217,0,0.03677243118302164,1.0
18,10,bsps,0.2,1.0,100,20,15.732,545.2418464646465,0.06059515430103666,0.9515151515151515,15.651577222449816,17.0,34.728,69.332,0.49460502480901003,0.9547985587946283,0,0.03420729209340434,1.0
19,10,bsps,0.2,1.0,100,19,15.568,544.4838626262627,0.06076042780748663,0.9445656565656566,16.274251751220547,17.0,35.156,68.66,0.4935877385048483,0.9498754669987547,0,0.04011887072808321,1.0
20,10,bsps,0.2,1.0,100,18,14.332,547.3195030303032,0.06871266282736872,0.9834343434343435,15.889558623371572,16.0,34.184,69.324,0.49266885041335207,0.9446192573945877,0,0.04102663814894031,1.0
21,10,bsps,0.2,1.0,100,18,14.42,548.2567313131314,0.06914502284208165,0.995070707070707,16.780977489353074,17.0,33.5,68.648,0.4929621766139813,0.9479134937557112,0,0.04076252281484486,1.0
22,10,bsps,0.2,0.97,97,17,14.256,546.1101291666666,0.06778944597069597,0.9655416666666667,16.04107933950866,16.0,33.08,66.06,0.49322365844104976,0.9468315301391036,0,0.03886427708417237,1.0
23,10,bsps,0.2,0.97,97,19,15.476,549.3457125000001,0.06576429921861907,1.018125,16.97053872053872,17.0,33.248,68.108,0.49412262156448206,0.9514529914529914,0,0.03493265993265993,1.0
24,10,bsps,0.2,1.0,100,18,14.532,548.0114303030305,0.06849537326738753,0.9937777777777779,16.02875461433845,17.0,33.18,68.832,0.49387855044074436,0.9544334975369458,0,0.034388964445307944,1.0
25,10,bsps,0.2,0.99,99,18,15.124,544.8272040816327,0.06259444151286889,0.946,15.728682170542635,16.0,34.58,68.088,0.4941915227629513,0.9495016611295681,0,0.03768303186907838,1.0
26,10,bsps,0.2,1.0,100,20,16.32,543.3276080808081,0.05687553391263401,0.9273131313131314,16.555460932510112,18.0,34.956,67.872,0.49386627670809974,0.9457450761798588,0,0.03938684266553119,1.0
27,10,bsps,0.2,1.0,100,19,14.268,547.2638464646465,0.06877566137566136,0.9793939393939395,14.792041591681663,16.0,33.984,70.256,0.4927571814387429,0.948796098750381,0,0.038792241551689664,1.0
28,10,bsps,0.2,1.0,100,18,14.444,543.2059111111112,0.06386325325496449,0.9193131313131312,15.569952469518496,16.0,34.772,67.984,0.49346811819595643,0.9480891719745222,0,0.04091754494730316,1.0
29,10,bsps,0.2,1.0,100,18,15.128,546.3295717171718,0.06434661782241761,0.9719595959595958,15.669670928526514,17.0,34.408,69.308,0.4939258051365675,0.9510887772194305,0,0.035841542653531754,1.0
30,10,bsps,0.2,0.93,93,19,13.572,547.6145782608697,0.07337374165689382,0.9954347826086958,16.22397672969042,15.0,32.044,63.312,0.49403188336137144,0.9537802265074993,0,0.036359858715977564,1.0
31,10,bsps,0.2,1.0,100,17,13.62,546.2483434343435,0.0712056192965284,0.9681616161616161,15.647935548841893,15.0,34.436,68.912,0.49316338354577055,0.9443535188216039,0,0.03907351460221551,1.0
32,10,bsps,0.2,1.0,100,20,15.8,548.9453494949496,0.06378245998736194,1.0061010101010102,16.214219070722148,17.0,33.404,70.868,0.4926898286432951,0.9503968253968254,0,0.037320395596193316,1.0
33,10,bsps,0.2,1.0,100,19,15.212,547.0663676767678,0.06496387715407323,0.9866262626262626,16.487474610697358,17.0,35.008,69.616,0.4940636378027545,0.9441896024464832,0,0.03859174001354096,1.0
34,10,bsps,0.2,1.0,100,18,14.616,548.3405252525254,0.06832672480025422,0.9974545454545455,16.541816009557945,16.0,33.2,69.36,0.49250425894378197,0.949079754601227,0,0.03882915173237754,1.0
35,10,bsps,0.2,1.0,100,24,19.132,546.025907070707,0.049707391990031075,0.948040404040404,17.813605442176872,21.0,32.248,70.736,0.4938035356296701,0.9590964590964591,0,0.03362487852283771,1.0
36,10,bsps,0.2,0.97,97,21,16.048,543.1179708333334,0.05742697107154828,0.9190833333333334,16.98605128205128,18.0,33.48,65.772,0.49325710935209616,0.9525790349417638,0,0.03876923076923077,1.0
37,10,bsps,0.2,0.96,96,21,16.708,548.1923747368421,0.060107105483005754,0.9988631578947368,18.235779816513762,21.0,33.352,66.812,0.4931506849315068,0.9425837320574163,0,0.04036697247706422,1.0
38,10,bsps,0.2,1.0,100,17,13.936,545.0713414141414,0.06869297703682731,0.9549494949494949,15.896538081107813,16.0,35.036,67.72,0.4935664547381169,0.9492092457420924,0,0.03837784371909001,1.0
39,10,bsps,0.2,1.0,100,19,14.696,545.4206828282829,0.065171860710096,0.955959595959596,15.371440032089852,16.0,34.784,69.332,0.4937941104891701,0.9490249743414301,0,0.03529883674288006,1.0
40,10,bsps,0.2,1.0,100,18,14.636,546.3214262626262,0.06705716816688297,0.9747474747474747,16.857870173949937,18.0,35.504,68.388,0.49278152069297404,0.9396117900790798,0,0.04200254560882478,1.0
41,10,bsps,0.2,1.0,100,19,14.556,543.585797979798,0.0639168685345156,0.9288080808080809,17.017047906776003,16.0,35.056,67.108,0.49327905369075964,0.941630325394163,0,0.0440224428139836,1.0
42,10,bsps,0.2,1.0,100,17,14.292,548.2289131313132,0.06977634587634587,0.9945050505050506,16.09226077011056,16.0,33.52,69.0,0.49273198711400956,0.9465322334249924,0,0.03945863515059093,1.0
43,10,bsps,0.2,0.96,96,20,14.572,544.8281810526317,0.06540590378661587,0.9466526315789474,15.029524214103652,18.0,33.196,65.12,0.4929515418502203,0.9482248520710059,0,0.04035683942225998,1.0
44,10,bsps,0.2,1.0,100,19,14.976,545.2313414141415,0.063780156616342,0.9523636363636363,16.343405471621068,17.0,35.12,69.068,0.4931071049840933,0.9490600363856883,0,0.0379746835443038,1.0
45,10,bsps,0.2,1.0,100,17,14.044,546.8413171717173,0.07001997608254293,0.9807272727272728,15.833845523458308,16.0,34.304,68.36,0.4928846607437692,0.9457482474855227,0,0.041180086047940996,1.0
46,10,bsps,0.2,0.99,99,19,15.564,548.7210857142858,0.06456119440450173,1.0036734693877551,16.862930708065125,17.0,32.836,69.308,0.4932505175983437,0.9535766423357664,0,0.03616054524801212,1.0
47,10,bsps,0.2,1.0,100,19,14.856,542.3761494949495,0.06095081868023044,0.9042424242424243,15.888512798815317,16.0,35.896,68.444,0.49360505973295854,0.946177370030581,0,0.038925322614766236,1.0
48,10,bsps,0.2,0.99,99,18,14.972,545.7981714285714,0.06414735795294334,0.9560816326530612,16.03055450773293,18.0,34.328,69.264,0.49276310409681906,0.949250993579945,0,0.036212749905695965,1.0
49,10,bsps,0.2,1.0,100,18,14.672,544.9488565656566,0.0644813264803461,0.9437575757575758,15.772022758485383,16.0,34.484,68.836,0.49343215674763335,0.9475244589386304,0,0.0384539925446341,1.0
0,10,baps,0.2,0.99,99,19,11.64,528.1913142857144,0.04580993811058258,0.691469387755102,59.14936440677966,119.0,34.048,53.912,0.5051238602436859,0.524873398868037,0,0.44851694915254237,1.0
1,10,baps,0.2,1.0,100,18,11.816,531.5817535353535,0.050549623216289884,0.7414949494949495,60.29607438016529,118.0,33.68,56.104,0.5058097962102253,0.5212279555845852,0,0.44669421487603306,1.0
2,10,baps,0.2,1.0,100,20,13.524,533.0564202020204,0.04918383838383838,0.7639595959595958,55.769657357892655,120.0,34.056,58.6,0.5052314388549427,0.5255828035119589,0,0.40007922360863535,1.0
3,10,baps,0.2,0.99,99,18,12.028,528.8073632653062,0.04504826692581795,0.6960408163265306,56.592216582064296,118.0,33.284,54.748,0.5031597472202224,0.5224349814232638,0,0.42771197593532617,1.0
4,10,baps,0.2,1.0,100,19,12.0,528.9649696969698,0.04554428495481127,0.7002828282828283,60.21095834188385,119.0,34.208,54.768,0.5031916549898802,0.5302585193889542,0,0.4457213215678227,1.0
5,10,baps,0.2,0.97,97,19,12.208,529.1996958333334,0.04651630116959065,0.7042083333333332,57.20720164609053,119.0,33.324,54.464,0.502940945808172,0.5341526150328665,0,0.43415637860082307,1.0
6,10,baps,0.2,1.0,100,21,14.132,531.2488282828283,0.04246849446849447,0.7405656565656566,59.9547520661157,121.0,34.652,56.984,0.5019320891227493,0.5253221456397962,0,0.4353305785123967,1.0
7,10,baps,0.2,1.0,100,18,11.8,528.2365616161617,0.046127048260381595,0.6883636363636364,59.528401051142104,118.0,34.86,55.528,0.506157443491816,0.5239766081871345,0,0.4479482514655347,1.0
8,10,baps,0.2,1.0,100,22,13.872,525.8345333333334,0.03845337939277333,0.6588686868686868,58.697897196261685,121.0,37.616,56.484,0.502611999366788,0.5244648318042814,0,0.41728971962616823,1.0
9,10,baps,0.2,1.0,100,21,12.86,527.3827797979799,0.04114122174122174,0.6764040404040405,61.574744846908146,121.0,34.86,54.724,0.5039203387172652,0.5304990757855823,0,0.44646788072843707,1.0
10,10,baps,0.2,1.0,100,22,14.148,529.8002383838384,0.041690301281210373,0.7224242424242424,60.05265546981389,122.0,35.948,55.984,0.5040337502775516,0.528249459709787,0,0.4378120744439401,1.0
11,10,baps,0.2,1.0,100,22,14.568,529.1111474747477,0.03841689623507805,0.7071515151515151,60.171279916753384,122.0,35.26,56.384,0.5051847051198963,0.529467680608365,0,0.43309053069719045,1.0
12,10,baps,0.2,1.0,100,19,11.836,528.1038424242425,0.04208736487683856,0.6824242424242425,60.408048138397895,119.0,32.908,53.984,0.5057296257712958,0.5239989392734022,0,0.4490409928544566,1.0
13,10,baps,0.2,1.0,100,18,12.828,528.9631838383839,0.044536315536315534,0.7029898989898989,55.891606217616584,118.0,35.824,56.96,0.4999617473796955,0.5335011009751495,0,0.4194818652849741,1.0
14,10,baps,0.2,1.0,100,18,12.528,530.5379313131314,0.04829028379028379,0.7299797979797981,54.031012404961984,117.0,35.564,57.916,0.5044625533566163,0.524219910846954,0,0.3997599039615846,1.0
15,10,baps,0.2,1.0,100,18,12.112,529.6628363636364,0.04698540965207632,0.7101818181818182,58.03995859213251,118.0,34.276,56.292,0.5026468155500413,0.5319648093841642,0,0.43043478260869567,1.0
16,10,baps,0.2,0.82,82,20,12.54,527.6532148148149,0.03942222222222222,0.6849382716049384,61.22775893555961,120.0,28.288,44.384,0.5046600608260571,0.5224872897927259,0,0.4542134098617271,1.0
17,10,baps,0.2,0.97,97,20,12.624,527.9410041666667,0.039670833333333336,0.6809166666666667,58.483294809834,119.0,32.48,52.924,0.5040609137055837,0.5252559726962457,0,0.4421096869090145,1.0
18,10,baps,0.2,1.0,100,20,12.84,527.9733090909092,0.04088388648388649,0.684,59.14420319541172,119.0,34.136,55.088,0.5047429254683141,0.5251170046801872,0,0.4405981155264236,1.0
19,10,baps,0.2,1.0,100,19,13.14,528.7561333333333,0.0429013949013949,0.7051717171717172,58.28231797919762,119.0,36.496,57.156,0.503877809433365,0.5276456599286563,0,0.4328168117172575,1.0
20,10,baps,0.2,1.0,100,18,11.936,530.591486868687,0.04949982363315696,0.729050505050505,57.41784950418044,118.0,34.796,56.736,0.5009061539673785,0.5240253853127833,0,0.4281547734785145,1.0
21,10,baps,0.2,1.0,100,18,12.028,532.1823151515152,0.052431938431938434,0.7541818181818182,56.79091462178057,118.0,34.76,57.212,0.5038137613221039,0.5246045694200352,0,0.42040154126951934,1.0
22,10,baps,0.2,0.97,97,17,11.5,529.0339125,0.047339052287581694,0.7027083333333334,57.77768828030608,117.0,33.004,53.232,0.5046402792099627,0.5293250810492189,0,0.43475634313330647,1.0
23,10,baps,0.2,0.97,97,19,12.94,530.5055625,0.04390606725146199,0.7277916666666667,60.91582491582491,119.0,33.004,53.936,0.505739249614528,0.5217815344603381,0,0.44276094276094274,1.0
24,10,baps,0.2,1.0,100,18,12.244,530.3906303030303,0.04671669071669071,0.7254545454545455,58.37847289683311,118.0,34.228,56.024,0.5016103724502436,0.5287525803597759,0,0.43034777540314745,1.0
25,10,baps,0.2,0.99,99,18,12.208,528.2072326530614,0.04398315516682864,0.6895918367346938,56.2973729543497,117.0,35.024,55.552,0.5033349213911387,0.5272496831432193,0,0.42743324720068904,1.0
26,10,baps,0.2,1.0,100,20,13.912,527.7577616161617,0.03878473625140292,0.6886464646464646,58.31424313391526,119.0,36.092,56.3,0.5035676207660132,0.5318845742785893,0,0.4317649563551203,1.0
27,10,baps,0.2,1.0,100,19,12.72,529.8921656565657,0.04476394268499531,0.7111111111111111,57.008998200359926,119.0,33.36,55.892,0.504885723749586,0.5242406542056075,0,0.4365126974605079,1.0
28,10,baps,0.2,1.0,100,18,12.988,528.8273333333334,0.044950456950456956,0.7032727272727273,54.83756974581525,118.0,36.668,57.896,0.504325259515571,0.5264920828258222,0,0.4095887580078529,1.0
29,10,baps,0.2,1.0,100,18,12.044,528.2738868686869,0.04325164341831009,0.6918787878787879,59.19199329281073,118.0,34.128,54.812,0.5040382396571617,0.5231065468549422,0,0.44854328233074825,1.0
30,10,baps,0.2,0.93,93,19,12.38,532.167495652174,0.050978416149068326,0.7611739130434783,57.99605235819655,119.0,32.532,52.78,0.5023512242581482,0.5362997658079626,0,0.41699563681695406,1.0
31,10,baps,0.2,1.0,100,17,12.212,531.0189131313132,0.050564982221844974,0.7392727272727273,54.05981873111782,117.0,36.004,58.192,0.5058144072426441,0.528710385942893,0,0.39798590130916417,1.0
32,10,baps,0.2,1.0,100,20,13.884,529.9044646464648,0.04015685425685426,0.7130101010101011,59.848292591901476,120.0,33.684,56.136,0.5069135410044501,0.5237315875613748,0,0.43870125023325246,1.0
33,10,baps,0.2,1.0,100,19,13.56,531.1606989898991,0.04533507590525134,0.7440404040404041,56.20108327691266,118.0,36.12,58.14,0.5049988002879309,0.5249362941390608,0,0.4069058903182126,1.0
34,10,baps,0.2,1.0,100,18,11.704,529.4599434343435,0.04550546737213403,0.70820202020202,59.99223416965352,118.0,33.468,54.804,0.5043110881186411,0.5261610817166372,0,0.44882516925527677,1.0
35,10,baps,0.2,1.0,100,24,15.5,526.7500929292929,0.030771284271284272,0.6514747474747474,63.560932944606414,124.0,32.564,54.78,0.5061830933923958,0.5219683655536028,0,0.4546161321671526,1.0
36,10,baps,0.2,0.97,97,21,13.66,528.0581333333334,0.04042395833333333,0.69125,60.54707692307692,121.0,34.132,54.092,0.5006305170239597,0.5327673122844255,0,0.4391794871794872,1.0
37,10,baps,0.2,0.96,96,21,14.084,531.8272757894738,0.04419774436090225,0.7494315789473684,58.597477064220186,121.0,33.744,55.072,0.5056613946800863,0.5270785659801678,0,0.4188073394495413,1.0
38,10,baps,0.2,1.0,100,17,11.244,529.1481818181819,0.04969744503862151,0.7109898989898991,56.6595450049456,117.0,35.304,55.612,0.5030595074193055,0.5283129013426737,0,0.4271018793273986,1.0
39,10,baps,0.2,1.0,100,19,12.616,530.0182747474748,0.04675349991139466,0.7195555555555554,55.351985559566785,118.0,34.684,56.96,0.506242812551339,0.5250325097529259,0,0.40693943040513436,1.0
40,10,baps,0.2,1.0,100,18,11.712,529.8066505050506,0.048628058361391696,0.7216565656565657,59.90857021637675,118.0,34.932,55.188,0.5040168790067354,0.5292107960368978,0,0.4461179465422147,1.0
41,10,baps,0.2,1.0,100,19,12.568,528.3202666666667,0.043719247613984456,0.6965656565656567,59.47108329736729,119.0,35.588,55.524,0.504704875962361,0.5278573702642471,0,0.4346137246439361,1.0
42,10,baps,0.2,1.0,100,17,11.132,530.5926505050505,0.05214078035254507,0.7272727272727273,57.489515821578344,117.0,34.036,55.768,0.506159103552412,0.5232660228270413,0,0.4306138009912314,1.0
43,10,baps,0.2,0.96,96,20,13.236,530.6055073684211,0.046663759398496235,0.7328842105263159,55.249787595581985,120.0,34.572,55.348,0.4987003341997772,0.5383309759547383,0,0.41440101954120645,1.0
44,10,baps,0.2,1.0,100,19,12.14,527.0908323232325,0.04033836105415053,0.6702222222222223,61.272764393630055,119.0,34.22,54.112,0.5062361313030836,0.5240454677936461,0,0.45426704777460186,1.0
45,10,baps,0.2,1.0,100,17,11.568,529.577486868687,0.047647664318252556,0.7149898989898991,58.12210612579389,117.0,34.328,55.056,0.4998410174880763,0.539766081871345,0,0.438639623028068,1.0
46,10,baps,0.2,0.99,99,19,11.732,529.3004693877551,0.044274185463659146,0.7037142857142856,62.117758424839074,119.0,32.436,53.816,0.5067953020134228,0.5229050279329609,0,0.46081029912911775,1.0
47,10,baps,0.2,1.0,100,19,12.504,526.6940727272728,0.04219883040935672,0.6629090909090909,57.98392214935477,119.0,35.596,55.688,0.5058973994599971,0.5245183887915937,0,0.42775544742965943,1.0
48,10,baps,0.2,0.99,99,18,12.184,528.6990612244898,0.04478255587949466,0.6919591836734694,56.765371557902675,118.0,33.96,55.616,0.5042225534028812,0.5236703682057277,0,0.42531120331950206,1.0
49,10,baps,0.2,1.0,100,18,12.564,529.1164282828283,0.04587093153759821,0.7038787878787878,55.49558563861095,117.0,35.532,57.108,0.5056013057348469,0.5259869355296791,0,0.4120070629782225,1.0
0,10,lt,0.2,0.99,99,19,15.132,535.8223469387756,0.053001195311361486,0.8264897959183672,46.177330508474576,117.0,39.44,63.804,0.4751207729468599,0.5807807807807808,0,0.33347457627118643,1.0
1,10,lt,0.2,1.0,100,18,14.84,539.594787878788,0.05775594680621418,0.8769292929292929,47.638636363636365,118.0,38.368,65.976,0.4850053552302749,0.5640183847669075,0,0.3384297520661157,1.0
2,10,lt,0.2,1.0,100,20,15.736,538.5554424242424,0.0527191053851341,0.8609292929292929,43.172707466825116,118.0,38.636,66.644,0.47459893048128343,0.5886654478976234,0,0.2964943553178847,1.0
3,10,lt,0.2,0.99,99,18,13.776,536.8178530612246,0.05922820491833097,0.8362448979591837,41.575860124083476,115.0,38.284,64.732,0.46088828642054064,0.5969933506793871,0,0.29949238578680204,1.0
4,10,lt,0.2,1.0,100,19,13.648,536.4346707070708,0.05883052749719416,0.8309898989898988,47.89411040426842,118.0,38.5,63.384,0.48293289790840527,0.5700796695190322,0,0.3404473630207265,1.0
5,10,lt,0.2,0.97,97,19,14.856,537.7818208333334,0.05561679316734463,0.8509583333333333,40.84650205761317,117.0,38.328,65.156,0.46619189231491626,0.6103110599078341,0,0.2866255144032922,1.0
6,10,lt,0.2,1.0,100,21,15.048,538.4206383838383,0.05565148520331934,0.8627474747474747,48.086570247933885,118.0,38.268,65.34,0.47811088295687887,0.5699248120300752,0,0.3400826446280992,1.0
7,10,lt,0.2,1.0,100,18,13.736,534.1459353535354,0.054735317039862494,0.7887676767676768,46.66565595310289,117.0,38.616,63.42,0.47875816993464054,0.5597410241318422,0,0.3446533252476248,1.0
8,10,lt,0.2,1.0,100,22,16.58,531.2428444444444,0.04465248942091047,0.7536565656565657,45.57102803738318,117.0,42.22,64.7,0.48405475983223867,0.5507079984691925,0,0.31822429906542055,1.0
9,10,lt,0.2,1.0,100,21,14.984,534.308896969697,0.05186419189355675,0.7962424242424242,46.09705823494097,118.0,39.48,63.744,0.4849078792630341,0.5574730354391372,0,0.32839703822293376,1.0
10,10,lt,0.2,1.0,100,22,15.24,534.9649858585859,0.05131612795025873,0.8127676767676768,50.70903313663187,120.0,39.148,62.124,0.4934930493936705,0.546187228766274,0,0.370177031320926,1.0
11,10,lt,0.2,1.0,100,22,16.12,536.2740565656566,0.049784176093267005,0.8314747474747474,46.51508844953174,119.0,39.8,65.636,0.48759526512080426,0.5533796588755527,0,0.31925078043704475,1.0
12,10,lt,0.2,1.0,100,19,14.404,536.3144767676769,0.05518736494244516,0.8233939393939393,44.71887927792403,117.0,37.676,64.104,0.4689175134010721,0.5891762196747534,0,0.32493418578412936,1.0
13,10,lt,0.2,1.0,100,18,14.068,535.9895111111111,0.056245547550093006,0.8212929292929292,45.68725388601036,117.0,38.328,64.096,0.48269539307815723,0.5602657386902878,0,0.3293264248704663,1.0
14,10,lt,0.2,1.0,100,18,13.46,535.1621131313132,0.058068289850375404,0.811030303030303,45.157262905162064,116.0,38.328,63.588,0.4874476987447699,0.5466507177033493,0,0.3353341336534614,1.0
15,10,lt,0.2,1.0,100,18,13.164,535.0842545454547,0.05919989093892837,0.8073535353535354,48.1351966873706,116.0,39.064,64.244,0.48220331984474357,0.5588322028900029,0,0.3590062111801242,1.0
16,10,lt,0.2,0.82,82,20,13.452,534.6235160493827,0.05689873315581377,0.8037037037037037,47.311505348291156,117.0,30.76,50.68,0.4949970570924073,0.5453834115805947,0,0.3475084789981738,1.0
17,10,lt,0.2,0.97,97,20,15.184,538.1549333333334,0.05528030132993369,0.8580416666666666,41.72767388106745,116.0,37.908,64.66,0.4790945181180843,0.5695637238062522,0,0.2887161168312671,1.0
18,10,lt,0.2,1.0,100,20,14.396,535.166892929293,0.054922063775004956,0.8062222222222222,44.13908234330192,115.0,37.776,63.72,0.4805029444532867,0.5741206030150754,0,0.3222040147480541,1.0
19,10,lt,0.2,1.0,100,19,15.016,533.8287070707071,0.05108255581620813,0.7938989898989899,48.825939291021015,117.0,39.204,63.16,0.49324057237726304,0.5443151298119964,0,0.3648906813839949,1.0
20,10,lt,0.2,1.0,100,18,13.476,536.6831676767677,0.060185597508057395,0.8317575757575757,45.508263659342795,115.0,37.748,63.74,0.4930664985817838,0.5423216444981862,0,0.3356017888391989,1.0
21,10,lt,0.2,1.0,100,18,13.424,537.9133656565657,0.06216663605754514,0.8497373737373737,47.735347799634965,116.0,36.812,62.98,0.48692680600810617,0.5618964003511853,0,0.3490164266882985,1.0
22,10,lt,0.2,0.97,97,17,13.032,534.1747375,0.05809182078134284,0.7921666666666668,49.0581957309706,116.0,35.556,58.904,0.4968314321926489,0.5376184834123223,0,0.36387434554973824,1.0
23,10,lt,0.2,0.97,97,19,14.944,538.5310916666667,0.05566069517714254,0.8668333333333333,46.49031986531987,118.0,37.144,62.768,0.48426274375641465,0.5689993459777632,0,0.32196969696969696,1.0
24,10,lt,0.2,1.0,100,18,14.456,537.4697212121212,0.05774050964879842,0.848969696969697,46.258402953176606,117.0,37.792,63.92,0.46294466403162055,0.5899880810488677,0,0.3322323683699242,1.0
25,10,lt,0.2,0.99,99,18,13.78,534.1833346938777,0.05597544017607043,0.7924081632653062,45.504306632213606,115.0,37.604,62.032,0.48996589196478146,0.5615653833916641,0,0.33871662360034455,1.0
26,10,lt,0.2,1.0,100,20,16.036,535.0302545454547,0.05003234868941783,0.8134141414141414,44.533744943581006,116.0,39.84,65.088,0.48512173128944996,0.5590860406997501,0,0.31573344688098787,1.0
27,10,lt,0.2,1.0,100,19,13.356,535.8955595959596,0.058550681641590725,0.8160808080808081,45.569286142771446,116.0,38.12,64.58,0.48412698412698413,0.5534665099882491,0,0.34273145370925817,1.0
28,10,lt,0.2,1.0,100,18,14.148,533.418593939394,0.05313987502891247,0.7812121212121212,45.39925604463732,116.0,39.176,63.616,0.4754124116260801,0.5767584097859327,0,0.3312667906592271,1.0
29,10,lt,0.2,1.0,100,18,14.6,535.4424323232324,0.05362350780532599,0.8172121212121213,47.55627750995598,117.0,38.54,63.884,0.4879835390946502,0.5506451612903226,0,0.34374345001047996,1.0
30,10,lt,0.2,0.93,93,19,13.06,538.0464217391306,0.06482793923893668,0.8652173913043477,45.46374402659464,116.0,36.016,59.308,0.47861935170964354,0.5800532701982836,0,0.3266154165800956,1.0
31,10,lt,0.2,1.0,100,17,13.312,535.8821616161617,0.059769084787266606,0.8204040404040405,45.281772406847935,115.0,37.78,63.304,0.4903215735248205,0.5548933500627352,0,0.330110775427996,1.0
32,10,lt,0.2,1.0,100,20,15.476,538.0371272727273,0.05441675720793368,0.8516363636363635,44.37936182123531,115.0,37.584,65.492,0.4803174603174603,0.5663013698630137,0,0.3190893823474529,1.0
33,10,lt,0.2,1.0,100,19,14.648,537.266892929293,0.05580816944988068,0.8473131313131315,46.312796208530806,117.0,38.16,64.272,0.4960083027303209,0.5451541850220264,0,0.3263371699390657,1.0
34,10,lt,0.2,1.0,100,18,13.624,536.4878505050505,0.058332676137488965,0.8292525252525251,49.26662684189566,116.0,37.044,62.904,0.4882819231432018,0.5556865055981143,0,0.3643966547192354,1.0
35,10,lt,0.2,1.0,100,24,18.228,534.5332363636363,0.04167227239163998,0.7880404040404041,50.16404275996113,122.0,37.992,65.232,0.48875990418278975,0.5459363957597173,0,0.3459669582118562,1.0
36,10,lt,0.2,0.97,97,21,15.548,532.3768083333333,0.04650724498454761,0.7635,49.012307692307694,118.0,37.692,60.908,0.48415284360189575,0.5667378537106247,0,0.3524102564102564,1.0
37,10,lt,0.2,0.96,96,21,15.812,538.290812631579,0.053374161178925725,0.8653894736842106,46.809862385321104,118.0,38.604,63.228,0.4921404832480014,0.5521589606419565,0,0.32224770642201833,1.0
38,10,lt,0.2,1.0,100,17,13.068,535.1593818181818,0.05788496071829405,0.8141010101010102,46.006726013847675,117.0,38.392,62.484,0.4812156383628589,0.5854876615746181,0,0.32403560830860534,1.0
39,10,lt,0.2,1.0,100,19,14.712,535.5482505050506,0.05352946670415476,0.8181414141414141,44.329923786602485,117.0,39.62,65.26,0.4853834784036788,0.5556640625,0,0.31327717609306055,1.0
40,10,lt,0.2,1.0,100,18,13.016,535.6829131313132,0.06053874694659009,0.8210101010101011,48.54030547305897,117.0,38.096,62.204,0.49359494081401006,0.5425240054869684,0,0.3493848112006788,1.0
41,10,lt,0.2,1.0,100,19,14.264,533.7432161616163,0.05460079853796431,0.7863838383838383,49.31247302546396,117.0,37.428,61.188,0.49304638334239764,0.5461808884627677,0,0.3590850237375917,1.0
42,10,lt,0.2,1.0,100,17,13.164,537.2205171717172,0.06010379283026342,0.8383434343434344,46.16603126191384,117.0,37.284,63.356,0.49233214143822013,0.5472913616398243,0,0.32672512390392683,1.0
43,10,lt,0.2,0.96,96,20,13.248,534.7622021052632,0.05813510256549527,0.7997894736842105,46.293330501274426,118.0,35.544,59.38,0.4838709677419355,0.5738264580369844,0,0.34791843670348344,1.0
44,10,lt,0.2,1.0,100,19,14.688,534.1448484848486,0.052100836049142646,0.794909090909091,48.953450387913435,117.0,39.136,63.328,0.4943760042849491,0.5397843194403964,0,0.3542262147815435,1.0
45,10,lt,0.2,1.0,100,17,13.292,536.5166626262627,0.061695880886789976,0.8344646464646465,45.85679164105716,115.0,37.708,62.9,0.48102572245157194,0.5725616921269095,0,0.3396844908830158,1.0
46,10,lt,0.2,0.99,99,19,14.724,537.2326653061225,0.05474338045855074,0.8389795918367347,48.51211662249148,117.0,36.336,63.02,0.48640053560967444,0.5654745142213461,0,0.3468383188186293,1.0
47,10,lt,0.2,1.0,100,19,14.268,532.2449292929293,0.05139492968904733,0.7564444444444445,47.8199703829067,117.0,38.564,62.428,0.4965213687349141,0.5410076157000586,0,0.3526549608631267,1.0
48,10,lt,0.2,0.99,99,18,14.66,536.3180408163266,0.05548619024366324,0.8248163265306123,43.598264805733685,115.0,38.904,65.216,0.48929486649582543,0.5503967087863649,0,0.31365522444360616,1.0
49,10,lt,0.2,1.0,100,18,13.872,534.6253898989901,0.05600420875420876,0.7966060606060605,44.9737100255052,115.0,38.204,63.564,0.4832901074472027,0.5629101283880171,0,0.3294094565430645,1.0
0,10,ewma,0.2,0.99,99,19,15.396,543.1104612244899,0.06027488251938874,0.9235918367346938,22.772033898305086,113.0,35.076,66.32,0.4859402460456942,0.8681930693069307,0,0.1027542372881356,1.0
1,10,ewma,0.2,1.0,100,18,14.56,548.4655313131314,0.06895041255041255,0.9999191919191919,22.178719008264462,113.0,34.06,69.544,0.48725212464589235,0.8835477318889641,0,0.09235537190082645,1.0
2,10,ewma,0.2,1.0,100,20,15.964,546.0776282828283,0.060431227645572336,0.9627474747474748,21.75975440681323,113.0,34.268,69.344,0.4874792703150912,0.8802507836990595,0,0.08694791047732224,1.0
3,10,ewma,0.2,0.99,99,18,13.956,544.1060571428573,0.06702812102863123,0.9351836734693877,19.98834367362286,111.0,34.248,67.416,0.48676913325938836,0.8812907045589106,0,0.08873848467757098,1.0
4,10,ewma,0.2,1.0,100,19,14.332,544.417903030303,0.06575311147557138,0.9397575757575758,22.460496613995485,113.0,35.016,67.204,0.48738328574735706,0.8696444849589791,0,0.10178534783500924,1.0
5,10,ewma,0.2,0.97,97,19,14.988,544.2791916666667,0.06285089308159161,0.939375,21.483539094650205,112.0,34.36,67.144,0.48566322169554743,0.8701567583555161,0,0.097119341563786,1.0
6,10,ewma,0.2,1.0,100,21,15.376,546.3731353535354,0.0635690145625224,0.9705454545454545,23.069214876033058,114.0,34.08,68.564,0.48597978480599935,0.8681930693069307,0,0.10371900826446281,1.0
7,10,ewma,0.2,1.0,100,18,13.952,543.299191919192,0.06627092929517173,0.9193939393939394,21.193248433393975,112.0,34.98,67.772,0.4866012819522743,0.8736746440472584,0,0.09803921568627451,1.0
8,10,ewma,0.2,1.0,100,22,16.48,537.4823070707072,0.0509756452430343,0.8391919191919192,23.49158878504673,114.0,37.9,66.24,0.48958742632612967,0.8649504950495049,0,0.10327102803738318,1.0
9,10,ewma,0.2,1.0,100,21,15.352,542.209292929293,0.05961059876560392,0.9061818181818182,22.70902541524915,113.0,35.728,67.112,0.48741063102269194,0.8674968071519795,0,0.09845907544526716,1.0
10,10,ewma,0.2,1.0,100,22,15.744,544.0884525252526,0.05995703101698974,0.9420606060606063,22.60099863822061,114.0,36.496,67.376,0.488010559507223,0.8766463218760039,0,0.0985020426690876,1.0
11,10,ewma,0.2,1.0,100,22,16.468,544.0154262626263,0.05710305167637469,0.9385454545454545,23.047242455775233,114.0,35.58,68.516,0.4873976561245786,0.87146614069691,0,0.09531737773152965,1.0
12,10,ewma,0.2,1.0,100,19,14.152,545.3537373737374,0.06757393891511537,0.9528888888888889,21.024257239563745,112.0,34.576,68.792,0.4857754180204454,0.877719636463784,0,0.09439638962015795,1.0
13,10,ewma,0.2,1.0,100,18,14.956,543.021402020202,0.061256285653344476,0.9172121212121213,22.010362694300518,113.0,35.044,67.416,0.48739304914060727,0.8669076569175156,0,0.09989637305699482,1.0
14,10,ewma,0.2,1.0,100,18,14.264,544.0348040404041,0.06584146964146964,0.9373737373737374,20.568427370948378,111.0,35.136,68.136,0.4884739511295528,0.8733003708281829,0,0.09183673469387756,1.0
15,10,ewma,0.2,1.0,100,18,14.0,544.5898747474748,0.06727775322320777,0.940969696969697,22.17474120082816,113.0,34.976,68.768,0.4854663063948252,0.8670520231213873,0,0.10434782608695652,1.0
16,10,ewma,0.2,0.82,82,20,14.624,544.2287654320988,0.0646506579839913,0.94320987654321,21.147143229846073,112.0,28.836,55.384,0.48741374283215083,0.872815928484356,0,0.0933994260370467,1.0
17,10,ewma,0.2,0.97,97,20,15.74,545.2556166666668,0.06065173943255891,0.9534583333333333,21.340827905022064,112.0,34.104,67.4,0.48796847488890754,0.8724760892667375,0,0.08930447573019541,1.0
18,10,ewma,0.2,1.0,100,20,15.784,543.6144363636365,0.05892187005747377,0.9284444444444444,21.386931585415812,112.0,35.276,68.44,0.48712886923562854,0.8742709008425146,0,0.0909463334698894,1.0
19,10,ewma,0.2,1.0,100,19,15.72,542.6514505050505,0.05851429938978959,0.9195151515151515,22.972829547866695,113.0,36.08,67.896,0.48620257133897776,0.8646732429099877,0,0.10634684780301422,1.0
20,10,ewma,0.2,1.0,100,18,14.1,545.5911111111111,0.06814587688999456,0.9590707070707072,20.88994750145829,112.0,34.764,68.364,0.4877915594040097,0.8714240804778371,0,0.09313630176939529,1.0
21,10,ewma,0.2,1.0,100,18,14.476,546.6458181818182,0.06742717184776009,0.9731717171717172,22.604948286351654,113.0,34.268,67.924,0.4880088355948249,0.8751504211793021,0,0.09835733117014804,1.0
22,10,ewma,0.2,0.97,97,17,13.98,544.3278041666667,0.06744205877863967,0.9408333333333335,21.739830849778492,112.0,33.764,65.192,0.4864949748743719,0.8685661764705882,0,0.09867096254530809,1.0
23,10,ewma,0.2,0.97,97,19,15.332,547.4654916666667,0.06470555637853431,0.9920416666666666,22.788089225589225,114.0,33.944,67.192,0.48733158206931615,0.8745337402509326,0,0.09322390572390572,1.0
24,10,ewma,0.2,1.0,100,18,14.372,546.2269414141416,0.06745256544472229,0.969050505050505,21.42199339421022,112.0,33.848,67.936,0.48680232083026886,0.8804780876494024,0,0.0907324655138916,1.0
25,10,ewma,0.2,0.99,99,18,15.06,543.3309102040818,0.06156946569836726,0.9263265306122449,21.44810508182601,112.0,35.516,67.568,0.4870099196976854,0.8700787401574803,0,0.09474590869939707,1.0
26,10,ewma,0.2,1.0,100,20,16.316,541.6897171717172,0.05555340507636689,0.9061818181818181,22.265062806046412,113.0,36.212,67.456,0.4882850634559063,0.8659527326440177,0,0.096657440919736,1.0
27,10,ewma,0.2,1.0,100,19,14.192,545.4782262626262,0.06727285677285678,0.9547070707070706,20.43471305738852,111.0,34.804,69.432,0.4861452697163469,0.8743185947910357,0,0.09578084383123375,1.0
28,10,ewma,0.2,1.0,100,18,14.664,541.4205696969698,0.06109169142404437,0.8942626262626263,21.49163050216987,113.0,35.528,67.124,0.4874211387179687,0.8744068332806074,0,0.0975408142178136,1.0
29,10,ewma,0.2,1.0,100,18,14.896,544.5098303030304,0.06357253490880942,0.9465050505050506,21.33514986376022,112.0,35.144,68.444,0.48783077425677884,0.8735861610113107,0,0.09641584573464683,1.0
30,10,ewma,0.2,0.93,93,19,13.568,545.7174565217392,0.07157039301278431,0.9693913043478262,22.001246623727404,112.0,32.768,62.476,0.4860285851935121,0.8743932038834952,0,0.09599002701018076,1.0
31,10,ewma,0.2,1.0,100,17,13.432,544.6703717171717,0.0706680376862195,0.9469494949494949,20.96918429003021,112.0,35.268,68.272,0.4877690044898591,0.8702141466580143,0,0.09365558912386707,1.0
32,10,ewma,0.2,1.0,100,20,15.656,547.4397737373738,0.06296243973891033,0.9833535353535353,20.86116812838216,112.0,33.44,69.72,0.48648861577247304,0.8872645487770593,0,0.0843440940473969,1.0
33,10,ewma,0.2,1.0,100,19,15.324,545.7389858585859,0.06336492864434042,0.9697777777777778,21.341006544798013,113.0,35.996,69.272,0.48918297804897376,0.8719118206005321,0,0.08530805687203792,1.0
34,10,ewma,0.2,1.0,100,18,14.556,546.8656363636364,0.06724033004033003,0.978020202020202,21.72978892871366,113.0,34.052,68.808,0.48638730050354184,0.883947608894304,0,0.09199522102747909,1.0
35,10,ewma,0.2,1.0,100,24,19.144,544.2996040404041,0.048528046971531354,0.9246060606060607,23.389115646258503,114.0,33.276,70.02,0.4858576642335766,0.8848024316109423,0,0.08862973760932945,1.0
36,10,ewma,0.2,0.97,97,21,16.016,541.5987333333334,0.056182055050427726,0.8985,22.74871794871795,114.0,34.276,65.132,0.4865956665442527,0.8795048143053645,0,0.09866666666666667,1.0
37,10,ewma,0.2,0.96,96,21,16.668,546.8113263157895,0.058906290287121306,0.9809263157894738,23.205963302752295,115.0,34.212,66.372,0.48823948681397006,0.8709422011084719,0,0.0896788990825688,1.0
38,10,ewma,0.2,1.0,100,17,13.78,543.455187878788,0.06778584159947797,0.9323232323232323,21.049455984174084,112.0,35.58,66.864,0.4873000227462279,0.8776804590758079,0,0.09119683481701286,1.0
39,10,ewma,0.2,1.0,100,19,14.52,543.6703313131313,0.06427560783443136,0.9311919191919191,20.761933413557962,112.0,35.392,68.388,0.48683568990736226,0.8688858695652174,0,0.09085439229843562,1.0
40,10,ewma,0.2,1.0,100,18,14.128,544.5362060606061,0.06742601472601473,0.9497373737373738,22.305897327110735,113.0,36.112,67.444,0.4884822216871338,0.8634897886062344,0,0.09885447602885024,1.0
41,10,ewma,0.2,1.0,100,19,14.352,541.7219030303031,0.06289411852754098,0.9018585858585858,23.495036685369012,113.0,35.484,65.952,0.4867529266789895,0.8567639257294429,0,0.11091929218817437,1.0
42,10,ewma,0.2,1.0,100,17,14.12,546.819486868687,0.06934728571092208,0.9765656565656564,20.670987418985895,112.0,34.532,68.6,0.4868607395751377,0.8793313069908815,0,0.08616088448341594,1.0
43,10,ewma,0.2,0.96,96,20,14.272,543.278732631579,0.06517043402418016,0.9254736842105262,21.239379779099405,111.0,33.86,64.424,0.48657199617393865,0.8706365503080082,0,0.10259133389974512,1.0
44,10,ewma,0.2,1.0,100,19,14.784,543.4578262626263,0.06277963811787342,0.9276767676767677,21.924254797876685,113.0,35.816,68.144,0.48717948717948717,0.8767329716696806,0,0.09452837893017559,1.0
45,10,ewma,0.2,1.0,100,17,13.944,545.2230464646466,0.0688885237657965,0.9592727272727273,21.94242982995288,112.0,35.204,67.732,0.4864715626725566,0.8675895275353596,0,0.10264290104486785,1.0
46,10,ewma,0.2,0.99,99,19,15.556,546.7661714285716,0.06279949642860808,0.9760816326530612,22.45342673229837,113.0,33.448,68.216,0.48710292775980757,0.8814986930002905,0,0.09201060204468005,1.0
47,10,ewma,0.2,1.0,100,19,14.8,540.6640080808082,0.05953365806306983,0.8790303030303032,22.028347789295537,113.0,36.204,67.292,0.4879250862493839,0.8638155899302397,0,0.10154431986460757,1.0
48,10,ewma,0.2,0.99,99,18,14.888,544.4079755102041,0.0630898308774059,0.9376326530612243,20.777253866465486,112.0,35.16,68.752,0.4854918032786885,0.8766666666666667,0,0.08562806488117691,1.0
49,10,ewma,0.2,1.0,100,18,14.896,543.4487353535355,0.06216515126122969,0.9239191919191919,21.464587011967826,112.0,35.412,68.284,0.4870531116669119,0.8731650029359953,0,0.0933882676083971,1.0
0,10,oracle,0.2,0.99,99,19,10.296,532.1878938775511,0.062428160614895305,0.6406938775510204,8.425635593220338,12.0,0.0,33.976,1.0,1.0,0,0.0,1.0
1,10,oracle,0.2,1.0,100,18,10.388,537.9689252525254,0.07000717116777724,0.7281616161616161,9.136776859504133,13.0,0.0,38.156,1.0,1.0,0,0.0,1.0
2,10,oracle,0.2,1.0,100,20,11.144,535.4171595959596,0.06192945348702925,0.689939393939394,8.808873044167163,12.0,0.0,37.492,1.0,1.0,0,0.0,1.0
3,10,oracle,0.2,0.99,99,18,9.796,533.4613918367347,0.06718442045482863,0.6603265306122449,7.351757849219778,11.0,0.0,35.772,1.0,1.0,0,0.0,1.0
4,10,oracle,0.2,1.0,100,19,9.572,533.7843434343434,0.06941271242786394,0.6646464646464647,8.229632669813256,11.0,0.0,34.844,1.0,1.0,0,0.0,1.0
5,10,oracle,0.2,0.97,97,19,10.996,533.2171416666667,0.05975401612276612,0.65675,8.206995884773663,12.0,0.0,35.192,1.0,1.0,0,0.0,1.0
6,10,oracle,0.2,1.0,100,21,10.396,535.9145494949496,0.06723902741478499,0.6972929292929293,8.358677685950413,12.0,0.0,37.364,1.0,1.0,0,0.0,1.0
7,10,oracle,0.2,1.0,100,18,9.464,533.0424404040403,0.06908473625140292,0.6538181818181819,7.36971902162927,10.0,0.0,35.408,1.0,1.0,0,0.0,1.0
8,10,oracle,0.2,1.0,100,22,10.12,526.136298989899,0.05463607156031398,0.5493737373737373,7.453271028037383,11.0,0.0,30.952,1.0,1.0,0,0.0,1.0
9,10,oracle,0.2,1.0,100,21,10.0,531.4574545454545,0.06297904766389616,0.6296969696969698,8.295177106263758,11.0,0.0,33.984,1.0,1.0,0,0.0,1.0
10,10,oracle,0.2,1.0,100,22,9.928,532.1391434343435,0.06488681184135729,0.6395555555555555,8.411030413073082,12.0,0.0,33.224,1.0,1.0,0,0.0,1.0
11,10,oracle,0.2,1.0,100,22,11.324,532.6846343434344,0.05717024591570046,0.6485252525252524,8.885327783558793,12.0,0.0,35.492,1.0,1.0,0,0.0,1.0
12,10,oracle,0.2,1.0,100,19,9.92,535.0995353535353,0.06900348798227586,0.6850505050505051,7.794283565250094,11.0,0.0,37.06,1.0,1.0,0,0.0,1.0
13,10,oracle,0.2,1.0,100,18,10.492,532.469995959596,0.06138871117658996,0.6451313131313131,8.267564766839378,12.0,0.0,34.96,1.0,1.0,0,0.0,1.0
14,10,oracle,0.2,1.0,100,18,10.268,532.6442222222222,0.0629427441245623,0.6478787878787878,7.803921568627451,11.0,0.0,35.372,1.0,1.0,0,0.0,1.0
15,10,oracle,0.2,1.0,100,18,9.92,534.5337090909093,0.068328568513417,0.6765252525252524,7.8420289855072465,11.0,0.0,36.78,1.0,1.0,0,0.0,1.0
16,10,oracle,0.2,0.82,82,20,9.68,532.4707950617285,0.06639646731868955,0.6450864197530863,7.675450039133838,11.0,0.0,28.48,1.0,1.0,0,0.0,1.0
17,10,oracle,0.2,0.97,97,20,11.156,534.2986083333334,0.06025763796388796,0.6730416666666668,8.33809623870561,12.0,0.0,35.704,1.0,1.0,0,0.0,1.0
18,10,oracle,0.2,1.0,100,20,10.944,532.6270989898991,0.0591586642313915,0.6477171717171717,8.207906595657517,12.0,0.0,35.62,1.0,1.0,0,0.0,1.0
19,10,oracle,0.2,1.0,100,19,10.496,531.3269656565658,0.05969416318810258,0.6279595959595959,7.981957121630227,11.0,0.0,34.528,1.0,1.0,0,0.0,1.0
20,10,oracle,0.2,1.0,100,18,10.208,534.7243353535354,0.0664480207783238,0.6791515151515152,8.256853976278437,11.0,0.0,36.22,1.0,1.0,0,0.0,1.0
21,10,oracle,0.2,1.0,100,18,10.14,535.8233777777779,0.06838709562042895,0.6954747474747476,9.102210504968566,12.0,0.0,36.136,1.0,1.0,0,0.0,1.0
22,10,oracle,0.2,0.97,97,17,10.088,533.2980749999999,0.06490108525733525,0.6574583333333333,8.264397905759163,11.0,0.0,33.912,1.0,1.0,0,0.0,1.0
23,10,oracle,0.2,0.97,97,19,10.908,536.0858291666667,0.06384223369223369,0.6996666666666667,9.389099326599327,13.0,0.0,35.78,1.0,1.0,0,0.0,1.0
24,10,oracle,0.2,1.0,100,18,10.18,535.2101090909091,0.06696447447053508,0.6865050505050506,8.252962891004469,11.0,0.0,36.552,1.0,1.0,0,0.0,1.0
25,10,oracle,0.2,0.99,99,18,10.188,532.0545551020409,0.0626839138186077,0.6388979591836735,7.778208440999139,11.0,0.0,34.472,1.0,1.0,0,0.0,1.0
26,10,oracle,0.2,1.0,100,20,11.868,530.1124565656567,0.05115122699971184,0.6096565656565656,8.930381094315521,13.0,0.0,33.916,1.0,1.0,0,0.0,1.0
27,10,oracle,0.2,1.0,100,19,10.008,535.0839151515153,0.06817505749020901,0.6849292929292928,7.667666466706659,11.0,0.0,37.356,1.0,1.0,0,0.0,1.0
28,10,oracle,0.2,1.0,100,18,10.284,530.8199636363636,0.060233190939251544,0.6203232323232324,7.818350898946063,11.0,0.0,34.284,1.0,1.0,0,0.0,1.0
29,10,oracle,0.2,1.0,100,18,10.712,533.1430545454547,0.06113741174650265,0.6554747474747474,8.12450220079648,12.0,0.0,35.832,1.0,1.0,0,0.0,1.0
30,10,oracle,0.2,0.93,93,19,8.928,533.8934086956523,0.0741144033502729,0.6661739130434783,8.207770621234157,10.0,0.0,32.144,1.0,1.0,0,0.0,1.0
31,10,oracle,0.2,1.0,100,17,9.54,533.466294949495,0.06907762910490182,0.6601616161616162,7.8334340382678755,11.0,0.0,35.504,1.0,1.0,0,0.0,1.0
32,10,oracle,0.2,1.0,100,20,11.332,536.6124121212121,0.062262205583417704,0.7081212121212122,8.529949617465945,12.0,0.0,38.544,1.0,1.0,0,0.0,1.0
33,10,oracle,0.2,1.0,100,19,10.828,533.55778989899,0.06108195541831905,0.6615757575757575,8.583841119386143,12.0,0.0,35.644,1.0,1.0,0,0.0,1.0
34,10,oracle,0.2,1.0,100,18,10.74,536.0270828282828,0.06512502177956724,0.6989494949494949,8.803464755077659,12.0,0.0,37.316,1.0,1.0,0,0.0,1.0
35,10,oracle,0.2,1.0,100,24,13.404,535.2965656565657,0.0515464031479183,0.6888888888888889,9.373177842565598,15.0,0.0,39.472,1.0,1.0,0,0.0,1.0
36,10,oracle,0.2,0.97,97,21,10.82,530.5064458333334,0.0569197474978725,0.6156666666666666,8.493538461538462,12.0,0.0,33.268,1.0,1.0,0,0.0,1.0
37,10,oracle,0.2,0.96,96,21,11.108,535.3277978947368,0.06183121580174212,0.688042105263158,9.54288990825688,13.0,0.0,34.528,1.0,1.0,0,0.0,1.0
38,10,oracle,0.2,1.0,100,17,9.412,531.6554949494949,0.06703976124885216,0.6325252525252524,7.966172106824926,11.0,0.0,33.668,1.0,1.0,0,0.0,1.0
39,10,oracle,0.2,1.0,100,19,10.136,532.6117171717171,0.06351064491064491,0.6474747474747474,7.74929803449659,11.0,0.0,35.584,1.0,1.0,0,0.0,1.0
40,10,oracle,0.2,1.0,100,18,9.756,532.915490909091,0.06661443898413594,0.6513939393939395,8.599703012303776,11.0,0.0,33.984,1.0,1.0,0,0.0,1.0
41,10,oracle,0.2,1.0,100,19,9.656,530.7935393939396,0.06399559957438745,0.6195151515151515,7.954682779456193,11.0,0.0,33.18,1.0,1.0,0,0.0,1.0
42,10,oracle,0.2,1.0,100,17,10.212,536.0253494949494,0.0685396435214617,0.6986666666666668,8.563095691955775,11.0,0.0,36.632,1.0,1.0,0,0.0,1.0
43,10,oracle,0.2,0.96,96,20,9.056,532.0706315789474,0.07029808764335081,0.6389473684210527,7.3625743415463045,10.0,0.0,32.932,1.0,1.0,0,0.0,1.0
44,10,oracle,0.2,1.0,100,19,9.94,532.5364606060607,0.06504063489821067,0.6461414141414141,8.055941200489995,11.0,0.0,35.016,1.0,1.0,0,0.0,1.0
45,10,oracle,0.2,1.0,100,17,9.796,533.7430747474749,0.06740498782923027,0.6641616161616162,8.029297275148535,11.0,0.0,35.188,1.0,1.0,0,0.0,1.0
46,10,oracle,0.2,0.99,99,19,10.88,536.1098897959184,0.06433790155422808,0.7003673469387754,8.805566073457024,12.0,0.0,37.428,1.0,1.0,0,0.0,1.0
47,10,oracle,0.2,1.0,100,19,10.032,530.1254747474748,0.06056253914435733,0.6096969696969697,7.7125026443833296,11.0,0.0,33.508,1.0,1.0,0,0.0,1.0
48,10,oracle,0.2,0.99,99,18,10.348,533.7754693877552,0.06446427755917551,0.6651020408163265,8.240286684270087,12.0,0.0,36.04,1.0,1.0,0,0.0,1.0
49,10,oracle,0.2,1.0,100,18,10.288,532.728593939394,0.06292672568733175,0.6491313131313131,7.873454973513832,11.0,0.0,35.364,1.0,1.0,0,0.0,1.0
0,10,csma,0.2,0.99,99,19,19.0,1494.4964653061224,1.0,19.0,29.523307566174747,114.0,nan,nan,nan,nan,0,0.0,0.8426766679826293
1,10,csma,0.2,1.0,100,18,18.0,1438.3379878787882,1.0,18.0,37.254775604142694,116.0,nan,nan,nan,nan,0,0.0,0.8993997102049265
2,10,csma,0.2,1.0,100,20,20.0,1547.6770828282833,1.0,20.0,30.146237576904873,114.0,nan,nan,nan,nan,0,0.0,0.8530480419862737
3,10,csma,0.2,0.99,99,18,18.0,1431.9806081632655,1.0,18.0,29.229736842105265,113.0,nan,nan,nan,nan,0,0.0,0.8180839612486545
4,10,csma,0.2,1.0,100,19,19.0,1494.9575636363638,1.0,19.0,26.9202718006795,112.0,nan,nan,nan,nan,0,0.0,0.8617997267226235
5,10,csma,0.2,0.97,97,19,19.0,1476.6789708333336,1.0,19.0,27.280985373364125,113.0,nan,nan,nan,nan,0,0.0,0.8581810173970491
6,10,csma,0.2,1.0,100,21,21.0,1564.184662626263,1.0,21.0,20.575708313980492,108.0,nan,nan,nan,nan,0,0.0,0.8871034198599094
7,10,csma,0.2,1.0,100,18,18.0,1432.8069010101012,1.0,18.0,30.155386565272497,114.0,nan,nan,nan,nan,0,0.0,0.8258321122043123
8,10,csma,0.2,1.0,100,22,22.0,1626.102181818182,1.0,22.0,21.711815561959654,110.0,nan,nan,nan,nan,0,0.0,0.864797507788162
9,10,csma,0.2,1.0,100,21,21.0,1595.171563636364,1.0,21.0,25.4746632456703,112.0,nan,nan,nan,nan,0,0.0,0.8920465382414648
10,10,csma,0.2,1.0,100,22,22.0,1636.2397333333336,1.0,22.0,23.418736383442265,106.55000000000018,nan,nan,nan,nan,0,0.0,0.902122641509434
11,10,csma,0.2,1.0,100,22,22.0,1630.3362787878793,1.0,22.0,21.267209302325583,110.0,nan,nan,nan,nan,0,0.0,0.8954602249062891
12,10,csma,0.2,1.0,100,19,19.0,1489.0640363636367,1.0,19.0,27.329759351918035,113.0,nan,nan,nan,nan,0,0.0,0.837390263367917
13,10,csma,0.2,1.0,100,18,18.0,1454.1201818181821,1.0,18.0,35.71760563380282,116.0,nan,nan,nan,nan,0,0.0,0.8201771274547555
14,10,csma,0.2,1.0,100,18,18.0,1447.0780282828287,1.0,18.0,32.2515114873035,115.0,nan,nan,nan,nan,0,0.0,0.7687302472578547
15,10,csma,0.2,1.0,100,18,18.0,1433.6540686868689,1.0,18.0,30.3931560807484,114.0,nan,nan,nan,nan,0,0.0,0.8034018987341772
16,10,csma,0.2,0.82,82,20,20.0,1518.9658962962965,1.0,20.0,18.862438459310745,107.0,nan,nan,nan,nan,0,0.0,0.9455093099671413
17,10,csma,0.2,0.97,97,20,20.0,1534.5058041666668,1.0,20.0,24.93063112078346,112.0,nan,nan,nan,nan,0,0.0,0.8132743362831858
18,10,csma,0.2,1.0,100,20,20.0,1538.6276525252526,1.0,20.0,26.431136309945664,113.0,nan,nan,nan,nan,0,0.0,0.8024644549763034
19,10,csma,0.2,1.0,100,19,19.0,1471.922060606061,1.0,19.0,25.553095118268747,112.0,nan,nan,nan,nan,0,0.0,0.8305120167189133
20,10,csma,0.2,1.0,100,18,18.0,1447.1209010101015,1.0,18.0,32.89274447949527,116.0,nan,nan,nan,nan,0,0.0,0.8961552958914436
21,10,csma,0.2,1.0,100,18,18.0,1441.8800606060609,1.0,18.0,37.924507416426835,116.0,nan,nan,nan,nan,0,0.0,0.8962301587301588
22,10,csma,0.2,0.97,97,17,17.0,1392.1086708333335,1.0,17.0,39.11090092220383,116.0,nan,nan,nan,nan,0,0.0,0.8923823591474995
23,10,csma,0.2,0.97,97,19,19.0,1482.7715958333338,1.0,19.0,31.365495668912416,115.0,nan,nan,nan,nan,0,0.0,0.9076217514741209
24,10,csma,0.2,1.0,100,18,18.0,1435.1461454545458,1.0,18.0,29.245746232377247,113.0,nan,nan,nan,nan,0,0.0,0.8828326180257511
25,10,csma,0.2,0.99,99,18,18.0,1434.6333265306123,1.0,18.0,27.68656330749354,111.0,nan,nan,nan,nan,0,0.0,0.8329746018080069
26,10,csma,0.2,1.0,100,20,20.0,1541.985870707071,1.0,20.0,28.06288888888889,112.05000000000018,nan,nan,nan,nan,0,0.0,0.8754863813229572
27,10,csma,0.2,1.0,100,19,19.0,1481.413975757576,1.0,19.0,27.18822393822394,112.0,nan,nan,nan,nan,0,0.0,0.8297957549058871
28,10,csma,0.2,1.0,100,18,18.0,1439.9112242424246,1.0,18.0,31.776037782749192,114.0,nan,nan,nan,nan,0,0.0,0.8041175294823106
29,10,csma,0.2,1.0,100,18,18.0,1428.6212848484852,1.0,18.0,30.83955773955774,113.0,nan,nan,nan,nan,0,0.0,0.8637521222410866
30,10,csma,0.2,0.93,93,19,19.0,1487.2220173913045,1.0,19.0,25.485038274182326,110.0,nan,nan,nan,nan,0,0.0,0.9321081081081081
31,10,csma,0.2,1.0,100,17,17.0,1385.9421494949497,1.0,17.0,37.64895293852736,116.0,nan,nan,nan,nan,0,0.0,0.8919461739305081
32,10,csma,0.2,1.0,100,20,20.0,1549.147353535354,1.0,20.0,29.758107507774323,115.0,nan,nan,nan,nan,0,0.0,0.8669362603504718
33,10,csma,0.2,1.0,100,19,19.0,1479.4793131313133,1.0,19.0,28.072590738423028,111.0,nan,nan,nan,nan,0,0.0,0.8340292275574113
34,10,csma,0.2,1.0,100,18,18.0,1434.0941454545455,1.0,18.0,32.103305785123965,114.0,nan,nan,nan,nan,0,0.0,0.8694610778443114
35,10,csma,0.2,1.0,100,24,24.0,1738.7386626262628,1.0,24.0,20.837780898876403,107.0,nan,nan,nan,nan,0,0.0,0.8180773649942551
36,10,csma,0.2,0.97,97,21,21.0,1582.0536750000003,1.0,21.0,23.55064810369659,110.0,nan,nan,nan,nan,0,0.0,0.9044724272687799
37,10,csma,0.2,0.96,96,21,21.0,1592.7341726315792,1.0,21.0,29.562107623318386,113.0,nan,nan,nan,nan,0,0.0,0.9212972526337534
38,10,csma,0.2,1.0,100,17,17.0,1388.7349616161619,1.0,17.0,34.82578646329838,114.0,nan,nan,nan,nan,0,0.0,0.8837405223251895
39,10,csma,0.2,1.0,100,19,19.0,1482.3807515151516,1.0,19.0,24.864054693662897,111.0,nan,nan,nan,nan,0,0.0,0.8006315789473685
40,10,csma,0.2,1.0,100,18,18.0,1443.9113979797983,1.0,18.0,39.719485614646906,117.0,nan,nan,nan,nan,0,0.0,0.9152204268900858
41,10,csma,0.2,1.0,100,19,19.0,1487.2543191919194,1.0,19.0,29.662451138192687,114.0,nan,nan,nan,nan,0,0.0,0.84364694471387
42,10,csma,0.2,1.0,100,17,17.0,1385.7660242424247,1.0,17.0,35.4614321897306,116.0,nan,nan,nan,nan,0,0.0,0.9055462885738115
43,10,csma,0.2,0.96,96,20,20.0,1546.8217010526316,1.0,20.0,28.071609632446133,114.0,nan,nan,nan,nan,0,0.0,0.9107348980377068
44,10,csma,0.2,1.0,100,19,19.0,1484.1625252525255,1.0,19.0,26.318848307118103,112.0,nan,nan,nan,nan,0,0.0,0.7700677478957093
45,10,csma,0.2,1.0,100,17,17.0,1393.2998343434344,1.0,17.0,39.398255179934566,116.0,nan,nan,nan,nan,0,0.0,0.8487597186227324
46,10,csma,0.2,0.99,99,19,19.0,1483.480640816327,1.0,19.0,30.38953059719833,114.0,nan,nan,nan,nan,0,0.0,0.873926116838488
47,10,csma,0.2,1.0,100,19,19.0,1489.7262262626266,1.0,19.0,28.2548828125,113.0,nan,nan,nan,nan,0,0.0,0.8308316430020284
48,10,csma,0.2,0.99,99,18,18.0,1444.9813755102043,1.0,18.0,34.7984867591425,116.0,nan,nan,nan,nan,0,0.0,0.7711007390120576
49,10,csma,0.2,1.0,100,18,18.0,1433.65896969697,1.0,18.0,32.397527341892534,114.75,nan,nan,nan,nan,0,0.0,0.8564447159437997
0,10,bsps_ack,0.2,0.99,99,19,15.704,589.6318897959184,0.060768556171263574,0.9493469387755101,16.885805084745762,18.0,34.432,67.276,0.4928634080216889,0.947335618572764,0,0.04152542372881356,1.0
1,10,bsps_ack,0.2,1.0,100,18,14.832,592.2151232323232,0.069130682063035,1.0236363636363635,16.999173553719007,17.0,33.28,70.404,0.49310222851078883,0.9479945615227736,0,0.03925619834710744,1.0
2,10,bsps_ack,0.2,1.0,100,20,16.092,590.0462828282828,0.06127743552743553,0.9837575757575757,17.05684293919588,18.0,33.616,70.06,0.4923841059602649,0.9473186119873817,0,0.03822539116656764,1.0
3,10,bsps_ack,0.2,0.99,99,18,14.212,589.275187755102,0.06767277779243565,0.9605714285714285,14.92855799962399,16.0,33.54,68.328,0.49299897160034806,0.949687406966359,0,0.035344989659710474,1.0
4,10,bsps_ack,0.2,1.0,100,19,14.34,590.5727595959597,0.06766284125856317,0.967111111111111,16.445516109172996,17.0,34.52,68.344,0.49279827466687204,0.9455157636975818,0,0.039811204596757646,1.0
5,10,bsps_ack,0.2,0.97,97,19,15.38,589.1839333333334,0.0629125307219154,0.9637083333333334,15.431687242798354,18.0,33.584,67.952,0.4934873623817646,0.9552505966587113,0,0.034156378600823045,1.0
6,10,bsps_ack,0.2,1.0,100,21,15.592,590.8829777777777,0.06422967211285063,0.9963636363636363,16.778512396694214,18.050000000000182,33.244,69.432,0.49309280026003577,0.9492798998121478,0,0.04008264462809917,1.0
7,10,bsps_ack,0.2,1.0,100,18,13.796,588.7439919191919,0.06856752193472336,0.9399191919191919,14.919951485748939,16.0,33.892,68.3,0.49363769568905685,0.952787084983247,0,0.03658783100869214,1.0
8,10,bsps_ack,0.2,1.0,100,22,16.636,585.9939474747475,0.051933042201463255,0.861090909090909,17.45584112149533,18.0,37.148,67.02,0.4938416882403703,0.9404714342788654,0,0.04252336448598131,1.0
9,10,bsps_ack,0.2,1.0,100,21,15.872,588.8610666666667,0.05916797803350951,0.9325252525252525,17.15829497698619,19.0,35.3,68.236,0.49270752521334366,0.9427652733118971,0,0.04082449469681809,1.0
10,10,bsps_ack,0.2,1.0,100,22,15.68,590.9781414141415,0.06172869831693361,0.9646464646464646,16.742169768497504,18.0,35.972,68.26,0.4936263736263736,0.947741935483871,0,0.04085338175215615,1.0
11,10,bsps_ack,0.2,1.0,100,22,16.788,589.4784080808081,0.057320152604724325,0.9606868686868688,17.71467221644121,18.0,35.016,69.384,0.4931089743589744,0.9460264900662252,0,0.040166493236212276,1.0
12,10,bsps_ack,0.2,1.0,100,19,14.176,589.9828242424245,0.06927668932374814,0.9778181818181818,15.358029334336216,16.0,33.48,69.5,0.49244402247013214,0.9495984491830518,0,0.03798420458819105,1.0
13,10,bsps_ack,0.2,1.0,100,18,15.056,589.1230383838384,0.06297202017300058,0.9465454545454545,16.12704663212435,17.0,34.716,68.732,0.4936862003780718,0.9457851239669421,0,0.03875647668393782,1.0
14,10,bsps_ack,0.2,1.0,100,18,14.424,589.3782464646465,0.0664513542013542,0.9573333333333334,15.367947178871548,16.0,34.508,68.844,0.49352043554942104,0.9464007478965409,0,0.039015606242496996,1.0
15,10,bsps_ack,0.2,1.0,100,18,13.848,589.7039353535355,0.07027674732674731,0.9713939393939395,15.621532091097308,15.0,34.208,69.904,0.49276665304454437,0.9467075038284839,0,0.040372670807453416,1.0
16,10,bsps_ack,0.2,0.82,82,20,14.788,589.9475209876543,0.06522820175870285,0.9634074074074074,16.12209757370206,17.0,28.212,55.904,0.49335016017862343,0.9465087790935075,0,0.04096008348552048,1.0
17,10,bsps_ack,0.2,0.97,97,20,15.784,589.7385291666668,0.061845363225418365,0.9750416666666667,16.258667787350284,17.0,33.444,68.136,0.4931369266822899,0.947180585296217,0,0.03677243118302164,1.0
18,10,bsps_ack,0.2,1.0,100,20,15.732,588.9530707070708,0.06059515430103666,0.9515151515151515,15.651577222449816,17.0,34.728,69.332,0.49460502480901003,0.9547985587946283,0,0.03420729209340434,1.0
19,10,bsps_ack,0.2,1.0,100,19,15.568,588.9417535353535,0.06076042780748663,0.9445656565656566,16.274251751220547,17.0,35.156,68.66,0.4935877385048483,0.9498754669987547,0,0.04011887072808321,1.0
20,10,bsps_ack,0.2,1.0,100,18,14.332,590.666896969697,0.06871266282736872,0.9834343434343435,15.889558623371572,16.0,34.184,69.324,0.49266885041335207,0.9446192573945877,0,0.04102663814894031,1.0
21,10,bsps_ack,0.2,1.0,100,18,14.42,591.598694949495,0.06914502284208165,0.995070707070707,16.780977489353074,17.0,33.5,68.648,0.4929621766139813,0.9479134937557112,0,0.04076252281484486,1.0
22,10,bsps_ack,0.2,0.97,97,17,14.256,590.2241291666667,0.06778944597069597,0.9655416666666667,16.04107933950866,16.0,33.08,66.06,0.49322365844104976,0.9468315301391036,0,0.03886427708417237,1.0
23,10,bsps_ack,0.2,0.97,97,19,15.476,592.1437125000001,0.06576429921861907,1.018125,16.97053872053872,17.0,33.248,68.108,0.49412262156448206,0.9514529914529914,0,0.03493265993265993,1.0
24,10,bsps_ack,0.2,1.0,100,18,14.532,591.0112848484849,0.06849537326738753,0.9937777777777779,16.02875461433845,17.0,33.18,68.832,0.49387855044074436,0.9544334975369458,0,0.034388964445307944,1.0
25,10,bsps_ack,0.2,0.99,99,18,15.124,589.0502897959184,0.06259444151286889,0.946,15.728682170542635,16.0,34.58,68.088,0.4941915227629513,0.9495016611295681,0,0.03768303186907838,1.0
26,10,bsps_ack,0.2,1.0,100,20,16.32,588.1846262626264,0.05687553391263401,0.9273131313131314,16.555460932510112,18.0,34.956,67.872,0.49386627670809974,0.9457450761798588,0,0.03938684266553119,1.0
27,10,bsps_ack,0.2,1.0,100,19,14.268,589.8428525252526,0.06877566137566136,0.9793939393939395,14.792041591681663,16.0,33.984,70.256,0.4927571814387429,0.948796098750381,0,0.038792241551689664,1.0
28,10,bsps_ack,0.2,1.0,100,18,14.444,587.8620080808081,0.06386325325496449,0.9193131313131312,15.569952469518496,16.0,34.772,67.984,0.49346811819595643,0.9480891719745222,0,0.04091754494730316,1.0
29,10,bsps_ack,0.2,1.0,100,18,15.128,589.8398747474748,0.06434661782241761,0.9719595959595958,15.669670928526514,17.0,34.408,69.308,0.4939258051365675,0.9510887772194305,0,0.035841542653531754,1.0
30,10,bsps_ack,0.2,0.93,93,19,13.572,591.975343478261,0.07337374165689382,0.9954347826086958,16.22397672969042,15.0,32.044,63.312,0.49403188336137144,0.9537802265074993,0,0.036359858715977564,1.0
31,10,bsps_ack,0.2,1.0,100,17,13.62,590.0464525252526,0.0712056192965284,0.9681616161616161,15.647935548841893,15.0,34.436,68.912,0.49316338354577055,0.9443535188216039,0,0.03907351460221551,1.0
32,10,bsps_ack,0.2,1.0,100,20,15.8,590.7152404040405,0.06378245998736194,1.0061010101010102,16.214219070722148,17.0,33.404,70.868,0.4926898286432951,0.9503968253968254,0,0.037320395596193316,1.0
33,10,bsps_ack,0.2,1.0,100,19,15.212,590.7748767676768,0.06496387715407323,0.9866262626262626,16.487474610697358,17.0,35.008,69.616,0.4940636378027545,0.9441896024464832,0,0.03859174001354096,1.0
34,10,bsps_ack,0.2,1.0,100,18,14.616,590.9955555555555,0.06832672480025422,0.9974545454545455,16.541816009557945,16.0,33.2,69.36,0.49250425894378197,0.949079754601227,0,0.03882915173237754,1.0
35,10,bsps_ack,0.2,1.0,100,24,19.132,587.1007191919193,0.049707391990031075,0.948040404040404,17.813605442176872,21.0,32.248,70.736,0.4938035356296701,0.9590964590964591,0,0.03362487852283771,1.0
36,10,bsps_ack,0.2,0.97,97,21,16.048,587.7135708333334,0.05742697107154828,0.9190833333333334,16.98605128205128,18.0,33.48,65.772,0.49325710935209616,0.9525790349417638,0,0.03876923076923077,1.0
37,10,bsps_ack,0.2,0.96,96,21,16.708,591.7238273684211,0.060107105483005754,0.9988631578947368,18.235779816513762,21.0,33.352,66.812,0.4931506849315068,0.9425837320574163,0,0.04036697247706422,1.0
38,10,bsps_ack,0.2,1.0,100,17,13.936,590.0858383838384,0.06869297703682731,0.9549494949494949,15.896538081107813,16.0,35.036,67.72,0.4935664547381169,0.9492092457420924,0,0.03837784371909001,1.0
39,10,bsps_ack,0.2,1.0,100,19,14.696,589.1699191919192,0.065171860710096,0.955959595959596,15.371440032089852,16.0,34.784,69.332,0.4937941104891701,0.9490249743414301,0,0.03529883674288006,1.0
40,10,bsps_ack,0.2,1.0,100,18,14.636,591.2001656565657,0.06705716816688297,0.9747474747474747,16.857870173949937,18.0,35.504,68.388,0.49278152069297404,0.9396117900790798,0,0.04200254560882478,1.0
41,10,bsps_ack,0.2,1.0,100,19,14.556,589.0292888888889,0.0639168685345156,0.9288080808080809,17.017047906776003,16.0,35.056,67.108,0.49327905369075964,0.941630325394163,0,0.0440224428139836,1.0
42,10,bsps_ack,0.2,1.0,100,17,14.292,591.3455191919192,0.06977634587634587,0.9945050505050506,16.09226077011056,16.0,33.52,69.0,0.49273198711400956,0.9465322334249924,0,0.03945863515059093,1.0
43,10,bsps_ack,0.2,0.96,96,20,14.572,589.4461515789475,0.06540590378661587,0.9466526315789474,15.029524214103652,18.0,33.196,65.12,0.4929515418502203,0.9482248520710059,0,0.04035683942225998,1.0
44,10,bsps_ack,0.2,1.0,100,19,14.976,589.3878505050507,0.063780156616342,0.9523636363636363,16.343405471621068,17.0,35.12,69.068,0.4931071049840933,0.9490600363856883,0,0.0379746835443038,1.0
45,10,bsps_ack,0.2,1.0,100,17,14.044,590.9245171717173,0.07001997608254293,0.9807272727272728,15.833845523458308,16.0,34.304,68.36,0.4928846607437692,0.9457482474855227,0,0.041180086047940996,1.0
46,10,bsps_ack,0.2,0.99,99,19,15.564,590.9117142857143,0.06456119440450173,1.0036734693877551,16.862930708065125,17.0,32.836,69.308,0.4932505175983437,0.9535766423357664,0,0.03616054524801212,1.0
47,10,bsps_ack,0.2,1.0,100,19,14.856,587.4829616161618,0.06095081868023044,0.9042424242424243,15.888512798815317,16.0,35.896,68.444,0.49360505973295854,0.946177370030581,0,0.038925322614766236,1.0
48,10,bsps_ack,0.2,0.99,99,18,14.972,589.0420571428572,0.06414735795294334,0.9560816326530612,16.03055450773293,18.0,34.328,69.264,0.49276310409681906,0.949250993579945,0,0.036212749905695965,1.0
49,10,bsps_ack,0.2,1.0,100,18,14.672,588.8311353535354,0.0644813264803461,0.9437575757575758,15.772022758485383,16.0,34.484,68.836,0.49343215674763335,0.9475244589386304,0,0.0384539925446341,1.0
0,20,static,0.2,0.99,99,19,19.0,560.0518734693877,0.0669795918367347,1.272612244897959,14.875591482649842,19.0,62.284,98.0,0.0,1.0,0,0.0,1.0
1,20,static,0.2,1.0,100,18,18.0,562.7712606060608,0.07244668911335579,1.3040404040404039,16.45814889336016,18.0,60.9,99.0,0.0,1.0,0,0.0,1.0
2,20,static,0.2,1.0,100,20,20.0,562.3334787878788,0.06454141414141414,1.2908282828282827,16.976866883116884,20.0,59.208,99.0,0.0,1.0,0,0.0,1.0
3,20,static,0.2,0.99,99,18,18.0,559.433730612245,0.06988208616780045,1.257877551020408,14.536142249710089,18.0,61.728,98.0,0.0,1.0,0,0.0,1.0
4,20,static,0.2,1.0,100,19,19.0,562.7795636363636,0.06842317916002126,1.300040404040404,15.88652350981118,19.0,60.296,99.0,0.0,1.0,0,0.0,1.0
5,20,static,0.2,0.97,97,19,19.0,560.9952,0.06688157894736843,1.27075,14.520770958083832,19.0,58.008,96.0,0.0,1.0,0,0.0,1.0
6,20,static,0.2,1.0,100,21,21.0,562.5849292929294,0.06221837421837422,1.3065858585858587,17.238896497749952,21.0,60.648,99.0,0.0,1.0,0,0.0,1.0
7,20,static,0.2,1.0,100,18,18.0,558.6223636363636,0.06873400673400673,1.237212121212121,15.340582601755786,18.0,62.516,99.0,0.0,1.0,0,0.0,1.0
8,20,static,0.2,1.0,100,22,22.0,555.2724484848486,0.054264462809917355,1.1938181818181817,18.08488825097396,22.0,64.812,99.0,0.0,1.0,0,0.0,1.0
9,20,static,0.2,1.0,100,21,21.0,557.8560080808082,0.05874747474747475,1.2336969696969697,17.38019801980198,21.0,63.864,99.0,0.0,1.0,0,0.0,1.0
10,20,static,0.2,1.0,100,22,22.0,560.6601858585859,0.0583287419651056,1.2832323232323233,17.356472795497186,22.0,63.96,99.0,0.0,1.0,0,0.0,1.0
11,20,static,0.2,1.0,100,22,22.0,559.8860444444446,0.05763820018365473,1.2680404040404039,18.00771260401867,22.0,62.464,99.0,0.0,1.0,0,0.0,1.0
12,20,static,0.2,1.0,100,19,19.0,558.2434747474748,0.06537799043062201,1.2421818181818183,16.297598627787306,19.0,64.024,99.0,0.0,1.0,0,0.0,1.0
13,20,static,0.2,1.0,100,18,18.0,562.3833616161617,0.07133557800224466,1.2840404040404039,14.903068340306834,18.0,58.88,99.0,0.0,1.0,0,0.0,1.0
14,20,static,0.2,1.0,100,18,18.0,558.1868686868686,0.06942760942760944,1.2496969696969695,15.063951200314836,18.0,64.28,99.0,0.0,1.0,0,0.0,1.0
15,20,static,0.2,1.0,100,18,18.0,560.8453656565657,0.07048260381593716,1.2686868686868686,15.739069952305247,18.0,60.4,99.0,0.0,1.0,0,0.0,1.0
16,20,static,0.2,0.82,82,20,20.0,563.5896049382717,0.06612098765432098,1.32241975308642,16.160008684324794,20.0,48.884,81.0,0.0,1.0,0,0.0,1.0
17,20,static,0.2,0.97,97,20,20.0,555.9354708333334,0.060893749999999996,1.217875,15.100551955843532,20.0,64.084,96.0,0.0,1.0,0,0.0,1.0
18,20,static,0.2,1.0,100,20,20.0,557.4038505050506,0.06155757575757576,1.2311515151515156,15.617133235108398,20.0,64.116,99.0,0.0,1.0,0,0.0,1.0
19,20,static,0.2,1.0,100,19,19.0,559.6721090909091,0.06669856459330142,1.2672727272727276,15.936732570239334,19.0,62.54,99.0,0.0,1.0,0,0.0,1.0
20,20,static,0.2,1.0,100,18,18.0,557.513575757576,0.0690729517396184,1.2433131313131311,15.411247803163445,18.0,65.912,99.0,0.0,1.0,0,0.0,1.0
21,20,static,0.2,1.0,100,18,18.0,563.3840808080809,0.0730729517396184,1.3153131313131312,15.171796844940362,18.0,60.784,99.0,0.0,1.0,0,0.0,1.0
22,20,static,0.2,0.97,97,17,17.0,560.5649916666667,0.0753578431372549,1.2810833333333334,14.879826635145784,17.0,61.016,96.0,0.0,1.0,0,0.0,1.0
23,20,static,0.2,0.97,97,19,19.0,564.5921791666667,0.07026535087719299,1.3350416666666665,17.45895444047869,19.0,57.836,96.0,0.0,1.0,0,0.0,1.0
24,20,static,0.2,1.0,100,18,18.0,560.3683151515152,0.07145230078563412,1.286141414141414,15.994396551724138,18.0,63.672,99.0,0.0,1.0,0,0.0,1.0
25,20,static,0.2,0.99,99,18,18.0,559.3343265306123,0.06978231292517006,1.2560816326530613,14.48656320968963,18.0,61.904,98.0,0.0,1.0,0,0.0,1.0
26,20,static,0.2,1.0,100,20,20.0,557.508997979798,0.06220808080808081,1.2441616161616162,15.909131905298759,20.0,64.828,99.0,0.0,1.0,0,0.0,1.0
27,20,static,0.2,1.0,100,19,19.0,560.7906747474747,0.066896331738437,1.271030303030303,13.548018142378229,19.0,60.168,99.0,0.0,1.0,0,0.0,1.0
28,20,static,0.2,1.0,100,18,18.0,555.1932404040405,0.06665095398428732,1.1997171717171717,15.159926470588236,18.0,66.228,99.0,0.0,1.0,0,0.0,1.0
29,20,static,0.2,1.0,100,18,18.0,559.7667757575758,0.07072727272727274,1.2730909090909093,14.766631467793031,18.0,62.964,99.0,0.0,1.0,0,0.0,1.0
30,20,static,0.2,0.93,93,19,19.0,561.2314565217392,0.06892219679633867,1.3095217391304348,17.301739518287242,19.0,60.524,92.0,0.0,1.0,0,0.0,1.0
31,20,static,0.2,1.0,100,17,17.0,561.6650020202021,0.07604991087344028,1.292848484848485,15.05051231349991,17.0,61.008,99.0,0.0,1.0,0,0.0,1.0
32,20,static,0.2,1.0,100,20,20.0,560.7387313131314,0.0640080808080808,1.280161616161616,16.53484286550849,20.0,61.264,99.0,0.0,1.0,0,0.0,1.0
33,20,static,0.2,1.0,100,19,19.0,564.8992646464648,0.07044763423710793,1.3385050505050504,16.575448063210636,19.0,58.488,99.0,0.0,1.0,0,0.0,1.0
34,20,static,0.2,1.0,100,18,18.0,559.8667636363637,0.07086868686868686,1.2756363636363637,15.247119078104994,18.0,63.712,99.0,0.0,1.0,0,0.0,1.0
35,20,static,0.2,1.0,100,24,24.0,558.9162828282828,0.050872053872053874,1.2209292929292928,19.106301369863015,24.0,58.128,99.0,0.0,1.0,0,0.0,1.0
36,20,static,0.2,0.97,97,21,21.0,556.1632583333334,0.05791666666666667,1.2162499999999998,17.880178457616317,21.0,63.24,96.0,0.0,1.0,0,0.0,1.0
37,20,static,0.2,0.96,96,21,21.0,558.2551873684212,0.059851629072681704,1.2568842105263156,17.452488687782804,21.0,63.596,95.0,0.0,1.0,0,0.0,1.0
38,20,static,0.2,1.0,100,17,17.0,559.2167797979798,0.07472133095662507,1.2702626262626262,14.91460862285475,17.0,65.244,99.0,0.0,1.0,0,0.0,1.0
39,20,static,0.2,1.0,100,19,19.0,561.0123353535355,0.06726847421584264,1.2781010101010102,15.882742943739345,19.0,60.468,99.0,0.0,1.0,0,0.0,1.0
40,20,static,0.2,1.0,100,18,18.0,560.5561010101011,0.0715263748597082,1.2874747474747477,16.30123617436565,18.0,64.54,99.0,0.0,1.0,0,0.0,1.0
41,20,static,0.2,1.0,100,19,19.0,556.0637979797981,0.06459542796384903,1.2273131313131314,16.419089036392766,19.0,67.496,99.0,0.0,1.0,0,0.0,1.0
42,20,static,0.2,1.0,100,17,17.0,561.4327919191919,0.07582650029708853,1.289050505050505,15.243609022556392,17.0,62.384,99.0,0.0,1.0,0,0.0,1.0
43,20,static,0.2,0.96,96,20,20.0,559.2745600000001,0.06306947368421052,1.2613894736842106,14.436408465173619,20.0,61.168,95.0,0.0,1.0,0,0.0,1.0
44,20,static,0.2,1.0,100,19,19.0,556.7933010101011,0.0646166932482722,1.2277171717171718,16.148155865805375,19.0,65.456,99.0,0.0,1.0,0,0.0,1.0
45,20,static,0.2,1.0,100,17,17.0,559.9324888888889,0.07546286393345215,1.282868686868687,15.082334664891256,17.0,64.996,99.0,0.0,1.0,0,0.0,1.0
46,20,static,0.2,0.99,99,19,19.0,561.0907755102043,0.06790118152524167,1.2901224489795917,16.593236714975845,19.0,61.568,98.0,0.0,1.0,0,0.0,1.0
47,20,static,0.2,1.0,100,19,19.0,556.2993494949494,0.0629558745348219,1.1961616161616162,16.298295454545453,19.0,63.58,99.0,0.0,1.0,0,0.0,1.0
48,20,static,0.2,0.99,99,18,18.0,556.6364448979592,0.06758503401360545,1.216530612244898,14.604237288135593,18.0,63.78,98.0,0.0,1.0,0,0.0,1.0
49,20,static,0.2,1.0,100,18,18.0,558.8058343434344,0.06894276094276094,1.240969696969697,15.212586626709122,18.0,62.144,99.0,0.0,1.0,0,0.0,1.0
0,20,bsps,0.2,0.99,99,19,15.436,547.1711836734695,0.06348091526618885,0.9789795918367347,14.498422712933754,18.0,32.944,68.104,0.4954786150712831,0.9746762589928057,0,0.019913249211356468,1.0
1,20,bsps,0.2,1.0,100,18,14.48,550.6604686868687,0.07100333120039003,1.0281616161616163,14.932394366197183,16.0,32.948,70.492,0.49634210067932416,0.9739884393063584,0,0.019114688128772636,1.0
2,20,bsps,0.2,1.0,100,20,15.924,550.2633656565656,0.06375743232802057,1.0155959595959596,15.2012987012987,17.0,31.088,70.356,0.49593223182085044,0.9762548842801323,0,0.019277597402597404,1.0
3,20,bsps,0.2,0.99,99,18,14.056,547.0458897959184,0.06935155063024212,0.9751836734693877,12.841321994588327,15.0,32.984,68.748,0.49626450484819584,0.9777647747220597,0,0.017008117510630073,1.0
4,20,bsps,0.2,1.0,100,19,14.928,550.6701939393939,0.06878426662134328,1.0236363636363637,14.315253609774159,17.0,31.604,69.808,0.49624420648873263,0.9775160599571735,0,0.017586079229914845,1.0
5,20,bsps,0.2,0.97,97,19,15.18,549.2801875000001,0.06621902216380254,1.0041666666666667,13.727357784431138,17.0,31.184,68.628,0.4957701516360734,0.9758064516129032,0,0.017776946107784432,1.0
6,20,bsps,0.2,1.0,100,21,15.812,550.1588606060606,0.0649850663134977,1.0232323232323233,14.795930346311877,18.0,32.612,70.436,0.4964256026600166,0.9780979827089337,0,0.01702210917628644,1.0
7,20,bsps,0.2,1.0,100,18,14.06,546.7232606060608,0.06895326610406825,0.9654141414141415,13.215283320031924,16.0,33.336,69.34,0.4964407304240173,0.9750450992182802,0,0.018156424581005588,1.0
8,20,bsps,0.2,1.0,100,22,16.532,543.006496969697,0.055121660398234185,0.9130505050505051,14.973344269017838,18.0,34.372,68.108,0.49671559484226746,0.9763617677286742,0,0.017428747180643838,1.0
9,20,bsps,0.2,1.0,100,21,16.288,545.8245575757576,0.05940947415921616,0.9586666666666667,14.741782178217822,20.0,34.692,69.356,0.49673305518381483,0.978161965423112,0,0.01603960396039604,1.0
10,20,bsps,0.2,1.0,100,22,16.088,547.9076323232324,0.061942431661523516,0.9926060606060607,15.245570148009172,20.0,34.372,68.848,0.4959103302029688,0.9737732656514383,0,0.020429435063581407,1.0
11,20,bsps,0.2,1.0,100,22,16.572,547.1009171717171,0.05888064352801195,0.9765656565656564,15.771666328394561,18.0,33.432,69.404,0.4963273871983211,0.9746062359369978,0,0.018875583519382993,1.0
12,20,bsps,0.2,1.0,100,19,14.564,545.4786989898992,0.06557770399535105,0.9524444444444444,14.214193825042882,16.0,34.288,68.568,0.4957698815566836,0.9692118226600985,0,0.024013722126929673,1.0
13,20,bsps,0.2,1.0,100,18,15.42,550.9977575757575,0.06650266200756397,1.0247676767676768,14.30439330543933,16.0,31.308,70.896,0.49603495711280143,0.9768756423432683,0,0.01778242677824268,1.0
14,20,bsps,0.2,1.0,100,18,14.048,545.0917212121213,0.06768555569010114,0.9505858585858586,13.16017316017316,15.0,34.204,68.408,0.49694935936546675,0.9738687061822817,0,0.01928374655647383,1.0
15,20,bsps,0.2,1.0,100,18,14.188,549.4443999999999,0.07121358843177025,1.0092929292929294,13.736287758346581,16.0,33.356,71.4,0.4957997172086834,0.9758412424503883,0,0.018084260731319555,1.0
16,20,bsps,0.2,0.82,82,20,14.868,550.7648197530864,0.06943172916408212,1.0294814814814814,14.001953973078594,17.0,25.556,57.252,0.4955248169243287,0.9729266620973269,0,0.018454190186712984,1.0
17,20,bsps,0.2,0.97,97,20,15.692,543.4748458333335,0.05945782682731213,0.9330833333333333,14.497000239980801,17.0,35.936,67.38,0.49635154856494246,0.9689569536423841,0,0.018718502519798418,1.0
18,20,bsps,0.2,1.0,100,20,16.088,544.971195959596,0.058974666509960624,0.9473131313131313,13.983792885708272,17.0,34.664,69.036,0.49725295983904666,0.9770074283692961,0,0.016838560303094087,1.0
19,20,bsps,0.2,1.0,100,19,15.884,546.9527676767676,0.06162269150602483,0.9774141414141414,14.569823100936524,17.0,33.856,69.744,0.4965463108320251,0.9736196319018405,0,0.021019771071800208,1.0
20,20,bsps,0.2,1.0,100,18,14.208,544.2885979797979,0.06634242443039234,0.9420202020202021,13.751757469244287,16.0,35.5,67.988,0.49654963221354365,0.9719161038037682,0,0.0210896309314587,1.0
21,20,bsps,0.2,1.0,100,18,14.232,550.8278666666668,0.07242720569191156,1.0292121212121215,14.643516737206618,16.0,31.912,69.572,0.49634749823266044,0.973998164576323,0,0.01904578684109273,1.0
22,20,bsps,0.2,0.97,97,17,14.288,547.7426041666668,0.06925725368381618,0.9894166666666666,14.206855791962175,15.0,32.716,67.096,0.4959525526969624,0.9747374396820891,0,0.02029156816390859,1.0
23,20,bsps,0.2,0.97,97,19,15.528,552.1425125000001,0.06780298661159245,1.0512916666666665,15.606130589964309,18.0,30.812,68.448,0.49581499697989473,0.97595697564062,0,0.01868570228847365,1.0
24,20,bsps,0.2,1.0,100,18,14.532,546.796496969697,0.06738374650041316,0.9764444444444444,14.491379310344827,16.0,33.372,68.144,0.4967252396166134,0.9724832214765101,0,0.022198275862068965,1.0
25,20,bsps,0.2,0.99,99,18,15.24,547.1814326530614,0.06431826148041633,0.9789387755102041,13.87679788039364,16.0,33.668,69.248,0.4964482400830074,0.9751629928593605,0,0.01703255109765329,1.0
26,20,bsps,0.2,1.0,100,20,16.204,543.9619555555556,0.05783196196075453,0.9357575757575758,15.046899661781286,18.0,34.656,68.176,0.4955214068534802,0.9667961850936065,0,0.026606538895152198,1.0
27,20,bsps,0.2,1.0,100,19,14.308,548.9058585858587,0.07009806054511938,1.0003636363636363,12.523170972194833,15.0,32.48,70.76,0.4965741978609626,0.9784824462061155,0,0.017550778939065273,1.0
28,20,bsps,0.2,1.0,100,18,14.524,542.4225212121212,0.062402028472616715,0.9071111111111111,13.4609375,16.0,35.124,67.468,0.4972931757529546,0.9778162911611785,0,0.017233455882352942,1.0
29,20,bsps,0.2,1.0,100,18,15.248,546.8371353535354,0.06412910770156759,0.9787070707070706,14.149102428722282,16.0,34.16,69.588,0.49602230788157137,0.9731763166503108,0,0.02006335797254488,1.0
30,20,bsps,0.2,0.93,93,19,13.672,547.1800956521739,0.07233727309561708,0.9888695652173912,14.872881355932204,15.0,32.088,63.032,0.4963015986638034,0.9738747245829399,0,0.021632471008028547,1.0
31,20,bsps,0.2,1.0,100,17,13.832,549.0266828282829,0.07290650410195866,1.0043636363636363,13.63922344058961,15.899999999999636,32.264,69.744,0.49607982893799,0.9753928253780018,0,0.018335430523099047,1.0
32,20,bsps,0.2,1.0,100,20,15.824,548.1468404040404,0.0629325837370213,0.993979797979798,14.507515127854772,17.0,33.024,70.124,0.49574916153186177,0.9722951297754447,0,0.02147179387077884,1.0
33,20,bsps,0.2,1.0,100,19,15.556,552.5471191919194,0.0679568718500091,1.0564848484848486,14.610522258624012,16.0,31.096,71.12,0.4962680378172168,0.974937343358396,0,0.016958951628444786,1.0
34,20,bsps,0.2,1.0,100,18,14.58,546.8208646464647,0.06702175257897183,0.9774141414141413,13.910584720443875,16.0,33.984,68.784,0.49692844097625766,0.9793500338524035,0,0.01643192488262911,1.0
35,20,bsps,0.2,1.0,100,24,19.3,548.0553090909091,0.05073819264850257,0.9744242424242425,16.80785388127854,22.0,31.232,71.492,0.49536824727139317,0.9743053480729011,0,0.0182648401826484,1.0
36,20,bsps,0.2,0.97,97,21,15.948,543.1320666666667,0.05773834571109145,0.91825,15.126619927767155,17.0,33.208,65.48,0.4961809849421692,0.9748786754210677,0,0.020395156150414276,1.0
37,20,bsps,0.2,0.96,96,21,16.436,545.0766568421053,0.05831291560846229,0.9567578947368423,15.986425339366516,18.0,34.636,65.46,0.4965880625377904,0.9682466635987115,0,0.02212166918049271,1.0
38,20,bsps,0.2,1.0,100,17,13.652,545.8402343434344,0.07085343916333221,0.9648888888888888,14.051904562578486,15.0,34.832,68.048,0.49660776858271827,0.9731130547457079,0,0.020510673922143157,1.0
39,20,bsps,0.2,1.0,100,19,15.112,548.9111757575757,0.06633616292930018,1.0025050505050506,14.15324872134874,16.0,32.692,70.652,0.49565433325055874,0.9725465446513095,0,0.0191324114415609,1.0
40,20,bsps,0.2,1.0,100,18,14.54,547.5284363636364,0.06825865692042163,0.9896969696969697,15.012144870960746,16.0,34.732,68.7,0.49641273679967757,0.9736379613356766,0,0.02038603339839514,1.0
41,20,bsps,0.2,1.0,100,19,14.62,542.1000080808082,0.06220987969250001,0.9077171717171718,14.301213092240788,16.0,35.368,66.376,0.49658469945355194,0.9723796033994334,0,0.022201876859693295,1.0
42,20,bsps,0.2,1.0,100,17,14.496,549.0259232323233,0.06933276168276169,1.0055757575757576,14.16390977443609,16.0,33.28,69.408,0.4963674712913054,0.9753047827446076,0,0.017293233082706767,1.0
43,20,bsps,0.2,0.96,96,20,14.88,546.5124547368421,0.06586618082639754,0.9703157894736841,13.303061434148345,18.0,32.728,66.032,0.4957920607730692,0.9720123145815841,0,0.02177933018286419,1.0
44,20,bsps,0.2,1.0,100,19,15.24,544.0452363636365,0.06175800350702311,0.9364848484848485,14.28151698270473,17.0,35.372,68.42,0.49646182495344504,0.9736585365853658,0,0.01875390706397166,1.0
45,20,bsps,0.2,1.0,100,17,13.748,546.2319111111111,0.0706453985408531,0.9705858585858586,13.87017310252996,15.0,34.372,67.78,0.49695168419448255,0.972550382209868,0,0.020861074123391034,1.0
46,20,bsps,0.2,0.99,99,19,15.508,548.1004285714287,0.06403193681366898,0.9936734693877551,14.940096618357488,18.0,32.764,68.656,0.49632085388534003,0.97446536865624,0,0.01816425120772947,1.0
47,20,bsps,0.2,1.0,100,19,14.988,544.9543555555557,0.06257975252779174,0.9366868686868687,13.93060064935065,16.0,34.044,69.032,0.49665432801822323,0.977404403244496,0,0.017248376623376624,1.0
48,20,bsps,0.2,0.99,99,18,14.784,544.2800775510206,0.06346980098925666,0.9354693877551019,14.066737288135593,17.0,35.08,68.684,0.4961003457425424,0.9732288605941887,0,0.020338983050847456,1.0
49,20,bsps,0.2,1.0,100,18,15.076,546.8088282828285,0.06430777849028622,0.9667474747474748,14.023974527064993,16.0,32.8,69.196,0.4961809417871709,0.9758179231863442,0,0.0174189923206593,1.0
0,20,baps,0.2,0.99,99,19,12.104,529.5341714285714,0.047734335839599,0.7148163265306123,57.67172712933754,119.0,34.744,55.648,0.4964754098360656,0.5185915492957747,0,0.43592271293375395,1.0
1,20,baps,0.2,1.0,100,18,11.88,531.2362787878789,0.05014378707712041,0.7363636363636362,58.82595573440644,118.0,33.668,55.808,0.4974161338355085,0.520296505471232,0,0.43158953722334004,1.0
2,20,baps,0.2,1.0,100,20,14.272,534.7172444444444,0.04873456790123457,0.7894141414141413,54.355925324675326,120.0,35.02,60.836,0.48793656149822845,0.5320965842167256,0,0.3861607142857143,1.0
3,20,baps,0.2,0.99,99,18,12.28,528.5797224489797,0.044776643990929704,0.6981632653061224,57.93989176652493,118.0,35.3,55.868,0.49292735555022776,0.5156294809291655,0,0.44047158871279474,1.0
4,20,baps,0.2,1.0,100,19,12.8,530.6519474747474,0.04483668767879294,0.7241616161616161,60.237319511292114,119.0,33.412,55.552,0.49577736668543393,0.5223997904113178,0,0.44909292854498334,1.0
5,20,baps,0.2,0.97,97,19,13.128,532.0929291666667,0.04823827798663325,0.7465833333333334,54.155501497005986,119.0,32.688,56.18,0.4924461587913854,0.5404624277456648,0,0.40550149700598803,1.0
6,20,baps,0.2,1.0,100,21,14.124,531.5494464646465,0.04355595638928973,0.7485252525252526,59.86441009587165,121.0,36.216,58.416,0.4997489539748954,0.5118309859154929,0,0.43357464292702014,1.0
7,20,baps,0.2,1.0,100,18,12.008,529.8414585858586,0.049527336860670186,0.7133737373737374,56.844573024740626,118.0,35.16,57.164,0.4992606428515838,0.5174948544545722,0,0.42358339984038307,1.0
8,20,baps,0.2,1.0,100,22,14.356,527.9158545454546,0.039852790531578405,0.6859797979797979,56.613286856674186,121.0,36.312,57.296,0.49299331921134104,0.5319220430107527,0,0.39881074431002667,1.0
9,20,baps,0.2,1.0,100,21,14.092,529.5864040404041,0.042434824434824436,0.7162020202020202,56.19465346534653,121.0,36.896,58.212,0.49137385248496357,0.5454815695600476,0,0.3994059405940594,1.0
10,20,baps,0.2,1.0,100,22,14.036,529.4608323232325,0.04068337050155232,0.7156767676767677,60.89952053366687,122.0,35.576,55.472,0.5019808014627457,0.5107615894039735,0,0.4429851990827601,1.0
11,20,baps,0.2,1.0,100,22,14.628,529.9373252525253,0.03974130919585465,0.7172121212121213,58.830728638116504,122.0,34.36,56.432,0.501014857514005,0.5171222117499215,0,0.4187132129084636,1.0
12,20,baps,0.2,1.0,100,19,13.072,528.6805535353536,0.042915154046732996,0.6987070707070707,58.7778730703259,119.0,35.672,56.332,0.50267131242741,0.5133433283358321,0,0.4324614065180103,1.0
13,20,baps,0.2,1.0,100,18,12.576,532.7429818181819,0.05055731922398589,0.752929292929293,54.59902370990237,118.0,33.524,58.164,0.48908261365488026,0.5319416498993964,0,0.40690376569037656,1.0
14,20,baps,0.2,1.0,100,18,12.688,529.6352282828284,0.04739450056116722,0.723111111111111,54.85182998819362,118.0,37.66,58.624,0.4934346924671735,0.5190579485590332,0,0.4079102715466352,1.0
15,20,baps,0.2,1.0,100,18,11.944,530.4849858585859,0.04927931697931697,0.7230707070707072,58.42547694753577,118.0,34.628,57.108,0.4907112970711297,0.5394366197183098,0,0.43441971383147854,1.0
16,20,baps,0.2,0.82,82,20,13.768,533.223802469136,0.04696349206349206,0.7702716049382716,55.8538862353452,120.0,28.26,48.076,0.49196602190154537,0.531050688150386,0,0.4075119409465914,1.0
17,20,baps,0.2,0.97,97,20,12.38,526.8979916666667,0.043049255952380946,0.6749583333333332,56.4247660187185,119.0,34.936,53.688,0.4919289091798467,0.5245571658615137,0,0.4228461723062155,1.0
18,20,baps,0.2,1.0,100,20,14.772,529.3822222222223,0.04089272523211917,0.7165252525252525,52.41170279941065,119.0,37.844,59.084,0.4906247568661013,0.5260614428719365,0,0.37844664281203955,1.0
19,20,baps,0.2,1.0,100,19,13.048,527.6073535353537,0.03941516670464038,0.6807676767676768,59.879500520291366,119.0,34.644,55.02,0.5026455026455027,0.513934671860953,0,0.44557752341311135,1.0
20,20,baps,0.2,1.0,100,18,12.408,528.9720444444446,0.047396584896584895,0.7142222222222222,55.17333040421793,118.0,37.344,57.276,0.4922666666666667,0.5193043478260869,0,0.40751318101933215,1.0
21,20,baps,0.2,1.0,100,18,12.1,532.1959878787881,0.051326278659611986,0.7533737373737374,58.424778761061944,118.0,34.488,57.036,0.4977879601832833,0.5128665469778576,0,0.43805309734513276,1.0
22,20,baps,0.2,0.97,97,17,11.024,527.7823208333334,0.04479493464052287,0.68125,59.96296296296296,117.0,32.48,51.94,0.5035089134468016,0.5129059117402165,0,0.45567375886524825,1.0
23,20,baps,0.2,0.97,97,19,12.772,531.0235625000001,0.04419597170008355,0.7316666666666666,61.94520260340122,119.0,32.096,53.668,0.5012161223071577,0.5111179740580605,0,0.450976275456645,1.0
24,20,baps,0.2,1.0,100,18,11.82,529.1005696969697,0.04701080647747315,0.7124444444444444,59.23706896551724,118.0,36.252,56.392,0.48574640648839634,0.5293731539218904,0,0.4398706896551724,1.0
25,20,baps,0.2,0.99,99,18,12.928,530.7852612244899,0.04770197602850664,0.7321632653061224,53.42713853141559,117.0,35.38,57.816,0.4899991967226283,0.5346864586488943,0,0.39931869795609387,1.0
26,20,baps,0.2,1.0,100,20,13.992,529.1129131313131,0.04217548500881834,0.7144646464646465,56.78782412626832,120.0,37.196,57.964,0.496777392166584,0.5265700483091788,0,0.4180383314543405,1.0
27,20,baps,0.2,1.0,100,19,12.68,530.5518787878789,0.04685791498949393,0.7246464646464646,56.864326562808124,119.0,34.712,57.536,0.49869495663888186,0.514490753519183,0,0.43936107276671266,1.0
28,20,baps,0.2,1.0,100,18,11.96,527.347890909091,0.04633535353535354,0.6812525252525253,57.00137867647059,118.0,37.188,56.816,0.4970832054037458,0.5245625841184388,0,0.4273897058823529,1.0
29,20,baps,0.2,1.0,100,18,11.56,527.339692929293,0.0425010101010101,0.677939393939394,60.50221752903907,117.0,33.98,53.828,0.49995874927811235,0.5126238414829019,0,0.46166842661034846,1.0
30,20,baps,0.2,0.93,93,19,12.38,530.6906826086957,0.04863909229595728,0.7423913043478261,58.29326494201606,119.0,33.516,52.408,0.4891626009757658,0.5528179858330767,0,0.41993755575379127,1.0
31,20,baps,0.2,1.0,100,17,12.016,534.6061414141415,0.05872973431796961,0.7953535353535354,50.4948768650009,117.0,35.98,60.86,0.4826021180030257,0.5568148793955245,0,0.36760740607585835,1.0
32,20,baps,0.2,1.0,100,20,13.836,529.1940080808082,0.040150248516915184,0.7071515151515152,57.46652352137419,120.0,35.156,56.832,0.49140974346905153,0.5332572081073366,0,0.4185047823540894,1.0
33,20,baps,0.2,1.0,100,19,13.208,534.060501010101,0.05010495936811726,0.7826666666666666,55.63596068606668,119.0,33.948,58.716,0.49416277518345564,0.5214855739717618,0,0.4020042397379071,1.0
34,20,baps,0.2,1.0,100,18,12.22,527.7681656565657,0.04250729517396184,0.6885252525252527,60.49423815620999,118.0,35.872,55.268,0.49820399298304235,0.5186530207989436,0,0.45710627400768244,1.0
35,20,baps,0.2,1.0,100,24,15.864,528.1931676767678,0.033250761584094915,0.6748686868686868,62.11287671232877,124.0,33.236,56.456,0.5030929738712954,0.5109681193331383,0,0.4392694063926941,1.0
36,20,baps,0.2,0.97,97,21,14.08,527.8015291666668,0.039511160714285724,0.689,59.53749734438071,121.0,35.584,55.1,0.4882955376737381,0.5402234636871508,0,0.426173783726365,1.0
37,20,baps,0.2,0.96,96,21,13.968,529.5262147368422,0.042582790309106104,0.7216842105263158,56.94243338360985,121.0,35.6,54.656,0.4982626824183461,0.5245755138516532,0,0.40648567119155354,1.0
38,20,baps,0.2,1.0,100,17,11.184,529.5484242424243,0.05191584755114167,0.7186262626262627,57.29866052741733,117.0,35.952,56.124,0.4923918746720636,0.5314973092750871,0,0.4307241523650063,1.0
39,20,baps,0.2,1.0,100,19,12.684,529.7801252525253,0.04449239259765576,0.7128080808080808,57.79446864936541,118.0,33.952,56.26,0.5028718887871473,0.5112758727216559,0,0.4281113847319568,1.0
40,20,baps,0.2,1.0,100,18,12.036,529.821486868687,0.04815712682379349,0.7234343434343435,58.66189546736066,118.0,35.572,55.596,0.5012576064908723,0.5117948717948718,0,0.4315766644979397,1.0
41,20,baps,0.2,1.0,100,19,12.204,526.7229252525253,0.04354514569251411,0.6770101010101012,58.39299610894942,119.0,36.932,55.228,0.501067887109077,0.5145328719723183,0,0.42870222018768595,1.0
42,20,baps,0.2,1.0,100,17,11.08,529.471187878788,0.049211249752426224,0.7071111111111112,58.79360902255639,117.0,33.256,54.38,0.5020443465953767,0.5134064594759293,0,0.4422932330827068,1.0
43,20,baps,0.2,0.96,96,20,13.292,530.2586357894736,0.045588070175438596,0.7276210526315791,53.99034312718307,120.0,34.684,55.356,0.4938900967088987,0.5320950559956296,0,0.4045613314156565,1.0
44,20,baps,0.2,1.0,100,19,12.78,527.9277979797979,0.0436757550441761,0.6935757575757576,57.676182538028755,119.0,37.036,56.852,0.49891393903078424,0.5128612257859638,0,0.42383829964575953,1.0
45,20,baps,0.2,1.0,100,17,11.652,530.7560808080808,0.05295482839600486,0.7412525252525253,53.64447403462051,117.0,36.496,57.44,0.4953973611537281,0.5168690958164642,0,0.39636040834442965,1.0
46,20,baps,0.2,0.99,99,19,12.86,529.6459020408164,0.04331171466080167,0.7132653061224489,58.76212560386473,119.0,33.98,55.324,0.4963408684338917,0.5178013741411618,0,0.43033816425120774,1.0
47,20,baps,0.2,1.0,100,19,12.576,527.2082707070708,0.041918022328548646,0.6671919191919193,58.42573051948052,119.0,34.248,54.9,0.49373433583959897,0.527015558698727,0,0.42999188311688313,1.0
48,20,baps,0.2,0.99,99,18,11.608,527.1741959183674,0.045035503725299644,0.6744897959183673,56.476483050847456,118.0,35.316,55.124,0.49518647358627943,0.5224593819687798,0,0.42542372881355933,1.0
49,20,baps,0.2,1.0,100,18,12.252,529.2566545454546,0.046771845438512115,0.7044040404040404,58.17737404008241,117.0,34.896,56.576,0.4947839046199702,0.5254189944134078,0,0.4367859149653493,1.0
0,20,lt,0.2,0.99,99,19,15.2,537.6043346938775,0.05578907850712362,0.8557959183673469,42.26242113564669,118.0,39.864,65.688,0.4449443717277487,0.6290414066931367,0,0.2931782334384858,1.0
1,20,lt,0.2,1.0,100,18,14.392,538.8376080808081,0.05800412950751631,0.8674343434343434,47.23299798792757,117.0,38.492,65.164,0.48546664331990896,0.5403111739745403,0,0.32877263581488936,1.0
2,20,lt,0.2,1.0,100,20,16.44,541.8737656565658,0.05394195589985064,0.9134949494949495,43.35349025974026,120.0,39.068,69.32,0.4404481132075472,0.6267021906453523,0,0.28145292207792205,1.0
3,20,lt,0.2,0.99,99,18,14.024,539.0412040816327,0.0617427207246535,0.8747755102040817,39.8345574023966,115.0,39.476,67.064,0.4473810284254232,0.6260069044879172,0,0.2825666795516042,1.0
4,20,lt,0.2,1.0,100,19,13.652,540.2468767676768,0.0626828297990696,0.8855353535353536,43.79692706405035,118.0,37.832,66.12,0.4482287733954535,0.6101026045777427,0,0.3047019622362088,1.0
5,20,lt,0.2,0.97,97,19,15.144,540.1331041666667,0.05660671662645346,0.88125,39.90363023952096,118.0,36.216,65.132,0.4551873545695258,0.6350673356218642,0,0.27619760479041916,1.0
6,20,lt,0.2,1.0,100,21,15.516,541.5453252525252,0.057964933153318556,0.9117171717171717,42.32694189004109,118.0,38.636,67.948,0.45604074476079154,0.6256031791087142,0,0.28448444531402856,1.0
7,20,lt,0.2,1.0,100,18,14.256,537.6877696969698,0.05733607330774044,0.8454545454545455,42.82122905027933,117.0,39.42,66.648,0.4534287047115534,0.6074380165289256,0,0.298683160415004,1.0
8,20,lt,0.2,1.0,100,22,17.552,536.9188202020202,0.04706392883575546,0.8388686868686869,38.82263686692639,119.0,41.552,68.656,0.45617319117766747,0.6382045224434695,0,0.24236210785318843,1.0
9,20,lt,0.2,1.0,100,21,15.28,535.999886868687,0.05217958947370713,0.8254141414141414,42.002376237623764,118.0,40.548,66.108,0.4491699604743083,0.6319402985074627,0,0.28455445544554453,1.0
10,20,lt,0.2,1.0,100,22,15.556,537.7105737373738,0.05360303580530618,0.8562828282828282,47.04023347925787,118.0,39.968,64.868,0.467371463340432,0.5910605219322599,0,0.33646028767979985,1.0
11,20,lt,0.2,1.0,100,22,16.596,538.3838707070707,0.05130182848340744,0.8636767676767677,41.976050334889386,118.0,39.92,67.32,0.46071515446363415,0.5974107988632775,0,0.275218185508423,1.0
12,20,lt,0.2,1.0,100,19,14.752,536.2438707070708,0.05477883297134634,0.8303434343434344,43.65351629502573,117.0,40.528,65.904,0.45750270437335805,0.595223700120919,0,0.311106346483705,1.0
13,20,lt,0.2,1.0,100,18,15.068,541.5663515151516,0.05874109713815596,0.8985858585858586,41.274407252440724,116.0,36.516,67.3,0.4418604651162791,0.6265182186234818,0,0.2869595536959554,1.0
14,20,lt,0.2,1.0,100,18,14.084,536.6376808080809,0.05809137993121951,0.8387070707070706,41.49980322707595,117.0,39.952,65.872,0.45919619573554227,0.5937110834371109,0,0.29279811097992914,1.0
15,20,lt,0.2,1.0,100,18,13.988,537.4219272727273,0.05866524304242664,0.8451313131313132,46.98171701112877,117.0,39.536,66.364,0.4723941776811109,0.5829103214890017,0,0.3386327503974563,1.0
16,20,lt,0.2,0.82,82,20,13.988,540.6489037037038,0.06105494450679636,0.8894814814814815,42.48740772904907,118.0,29.264,53.54,0.47393704006541293,0.6045178691840863,0,0.2933130699088146,1.0
17,20,lt,0.2,0.97,97,20,15.168,534.7127458333333,0.051599622830872834,0.811625,39.717542596592274,117.0,40.268,63.896,0.45787545787545786,0.6133874239350913,0,0.2706983441324694,1.0
18,20,lt,0.2,1.0,100,20,14.68,536.3530303030304,0.05585847467710212,0.832929292929293,39.797305830351505,115.0,40.22,66.296,0.4639191290824261,0.5979238754325259,0,0.2795201010313618,1.0
19,20,lt,0.2,1.0,100,19,15.012,536.4806868686869,0.05451622088876991,0.8322424242424242,43.559417273673255,116.0,38.668,64.908,0.477591920467098,0.5880938063740229,0,0.3117585848074922,1.0
20,20,lt,0.2,1.0,100,18,13.736,535.749591919192,0.05883675920039557,0.8318383838383838,41.03185413005272,116.0,41.904,65.896,0.46468797564687975,0.6076923076923076,0,0.28734622144112476,1.0
21,20,lt,0.2,1.0,100,18,13.664,541.8842505050507,0.06584639283275646,0.9092121212121212,41.94228549442093,116.0,36.676,65.996,0.467008681925809,0.5840840840840841,0,0.29588303193535975,1.0
22,20,lt,0.2,0.97,97,17,13.376,535.6236541666667,0.058465009469696974,0.8177916666666667,46.84180457052798,116.0,36.872,61.22,0.4762404195240016,0.5791955617198336,0,0.341016548463357,1.0
23,20,lt,0.2,0.97,97,19,15.02,541.7668208333334,0.05884560489891372,0.913,45.004618937644345,117.0,36.384,64.516,0.47470715835141,0.5968992248062015,0,0.30967877388200715,1.0
24,20,lt,0.2,1.0,100,18,13.564,536.0818181818182,0.05978486558994581,0.8314343434343434,45.453017241379314,116.0,38.936,63.72,0.4533279871692061,0.6171617161716172,0,0.3271551724137931,1.0
25,20,lt,0.2,0.99,99,18,14.076,537.1012530612246,0.05795042002815112,0.8397551020408163,41.41975775927328,115.0,38.232,64.676,0.469648305765216,0.5813106796116505,0,0.29560938682816046,1.0
26,20,lt,0.2,1.0,100,20,16.144,534.4528646464647,0.04837533019287405,0.8047676767676768,46.04261555806088,118.0,39.988,64.588,0.4763084035000825,0.5793485793485793,0,0.3267192784667418,1.0
27,20,lt,0.2,1.0,100,19,14.268,539.1606262626264,0.05982146861852743,0.8685656565656564,39.37467955038454,114.0,38.78,67.984,0.4394486931674931,0.6534296028880866,0,0.28061526326168407,1.0
28,20,lt,0.2,1.0,100,18,14.104,532.7127878787879,0.05235704159839632,0.7714747474747474,45.787224264705884,117.0,39.296,62.676,0.47263109475620974,0.5886332882273342,0,0.33019301470588236,1.0
29,20,lt,0.2,1.0,100,18,14.98,537.2751797979798,0.05479021486864624,0.8517979797979798,42.2585005279831,116.0,40.548,66.728,0.45207509881422925,0.6146168705730843,0,0.29334741288278776,1.0
30,20,lt,0.2,0.93,93,19,13.192,538.8415086956522,0.06531997988363919,0.8809130434782607,43.55530776092775,116.0,37.012,60.528,0.45545265847038163,0.6268610421836228,0,0.3026315789473684,1.0
31,20,lt,0.2,1.0,100,17,13.272,539.9676080808081,0.0649089269316542,0.8835959595959596,39.37138234765414,116.0,38.368,67.172,0.4550230854959401,0.6384525887143688,0,0.2710767571454251,1.0
32,20,lt,0.2,1.0,100,20,15.928,538.6278141414142,0.053932595799262475,0.8697777777777778,40.885223501854384,116.0,39.868,67.532,0.45509404388714736,0.6378223495702006,0,0.28108530158110484,1.0
33,20,lt,0.2,1.0,100,19,14.964,542.7427595959597,0.0606751024112878,0.9253333333333332,41.794179996145694,117.0,36.452,67.28,0.46855476884631403,0.5889060092449923,0,0.28656773944883407,1.0
34,20,lt,0.2,1.0,100,18,13.248,535.5085131313133,0.05921484242304207,0.8201616161616162,44.474818608621426,115.0,38.536,63.188,0.473262701259698,0.576833720544308,0,0.32373026034997865,1.0
35,20,lt,0.2,1.0,100,24,18.812,538.0561979797981,0.043608902128467346,0.8400404040404041,44.66465753424657,122.0,37.852,68.104,0.4579646017699115,0.6152263374485597,0,0.28383561643835614,1.0
36,20,lt,0.2,0.97,97,21,15.384,533.4975541666666,0.04889285057048215,0.7828333333333334,46.83832589759932,118.0,37.948,61.744,0.47000365363536717,0.6115007012622721,0,0.32419800297429363,1.0
37,20,lt,0.2,0.96,96,21,16.08,537.1524842105264,0.05166036548862034,0.8547789473684211,42.03996983408748,118.0,40.3,63.584,0.4763970843457133,0.5988319856244384,0,0.27425842131724487,1.0
38,20,lt,0.2,1.0,100,17,13.572,537.0120040404042,0.06025536920002161,0.849050505050505,42.62599413980745,117.0,40.556,65.2,0.4525929806181247,0.6212942301562002,0,0.2932189200502302,1.0
39,20,lt,0.2,1.0,100,19,14.804,539.4030262626263,0.057472755045838826,0.8744242424242423,39.763402159499904,116.0,38.824,67.708,0.46151926116981445,0.6134323738780564,0,0.27107406705815495,1.0
40,20,lt,0.2,1.0,100,18,13.512,535.4871030303032,0.058235098159251465,0.8211717171717171,47.855345911949684,117.0,38.936,62.4,0.4821717990275527,0.5584192439862543,0,0.3413576230752548,1.0
41,20,lt,0.2,1.0,100,19,13.532,531.4424000000001,0.05311160145723426,0.7556767676767676,47.56237125200275,117.0,38.804,60.5,0.47842658941911875,0.5763358778625954,0,0.3453879606317235,1.0
42,20,lt,0.2,1.0,100,17,12.9,537.2307434343435,0.06241071829405163,0.8372929292929292,44.509962406015035,116.0,36.956,63.08,0.48404589751650423,0.5488400488400489,0,0.3227443609022556,1.0
43,20,lt,0.2,0.96,96,20,13.632,536.9780336842106,0.06006803296119085,0.8365473684210526,41.62461475241422,116.0,36.112,61.364,0.4642269121389014,0.6267179769103903,0,0.3057324840764331,1.0
44,20,lt,0.2,1.0,100,19,14.36,534.0680202020203,0.05434182274779423,0.7976969696969698,43.861846217962075,116.0,40.024,64.068,0.47590181110612184,0.5669216061185468,0,0.3127734944780163,1.0
45,20,lt,0.2,1.0,100,17,13.348,535.8457292929293,0.060640232504671,0.8311919191919191,45.538837106080784,116.0,39.764,63.572,0.4671974278496517,0.5696288729996595,0,0.3326675543719485,1.0
46,20,lt,0.2,0.99,99,19,15.176,537.5628326530614,0.054204599981500214,0.8510204081632653,44.48212560386474,117.0,38.468,64.684,0.4643379366368806,0.5871473354231975,0,0.3076328502415459,1.0
47,20,lt,0.2,1.0,100,19,14.908,534.8127757575759,0.052540586147303475,0.7987878787878788,42.029423701298704,117.0,40.06,65.548,0.4604105571847507,0.6027280477408354,0,0.288961038961039,1.0
48,20,lt,0.2,0.99,99,18,15.12,536.1992979591838,0.05371340447145084,0.8329795918367346,40.00889830508475,117.0,42.132,67.46,0.4474343434343434,0.624,0,0.2684322033898305,1.0
49,20,lt,0.2,1.0,100,18,14.544,535.7294585858585,0.053886659824627745,0.8136969696969697,43.93613036149092,117.0,38.612,64.88,0.46804707284373603,0.5856183547845552,0,0.30661172504214274,1.0
0,20,ewma,0.2,0.99,99,19,15.344,545.9777265306124,0.06270593276061145,0.9608163265306122,17.66403785488959,101.0,32.944,67.196,0.4911165444172779,0.9356321839080459,0,0.051261829652996846,1.0
1,20,ewma,0.2,1.0,100,18,14.668,549.5943434343435,0.06911723167899637,1.0130101010101011,17.932193158953723,102.55000000000018,33.284,69.9,0.4921119149307069,0.9287000360100828,0,0.05070422535211268,1.0
2,20,ewma,0.2,1.0,100,20,16.008,549.342294949495,0.06272306741914585,1.0026666666666666,18.0294237012987,18.0,31.488,69.92,0.4925748804429902,0.9414590213149204,0,0.048092532467532464,1.0
3,20,ewma,0.2,0.99,99,18,14.22,546.1449551020409,0.06772405621589296,0.9629795918367346,15.963277928102048,16.0,33.42,68.364,0.49204834605597964,0.9401285046728972,0,0.0467723231542327,1.0
4,20,ewma,0.2,1.0,100,19,14.756,549.6097212121213,0.06835199810752396,1.0086868686868686,17.264531654942616,18.0,31.944,69.224,0.49116636022064114,0.9382518043303929,0,0.048685671973343204,1.0
5,20,ewma,0.2,0.97,97,19,15.164,548.1300625000001,0.06504048808626015,0.9859583333333333,16.74756736526946,17.0,31.016,67.652,0.49097876417052533,0.9366272824919442,0,0.04771706586826347,1.0
6,20,ewma,0.2,1.0,100,21,15.6,548.9188484848485,0.06458945208749131,1.0057777777777779,18.286049696732537,105.0,33.044,69.768,0.49014553014553014,0.9355395683453237,0,0.05204460966542751,1.0
7,20,ewma,0.2,1.0,100,18,14.1,545.5881373737374,0.06743210023290237,0.9482424242424242,16.581404628890663,103.0,33.2,68.304,0.4920229244114003,0.9310964649490713,0,0.051476456504389465,1.0
8,20,ewma,0.2,1.0,100,22,16.732,541.9144646464647,0.05378560308132032,0.8974141414141416,18.176132868566743,20.0,35.12,67.896,0.4925373134328358,0.9336071184120466,0,0.04921058027475907,1.0
9,20,ewma,0.2,1.0,100,21,15.616,544.6402141414143,0.06060344111226464,0.9419797979797979,17.948118811881187,103.0,35.136,68.732,0.49125846590014177,0.9303452453058753,0,0.05207920792079208,1.0
10,20,ewma,0.2,1.0,100,22,16.624,546.8523353535354,0.05876386982470574,0.9768484848484847,18.38982697519283,101.0,34.46,68.096,0.4921200181845734,0.9394707207207207,0,0.05023973316656243,1.0
11,20,ewma,0.2,1.0,100,22,16.272,545.8202222222222,0.058775582323879534,0.9574545454545453,19.103308301197483,109.0,33.64,68.58,0.49063156194475854,0.9268762026940346,0,0.0543941546580069,1.0
12,20,ewma,0.2,1.0,100,19,14.532,544.2449616161617,0.06442186795840985,0.9351515151515153,17.75235849056604,109.0,34.78,67.948,0.49114976142835154,0.9241400491400491,0,0.060248713550600345,1.0
13,20,ewma,0.2,1.0,100,18,15.184,550.1869535353536,0.06677390100821472,1.0144646464646465,17.075662482566248,17.0,31.892,70.672,0.49093264248704666,0.9433042585941509,0,0.046199442119944215,1.0
14,20,ewma,0.2,1.0,100,18,13.856,544.1546343434344,0.06777508619326801,0.9392727272727273,16.664895710350255,108.0,35.088,68.28,0.49134050507362476,0.9249125039770919,0,0.05450609996064541,1.0
15,20,ewma,0.2,1.0,100,18,13.852,548.2241131313132,0.07173410715843871,0.990989898989899,16.80643879173291,104.0,33.428,70.508,0.4908470627392245,0.934233199310741,0,0.051470588235294115,1.0
16,20,ewma,0.2,0.82,82,20,14.732,549.9917185185186,0.06945406352619975,1.0195061728395063,16.621146330872776,19.0,25.98,57.056,0.491247710156727,0.9370725034199726,0,0.0462440295267043,1.0
17,20,ewma,0.2,0.97,97,20,15.944,542.5254333333334,0.05774424096196058,0.9200416666666668,17.59899208063355,104.0,36.356,66.964,0.4929794659524389,0.9205434335117332,0,0.051355891528677707,1.0
18,20,ewma,0.2,1.0,100,20,15.832,544.154206060606,0.059254212091466994,0.937131313131313,17.011786992212166,17.0,35.372,68.884,0.4923720281886471,0.9309129362002115,0,0.047989896863818146,1.0
19,20,ewma,0.2,1.0,100,19,15.848,545.9293575757576,0.06066784308837972,0.9627878787878787,17.71945889698231,104.80000000000018,34.12,69.096,0.49171444278646037,0.9326599326599326,0,0.051196670135275756,1.0
20,20,ewma,0.2,1.0,100,18,14.172,543.5298868686868,0.06589535377476553,0.9340202020202021,16.919595782073813,105.0,36.528,68.092,0.49400606980273143,0.9304964539007092,0,0.05382249560632689,1.0
21,20,ewma,0.2,1.0,100,18,14.404,549.8292525252526,0.07063583344759816,1.0159191919191919,17.82935744517122,103.0,32.448,69.168,0.4920210675261379,0.9298566636169564,0,0.05117352828010773,1.0
22,20,ewma,0.2,0.97,97,17,14.208,546.616275,0.0685078338838449,0.973375,17.66272655634358,109.0,33.02,66.468,0.49061296534017973,0.9281674208144797,0,0.05634357762017336,1.0
23,20,ewma,0.2,0.97,97,19,15.388,551.4671916666667,0.067848393732493,1.0438333333333332,18.37980264539156,17.899999999999636,31.584,68.472,0.4924006908462867,0.9410094637223975,0,0.046189376443418015,1.0
24,20,ewma,0.2,1.0,100,18,14.22,545.8057575757576,0.06763736639672469,0.9631919191919192,17.675,111.0,33.872,67.732,0.49236793734516104,0.929360562437228,0,0.05603448275862069,1.0
25,20,ewma,0.2,0.99,99,18,15.368,546.115012244898,0.06295548800605823,0.9647755102040816,17.44114307342922,102.69999999999891,34.228,68.804,0.4909352288155898,0.9296995973985754,0,0.050719152157456475,1.0
26,20,ewma,0.2,1.0,100,20,16.176,543.0960040404041,0.05706282670431277,0.9238787878787879,17.959413754227732,108.0,35.168,67.884,0.4927262266787211,0.9290504765266502,0,0.05569334836527621,1.0
27,20,ewma,0.2,1.0,100,19,14.292,547.6040888888889,0.06874978340468536,0.9821010101010101,16.52711496746204,107.0,33.0,70.088,0.4892122428499749,0.9277244494635799,0,0.057976730427923485,1.0
28,20,ewma,0.2,1.0,100,18,14.484,541.3330707070708,0.061607917285724775,0.8915959595959596,17.497931985294116,109.0,35.512,66.884,0.4918758105118621,0.9256312694569353,0,0.057904411764705885,1.0
29,20,ewma,0.2,1.0,100,18,15.196,545.774088888889,0.06340668688609864,0.9640404040404039,17.082154171066527,102.30000000000018,34.644,69.112,0.4917965545529122,0.9349673202614379,0,0.050897571277719114,1.0
30,20,ewma,0.2,0.93,93,19,13.752,546.3324347826087,0.07157621453567746,0.979391304347826,18.258697591436217,110.0,32.976,63.04,0.4919637173774666,0.9321181646763043,0,0.056199821587867974,1.0
31,20,ewma,0.2,1.0,100,17,13.572,547.764896969697,0.07284403593039956,0.9865454545454546,16.795793636527055,107.0,32.864,69.216,0.49143672692673646,0.9297520661157025,0,0.05195038648211397,1.0
32,20,ewma,0.2,1.0,100,20,15.972,547.2072161616163,0.06156236965839649,0.9806464646464647,17.550068319344135,101.0,33.34,69.612,0.49137594630453446,0.9339540296770439,0,0.05094671091157525,1.0
33,20,ewma,0.2,1.0,100,19,15.66,552.0653333333333,0.06721311731115653,1.0520808080808082,17.005203314704183,17.0,31.956,71.324,0.4928245541269183,0.9439749608763693,0,0.039699364039313935,1.0
34,20,ewma,0.2,1.0,100,18,14.528,545.7563636363636,0.06622919281154574,0.9633535353535353,17.56145966709347,107.5,34.628,68.396,0.4913213188273399,0.9286921257181481,0,0.052496798975672214,1.0
35,20,ewma,0.2,1.0,100,24,19.104,546.974185858586,0.0505935409325696,0.9589090909090907,19.413333333333334,23.0,31.476,70.744,0.4908740713565074,0.9402449955183747,0,0.04584474885844749,1.0
36,20,ewma,0.2,0.97,97,21,15.952,542.0365916666668,0.05663591942793762,0.9027916666666668,19.043127257276396,110.0,33.58,64.892,0.4909765681851259,0.927594070695553,0,0.05991077119184194,1.0
37,20,ewma,0.2,0.96,96,21,16.148,543.8854989473684,0.05820001321872594,0.9405052631578947,19.77199597787833,111.0,35.148,64.932,0.49230503199031644,0.9084249084249084,0,0.06108597285067873,1.0
38,20,ewma,0.2,1.0,100,17,13.5,544.9239393939395,0.07042396815899489,0.9513131313131314,17.163038928421933,108.14999999999964,34.952,67.436,0.49223880597014924,0.9332258064516129,0,0.05253244035161155,1.0
39,20,ewma,0.2,1.0,100,19,14.98,548.0808606060606,0.0663412124186634,0.992,16.756582686114793,17.0,33.324,70.44,0.4917639268272494,0.9334174818554749,0,0.045842015533244934,1.0
40,20,ewma,0.2,1.0,100,18,14.68,546.2550424242424,0.06609229365405835,0.9713939393939394,18.841682932118847,111.0,35.032,67.932,0.4918535247620584,0.9242636746143057,0,0.057905009759271306,1.0
41,20,ewma,0.2,1.0,100,19,14.32,541.0476606060606,0.0624439839324866,0.8935353535353536,18.235065232318608,110.0,35.772,65.796,0.49252258407348365,0.9214715245843651,0,0.06134126802471961,1.0
42,20,ewma,0.2,1.0,100,17,14.376,547.9976000000001,0.06896296789959891,0.9913535353535353,17.084022556390977,17.0,33.688,68.896,0.4913651637102446,0.9306899781454886,0,0.04830827067669173,1.0
43,20,ewma,0.2,0.96,96,20,14.308,545.6226231578949,0.06732504564578869,0.958821052631579,16.205465379083623,103.69999999999982,33.312,65.772,0.4911339591715095,0.9337618781442146,0,0.05177727552907335,1.0
44,20,ewma,0.2,1.0,100,19,14.932,542.9817777777779,0.06183062615736412,0.9223434343434345,17.696811835799124,108.0,36.16,68.152,0.4919889708622103,0.9234014930217462,0,0.05396957699520733,1.0
45,20,ewma,0.2,1.0,100,17,14.328,545.3151070707071,0.06688848407484771,0.9584646464646465,17.774744784731467,108.0,34.888,67.428,0.4913056741915802,0.9210526315789473,0,0.05614735907678651,1.0
46,20,ewma,0.2,0.99,99,19,15.672,547.084730612245,0.06256241808078541,0.9804489795918366,18.54222222222222,108.0,33.424,68.332,0.492356224217423,0.9305068536818617,0,0.05217391304347826,1.0
47,20,ewma,0.2,1.0,100,19,14.916,543.8613414141415,0.06192318291730056,0.9216565656565656,17.517857142857142,106.0,34.564,68.54,0.4914892101702158,0.9288811795316565,0,0.052962662337662336,1.0
48,20,ewma,0.2,0.99,99,18,14.964,543.2975673469389,0.06178936563636444,0.9228163265306123,17.639830508474578,107.0,35.468,68.06,0.4916304522774827,0.9258295380611581,0,0.05444915254237288,1.0
49,20,ewma,0.2,1.0,100,18,14.808,545.8089131313131,0.06424783353901001,0.9525656565656566,16.96328900543173,17.0,33.132,68.636,0.4917996289424861,0.9319148936170213,0,0.0498220640569395,1.0
0,20,oracle,0.2,0.99,99,19,10.352,534.1869346938776,0.06459624955543324,0.6711020408163265,8.39806782334385,13.0,0.0,35.716,1.0,1.0,0,0.0,1.0
1,20,oracle,0.2,1.0,100,18,10.216,538.0762303030305,0.07128562481289755,0.7297373737373737,8.934004024144869,11.0,0.0,38.1,1.0,1.0,0,0.0,1.0
2,20,oracle,0.2,1.0,100,20,11.408,538.5140848484849,0.06466049719080023,0.7368888888888889,9.17958603896104,13.0,0.0,39.792,1.0,1.0,0,0.0,1.0
3,20,oracle,0.2,0.99,99,18,9.8,534.2550367346939,0.06821688311688312,0.6723265306122448,7.316776188635485,11.0,0.0,36.272,1.0,1.0,0,0.0,1.0
4,20,oracle,0.2,1.0,100,19,10.096,538.6040080808082,0.07285066280520826,0.7378181818181817,8.606071825249908,12.0,0.0,38.704,1.0,1.0,0,0.0,1.0
5,20,oracle,0.2,0.97,97,19,11.004,537.1678250000001,0.06474581795519295,0.716625,8.346931137724551,12.0,0.0,37.992,1.0,1.0,0,0.0,1.0
6,20,oracle,0.2,1.0,100,21,11.148,537.2661818181818,0.06447197157500187,0.7177777777777778,9.0172177656036,12.0,0.0,38.352,1.0,1.0,0,0.0,1.0
7,20,oracle,0.2,1.0,100,18,9.432,534.4624444444445,0.07163964610025217,0.6753535353535354,7.491819632881086,11.0,0.0,36.484,1.0,1.0,0,0.0,1.0
8,20,oracle,0.2,1.0,100,22,10.468,530.2386303030304,0.05842886047734532,0.6116363636363636,7.7680951404551974,11.0,0.0,34.188,1.0,1.0,0,0.0,1.0
9,20,oracle,0.2,1.0,100,21,10.092,532.6936242424242,0.0643554535251505,0.6485252525252524,8.17960396039604,11.0,0.0,35.136,1.0,1.0,0,0.0,1.0
10,20,oracle,0.2,1.0,100,22,10.824,534.5613575757577,0.06260019935171451,0.6762828282828283,9.126537419220346,12.0,0.0,35.04,1.0,1.0,0,0.0,1.0
11,20,oracle,0.2,1.0,100,22,11.244,534.292791919192,0.05949847044089469,0.6728484848484848,9.07063121574995,13.0,0.0,36.536,1.0,1.0,0,0.0,1.0
12,20,oracle,0.2,1.0,100,19,9.76,532.7492525252525,0.06666566407778529,0.6492929292929294,7.624785591766724,11.0,0.0,34.976,1.0,1.0,0,0.0,1.0
13,20,oracle,0.2,1.0,100,18,11.188,539.4778262626263,0.06706393359726692,0.7513535353535353,8.968096234309623,12.0,0.0,40.12,1.0,1.0,0,0.0,1.0
14,20,oracle,0.2,1.0,100,18,10.064,531.6832323232323,0.062707313898223,0.6333333333333334,7.626524990161354,11.0,0.0,34.72,1.0,1.0,0,0.0,1.0
15,20,oracle,0.2,1.0,100,18,9.896,536.9721131313132,0.07217502060229333,0.7134949494949494,7.844197138314786,11.0,0.0,38.6,1.0,1.0,0,0.0,1.0
16,20,oracle,0.2,0.82,82,20,10.352,538.205802469136,0.07071519564112157,0.7320987654320987,8.293747286148502,11.0,0.0,32.116,1.0,1.0,0,0.0,1.0
17,20,oracle,0.2,0.97,97,20,10.564,529.1500541666667,0.056463485010360005,0.5949583333333334,7.808255339572834,12.0,0.0,31.916,1.0,1.0,0,0.0,1.0
18,20,oracle,0.2,1.0,100,20,11.008,531.7306787878788,0.057755644692008334,0.6341010101010102,8.274889496948012,12.0,0.0,34.884,1.0,1.0,0,0.0,1.0
19,20,oracle,0.2,1.0,100,19,10.788,533.7869777777778,0.061819244167729014,0.6652929292929294,8.25910509885536,12.0,0.0,36.46,1.0,1.0,0,0.0,1.0
20,20,oracle,0.2,1.0,100,18,9.988,530.5026262626262,0.061311646490434364,0.6151515151515151,7.8492970123022845,12.0,0.0,33.088,1.0,1.0,0,0.0,1.0
21,20,oracle,0.2,1.0,100,18,10.424,538.4371313131314,0.0704928358958662,0.7351515151515151,9.286263947672182,12.0,0.0,38.216,1.0,1.0,0,0.0,1.0
22,20,oracle,0.2,0.97,97,17,10.436,534.6001583333334,0.06495681980056979,0.67725,8.49822695035461,11.0,0.0,34.984,1.0,1.0,0,0.0,1.0
23,20,oracle,0.2,0.97,97,19,11.324,539.4873458333334,0.06624353054353053,0.7512083333333333,9.954440478689902,13.0,0.0,38.164,1.0,1.0,0,0.0,1.0
24,20,oracle,0.2,1.0,100,18,9.956,533.4164363636365,0.06585531068258342,0.6593535353535354,8.012931034482758,11.0,0.0,35.328,1.0,1.0,0,0.0,1.0
25,20,oracle,0.2,0.99,99,18,10.876,534.1854693877551,0.06158969760398332,0.6712244897959183,8.35105980317941,12.0,0.0,36.096,1.0,1.0,0,0.0,1.0
26,20,oracle,0.2,1.0,100,20,11.712,530.4372404040403,0.05232010705344038,0.6145858585858587,8.64577226606539,13.0,0.0,34.172,1.0,1.0,0,0.0,1.0
27,20,oracle,0.2,1.0,100,19,10.432,536.5508363636364,0.06783667286697591,0.7073131313131313,7.8057582330901205,12.0,0.0,38.832,1.0,1.0,0,0.0,1.0
28,20,oracle,0.2,1.0,100,18,9.76,529.2507757575759,0.06115738189980614,0.5964040404040404,7.384420955882353,11.0,0.0,32.772,1.0,1.0,0,0.0,1.0
29,20,oracle,0.2,1.0,100,18,10.864,533.3361090909091,0.06053157661642511,0.6584242424242424,8.2519535374868,12.0,0.0,36.036,1.0,1.0,0,0.0,1.0
30,20,oracle,0.2,0.93,93,19,8.9,532.9561521739131,0.07310689346884999,0.6519565217391305,8.035905441570026,10.0,0.0,31.476,1.0,1.0,0,0.0,1.0
31,20,oracle,0.2,1.0,100,17,10.072,536.3358303030303,0.07008895010713193,0.7037979797979799,8.191443465755887,11.0,0.0,37.992,1.0,1.0,0,0.0,1.0
32,20,oracle,0.2,1.0,100,20,11.492,535.267094949495,0.05989200922534256,0.6877979797979797,8.503611165332813,12.0,0.0,37.736,1.0,1.0,0,0.0,1.0
33,20,oracle,0.2,1.0,100,19,11.64,539.9783757575758,0.06506358187267279,0.7589494949494949,9.283484293698208,12.0,0.0,40.512,1.0,1.0,0,0.0,1.0
34,20,oracle,0.2,1.0,100,18,10.316,533.2762585858586,0.06332619120497908,0.6572525252525252,8.38903115663679,11.0,0.0,35.288,1.0,1.0,0,0.0,1.0
35,20,oracle,0.2,1.0,100,24,13.324,537.4197575757577,0.054280931476920785,0.721010101010101,9.618812785388128,15.0,0.0,40.872,1.0,1.0,0,0.0,1.0
36,20,oracle,0.2,0.97,97,21,10.636,530.0156750000001,0.05727675715488216,0.6081666666666667,8.200977267898875,12.0,0.0,32.76,1.0,1.0,0,0.0,1.0
37,20,oracle,0.2,0.96,96,21,10.588,530.9252926315789,0.0586510311910312,0.6213052631578948,8.831573655103067,12.0,0.0,31.404,1.0,1.0,0,0.0,1.0
38,20,oracle,0.2,1.0,100,17,9.36,532.0442545454546,0.06813615957555352,0.6383434343434344,8.08455420678108,11.0,0.0,33.756,1.0,1.0,0,0.0,1.0
39,20,oracle,0.2,1.0,100,19,10.66,536.3086181818182,0.06593956582138401,0.7035959595959596,8.194544421291912,11.0,0.0,38.532,1.0,1.0,0,0.0,1.0
40,20,oracle,0.2,1.0,100,18,9.72,533.7397373737374,0.06828544732484128,0.6638383838383838,8.70982433311646,11.0,0.0,34.46,1.0,1.0,0,0.0,1.0
41,20,oracle,0.2,1.0,100,19,9.38,528.3162020202021,0.062119235646508376,0.582020202020202,7.424124513618677,10.0,0.0,31.504,1.0,1.0,0,0.0,1.0
42,20,oracle,0.2,1.0,100,17,10.12,536.0827717171718,0.06890049142776415,0.6995151515151515,8.617669172932331,12.0,0.0,36.616,1.0,1.0,0,0.0,1.0
43,20,oracle,0.2,0.96,96,20,9.348,533.3315284210528,0.0702636549415497,0.6580631578947368,7.58557633038833,11.0,0.0,33.832,1.0,1.0,0,0.0,1.0
44,20,oracle,0.2,1.0,100,19,9.796,530.3852202020204,0.0628582359279329,0.6135757575757577,7.607001458637216,11.0,0.0,33.544,1.0,1.0,0,0.0,1.0
45,20,oracle,0.2,1.0,100,17,9.448,532.5375797979799,0.06794700103487983,0.6457777777777778,7.910785619174434,11.0,0.0,34.004,1.0,1.0,0,0.0,1.0
46,20,oracle,0.2,0.99,99,19,10.784,535.0134693877552,0.06325891761299925,0.6836734693877552,8.73487922705314,12.0,0.0,36.432,1.0,1.0,0,0.0,1.0
47,20,oracle,0.2,1.0,100,19,10.24,532.8656525252527,0.06339768390980512,0.6511919191919192,7.920657467532467,11.0,0.0,35.42,1.0,1.0,0,0.0,1.0
48,20,oracle,0.2,0.99,99,18,10.208,531.3313836734695,0.061695247496267897,0.6280408163265306,7.995550847457627,11.0,0.0,34.22,1.0,1.0,0,0.0,1.0
49,20,oracle,0.2,1.0,100,18,10.712,534.5399353535354,0.06319840832568105,0.6766464646464647,8.134294811762503,11.0,0.0,36.856,1.0,1.0,0,0.0,1.0
0,20,csma,0.2,0.99,99,19,19.0,1495.0764204081634,1.0,19.0,30.60688836104513,114.0,nan,nan,nan,nan,0,0.0,0.8458910990556561
1,20,csma,0.2,1.0,100,18,18.0,1438.1547272727275,1.0,18.0,34.1189376443418,116.0,nan,nan,nan,nan,0,0.0,0.8964803312629399
2,20,csma,0.2,1.0,100,20,20.0,1555.3763878787884,1.0,20.0,26.64766606822262,111.0,nan,nan,nan,nan,0,0.0,0.8775108310358409
3,20,csma,0.2,0.99,99,18,18.0,1426.0252326530615,1.0,18.0,28.212977498691785,112.0,nan,nan,nan,nan,0,0.0,0.845762336800177
4,20,csma,0.2,1.0,100,19,19.0,1497.65357979798,1.0,19.0,26.302554908112953,113.0,nan,nan,nan,nan,0,0.0,0.8682623078419927
5,20,csma,0.2,0.97,97,19,19.0,1476.9999083333337,1.0,19.0,28.944900662251655,114.0,nan,nan,nan,nan,0,0.0,0.8599088838268792
6,20,csma,0.2,1.0,100,21,21.0,1550.826977777778,1.0,21.0,16.799585169821103,102.0,nan,nan,nan,nan,0,0.0,0.9373025516403403
7,20,csma,0.2,1.0,100,18,18.0,1417.0087595959599,1.0,18.0,28.15635876840696,115.0,nan,nan,nan,nan,0,0.0,0.8821445441662731
8,20,csma,0.2,1.0,100,22,22.0,1639.8012929292931,1.0,22.0,20.22867383512545,105.0,nan,nan,nan,nan,0,0.0,0.8684374351525213
9,20,csma,0.2,1.0,100,21,21.0,1585.6659111111112,1.0,21.0,22.559507523939807,112.0,nan,nan,nan,nan,0,0.0,0.9037708633834741
10,20,csma,0.2,1.0,100,22,22.0,1618.294682828283,1.0,22.0,20.28092724351618,104.0,nan,nan,nan,nan,0,0.0,0.928997867803838
11,20,csma,0.2,1.0,100,22,22.0,1630.7665212121215,1.0,22.0,22.225022502250226,109.0,nan,nan,nan,nan,0,0.0,0.8737711364530083
12,20,csma,0.2,1.0,100,19,19.0,1489.6590060606063,1.0,19.0,27.079094670236067,113.0,nan,nan,nan,nan,0,0.0,0.8674266413341778
13,20,csma,0.2,1.0,100,18,18.0,1455.2452242424245,1.0,18.0,39.565176470588234,116.0,nan,nan,nan,nan,0,0.0,0.7702065965929684
14,20,csma,0.2,1.0,100,18,18.0,1436.8129090909092,1.0,18.0,28.991066870852475,114.0,nan,nan,nan,nan,0,0.0,0.7747676488036386
15,20,csma,0.2,1.0,100,18,18.0,1438.488367676768,1.0,18.0,34.876691729323305,116.0,nan,nan,nan,nan,0,0.0,0.7463524130190797
16,20,csma,0.2,0.82,82,20,20.0,1516.6714567901236,1.0,20.0,17.86001164144354,105.0,nan,nan,nan,nan,0,0.0,0.9525921818685888
17,20,csma,0.2,0.97,97,20,20.0,1557.8794958333335,1.0,20.0,27.592251815980628,113.0,nan,nan,nan,nan,0,0.0,0.7752956636005256
18,20,csma,0.2,1.0,100,20,20.0,1542.393470707071,1.0,20.0,26.26301432143669,112.0,nan,nan,nan,nan,0,0.0,0.8161410018552876
19,20,csma,0.2,1.0,100,19,19.0,1475.3458262626266,1.0,19.0,25.58812949640288,112.0,nan,nan,nan,nan,0,0.0,0.8424242424242424
20,20,csma,0.2,1.0,100,18,18.0,1423.1735434343439,1.0,18.0,28.847619047619048,113.0,nan,nan,nan,nan,0,0.0,0.9126365054602185
21,20,csma,0.2,1.0,100,18,18.0,1441.856254545455,1.0,18.0,37.13376087952359,115.0,nan,nan,nan,nan,0,0.0,0.8868576071501117
22,20,csma,0.2,0.97,97,17,17.0,1374.4418500000002,1.0,17.0,29.953259221829207,113.0,nan,nan,nan,nan,0,0.0,0.901183970856102
23,20,csma,0.2,0.97,97,19,19.0,1474.4313625000002,1.0,19.0,31.03751875937969,113.0,nan,nan,nan,nan,0,0.0,0.9211981566820276
24,20,csma,0.2,1.0,100,18,18.0,1431.1825171717176,1.0,18.0,27.03874734607219,112.0,nan,nan,nan,nan,0,0.0,0.8521031207598372
25,20,csma,0.2,0.99,99,18,18.0,1458.6145306122453,1.0,18.0,38.278296762980666,116.0,nan,nan,nan,nan,0,0.0,0.8302669552669553
26,20,csma,0.2,1.0,100,20,20.0,1544.4131434343437,1.0,20.0,29.346652030735456,114.0,nan,nan,nan,nan,0,0.0,0.8824099186361876
27,20,csma,0.2,1.0,100,19,19.0,1472.2727636363638,1.0,19.0,26.15052930544797,112.0,nan,nan,nan,nan,0,0.0,0.8610493552690085
28,20,csma,0.2,1.0,100,18,18.0,1438.8965171717175,1.0,18.0,31.518666353604132,115.0,nan,nan,nan,nan,0,0.0,0.8457108816521048
29,20,csma,0.2,1.0,100,18,18.0,1434.4577454545456,1.0,18.0,38.26158216783217,117.0,nan,nan,nan,nan,0,0.0,0.8693009118541033
30,20,csma,0.2,0.93,93,19,19.0,1488.1279130434784,1.0,19.0,27.789733929832824,112.0,nan,nan,nan,nan,0,0.0,0.9208586296617519
31,20,csma,0.2,1.0,100,17,17.0,1402.0328121212124,1.0,17.0,42.13853092783505,202.0,nan,nan,nan,nan,0,0.0,0.8347077805665113
32,20,csma,0.2,1.0,100,20,20.0,1544.8721454545457,1.0,20.0,32.117822203317736,115.0,nan,nan,nan,nan,0,0.0,0.8584991783823261
33,20,csma,0.2,1.0,100,19,19.0,1492.2727474747478,1.0,19.0,32.09707822808671,114.0,nan,nan,nan,nan,0,0.0,0.8124042879019908
34,20,csma,0.2,1.0,100,18,18.0,1461.3423636363639,1.0,18.0,39.337166244396805,116.0,nan,nan,nan,nan,0,0.0,0.8648238665093545
35,20,csma,0.2,1.0,100,24,24.0,1726.7085171717172,1.0,24.0,18.126082771896055,101.0,nan,nan,nan,nan,0,0.0,0.8703664921465969
36,20,csma,0.2,0.97,97,21,21.0,1582.3466125,1.0,21.0,20.98128078817734,107.0,nan,nan,nan,nan,0,0.0,0.9044330585876588
37,20,csma,0.2,0.96,96,21,21.0,1590.524185263158,1.0,21.0,25.18314279309572,111.0,nan,nan,nan,nan,0,0.0,0.9243680066307501
38,20,csma,0.2,1.0,100,17,17.0,1378.4762747474751,1.0,17.0,34.4021790620559,116.0,nan,nan,nan,nan,0,0.0,0.9083476764199656
39,20,csma,0.2,1.0,100,19,19.0,1481.9353050505053,1.0,19.0,26.106923282544773,113.0,nan,nan,nan,nan,0,0.0,0.797994880546075
40,20,csma,0.2,1.0,100,18,18.0,1443.3405414141416,1.0,18.0,40.7160780669145,118.0,nan,nan,nan,nan,0,0.0,0.8857789668656102
41,20,csma,0.2,1.0,100,19,19.0,1473.7610424242425,1.0,19.0,26.13445173839047,112.0,nan,nan,nan,nan,0,0.0,0.8986235525453353
42,20,csma,0.2,1.0,100,17,17.0,1371.5923797979801,1.0,17.0,33.40812425328554,114.0,nan,nan,nan,nan,0,0.0,0.9009687836383208
43,20,csma,0.2,0.96,96,20,20.0,1532.776151578948,1.0,20.0,28.25357142857143,113.0,nan,nan,nan,nan,0,0.0,0.9176566980745596
44,20,csma,0.2,1.0,100,19,19.0,1486.8833131313136,1.0,19.0,26.609,113.0,nan,nan,nan,nan,0,0.0,0.7980845969672785
45,20,csma,0.2,1.0,100,17,17.0,1385.4384484848488,1.0,17.0,31.733422103861518,113.0,nan,nan,nan,nan,0,0.0,0.8374219446922391
46,20,csma,0.2,0.99,99,19,19.0,1508.863685714286,1.0,19.0,37.172488609242784,117.0,nan,nan,nan,nan,0,0.0,0.8274685816876122
47,20,csma,0.2,1.0,100,19,19.0,1490.4006545454547,1.0,19.0,26.391952662721895,111.0,nan,nan,nan,nan,0,0.0,0.8401272618810897
48,20,csma,0.2,0.99,99,18,18.0,1443.1057510204082,1.0,18.0,31.332376728411166,115.0,nan,nan,nan,nan,0,0.0,0.7970472031607403
49,20,csma,0.2,1.0,100,18,18.0,1419.2275676767676,1.0,18.0,28.911857803749697,113.0,nan,nan,nan,nan,0,0.0,0.8897313691507799
0,20,bsps_ack,0.2,0.99,99,19,15.436,590.2614693877551,0.06348091526618885,0.9789795918367347,14.498422712933754,18.0,32.944,68.104,0.4954786150712831,0.9746762589928057,0,0.019913249211356468,1.0
1,20,bsps_ack,0.2,1.0,100,18,14.48,592.3760565656565,0.07100333120039003,1.0281616161616163,14.932394366197183,16.0,32.948,70.492,0.49634210067932416,0.9739884393063584,0,0.019114688128772636,1.0
2,20,bsps_ack,0.2,1.0,100,20,15.924,590.8087232323234,0.06375743232802057,1.0155959595959596,15.2012987012987,17.0,31.088,70.356,0.49593223182085044,0.9762548842801323,0,0.019277597402597404,1.0
3,20,bsps_ack,0.2,0.99,99,18,14.056,589.7220040816327,0.06935155063024212,0.9751836734693877,12.841321994588327,15.0,32.984,68.748,0.49626450484819584,0.9777647747220597,0,0.017008117510630073,1.0
4,20,bsps_ack,0.2,1.0,100,19,14.928,591.9377818181819,0.06878426662134328,1.0236363636363637,14.315253609774159,17.0,31.604,69.808,0.49624420648873263,0.9775160599571735,0,0.017586079229914845,1.0
5,20,bsps_ack,0.2,0.97,97,19,15.18,590.2693875000001,0.06621902216380254,1.0041666666666667,13.727357784431138,17.0,31.184,68.628,0.4957701516360734,0.9758064516129032,0,0.017776946107784432,1.0
6,20,bsps_ack,0.2,1.0,100,21,15.812,591.6843878787879,0.0649850663134977,1.0232323232323233,14.795930346311877,18.0,32.612,70.436,0.4964256026600166,0.9780979827089337,0,0.01702210917628644,1.0
7,20,bsps_ack,0.2,1.0,100,18,14.06,589.4841818181819,0.06895326610406825,0.9654141414141415,13.215283320031924,16.0,33.336,69.34,0.4964407304240173,0.9750450992182802,0,0.018156424581005588,1.0
8,20,bsps_ack,0.2,1.0,100,22,16.532,587.3069090909091,0.055121660398234185,0.9130505050505051,14.973344269017838,18.0,34.372,68.108,0.49671559484226746,0.9763617677286742,0,0.017428747180643838,1.0
9,20,bsps_ack,0.2,1.0,100,21,16.288,589.4950545454546,0.05940947415921616,0.9586666666666667,14.741782178217822,20.0,34.692,69.356,0.49673305518381483,0.978161965423112,0,0.01603960396039604,1.0
10,20,bsps_ack,0.2,1.0,100,22,16.088,591.7057414141416,0.061942431661523516,0.9926060606060607,15.245570148009172,20.0,34.372,68.848,0.4959103302029688,0.9737732656514383,0,0.020429435063581407,1.0
11,20,bsps_ack,0.2,1.0,100,22,16.572,589.8835595959597,0.05888064352801195,0.9765656565656564,15.771666328394561,18.0,33.432,69.404,0.4963273871983211,0.9746062359369978,0,0.018875583519382993,1.0
12,20,bsps_ack,0.2,1.0,100,19,14.564,589.4098505050505,0.06557770399535105,0.9524444444444444,14.214193825042882,16.0,34.288,68.568,0.4957698815566836,0.9692118226600985,0,0.024013722126929673,1.0
13,20,bsps_ack,0.2,1.0,100,18,15.42,591.325903030303,0.06650266200756397,1.0247676767676768,14.30439330543933,16.0,31.308,70.896,0.49603495711280143,0.9768756423432683,0,0.01778242677824268,1.0
14,20,bsps_ack,0.2,1.0,100,18,14.048,589.0744606060607,0.06768555569010114,0.9505858585858586,13.16017316017316,15.0,34.204,68.408,0.49694935936546675,0.9738687061822817,0,0.01928374655647383,1.0
15,20,bsps_ack,0.2,1.0,100,18,14.188,590.820593939394,0.07121358843177025,1.0092929292929294,13.736287758346581,16.0,33.356,71.4,0.4957997172086834,0.9758412424503883,0,0.018084260731319555,1.0
16,20,bsps_ack,0.2,0.82,82,20,14.868,591.6688790123458,0.06943172916408212,1.0294814814814814,14.001953973078594,17.0,25.556,57.252,0.4955248169243287,0.9729266620973269,0,0.018454190186712984,1.0
17,20,bsps_ack,0.2,0.97,97,20,15.692,588.6640458333334,0.05945782682731213,0.9330833333333333,14.497000239980801,17.0,35.936,67.38,0.49635154856494246,0.9689569536423841,0,0.018718502519798418,1.0
18,20,bsps_ack,0.2,1.0,100,20,16.088,588.8398989898991,0.058974666509960624,0.9473131313131313,13.983792885708272,17.0,34.664,69.036,0.49725295983904666,0.9770074283692961,0,0.016838560303094087,1.0
19,20,bsps_ack,0.2,1.0,100,19,15.884,589.7924282828283,0.06162269150602483,0.9774141414141414,14.569823100936524,17.0,33.856,69.744,0.4965463108320251,0.9736196319018405,0,0.021019771071800208,1.0
20,20,bsps_ack,0.2,1.0,100,18,14.208,589.4361373737376,0.06634242443039234,0.9420202020202021,13.751757469244287,16.0,35.5,67.988,0.49654963221354365,0.9719161038037682,0,0.0210896309314587,1.0
21,20,bsps_ack,0.2,1.0,100,18,14.232,592.4647151515152,0.07242720569191156,1.0292121212121215,14.643516737206618,16.0,31.912,69.572,0.49634749823266044,0.973998164576323,0,0.01904578684109273,1.0
22,20,bsps_ack,0.2,0.97,97,17,14.288,590.8766041666668,0.06925725368381618,0.9894166666666666,14.206855791962175,15.0,32.716,67.096,0.4959525526969624,0.9747374396820891,0,0.02029156816390859,1.0
23,20,bsps_ack,0.2,0.97,97,19,15.528,592.9973125,0.06780298661159245,1.0512916666666665,15.606130589964309,18.0,30.812,68.448,0.49581499697989473,0.97595697564062,0,0.01868570228847365,1.0
24,20,bsps_ack,0.2,1.0,100,18,14.532,590.3936848484849,0.06738374650041316,0.9764444444444444,14.491379310344827,16.0,33.372,68.144,0.4967252396166134,0.9724832214765101,0,0.022198275862068965,1.0
25,20,bsps_ack,0.2,0.99,99,18,15.24,589.983718367347,0.06431826148041633,0.9789387755102041,13.87679788039364,16.0,33.668,69.248,0.4964482400830074,0.9751629928593605,0,0.01703255109765329,1.0
26,20,bsps_ack,0.2,1.0,100,20,16.204,588.4089858585859,0.05783196196075453,0.9357575757575758,15.046899661781286,18.0,34.656,68.176,0.4955214068534802,0.9667961850936065,0,0.026606538895152198,1.0
27,20,bsps_ack,0.2,1.0,100,19,14.308,590.1218585858587,0.07009806054511938,1.0003636363636363,12.523170972194833,15.0,32.48,70.76,0.4965741978609626,0.9784824462061155,0,0.017550778939065273,1.0
28,20,bsps_ack,0.2,1.0,100,18,14.524,587.6678060606062,0.062402028472616715,0.9071111111111111,13.4609375,16.0,35.124,67.468,0.4972931757529546,0.9778162911611785,0,0.017233455882352942,1.0
29,20,bsps_ack,0.2,1.0,100,18,15.248,589.9890383838385,0.06412910770156759,0.9787070707070706,14.149102428722282,16.0,34.16,69.588,0.49602230788157137,0.9731763166503108,0,0.02006335797254488,1.0
30,20,bsps_ack,0.2,0.93,93,19,13.672,591.7775217391305,0.07233727309561708,0.9888695652173912,14.872881355932204,15.0,32.088,63.032,0.4963015986638034,0.9738747245829399,0,0.021632471008028547,1.0
31,20,bsps_ack,0.2,1.0,100,17,13.832,590.7857131313132,0.07290650410195866,1.0043636363636363,13.63922344058961,15.899999999999636,32.264,69.744,0.49607982893799,0.9753928253780018,0,0.018335430523099047,1.0
32,20,bsps_ack,0.2,1.0,100,20,15.824,590.1638101010101,0.0629325837370213,0.993979797979798,14.507515127854772,17.0,33.024,70.124,0.49574916153186177,0.9722951297754447,0,0.02147179387077884,1.0
33,20,bsps_ack,0.2,1.0,100,19,15.556,592.5793131313133,0.0679568718500091,1.0564848484848486,14.610522258624012,16.0,31.096,71.12,0.4962680378172168,0.974937343358396,0,0.016958951628444786,1.0
34,20,bsps_ack,0.2,1.0,100,18,14.58,590.3990464646465,0.06702175257897183,0.9774141414141413,13.910584720443875,16.0,33.984,68.784,0.49692844097625766,0.9793500338524035,0,0.01643192488262911,1.0
35,20,bsps_ack,0.2,1.0,100,24,19.3,587.927309090909,0.05073819264850257,0.9744242424242425,16.80785388127854,22.0,31.232,71.492,0.49536824727139317,0.9743053480729011,0,0.0182648401826484,1.0
36,20,bsps_ack,0.2,0.97,97,21,15.948,587.7416666666668,0.05773834571109145,0.91825,15.126619927767155,17.0,33.208,65.48,0.4961809849421692,0.9748786754210677,0,0.020395156150414276,1.0
37,20,bsps_ack,0.2,0.96,96,21,16.436,590.472732631579,0.05831291560846229,0.9567578947368423,15.986425339366516,18.0,34.636,65.46,0.4965880625377904,0.9682466635987115,0,0.02212166918049271,1.0
38,20,bsps_ack,0.2,1.0,100,17,13.652,590.4936161616163,0.07085343916333221,0.9648888888888888,14.051904562578486,15.0,34.832,68.048,0.49660776858271827,0.9731130547457079,0,0.020510673922143157,1.0
39,20,bsps_ack,0.2,1.0,100,19,15.112,590.344387878788,0.06633616292930018,1.0025050505050506,14.15324872134874,16.0,32.692,70.652,0.49565433325055874,0.9725465446513095,0,0.0191324114415609,1.0
40,20,bsps_ack,0.2,1.0,100,18,14.54,591.6713696969698,0.06825865692042163,0.9896969696969697,15.012144870960746,16.0,34.732,68.7,0.49641273679967757,0.9736379613356766,0,0.02038603339839514,1.0
41,20,bsps_ack,0.2,1.0,100,19,14.62,588.2521535353536,0.06220987969250001,0.9077171717171718,14.301213092240788,16.0,35.368,66.376,0.49658469945355194,0.9723796033994334,0,0.022201876859693295,1.0
42,20,bsps_ack,0.2,1.0,100,17,14.496,591.7026747474747,0.06933276168276169,1.0055757575757576,14.16390977443609,16.0,33.28,69.408,0.4963674712913054,0.9753047827446076,0,0.017293233082706767,1.0
43,20,bsps_ack,0.2,0.96,96,20,14.88,590.1542568421053,0.06586618082639754,0.9703157894736841,13.303061434148345,18.0,32.728,66.032,0.4957920607730692,0.9720123145815841,0,0.02177933018286419,1.0
44,20,bsps_ack,0.2,1.0,100,19,15.24,588.8126545454545,0.06175800350702311,0.9364848484848485,14.28151698270473,17.0,35.372,68.42,0.49646182495344504,0.9736585365853658,0,0.01875390706397166,1.0
45,20,bsps_ack,0.2,1.0,100,17,13.748,590.7549656565658,0.0706453985408531,0.9705858585858586,13.87017310252996,15.0,34.372,67.78,0.49695168419448255,0.972550382209868,0,0.020861074123391034,1.0
46,20,bsps_ack,0.2,0.99,99,19,15.508,590.6887714285715,0.06403193681366898,0.9936734693877551,14.940096618357488,18.0,32.764,68.656,0.49632085388534003,0.97446536865624,0,0.01816425120772947,1.0
47,20,bsps_ack,0.2,1.0,100,19,14.988,588.4049252525253,0.06257975252779174,0.9366868686868687,13.93060064935065,16.0,34.044,69.032,0.49665432801822323,0.977404403244496,0,0.017248376623376624,1.0
48,20,bsps_ack,0.2,0.99,99,18,14.784,588.4373346938775,0.06346980098925666,0.9354693877551019,14.066737288135593,17.0,35.08,68.684,0.4961003457425424,0.9732288605941887,0,0.020338983050847456,1.0
49,20,bsps_ack,0.2,1.0,100,18,15.076,589.3036646464648,0.06430777849028622,0.9667474747474748,14.023974527064993,16.0,32.8,69.196,0.4961809417871709,0.9758179231863442,0,0.0174189923206593,1.0
0,50,static,0.2,0.99,99,19,19.0,559.2906530612245,0.06635875402792696,1.260816326530612,15.657595886008142,19.0,63.44,98.0,0.0,1.0,0,0.0,1.0
1,50,static,0.2,1.0,100,18,18.0,564.7687636363637,0.07360942760942761,1.324969696969697,17.05248522766771,18.0,58.828,99.0,0.0,1.0,0,0.0,1.0
2,50,static,0.2,1.0,100,20,20.0,556.4608646464648,0.061094949494949494,1.2218989898989898,17.1295188556567,20.0,66.032,99.0,0.0,1.0,0,0.0,1.0
3,50,static,0.2,0.99,99,18,18.0,559.206787755102,0.06985260770975057,1.2573469387755103,14.432692307692308,18.0,61.78,98.0,0.0,1.0,0,0.0,1.0
4,50,static,0.2,1.0,100,19,19.0,561.976888888889,0.06793407761828814,1.2907474747474748,16.029533372711164,19.0,61.216,99.0,0.0,1.0,0,0.0,1.0
5,50,static,0.2,0.97,97,19,19.0,563.7820916666667,0.06853508771929824,1.3021666666666667,14.578334825425246,19.0,54.992,96.0,0.0,1.0,0,0.0,1.0
6,50,static,0.2,1.0,100,21,21.0,563.2518101010102,0.0626012506012506,1.3146262626262624,16.811918367346937,21.0,59.852,99.0,0.0,1.0,0,0.0,1.0
7,50,static,0.2,1.0,100,18,18.0,553.9944,0.06597081930415263,1.1874747474747476,14.922385997236297,18.0,67.44,99.0,0.0,1.0,0,0.0,1.0
8,50,static,0.2,1.0,100,22,22.0,557.2401656565656,0.055359044995408634,1.2178989898989898,18.126482213438734,22.0,62.428,99.0,0.0,1.0,0,0.0,1.0
9,50,static,0.2,1.0,100,21,21.0,555.0361090909091,0.05716786916786917,1.2005252525252526,17.776043956043956,21.0,67.148,99.0,0.0,1.0,0,0.0,1.0
10,50,static,0.2,1.0,100,22,22.0,560.3540525252525,0.0581267217630854,1.2787878787878788,17.649330181245073,22.0,64.4,99.0,0.0,1.0,0,0.0,1.0
11,50,static,0.2,1.0,100,22,22.0,558.0622262626264,0.05667768595041322,1.246909090909091,18.535353535353536,22.0,64.556,99.0,0.0,1.0,0,0.0,1.0
12,50,static,0.2,1.0,100,19,19.0,558.7063393939394,0.06580542264752791,1.2503030303030305,15.820315834400342,19.0,63.22,99.0,0.0,1.0,0,0.0,1.0
13,50,static,0.2,1.0,100,18,18.0,555.1070464646465,0.06665768799102133,1.199838383838384,15.19628514056225,18.0,67.216,99.0,0.0,1.0,0,0.0,1.0
14,50,static,0.2,1.0,100,18,18.0,564.103995959596,0.07310213243546577,1.3158383838383838,15.418367346938776,18.0,57.732,99.0,0.0,1.0,0,0.0,1.0
15,50,static,0.2,1.0,100,18,18.0,557.0925858585861,0.06806958473625141,1.2252525252525255,16.063074901445468,18.0,64.7,99.0,0.0,1.0,0,0.0,1.0
16,50,static,0.2,0.82,82,20,20.0,558.5005975308643,0.06324197530864197,1.2648395061728392,16.11270220100769,20.0,53.548,81.0,0.0,1.0,0,0.0,1.0
17,50,static,0.2,0.97,97,20,20.0,557.8208500000001,0.061941666666666666,1.2388333333333332,15.522260273972602,20.0,62.072,96.0,0.0,1.0,0,0.0,1.0
18,50,static,0.2,1.0,100,20,20.0,558.5751393939395,0.06231313131313131,1.2462626262626264,15.419984233346472,20.0,62.62,99.0,0.0,1.0,0,0.0,1.0
19,50,static,0.2,1.0,100,19,19.0,556.3328808080809,0.06470600744284956,1.2294141414141415,16.153281321707205,19.0,66.288,99.0,0.0,1.0,0,0.0,1.0
20,50,static,0.2,1.0,100,18,18.0,561.2635393939396,0.07141638608305274,1.2854949494949497,15.083841763432396,18.0,61.736,99.0,0.0,1.0,0,0.0,1.0
21,50,static,0.2,1.0,100,18,18.0,559.7300646464647,0.07087991021324355,1.2758383838383838,14.568306010928962,18.0,64.692,99.0,0.0,1.0,0,0.0,1.0
22,50,static,0.2,0.97,97,17,17.0,558.3926166666668,0.0737843137254902,1.2543333333333333,15.13715651135006,17.0,63.584,96.0,0.0,1.0,0,0.0,1.0
23,50,static,0.2,0.97,97,19,19.0,562.6022375,0.06904605263157895,1.311875,17.7890350877193,19.0,60.06,96.0,0.0,1.0,0,0.0,1.0
24,50,static,0.2,1.0,100,18,18.0,561.3600484848486,0.07219304152637486,1.2994747474747477,14.998292787025182,18.0,62.352,99.0,0.0,1.0,0,0.0,1.0
25,50,static,0.2,0.99,99,18,18.0,558.8143306122449,0.06941723356009069,1.2495102040816328,14.837827042141003,18.0,62.548,98.0,0.0,1.0,0,0.0,1.0
26,50,static,0.2,1.0,100,20,20.0,557.8791636363637,0.06237777777777778,1.2475555555555555,15.961838681699913,20.0,64.492,99.0,0.0,1.0,0,0.0,1.0
27,50,static,0.2,1.0,100,19,19.0,560.8288080808081,0.066896331738437,1.271030303030303,13.889693708609272,19.0,60.168,99.0,0.0,1.0,0,0.0,1.0
28,50,static,0.2,1.0,100,18,18.0,551.6321494949495,0.06436139169472503,1.1585050505050503,15.153927532398836,18.0,70.308,99.0,0.0,1.0,0,0.0,1.0
29,50,static,0.2,1.0,100,18,18.0,561.5373333333333,0.07185634118967452,1.2934141414141416,14.84801719085759,18.0,60.952,99.0,0.0,1.0,0,0.0,1.0
30,50,static,0.2,0.93,93,19,19.0,559.5072260869567,0.06790389016018307,1.2901739130434782,17.368481244281792,19.0,62.304,92.0,0.0,1.0,0,0.0,1.0
31,50,static,0.2,1.0,100,17,17.0,557.3868444444445,0.07315508021390374,1.2436363636363634,15.182921635434413,17.0,65.88,99.0,0.0,1.0,0,0.0,1.0
32,50,static,0.2,1.0,100,20,20.0,555.6643070707071,0.06114747474747475,1.2229494949494952,16.19942748091603,20.0,66.928,99.0,0.0,1.0,0,0.0,1.0
33,50,static,0.2,1.0,100,19,19.0,567.5915474747475,0.07203402445507709,1.3686464646464647,16.46833078621158,19.0,55.504,99.0,0.0,1.0,0,0.0,1.0
34,50,static,0.2,1.0,100,18,18.0,559.1939757575758,0.07040852974186308,1.2673535353535352,15.869069815620469,18.0,64.532,99.0,0.0,1.0,0,0.0,1.0
35,50,static,0.2,1.0,100,24,24.0,554.0585858585857,0.04848484848484849,1.1636363636363636,18.60295844094858,24.0,63.8,99.0,0.0,1.0,0,0.0,1.0
36,50,static,0.2,0.97,97,21,21.0,556.0034666666667,0.05787698412698413,1.2154166666666668,17.576999339061466,21.0,63.32,96.0,0.0,1.0,0,0.0,1.0
37,50,static,0.2,0.96,96,21,21.0,557.1483115789474,0.059183959899749373,1.2428631578947371,17.84560635094443,21.0,64.928,95.0,0.0,1.0,0,0.0,1.0
38,50,static,0.2,1.0,100,17,17.0,559.7469292929294,0.07513487819370172,1.2772929292929294,14.818216463414634,17.0,64.548,99.0,0.0,1.0,0,0.0,1.0
39,50,static,0.2,1.0,100,19,19.0,558.3752242424243,0.06560765550239234,1.2465454545454544,16.364627887082978,19.0,63.592,99.0,0.0,1.0,0,0.0,1.0
40,50,static,0.2,1.0,100,18,18.0,563.3458060606062,0.07329966329966331,1.3193939393939396,16.31843679880329,18.0,61.38,99.0,0.0,1.0,0,0.0,1.0
41,50,static,0.2,1.0,100,19,19.0,556.1390666666667,0.06458904837852207,1.2271919191919192,16.33851803845323,19.0,67.508,99.0,0.0,1.0,0,0.0,1.0
42,50,static,0.2,1.0,100,17,17.0,558.9727474747475,0.07423172905525846,1.261939393939394,14.9789010989011,17.0,65.068,99.0,0.0,1.0,0,0.0,1.0
43,50,static,0.2,0.96,96,20,20.0,560.5756378947369,0.06374736842105264,1.2749473684210524,14.857036207540126,20.0,59.88,95.0,0.0,1.0,0,0.0,1.0
44,50,static,0.2,1.0,100,19,19.0,559.4611595959595,0.06620946305156832,1.257979797979798,16.053058800237576,19.0,62.46,99.0,0.0,1.0,0,0.0,1.0
45,50,static,0.2,1.0,100,17,17.0,563.0392,0.07752822341057636,1.317979797979798,15.24167327517843,17.0,61.52,99.0,0.0,1.0,0,0.0,1.0
46,50,static,0.2,0.99,99,19,19.0,558.3245142857144,0.06627282491944146,1.259183673469388,16.367036011080334,19.0,64.6,98.0,0.0,1.0,0,0.0,1.0
47,50,static,0.2,1.0,100,19,19.0,554.1658303030304,0.06171823498139287,1.1726464646464647,16.428571428571427,19.0,65.908,99.0,0.0,1.0,0,0.0,1.0
48,50,static,0.2,0.99,99,18,18.0,555.9533469387757,0.06717913832199547,1.2092244897959183,14.869382612347753,18.0,64.496,98.0,0.0,1.0,0,0.0,1.0
49,50,static,0.2,1.0,100,18,18.0,552.9282909090911,0.06509988776655444,1.1717979797979798,15.628463177835663,18.0,68.992,99.0,0.0,1.0,0,0.0,1.0
0,50,bsps,0.2,0.99,99,19,16.116,546.9240489795919,0.06044417056638103,0.975591836734694,14.277480179987144,20.0,33.816,68.152,0.49811623246492986,0.9905343511450382,0,0.007928005142489822,1.0
1,50,bsps,0.2,1.0,100,18,14.884,553.3904161616164,0.0715777096187735,1.0627878787878788,14.2957942301008,18.0,31.356,71.292,0.4977264459803565,0.9901659496004918,0,0.007125477928397636,1.0
2,50,bsps,0.2,1.0,100,20,15.852,543.7373575757576,0.0583358197415473,0.9279191919191919,14.286866059817946,19.0,34.9,67.684,0.49856755710414247,0.9901498929336189,0,0.007282184655396619,1.0
3,50,bsps,0.2,0.99,99,18,14.008,546.7121061224491,0.0685706266422653,0.968857142857143,11.695889894419306,16.0,32.192,68.208,0.49846178117851225,0.9906710803490821,0,0.006598793363499246,1.0
4,50,bsps,0.2,1.0,100,19,14.944,549.9537373737373,0.06763072085041782,1.0126464646464646,13.102579247883442,17.0,31.604,69.244,0.49840230691294524,0.9938578531734426,0,0.005316007088009451,1.0
5,50,bsps,0.2,0.97,97,19,15.508,552.5529583333333,0.06726019136540132,1.0430416666666664,12.970098478066248,17.0,28.204,69.02,0.49826374868771706,0.991466252909232,0,0.006624888093106535,1.0
6,50,bsps,0.2,1.0,100,21,16.092,550.8930909090909,0.06442678413968403,1.0294545454545454,13.690448979591837,20.0,31.016,69.952,0.4982693258612164,0.9913844325609031,0,0.00636734693877551,1.0
7,50,bsps,0.2,1.0,100,18,13.816,540.8104888888889,0.06364537158226997,0.8827878787878788,11.632657761400276,16.0,34.796,66.172,0.49862565931208674,0.9910362136966655,0,0.007369875633348687,1.0
8,50,bsps,0.2,1.0,100,22,16.936,545.6344,0.05617587260338456,0.950060606060606,13.888951628082063,19.0,33.472,69.84,0.4982598607888631,0.9905719673161534,0,0.00639939770374553,1.0
9,50,bsps,0.2,1.0,100,21,16.392,542.567591919192,0.056889648958998805,0.9133333333333333,14.054725274725275,21.0,36.028,67.608,0.49819711538461536,0.9873511904761905,0,0.008791208791208791,1.0
10,50,bsps,0.2,1.0,100,22,16.572,548.0704080808081,0.06012505879244786,0.9951919191919192,14.3295902285264,21.0,34.592,69.0,0.4984749455337691,0.9885906040268456,0,0.006698187549251379,1.0
11,50,bsps,0.2,1.0,100,22,16.428,545.4814343434344,0.05828981549734904,0.9561212121212121,14.094907407407407,17.0,34.272,68.548,0.49845729132835337,0.9921482412060302,0,0.006313131313131313,1.0
12,50,bsps,0.2,1.0,100,19,14.276,546.2059636363637,0.0675226232670083,0.9625858585858585,12.505335040546308,17.0,33.212,68.7,0.49753038024304197,0.9868383404864092,0,0.01088348271446863,1.0
13,50,bsps,0.2,1.0,100,18,14.304,542.4702666666667,0.06327828286785506,0.9075555555555557,12.714106425702811,17.0,35.252,66.888,0.49923329682365825,0.9925636007827788,0,0.006275100401606426,1.0
14,50,bsps,0.2,1.0,100,18,14.4,552.4057535353536,0.07251215071322022,1.0462626262626262,12.716125794580128,17.0,29.9,70.932,0.4979314909813007,0.9896733909702209,0,0.008364001338240215,1.0
15,50,bsps,0.2,1.0,100,18,14.252,545.2897373737374,0.06711473141963337,0.9528080808080809,13.002628120893561,17.0,35.54,69.636,0.4980113857911565,0.9884198729921554,0,0.007227332457293035,1.0
16,50,bsps,0.2,0.82,82,20,14.448,544.7291209876545,0.06558364056007102,0.9468641975308641,12.819676478387695,18.0,27.792,55.068,0.498041410184667,0.985207100591716,0,0.00954653937947494,1.0
17,50,bsps,0.2,0.97,97,20,15.504,545.9047833333334,0.06189058629834075,0.9639999999999997,13.036448140900196,18.0,34.328,68.04,0.49822122942003805,0.989485542621104,0,0.007583170254403131,1.0
18,50,bsps,0.2,1.0,100,20,15.948,546.2381898989898,0.05985385687965668,0.9612929292929293,12.4477729601892,17.0,32.812,69.004,0.49875097580015615,0.991156462585034,0,0.0063066614111154905,1.0
19,50,bsps,0.2,1.0,100,19,15.572,543.0921454545455,0.05939451838915203,0.9235555555555556,13.379302432308398,17.0,35.18,67.692,0.4984463812050019,0.9903743315508021,0,0.007572280862781092,1.0
20,50,bsps,0.2,1.0,100,18,13.968,549.3485535353536,0.07228832149892755,1.0103838383838384,12.11198582956111,16.0,33.072,70.148,0.49844979728118294,0.9929845074539608,0,0.0059043495374926196,1.0
21,50,bsps,0.2,1.0,100,18,14.116,546.5278383838385,0.06913307821115308,0.9716767676767677,12.854359705393206,17.0,33.74,67.78,0.4982738780207135,0.987858347386172,0,0.010216203373722975,1.0
22,50,bsps,0.2,0.97,97,17,14.04,545.5840375000001,0.06764636023698523,0.9595,13.26188769414576,16.0,33.956,66.088,0.4981472904122279,0.9868680236375574,0,0.010752688172043012,1.0
23,50,bsps,0.2,0.97,97,19,15.444,550.1730833333335,0.06614233122201872,1.024625,14.837280701754386,18.0,31.812,67.588,0.49842673696742923,0.9923102641257104,0,0.006578947368421052,1.0
24,50,bsps,0.2,1.0,100,18,14.12,548.1801535353537,0.0702010430251072,0.994949494949495,12.28617157490397,15.0,32.248,68.712,0.498545101842871,0.9913682864450127,0,0.007042253521126761,1.0
25,50,bsps,0.2,0.99,99,18,15.196,546.499612244898,0.06352489960686239,0.965469387755102,13.326343119632515,17.0,32.892,68.12,0.49816469837216726,0.9900559353635798,0,0.008188536049530657,1.0
26,50,bsps,0.2,1.0,100,20,16.544,544.9528,0.057019103012188675,0.9494141414141414,13.88594969644406,18.0,34.5,68.764,0.4981901941428101,0.9873417721518988,0,0.00888985255854293,1.0
27,50,bsps,0.2,1.0,100,19,14.076,549.0074707070708,0.0708022307757602,0.9988686868686868,11.742756622516556,16.0,31.596,70.16,0.49795718254616766,0.9874310239117106,0,0.009312913907284769,1.0
28,50,bsps,0.2,1.0,100,18,14.28,538.3012323232323,0.05967078930510303,0.8502222222222222,12.627082782332716,17.0,36.812,65.328,0.4986249819076567,0.9880843263061412,0,0.007934408886537953,1.0
29,50,bsps,0.2,1.0,100,18,15.024,549.1884525252527,0.06690532179908293,1.0086868686868686,12.649736276616526,17.0,32.336,70.152,0.4982764281024294,0.9895629484670581,0,0.007227974213713616,1.0
30,50,bsps,0.2,0.93,93,19,13.356,545.6425086956523,0.07308798642391993,0.9701739130434782,13.274245196706312,16.0,33.288,62.772,0.4981285090455396,0.9880382775119617,0,0.00960658737419945,1.0
31,50,bsps,0.2,1.0,100,17,13.464,544.1495838383839,0.06955794979101575,0.937858585858586,12.22721465076661,16.0,34.556,67.476,0.49846476447240323,0.9897997733282962,0,0.0070272572402044296,1.0
32,50,bsps,0.2,1.0,100,20,15.228,542.2488808080808,0.05989135791586772,0.9134141414141415,12.350190839694656,16.0,35.892,67.724,0.49862135777628736,0.9897562698693041,0,0.007872137404580152,1.0
33,50,bsps,0.2,1.0,100,19,15.78,556.554795959596,0.07084713673361764,1.1139797979797976,13.701986754966887,17.0,30.244,73.548,0.4981527093596059,0.9927872230808862,0,0.005094243504839531,1.0
34,50,bsps,0.2,1.0,100,18,14.492,546.414985858586,0.06694957989129112,0.9726464646464646,13.349906774394034,16.0,34.448,68.684,0.49842041312272173,0.9890772128060263,0,0.00725088046405635,1.0
35,50,bsps,0.2,1.0,100,24,18.488,542.5733535353537,0.04937811693747135,0.8984646464646464,14.73702747123738,23.0,33.688,68.684,0.4981479886295116,0.9882620219613782,0,0.008922282225874618,1.0
36,50,bsps,0.2,0.97,97,21,15.932,543.0859791666668,0.05766296457222831,0.91725,13.58382903723287,18.0,32.956,65.424,0.4978531402372462,0.9891707039042462,0,0.009253139458030404,1.0
37,50,bsps,0.2,0.96,96,21,16.188,544.1144168421054,0.05805414057580751,0.9421052631578948,14.995346290719956,20.0,34.924,64.78,0.49825510382132265,0.9890734265734266,0,0.008486175745962223,1.0
38,50,bsps,0.2,1.0,100,17,14.376,546.929894949495,0.068679464811283,0.9813333333333333,13.050495426829269,17.0,34.504,68.756,0.4983124578114453,0.9914745816229871,0,0.0064786585365853655,1.0
39,50,bsps,0.2,1.0,100,19,14.444,545.607094949495,0.06629759384670258,0.952,12.749572284003422,16.0,32.884,68.06,0.4981684981684982,0.9888701517706576,0,0.009409751924721984,1.0
40,50,bsps,0.2,1.0,100,18,14.26,550.7144202020203,0.07224349386996445,1.027878787878788,13.743829468960358,17.0,31.796,69.2,0.49805929473945,0.9888570518943012,0,0.007853403141361256,1.0
41,50,bsps,0.2,1.0,100,19,14.384,542.5664525252525,0.06359942847092204,0.9132929292929293,12.856124432922877,17.0,35.332,66.656,0.4984083674397453,0.9907341411261582,0,0.006696910779866062,1.0
42,50,bsps,0.2,1.0,100,17,14.18,545.9950383838385,0.06714193848338232,0.9625858585858587,12.97076923076923,16.0,33.996,67.692,0.4981977145486617,0.9895305639986491,0,0.007912087912087912,1.0
43,50,bsps,0.2,0.96,96,20,14.668,548.1674736842106,0.06833850562885596,0.9883368421052632,12.022769690182905,18.0,30.936,65.876,0.49837034791177137,0.9923824533753611,0,0.006532288167226577,1.0
44,50,bsps,0.2,1.0,100,19,15.632,547.5033494949495,0.06272254901960785,0.9820202020202021,13.206493763611165,16.0,33.52,69.852,0.4982854530214128,0.9908202546639029,0,0.006929320926549199,1.0
45,50,bsps,0.2,1.0,100,17,14.156,550.2335232323234,0.07219991204082113,1.0225454545454544,12.831681205392545,16.0,31.78,69.04,0.49819161215852253,0.989018302828619,0,0.007731958762886598,1.0
46,50,bsps,0.2,0.99,99,19,15.604,545.374330612245,0.06153226285308803,0.960408163265306,13.840324495449149,17.0,35.08,68.252,0.49835886214442016,0.9896449704142012,0,0.007716660071230708,1.0
47,50,bsps,0.2,1.0,100,19,14.284,542.3169656565657,0.06284699542551593,0.8990707070707071,12.511474054165806,16.0,34.496,67.396,0.49854372380478795,0.9921121822962313,0,0.006822410585073393,1.0
48,50,bsps,0.2,0.99,99,18,14.536,543.4897836734694,0.06309658614361495,0.9216326530612244,12.535489290214196,17.0,34.128,67.412,0.49835706462212487,0.9893303899926417,0,0.007139857202855943,1.0
49,50,bsps,0.2,1.0,100,18,14.576,540.2057212121211,0.0599223427816307,0.8774949494949495,13.043807719630594,17.0,36.56,66.416,0.4984403799801503,0.9910158949550795,0,0.006867156050201279,1.0
0,50,baps,0.2,0.99,99,19,12.572,529.4970367346939,0.04659433788553015,0.717795918367347,57.987572316263126,119.0,36.244,56.308,0.48027320208919244,0.5394856278366112,0,0.4311120634240411,1.0
1,50,baps,0.2,1.0,100,18,13.768,540.0684282828283,0.058669197020712174,0.8724848484848485,47.03249913103928,118.0,34.46,62.964,0.475626423690205,0.5862595419847328,0,0.31578032672923184,1.0
2,50,baps,0.2,1.0,100,20,14.12,531.1625131313132,0.047201459034792365,0.7511111111111111,53.34148244473342,120.0,39.852,61.14,0.48321054672353625,0.5554140127388535,0,0.3750325097529259,1.0
3,50,baps,0.2,0.99,99,18,12.596,533.6698571428572,0.05524825072886297,0.7760408163265307,46.31353695324284,118.0,33.948,59.008,0.4714804866487597,0.587672052663076,0,0.3354072398190045,1.0
4,50,baps,0.2,1.0,100,19,12.292,529.9851555555556,0.04663018151439204,0.7203232323232324,60.39023429809018,119.0,35.524,56.508,0.4806655730021092,0.5314583937373152,0,0.4494979326639102,1.0
5,50,baps,0.2,0.97,97,19,13.036,533.469075,0.049298532790309095,0.7605833333333334,52.36830796777082,119.0,30.944,56.072,0.47797214123744736,0.531009738595592,0,0.38692927484333034,1.0
6,50,baps,0.2,1.0,100,21,14.728,536.7689858585859,0.051249334616001285,0.828969696969697,49.395102040816326,121.0,35.564,62.316,0.4754233787691037,0.537260677466863,0,0.34008163265306124,1.0
7,50,baps,0.2,1.0,100,18,11.944,526.2505171717172,0.045475020041686715,0.6721212121212121,57.5732381391064,118.0,39.2,57.308,0.4877867143282693,0.5194897236002834,0,0.4336711192998618,1.0
8,50,baps,0.2,1.0,100,22,15.612,530.0203070707071,0.039048382818079784,0.7162828282828283,52.128740824393,121.0,35.552,58.912,0.4725748900506182,0.5536105032822757,0,0.35686053077357427,1.0
9,50,baps,0.2,1.0,100,21,14.224,528.3105494949496,0.04147726471059805,0.7015757575757575,52.0,121.0,38.3,58.44,0.48002107005794264,0.5588343784581336,0,0.35714285714285715,1.0
10,50,baps,0.2,1.0,100,22,15.748,535.292682828283,0.04615020916233037,0.8031919191919191,47.13987391646966,122.0,35.244,59.72,0.4820609853722437,0.5782652043868395,0,0.31599684791174154,1.0
11,50,baps,0.2,1.0,100,22,14.84,529.2338707070708,0.04000114419811389,0.7159595959595958,57.615109427609426,122.0,36.996,57.688,0.4872671060125295,0.5257089435961358,0,0.4038299663299663,1.0
12,50,baps,0.2,1.0,100,19,13.292,532.3006828282828,0.05036292330151979,0.7602020202020203,53.406103286384976,118.0,36.976,60.268,0.48289421942587496,0.5355021216407355,0,0.3879641485275288,1.0
13,50,baps,0.2,1.0,100,18,12.144,528.3963151515152,0.04870242103575437,0.6993535353535353,53.458835341365464,118.0,37.66,57.628,0.47977174628721925,0.5656722200697404,0,0.39357429718875503,1.0
14,50,baps,0.2,1.0,100,18,13.284,537.595494949495,0.056784832451499116,0.8347878787878787,50.08732017397123,118.0,34.54,62.592,0.4700705687007057,0.5624256837098692,0,0.359819337571094,1.0
15,50,baps,0.2,1.0,100,18,13.252,533.0474383838384,0.05306903231448686,0.7785454545454545,48.875164257555845,118.0,39.52,62.772,0.46882325363338023,0.5873427091043671,0,0.3425317564607972,1.0
16,50,baps,0.2,0.82,82,20,13.192,529.577175308642,0.04579494415049971,0.7244444444444444,54.91010342084328,120.0,30.44,47.216,0.49360112097150866,0.5129584352078239,0,0.4009546539379475,1.0
17,50,baps,0.2,0.97,97,20,13.452,529.6697,0.0452041335978836,0.7206666666666667,52.15998043052838,119.0,36.444,57.148,0.4771295989393437,0.5507084265473527,0,0.3803816046966732,1.0
18,50,baps,0.2,1.0,100,20,15.692,537.2218545454546,0.04973323444232535,0.837050505050505,40.19294442254631,119.0,37.236,64.848,0.46675011735252697,0.6519541778975741,0,0.2654710287741427,1.0
19,50,baps,0.2,1.0,100,19,13.528,528.2460000000001,0.04273383374260567,0.7000808080808081,51.911886186324004,119.0,37.352,57.58,0.487778958554729,0.5583864118895966,0,0.37150068838916933,1.0
20,50,baps,0.2,1.0,100,18,13.08,535.7981414141415,0.05679148629148628,0.8174545454545455,48.86419996063767,118.0,37.06,62.244,0.4581143494186972,0.6013945380592679,0,0.35130879748081084,1.0
21,50,baps,0.2,1.0,100,18,12.716,533.3917050505053,0.0550353695687029,0.7863030303030303,52.50463292943692,118.0,38.116,60.48,0.4806153846153846,0.5623333333333334,0,0.38869090045141363,1.0
22,50,baps,0.2,0.97,97,17,11.968,528.7241583333334,0.04807336893090569,0.7071666666666667,55.88363201911589,116.0,35.808,54.848,0.48835409734581753,0.5238869028274293,0,0.415531660692951,1.0
23,50,baps,0.2,0.97,97,19,13.8,533.8430125,0.04931605141325536,0.7868333333333334,56.88947368421053,119.0,35.424,57.98,0.4780238500851789,0.5621262458471761,0,0.4004385964912281,1.0
24,50,baps,0.2,1.0,100,18,13.412,536.2436606060606,0.056122640546882964,0.8307878787878787,45.98890311566368,118.0,38.092,63.42,0.46095901506560827,0.6357006975269499,0,0.32309005548442166,1.0
25,50,baps,0.2,0.99,99,18,13.42,534.1873959183674,0.052852721088435375,0.7880816326530612,46.65068903535051,117.0,36.292,61.012,0.4710254975621453,0.5970978697128744,0,0.3323347313760735,1.0
26,50,baps,0.2,1.0,100,20,14.184,528.789898989899,0.041250617283950616,0.7105050505050505,57.92692974848222,120.0,37.716,58.028,0.48359168865435354,0.5194986072423399,0,0.4282307025151778,1.0
27,50,baps,0.2,1.0,100,19,13.44,533.6469535353536,0.051435474207404026,0.7795959595959596,52.352649006622514,119.0,36.776,61.308,0.47681468130427657,0.5491803278688525,0,0.39445364238410596,1.0
28,50,baps,0.2,1.0,100,18,12.288,524.9747434343435,0.0429722302388969,0.6548686868686868,57.516265538217404,118.0,40.4,57.116,0.48553194575386177,0.5318860244233379,0,0.4311028828352288,1.0
29,50,baps,0.2,1.0,100,18,12.272,528.9162424242425,0.04467314413981081,0.704969696969697,58.37370580191444,117.0,34.676,55.66,0.4944485566247224,0.5131025558071821,0,0.4403203750732565,1.0
30,50,baps,0.2,0.93,93,19,12.28,528.9243913043479,0.04725698485343794,0.723695652173913,59.10567246111619,119.0,35.772,52.676,0.4848011252637337,0.5116830342025059,0,0.4263494967978042,1.0
31,50,baps,0.2,1.0,100,17,12.34,533.309187878788,0.057644916956681655,0.7863838383838384,44.97295570698467,117.0,39.096,62.0,0.4694673668417104,0.5921348314606741,0,0.3149488926746167,1.0
32,50,baps,0.2,1.0,100,20,14.144,530.6797777777779,0.0460156310580553,0.7418585858585859,49.30725190839695,119.0,37.684,59.584,0.47863439414313463,0.6026536312849162,0,0.3482824427480916,1.0
33,50,baps,0.2,1.0,100,19,13.272,538.2485292929293,0.05659245335561125,0.8419797979797979,52.0455085753099,118.0,32.256,60.556,0.4802892671311403,0.5847609307082587,0,0.369502462217694,1.0
34,50,baps,0.2,1.0,100,18,12.744,531.9123636363638,0.05130952380952381,0.7577373737373737,49.50839030453698,118.0,36.732,59.124,0.47702176031178956,0.5543964232488823,0,0.3517712865133623,1.0
35,50,baps,0.2,1.0,100,24,15.588,525.2827434343435,0.03220827320827321,0.640888888888889,62.409016200986144,123.0,36.796,56.424,0.49292127071823205,0.5063765941485371,0,0.44681850199577366,1.0
36,50,baps,0.2,0.97,97,21,14.296,527.6654750000001,0.03998244047619048,0.693375,58.64573694646398,121.0,37.492,56.524,0.4870148818208345,0.5194805194805194,0,0.42079753249614454,1.0
37,50,baps,0.2,0.96,96,21,14.484,531.7061473684211,0.04675263157894737,0.7635368421052632,52.38461538461539,121.0,37.972,57.756,0.4800209845239136,0.5352356247297881,0,0.3599781001916233,1.0
38,50,baps,0.2,1.0,100,17,11.748,532.3891515151516,0.05604072942308236,0.7617373737373737,48.897294207317074,117.0,35.212,58.312,0.4805350969487449,0.5691922354414527,0,0.35327743902439024,1.0
39,50,baps,0.2,1.0,100,19,12.5,528.5181858585859,0.04523586744639377,0.6997171717171718,55.93584260051326,118.0,35.76,56.516,0.4971027503468538,0.5075075075075075,0,0.4076133447390932,1.0
40,50,baps,0.2,1.0,100,18,12.308,537.002795959596,0.061549783549783556,0.8264646464646465,50.40127150336574,118.0,33.5,59.66,0.4842366570128258,0.5601895734597157,0,0.3567688855646971,1.0
41,50,baps,0.2,1.0,100,19,13.356,531.5176646464647,0.05027798452359856,0.7564040404040404,48.88312810542234,118.0,38.456,59.92,0.47504747436384354,0.5604938271604938,0,0.3421905379131562,1.0
42,50,baps,0.2,1.0,100,17,10.812,527.9307878787881,0.049435520470814585,0.6909898989898989,57.02439560439561,117.0,35.188,54.548,0.48732134624250806,0.5277963831212324,0,0.42923076923076925,1.0
43,50,baps,0.2,0.96,96,20,13.236,532.2795705263159,0.04950766917293233,0.7531368421052631,52.61702127659574,120.0,33.264,55.656,0.4827140794772434,0.5326908048971086,0,0.3891377379619261,1.0
44,50,baps,0.2,1.0,100,19,14.532,534.5831959595961,0.04932891810180486,0.7962020202020201,46.021579885171256,119.0,36.884,62.104,0.4801405438435686,0.5971244131455399,0,0.3149871312611364,1.0
45,50,baps,0.2,1.0,100,17,12.06,534.9782545454547,0.05851723113487819,0.8016161616161616,50.004163362410786,117.0,35.488,59.936,0.46939090208172707,0.6039603960396039,0,0.3604282315622522,1.0
46,50,baps,0.2,0.99,99,19,13.536,529.6794040816326,0.04491814996675362,0.7281224489795918,52.74693312227938,119.0,37.884,58.332,0.48073610023492563,0.5315018315018315,0,0.37653343886030866,1.0
47,50,baps,0.2,1.0,100,19,13.096,529.0236363636365,0.047308878256246675,0.7058989898989899,53.52946040934464,119.0,38.108,59.132,0.48010817735392497,0.5682806610611771,0,0.3835021707670043,1.0
48,50,baps,0.2,0.99,99,18,12.068,528.3413673469388,0.04762996436669906,0.6953061224489795,54.00461990760185,118.0,35.952,56.556,0.4772656005017247,0.6013119533527697,0,0.4002519949601008,1.0
49,50,baps,0.2,1.0,100,18,12.836,527.8096888888889,0.04652581369248036,0.6959191919191919,50.46341463414634,118.0,39.612,58.764,0.4766368413577617,0.5791638108293352,0,0.3620648827847502,1.0
0,50,lt,0.2,0.99,99,19,15.584,539.6660734693878,0.05575189705866398,0.8853877551020408,39.66038140132848,120.0,40.196,67.14,0.4254396530956396,0.689111313315135,0,0.2539104349689308,1.0
1,50,lt,0.2,1.0,100,18,15.66,545.5491959595961,0.05964928898262231,0.9615353535353536,36.39711505039972,118.0,36.76,68.976,0.4461748633879781,0.7097859327217125,0,0.210809871393813,1.0
2,50,lt,0.2,1.0,100,20,15.94,537.1308686868688,0.05178297706157731,0.8498585858585859,40.8221066319896,118.0,42.144,67.6,0.4538056115330956,0.643526405451448,0,0.26631989596879063,1.0
3,50,lt,0.2,0.99,99,18,14.04,539.2081020408164,0.060274003657407024,0.8744897959183674,34.63178733031674,115.0,38.256,66.564,0.44035683271492854,0.7074707470747075,0,0.2283182503770739,1.0
4,50,lt,0.2,1.0,100,19,14.676,543.4177292929294,0.06228266377064576,0.9330505050505051,37.36700137822406,118.0,37.9,68.692,0.41664064939119577,0.6934264107038977,0,0.23626698168930893,1.0
5,50,lt,0.2,0.97,97,19,14.716,544.1929083333334,0.06207262600553041,0.932875,35.87144136078783,117.0,33.632,66.392,0.44527141817005095,0.6772949344304449,0,0.23652641002685765,1.0
6,50,lt,0.2,1.0,100,21,15.068,542.7127757575759,0.060368300846769744,0.9240808080808081,37.39836734693878,118.0,36.628,67.556,0.4547330197243542,0.622228791013893,0,0.2370612244897959,1.0
7,50,lt,0.2,1.0,100,18,13.788,535.4707959595961,0.05787958461621564,0.822060606060606,36.01450944265316,117.0,42.064,67.184,0.4301867142750874,0.6971856074100463,0,0.23813910640257946,1.0
8,50,lt,0.2,1.0,100,22,17.076,539.0435232323233,0.050368332358762986,0.8696969696969697,35.61453039713909,119.0,40.028,69.252,0.430538276519864,0.6861885374256186,0,0.2126858648597779,1.0
9,50,lt,0.2,1.0,100,21,16.544,534.9512121212122,0.04713102385829659,0.8112323232323232,36.43186813186813,121.0,41.08,65.588,0.4558104550582926,0.6743068391866913,0,0.21670329670329672,1.0
10,50,lt,0.2,1.0,100,22,16.24,541.0779555555556,0.055042555424373606,0.9014545454545455,37.17612293144208,122.0,38.724,66.668,0.4588637520913654,0.6516816516816517,0,0.22360126083530338,1.0
11,50,lt,0.2,1.0,100,22,17.036,538.6843111111112,0.05031332976787523,0.8679191919191919,38.05555555555556,120.0,38.676,66.32,0.46710579816215336,0.7090227911333126,0,0.22664141414141414,1.0
12,50,lt,0.2,1.0,100,19,14.272,538.9762464646466,0.05928403901175737,0.8748282828282828,37.6790439607341,117.0,40.804,68.536,0.4275948770330793,0.6940107862617088,0,0.24989329918907383,1.0
13,50,lt,0.2,1.0,100,18,14.036,537.5670222222222,0.05879414465510722,0.8467878787878789,32.17369477911647,116.0,39.968,66.504,0.4569778492579867,0.7277323998444185,0,0.19779116465863453,1.0
14,50,lt,0.2,1.0,100,18,14.008,544.7091595959596,0.06724007419595654,0.955030303030303,35.643358982937436,115.0,37.688,70.332,0.43365400563940953,0.6925095419847328,0,0.23619939779190366,1.0
15,50,lt,0.2,1.0,100,18,13.8,537.3126909090911,0.059016039779854396,0.8475555555555556,39.522120017520805,117.0,40.74,67.0,0.45403421073185973,0.6410826844642195,0,0.2588699080157687,1.0
16,50,lt,0.2,0.82,82,20,14.228,538.4956691358026,0.05878169085264602,0.862716049382716,35.61866878811986,119.0,30.412,52.896,0.4725490196078431,0.6730392156862746,0,0.22354813046937153,1.0
17,50,lt,0.2,0.97,97,20,15.548,537.9593416666668,0.053634755023241866,0.8650416666666667,36.29818982387476,117.0,41.548,67.196,0.43642839393688393,0.6824803884945835,0,0.22969667318982387,1.0
18,50,lt,0.2,1.0,100,20,15.672,544.0036808080808,0.05957435729236555,0.947959595959596,25.222112731572725,115.0,39.568,71.924,0.42648323301805674,0.8055461616503212,0,0.1271186440677966,1.0
19,50,lt,0.2,1.0,100,19,15.968,535.1741737373737,0.04935815555464679,0.8217777777777777,39.77994492886645,119.0,41.248,65.552,0.4639253470905091,0.6661936857041504,0,0.2528682882055989,1.0
20,50,lt,0.2,1.0,100,18,13.912,542.3131030303032,0.06492607447019212,0.9238787878787879,35.86498720724267,115.0,39.208,68.892,0.4363607418610205,0.7049752691300553,0,0.2314505018697107,1.0
21,50,lt,0.2,1.0,100,18,14.004,539.8195111111112,0.06303144263144263,0.8922020202020201,38.70681872178665,115.0,40.524,67.312,0.4423269038653654,0.6859725477067291,0,0.26585887384176765,1.0
22,50,lt,0.2,0.97,97,17,13.656,535.5439958333335,0.057232408954743505,0.8213333333333334,43.79139784946236,116.0,38.008,61.428,0.46964658572422857,0.6344086021505376,0,0.3053763440860215,1.0
23,50,lt,0.2,0.97,97,19,15.48,543.1176916666668,0.058843018336439394,0.9371666666666667,39.21578947368421,118.0,37.32,66.144,0.4441890166028097,0.6965058236272879,0,0.2388157894736842,1.0
24,50,lt,0.2,1.0,100,18,14.68,544.0827878787878,0.06406933866292155,0.958949494949495,30.26867264191208,117.0,40.292,71.076,0.40904677132222045,0.805537873965627,0,0.17520273154075972,1.0
25,50,lt,0.2,0.99,99,18,14.68,539.5493102040817,0.05810300403877835,0.8768571428571429,35.07269822248852,116.0,37.864,66.196,0.4475954625339511,0.7066831683168316,0,0.22328739764329938,1.0
26,50,lt,0.2,1.0,100,20,15.628,536.6181292929293,0.05104093897714312,0.836929292929293,41.51300954032958,118.0,39.292,65.592,0.4566507334761826,0.645847871598046,0,0.27905464006938424,1.0
27,50,lt,0.2,1.0,100,19,15.084,541.4502626262628,0.05826001376981769,0.9018585858585858,34.067259933774835,116.0,38.212,69.06,0.4209277591426,0.7509917607567898,0,0.222682119205298,1.0
28,50,lt,0.2,1.0,100,18,13.916,531.2156606060606,0.05233692600394917,0.7577777777777779,40.65591113462047,117.0,42.624,63.944,0.460423311104668,0.6338475499092558,0,0.2755884686590849,1.0
29,50,lt,0.2,1.0,100,18,14.388,538.389103030303,0.05609930619324559,0.8586666666666666,39.97538581754249,117.0,37.324,65.472,0.46745562130177515,0.6408176508760545,0,0.26899785114280134,1.0
30,50,lt,0.2,0.93,93,19,13.872,538.8771652173913,0.0626399317750122,0.8881739130434783,39.87671546203111,116.0,38.776,61.744,0.4404185538029049,0.6613451086956522,0,0.26189387008234216,1.0
31,50,lt,0.2,1.0,100,17,13.904,536.3878989898991,0.05829843101705848,0.8383030303030302,39.38692504258944,117.0,40.74,65.68,0.4515185601799775,0.6592870544090056,0,0.2612862010221465,1.0
32,50,lt,0.2,1.0,100,20,16.04,535.7716525252525,0.05107061791932793,0.8330101010101012,35.55033396946565,117.0,41.876,66.796,0.44824240614971267,0.7162399158190109,0,0.23091603053435114,1.0
33,50,lt,0.2,1.0,100,19,15.436,550.5349616161616,0.06636304566129128,1.0353939393939395,30.489726608931907,117.0,34.032,71.476,0.4406943954881917,0.7775499743721168,0,0.16709118695873662,1.0
34,50,lt,0.2,1.0,100,18,14.22,538.5342303030303,0.06001564096100638,0.8705050505050504,37.10379117464264,116.0,39.552,66.12,0.45829952944994323,0.6181750186985789,0,0.2399005593536358,1.0
35,50,lt,0.2,1.0,100,24,17.796,533.2433494949496,0.04207079086920985,0.770060606060606,42.837285747828126,122.0,39.004,64.792,0.47088258131308774,0.6573899962391877,0,0.27682554590279407,1.0
36,50,lt,0.2,0.97,97,21,15.448,534.8524416666668,0.05071134370015949,0.8074166666666668,41.24146287728575,119.0,38.492,63.204,0.45663265306122447,0.6594900849858357,0,0.2742894910773298,1.0
37,50,lt,0.2,0.96,96,21,15.264,536.4439789473685,0.05358821599453178,0.8423578947368421,43.075554338899536,120.0,39.6,62.348,0.4648195087841972,0.6305760069294066,0,0.28141253764029567,1.0
38,50,lt,0.2,1.0,100,17,13.884,539.5490505050504,0.061752606276670445,0.8844040404040404,34.41653963414634,117.0,39.076,66.316,0.4353179668143254,0.7085822068531908,0,0.21436737804878048,1.0
39,50,lt,0.2,1.0,100,19,13.756,536.916096969697,0.05868570824105584,0.836,38.48674080410608,116.0,38.148,65.044,0.4699021207177814,0.6391304347826087,0,0.2617621899059025,1.0
40,50,lt,0.2,1.0,100,18,14.116,542.7701818181819,0.06474784205693297,0.926141414141414,38.32423335826477,118.0,37.54,67.148,0.45307202513850986,0.6493506493506493,0,0.2425205684367988,1.0
41,50,lt,0.2,1.0,100,19,14.2,537.3639515151515,0.05919264837763759,0.8526868686868686,35.33786995031324,117.0,40.82,66.276,0.4499544349939247,0.6765536723163842,0,0.22337437891553252,1.0
42,50,lt,0.2,1.0,100,17,13.82,537.3335474747475,0.05956933086059646,0.8537373737373737,38.25802197802198,117.0,40.592,65.556,0.4658575927490591,0.666890305266689,0,0.26065934065934065,1.0
43,50,lt,0.2,0.96,96,20,14.044,540.9840673684212,0.06294899129802177,0.8935157894736843,35.74150802538261,118.0,34.952,63.168,0.4540003036283589,0.6897543125980136,0,0.23665546845837998,1.0
44,50,lt,0.2,1.0,100,19,15.18,541.6018424242425,0.05936553569886902,0.9111515151515152,31.470203920015837,116.0,39.22,69.164,0.44812328349099784,0.7337853773584906,0,0.18788358740843397,1.0
45,50,lt,0.2,1.0,100,17,13.604,543.9279030303032,0.06789591998415528,0.9452929292929292,33.818001586042826,116.0,37.348,68.164,0.43103713977500385,0.7359364659166115,0,0.21173671689135606,1.0
46,50,lt,0.2,0.99,99,19,15.868,536.8143959183674,0.051792918681747895,0.8482040816326532,37.185793430945786,119.0,40.584,65.604,0.45226169979652525,0.6675238795003674,0,0.22734467748318163,1.0
47,50,lt,0.2,1.0,100,19,14.684,535.8337535353536,0.05392009532686894,0.8122424242424242,34.227206946454416,117.0,39.224,65.816,0.4503023834934187,0.7190130624092889,0,0.21459582385776307,1.0
48,50,lt,0.2,0.99,99,18,14.764,536.2653102040817,0.054544483061289784,0.8301632653061224,35.31436371272574,116.0,40.696,66.588,0.45569223536786024,0.6817683595177201,0,0.22700545989080217,1.0
49,50,lt,0.2,1.0,100,18,14.316,534.1261131313132,0.05349543924089379,0.7994747474747474,35.150603836135446,117.0,41.42,65.184,0.4553780617678381,0.7276157804459691,0,0.21738100876154393,1.0
0,50,ewma,0.2,0.99,99,19,15.332,546.0465142857144,0.06290672086946492,0.9600408163265306,15.067280908506536,19.0,33.188,67.076,0.4956312625250501,0.9712977099236642,0,0.023998285836725947,1.0
1,50,ewma,0.2,1.0,100,18,14.912,553.0804121212121,0.07101313505270725,1.0591919191919192,15.697601668404587,17.0,31.696,71.28,0.49577157406565425,0.9763295419612665,0,0.017553006604101494,1.0
2,50,ewma,0.2,1.0,100,20,15.696,543.494286868687,0.05909919760704075,0.9267878787878787,15.96150845253576,18.0,35.648,68.0,0.4969410671416402,0.965768078733419,0,0.023927178153446034,1.0
3,50,ewma,0.2,0.99,99,18,14.408,546.36506122449,0.06686789770853396,0.9643265306122449,12.791289592760181,16.0,32.424,68.096,0.4966866519406753,0.9759326113116726,0,0.017345399698340876,1.0
4,50,ewma,0.2,1.0,100,19,14.48,549.5921373737375,0.06977938800158051,1.0095757575757576,14.90175231344753,18.0,32.316,69.444,0.49532418952618457,0.9698654183733177,0,0.023823587320338648,1.0
5,50,ewma,0.2,0.97,97,19,15.344,552.1173041666667,0.06784621325276316,1.0379166666666668,14.431692032229185,18.0,28.636,68.968,0.4947104901881612,0.969485389190587,0,0.022381378692927483,1.0
6,50,ewma,0.2,1.0,100,21,15.756,550.6739515151515,0.06525675930658105,1.0286868686868689,14.951836734693877,18.0,31.756,70.28,0.4958793472886105,0.9723707664884136,0,0.018938775510204082,1.0
7,50,ewma,0.2,1.0,100,18,13.524,540.7963151515152,0.06568019889927199,0.8863030303030303,12.861123906034086,17.0,35.764,66.756,0.49635904294843214,0.9699140401146131,0,0.022570244127130355,1.0
8,50,ewma,0.2,1.0,100,22,16.688,544.9368000000001,0.05609087909654567,0.9370101010101011,14.938829286655373,19.0,32.452,68.492,0.49627113026184955,0.9742300439974858,0,0.018068887634105024,1.0
9,50,ewma,0.2,1.0,100,21,14.964,542.1556282828284,0.061279851442577776,0.9084444444444446,14.756923076923076,19.0,36.42,67.548,0.49661959134615385,0.9680059523809523,0,0.022197802197802197,1.0
10,50,ewma,0.2,1.0,100,22,15.812,547.1511232323234,0.0618056277375632,0.9781010101010101,15.654649330181245,21.0,33.704,67.708,0.49604125808091815,0.9654710023466309,0,0.02304964539007092,1.0
11,50,ewma,0.2,1.0,100,22,16.452,544.9379757575758,0.05757165378741511,0.9476363636363635,15.950126262626263,20.0,34.228,68.104,0.49634562286828,0.9723791588198368,0,0.021254208754208755,1.0
12,50,ewma,0.2,1.0,100,19,14.36,545.6179434343436,0.06637470166329347,0.9548282828282829,14.32842509603073,17.0,33.572,68.488,0.4945899325701741,0.9631006864988558,0,0.030089628681177975,1.0
13,50,ewma,0.2,1.0,100,18,14.356,542.3232242424243,0.06307617228285678,0.9078787878787878,14.179467871485944,17.0,35.996,67.268,0.49700598802395207,0.9698748043818466,0,0.023092369477911646,1.0
14,50,ewma,0.2,1.0,100,18,14.552,552.2003151515152,0.07200277332095514,1.0452121212121213,13.92790230846437,16.0,30.492,71.172,0.4949110467521721,0.9752701080432172,0,0.019739043158246906,1.0
15,50,ewma,0.2,1.0,100,18,14.692,544.7254343434344,0.06427510430745725,0.9448484848484848,15.052343407796759,17.0,35.804,69.4,0.49582715856797444,0.961926091825308,0,0.02387209811651336,1.0
16,50,ewma,0.2,0.82,82,20,14.716,544.2415456790125,0.06400987952048037,0.9392592592592593,14.332802970034473,19.0,27.528,54.508,0.4966424174594292,0.9659763313609467,0,0.02439671174754707,1.0
17,50,ewma,0.2,0.97,97,20,15.556,545.63305,0.06173097590529383,0.9622916666666667,14.551125244618396,18.0,35.1,68.372,0.4965659908978072,0.9684803001876172,0,0.02226027397260274,1.0
18,50,ewma,0.2,1.0,100,20,16.08,546.1841777777779,0.059983279139161495,0.9632323232323233,14.115096570752858,17.0,33.648,69.512,0.4962529274004684,0.9772108843537415,0,0.017737485218762318,1.0
19,50,ewma,0.2,1.0,100,19,15.592,542.8680767676768,0.059066545664500446,0.9233131313131314,15.248508490133089,19.0,35.956,67.984,0.4962861906927391,0.9672131147540983,0,0.025929325378614042,1.0
20,50,ewma,0.2,1.0,100,18,14.164,549.0250101010101,0.07119472618884383,1.0067474747474747,13.524699862231843,17.0,33.456,70.144,0.49622386517211226,0.9757380882782812,0,0.019484353473725645,1.0
21,50,ewma,0.2,1.0,100,18,14.476,546.3032323232324,0.06706261169015179,0.9715151515151516,14.707769066286529,17.0,34.676,68.236,0.4955881224583749,0.9669700033704078,0,0.026609645996673793,1.0
22,50,ewma,0.2,0.97,97,17,13.864,545.0164416666667,0.06835150595931845,0.9511666666666667,14.704181600955794,15.0,34.04,65.728,0.49610128927661545,0.9655398752871677,0,0.027001194743130227,1.0
23,50,ewma,0.2,0.97,97,19,15.584,550.0572458333334,0.06587020006889395,1.0266666666666666,16.228508771929825,18.0,32.864,68.212,0.4964279639394455,0.9745989304812834,0,0.020833333333333332,1.0
24,50,ewma,0.2,1.0,100,18,14.272,547.9149414141415,0.06962570209878588,0.9927676767676766,13.855740503627828,17.0,32.784,68.872,0.4959178724436181,0.975071907957814,0,0.020486555697823303,1.0
25,50,ewma,0.2,0.99,99,18,14.848,546.2739959183673,0.0646359435049411,0.9638775510204082,14.239265028959457,17.0,33.412,68.296,0.4962490023942538,0.9745341614906833,0,0.019772318753744758,1.0
26,50,ewma,0.2,1.0,100,20,16.304,544.6821333333335,0.05792416368747638,0.9476363636363635,15.639852558542932,18.0,35.228,69.052,0.4962152377818002,0.965917076598735,0,0.02580225498699046,1.0
27,50,ewma,0.2,1.0,100,19,14.16,548.7188888888888,0.0703146158456319,0.9966060606060606,13.373758278145695,16.0,32.232,70.356,0.4952201977285726,0.9711744863538792,0,0.023178807947019868,1.0
28,50,ewma,0.2,1.0,100,18,13.824,537.8390101010102,0.061225718748802525,0.8445252525252525,14.050780216873843,17.0,37.22,65.24,0.4962732469787973,0.9624025676295277,0,0.027505950806664903,1.0
29,50,ewma,0.2,1.0,100,18,14.812,548.8230787878789,0.06776158007833587,1.0049292929292928,13.941980855635867,17.0,32.896,70.264,0.4961418486291249,0.9703389830508474,0,0.022074623949990234,1.0
30,50,ewma,0.2,0.93,93,19,13.828,544.9581173913043,0.07039317858895865,0.9584347826086957,15.102470265324794,17.0,32.928,62.052,0.49617903930131,0.9678742310321258,0,0.024931381518755718,1.0
31,50,ewma,0.2,1.0,100,17,13.188,543.651086868687,0.07039324717666963,0.9308686868686868,13.797061328790459,16.0,34.668,67.14,0.49659150498164656,0.965673330818559,0,0.023424190800681432,1.0
32,50,ewma,0.2,1.0,100,20,15.18,541.4629818181819,0.05929628545853802,0.900080808080808,14.351383587786259,19.0,35.26,66.604,0.49571503092629854,0.9657364888731896,0,0.02838740458015267,1.0
33,50,ewma,0.2,1.0,100,19,15.476,555.845014141414,0.07100094651173083,1.1004444444444443,13.952283919171336,17.0,29.468,72.488,0.4956888967094844,0.981719876416066,0,0.013245033112582781,1.0
34,50,ewma,0.2,1.0,100,18,14.496,545.6728888888889,0.06625191812544753,0.9593131313131315,14.605344934742076,17.0,33.852,67.724,0.495949449125081,0.9695030120481928,0,0.019888129272840272,1.0
35,50,ewma,0.2,1.0,100,24,18.368,542.0840080808082,0.04916960316519232,0.8913535353535353,16.200281756280816,23.0,33.788,68.348,0.496381805651275,0.9678274034822104,0,0.023949283869452925,1.0
36,50,ewma,0.2,0.97,97,21,15.876,542.4187666666667,0.05715617890558874,0.906,15.010795329367703,19.0,32.6,64.64,0.4953420669577875,0.968945868945869,0,0.025776602775941838,1.0
37,50,ewma,0.2,0.96,96,21,15.764,543.7261094736843,0.059430015347388655,0.9384421052631579,16.652888037229673,20.0,35.536,64.908,0.4959427624116569,0.9659239842726082,0,0.026553517656720503,1.0
38,50,ewma,0.2,1.0,100,17,13.604,546.271292929293,0.07121906057895364,0.969939393939394,13.716653963414634,16.0,34.104,67.988,0.4962124053101328,0.9728449636880329,0,0.018673780487804877,1.0
39,50,ewma,0.2,1.0,100,19,14.552,545.0501656565657,0.06458046738697362,0.9443232323232323,14.517964071856287,16.0,33.132,67.804,0.4958072132215257,0.9689922480620154,0,0.025021385799828915,1.0
40,50,ewma,0.2,1.0,100,18,14.576,550.2788808080809,0.07079748488126385,1.0226666666666666,15.076103216155571,18.0,32.192,69.14,0.4958295482698819,0.9684813753581661,0,0.02169035153328347,1.0
41,50,ewma,0.2,1.0,100,19,14.392,542.2578262626263,0.06358331325042554,0.9103030303030303,14.343270684813135,17.0,35.66,66.564,0.49609582290955956,0.968316126735493,0,0.0220349967595593,1.0
42,50,ewma,0.2,1.0,100,17,14.372,545.7667272727273,0.06739008451441605,0.9618181818181818,13.937802197802197,18.0,34.772,68.032,0.49643377559628804,0.9709557581898007,0,0.022857142857142857,1.0
43,50,ewma,0.2,0.96,96,20,13.98,547.7478021052632,0.07077947472891745,0.9828631578947368,13.412094064949608,17.0,31.184,65.732,0.4959059893858984,0.9727034120734908,0,0.022209779768570363,1.0
44,50,ewma,0.2,1.0,100,19,14.976,546.7266787878789,0.06478188093903921,0.968969696969697,14.521282914274401,18.0,33.012,68.856,0.49546597576773604,0.9706840390879479,0,0.02138190457335181,1.0
45,50,ewma,0.2,1.0,100,17,13.624,549.7687474747474,0.07416374366374366,1.0156363636363637,13.942902458366376,16.0,31.828,68.72,0.4957672772048638,0.9707252162341983,0,0.02141157811260904,1.0
46,50,ewma,0.2,0.99,99,19,15.776,544.7095102040817,0.05985373932491833,0.9501224489795917,15.299366838148002,18.0,35.056,67.736,0.49617007972487104,0.967479674796748,0,0.021369212504946576,1.0
47,50,ewma,0.2,1.0,100,19,14.752,542.3174060606062,0.061190682229897916,0.9032323232323232,14.411825511680794,17.0,35.708,68.204,0.4961278863232682,0.9713868613138686,0,0.021914409758114532,1.0
48,50,ewma,0.2,0.99,99,18,14.212,543.2437551020408,0.0650244518919789,0.9204897959183673,13.87022259554809,17.0,34.928,67.76,0.49608763693270735,0.9672794117647059,0,0.02267954640907182,1.0
49,50,ewma,0.2,1.0,100,18,14.324,539.6720848484849,0.060693390599629464,0.8694949494949495,14.483779303812456,17.0,36.608,66.036,0.49631362540762797,0.9695922598479613,0,0.023916646933459625,1.0
0,50,oracle,0.2,0.99,99,19,10.068,533.429224489796,0.06555584415584416,0.6593877551020408,8.624169702164131,11.0,0.0,34.56,1.0,1.0,0,0.0,1.0
1,50,oracle,0.2,1.0,100,18,11.36,541.2169252525254,0.06831901140385989,0.7772525252525252,9.898157803267292,13.0,0.0,40.172,1.0,1.0,0,0.0,1.0
2,50,oracle,0.2,1.0,100,20,9.868,530.1309656565658,0.06185435809981264,0.6095757575757577,7.950845253576073,11.0,0.0,32.968,1.0,1.0,0,0.0,1.0
3,50,oracle,0.2,0.99,99,18,10.128,533.6858489795919,0.06548788909503195,0.6638367346938775,7.439291101055807,10.0,0.0,36.22,1.0,1.0,0,0.0,1.0
4,50,oracle,0.2,1.0,100,19,10.656,537.4434343434344,0.06799359641480854,0.7202020202020202,8.746012994683992,12.0,0.0,37.784,1.0,1.0,0,0.0,1.0
5,50,oracle,0.2,0.97,97,19,11.796,541.2948833333332,0.06611492488992488,0.7792083333333333,8.908504923903312,13.0,0.0,41.008,1.0,1.0,0,0.0,1.0
6,50,oracle,0.2,1.0,100,21,11.06,538.1936686868687,0.06594916060370605,0.7318787878787879,9.08457142857143,12.0,0.0,39.148,1.0,1.0,0,0.0,1.0
7,50,oracle,0.2,1.0,100,18,8.784,527.3291878787879,0.06461194630285538,0.5673535353535355,6.529709811146937,10.0,0.0,31.56,1.0,1.0,0,0.0,1.0
8,50,oracle,0.2,1.0,100,22,11.172,532.9343070707071,0.05841622911319881,0.6526464646464647,8.083380387728214,12.0,0.0,36.572,1.0,1.0,0,0.0,1.0
9,50,oracle,0.2,1.0,100,21,9.192,528.6766747474749,0.06396719868235021,0.5875151515151515,7.647252747252748,11.0,0.0,31.852,1.0,1.0,0,0.0,1.0
10,50,oracle,0.2,1.0,100,22,10.272,534.2222141414143,0.0653553999311575,0.671070707070707,8.970055161544524,13.0,0.0,34.6,1.0,1.0,0,0.0,1.0
11,50,oracle,0.2,1.0,100,22,10.852,531.6576202020203,0.0581942862973166,0.6328484848484849,8.58186026936027,12.0,0.0,34.444,1.0,1.0,0,0.0,1.0
12,50,oracle,0.2,1.0,100,19,9.564,533.1009252525254,0.06881197836955412,0.6548282828282826,7.333333333333333,10.0,0.0,35.78,1.0,1.0,0,0.0,1.0
13,50,oracle,0.2,1.0,100,18,9.856,528.9526222222223,0.05981413121110091,0.5915959595959596,7.982429718875502,11.0,0.0,31.784,1.0,1.0,0,0.0,1.0
14,50,oracle,0.2,1.0,100,18,10.948,540.5104606060606,0.07015762755762757,0.767151515151515,8.493476078956173,11.0,0.0,41.268,1.0,1.0,0,0.0,1.0
15,50,oracle,0.2,1.0,100,18,9.128,531.544505050505,0.06887123034092732,0.6311111111111111,7.11826544021025,10.0,0.0,34.3,1.0,1.0,0,0.0,1.0
16,50,oracle,0.2,0.82,82,20,9.472,530.6939308641977,0.06533056490834269,0.6181728395061729,7.405197560328825,10.0,0.0,27.452,1.0,1.0,0,0.0,1.0
17,50,oracle,0.2,0.97,97,20,10.66,531.9760583333334,0.05962274831649832,0.6377916666666665,7.822896281800391,11.0,0.0,33.928,1.0,1.0,0,0.0,1.0
18,50,oracle,0.2,1.0,100,20,11.016,533.2459676767677,0.059228223516102296,0.6572121212121212,8.200236499802918,12.0,0.0,36.38,1.0,1.0,0,0.0,1.0
19,50,oracle,0.2,1.0,100,19,10.14,528.8667393939395,0.05822475257626773,0.5906666666666668,7.585819183111519,11.0,0.0,32.712,1.0,1.0,0,0.0,1.0
20,50,oracle,0.2,1.0,100,18,9.972,536.0664080808082,0.0701692072237527,0.6995151515151515,8.181066719149774,11.0,0.0,37.264,1.0,1.0,0,0.0,1.0
21,50,oracle,0.2,1.0,100,18,9.92,532.8285696969698,0.0656221814100602,0.6502222222222221,8.471370871941078,11.0,0.0,34.308,1.0,1.0,0,0.0,1.0
22,50,oracle,0.2,0.97,97,17,9.976,531.6430333333334,0.06300286195286195,0.63225,8.31636798088411,11.0,0.0,32.416,1.0,1.0,0,0.0,1.0
23,50,oracle,0.2,0.97,97,19,11.268,536.6248625000001,0.0626750777000777,0.70775,10.093201754385966,12.0,0.0,35.94,1.0,1.0,0,0.0,1.0
24,50,oracle,0.2,1.0,100,18,9.864,534.637503030303,0.06840459136822773,0.6780202020202021,7.691421254801536,11.0,0.0,36.648,1.0,1.0,0,0.0,1.0
25,50,oracle,0.2,0.99,99,18,10.68,533.4969836734693,0.06175895850181564,0.660734693877551,8.251248252446574,12.0,0.0,35.452,1.0,1.0,0,0.0,1.0
26,50,oracle,0.2,1.0,100,20,11.832,531.0749616161618,0.052637437534407236,0.6242020202020202,9.035559410234171,13.0,0.0,34.508,1.0,1.0,0,0.0,1.0
27,50,oracle,0.2,1.0,100,19,10.284,536.6567272727273,0.06897061524334251,0.7088888888888889,7.75351821192053,11.0,0.0,38.832,1.0,1.0,0,0.0,1.0
28,50,oracle,0.2,1.0,100,18,9.172,524.0999878787879,0.05671116504146808,0.5182222222222221,7.019836022216345,10.0,0.0,28.692,1.0,1.0,0,0.0,1.0
29,50,oracle,0.2,1.0,100,18,11.084,535.9162828282828,0.06297822514186152,0.6975757575757575,8.241453408868919,12.0,0.0,38.048,1.0,1.0,0,0.0,1.0
30,50,oracle,0.2,0.93,93,19,8.74,530.3924869565218,0.07030591787439613,0.6130869565217392,7.789569990850869,10.0,0.0,29.696,1.0,1.0,0,0.0,1.0
31,50,oracle,0.2,1.0,100,17,9.72,530.1135515151515,0.06250907196058711,0.6093737373737373,7.960604770017036,11.0,0.0,33.12,1.0,1.0,0,0.0,1.0
32,50,oracle,0.2,1.0,100,20,9.864,527.753397979798,0.057952748261839174,0.573858585858586,7.197041984732825,11.0,0.0,32.072,1.0,1.0,0,0.0,1.0
33,50,oracle,0.2,1.0,100,19,11.692,543.9893252525253,0.07005984318711592,0.8197575757575758,9.448633044659534,13.0,0.0,43.496,1.0,1.0,0,0.0,1.0
34,50,oracle,0.2,1.0,100,18,10.316,532.3602383838385,0.06250693806754412,0.6433131313131314,8.582142117257096,11.0,0.0,34.468,1.0,1.0,0,0.0,1.0
35,50,oracle,0.2,1.0,100,24,11.704,530.5171717171718,0.05232831074649257,0.6161616161616161,7.959849729983564,13.0,0.0,35.2,1.0,1.0,0,0.0,1.0
36,50,oracle,0.2,0.97,97,21,10.448,529.6677583333333,0.05802186447811447,0.6029583333333333,7.938092090768892,11.0,0.0,32.68,1.0,1.0,0,0.0,1.0
37,50,oracle,0.2,0.96,96,21,9.9,529.4635536842106,0.06025618288144604,0.5990315789473685,8.709280043799616,11.0,0.0,30.072,1.0,1.0,0,0.0,1.0
38,50,oracle,0.2,1.0,100,17,9.684,532.7081818181819,0.06723587389041935,0.6484848484848486,8.259146341463415,11.0,0.0,34.452,1.0,1.0,0,0.0,1.0
39,50,oracle,0.2,1.0,100,19,9.872,532.6134464646465,0.06575055606570758,0.6474343434343435,7.279940119760479,10.0,0.0,35.408,1.0,1.0,0,0.0,1.0
40,50,oracle,0.2,1.0,100,18,10.108,537.8168363636364,0.0720066618006012,0.7256969696969697,8.994016454749438,12.0,0.0,37.62,1.0,1.0,0,0.0,1.0
41,50,oracle,0.2,1.0,100,19,9.62,528.5391474747476,0.06091147842056934,0.5853333333333333,7.548930654569022,10.0,0.0,31.492,1.0,1.0,0,0.0,1.0
42,50,oracle,0.2,1.0,100,17,9.496,532.3683434343436,0.06749341758129637,0.6432323232323232,8.127032967032967,11.0,0.0,33.932,1.0,1.0,0,0.0,1.0
43,50,oracle,0.2,0.96,96,20,9.452,535.385785263158,0.07306953748006378,0.6891368421052632,7.965845464725644,10.0,0.0,35.12,1.0,1.0,0,0.0,1.0
44,50,oracle,0.2,1.0,100,19,10.12,534.3144121212121,0.0668912120427272,0.6731717171717172,7.938230053454761,11.0,0.0,36.54,1.0,1.0,0,0.0,1.0
45,50,oracle,0.2,1.0,100,17,9.944,537.1280080808082,0.07166572798694011,0.7153939393939395,8.450634417129262,11.0,0.0,37.48,1.0,1.0,0,0.0,1.0
46,50,oracle,0.2,0.99,99,19,10.712,530.8887591836735,0.05737772567568487,0.6211428571428572,8.638899881282153,12.0,0.0,33.4,1.0,1.0,0,0.0,1.0
47,50,oracle,0.2,1.0,100,19,10.032,529.6445373737374,0.060187980818283845,0.6023838383838385,7.754599958652057,11.0,0.0,33.092,1.0,1.0,0,0.0,1.0
48,50,oracle,0.2,0.99,99,18,10.02,530.274448979592,0.061310410224695945,0.6120408163265306,7.805963880722386,11.0,0.0,33.504,1.0,1.0,0,0.0,1.0
49,50,oracle,0.2,1.0,100,18,9.812,526.1709979797981,0.05584966840118356,0.5495353535353535,7.868103244139237,11.0,0.0,30.008,1.0,1.0,0,0.0,1.0
0,50,csma,0.2,0.99,99,19,19.0,1499.39612244898,1.0,19.0,28.05002315886985,113.0,nan,nan,nan,nan,0,0.0,0.8315039476217986
1,50,csma,0.2,1.0,100,18,18.0,1436.2705010101013,1.0,18.0,31.80128816793893,112.0,nan,nan,nan,nan,0,0.0,0.9188952213941254
2,50,csma,0.2,1.0,100,20,20.0,1550.0256202020205,1.0,20.0,28.401684717208184,114.0,nan,nan,nan,nan,0,0.0,0.8708866065814295
3,50,csma,0.2,0.99,99,18,18.0,1419.9677591836737,1.0,18.0,23.353280839895014,110.0,nan,nan,nan,nan,0,0.0,0.8248538644728296
4,50,csma,0.2,1.0,100,19,19.0,1494.2139030303033,1.0,19.0,22.745311708058793,109.0,nan,nan,nan,nan,0,0.0,0.8535582954791261
5,50,csma,0.2,0.97,97,19,19.0,1519.2389000000003,1.0,19.0,36.63488477180298,117.0,nan,nan,nan,nan,0,0.0,0.7429914386436126
6,50,csma,0.2,1.0,100,21,21.0,1570.036363636364,1.0,21.0,18.619216241737487,104.0,nan,nan,nan,nan,0,0.0,0.9127343244990304
7,50,csma,0.2,1.0,100,18,18.0,1419.888884848485,1.0,18.0,24.17863971592461,112.0,nan,nan,nan,nan,0,0.0,0.8855829704886309
8,50,csma,0.2,1.0,100,22,22.0,1606.297309090909,1.0,22.0,16.64283787429188,22.0,nan,nan,nan,nan,0,0.0,0.9004129220306049
9,50,csma,0.2,1.0,100,21,21.0,1585.0392323232327,1.0,21.0,22.838803304308996,109.0,nan,nan,nan,nan,0,0.0,0.9041178845377473
10,50,csma,0.2,1.0,100,22,22.0,1624.9274262626263,1.0,22.0,22.223218287763334,108.0,nan,nan,nan,nan,0,0.0,0.8938301282051282
11,50,csma,0.2,1.0,100,22,22.0,1616.4413454545456,1.0,22.0,19.590068674062334,106.0,nan,nan,nan,nan,0,0.0,0.9105339105339105
12,50,csma,0.2,1.0,100,19,19.0,1468.0363151515155,1.0,19.0,19.802820721453756,107.0,nan,nan,nan,nan,0,0.0,0.896862077353442
13,50,csma,0.2,1.0,100,18,18.0,1452.2496000000003,1.0,18.0,34.08922866271109,115.0,nan,nan,nan,nan,0,0.0,0.8383393916204324
14,50,csma,0.2,1.0,100,18,18.0,1434.9750464646468,1.0,18.0,33.758136094674555,116.0,nan,nan,nan,nan,0,0.0,0.7708095781071835
15,50,csma,0.2,1.0,100,18,18.0,1451.165458585859,1.0,18.0,35.45626952253458,115.0,nan,nan,nan,nan,0,0.0,0.7609507640067912
16,50,csma,0.2,0.82,82,20,20.0,1536.8805975308646,1.0,20.0,23.44882506527415,110.0,nan,nan,nan,nan,0,0.0,0.9438146870379497
17,50,csma,0.2,0.97,97,20,20.0,1562.6128958333336,1.0,20.0,30.24443907156673,114.0,nan,nan,nan,nan,0,0.0,0.763240450267577
18,50,csma,0.2,1.0,100,20,20.0,1545.1884888888892,1.0,20.0,25.68310308182784,111.0,nan,nan,nan,nan,0,0.0,0.8046861638447067
19,50,csma,0.2,1.0,100,19,19.0,1489.072690909091,1.0,19.0,31.05607269503546,114.0,nan,nan,nan,nan,0,0.0,0.8352462051092188
20,50,csma,0.2,1.0,100,18,18.0,1433.8259797979802,1.0,18.0,40.49689578713969,118.0,nan,nan,nan,nan,0,0.0,0.9090909090909091
21,50,csma,0.2,1.0,100,18,18.0,1436.5129454545458,1.0,18.0,36.6523777628935,116.0,nan,nan,nan,nan,0,0.0,0.894905094905095
22,50,csma,0.2,0.97,97,17,17.0,1380.6837083333335,1.0,17.0,34.83465513097813,114.0,nan,nan,nan,nan,0,0.0,0.8866396761133604
23,50,csma,0.2,0.97,97,19,19.0,1491.095291666667,1.0,19.0,32.445880452342486,115.0,nan,nan,nan,nan,0,0.0,0.9051598078128265
24,50,csma,0.2,1.0,100,18,18.0,1450.455765656566,1.0,18.0,31.88141592920354,112.0,nan,nan,nan,nan,0,0.0,0.8261743739718516
25,50,csma,0.2,0.99,99,18,18.0,1443.7075469387755,1.0,18.0,30.9862315145334,113.0,nan,nan,nan,nan,0,0.0,0.8350010645092613
26,50,csma,0.2,1.0,100,20,20.0,1523.5146020202023,1.0,20.0,23.73411122144985,111.0,nan,nan,nan,nan,0,0.0,0.8790920995198603
27,50,csma,0.2,1.0,100,19,19.0,1492.6437575757577,1.0,19.0,32.52526724975704,114.0,nan,nan,nan,nan,0,0.0,0.821392935541808
28,50,csma,0.2,1.0,100,18,18.0,1432.5283676767679,1.0,18.0,28.675574425574425,113.0,nan,nan,nan,nan,0,0.0,0.8295007250880464
29,50,csma,0.2,1.0,100,18,18.0,1422.4222383838387,1.0,18.0,29.918417462482946,114.0,nan,nan,nan,nan,0,0.0,0.845444059976932
30,50,csma,0.2,0.93,93,19,19.0,1496.5978043478262,1.0,19.0,27.474004785729825,111.0,nan,nan,nan,nan,0,0.0,0.9337802153158643
31,50,csma,0.2,1.0,100,17,17.0,1393.114763636364,1.0,17.0,38.60290447016111,116.0,nan,nan,nan,nan,0,0.0,0.8695737963693765
32,50,csma,0.2,1.0,100,20,20.0,1519.5221616161616,1.0,20.0,25.506666666666668,111.0,nan,nan,nan,nan,0,0.0,0.8806877752149298
33,50,csma,0.2,1.0,100,19,19.0,1482.5643555555557,1.0,19.0,27.038635223281485,110.0,nan,nan,nan,nan,0,0.0,0.8283458021612635
34,50,csma,0.2,1.0,100,18,18.0,1435.842783838384,1.0,18.0,28.851439182915506,113.0,nan,nan,nan,nan,0,0.0,0.8875154511742892
35,50,csma,0.2,1.0,100,24,24.0,1737.7960484848488,1.0,24.0,18.522013949433305,101.0,nan,nan,nan,nan,0,0.0,0.8785905783224818
36,50,csma,0.2,0.97,97,21,21.0,1605.3764583333334,1.0,21.0,29.00438020148927,115.0,nan,nan,nan,nan,0,0.0,0.8542563143124415
37,50,csma,0.2,0.96,96,21,21.0,1558.1441221052635,1.0,21.0,19.629081775048842,104.0,nan,nan,nan,nan,0,0.0,0.933559145388223
38,50,csma,0.2,1.0,100,17,17.0,1403.2224848484848,1.0,17.0,41.586443586443586,117.0,nan,nan,nan,nan,0,0.0,0.8741796362272642
39,50,csma,0.2,1.0,100,19,19.0,1490.6716969696972,1.0,19.0,29.49511065362841,113.75,nan,nan,nan,nan,0,0.0,0.7922528032619776
40,50,csma,0.2,1.0,100,18,18.0,1444.6681212121216,1.0,18.0,38.53039383561644,116.0,nan,nan,nan,nan,0,0.0,0.9021046534079938
41,50,csma,0.2,1.0,100,19,19.0,1490.5307636363639,1.0,19.0,28.365393682225367,112.94999999999982,nan,nan,nan,nan,0,0.0,0.898728813559322
42,50,csma,0.2,1.0,100,17,17.0,1413.342161616162,1.0,17.0,42.6472116729962,117.0,nan,nan,nan,nan,0,0.0,0.8795710267229254
43,50,csma,0.2,0.96,96,20,20.0,1534.016143157895,1.0,20.0,29.69896907216495,115.0,nan,nan,nan,nan,0,0.0,0.9097540641934139
44,50,csma,0.2,1.0,100,19,19.0,1488.9317939393943,1.0,19.0,26.680544435548438,113.0,nan,nan,nan,nan,0,0.0,0.7863588667366211
45,50,csma,0.2,1.0,100,17,17.0,1382.613878787879,1.0,17.0,36.4607732308388,115.0,nan,nan,nan,nan,0,0.0,0.8448901623686724
46,50,csma,0.2,0.99,99,19,19.0,1462.8343836734696,1.0,19.0,23.033408197641773,110.0,nan,nan,nan,nan,0,0.0,0.8956499874277093
47,50,csma,0.2,1.0,100,19,19.0,1504.9166303030306,1.0,19.0,37.47349251315257,117.0,nan,nan,nan,nan,0,0.0,0.8550173010380623
48,50,csma,0.2,0.99,99,18,18.0,1400.646228571429,1.0,18.0,21.404012345679014,109.0,nan,nan,nan,nan,0,0.0,0.8842794759825328
49,50,csma,0.2,1.0,100,18,18.0,1447.9736525252526,1.0,18.0,38.5210736003355,116.0,nan,nan,nan,nan,0,0.0,0.8433244916003537
0,50,bsps_ack,0.2,0.99,99,19,16.116,590.5793632653061,0.06044417056638103,0.975591836734694,14.277480179987144,20.0,33.816,68.152,0.49811623246492986,0.9905343511450382,0,0.007928005142489822,1.0
1,50,bsps_ack,0.2,1.0,100,18,14.884,593.4823434343435,0.0715777096187735,1.0627878787878788,14.2957942301008,18.0,31.356,71.292,0.4977264459803565,0.9901659496004918,0,0.007125477928397636,1.0
2,50,bsps_ack,0.2,1.0,100,20,15.852,588.6839757575757,0.0583358197415473,0.9279191919191919,14.286866059817946,19.0,34.9,67.684,0.49856755710414247,0.9901498929336189,0,0.007282184655396619,1.0
3,50,bsps_ack,0.2,0.99,99,18,14.008,589.2154204081635,0.0685706266422653,0.968857142857143,11.695889894419306,16.0,32.192,68.208,0.49846178117851225,0.9906710803490821,0,0.006598793363499246,1.0
4,50,bsps_ack,0.2,1.0,100,19,14.944,591.6041616161617,0.06763072085041782,1.0126464646464646,13.102579247883442,17.0,31.604,69.244,0.49840230691294524,0.9938578531734426,0,0.005316007088009451,1.0
5,50,bsps_ack,0.2,0.97,97,19,15.508,591.1817583333333,0.06726019136540132,1.0430416666666664,12.970098478066248,17.0,28.204,69.02,0.49826374868771706,0.991466252909232,0,0.006624888093106535,1.0
6,50,bsps_ack,0.2,1.0,100,21,16.092,591.6638060606061,0.06442678413968403,1.0294545454545454,13.690448979591837,20.0,31.016,69.952,0.4982693258612164,0.9913844325609031,0,0.00636734693877551,1.0
7,50,bsps_ack,0.2,1.0,100,18,13.816,586.7128404040404,0.06364537158226997,0.8827878787878788,11.632657761400276,16.0,34.796,66.172,0.49862565931208674,0.9910362136966655,0,0.007369875633348687,1.0
8,50,bsps_ack,0.2,1.0,100,22,16.936,588.1482424242424,0.05617587260338456,0.950060606060606,13.888951628082063,19.0,33.472,69.84,0.4982598607888631,0.9905719673161534,0,0.00639939770374553,1.0
9,50,bsps_ack,0.2,1.0,100,21,16.392,588.3314707070708,0.056889648958998805,0.9133333333333333,14.054725274725275,21.0,36.028,67.608,0.49819711538461536,0.9873511904761905,0,0.008791208791208791,1.0
10,50,bsps_ack,0.2,1.0,100,22,16.572,591.9146747474748,0.06012505879244786,0.9951919191919192,14.3295902285264,21.0,34.592,69.0,0.4984749455337691,0.9885906040268456,0,0.006698187549251379,1.0
11,50,bsps_ack,0.2,1.0,100,22,16.428,589.415301010101,0.05828981549734904,0.9561212121212121,14.094907407407407,17.0,34.272,68.548,0.49845729132835337,0.9921482412060302,0,0.006313131313131313,1.0
12,50,bsps_ack,0.2,1.0,100,19,14.276,589.3171393939394,0.0675226232670083,0.9625858585858585,12.505335040546308,17.0,33.212,68.7,0.49753038024304197,0.9868383404864092,0,0.01088348271446863,1.0
13,50,bsps_ack,0.2,1.0,100,18,14.304,588.1961333333334,0.06327828286785506,0.9075555555555557,12.714106425702811,17.0,35.252,66.888,0.49923329682365825,0.9925636007827788,0,0.006275100401606426,1.0
14,50,bsps_ack,0.2,1.0,100,18,14.4,591.7537292929294,0.07251215071322022,1.0462626262626262,12.716125794580128,17.0,29.9,70.932,0.4979314909813007,0.9896733909702209,0,0.008364001338240215,1.0
15,50,bsps_ack,0.2,1.0,100,18,14.252,589.3457858585859,0.06711473141963337,0.9528080808080809,13.002628120893561,17.0,35.54,69.636,0.4980113857911565,0.9884198729921554,0,0.007227332457293035,1.0
16,50,bsps_ack,0.2,0.82,82,20,14.448,589.3001432098766,0.06558364056007102,0.9468641975308641,12.819676478387695,18.0,27.792,55.068,0.498041410184667,0.985207100591716,0,0.00954653937947494,1.0
17,50,bsps_ack,0.2,0.97,97,20,15.504,589.5063833333335,0.06189058629834075,0.9639999999999997,13.036448140900196,18.0,34.328,68.04,0.49822122942003805,0.989485542621104,0,0.007583170254403131,1.0
18,50,bsps_ack,0.2,1.0,100,20,15.948,588.8714989898991,0.05985385687965668,0.9612929292929293,12.4477729601892,17.0,32.812,69.004,0.49875097580015615,0.991156462585034,0,0.0063066614111154905,1.0
19,50,bsps_ack,0.2,1.0,100,19,15.572,588.223393939394,0.05939451838915203,0.9235555555555556,13.379302432308398,17.0,35.18,67.692,0.4984463812050019,0.9903743315508021,0,0.007572280862781092,1.0
20,50,bsps_ack,0.2,1.0,100,18,13.968,591.3818141414142,0.07228832149892755,1.0103838383838384,12.11198582956111,16.0,33.072,70.148,0.49844979728118294,0.9929845074539608,0,0.0059043495374926196,1.0
21,50,bsps_ack,0.2,1.0,100,18,14.116,590.6218989898991,0.06913307821115308,0.9716767676767677,12.854359705393206,17.0,33.74,67.78,0.4982738780207135,0.987858347386172,0,0.010216203373722975,1.0
22,50,bsps_ack,0.2,0.97,97,17,14.04,590.2916375000001,0.06764636023698523,0.9595,13.26188769414576,16.0,33.956,66.088,0.4981472904122279,0.9868680236375574,0,0.010752688172043012,1.0
23,50,bsps_ack,0.2,0.97,97,19,15.444,592.3298833333334,0.06614233122201872,1.024625,14.837280701754386,18.0,31.812,67.588,0.49842673696742923,0.9923102641257104,0,0.006578947368421052,1.0
24,50,bsps_ack,0.2,1.0,100,18,14.12,590.6288323232325,0.0702010430251072,0.994949494949495,12.28617157490397,15.0,32.248,68.712,0.498545101842871,0.9913682864450127,0,0.007042253521126761,1.0
25,50,bsps_ack,0.2,0.99,99,18,15.196,589.5432693877551,0.06352489960686239,0.965469387755102,13.326343119632515,17.0,32.892,68.12,0.49816469837216726,0.9900559353635798,0,0.008188536049530657,1.0
26,50,bsps_ack,0.2,1.0,100,20,16.544,588.8948121212122,0.057019103012188675,0.9494141414141414,13.88594969644406,18.0,34.5,68.764,0.4981901941428101,0.9873417721518988,0,0.00888985255854293,1.0
27,50,bsps_ack,0.2,1.0,100,19,14.076,590.030694949495,0.0708022307757602,0.9988686868686868,11.742756622516556,16.0,31.596,70.16,0.49795718254616766,0.9874310239117106,0,0.009312913907284769,1.0
28,50,bsps_ack,0.2,1.0,100,18,14.28,586.1449171717172,0.05967078930510303,0.8502222222222222,12.627082782332716,17.0,36.812,65.328,0.4986249819076567,0.9880843263061412,0,0.007934408886537953,1.0
29,50,bsps_ack,0.2,1.0,100,18,15.024,590.7194101010102,0.06690532179908293,1.0086868686868686,12.649736276616526,17.0,32.336,70.152,0.4982764281024294,0.9895629484670581,0,0.007227974213713616,1.0
30,50,bsps_ack,0.2,0.93,93,19,13.356,591.3063695652176,0.07308798642391993,0.9701739130434782,13.274245196706312,16.0,33.288,62.772,0.4981285090455396,0.9880382775119617,0,0.00960658737419945,1.0
31,50,bsps_ack,0.2,1.0,100,17,13.464,589.0038868686869,0.06955794979101575,0.937858585858586,12.22721465076661,16.0,34.556,67.476,0.49846476447240323,0.9897997733282962,0,0.0070272572402044296,1.0
32,50,bsps_ack,0.2,1.0,100,20,15.228,587.8417050505051,0.05989135791586772,0.9134141414141415,12.350190839694656,16.0,35.892,67.724,0.49862135777628736,0.9897562698693041,0,0.007872137404580152,1.0
33,50,bsps_ack,0.2,1.0,100,19,15.78,594.3605656565655,0.07084713673361764,1.1139797979797976,13.701986754966887,17.0,30.244,73.548,0.4981527093596059,0.9927872230808862,0,0.005094243504839531,1.0
34,50,bsps_ack,0.2,1.0,100,18,14.492,590.3760040404042,0.06694957989129112,0.9726464646464646,13.349906774394034,16.0,34.448,68.684,0.49842041312272173,0.9890772128060263,0,0.00725088046405635,1.0
35,50,bsps_ack,0.2,1.0,100,24,18.488,586.0184929292931,0.04937811693747135,0.8984646464646464,14.73702747123738,23.0,33.688,68.684,0.4981479886295116,0.9882620219613782,0,0.008922282225874618,1.0
36,50,bsps_ack,0.2,0.97,97,21,15.932,587.5583791666667,0.05766296457222831,0.91725,13.58382903723287,18.0,32.956,65.424,0.4978531402372462,0.9891707039042462,0,0.009253139458030404,1.0
37,50,bsps_ack,0.2,0.96,96,21,16.188,590.195225263158,0.05805414057580751,0.9421052631578948,14.995346290719956,20.0,34.924,64.78,0.49825510382132265,0.9890734265734266,0,0.008486175745962223,1.0
38,50,bsps_ack,0.2,1.0,100,17,14.376,590.8800525252526,0.068679464811283,0.9813333333333333,13.050495426829269,17.0,34.504,68.756,0.4983124578114453,0.9914745816229871,0,0.0064786585365853655,1.0
39,50,bsps_ack,0.2,1.0,100,19,14.444,588.9300525252526,0.06629759384670258,0.952,12.749572284003422,16.0,32.884,68.06,0.4981684981684982,0.9888701517706576,0,0.009409751924721984,1.0
40,50,bsps_ack,0.2,1.0,100,18,14.26,592.5250383838385,0.07224349386996445,1.027878787878788,13.743829468960358,17.0,31.796,69.2,0.49805929473945,0.9888570518943012,0,0.007853403141361256,1.0
41,50,bsps_ack,0.2,1.0,100,19,14.384,588.5041010101011,0.06359942847092204,0.9132929292929293,12.856124432922877,17.0,35.332,66.656,0.4984083674397453,0.9907341411261582,0,0.006696910779866062,1.0
42,50,bsps_ack,0.2,1.0,100,17,14.18,590.3226020202021,0.06714193848338232,0.9625858585858587,12.97076923076923,16.0,33.996,67.692,0.4981977145486617,0.9895305639986491,0,0.007912087912087912,1.0
43,50,bsps_ack,0.2,0.96,96,20,14.668,590.6520210526315,0.06833850562885596,0.9883368421052632,12.022769690182905,18.0,30.936,65.876,0.49837034791177137,0.9923824533753611,0,0.006532288167226577,1.0
44,50,bsps_ack,0.2,1.0,100,19,15.632,590.0416282828284,0.06272254901960785,0.9820202020202021,13.206493763611165,16.0,33.52,69.852,0.4982854530214128,0.9908202546639029,0,0.006929320926549199,1.0
45,50,bsps_ack,0.2,1.0,100,17,14.156,592.1418868686869,0.07219991204082113,1.0225454545454544,12.831681205392545,16.0,31.78,69.04,0.49819161215852253,0.989018302828619,0,0.007731958762886598,1.0
46,50,bsps_ack,0.2,0.99,99,19,15.604,589.8278163265306,0.06153226285308803,0.960408163265306,13.840324495449149,17.0,35.08,68.252,0.49835886214442016,0.9896449704142012,0,0.007716660071230708,1.0
47,50,bsps_ack,0.2,1.0,100,19,14.284,587.1848444444445,0.06284699542551593,0.8990707070707071,12.511474054165806,16.0,34.496,67.396,0.49854372380478795,0.9921121822962313,0,0.006822410585073393,1.0
48,50,bsps_ack,0.2,0.99,99,18,14.536,587.8664693877552,0.06309658614361495,0.9216326530612244,12.535489290214196,17.0,34.128,67.412,0.49835706462212487,0.9893303899926417,0,0.007139857202855943,1.0
49,50,bsps_ack,0.2,1.0,100,18,14.576,587.1398303030304,0.0599223427816307,0.8774949494949495,13.043807719630594,17.0,36.56,66.416,0.4984403799801503,0.9910158949550795,0,0.006867156050201279,1.0
