net,scheme,overhead,p,nodes,reachable,frame_len,energy_uC,duty_b,radio_on,latency,latency_p95,wasted,granted,removal,service,failed,delayed,pdr
0,static,none,0.0,99,0.99,19.0,529.0510204081631,0.04779806659505907,0.9081632653061222,nan,nan,98.0,98.0,0.0,nan,0,nan,nan
1,static,none,0.0,100,1.0,18.0,529.5252525252525,0.0510662177328844,0.9191919191919191,nan,nan,99.0,99.0,0.0,nan,0,nan,nan
2,static,none,0.0,100,1.0,20.0,528.2222222222223,0.044444444444444446,0.8888888888888892,nan,nan,99.0,99.0,0.0,nan,0,nan,nan
3,static,none,0.0,99,0.99,18.0,528.1734693877551,0.04931972789115646,0.8877551020408164,nan,nan,98.0,98.0,0.0,nan,0,nan,nan
4,static,none,0.0,100,1.0,19.0,529.0909090909091,0.04784688995215312,0.909090909090909,nan,nan,99.0,99.0,0.0,nan,0,nan,nan
5,static,none,0.0,97,0.97,19.0,527.6250000000001,0.04605263157894736,0.875,nan,nan,96.0,96.0,0.0,nan,0,nan,nan
6,static,none,0.0,100,1.0,21.0,529.5252525252525,0.04377104377104378,0.9191919191919191,nan,nan,99.0,99.0,0.0,nan,0,nan,nan
7,static,none,0.0,100,1.0,18.0,527.3535353535354,0.04826038159371492,0.8686868686868686,nan,nan,99.0,99.0,0.0,nan,0,nan,nan
8,static,none,0.0,100,1.0,22.0,526.4848484848484,0.03856749311294766,0.8484848484848484,nan,nan,99.0,99.0,0.0,nan,0,nan,nan
9,static,none,0.0,100,1.0,21.0,527.7878787878789,0.04184704184704184,0.8787878787878788,nan,nan,99.0,99.0,0.0,nan,0,nan,nan
10,static,none,0.0,100,1.0,22.0,529.9595959595962,0.042240587695133155,0.9292929292929291,nan,nan,99.0,99.0,0.0,nan,0,nan,nan
11,static,none,0.0,100,1.0,22.0,528.6565656565656,0.04086317722681359,0.8989898989898991,nan,nan,99.0,99.0,0.0,nan,0,nan,nan
12,static,none,0.0,100,1.0,19.0,528.2222222222224,0.04678362573099414,0.8888888888888892,nan,nan,99.0,99.0,0.0,nan,0,nan,nan
13,static,none,0.0,100,1.0,18.0,527.7878787878789,0.04882154882154883,0.8787878787878788,nan,nan,99.0,99.0,0.0,nan,0,nan,nan
14,static,none,0.0,100,1.0,18.0,528.6565656565656,0.04994388327721661,0.8989898989898991,nan,nan,99.0,99.0,0.0,nan,0,nan,nan
15,static,none,0.0,100,1.0,18.0,527.7878787878789,0.04882154882154883,0.8787878787878788,nan,nan,99.0,99.0,0.0,nan,0,nan,nan
16,static,none,0.0,82,0.82,20.0,529.8148148148148,0.046296296296296294,0.9259259259259257,nan,nan,81.0,81.0,0.0,nan,0,nan,nan
17,static,none,0.0,97,0.97,20.0,528.0729166666667,0.04427083333333333,0.8854166666666666,nan,nan,96.0,96.0,0.0,nan,0,nan,nan
18,static,none,0.0,100,1.0,20.0,527.7878787878789,0.04393939393939394,0.8787878787878788,nan,nan,99.0,99.0,0.0,nan,0,nan,nan
19,static,none,0.0,100,1.0,19.0,528.6565656565656,0.04731525784157364,0.8989898989898991,nan,nan,99.0,99.0,0.0,nan,0,nan,nan
20,static,none,0.0,100,1.0,18.0,529.0909090909091,0.050505050505050504,0.909090909090909,nan,nan,99.0,99.0,0.0,nan,0,nan,nan
21,static,none,0.0,100,1.0,18.0,529.9595959595961,0.05162738496071829,0.9292929292929291,nan,nan,99.0,99.0,0.0,nan,0,nan,nan
22,static,none,0.0,97,0.97,17.0,529.4166666666667,0.053921568627451,0.9166666666666665,nan,nan,96.0,96.0,0.0,nan,0,nan,nan
23,static,none,0.0,97,0.97,19.0,530.3125,0.049342105263157895,0.9375,nan,nan,96.0,96.0,0.0,nan,0,nan,nan
24,static,none,0.0,100,1.0,18.0,529.9595959595961,0.05162738496071829,0.9292929292929291,nan,nan,99.0,99.0,0.0,nan,0,nan,nan
25,static,none,0.0,99,0.99,18.0,528.1734693877551,0.04931972789115646,0.8877551020408164,nan,nan,98.0,98.0,0.0,nan,0,nan,nan
26,static,none,0.0,100,1.0,20.0,528.6565656565656,0.044949494949494954,0.8989898989898991,nan,nan,99.0,99.0,0.0,nan,0,nan,nan
27,static,none,0.0,100,1.0,19.0,527.7878787878789,0.04625199362041467,0.8787878787878788,nan,nan,99.0,99.0,0.0,nan,0,nan,nan
28,static,none,0.0,100,1.0,18.0,527.3535353535353,0.04826038159371492,0.8686868686868686,nan,nan,99.0,99.0,0.0,nan,0,nan,nan
29,static,none,0.0,100,1.0,18.0,529.0909090909091,0.050505050505050504,0.909090909090909,nan,nan,99.0,99.0,0.0,nan,0,nan,nan
30,static,none,0.0,93,0.93,19.0,531.5978260869564,0.0509153318077803,0.967391304347826,nan,nan,92.0,92.0,0.0,nan,0,nan,nan
31,static,none,0.0,100,1.0,17.0,529.0909090909091,0.053475935828877004,0.909090909090909,nan,nan,99.0,99.0,0.0,nan,0,nan,nan
32,static,none,0.0,100,1.0,20.0,528.6565656565656,0.044949494949494954,0.8989898989898991,nan,nan,99.0,99.0,0.0,nan,0,nan,nan
33,static,none,0.0,100,1.0,19.0,529.9595959595961,0.04891015417331208,0.9292929292929291,nan,nan,99.0,99.0,0.0,nan,0,nan,nan
34,static,none,0.0,100,1.0,18.0,529.5252525252525,0.0510662177328844,0.9191919191919191,nan,nan,99.0,99.0,0.0,nan,0,nan,nan
35,static,none,0.0,100,1.0,24.0,524.7474747474746,0.033670033670033676,0.8080808080808081,nan,nan,99.0,99.0,0.0,nan,0,nan,nan
36,static,none,0.0,97,0.97,21.0,527.6250000000001,0.04166666666666666,0.875,nan,nan,96.0,96.0,0.0,nan,0,nan,nan
37,static,none,0.0,96,0.96,21.0,529.8315789473683,0.04411027568922306,0.9263157894736842,nan,nan,95.0,95.0,0.0,nan,0,nan,nan
38,static,none,0.0,100,1.0,17.0,529.9595959595962,0.05466428995840761,0.9292929292929291,nan,nan,99.0,99.0,0.0,nan,0,nan,nan
39,static,none,0.0,100,1.0,19.0,528.2222222222223,0.04678362573099414,0.8888888888888892,nan,nan,99.0,99.0,0.0,nan,0,nan,nan
40,static,none,0.0,100,1.0,18.0,530.3939393939393,0.052188552188552194,0.9393939393939394,nan,nan,99.0,99.0,0.0,nan,0,nan,nan
41,static,none,0.0,100,1.0,19.0,529.0909090909091,0.04784688995215312,0.909090909090909,nan,nan,99.0,99.0,0.0,nan,0,nan,nan
42,static,none,0.0,100,1.0,17.0,529.5252525252525,0.05407011289364229,0.9191919191919191,nan,nan,99.0,99.0,0.0,nan,0,nan,nan
43,static,none,0.0,96,0.96,20.0,528.9263157894737,0.04526315789473685,0.9052631578947369,nan,nan,95.0,95.0,0.0,nan,0,nan,nan
44,static,none,0.0,100,1.0,19.0,528.2222222222224,0.04678362573099414,0.8888888888888892,nan,nan,99.0,99.0,0.0,nan,0,nan,nan
45,static,none,0.0,100,1.0,17.0,530.3939393939393,0.05525846702317291,0.9393939393939394,nan,nan,99.0,99.0,0.0,nan,0,nan,nan
46,static,none,0.0,99,0.99,19.0,529.4897959183673,0.048335123523093444,0.9183673469387756,nan,nan,98.0,98.0,0.0,nan,0,nan,nan
47,static,none,0.0,100,1.0,19.0,526.0505050505052,0.04412546517809675,0.8383838383838386,nan,nan,99.0,99.0,0.0,nan,0,nan,nan
48,static,none,0.0,99,0.99,18.0,527.2959183673469,0.0481859410430839,0.8673469387755102,nan,nan,98.0,98.0,0.0,nan,0,nan,nan
49,static,none,0.0,100,1.0,18.0,527.3535353535354,0.04826038159371492,0.8686868686868686,nan,nan,99.0,99.0,0.0,nan,0,nan,nan
0,static,none,0.02,99,0.99,19.0,533.7002775510203,0.050779806659505905,0.9648163265306123,15.032454361054766,19.0,92.448,98.0,0.0,1.0,0,0.0,1.0
1,static,none,0.02,100,1.0,18.0,535.1289535353535,0.05477890011223345,0.9860202020202021,16.30879345603272,18.0,92.384,99.0,0.0,1.0,0,0.0,1.0
2,static,none,0.02,100,1.0,20.0,533.4367797979799,0.0475939393939394,0.9518787878787879,16.83195020746888,20.0,92.764,99.0,0.0,1.0,0,0.0,1.0
3,static,none,0.02,99,0.99,18.0,532.6482530612246,0.05236734693877551,0.9426122448979593,14.392781316348195,18.0,92.624,98.0,0.0,1.0,0,0.0,1.0
4,static,none,0.02,100,1.0,19.0,534.1875313131313,0.05107496012759171,0.9704242424242425,15.98995983935743,19.0,92.928,99.0,0.0,1.0,0,0.0,1.0
5,static,none,0.02,97,0.97,19.0,532.4769333333335,0.049184210526315796,0.9345,14.664596273291925,19.0,90.288,96.0,0.0,1.0,0,0.0,1.0
6,static,none,0.02,100,1.0,21.0,534.9517737373737,0.04689562289562289,0.9848080808080808,17.027613412228796,21.0,92.504,99.0,0.0,1.0,0,0.0,1.0
7,static,none,0.02,100,1.0,18.0,531.9930868686869,0.05140965207631874,0.9253737373737374,15.512922465208748,18.0,93.388,99.0,0.0,1.0,0,0.0,1.0
8,static,none,0.02,100,1.0,22.0,530.6872242424243,0.040936639118457296,0.9006060606060605,18.219315895372233,22.0,93.84,99.0,0.0,1.0,0,0.0,1.0
9,static,none,0.02,100,1.0,21.0,532.1553414141415,0.044377104377104376,0.9319191919191919,18.0668016194332,21.0,93.74,99.0,0.0,1.0,0,0.0,1.0
10,static,none,0.02,100,1.0,22.0,535.2096121212122,0.04508539944903581,0.9918787878787879,17.444906444906444,22.0,92.804,99.0,0.0,1.0,0,0.0,1.0
11,static,none,0.02,100,1.0,22.0,532.9747797979799,0.04326905417814508,0.9519191919191919,17.47608695652174,22.0,93.76,99.0,0.0,1.0,0,0.0,1.0
12,static,none,0.02,100,1.0,19.0,532.4368686868688,0.049490696438064856,0.9403232323232323,16.251121076233183,19.0,93.908,99.0,0.0,1.0,0,0.0,1.0
13,static,none,0.02,100,1.0,18.0,533.1053656565656,0.05240852974186307,0.9433535353535354,14.608267716535433,18.0,92.608,99.0,0.0,1.0,0,0.0,1.0
14,static,none,0.02,100,1.0,18.0,533.3934787878787,0.053171717171717175,0.9570909090909091,15.335907335907336,18.0,93.248,99.0,0.0,1.0,0,0.0,1.0
15,static,none,0.02,100,1.0,18.0,532.65898989899,0.05213019079685746,0.9383434343434344,15.521484375,18.0,93.104,99.0,0.0,1.0,0,0.0,1.0
16,static,none,0.02,82,0.82,20.0,534.46947654321,0.04913333333333333,0.9826666666666667,16.58839050131926,20.0,76.404,81.0,0.0,1.0,0,0.0,1.0
17,static,none,0.02,97,0.97,20.0,532.5914125,0.047039583333333336,0.9407916666666667,14.782051282051283,20.0,90.684,96.0,0.0,1.0,0,0.0,1.0
18,static,none,0.02,100,1.0,20.0,532.345793939394,0.04672727272727272,0.9345454545454545,15.875510204081632,20.0,93.48,99.0,0.0,1.0,0,0.0,1.0
19,static,none,0.02,100,1.0,19.0,533.2021090909092,0.050254120148856996,0.9548282828282828,15.961224489795919,19.0,93.472,99.0,0.0,1.0,0,0.0,1.0
20,static,none,0.02,100,1.0,18.0,534.754197979798,0.05430751964085297,0.9775353535353535,15.518783542039357,18.0,92.224,99.0,0.0,1.0,0,0.0,1.0
21,static,none,0.02,100,1.0,18.0,535.9933696969697,0.05561616161616162,1.0010909090909093,15.23015873015873,18.0,91.892,99.0,0.0,1.0,0,0.0,1.0
22,static,none,0.02,97,0.97,17.0,533.7902875000001,0.057056372549019616,0.9699583333333333,14.840449438202247,17.0,90.884,96.0,0.0,1.0,0,0.0,1.0
23,static,none,0.02,97,0.97,19.0,535.8152750000002,0.052833333333333336,1.0038333333333334,17.25,19.0,89.632,96.0,0.0,1.0,0,0.0,1.0
24,static,none,0.02,100,1.0,18.0,534.6595313131313,0.05480583613916947,0.9865050505050503,16.045081967213115,18.0,93.336,99.0,0.0,1.0,0,0.0,1.0
25,static,none,0.02,99,0.99,18.0,532.3259346938776,0.05215419501133787,0.9387755102040817,14.086021505376344,18.0,93.0,98.0,0.0,1.0,0,0.0,1.0
26,static,none,0.02,100,1.0,20.0,532.869995959596,0.04754747474747474,0.9509494949494949,16.112334801762113,20.0,93.856,99.0,0.0,1.0,0,0.0,1.0
27,static,none,0.02,100,1.0,19.0,533.0237292929293,0.049601275917065396,0.9424242424242424,14.287698412698413,19.0,92.7,99.0,0.0,1.0,0,0.0,1.0
28,static,none,0.02,100,1.0,18.0,531.5277535353536,0.05111335578002245,0.9200404040404041,14.907327586206897,18.0,93.916,99.0,0.0,1.0,0,0.0,1.0
29,static,none,0.02,100,1.0,18.0,533.4369010101011,0.0534702581369248,0.9624646464646465,15.030368763557483,18.0,93.716,99.0,0.0,1.0,0,0.0,1.0
30,static,none,0.02,93,0.93,19.0,536.7476782608696,0.05417848970251715,1.029391304347826,17.355042016806724,19.0,86.296,92.0,0.0,1.0,0,0.0,1.0
31,static,none,0.02,100,1.0,17.0,533.6027272727273,0.056705882352941175,0.964,15.133333333333333,17.0,93.564,99.0,0.0,1.0,0,0.0,1.0
32,static,none,0.02,100,1.0,20.0,533.2141414141414,0.047733333333333336,0.9546666666666667,16.53731343283582,20.0,93.488,99.0,0.0,1.0,0,0.0,1.0
33,static,none,0.02,100,1.0,19.0,535.3567636363637,0.052357256778309415,0.9947878787878788,16.360078277886497,19.0,92.516,99.0,0.0,1.0,0,0.0,1.0
34,static,none,0.02,100,1.0,18.0,534.8264161616162,0.05464421997755331,0.9835959595959596,15.759776536312849,18.0,92.624,99.0,0.0,1.0,0,0.0,1.0
35,static,none,0.02,100,1.0,24.0,528.8166303030304,0.03578114478114478,0.8587474747474748,19.23265306122449,24.0,93.984,99.0,0.0,1.0,0,0.0,1.0
36,static,none,0.02,97,0.97,21.0,531.9246208333334,0.04418849206349206,0.9279583333333333,17.782978723404256,21.0,90.916,96.0,0.0,1.0,0,0.0,1.0
37,static,none,0.02,96,0.96,21.0,534.9691957894736,0.04704561403508772,0.9879578947368421,17.373101952277658,21.0,89.144,95.0,0.0,1.0,0,0.0,1.0
38,static,none,0.02,100,1.0,17.0,535.0618666666667,0.05831016042780749,0.9912727272727273,14.720149253731343,17.0,92.864,99.0,0.0,1.0,0,0.0,1.0
39,static,none,0.02,100,1.0,19.0,532.7860646464646,0.04973737373737374,0.945010101010101,15.695219123505977,19.0,93.444,99.0,0.0,1.0,0,0.0,1.0
40,static,none,0.02,100,1.0,18.0,535.5329858585859,0.05561391694725028,1.0010505050505052,15.90356394129979,18.0,92.896,99.0,0.0,1.0,0,0.0,1.0
41,static,none,0.02,100,1.0,19.0,533.9910747474747,0.05099627857522594,0.968929292929293,16.64,19.0,93.076,99.0,0.0,1.0,0,0.0,1.0
42,static,none,0.02,100,1.0,17.0,534.1375838383839,0.05734521687462863,0.9748686868686869,15.093181818181819,17.0,93.488,99.0,0.0,1.0,0,0.0,1.0
43,static,none,0.02,96,0.96,20.0,534.1504210526317,0.04841052631578947,0.9682105263157895,15.490526315789474,20.0,89.02,95.0,0.0,1.0,0,0.0,1.0
44,static,none,0.02,100,1.0,19.0,532.5930383838385,0.049609782030834666,0.9425858585858585,16.377319587628865,19.0,93.684,99.0,0.0,1.0,0,0.0,1.0
45,static,none,0.02,100,1.0,17.0,535.4086262626263,0.058821152703505644,0.9999595959595959,15.316008316008316,17.0,93.004,99.0,0.0,1.0,0,0.0,1.0
46,static,none,0.02,99,0.99,19.0,533.8382040816326,0.05113641245972073,0.9715918367346938,16.36842105263158,19.0,92.784,98.0,0.0,1.0,0,0.0,1.0
47,static,none,0.02,100,1.0,19.0,530.8216606060606,0.04718979266347688,0.8966060606060605,15.85,19.0,93.236,99.0,0.0,1.0,0,0.0,1.0
48,static,none,0.02,99,0.99,18.0,531.735787755102,0.05122902494331066,0.922122448979592,15.02385685884692,18.0,92.632,98.0,0.0,1.0,0,0.0,1.0
49,static,none,0.02,100,1.0,18.0,531.7406949494949,0.05125925925925926,0.9226666666666666,14.981707317073171,18.0,93.656,99.0,0.0,1.0,0,0.0,1.0
0,static,none,0.05,99,0.99,19.0,539.7807836734694,0.054590762620837806,1.0372244897959184,14.955940204563335,19.0,85.352,98.0,0.0,1.0,0,0.0,1.0
1,static,none,0.05,100,1.0,18.0,541.7388282828284,0.05904826038159371,1.0628686868686867,16.44076222038111,18.0,84.776,99.0,0.0,1.0,0,0.0,1.0
2,static,none,0.05,100,1.0,20.0,539.5565212121212,0.05125858585858586,1.0251717171717174,16.994295028524856,20.0,85.508,99.0,0.0,1.0,0,0.0,1.0
3,static,none,0.05,99,0.99,18.0,538.7629510204082,0.05648299319727891,1.0166938775510201,14.48734693877551,18.0,85.364,98.0,0.0,1.0,0,0.0,1.0
4,static,none,0.05,100,1.0,19.0,540.5124686868687,0.05499202551834131,1.044848484848485,15.96132596685083,19.0,85.56,99.0,0.0,1.0,0,0.0,1.0
5,static,none,0.05,97,0.97,19.0,538.9304458333335,0.05327412280701754,1.0122083333333334,14.481692432872254,19.0,82.828,96.0,0.0,1.0,0,0.0,1.0
6,static,none,0.05,100,1.0,21.0,540.6697373737373,0.05013179413179413,1.0527676767676768,17.295587010824313,21.0,85.776,99.0,0.0,1.0,0,0.0,1.0
7,static,none,0.05,100,1.0,18.0,537.707898989899,0.05522109988776656,0.9939797979797981,15.331184528605963,18.0,86.596,99.0,0.0,1.0,0,0.0,1.0
8,static,none,0.05,100,1.0,22.0,536.0524444444445,0.04391184573002755,0.9660606060606061,18.207095709570957,22.0,87.36,99.0,0.0,1.0,0,0.0,1.0
9,static,none,0.05,100,1.0,21.0,537.4892282828283,0.04738816738816738,0.9951515151515152,18.060480530240266,21.0,87.48,99.0,0.0,1.0,0,0.0,1.0
10,static,none,0.05,100,1.0,22.0,541.2972606060607,0.048286501377410466,1.0623030303030303,17.159869494290376,22.0,85.832,99.0,0.0,1.0,0,0.0,1.0
11,static,none,0.05,100,1.0,22.0,539.0041454545456,0.04657483930211202,1.0246464646464646,17.819015846538782,22.0,86.56,99.0,0.0,1.0,0,0.0,1.0
12,static,none,0.05,100,1.0,19.0,538.2166545454545,0.05313769271664009,1.0096161616161616,16.216723549488055,19.0,87.048,99.0,0.0,1.0,0,0.0,1.0
13,static,none,0.05,100,1.0,18.0,539.3296323232323,0.05655667789001123,1.018020202020202,14.519138755980862,18.0,85.216,99.0,0.0,1.0,0,0.0,1.0
14,static,none,0.05,100,1.0,18.0,538.920892929293,0.05687766554433222,1.02379797979798,15.39277108433735,18.0,86.644,99.0,0.0,1.0,0,0.0,1.0
15,static,none,0.05,100,1.0,18.0,538.6103313131314,0.05612794612794613,1.0103030303030303,15.545384018619085,18.0,85.98,99.0,0.0,1.0,0,0.0,1.0
16,static,none,0.05,82,0.82,20.0,540.5908296296296,0.05279259259259259,1.0558518518518518,16.539406345957012,20.0,70.476,81.0,0.0,1.0,0,0.0,1.0
17,static,none,0.05,97,0.97,20.0,538.4522583333332,0.05059166666666667,1.0118333333333336,14.668664383561644,20.0,83.864,96.0,0.0,1.0,0,0.0,1.0
18,static,none,0.05,100,1.0,20.0,538.456496969697,0.05041818181818181,1.0083636363636364,15.979508196721312,20.0,86.172,99.0,0.0,1.0,0,0.0,1.0
19,static,none,0.05,100,1.0,19.0,539.3621616161616,0.054181818181818185,1.0294545454545454,16.041834271922767,19.0,86.084,99.0,0.0,1.0,0,0.0,1.0
20,static,none,0.05,100,1.0,18.0,540.9495878787878,0.05839057239057239,1.051030303030303,15.431522570772762,18.0,84.948,99.0,0.0,1.0,0,0.0,1.0
21,static,none,0.05,100,1.0,18.0,542.5366545454546,0.05985185185185185,1.0773333333333335,15.327830188679245,18.0,84.344,99.0,0.0,1.0,0,0.0,1.0
22,static,none,0.05,97,0.97,17.0,540.2025375000001,0.061536764705882346,1.046125,14.93192868719611,17.0,83.572,96.0,0.0,1.0,0,0.0,1.0
23,static,none,0.05,97,0.97,19.0,542.5433041666666,0.05700219298245614,1.0830416666666665,17.40533778148457,19.0,82.028,96.0,0.0,1.0,0,0.0,1.0
24,static,none,0.05,100,1.0,18.0,540.6877979797979,0.058805836139169475,1.0585050505050506,16.0528,18.0,86.208,99.0,0.0,1.0,0,0.0,1.0
25,static,none,0.05,99,0.99,18.0,538.0684612244899,0.056011337868480726,1.008204081632653,14.186610878661089,18.0,86.196,98.0,0.0,1.0,0,0.0,1.0
26,static,none,0.05,100,1.0,20.0,538.7835232323233,0.05114343434343434,1.022868686868687,16.120168067226892,20.0,86.736,99.0,0.0,1.0,0,0.0,1.0
27,static,none,0.05,100,1.0,19.0,539.5579191919193,0.05372674109516216,1.0208080808080808,14.252581413820492,19.0,84.94,99.0,0.0,1.0,0,0.0,1.0
28,static,none,0.05,100,1.0,18.0,537.3030707070708,0.05499438832772166,0.98989898989899,14.983164983164983,18.0,87.0,99.0,0.0,1.0,0,0.0,1.0
29,static,none,0.05,100,1.0,18.0,539.2906222222223,0.05741189674523008,1.0334141414141413,14.973993288590604,18.0,86.692,99.0,0.0,1.0,0,0.0,1.0
30,static,none,0.05,93,0.93,19.0,542.4166478260871,0.057677345537757434,1.0958695652173913,17.351657940663177,19.0,80.18,92.0,0.0,1.0,0,0.0,1.0
31,static,none,0.05,100,1.0,17.0,539.6319717171717,0.06094117647058824,1.036,15.24,17.0,86.436,99.0,0.0,1.0,0,0.0,1.0
32,static,none,0.05,100,1.0,20.0,539.1373656565656,0.0513050505050505,1.0261010101010102,16.686258278145694,20.0,86.416,99.0,0.0,1.0,0,0.0,1.0
33,static,none,0.05,100,1.0,19.0,541.4830101010101,0.056210526315789475,1.068,16.399183673469388,19.0,85.268,99.0,0.0,1.0,0,0.0,1.0
34,static,none,0.05,100,1.0,18.0,541.3882626262628,0.058983164983164985,1.0616969696969698,15.879062736205594,18.0,84.892,99.0,0.0,1.0,0,0.0,1.0
35,static,none,0.05,100,1.0,24.0,534.3436484848486,0.03862457912457913,0.9269898989898989,19.080525883319638,24.0,87.228,99.0,0.0,1.0,0,0.0,1.0
36,static,none,0.05,97,0.97,21.0,537.7575416666667,0.047563492063492065,0.9988333333333334,17.803807947019866,21.0,84.112,96.0,0.0,1.0,0,0.0,1.0
37,static,none,0.05,96,0.96,21.0,541.6039494736842,0.050746867167919804,1.0656842105263158,17.447346251053077,21.0,81.76,95.0,0.0,1.0,0,0.0,1.0
38,static,none,0.05,100,1.0,17.0,540.7860161616162,0.06230540701128936,1.0591919191919195,14.664804469273744,17.0,86.14,99.0,0.0,1.0,0,0.0,1.0
39,static,none,0.05,100,1.0,19.0,538.2961777777779,0.053239766081871344,1.0115555555555555,15.876961189099918,19.0,86.856,99.0,0.0,1.0,0,0.0,1.0
40,static,none,0.05,100,1.0,18.0,541.8339757575758,0.05969696969696969,1.0745454545454545,15.926494345718902,18.0,85.62,99.0,0.0,1.0,0,0.0,1.0
41,static,none,0.05,100,1.0,19.0,539.7835717171718,0.054643274853801174,1.0382222222222222,16.63249211356467,19.0,86.216,99.0,0.0,1.0,0,0.0,1.0
42,static,none,0.05,100,1.0,17.0,540.2130626262626,0.06156387403446227,1.0465858585858587,15.178509532062392,17.0,86.388,99.0,0.0,1.0,0,0.0,1.0
43,static,none,0.05,96,0.96,20.0,540.5168336842105,0.05218947368421053,1.0437894736842106,15.192968111201962,20.0,81.84,95.0,0.0,1.0,0,0.0,1.0
44,static,none,0.05,100,1.0,19.0,538.0786262626264,0.05308665603402446,1.0086464646464646,16.26298433635614,19.0,87.144,99.0,0.0,1.0,0,0.0,1.0
45,static,none,0.05,100,1.0,17.0,541.818492929293,0.06326559714795009,1.0755151515151515,15.251203852327448,17.0,85.524,99.0,0.0,1.0,0,0.0,1.0
46,static,none,0.05,99,0.99,19.0,539.5869387755102,0.054775510204081626,1.040734693877551,16.419354838709676,19.0,86.008,98.0,0.0,1.0,0,0.0,1.0
47,static,none,0.05,100,1.0,19.0,536.8689858585859,0.051028176501860714,0.9695353535353536,15.877721943048575,19.0,86.016,99.0,0.0,1.0,0,0.0,1.0
48,static,none,0.05,99,0.99,18.0,537.0098040816328,0.05476190476190476,0.9857142857142858,15.171238570241064,18.0,86.4,98.0,0.0,1.0,0,0.0,1.0
49,static,none,0.05,100,1.0,18.0,537.2618626262627,0.05494725028058361,0.9890505050505051,15.11390284757119,18.0,87.084,99.0,0.0,1.0,0,0.0,1.0
0,static,none,0.1,99,0.99,19.0,547.5068448979592,0.05932330827067669,1.127142857142857,15.087464731962918,19.0,76.54,98.0,0.0,1.0,0,0.0,1.0
1,static,none,0.1,100,1.0,18.0,549.6231151515152,0.06409203142536476,1.1536565656565658,16.379821958456972,18.0,75.788,99.0,0.0,1.0,0,0.0,1.0
2,static,none,0.1,100,1.0,20.0,548.2507313131313,0.05638383838383838,1.1276767676767676,17.0048,20.0,75.36,99.0,0.0,1.0,0,0.0,1.0
3,static,none,0.1,99,0.99,18.0,546.6525836734695,0.06167573696145125,1.1101632653061224,14.603258655804481,18.0,76.204,98.0,0.0,1.0,0,0.0,1.0
4,static,none,0.1,100,1.0,19.0,548.062088888889,0.05958320042530569,1.1320808080808082,15.948109412711183,19.0,76.924,99.0,0.0,1.0,0,0.0,1.0
5,static,none,0.1,97,0.97,19.0,546.9477750000001,0.058285087719298245,1.1074166666666667,14.342738589211619,19.0,73.688,96.0,0.0,1.0,0,0.0,1.0
6,static,none,0.1,100,1.0,21.0,548.9125010101011,0.05472246272246272,1.1491717171717173,17.365431103948428,21.0,76.232,99.0,0.0,1.0,0,0.0,1.0
7,static,none,0.1,100,1.0,18.0,545.2118060606061,0.060148148148148145,1.0826666666666667,15.319727891156463,18.0,77.816,99.0,0.0,1.0,0,0.0,1.0
8,static,none,0.1,100,1.0,22.0,543.4259474747475,0.04793388429752066,1.0545454545454545,18.156237049316204,22.0,78.6,99.0,0.0,1.0,0,0.0,1.0
9,static,none,0.1,100,1.0,21.0,545.0112323232323,0.05156709956709957,1.082909090909091,18.04192611041926,21.0,78.792,99.0,0.0,1.0,0,0.0,1.0
10,static,none,0.1,100,1.0,22.0,549.2604282828283,0.052415059687786966,1.1531313131313132,17.226430629888842,22.0,76.84,99.0,0.0,1.0,0,0.0,1.0
11,static,none,0.1,100,1.0,22.0,547.0769737373738,0.05092194674012855,1.120282828282828,17.85453808752026,22.0,77.092,99.0,0.0,1.0,0,0.0,1.0
12,static,none,0.1,100,1.0,19.0,546.4641292929293,0.05825837320574163,1.106909090909091,16.208265139116204,19.0,77.416,99.0,0.0,1.0,0,0.0,1.0
13,static,none,0.1,100,1.0,18.0,547.2145818181818,0.06171268237934905,1.1108282828282827,14.57928542753914,18.0,76.028,99.0,0.0,1.0,0,0.0,1.0
14,static,none,0.1,100,1.0,18.0,546.9480040404042,0.06216161616161617,1.1189090909090909,15.314171656686627,18.0,77.228,99.0,0.0,1.0,0,0.0,1.0
15,static,none,0.1,100,1.0,18.0,546.2775111111112,0.06115824915824916,1.100848484848485,15.606854838709678,18.0,77.016,99.0,0.0,1.0,0,0.0,1.0
16,static,none,0.1,82,0.82,20.0,548.4066962962963,0.05738271604938272,1.1476543209876542,16.55527254202751,20.0,63.04,81.0,0.0,1.0,0,0.0,1.0
17,static,none,0.1,97,0.97,20.0,547.1535833333334,0.055758333333333326,1.1151666666666666,14.742582532386127,20.0,73.944,96.0,0.0,1.0,0,0.0,1.0
18,static,none,0.1,100,1.0,20.0,546.1368686868689,0.054991919191919196,1.0998383838383838,15.937033968516984,20.0,77.116,99.0,0.0,1.0,0,0.0,1.0
19,static,none,0.1,100,1.0,19.0,547.3951797979798,0.05920042530568846,1.124808080808081,16.05128205128205,19.0,76.644,99.0,0.0,1.0,0,0.0,1.0
20,static,none,0.1,100,1.0,18.0,548.7765454545455,0.0634455667789001,1.142020202020202,15.40756799369334,18.0,75.94,99.0,0.0,1.0,0,0.0,1.0
21,static,none,0.1,100,1.0,18.0,550.190997979798,0.06473176206509541,1.1651717171717173,15.275584206285254,18.0,75.648,99.0,0.0,1.0,0,0.0,1.0
22,static,none,0.1,97,0.97,17.0,547.8056958333333,0.06675245098039216,1.1347916666666664,14.901714763697198,17.0,75.06,96.0,0.0,1.0,0,0.0,1.0
23,static,none,0.1,97,0.97,19.0,550.5932250000001,0.06190350877192983,1.1761666666666668,17.486486486486488,19.0,73.088,96.0,0.0,1.0,0,0.0,1.0
24,static,none,0.1,100,1.0,18.0,548.6317535353536,0.06396632996632996,1.1513939393939392,16.0087929656275,18.0,77.012,99.0,0.0,1.0,0,0.0,1.0
25,static,none,0.1,99,0.99,18.0,546.2230204081633,0.06138321995464852,1.1048979591836734,14.219721767594107,18.0,76.72,98.0,0.0,1.0,0,0.0,1.0
26,static,none,0.1,100,1.0,20.0,546.6997454545455,0.05587676767676768,1.1175353535353538,16.14588528678304,20.0,77.364,99.0,0.0,1.0,0,0.0,1.0
27,static,none,0.1,100,1.0,19.0,547.4954505050506,0.05864540138224349,1.1142626262626263,14.31260162601626,19.0,75.688,99.0,0.0,1.0,0,0.0,1.0
28,static,none,0.1,100,1.0,18.0,545.0970868686868,0.060150392817059486,1.0827070707070707,14.956949569495695,18.0,77.812,99.0,0.0,1.0,0,0.0,1.0
29,static,none,0.1,100,1.0,18.0,547.8970707070706,0.06307744107744108,1.1353939393939394,14.952188006482983,18.0,76.596,99.0,0.0,1.0,0,0.0,1.0
30,static,none,0.1,93,0.93,19.0,550.1638565217391,0.06234553775743707,1.1845652173913042,17.401134875600174,19.0,72.02,92.0,0.0,1.0,0,0.0,1.0
31,static,none,0.1,100,1.0,17.0,547.6650666666667,0.0664622697563874,1.129858585858586,15.25812926535528,17.0,77.144,99.0,0.0,1.0,0,0.0,1.0
32,static,none,0.1,100,1.0,20.0,547.191296969697,0.05608888888888889,1.1217777777777778,16.692024539877302,20.0,76.944,99.0,0.0,1.0,0,0.0,1.0
33,static,none,0.1,100,1.0,19.0,549.9929131313131,0.06145241892610313,1.1675959595959595,16.493027071369976,19.0,75.408,99.0,0.0,1.0,0,0.0,1.0
34,static,none,0.1,100,1.0,18.0,549.0163878787879,0.06392368125701459,1.1506262626262629,15.863013698630137,18.0,76.088,99.0,0.0,1.0,0,0.0,1.0
35,static,none,0.1,100,1.0,24.0,542.2174101010103,0.04262794612794613,1.023070707070707,18.939655172413794,24.0,77.716,99.0,0.0,1.0,0,0.0,1.0
36,static,none,0.1,97,0.97,21.0,545.0906291666666,0.051736111111111115,1.0864583333333335,17.78282208588957,21.0,75.7,96.0,0.0,1.0,0,0.0,1.0
37,static,none,0.1,96,0.96,21.0,550.1169768421054,0.05542255639097745,1.1638736842105264,17.449353897457275,21.0,72.432,95.0,0.0,1.0,0,0.0,1.0
38,static,none,0.1,100,1.0,17.0,548.3474707070708,0.0674723707664884,1.147030303030303,14.666800804828974,17.0,77.444,99.0,0.0,1.0,0,0.0,1.0
39,static,none,0.1,100,1.0,19.0,546.6900848484848,0.058492291334396596,1.1113535353535353,15.81657989587505,19.0,76.976,99.0,0.0,1.0,0,0.0,1.0
40,static,none,0.1,100,1.0,18.0,549.7861090909091,0.06475869809203143,1.1656565656565656,15.945978391356542,18.0,76.6,99.0,0.0,1.0,0,0.0,1.0
41,static,none,0.1,100,1.0,19.0,547.0845131313131,0.059132376395534286,1.1235151515151516,16.630434782608695,19.0,77.772,99.0,0.0,1.0,0,0.0,1.0
42,static,none,0.1,100,1.0,17.0,548.2162424242424,0.06699465240641712,1.138909090909091,15.173987206823028,17.0,77.248,99.0,0.0,1.0,0,0.0,1.0
43,static,none,0.1,96,0.96,20.0,547.9447831578949,0.0565178947368421,1.1303578947368422,15.094809971393543,20.0,73.616,95.0,0.0,1.0,0,0.0,1.0
44,static,none,0.1,100,1.0,19.0,545.8431070707071,0.05790749601275917,1.1002424242424242,16.268202385849445,19.0,78.076,99.0,0.0,1.0,0,0.0,1.0
45,static,none,0.1,100,1.0,17.0,550.0934020202021,0.06889364230540701,1.1711919191919191,15.246019108280255,17.0,76.052,99.0,0.0,1.0,0,0.0,1.0
46,static,none,0.1,99,0.99,19.0,547.2221265306124,0.059508055853920515,1.1306530612244898,16.435853865760407,19.0,77.196,98.0,0.0,1.0,0,0.0,1.0
47,static,none,0.1,100,1.0,19.0,544.6498909090909,0.055889420520999475,1.06189898989899,15.943737166324436,19.0,76.872,99.0,0.0,1.0,0,0.0,1.0
48,static,none,0.1,99,0.99,18.0,544.1723918367347,0.059496598639455785,1.070938775510204,15.09106310885218,18.0,78.048,98.0,0.0,1.0,0,0.0,1.0
49,static,none,0.1,100,1.0,18.0,545.4332888888889,0.06031649831649832,1.0856969696969696,15.161173633440514,18.0,77.516,99.0,0.0,1.0,0,0.0,1.0
0,static,none,0.15,99,0.99,19.0,553.6535673469389,0.06304189044038667,1.197795918367347,15.057837837837837,19.0,69.616,98.0,0.0,1.0,0,0.0,1.0
1,static,none,0.15,100,1.0,18.0,556.5704484848486,0.0685117845117845,1.2332121212121212,16.395419426048566,18.0,67.912,99.0,0.0,1.0,0,0.0,1.0
2,static,none,0.15,100,1.0,20.0,554.5908727272727,0.06007070707070707,1.2014141414141413,17.00832661831856,20.0,68.06,99.0,0.0,1.0,0,0.0,1.0
3,static,none,0.15,99,0.99,18.0,553.139285714286,0.06588435374149659,1.185918367346939,14.531062670299727,18.0,68.78,98.0,0.0,1.0,0,0.0,1.0
4,static,none,0.15,100,1.0,19.0,554.1816040404041,0.06326634768740032,1.202060606060606,15.965942611960312,19.0,69.996,99.0,0.0,1.0,0,0.0,1.0
5,static,none,0.15,97,0.97,19.0,553.4665375000001,0.06228289473684209,1.183375,14.375696767001115,19.0,66.396,96.0,0.0,1.0,0,0.0,1.0
6,static,none,0.15,100,1.0,21.0,555.3629535353535,0.05827609427609428,1.2237979797979797,17.338572189664358,21.0,68.844,99.0,0.0,1.0,0,0.0,1.0
7,static,none,0.15,100,1.0,18.0,551.2894383838384,0.06408978675645342,1.1536161616161618,15.284904131785039,18.0,70.792,99.0,0.0,1.0,0,0.0,1.0
8,static,none,0.15,100,1.0,22.0,550.2796363636364,0.05161065197428833,1.1354343434343435,18.21674342996478,22.0,70.592,99.0,0.0,1.0,0,0.0,1.0
9,static,none,0.15,100,1.0,21.0,551.2011111111112,0.05498220298220298,1.154626262626263,17.941241685144124,21.0,71.692,99.0,0.0,1.0,0,0.0,1.0
10,static,none,0.15,100,1.0,22.0,555.6688727272729,0.055728191000918276,1.226020202020202,17.234007654455986,22.0,69.624,99.0,0.0,1.0,0,0.0,1.0
11,static,none,0.15,100,1.0,22.0,553.6421696969696,0.05440771349862259,1.196969696969697,17.82435344827586,22.0,69.5,99.0,0.0,1.0,0,0.0,1.0
12,static,none,0.15,100,1.0,19.0,553.3130464646465,0.06244976076555024,1.1865454545454546,16.187349236129723,19.0,69.532,99.0,0.0,1.0,0,0.0,1.0
13,static,none,0.15,100,1.0,18.0,553.3515797979799,0.06567003367003367,1.1820606060606063,14.599622030237581,18.0,68.976,99.0,0.0,1.0,0,0.0,1.0
14,static,none,0.15,100,1.0,18.0,553.5895272727273,0.06644219977553312,1.195959595959596,15.316329213778596,18.0,69.6,99.0,0.0,1.0,0,0.0,1.0
15,static,none,0.15,100,1.0,18.0,553.3064646464646,0.06573288439955106,1.1831919191919191,15.569513797634691,18.0,68.864,99.0,0.0,1.0,0,0.0,1.0
16,static,none,0.15,82,0.82,20.0,554.8453037037038,0.06109135802469136,1.2218271604938273,16.596397598398934,20.0,57.032,81.0,0.0,1.0,0,0.0,1.0
17,static,none,0.15,97,0.97,20.0,553.8192166666668,0.05965416666666667,1.1930833333333333,14.759685569904548,20.0,66.464,96.0,0.0,1.0,0,0.0,1.0
18,static,none,0.15,100,1.0,20.0,552.9401696969696,0.058977777777777775,1.1795555555555555,15.907567567567568,20.0,69.224,99.0,0.0,1.0,0,0.0,1.0
19,static,none,0.15,100,1.0,19.0,553.7441818181819,0.06310047846889952,1.198909090909091,16.022299838796346,19.0,69.308,99.0,0.0,1.0,0,0.0,1.0
20,static,none,0.15,100,1.0,18.0,554.8445373737375,0.06732435465768799,1.211838383838384,15.439070016034206,18.0,69.028,99.0,0.0,1.0,0,0.0,1.0
21,static,none,0.15,100,1.0,18.0,556.2079636363636,0.06854994388327722,1.2338989898989898,15.236799568965518,18.0,68.844,99.0,0.0,1.0,0,0.0,1.0
22,static,none,0.15,97,0.97,17.0,554.0774291666667,0.07098774509803919,1.2067916666666667,14.865008384572386,17.0,68.148,96.0,0.0,1.0,0,0.0,1.0
23,static,none,0.15,97,0.97,19.0,557.0524499999999,0.06578070175438595,1.2498333333333334,17.521288515406162,19.0,66.016,96.0,0.0,1.0,0,0.0,1.0
24,static,none,0.15,100,1.0,18.0,554.9534545454546,0.068,1.224,15.991105121293801,18.0,69.824,99.0,0.0,1.0,0,0.0,1.0
25,static,none,0.15,99,0.99,18.0,552.5242816326532,0.06545804988662132,1.1782448979591835,14.231126914660832,18.0,69.532,98.0,0.0,1.0,0,0.0,1.0
26,static,none,0.15,100,1.0,20.0,553.1813696969698,0.05967070707070707,1.1934141414141413,16.07194046306505,20.0,69.852,99.0,0.0,1.0,0,0.0,1.0
27,static,none,0.15,100,1.0,19.0,554.3875111111112,0.06287506645401382,1.194626262626263,14.178658043654002,19.0,67.732,99.0,0.0,1.0,0,0.0,1.0
28,static,none,0.15,100,1.0,18.0,551.8628121212123,0.06454769921436587,1.161858585858586,14.952664322423587,18.0,69.976,99.0,0.0,1.0,0,0.0,1.0
29,static,none,0.15,100,1.0,18.0,555.1551676767677,0.0677665544332211,1.2197979797979799,14.942766295707472,18.0,68.24,99.0,0.0,1.0,0,0.0,1.0
30,static,none,0.15,93,0.93,19.0,556.5148391304348,0.06613043478260869,1.256478260869565,17.373948360893532,19.0,65.404,92.0,0.0,1.0,0,0.0,1.0
31,static,none,0.15,100,1.0,17.0,553.8693535353535,0.07070469399881164,1.201979797979798,15.204065040650406,17.0,70.004,99.0,0.0,1.0,0,0.0,1.0
32,static,none,0.15,100,1.0,20.0,553.6820202020202,0.05987474747474747,1.1974949494949496,16.63700107874865,20.0,69.448,99.0,0.0,1.0,0,0.0,1.0
33,static,none,0.15,100,1.0,19.0,556.7192646464647,0.06553535353535353,1.2451717171717174,16.471114727420666,19.0,67.728,99.0,0.0,1.0,0,0.0,1.0
34,static,none,0.15,100,1.0,18.0,555.3325616161616,0.0679618406285073,1.2233131313131311,15.825152560360838,18.0,68.892,99.0,0.0,1.0,0,0.0,1.0
35,static,none,0.15,100,1.0,24.0,549.1338020202021,0.04611111111111112,1.1066666666666665,18.894836442281697,24.0,69.44,99.0,0.0,1.0,0,0.0,1.0
36,static,none,0.15,97,0.97,21.0,550.9012583333333,0.05498412698412699,1.1546666666666665,17.797348484848484,21.0,69.152,96.0,0.0,1.0,0,0.0,1.0
37,static,none,0.15,96,0.96,21.0,556.4774989473684,0.05889122807017543,1.2367157894736842,17.441661923733637,21.0,65.512,95.0,0.0,1.0,0,0.0,1.0
38,static,none,0.15,100,1.0,17.0,554.6789292929294,0.07173618538324421,1.2195151515151514,14.69722073757349,17.0,70.268,99.0,0.0,1.0,0,0.0,1.0
39,static,none,0.15,100,1.0,19.0,553.1612929292929,0.062490164805954276,1.1873131313131313,15.845641162356705,19.0,69.456,99.0,0.0,1.0,0,0.0,1.0
40,static,none,0.15,100,1.0,18.0,556.2987393939395,0.06887991021324355,1.2398383838383837,15.957761635727737,18.0,69.256,99.0,0.0,1.0,0,0.0,1.0
41,static,none,0.15,100,1.0,19.0,553.1891232323233,0.06284316852737905,1.1940202020202018,16.62530479544839,19.0,70.792,99.0,0.0,1.0,0,0.0,1.0
42,static,none,0.15,100,1.0,17.0,554.5695313131313,0.07125609031491384,1.2113535353535354,15.167411961989938,17.0,70.076,99.0,0.0,1.0,0,0.0,1.0
43,static,none,0.15,96,0.96,20.0,553.6938610526316,0.05983157894736842,1.1966315789473683,15.07128987517337,20.0,67.32,95.0,0.0,1.0,0,0.0,1.0
44,static,none,0.15,100,1.0,19.0,552.4284767676769,0.061933014354066986,1.176727272727273,16.28340951868782,19.0,70.504,99.0,0.0,1.0,0,0.0,1.0
45,static,none,0.15,100,1.0,17.0,556.413086868687,0.07314319667260843,1.2434343434343433,15.17545748116254,17.0,68.9,99.0,0.0,1.0,0,0.0,1.0
46,static,none,0.15,99,0.99,19.0,553.7919224489796,0.06353383458646615,1.2071428571428573,16.387105855855857,19.0,69.7,98.0,0.0,1.0,0,0.0,1.0
47,static,none,0.15,100,1.0,19.0,550.9685616161618,0.05978309409888358,1.135878787878788,16.020866773675763,19.0,69.548,99.0,0.0,1.0,0,0.0,1.0
48,static,none,0.15,99,0.99,18.0,550.6509306122449,0.06372789115646259,1.1471020408163264,15.052335396736073,18.0,70.584,98.0,0.0,1.0,0,0.0,1.0
49,static,none,0.15,100,1.0,18.0,551.2960444444445,0.06411896745230078,1.1541414141414144,15.131880108991826,18.0,70.74,99.0,0.0,1.0,0,0.0,1.0
0,static,none,0.2,99,0.99,19.0,559.2615673469389,0.06642749731471537,1.262122448979592,15.072281838428832,19.0,63.312,98.0,0.0,1.0,0,0.0,1.0
1,static,none,0.2,100,1.0,18.0,562.3785050505052,0.07222446689113356,1.300040404040404,16.36063544460491,18.0,61.296,99.0,0.0,1.0,0,0.0,1.0
2,static,none,0.2,100,1.0,20.0,560.1560565656566,0.0632969696969697,1.265939393939394,17.008074283407346,20.0,61.672,99.0,0.0,1.0,0,0.0,1.0
3,static,none,0.2,99,0.99,18.0,558.6506653061225,0.06940816326530613,1.24934693877551,14.55922131147541,18.0,62.564,98.0,0.0,1.0,0,0.0,1.0
4,static,none,0.2,100,1.0,19.0,559.7547474747474,0.06660287081339714,1.2654545454545454,16.00161322847348,19.0,63.72,99.0,0.0,1.0,0,0.0,1.0
5,static,none,0.2,97,0.97,19.0,558.6604000000001,0.06544736842105263,1.2435,14.351305812973884,19.0,60.624,96.0,0.0,1.0,0,0.0,1.0
6,static,none,0.2,100,1.0,21.0,560.8150303030304,0.06125252525252525,1.2863030303030305,17.35621372823694,21.0,62.656,99.0,0.0,1.0,0,0.0,1.0
7,static,none,0.2,100,1.0,18.0,556.7298828282829,0.06759595959595958,1.2167272727272724,15.331375329147255,18.0,64.544,99.0,0.0,1.0,0,0.0,1.0
8,static,none,0.2,100,1.0,22.0,555.9249414141415,0.05461707988980716,1.2015757575757575,18.1963850528026,22.0,64.044,99.0,0.0,1.0,0,0.0,1.0
9,static,none,0.2,100,1.0,21.0,557.0513737373739,0.05821067821067821,1.2224242424242424,17.87131751227496,21.0,64.98,99.0,0.0,1.0,0,0.0,1.0
10,static,none,0.2,100,1.0,22.0,561.2475838383839,0.05861707988980717,1.2895757575757576,17.199310624493105,22.0,63.332,99.0,0.0,1.0,0,0.0,1.0
11,static,none,0.2,100,1.0,22.0,559.2178101010102,0.05734802571166207,1.2616565656565657,17.83272431993504,22.0,63.096,99.0,0.0,1.0,0,0.0,1.0
12,static,none,0.2,100,1.0,19.0,559.2086464646466,0.0660287081339713,1.2545454545454544,16.170450019912387,19.0,62.8,99.0,0.0,1.0,0,0.0,1.0
13,static,none,0.2,100,1.0,18.0,558.5607838383838,0.06901459034792368,1.2422626262626264,14.576212705500305,18.0,63.016,99.0,0.0,1.0,0,0.0,1.0
14,static,none,0.2,100,1.0,18.0,558.85258989899,0.06981369248035915,1.2566464646464646,15.27616394747314,18.0,63.592,99.0,0.0,1.0,0,0.0,1.0
15,static,none,0.2,100,1.0,18.0,559.0443797979798,0.06942312008978675,1.2496161616161616,15.58107841200869,18.0,62.288,99.0,0.0,1.0,0,0.0,1.0
16,static,none,0.2,82,0.82,20.0,560.173501234568,0.0641432098765432,1.2828641975308641,16.585846000498382,20.0,52.088,81.0,0.0,1.0,0,0.0,1.0
17,static,none,0.2,97,0.97,20.0,559.7943500000001,0.06310833333333334,1.2621666666666667,14.77291841883936,20.0,59.832,96.0,0.0,1.0,0,0.0,1.0
18,static,none,0.2,100,1.0,20.0,558.4005696969698,0.062155555555555554,1.243111111111111,15.855231143552311,20.0,62.932,99.0,0.0,1.0,0,0.0,1.0
19,static,none,0.2,100,1.0,19.0,559.4598868686869,0.06658160552897395,1.265050505050505,16.0,19.0,62.76,99.0,0.0,1.0,0,0.0,1.0
20,static,none,0.2,100,1.0,18.0,560.1362747474748,0.0706936026936027,1.2724848484848486,15.435685483870968,18.0,63.024,99.0,0.0,1.0,0,0.0,1.0
21,static,none,0.2,100,1.0,18.0,561.4836161616162,0.07188103254769922,1.2938585858585858,15.315980629539952,18.0,62.908,99.0,0.0,1.0,0,0.0,1.0
22,static,none,0.2,97,0.97,17.0,559.2351541666667,0.07446323529411764,1.265875,14.83006122018155,17.0,62.476,96.0,0.0,1.0,0,0.0,1.0
23,static,none,0.2,97,0.97,19.0,562.7219458333334,0.06916885964912281,1.3142083333333332,17.486194727008513,19.0,59.836,96.0,0.0,1.0,0,0.0,1.0
24,static,none,0.2,100,1.0,18.0,560.6575636363638,0.07161167227833895,1.2890101010101012,15.995577889447237,18.0,63.388,99.0,0.0,1.0,0,0.0,1.0
25,static,none,0.2,99,0.99,18.0,557.8915469387756,0.06890476190476191,1.2402857142857142,14.2731433326399,18.0,63.452,98.0,0.0,1.0,0,0.0,1.0
26,static,none,0.2,100,1.0,20.0,558.8350545454547,0.06294949494949495,1.258989898989899,16.042548818088388,20.0,63.36,99.0,0.0,1.0,0,0.0,1.0
27,static,none,0.2,100,1.0,19.0,560.1734181818182,0.06639659755449229,1.2615353535353535,14.189714517108726,19.0,61.108,99.0,0.0,1.0,0,0.0,1.0
28,static,none,0.2,100,1.0,18.0,557.1050222222223,0.06792143658810326,1.2225858585858587,14.970337261275905,18.0,63.964,99.0,0.0,1.0,0,0.0,1.0
29,static,none,0.2,100,1.0,18.0,560.6353616161616,0.0712682379349046,1.2828282828282829,14.942373564376386,18.0,62.0,99.0,0.0,1.0,0,0.0,1.0
30,static,none,0.2,93,0.93,19.0,562.0280565217392,0.06939816933638443,1.3185652173913045,17.37028251024369,19.0,59.692,92.0,0.0,1.0,0,0.0,1.0
31,static,none,0.2,100,1.0,17.0,559.3959434343435,0.07445276292335118,1.2656969696969698,15.208308126638435,17.0,63.696,99.0,0.0,1.0,0,0.0,1.0
32,static,none,0.2,100,1.0,20.0,559.4796808080808,0.06322626262626263,1.2645252525252526,16.649629184205253,20.0,62.812,99.0,0.0,1.0,0,0.0,1.0
33,static,none,0.2,100,1.0,19.0,562.252298989899,0.0688654970760234,1.3084444444444443,16.473921971252565,19.0,61.464,99.0,0.0,1.0,0,0.0,1.0
34,static,none,0.2,100,1.0,18.0,560.9106747474747,0.07151066217732883,1.2871919191919192,15.792614770459082,18.0,62.568,99.0,0.0,1.0,0,0.0,1.0
35,static,none,0.2,100,1.0,24.0,555.0154181818182,0.04903367003367003,1.1768080808080807,18.973928860145513,24.0,62.496,99.0,0.0,1.0,0,0.0,1.0
36,static,none,0.2,97,0.97,21.0,556.2022541666666,0.05791865079365081,1.2162916666666668,17.818181818181817,21.0,63.236,96.0,0.0,1.0,0,0.0,1.0
37,static,none,0.2,96,0.96,21.0,562.8393515789473,0.062351879699248124,1.3093894736842102,17.45323289391086,21.0,58.608,95.0,0.0,1.0,0,0.0,1.0
38,static,none,0.2,100,1.0,17.0,560.1727313131314,0.07541532976827094,1.282060606060606,14.717583299879566,17.0,64.076,99.0,0.0,1.0,0,0.0,1.0
39,static,none,0.2,100,1.0,19.0,558.6507272727274,0.06584370015948963,1.251030303030303,15.859245815688647,19.0,63.148,99.0,0.0,1.0,0,0.0,1.0
40,static,none,0.2,100,1.0,18.0,561.7732646464648,0.07233894500561168,1.30210101010101,15.923371647509578,18.0,63.092,99.0,0.0,1.0,0,0.0,1.0
41,static,none,0.2,100,1.0,19.0,558.3744202020204,0.06597554492291334,1.2535353535353535,16.639983746444535,19.0,64.9,99.0,0.0,1.0,0,0.0,1.0
42,static,none,0.2,100,1.0,17.0,560.2909616161618,0.07509685086155675,1.2766464646464646,15.149759464547166,17.0,63.612,99.0,0.0,1.0,0,0.0,1.0
43,static,none,0.2,96,0.96,20.0,558.7847663157895,0.06275789473684211,1.255157894736842,15.075872215216478,20.0,61.76,95.0,0.0,1.0,0,0.0,1.0
44,static,none,0.2,100,1.0,19.0,557.9328767676768,0.06527804359383307,1.2402828282828284,16.32666262381241,19.0,64.212,99.0,0.0,1.0,0,0.0,1.0
45,static,none,0.2,100,1.0,17.0,561.9989414141414,0.07687225193107547,1.3068282828282827,15.138151327610302,17.0,62.624,99.0,0.0,1.0,0,0.0,1.0
46,static,none,0.2,99,0.99,19.0,559.3976448979591,0.06692803437164341,1.2716326530612245,16.416173986486488,19.0,63.38,98.0,0.0,1.0,0,0.0,1.0
47,static,none,0.2,100,1.0,19.0,555.9672808080809,0.06286868686868687,1.1945050505050505,15.977571226510406,19.0,63.744,99.0,0.0,1.0,0,0.0,1.0
48,static,none,0.2,99,0.99,18.0,556.3098734693878,0.06738095238095237,1.2128571428571426,15.048306148055207,18.0,64.14,98.0,0.0,1.0,0,0.0,1.0
49,static,none,0.2,100,1.0,18.0,556.546096969697,0.06749943883277215,1.214989898989899,15.118661465818107,18.0,64.716,99.0,0.0,1.0,0,0.0,1.0
0,static,none,0.3,99,0.99,19.0,568.6314897959185,0.07206659505907627,1.3692653061224491,15.061249489587587,19.0,52.812,98.0,0.0,1.0,0,0.0,1.0
1,static,none,0.3,100,1.0,18.0,572.2220242424244,0.07849382716049383,1.4128888888888886,16.373773173391495,18.0,50.124,99.0,0.0,1.0,0,0.0,1.0
2,static,none,0.3,100,1.0,20.0,569.1124727272728,0.06847070707070708,1.3694141414141414,16.996761570638242,20.0,51.428,99.0,0.0,1.0,0,0.0,1.0
3,static,none,0.3,99,0.99,18.0,567.6537795918367,0.07513378684807256,1.352408163265306,14.552728764874846,18.0,52.464,98.0,0.0,1.0,0,0.0,1.0
4,static,none,0.3,100,1.0,19.0,569.054488888889,0.07219138755980861,1.3716363636363635,15.981988082340195,19.0,53.208,99.0,0.0,1.0,0,0.0,1.0
5,static,none,0.3,97,0.97,19.0,567.8377041666668,0.07100657894736842,1.3491250000000001,14.365072765072766,19.0,50.484,96.0,0.0,1.0,0,0.0,1.0
6,static,none,0.3,100,1.0,21.0,570.3038666666667,0.06641847041847042,1.3947878787878785,17.2932762999599,21.0,51.916,99.0,0.0,1.0,0,0.0,1.0
7,static,none,0.3,100,1.0,18.0,566.0909292929293,0.0736139169472503,1.3250505050505048,15.35838853589293,18.0,53.82,99.0,0.0,1.0,0,0.0,1.0
8,static,none,0.3,100,1.0,22.0,566.1416646464647,0.06001836547291093,1.3204040404040405,18.198454981353223,22.0,52.28,99.0,0.0,1.0,0,0.0,1.0
9,static,none,0.3,100,1.0,21.0,566.9750343434343,0.06366714766714768,1.3370101010101012,17.86184924078091,21.0,53.636,99.0,0.0,1.0,0,0.0,1.0
10,static,none,0.3,100,1.0,22.0,570.3624808080808,0.0633425160697888,1.3935353535353536,17.192146808797734,22.0,53.04,99.0,0.0,1.0,0,0.0,1.0
11,static,none,0.3,100,1.0,22.0,569.1221333333334,0.06252708907254362,1.3755959595959595,17.88540263937517,22.0,51.816,99.0,0.0,1.0,0,0.0,1.0
12,static,none,0.3,100,1.0,19.0,568.5192848484849,0.07166188197767144,1.3615757575757574,16.180232558139537,19.0,52.204,99.0,0.0,1.0,0,0.0,1.0
13,static,none,0.3,100,1.0,18.0,567.3897252525254,0.07464197530864197,1.3435555555555556,14.614443084455324,18.0,52.988,99.0,0.0,1.0,0,0.0,1.0
14,static,none,0.3,100,1.0,18.0,568.4099919191921,0.07588103254769922,1.3658585858585859,15.289956447142668,18.0,52.78,99.0,0.0,1.0,0,0.0,1.0
15,static,none,0.3,100,1.0,18.0,568.7204767676768,0.07561840628507295,1.3611313131313132,15.604095112285338,18.0,51.248,99.0,0.0,1.0,0,0.0,1.0
16,static,none,0.3,82,0.82,20.0,569.7262419753088,0.06958518518518518,1.3917037037037037,16.57882547559967,20.0,43.272,81.0,0.0,1.0,0,0.0,1.0
17,static,none,0.3,97,0.97,20.0,569.6697875000001,0.06880208333333335,1.3760416666666668,14.747105593527689,20.0,48.9,96.0,0.0,1.0,0,0.0,1.0
18,static,none,0.3,100,1.0,20.0,567.5587111111112,0.06742020202020203,1.3484040404040405,15.891020408163266,20.0,52.508,99.0,0.0,1.0,0,0.0,1.0
19,static,none,0.3,100,1.0,19.0,568.7355030303032,0.07216799574694312,1.371191919191919,15.98217611066773,19.0,52.252,99.0,0.0,1.0,0,0.0,1.0
20,static,none,0.3,100,1.0,18.0,569.2470020202021,0.0764915824915825,1.3768484848484848,15.41814278046162,18.0,52.692,99.0,0.0,1.0,0,0.0,1.0
21,static,none,0.3,100,1.0,18.0,570.5756444444446,0.07763860830527497,1.3974949494949493,15.338568935427574,18.0,52.648,99.0,0.0,1.0,0,0.0,1.0
22,static,none,0.3,97,0.97,17.0,568.5136625,0.08068872549019608,1.3717083333333335,14.835531855178221,17.0,52.316,96.0,0.0,1.0,0,0.0,1.0
23,static,none,0.3,97,0.97,19.0,571.8838333333335,0.0746359649122807,1.4180833333333334,17.473882156289175,19.0,49.864,96.0,0.0,1.0,0,0.0,1.0
24,static,none,0.3,100,1.0,18.0,569.9039636363636,0.07743883277216611,1.3938989898989897,15.975266927963238,18.0,53.004,99.0,0.0,1.0,0,0.0,1.0
25,static,none,0.3,99,0.99,18.0,567.6676285714286,0.07514058956916099,1.352530612244898,14.295586206896552,18.0,52.452,98.0,0.0,1.0,0,0.0,1.0
26,static,none,0.3,100,1.0,20.0,568.7341090909091,0.06863030303030303,1.3726060606060606,16.028664583616358,20.0,52.112,99.0,0.0,1.0,0,0.0,1.0
27,static,none,0.3,100,1.0,19.0,569.3482626262626,0.07196384901648059,1.3673131313131315,14.18087261920843,19.0,50.636,99.0,0.0,1.0,0,0.0,1.0
28,static,none,0.3,100,1.0,18.0,566.6361656565657,0.07403591470258136,1.3326464646464646,14.968036529680365,18.0,53.068,99.0,0.0,1.0,0,0.0,1.0
29,static,none,0.3,100,1.0,18.0,570.4262181818183,0.07747474747474747,1.3945454545454545,14.916689062080087,18.0,50.94,99.0,0.0,1.0,0,0.0,1.0
30,static,none,0.3,93,0.93,19.0,571.1692956521739,0.07481006864988558,1.421391304347826,17.350727980394982,19.0,50.232,92.0,0.0,1.0,0,0.0,1.0
31,static,none,0.3,100,1.0,17.0,569.2159959595961,0.08109090909090909,1.3785454545454545,15.159224598930482,17.0,52.524,99.0,0.0,1.0,0,0.0,1.0
32,static,none,0.3,100,1.0,20.0,568.6701090909091,0.0684969696969697,1.369939393939394,16.672538999462077,20.0,52.376,99.0,0.0,1.0,0,0.0,1.0
33,static,none,0.3,100,1.0,19.0,571.683583838384,0.07451568314726208,1.4157979797979798,16.483650294157886,19.0,50.836,99.0,0.0,1.0,0,0.0,1.0
34,static,none,0.3,100,1.0,18.0,570.683490909091,0.07767901234567902,1.3982222222222223,15.758414261008381,18.0,51.576,99.0,0.0,1.0,0,0.0,1.0
35,static,none,0.3,100,1.0,24.0,564.3745535353536,0.05363973063973064,1.2873535353535352,18.954107264086897,24.0,51.552,99.0,0.0,1.0,0,0.0,1.0
36,static,none,0.3,97,0.97,21.0,564.9826375000002,0.06276388888888888,1.3180416666666668,17.805175450480963,21.0,53.468,96.0,0.0,1.0,0,0.0,1.0
37,static,none,0.3,96,0.96,21.0,572.9723957894738,0.06786967418546366,1.4252631578947368,17.42369366878629,21.0,47.6,95.0,0.0,1.0,0,0.0,1.0
38,static,none,0.3,100,1.0,17.0,569.2438262626264,0.08148544266191325,1.3852525252525252,14.703813903164729,17.0,53.86,99.0,0.0,1.0,0,0.0,1.0
39,static,none,0.3,100,1.0,19.0,568.2461858585859,0.07167038809144073,1.3617373737373737,15.855256064690026,19.0,52.188,99.0,0.0,1.0,0,0.0,1.0
40,static,none,0.3,100,1.0,18.0,571.3044444444445,0.07835690235690235,1.4104242424242424,15.946697099892589,18.0,52.368,99.0,0.0,1.0,0,0.0,1.0
41,static,none,0.3,100,1.0,19.0,567.8946060606062,0.0717044125465178,1.3623838383838383,16.64464815314101,19.0,54.124,99.0,0.0,1.0,0,0.0,1.0
42,static,none,0.3,100,1.0,17.0,569.6925535353537,0.08139988116458705,1.3837979797979796,15.171565934065933,17.0,53.004,99.0,0.0,1.0,0,0.0,1.0
43,static,none,0.3,96,0.96,20.0,567.7567242105263,0.06789052631578947,1.3578105263157896,15.053123257110988,20.0,52.008,95.0,0.0,1.0,0,0.0,1.0
44,static,none,0.3,100,1.0,19.0,567.248084848485,0.07091334396597554,1.3473535353535353,16.323247332162637,19.0,53.612,99.0,0.0,1.0,0,0.0,1.0
45,static,none,0.3,100,1.0,17.0,571.3651515151516,0.0831111111111111,1.4128888888888886,15.14989406779661,17.0,52.124,99.0,0.0,1.0,0,0.0,1.0
46,static,none,0.3,99,0.99,19.0,569.1554816326532,0.07279269602577874,1.383061224489796,16.43335640138408,19.0,52.46,98.0,0.0,1.0,0,0.0,1.0
47,static,none,0.3,100,1.0,19.0,564.8154424242424,0.06829984051036683,1.2976969696969696,15.98248922413793,19.0,53.528,99.0,0.0,1.0,0,0.0,1.0
48,static,none,0.3,99,0.99,18.0,566.5347918367347,0.07396825396825397,1.3314285714285716,15.08484429065744,18.0,52.52,98.0,0.0,1.0,0,0.0,1.0
49,static,none,0.3,100,1.0,18.0,565.9169414141415,0.07352413019079686,1.3234343434343434,15.106844516302884,18.0,53.98,99.0,0.0,1.0,0,0.0,1.0
0,static,none,0.4,99,0.99,19.0,577.0055102040817,0.07710848549946295,1.4650612244897958,15.060436769933977,19.0,43.424,98.0,0.0,1.0,0,0.0,1.0
1,static,none,0.4,100,1.0,18.0,580.2218505050505,0.08359147025813693,1.5046464646464646,16.388210140500917,18.0,41.04,99.0,0.0,1.0,0,0.0,1.0
2,static,none,0.4,100,1.0,20.0,577.368981818182,0.073210101010101,1.4642020202020203,17.006724882063637,20.0,42.044,99.0,0.0,1.0,0,0.0,1.0
3,static,none,0.4,99,0.99,18.0,575.8249428571429,0.08033333333333333,1.446,14.508892068683565,18.0,43.292,98.0,0.0,1.0,0,0.0,1.0
4,static,none,0.4,100,1.0,19.0,577.2786303030304,0.07714832535885167,1.4658181818181817,15.965769426104622,19.0,43.884,99.0,0.0,1.0,0,0.0,1.0
5,static,none,0.4,97,0.97,19.0,575.5679541666667,0.07568640350877191,1.4380416666666664,14.389985456056513,19.0,41.948,96.0,0.0,1.0,0,0.0,1.0
6,static,none,0.4,100,1.0,21.0,578.1889696969697,0.0706955266955267,1.4846060606060605,17.282606496003236,21.0,43.024,99.0,0.0,1.0,0,0.0,1.0
7,static,none,0.4,100,1.0,18.0,573.994892929293,0.07869809203142536,1.4165656565656564,15.383117545111633,18.0,44.76,99.0,0.0,1.0,0,0.0,1.0
8,static,none,0.4,100,1.0,22.0,574.3036484848485,0.06432506887052342,1.4151515151515153,18.183743100852986,22.0,42.9,99.0,0.0,1.0,0,0.0,1.0
9,static,none,0.4,100,1.0,21.0,575.1323676767678,0.06815392015392016,1.4312323232323232,17.885349025974026,21.0,44.308,99.0,0.0,1.0,0,0.0,1.0
10,static,none,0.4,100,1.0,22.0,578.4386545454547,0.06753535353535353,1.4857777777777779,17.206823671497585,22.0,43.908,99.0,0.0,1.0,0,0.0,1.0
11,static,none,0.4,100,1.0,22.0,577.3279757575758,0.06679522497704317,1.4694949494949496,17.910332362687015,22.0,42.52,99.0,0.0,1.0,0,0.0,1.0
12,static,none,0.4,100,1.0,19.0,576.5527555555557,0.07651461988304094,1.4537777777777778,16.18632734530938,19.0,43.076,99.0,0.0,1.0,0,0.0,1.0
13,static,none,0.4,100,1.0,18.0,575.2792202020203,0.07968350168350168,1.4343030303030302,14.62390373240873,18.0,44.004,99.0,0.0,1.0,0,0.0,1.0
14,static,none,0.4,100,1.0,18.0,576.6882505050505,0.08111784511784512,1.460121212121212,15.30166106387186,18.0,43.448,99.0,0.0,1.0,0,0.0,1.0
15,static,none,0.4,100,1.0,18.0,576.6014707070708,0.08065095398428732,1.4517171717171717,15.618039530450487,18.0,42.28,99.0,0.0,1.0,0,0.0,1.0
16,static,none,0.4,82,0.82,20.0,578.0863802469137,0.07433086419753088,1.4866172839506173,16.595847237671485,20.0,35.584,81.0,0.0,1.0,0,0.0,1.0
17,static,none,0.4,97,0.97,20.0,577.9987333333333,0.07357499999999999,1.4715,14.737902388369678,20.0,39.736,96.0,0.0,1.0,0,0.0,1.0
18,static,none,0.4,100,1.0,20.0,575.5331151515152,0.07200808080808083,1.4401616161616162,15.892882671295823,20.0,43.424,99.0,0.0,1.0,0,0.0,1.0
19,static,none,0.4,100,1.0,19.0,576.8681292929293,0.0770441254651781,1.463838383838384,15.985316152232544,19.0,43.08,99.0,0.0,1.0,0,0.0,1.0
20,static,none,0.4,100,1.0,18.0,577.390484848485,0.08167227833894501,1.4701010101010101,15.4026886035313,18.0,43.46,99.0,0.0,1.0,0,0.0,1.0
21,static,none,0.4,100,1.0,18.0,578.4770707070708,0.0826374859708193,1.4874747474747474,15.320930232558139,18.0,43.74,99.0,0.0,1.0,0,0.0,1.0
22,static,none,0.4,97,0.97,17.0,577.0573666666667,0.08641666666666667,1.4690833333333335,14.829323931978433,17.0,42.968,96.0,0.0,1.0,0,0.0,1.0
23,static,none,0.4,97,0.97,19.0,580.0374875,0.07949780701754386,1.5104583333333332,17.48108561249083,19.0,40.996,96.0,0.0,1.0,0,0.0,1.0
24,static,none,0.4,100,1.0,18.0,578.277486868687,0.0827070707070707,1.4887272727272727,15.984606036054284,18.0,43.616,99.0,0.0,1.0,0,0.0,1.0
25,static,none,0.4,99,0.99,18.0,575.9350897959184,0.0803922902494331,1.4470612244897958,14.30148729601322,18.0,43.188,98.0,0.0,1.0,0,0.0,1.0
26,static,none,0.4,100,1.0,20.0,576.7916444444445,0.07322424242424241,1.4644848484848485,16.006456241033,20.0,43.016,99.0,0.0,1.0,0,0.0,1.0
27,static,none,0.4,100,1.0,19.0,577.4003919191921,0.07684210526315789,1.46,14.160614948922827,19.0,41.46,99.0,0.0,1.0,0,0.0,1.0
28,static,none,0.4,100,1.0,18.0,574.5439797979798,0.07909988776655444,1.4237979797979796,14.945864054135946,18.0,44.044,99.0,0.0,1.0,0,0.0,1.0
29,static,none,0.4,100,1.0,18.0,578.5754464646466,0.08261503928170595,1.4870707070707072,14.892582861762328,18.0,41.78,99.0,0.0,1.0,0,0.0,1.0
30,static,none,0.4,93,0.93,19.0,579.4524565217392,0.07971395881006865,1.5145652173913042,17.357312594512855,19.0,41.66,92.0,0.0,1.0,0,0.0,1.0
31,static,none,0.4,100,1.0,17.0,577.2591636363637,0.08648603683897801,1.4702626262626264,15.185046539862403,17.0,43.444,99.0,0.0,1.0,0,0.0,1.0
32,static,none,0.4,100,1.0,20.0,576.4500888888889,0.07293535353535353,1.4587070707070706,16.661510278852024,20.0,43.588,99.0,0.0,1.0,0,0.0,1.0
33,static,none,0.4,100,1.0,19.0,579.8526666666668,0.07937692716640085,1.5081616161616163,16.501631986944105,19.0,41.692,99.0,0.0,1.0,0,0.0,1.0
34,static,none,0.4,100,1.0,18.0,578.7413050505052,0.08276767676767677,1.489818181818182,15.70923339696574,18.0,42.508,99.0,0.0,1.0,0,0.0,1.0
35,static,none,0.4,100,1.0,24.0,572.5671313131314,0.05765824915824916,1.3837979797979796,18.942036341488173,24.0,42.004,99.0,0.0,1.0,0,0.0,1.0
36,static,none,0.4,97,0.97,21.0,572.7304833333334,0.06703174603174603,1.4076666666666666,17.805763511434726,21.0,44.864,96.0,0.0,1.0,0,0.0,1.0
37,static,none,0.4,96,0.96,21.0,581.3702147368422,0.07242907268170427,1.5210105263157896,17.41798222686879,21.0,38.504,95.0,0.0,1.0,0,0.0,1.0
38,static,none,0.4,100,1.0,17.0,577.5249979797982,0.08702317290552586,1.4793939393939395,14.694197331176708,17.0,44.54,99.0,0.0,1.0,0,0.0,1.0
39,static,none,0.4,100,1.0,19.0,577.034597979798,0.07696544391281233,1.4623434343434347,15.851774112943529,19.0,42.228,99.0,0.0,1.0,0,0.0,1.0
40,static,none,0.4,100,1.0,18.0,579.8416,0.08373961840628508,1.5073131313131312,15.958706818410716,18.0,42.776,99.0,0.0,1.0,0,0.0,1.0
41,static,none,0.4,100,1.0,19.0,576.0958383838386,0.07663157894736843,1.456,16.659421025901473,19.0,44.856,99.0,0.0,1.0,0,0.0,1.0
42,static,none,0.4,100,1.0,17.0,577.7468565656566,0.08681402257872847,1.4758383838383837,15.17564931731855,17.0,43.892,99.0,0.0,1.0,0,0.0,1.0
43,static,none,0.4,96,0.96,20.0,575.7448757894738,0.07245894736842105,1.4491789473684211,15.02141886950162,20.0,43.328,95.0,0.0,1.0,0,0.0,1.0
44,static,none,0.4,100,1.0,19.0,575.4611515151515,0.07587240829346092,1.4415757575757575,16.30619091186337,19.0,44.284,99.0,0.0,1.0,0,0.0,1.0
45,static,none,0.4,100,1.0,17.0,579.0865616161617,0.08825193107546048,1.5002828282828282,15.14432783608196,17.0,43.472,99.0,0.0,1.0,0,0.0,1.0
46,static,none,0.4,99,0.99,19.0,577.4152408163266,0.07772717508055854,1.4768163265306122,16.472075978115,19.0,43.272,98.0,0.0,1.0,0,0.0,1.0
47,static,none,0.4,100,1.0,19.0,572.6009939393939,0.07308452950558214,1.3886060606060604,15.985285224753074,19.0,44.528,99.0,0.0,1.0,0,0.0,1.0
48,static,none,0.4,99,0.99,18.0,575.198355102041,0.07955328798185941,1.4319591836734693,15.04807594161478,18.0,42.668,98.0,0.0,1.0,0,0.0,1.0
49,static,none,0.4,100,1.0,18.0,573.5488565656566,0.07842424242424242,1.4116363636363636,15.11304347826087,18.0,45.248,99.0,0.0,1.0,0,0.0,1.0
0,static,none,0.5,99,0.99,19.0,584.5224816326531,0.0816283566058002,1.5509387755102038,15.073493584537925,19.0,35.008,98.0,0.0,1.0,0,0.0,1.0
1,static,none,0.5,100,1.0,18.0,587.5447191919193,0.08825140291806957,1.5885252525252527,16.378625830497487,18.0,32.736,99.0,0.0,1.0,0,0.0,1.0
2,static,none,0.5,100,1.0,20.0,584.6271757575757,0.07736161616161616,1.5472323232323233,17.025864830237026,20.0,33.824,99.0,0.0,1.0,0,0.0,1.0
3,static,none,0.5,99,0.99,18.0,583.468248979592,0.08518140589569162,1.533265306122449,14.511317375020354,18.0,34.74,98.0,0.0,1.0,0,0.0,1.0
4,static,none,0.5,100,1.0,19.0,585.0188606060606,0.08182456140350877,1.5546666666666664,15.931675519072911,19.0,35.088,99.0,0.0,1.0,0,0.0,1.0
5,static,none,0.5,97,0.97,19.0,582.3037166666668,0.07975,1.51525,14.440006712535661,19.0,34.536,96.0,0.0,1.0,0,0.0,1.0
6,static,none,0.5,100,1.0,21.0,585.4578383838385,0.07462626262626262,1.567151515151515,17.274742226191442,21.0,34.852,99.0,0.0,1.0,0,0.0,1.0
7,static,none,0.5,100,1.0,18.0,581.6007272727273,0.08359595959595958,1.5047272727272727,15.37858306188925,18.0,36.032,99.0,0.0,1.0,0,0.0,1.0
8,static,none,0.5,100,1.0,22.0,581.6842101010102,0.06822773186409552,1.5010101010101011,18.155374303480578,22.0,34.4,99.0,0.0,1.0,0,0.0,1.0
9,static,none,0.5,100,1.0,21.0,582.8622424242426,0.07240596440596439,1.5205252525252524,17.88928369538884,21.0,35.468,99.0,0.0,1.0,0,0.0,1.0
10,static,none,0.5,100,1.0,22.0,585.925094949495,0.07142516069788797,1.5713535353535353,17.20635685046954,22.0,35.436,99.0,0.0,1.0,0,0.0,1.0
11,static,none,0.5,100,1.0,22.0,584.7223232323233,0.07063544536271808,1.5539797979797982,17.906207339596886,22.0,34.156,99.0,0.0,1.0,0,0.0,1.0
12,static,none,0.5,100,1.0,19.0,583.5265696969698,0.08072727272727273,1.533818181818182,16.196731816725407,19.0,35.152,99.0,0.0,1.0,0,0.0,1.0
13,static,none,0.5,100,1.0,18.0,582.6433171717173,0.08439730639730639,1.519151515151515,14.618012170385395,18.0,35.604,99.0,0.0,1.0,0,0.0,1.0
14,static,none,0.5,100,1.0,18.0,583.8167757575759,0.08563860830527499,1.5414949494949497,15.271133525456293,18.0,35.392,99.0,0.0,1.0,0,0.0,1.0
15,static,none,0.5,100,1.0,18.0,583.8140080808082,0.08525476992143659,1.5345858585858587,15.62739393939394,18.0,34.076,99.0,0.0,1.0,0,0.0,1.0
16,static,none,0.5,82,0.82,20.0,585.6418814814815,0.07860987654320988,1.5721975308641978,16.60643759873618,20.0,28.652,81.0,0.0,1.0,0,0.0,1.0
17,static,none,0.5,97,0.97,20.0,585.0392250000001,0.07759999999999999,1.552,14.725566719256,20.0,32.008,96.0,0.0,1.0,0,0.0,1.0
18,static,none,0.5,100,1.0,20.0,582.8092888888889,0.07617575757575758,1.5235151515151515,15.91845703125,20.0,35.172,99.0,0.0,1.0,0,0.0,1.0
19,static,none,0.5,100,1.0,19.0,584.1660727272729,0.08140988835725678,1.5467878787878788,15.992248681476745,19.0,34.868,99.0,0.0,1.0,0,0.0,1.0
20,static,none,0.5,100,1.0,18.0,584.6748,0.08630078563411897,1.5534141414141416,15.404886281443382,18.0,35.212,99.0,0.0,1.0,0,0.0,1.0
21,static,none,0.5,100,1.0,18.0,586.0529292929293,0.08742985409652076,1.5737373737373737,15.319090615930346,18.0,35.2,99.0,0.0,1.0,0,0.0,1.0
22,static,none,0.5,97,0.97,17.0,584.6824166666668,0.09152941176470589,1.556,14.830853174603174,17.0,34.624,96.0,0.0,1.0,0,0.0,1.0
23,static,none,0.5,97,0.97,19.0,587.4961166666667,0.0839517543859649,1.5950833333333334,17.471698113207548,19.0,32.872,96.0,0.0,1.0,0,0.0,1.0
24,static,none,0.5,100,1.0,18.0,585.8356040404041,0.08745230078563412,1.574141414141414,16.009507557289126,18.0,35.16,99.0,0.0,1.0,0,0.0,1.0
25,static,none,0.5,99,0.99,18.0,583.4761714285715,0.08518820861678003,1.5333877551020407,14.309035749426041,18.0,34.728,98.0,0.0,1.0,0,0.0,1.0
26,static,none,0.5,100,1.0,20.0,584.739086868687,0.07774141414141414,1.554828282828283,15.999108878807517,20.0,34.072,99.0,0.0,1.0,0,0.0,1.0
27,static,none,0.5,100,1.0,19.0,584.4118222222223,0.08109728867623604,1.540848484848485,14.145652350410002,19.0,33.456,99.0,0.0,1.0,0,0.0,1.0
28,static,none,0.5,100,1.0,18.0,581.6762181818183,0.08366329966329966,1.505939393939394,14.967927431764801,18.0,35.912,99.0,0.0,1.0,0,0.0,1.0
29,static,none,0.5,100,1.0,18.0,585.5755393939395,0.08702132435465769,1.5663838383838384,14.908758827826935,18.0,33.928,99.0,0.0,1.0,0,0.0,1.0
30,static,none,0.5,93,0.93,19.0,586.8195608695652,0.08407551487414187,1.5974347826086954,17.359624739402364,19.0,34.036,92.0,0.0,1.0,0,0.0,1.0
31,static,none,0.5,100,1.0,17.0,584.5274343434344,0.09136066547831254,1.5531313131313131,15.19816900267358,17.0,35.24,99.0,0.0,1.0,0,0.0,1.0
32,static,none,0.5,100,1.0,20.0,583.9224404040405,0.0771919191919192,1.5438383838383838,16.654878741179335,20.0,35.16,99.0,0.0,1.0,0,0.0,1.0
33,static,none,0.5,100,1.0,19.0,587.2155030303031,0.08375332270069112,1.5913131313131312,16.490530916154096,19.0,33.46,99.0,0.0,1.0,0,0.0,1.0
34,static,none,0.5,100,1.0,18.0,586.2655393939395,0.08751739618406285,1.5753131313131312,15.711946050096339,18.0,34.044,99.0,0.0,1.0,0,0.0,1.0
35,static,none,0.5,100,1.0,24.0,579.9661131313131,0.06127777777777777,1.470666666666667,18.935927513955182,24.0,33.404,99.0,0.0,1.0,0,0.0,1.0
36,static,none,0.5,97,0.97,21.0,579.6855333333334,0.07084523809523809,1.48775,17.8233139050791,21.0,37.176,96.0,0.0,1.0,0,0.0,1.0
37,static,none,0.5,96,0.96,21.0,588.502825263158,0.0763047619047619,1.6024,17.405482199565434,21.0,30.772,95.0,0.0,1.0,0,0.0,1.0
38,static,none,0.5,100,1.0,17.0,585.0926747474748,0.0920855614973262,1.5654545454545454,14.697813281691277,17.0,36.02,99.0,0.0,1.0,0,0.0,1.0
39,static,none,0.5,100,1.0,19.0,584.4410585858586,0.08142902711323764,1.547151515151515,15.828331332533013,19.0,33.832,99.0,0.0,1.0,0,0.0,1.0
40,static,none,0.5,100,1.0,18.0,587.2773333333334,0.08843097643097643,1.5917575757575757,15.971410059123674,18.0,34.416,99.0,0.0,1.0,0,0.0,1.0
41,static,none,0.5,100,1.0,19.0,583.6759676767676,0.08118234981392876,1.5424646464646465,16.67387768379961,19.0,36.296,99.0,0.0,1.0,0,0.0,1.0
42,static,none,0.5,100,1.0,17.0,585.2088323232324,0.0918407605466429,1.5612929292929294,15.17156142927068,17.0,35.432,99.0,0.0,1.0,0,0.0,1.0
43,static,none,0.5,96,0.96,20.0,582.8469178947369,0.07652842105263157,1.5305684210526316,15.020327593448132,20.0,35.596,95.0,0.0,1.0,0,0.0,1.0
44,static,none,0.5,100,1.0,19.0,582.8898424242425,0.08035725677830942,1.526787878787879,16.295652173913044,19.0,35.848,99.0,0.0,1.0,0,0.0,1.0
45,static,none,0.5,100,1.0,17.0,586.285187878788,0.09304812834224599,1.5818181818181818,15.152722872125857,17.0,35.4,99.0,0.0,1.0,0,0.0,1.0
46,static,none,0.5,99,0.99,19.0,585.1122285714287,0.08232438238453277,1.5641632653061224,16.464501881236707,19.0,34.712,98.0,0.0,1.0,0,0.0,1.0
47,static,none,0.5,100,1.0,19.0,579.6027878787879,0.07738437001594897,1.4703030303030304,16.005320006448493,19.0,36.44,99.0,0.0,1.0,0,0.0,1.0
48,static,none,0.5,99,0.99,18.0,582.7280285714286,0.08438775510204082,1.5189795918367346,15.030038364215166,18.0,34.14,98.0,0.0,1.0,0,0.0,1.0
49,static,none,0.5,100,1.0,18.0,581.1565858585859,0.08330190796857463,1.4994343434343431,15.111746236212865,18.0,36.556,99.0,0.0,1.0,0,0.0,1.0
0,static,none,0.6,99,0.99,19.0,591.3147673469389,0.08573147153598282,1.6288979591836734,15.067223467101243,19.0,27.368,98.0,0.0,1.0,0,0.0,1.0
1,static,none,0.6,100,1.0,18.0,594.0642747474748,0.09239955106621772,1.663191919191919,16.368648941208306,18.0,25.344,99.0,0.0,1.0,0,0.0,1.0
2,static,none,0.6,100,1.0,20.0,591.0256040404041,0.08103232323232323,1.6206464646464647,17.015486725663717,20.0,26.556,99.0,0.0,1.0,0,0.0,1.0
3,static,none,0.6,99,0.99,18.0,590.3561877551022,0.08956916099773242,1.6122448979591837,14.499864627047517,18.0,27.0,98.0,0.0,1.0,0,0.0,1.0
4,static,none,0.6,100,1.0,19.0,591.6893171717173,0.08585645933014353,1.6312727272727274,15.920317652601117,19.0,27.504,99.0,0.0,1.0,0,0.0,1.0
5,static,none,0.6,97,0.97,19.0,589.1365500000002,0.08389912280701753,1.5940833333333333,14.434961046188091,19.0,26.968,96.0,0.0,1.0,0,0.0,1.0
6,static,none,0.6,100,1.0,21.0,592.456993939394,0.07841462241462241,1.646707070707071,17.25822357311719,21.0,26.976,99.0,0.0,1.0,0,0.0,1.0
7,static,none,0.6,100,1.0,18.0,588.4195515151516,0.08798428731762065,1.5837171717171719,15.37955068344837,18.0,28.212,99.0,0.0,1.0,0,0.0,1.0
8,static,none,0.6,100,1.0,22.0,588.2842464646465,0.07170431588613407,1.5774949494949495,18.163598354575495,22.0,26.828,99.0,0.0,1.0,0,0.0,1.0
9,static,none,0.6,100,1.0,21.0,589.7548808080809,0.07621164021164022,1.6004444444444446,17.87581743409964,21.0,27.556,99.0,0.0,1.0,0,0.0,1.0
10,static,none,0.6,100,1.0,22.0,592.5432484848485,0.07486501377410468,1.6470303030303033,17.242908159827504,22.0,27.944,99.0,0.0,1.0,0,0.0,1.0
11,static,none,0.6,100,1.0,22.0,591.2075353535354,0.07399632690541781,1.627919191919192,17.891166980371068,22.0,26.836,99.0,0.0,1.0,0,0.0,1.0
12,static,none,0.6,100,1.0,19.0,590.1970060606061,0.08475279106858054,1.6103030303030303,16.214729251518996,19.0,27.58,99.0,0.0,1.0,0,0.0,1.0
13,static,none,0.6,100,1.0,18.0,589.5293696969698,0.08881481481481482,1.5986666666666665,14.608057127458906,18.0,27.732,99.0,0.0,1.0,0,0.0,1.0
14,static,none,0.6,100,1.0,18.0,590.5031353535354,0.08987205387205387,1.6176969696969699,15.266232020432854,18.0,27.848,99.0,0.0,1.0,0,0.0,1.0
15,static,none,0.6,100,1.0,18.0,590.4119676767677,0.0894635241301908,1.6103434343434344,15.628898058580802,18.0,26.576,99.0,0.0,1.0,0,0.0,1.0
16,static,none,0.6,82,0.82,20.0,592.5017432098766,0.08249629629629629,1.6499259259259258,16.591658424002638,20.0,22.356,81.0,0.0,1.0,0,0.0,1.0
17,static,none,0.6,97,0.97,20.0,591.7496958333334,0.08143541666666666,1.6287083333333334,14.731678731471906,20.0,24.644,96.0,0.0,1.0,0,0.0,1.0
18,static,none,0.6,100,1.0,20.0,589.7063555555558,0.08013131313131314,1.6026262626262626,15.917601730431256,20.0,27.34,99.0,0.0,1.0,0,0.0,1.0
19,static,none,0.6,100,1.0,19.0,590.9693292929295,0.08548856990962254,1.6242828282828283,15.981890812250333,19.0,27.196,99.0,0.0,1.0,0,0.0,1.0
20,static,none,0.6,100,1.0,18.0,591.2211151515153,0.09046015712682379,1.628282828282828,15.405592991913746,18.0,27.8,99.0,0.0,1.0,0,0.0,1.0
21,static,none,0.6,100,1.0,18.0,592.7866424242426,0.09169472502805837,1.6505050505050503,15.329548526628818,18.0,27.6,99.0,0.0,1.0,0,0.0,1.0
22,static,none,0.6,97,0.97,17.0,591.77845,0.09629411764705882,1.637,14.822315470867442,17.0,26.848,96.0,0.0,1.0,0,0.0,1.0
23,static,none,0.6,97,0.97,19.0,594.3320958333335,0.08803289473684212,1.672625,17.46012482662968,19.0,25.428,96.0,0.0,1.0,0,0.0,1.0
24,static,none,0.6,100,1.0,18.0,592.8076202020203,0.09184287317620651,1.6531717171717173,16.00284148569109,18.0,27.336,99.0,0.0,1.0,0,0.0,1.0
25,static,none,0.6,99,0.99,18.0,590.3621142857144,0.08956916099773243,1.612244897959184,14.315534972417082,18.0,27.0,98.0,0.0,1.0,0,0.0,1.0
26,static,none,0.6,100,1.0,20.0,591.8463191919193,0.08177777777777777,1.6355555555555557,15.984487274192466,20.0,26.08,99.0,0.0,1.0,0,0.0,1.0
27,static,none,0.6,100,1.0,19.0,590.8122868686869,0.08498670919723551,1.6147474747474748,14.157083221115002,19.0,26.14,99.0,0.0,1.0,0,0.0,1.0
28,static,none,0.6,100,1.0,18.0,588.510686868687,0.08805162738496071,1.584929292929293,14.956832591393498,18.0,28.092,99.0,0.0,1.0,0,0.0,1.0
29,static,none,0.6,100,1.0,18.0,592.1864080808081,0.09118742985409652,1.6413737373737374,14.89636708689169,18.0,26.504,99.0,0.0,1.0,0,0.0,1.0
30,static,none,0.6,93,0.93,19.0,593.9431565217392,0.08829290617848971,1.6775652173913045,17.356503536884656,19.0,26.664,92.0,0.0,1.0,0,0.0,1.0
31,static,none,0.6,100,1.0,17.0,591.1716686868688,0.09581461675579322,1.628848484848485,15.204088539903879,17.0,27.744,99.0,0.0,1.0,0,0.0,1.0
32,static,none,0.6,100,1.0,20.0,590.389991919192,0.08087070707070708,1.6174141414141414,16.632677966101696,20.0,27.876,99.0,0.0,1.0,0,0.0,1.0
33,static,none,0.6,100,1.0,19.0,593.8850787878789,0.08771291866028709,1.6665454545454546,16.486985328916234,19.0,26.012,99.0,0.0,1.0,0,0.0,1.0
34,static,none,0.6,100,1.0,18.0,593.0919434343434,0.09182491582491582,1.652848484848485,15.729332886356017,18.0,26.368,99.0,0.0,1.0,0,0.0,1.0
35,static,none,0.6,100,1.0,24.0,586.8297373737374,0.06460606060606061,1.5505454545454544,18.92018305404132,24.0,25.496,99.0,0.0,1.0,0,0.0,1.0
36,static,none,0.6,97,0.97,21.0,586.9294875,0.07480753968253967,1.5709583333333335,17.83879686741978,21.0,29.188,96.0,0.0,1.0,0,0.0,1.0
37,static,none,0.6,96,0.96,21.0,594.813625263158,0.07973533834586466,1.6744421052631577,17.413237550564933,21.0,23.928,95.0,0.0,1.0,0,0.0,1.0
38,static,none,0.6,100,1.0,17.0,592.1087919191921,0.09677005347593583,1.6450909090909092,14.722495784148398,17.0,28.136,99.0,0.0,1.0,0,0.0,1.0
39,static,none,0.6,100,1.0,19.0,591.1911353535355,0.08549069643806485,1.6243232323232324,15.826441312044892,19.0,26.192,99.0,0.0,1.0,0,0.0,1.0
40,static,none,0.6,100,1.0,18.0,594.1866909090909,0.09279461279461279,1.6703030303030304,15.9727346169382,18.0,26.64,99.0,0.0,1.0,0,0.0,1.0
41,static,none,0.6,100,1.0,19.0,590.7659595959597,0.08544178628389154,1.6233939393939394,16.684552845528454,19.0,28.284,99.0,0.0,1.0,0,0.0,1.0
42,static,none,0.6,100,1.0,17.0,591.9155070707071,0.0963612596553773,1.6381414141414143,15.17009574251375,17.0,27.824,99.0,0.0,1.0,0,0.0,1.0
43,static,none,0.6,96,0.96,20.0,589.6188336842107,0.0803978947368421,1.6079578947368423,15.060137698468456,20.0,28.244,95.0,0.0,1.0,0,0.0,1.0
44,static,none,0.6,100,1.0,19.0,589.8933292929293,0.08457416267942584,1.606909090909091,16.307557236442225,19.0,27.916,99.0,0.0,1.0,0,0.0,1.0
45,static,none,0.6,100,1.0,17.0,593.3058343434345,0.09772073677956031,1.6612525252525254,15.151189356269319,17.0,27.536,99.0,0.0,1.0,0,0.0,1.0
46,static,none,0.6,99,0.99,19.0,592.0854367346941,0.08647905477980666,1.6431020408163268,16.471618398637137,19.0,26.976,98.0,0.0,1.0,0,0.0,1.0
47,static,none,0.6,100,1.0,19.0,586.3851555555557,0.08155661881977672,1.5495757575757576,16.010853544151146,19.0,28.592,99.0,0.0,1.0,0,0.0,1.0
48,static,none,0.6,99,0.99,18.0,589.3570693877552,0.08863038548752833,1.5953469387755104,15.017233158504188,18.0,26.656,98.0,0.0,1.0,0,0.0,1.0
49,static,none,0.6,100,1.0,18.0,587.8692686868687,0.08761840628507295,1.5771313131313132,15.109832424793055,18.0,28.864,99.0,0.0,1.0,0,0.0,1.0
0,static,none,0.7,99,0.99,19.0,597.953624489796,0.08973147153598282,1.7048979591836733,15.061194895591647,19.0,19.92,98.0,0.0,1.0,0,0.0,1.0
1,static,none,0.7,100,1.0,18.0,600.2938424242425,0.0963591470258137,1.7344646464646467,16.355722543352602,18.0,18.288,99.0,0.0,1.0,0,0.0,1.0
2,static,none,0.7,100,1.0,20.0,597.2591232323232,0.08460808080808081,1.6921616161616162,17.01360817638953,20.0,19.476,99.0,0.0,1.0,0,0.0,1.0
3,static,none,0.7,99,0.99,18.0,596.6147102040817,0.09355555555555556,1.684,14.496708418293037,18.0,19.968,98.0,0.0,1.0,0,0.0,1.0
4,static,none,0.7,100,1.0,19.0,598.1282545454546,0.08975013290802764,1.7052525252525252,15.91280244846105,19.0,20.18,99.0,0.0,1.0,0,0.0,1.0
5,static,none,0.7,97,0.97,19.0,595.4406541666668,0.08772149122807019,1.6667083333333332,14.45056909600143,19.0,19.996,96.0,0.0,1.0,0,0.0,1.0
6,static,none,0.7,100,1.0,21.0,598.8298181818183,0.08185858585858585,1.719030303030303,17.2629749768304,21.0,19.816,99.0,0.0,1.0,0,0.0,1.0
7,static,none,0.7,100,1.0,18.0,594.9637131313132,0.09218630751964085,1.6593535353535354,15.381015965166908,18.0,20.724,99.0,0.0,1.0,0,0.0,1.0
8,static,none,0.7,100,1.0,22.0,594.7248808080808,0.07508539944903582,1.651878787878788,18.181266963099844,22.0,19.464,99.0,0.0,1.0,0,0.0,1.0
9,static,none,0.7,100,1.0,21.0,596.1384242424243,0.07973833573833573,1.6745050505050505,17.865656098125434,21.0,20.224,99.0,0.0,1.0,0,0.0,1.0
10,static,none,0.7,100,1.0,22.0,599.1431434343435,0.07830303030303029,1.7226666666666666,17.24121617723418,22.0,20.456,99.0,0.0,1.0,0,0.0,1.0
11,static,none,0.7,100,1.0,22.0,597.5839717171717,0.07729109274563821,1.7004040404040404,17.87685297340947,22.0,19.66,99.0,0.0,1.0,0,0.0,1.0
12,static,none,0.7,100,1.0,19.0,596.5095474747475,0.08856353003721425,1.6827070707070706,16.211363897506608,19.0,20.412,99.0,0.0,1.0,0,0.0,1.0
13,static,none,0.7,100,1.0,18.0,595.8135757575759,0.09284399551066218,1.6711919191919191,14.61001386001386,18.0,20.552,99.0,0.0,1.0,0,0.0,1.0
14,static,none,0.7,100,1.0,18.0,597.0422464646465,0.09402020202020202,1.6923636363636365,15.267993079584775,18.0,20.456,99.0,0.0,1.0,0,0.0,1.0
15,static,none,0.7,100,1.0,18.0,596.6157737373737,0.09341863075196409,1.6815353535353537,15.63488937796826,18.0,19.528,99.0,0.0,1.0,0,0.0,1.0
16,static,none,0.7,82,0.82,20.0,598.9042024691358,0.08611604938271604,1.722320987654321,16.598566562588704,20.0,16.492,81.0,0.0,1.0,0,0.0,1.0
17,static,none,0.7,97,0.97,20.0,597.62465,0.08478333333333334,1.6956666666666669,14.737465222281418,20.0,18.216,96.0,0.0,1.0,0,0.0,1.0
18,static,none,0.7,100,1.0,20.0,596.2954949494949,0.08391313131313131,1.6782626262626263,15.91518578352181,20.0,19.852,99.0,0.0,1.0,0,0.0,1.0
19,static,none,0.7,100,1.0,19.0,597.3118222222222,0.08928867623604465,1.6964848484848485,15.98075044532552,19.0,20.048,99.0,0.0,1.0,0,0.0,1.0
20,static,none,0.7,100,1.0,18.0,597.6488767676768,0.09453872053872053,1.7016969696969697,15.402488425925926,18.0,20.532,99.0,0.0,1.0,0,0.0,1.0
21,static,none,0.7,100,1.0,18.0,599.1513858585861,0.09573512906846239,1.7232323232323232,15.337812896527858,18.0,20.4,99.0,0.0,1.0,0,0.0,1.0
22,static,none,0.7,97,0.97,17.0,597.9207833333335,0.10041176470588235,1.707,14.83024471370872,17.0,20.128,96.0,0.0,1.0,0,0.0,1.0
23,static,none,0.7,97,0.97,19.0,600.3605458333334,0.09162938596491227,1.7409583333333334,17.467845659163988,19.0,18.868,96.0,0.0,1.0,0,0.0,1.0
24,static,none,0.7,100,1.0,18.0,599.3012727272727,0.09593939393939394,1.726909090909091,15.984707177199791,18.0,20.036,99.0,0.0,1.0,0,0.0,1.0
25,static,none,0.7,99,0.99,18.0,596.6378122448981,0.0935736961451247,1.6843265306122448,14.314927468413664,18.0,19.936,98.0,0.0,1.0,0,0.0,1.0
26,static,none,0.7,100,1.0,20.0,598.0447555555555,0.0852909090909091,1.705818181818182,15.980346820809249,20.0,19.124,99.0,0.0,1.0,0,0.0,1.0
27,static,none,0.7,100,1.0,19.0,597.014197979798,0.08875279106858054,1.6863030303030304,14.155944859276278,19.0,19.056,99.0,0.0,1.0,0,0.0,1.0
28,static,none,0.7,100,1.0,18.0,595.0603757575759,0.09224915824915825,1.6604848484848485,14.95470826112074,18.0,20.612,99.0,0.0,1.0,0,0.0,1.0
29,static,none,0.7,100,1.0,18.0,598.5406141414142,0.0951919191919192,1.7134545454545456,14.900220571163223,18.0,19.368,99.0,0.0,1.0,0,0.0,1.0
30,static,none,0.7,93,0.93,19.0,600.6918260869566,0.0922883295194508,1.7534782608695652,17.357120695004653,19.0,19.68,92.0,0.0,1.0,0,0.0,1.0
31,static,none,0.7,100,1.0,17.0,597.3956484848485,0.09999049316696375,1.699838383838384,15.196236715256402,17.0,20.716,99.0,0.0,1.0,0,0.0,1.0
32,static,none,0.7,100,1.0,20.0,597.0094222222222,0.08464646464646465,1.6929292929292932,16.631982917820867,20.0,20.4,99.0,0.0,1.0,0,0.0,1.0
33,static,none,0.7,100,1.0,19.0,600.1193939393941,0.09141945773524719,1.736969696969697,16.487595641085093,19.0,19.04,99.0,0.0,1.0,0,0.0,1.0
34,static,none,0.7,100,1.0,18.0,599.5794101010101,0.09592368125701459,1.7266262626262625,15.740244042822608,18.0,19.064,99.0,0.0,1.0,0,0.0,1.0
35,static,none,0.7,100,1.0,24.0,592.7727717171717,0.06748316498316498,1.6195959595959595,18.924965341959336,24.0,18.66,99.0,0.0,1.0,0,0.0,1.0
36,static,none,0.7,97,0.97,21.0,594.1434791666668,0.0787559523809524,1.653875,17.848402366863905,21.0,21.228,96.0,0.0,1.0,0,0.0,1.0
37,static,none,0.7,96,0.96,21.0,601.0110694736843,0.0830937343358396,1.7449684210526315,17.425409738006937,21.0,17.228,95.0,0.0,1.0,0,0.0,1.0
38,static,none,0.7,100,1.0,17.0,598.8512444444445,0.10126440879382057,1.7214949494949494,14.737124401637926,17.0,20.572,99.0,0.0,1.0,0,0.0,1.0
39,static,none,0.7,100,1.0,19.0,597.5770909090911,0.0893269537480064,1.697212121212121,15.83304716117216,19.0,18.976,99.0,0.0,1.0,0,0.0,1.0
40,static,none,0.7,100,1.0,18.0,600.8971757575757,0.09703030303030304,1.7465454545454544,15.97685664939551,18.0,19.092,99.0,0.0,1.0,0,0.0,1.0
41,static,none,0.7,100,1.0,19.0,597.4059838383838,0.08943540669856459,1.6992727272727273,16.681446704920884,19.0,20.772,99.0,0.0,1.0,0,0.0,1.0
42,static,none,0.7,100,1.0,17.0,598.3175070707072,0.10067498514557337,1.7114747474747474,15.173534532791642,17.0,20.564,99.0,0.0,1.0,0,0.0,1.0
43,static,none,0.7,96,0.96,20.0,596.5408715789474,0.08436842105263158,1.6873684210526316,15.06620523623232,20.0,20.7,95.0,0.0,1.0,0,0.0,1.0
44,static,none,0.7,100,1.0,19.0,596.2966464646465,0.08843806485911751,1.6803232323232324,16.30975088145194,19.0,20.648,99.0,0.0,1.0,0,0.0,1.0
45,static,none,0.7,100,1.0,17.0,599.9738343434344,0.10216518122400475,1.7368080808080808,15.147273878749496,17.0,20.056,99.0,0.0,1.0,0,0.0,1.0
46,static,none,0.7,99,0.99,19.0,598.6766367346941,0.09040171858216971,1.7176326530612243,16.487192921178252,19.0,19.672,98.0,0.0,1.0,0,0.0,1.0
47,static,none,0.7,100,1.0,19.0,592.9174060606063,0.08558426368952685,1.6261010101010103,16.017089115724282,19.0,21.016,99.0,0.0,1.0,0,0.0,1.0
48,static,none,0.7,99,0.99,18.0,595.7911142857143,0.09273696145124717,1.669265306122449,15.01922740779584,18.0,19.412,98.0,0.0,1.0,0,0.0,1.0
49,static,none,0.7,100,1.0,18.0,594.418977777778,0.0918226711560045,1.6528080808080807,15.11392916979606,18.0,21.372,99.0,0.0,1.0,0,0.0,1.0
0,static,none,0.8,99,0.99,19.0,604.3058040816328,0.09355531686358753,1.7775510204081633,15.056240174451037,19.0,12.8,98.0,0.0,1.0,0,0.0,1.0
1,static,none,0.8,100,1.0,18.0,606.0378222222223,0.100006734006734,1.800121212121212,16.359615870609048,18.0,11.788,99.0,0.0,1.0,0,0.0,1.0
2,static,none,0.8,100,1.0,20.0,603.2712202020203,0.08805050505050505,1.7610101010101011,17.016,20.0,12.66,99.0,0.0,1.0,0,0.0,1.0
3,static,none,0.8,99,0.99,18.0,602.9418326530614,0.09758049886621314,1.7564489795918368,14.50728031768659,18.0,12.868,98.0,0.0,1.0,0,0.0,1.0
4,static,none,0.8,100,1.0,19.0,604.2184363636366,0.09343328017012227,1.775232323232323,15.92566953006569,19.0,13.252,99.0,0.0,1.0,0,0.0,1.0
5,static,none,0.8,97,0.97,19.0,601.5494458333334,0.09142763157894737,1.737125,14.448437744509937,19.0,13.236,96.0,0.0,1.0,0,0.0,1.0
6,static,none,0.8,100,1.0,21.0,604.7732282828283,0.08506782106782107,1.7864242424242425,17.270108833206784,21.0,13.144,99.0,0.0,1.0,0,0.0,1.0
7,static,none,0.8,100,1.0,18.0,601.214593939394,0.0961885521885522,1.7313939393939393,15.39729222656052,18.0,13.592,99.0,0.0,1.0,0,0.0,1.0
8,static,none,0.8,100,1.0,22.0,600.776290909091,0.07826997245179064,1.721939393939394,18.1884467784286,22.0,12.528,99.0,0.0,1.0,0,0.0,1.0
9,static,none,0.8,100,1.0,21.0,602.4119151515152,0.0832034632034632,1.7472727272727275,17.864096749811036,21.0,13.02,99.0,0.0,1.0,0,0.0,1.0
10,static,none,0.8,100,1.0,22.0,605.1879474747476,0.08146372819100091,1.7922020202020201,17.214648001623047,22.0,13.572,99.0,0.0,1.0,0,0.0,1.0
11,static,none,0.8,100,1.0,22.0,603.8980282828285,0.08055096418732782,1.772121212121212,17.87765984204437,22.0,12.56,99.0,0.0,1.0,0,0.0,1.0
12,static,none,0.8,100,1.0,19.0,602.7992606060607,0.09237001594896331,1.755030303030303,16.20836689488522,19.0,13.252,99.0,0.0,1.0,0,0.0,1.0
13,static,none,0.8,100,1.0,18.0,601.9250505050506,0.09676767676767677,1.7418181818181817,14.62802128198632,18.0,13.56,99.0,0.0,1.0,0,0.0,1.0
14,static,none,0.8,100,1.0,18.0,603.0944929292931,0.09786531986531986,1.7615757575757576,15.264149987332152,18.0,13.604,99.0,0.0,1.0,0,0.0,1.0
15,static,none,0.8,100,1.0,18.0,602.4976242424244,0.09717620650953984,1.7491717171717174,15.635581642463189,18.0,12.832,99.0,0.0,1.0,0,0.0,1.0
16,static,none,0.8,82,0.82,20.0,605.3657086419754,0.08976296296296297,1.795259259259259,16.59268172281871,20.0,10.584,81.0,0.0,1.0,0,0.0,1.0
17,static,none,0.8,97,0.97,20.0,603.3437208333335,0.08805208333333334,1.7610416666666666,14.755418117561458,20.0,11.94,96.0,0.0,1.0,0,0.0,1.0
18,static,none,0.8,100,1.0,20.0,602.2687393939395,0.08733535353535353,1.7467070707070707,15.925070878898339,20.0,13.076,99.0,0.0,1.0,0,0.0,1.0
19,static,none,0.8,100,1.0,19.0,603.5129131313132,0.09300159489633174,1.767030303030303,15.986808317808771,19.0,13.064,99.0,0.0,1.0,0,0.0,1.0
20,static,none,0.8,100,1.0,18.0,603.7269252525253,0.09840179573512907,1.771232323232323,15.394953290008123,18.0,13.648,99.0,0.0,1.0,0,0.0,1.0
21,static,none,0.8,100,1.0,18.0,605.538698989899,0.09980246913580249,1.7964444444444443,15.32134944612286,18.0,13.152,99.0,0.0,1.0,0,0.0,1.0
22,static,none,0.8,97,0.97,17.0,604.2035666666669,0.10463235294117647,1.77875,14.826243353143573,17.0,13.24,96.0,0.0,1.0,0,0.0,1.0
23,static,none,0.8,97,0.97,19.0,606.6102375,0.09535745614035088,1.8117916666666665,17.47203451502235,19.0,12.068,96.0,0.0,1.0,0,0.0,1.0
24,static,none,0.8,100,1.0,18.0,605.4242585858588,0.09978900112233445,1.7962020202020201,15.988233504082771,18.0,13.176,99.0,0.0,1.0,0,0.0,1.0
25,static,none,0.8,99,0.99,18.0,602.7330693877552,0.09746485260770975,1.7543673469387755,14.304906661226156,18.0,13.072,98.0,0.0,1.0,0,0.0,1.0
26,static,none,0.8,100,1.0,20.0,603.9731393939395,0.08865050505050505,1.7730101010101011,15.974045724134434,20.0,12.472,99.0,0.0,1.0,0,0.0,1.0
27,static,none,0.8,100,1.0,19.0,602.7004282828284,0.09218926103136628,1.7515959595959594,14.16525466464952,19.0,12.592,99.0,0.0,1.0,0,0.0,1.0
28,static,none,0.8,100,1.0,18.0,601.4216484848484,0.096327721661055,1.7338989898989898,14.96062076635325,18.0,13.344,99.0,0.0,1.0,0,0.0,1.0
29,static,none,0.8,100,1.0,18.0,604.4928242424244,0.09893602693602693,1.7808484848484847,14.909206188181587,18.0,12.696,99.0,0.0,1.0,0,0.0,1.0
30,static,none,0.8,93,0.93,19.0,607.2317739130435,0.09616018306636155,1.8270434782608695,17.35420286707211,19.0,12.912,92.0,0.0,1.0,0,0.0,1.0
31,static,none,0.8,100,1.0,17.0,603.9249212121213,0.10436125965537729,1.774141414141414,15.193804727438376,17.0,13.36,99.0,0.0,1.0,0,0.0,1.0
32,static,none,0.8,100,1.0,20.0,603.1759111111113,0.08815757575757575,1.763151515151515,16.627696660435507,20.0,13.448,99.0,0.0,1.0,0,0.0,1.0
33,static,none,0.8,100,1.0,19.0,605.9171313131314,0.09486868686868687,1.8025050505050504,16.487038253575218,19.0,12.552,99.0,0.0,1.0,0,0.0,1.0
34,static,none,0.8,100,1.0,18.0,605.7318707070708,0.09982042648709316,1.7967676767676766,15.729065030428004,18.0,12.12,99.0,0.0,1.0,0,0.0,1.0
35,static,none,0.8,100,1.0,24.0,598.5421171717171,0.0702861952861953,1.6868686868686869,18.915505754088432,24.0,12.0,99.0,0.0,1.0,0,0.0,1.0
36,static,none,0.8,97,0.97,21.0,600.8364375,0.08239880952380951,1.7303749999999998,17.857475426797723,21.0,13.884,96.0,0.0,1.0,0,0.0,1.0
37,static,none,0.8,96,0.96,21.0,606.5027621052633,0.0860751879699248,1.807578947368421,17.415522230991844,21.0,11.28,95.0,0.0,1.0,0,0.0,1.0
38,static,none,0.8,100,1.0,17.0,605.1532080808082,0.10547118241235888,1.793010101010101,14.742943854324734,17.0,13.492,99.0,0.0,1.0,0,0.0,1.0
39,static,none,0.8,100,1.0,19.0,603.3243030303031,0.09277405635300372,1.7627070707070707,15.826487930252481,19.0,12.492,99.0,0.0,1.0,0,0.0,1.0
40,static,none,0.8,100,1.0,18.0,606.5682787878789,0.1006127946127946,1.811030303030303,15.978999038510198,18.0,12.708,99.0,0.0,1.0,0,0.0,1.0
41,static,none,0.8,100,1.0,19.0,603.7351070707072,0.0932333864965444,1.7714343434343434,16.68969893892471,19.0,13.628,99.0,0.0,1.0,0,0.0,1.0
42,static,none,0.8,100,1.0,17.0,604.6238222222223,0.10492216280451575,1.7836767676767677,15.17521215508918,17.0,13.416,99.0,0.0,1.0,0,0.0,1.0
43,static,none,0.8,96,0.96,20.0,603.0041431578949,0.08806315789473683,1.7612631578947369,15.077728660141037,20.0,13.68,95.0,0.0,1.0,0,0.0,1.0
44,static,none,0.8,100,1.0,19.0,602.5641696969697,0.0922360446570973,1.7524848484848485,16.291725529767913,19.0,13.504,99.0,0.0,1.0,0,0.0,1.0
45,static,none,0.8,100,1.0,17.0,606.064193939394,0.1062293523469994,1.80589898989899,15.140279041552926,17.0,13.216,99.0,0.0,1.0,0,0.0,1.0
46,static,none,0.8,99,0.99,19.0,604.8386775510205,0.09407089151450053,1.7873469387755103,16.47833401305057,19.0,12.84,98.0,0.0,1.0,0,0.0,1.0
47,static,none,0.8,100,1.0,19.0,598.871995959596,0.08926528442317917,1.6960404040404042,16.004740292486133,19.0,14.092,99.0,0.0,1.0,0,0.0,1.0
48,static,none,0.8,99,0.99,18.0,601.6594448979592,0.09649433106575964,1.7368979591836735,15.003262310123356,18.0,12.784,98.0,0.0,1.0,0,0.0,1.0
49,static,none,0.8,100,1.0,18.0,600.8041373737375,0.09593265993265992,1.7267878787878788,15.111542730299668,18.0,14.048,99.0,0.0,1.0,0,0.0,1.0
0,static,none,0.9,99,0.99,19.0,610.2136244897961,0.09710848549946294,1.8450612244897961,15.075228032150276,19.0,6.184,98.0,0.0,1.0,0,0.0,1.0
1,static,none,0.9,100,1.0,18.0,611.2028040404041,0.10327721661054995,1.858989898989899,16.36925429522353,18.0,5.96,99.0,0.0,1.0,0,0.0,1.0
2,static,none,0.9,100,1.0,20.0,609.0113090909092,0.09133939393939394,1.8267878787878786,17.012245447205526,20.0,6.148,99.0,0.0,1.0,0,0.0,1.0
3,static,none,0.9,99,0.99,18.0,608.6653224489797,0.10123809523809524,1.8222857142857145,14.513636157371693,18.0,6.416,98.0,0.0,1.0,0,0.0,1.0
4,static,none,0.9,100,1.0,19.0,610.0706141414141,0.09698883572567783,1.8427878787878784,15.907009114992592,19.0,6.564,99.0,0.0,1.0,0,0.0,1.0
5,static,none,0.9,97,0.97,19.0,607.6080666666668,0.09510526315789473,1.807,14.463640146086634,19.0,6.528,96.0,0.0,1.0,0,0.0,1.0
6,static,none,0.9,100,1.0,21.0,610.7267757575759,0.08828667628667629,1.854020202020202,17.27361797752809,21.0,6.452,99.0,0.0,1.0,0,0.0,1.0
7,static,none,0.9,100,1.0,18.0,607.0710424242425,0.09995286195286196,1.799151515151515,15.396689368995535,18.0,6.884,99.0,0.0,1.0,0,0.0,1.0
8,static,none,0.9,100,1.0,22.0,606.3548646464649,0.08121028466483012,1.7866262626262628,18.191300448430493,22.0,6.124,99.0,0.0,1.0,0,0.0,1.0
9,static,none,0.9,100,1.0,21.0,608.0927191919193,0.08634535834535835,1.8132525252525251,17.85664257172361,21.0,6.488,99.0,0.0,1.0,0,0.0,1.0
10,static,none,0.9,100,1.0,22.0,611.3274181818183,0.08466483011937558,1.8626262626262624,17.2130212077642,22.0,6.6,99.0,0.0,1.0,0,0.0,1.0
11,static,none,0.9,100,1.0,22.0,609.5909616161617,0.08348025711662074,1.8365656565656565,17.882571518108968,22.0,6.18,99.0,0.0,1.0,0,0.0,1.0
12,static,none,0.9,100,1.0,19.0,608.7549252525254,0.09597873471557682,1.8235959595959597,16.205025981006987,19.0,6.464,99.0,0.0,1.0,0,0.0,1.0
13,static,none,0.9,100,1.0,18.0,607.7697454545456,0.10052525252525255,1.8094545454545454,14.630167245187756,18.0,6.864,99.0,0.0,1.0,0,0.0,1.0
14,static,none,0.9,100,1.0,18.0,609.1767717171718,0.10172615039281706,1.8310707070707066,15.258325468518269,18.0,6.724,99.0,0.0,1.0,0,0.0,1.0
15,static,none,0.9,100,1.0,18.0,608.2534383838384,0.10085746352413019,1.8154343434343434,15.638061879743141,18.0,6.272,99.0,0.0,1.0,0,0.0,1.0
16,static,none,0.9,82,0.82,20.0,611.2736691358024,0.09310123456790123,1.8620246913580245,16.590542983946087,20.0,5.176,81.0,0.0,1.0,0,0.0,1.0
17,static,none,0.9,97,0.97,20.0,608.7290666666668,0.09112916666666666,1.8225833333333332,14.767503363800863,20.0,6.032,96.0,0.0,1.0,0,0.0,1.0
18,static,none,0.9,100,1.0,20.0,607.9475070707072,0.090610101010101,1.8122020202020201,15.905182116969069,20.0,6.592,99.0,0.0,1.0,0,0.0,1.0
19,static,none,0.9,100,1.0,19.0,609.3623151515154,0.09650398724082936,1.8335757575757574,15.989270964266476,19.0,6.476,99.0,0.0,1.0,0,0.0,1.0
20,static,none,0.9,100,1.0,18.0,609.7785131313133,0.10224466891133556,1.8404040404040403,15.386085075702956,18.0,6.8,99.0,0.0,1.0,0,0.0,1.0
21,static,none,0.9,100,1.0,18.0,611.4143030303031,0.10354208754208755,1.8637575757575757,15.325139914931722,18.0,6.488,99.0,0.0,1.0,0,0.0,1.0
22,static,none,0.9,97,0.97,17.0,610.1478708333334,0.10861029411764705,1.846375,14.82862313796464,17.0,6.748,96.0,0.0,1.0,0,0.0,1.0
23,static,none,0.9,97,0.97,19.0,611.98875,0.09856140350877192,1.8726666666666665,17.483668924561567,19.0,6.224,96.0,0.0,1.0,0,0.0,1.0
24,static,none,0.9,100,1.0,18.0,611.4287313131314,0.1035712682379349,1.864282828282828,15.986629451222257,18.0,6.436,99.0,0.0,1.0,0,0.0,1.0
25,static,none,0.9,99,0.99,18.0,608.6580857142858,0.10124036281179138,1.822326530612245,14.312633250170107,18.0,6.412,98.0,0.0,1.0,0,0.0,1.0
26,static,none,0.9,100,1.0,20.0,609.6680282828283,0.09187272727272727,1.8374545454545452,15.968522021075385,20.0,6.092,99.0,0.0,1.0,0,0.0,1.0
27,static,none,0.9,100,1.0,19.0,608.138496969697,0.09548112706007444,1.814141414141414,14.163505617977528,19.0,6.4,99.0,0.0,1.0,0,0.0,1.0
28,static,none,0.9,100,1.0,18.0,607.545195959596,0.10025589225589226,1.8046060606060605,14.970348472632805,18.0,6.344,99.0,0.0,1.0,0,0.0,1.0
29,static,none,0.9,100,1.0,18.0,610.195575757576,0.1025297418630752,1.8455353535353534,14.908034588362458,18.0,6.292,99.0,0.0,1.0,0,0.0,1.0
30,static,none,0.9,93,0.93,19.0,613.6712260869567,0.0999725400457666,1.8994782608695653,17.35926960878782,19.0,6.248,92.0,0.0,1.0,0,0.0,1.0
31,static,none,0.9,100,1.0,17.0,609.8174262626263,0.10830421865715982,1.841171717171717,15.193889965304376,17.0,6.724,99.0,0.0,1.0,0,0.0,1.0
32,static,none,0.9,100,1.0,20.0,609.2764282828283,0.09162828282828284,1.8325656565656565,16.62794869495022,20.0,6.576,99.0,0.0,1.0,0,0.0,1.0
33,static,none,0.9,100,1.0,19.0,611.5992484848485,0.09824136097820309,1.8665858585858583,16.494821324485496,19.0,6.208,99.0,0.0,1.0,0,0.0,1.0
34,static,none,0.9,100,1.0,18.0,611.4382747474748,0.10343658810325478,1.8618585858585857,15.727345916450487,18.0,5.676,99.0,0.0,1.0,0,0.0,1.0
35,static,none,0.9,100,1.0,24.0,603.9962707070708,0.07292087542087541,1.7501010101010102,18.925546724145672,24.0,5.74,99.0,0.0,1.0,0,0.0,1.0
36,static,none,0.9,97,0.97,21.0,607.1936750000001,0.08586507936507938,1.8031666666666666,17.855671531498245,21.0,6.896,96.0,0.0,1.0,0,0.0,1.0
37,static,none,0.9,96,0.96,21.0,611.8624042105264,0.08898045112781955,1.8685894736842106,17.418870922516124,21.0,5.484,95.0,0.0,1.0,0,0.0,1.0
38,static,none,0.9,100,1.0,17.0,611.3856282828284,0.1096351752822341,1.8637979797979798,14.737033055630206,17.0,6.484,99.0,0.0,1.0,0,0.0,1.0
39,static,none,0.9,100,1.0,19.0,608.941187878788,0.09613184476342372,1.8265050505050504,15.836908715555156,19.0,6.176,99.0,0.0,1.0,0,0.0,1.0
40,static,none,0.9,100,1.0,18.0,612.4000808080809,0.10430976430976432,1.8775757575757575,15.969260455932508,18.0,6.12,99.0,0.0,1.0,0,0.0,1.0
41,static,none,0.9,100,1.0,19.0,609.9976000000001,0.09698670919723551,1.8427474747474746,16.70219548332061,19.0,6.568,99.0,0.0,1.0,0,0.0,1.0
42,static,none,0.9,100,1.0,17.0,610.589183838384,0.10892691622103387,1.8517575757575757,15.193021161638901,17.0,6.676,99.0,0.0,1.0,0,0.0,1.0
43,static,none,0.9,96,0.96,20.0,609.2772631578949,0.09167157894736842,1.8334315789473685,15.073154739602847,20.0,6.824,95.0,0.0,1.0,0,0.0,1.0
44,static,none,0.9,100,1.0,19.0,608.7869535353535,0.09600637958532696,1.824121212121212,16.286301859799714,19.0,6.412,99.0,0.0,1.0,0,0.0,1.0
45,static,none,0.9,100,1.0,17.0,612.0510464646464,0.11022697563874034,1.8738585858585857,15.138188021908952,17.0,6.488,99.0,0.0,1.0,0,0.0,1.0
46,static,none,0.9,99,0.99,19.0,610.7269224489797,0.09757679914070891,1.8539591836734695,16.475721546560173,19.0,6.312,98.0,0.0,1.0,0,0.0,1.0
47,static,none,0.9,100,1.0,19.0,604.8650585858587,0.0929505582137161,1.766060606060606,16.018816238548588,19.0,7.16,99.0,0.0,1.0,0,0.0,1.0
48,static,none,0.9,99,0.99,18.0,607.3766653061225,0.10014739229024942,1.80265306122449,15.004122683821864,18.0,6.34,98.0,0.0,1.0,0,0.0,1.0
49,static,none,0.9,100,1.0,18.0,606.9045171717172,0.09985185185185184,1.7973333333333332,15.115178772205981,18.0,7.064,99.0,0.0,1.0,0,0.0,1.0
0,static,none,1.0,99,0.99,19.0,615.7285714285716,0.10042964554242752,1.9081632653061225,15.081632653061224,19.0,0.0,98.0,nan,1.0,0,0.0,1.0
1,static,none,1.0,100,1.0,18.0,616.469696969697,0.10662177328843996,1.9191919191919191,16.363636363636363,18.0,0.0,99.0,nan,1.0,0,0.0,1.0
2,static,none,1.0,100,1.0,20.0,614.4333333333334,0.09444444444444446,1.888888888888889,17.01010101010101,20.0,0.0,99.0,nan,1.0,0,0.0,1.0
3,static,none,1.0,99,0.99,18.0,614.357142857143,0.10487528344671201,1.8877551020408165,14.510204081632653,18.0,0.0,98.0,nan,1.0,0,0.0,1.0
4,static,none,1.0,100,1.0,19.0,615.7909090909092,0.10047846889952151,1.9090909090909096,15.8989898989899,19.0,0.0,99.0,nan,1.0,0,0.0,1.0
5,static,none,1.0,97,0.97,19.0,613.5000000000001,0.09868421052631579,1.875,14.458333333333334,19.0,0.0,96.0,nan,1.0,0,0.0,1.0
6,static,none,1.0,100,1.0,21.0,616.469696969697,0.09139009139009138,1.9191919191919191,17.272727272727273,21.0,0.0,99.0,nan,1.0,0,0.0,1.0
7,static,none,1.0,100,1.0,18.0,613.0757575757577,0.10381593714927047,1.8686868686868687,15.393939393939394,18.0,0.0,99.0,nan,1.0,0,0.0,1.0
8,static,none,1.0,100,1.0,22.0,611.7181818181817,0.0840220385674931,1.848484848484848,18.2020202020202,22.0,0.0,99.0,nan,1.0,0,0.0,1.0
9,static,none,1.0,100,1.0,21.0,613.7545454545456,0.08946608946608947,1.878787878787879,17.858585858585858,21.0,0.0,99.0,nan,1.0,0,0.0,1.0
10,static,none,1.0,100,1.0,22.0,617.148484848485,0.08769513314967861,1.9292929292929295,17.22222222222222,22.0,0.0,99.0,nan,1.0,0,0.0,1.0
11,static,none,1.0,100,1.0,22.0,615.1121212121213,0.08631772268135904,1.8989898989898992,17.88888888888889,22.0,0.0,99.0,nan,1.0,0,0.0,1.0
12,static,none,1.0,100,1.0,19.0,614.4333333333334,0.09941520467836255,1.888888888888889,16.2020202020202,19.0,0.0,99.0,nan,1.0,0,0.0,1.0
13,static,none,1.0,100,1.0,18.0,613.7545454545456,0.10437710437710439,1.878787878787879,14.626262626262626,18.0,0.0,99.0,nan,1.0,0,0.0,1.0
14,static,none,1.0,100,1.0,18.0,615.1121212121213,0.10549943883277214,1.8989898989898992,15.252525252525253,18.0,0.0,99.0,nan,1.0,0,0.0,1.0
15,static,none,1.0,100,1.0,18.0,613.7545454545456,0.10437710437710439,1.878787878787879,15.636363636363637,18.0,0.0,99.0,nan,1.0,0,0.0,1.0
16,static,none,1.0,82,0.82,20.0,616.9222222222222,0.09629629629629631,1.925925925925926,16.604938271604937,20.0,0.0,81.0,nan,1.0,0,0.0,1.0
17,static,none,1.0,97,0.97,20.0,614.2000000000002,0.09427083333333332,1.885416666666667,14.760416666666666,20.0,0.0,96.0,nan,1.0,0,0.0,1.0
18,static,none,1.0,100,1.0,20.0,613.7545454545456,0.09393939393939393,1.878787878787879,15.909090909090908,20.0,0.0,99.0,nan,1.0,0,0.0,1.0
19,static,none,1.0,100,1.0,19.0,615.1121212121213,0.09994683678894202,1.8989898989898992,16.0,19.0,0.0,99.0,nan,1.0,0,0.0,1.0
20,static,none,1.0,100,1.0,18.0,615.7909090909092,0.10606060606060605,1.9090909090909096,15.373737373737374,18.0,0.0,99.0,nan,1.0,0,0.0,1.0
21,static,none,1.0,100,1.0,18.0,617.148484848485,0.10718294051627385,1.9292929292929295,15.333333333333334,18.0,0.0,99.0,nan,1.0,0,0.0,1.0
22,static,none,1.0,97,0.97,17.0,616.3,0.1127450980392157,1.916666666666667,14.822916666666666,17.0,0.0,96.0,nan,1.0,0,0.0,1.0
23,static,none,1.0,97,0.97,19.0,617.7000000000002,0.10197368421052631,1.9375,17.479166666666668,19.0,0.0,96.0,nan,1.0,0,0.0,1.0
24,static,none,1.0,100,1.0,18.0,617.148484848485,0.10718294051627385,1.9292929292929295,15.97979797979798,18.0,0.0,99.0,nan,1.0,0,0.0,1.0
25,static,none,1.0,99,0.99,18.0,614.357142857143,0.10487528344671201,1.8877551020408165,14.316326530612244,18.0,0.0,98.0,nan,1.0,0,0.0,1.0
26,static,none,1.0,100,1.0,20.0,615.1121212121213,0.09494949494949495,1.8989898989898992,15.969696969696969,20.0,0.0,99.0,nan,1.0,0,0.0,1.0
27,static,none,1.0,100,1.0,19.0,613.7545454545456,0.09888357256778309,1.878787878787879,14.151515151515152,19.0,0.0,99.0,nan,1.0,0,0.0,1.0
28,static,none,1.0,100,1.0,18.0,613.0757575757577,0.10381593714927047,1.8686868686868687,14.969696969696969,18.0,0.0,99.0,nan,1.0,0,0.0,1.0
29,static,none,1.0,100,1.0,18.0,615.7909090909092,0.10606060606060605,1.9090909090909096,14.909090909090908,18.0,0.0,99.0,nan,1.0,0,0.0,1.0
30,static,none,1.0,93,0.93,19.0,619.708695652174,0.10354691075514875,1.9673913043478264,17.358695652173914,19.0,0.0,92.0,nan,1.0,0,0.0,1.0
31,static,none,1.0,100,1.0,17.0,615.7909090909092,0.11229946524064173,1.9090909090909096,15.202020202020202,17.0,0.0,99.0,nan,1.0,0,0.0,1.0
32,static,none,1.0,100,1.0,20.0,615.1121212121213,0.09494949494949495,1.8989898989898992,16.626262626262626,20.0,0.0,99.0,nan,1.0,0,0.0,1.0
33,static,none,1.0,100,1.0,19.0,617.148484848485,0.10154173312068049,1.9292929292929295,16.494949494949495,19.0,0.0,99.0,nan,1.0,0,0.0,1.0
34,static,none,1.0,100,1.0,18.0,616.469696969697,0.10662177328843996,1.9191919191919191,15.727272727272727,18.0,0.0,99.0,nan,1.0,0,0.0,1.0
35,static,none,1.0,100,1.0,24.0,609.0030303030305,0.07533670033670034,1.8080808080808084,18.939393939393938,24.0,0.0,99.0,nan,1.0,0,0.0,1.0
36,static,none,1.0,97,0.97,21.0,613.5000000000001,0.08928571428571427,1.875,17.854166666666668,21.0,0.0,96.0,nan,1.0,0,0.0,1.0
37,static,none,1.0,96,0.96,21.0,616.9484210526316,0.09172932330827069,1.926315789473684,17.42105263157895,21.0,0.0,95.0,nan,1.0,0,0.0,1.0
38,static,none,1.0,100,1.0,17.0,617.148484848485,0.1134878193701723,1.9292929292929295,14.727272727272727,17.0,0.0,99.0,nan,1.0,0,0.0,1.0
39,static,none,1.0,100,1.0,19.0,614.4333333333334,0.09941520467836255,1.888888888888889,15.83838383838384,19.0,0.0,99.0,nan,1.0,0,0.0,1.0
40,static,none,1.0,100,1.0,18.0,617.8272727272727,0.10774410774410773,1.939393939393939,15.97979797979798,18.0,0.0,99.0,nan,1.0,0,0.0,1.0
41,static,none,1.0,100,1.0,19.0,615.7909090909092,0.10047846889952151,1.9090909090909096,16.696969696969695,19.0,0.0,99.0,nan,1.0,0,0.0,1.0
42,static,none,1.0,100,1.0,17.0,616.469696969697,0.11289364230540701,1.9191919191919191,15.191919191919192,17.0,0.0,99.0,nan,1.0,0,0.0,1.0
43,static,none,1.0,96,0.96,20.0,615.5336842105263,0.09526315789473686,1.9052631578947365,15.063157894736841,20.0,0.0,95.0,nan,1.0,0,0.0,1.0
44,static,none,1.0,100,1.0,19.0,614.4333333333334,0.09941520467836255,1.888888888888889,16.292929292929294,19.0,0.0,99.0,nan,1.0,0,0.0,1.0
45,static,none,1.0,100,1.0,17.0,617.8272727272727,0.11408199643493756,1.939393939393939,15.131313131313131,17.0,0.0,99.0,nan,1.0,0,0.0,1.0
46,static,none,1.0,99,0.99,19.0,616.4142857142859,0.10096670247046188,1.9183673469387759,16.46938775510204,19.0,0.0,98.0,nan,1.0,0,0.0,1.0
47,static,none,1.0,100,1.0,19.0,611.039393939394,0.09675704412546517,1.8383838383838382,16.02020202020202,19.0,0.0,99.0,nan,1.0,0,0.0,1.0
48,static,none,1.0,99,0.99,18.0,612.9857142857143,0.10374149659863943,1.8673469387755106,15.0,18.0,0.0,98.0,nan,1.0,0,0.0,1.0
49,static,none,1.0,100,1.0,18.0,613.0757575757577,0.10381593714927047,1.8686868686868687,15.121212121212121,18.0,0.0,99.0,nan,1.0,0,0.0,1.0
0,bsps,none,0.0,99,0.99,9.5,509.5255102040817,0.023899033297529536,0.4540816326530611,nan,nan,49.0,49.0,0.5,nan,0,nan,nan
1,bsps,none,0.0,100,1.0,9.0,509.7626262626264,0.0255331088664422,0.45959595959595956,nan,nan,49.5,49.5,0.5,nan,0,nan,nan
2,bsps,none,0.0,100,1.0,10.0,509.11111111111114,0.022222222222222223,0.4444444444444446,nan,nan,49.5,49.5,0.5,nan,0,nan,nan
3,bsps,none,0.0,99,0.99,9.0,509.0867346938776,0.02465986394557823,0.4438775510204082,nan,nan,49.0,49.0,0.5,nan,0,nan,nan
4,bsps,none,0.0,100,1.0,9.5,509.54545454545456,0.02392344497607656,0.45454545454545453,nan,nan,49.5,49.5,0.5,nan,0,nan,nan
5,bsps,none,0.0,97,0.97,9.5,508.8125000000001,0.02302631578947368,0.4375,nan,nan,48.0,48.0,0.5,nan,0,nan,nan
6,bsps,none,0.0,100,1.0,10.5,509.7626262626264,0.02188552188552189,0.45959595959595956,nan,nan,49.5,49.5,0.5,nan,0,nan,nan
7,bsps,none,0.0,100,1.0,9.0,508.6767676767678,0.02413019079685746,0.4343434343434343,nan,nan,49.5,49.5,0.5,nan,0,nan,nan
8,bsps,none,0.0,100,1.0,11.0,508.2424242424242,0.019283746556473826,0.4242424242424242,nan,nan,49.5,49.5,0.5,nan,0,nan,nan
9,bsps,none,0.0,100,1.0,10.5,508.89393939393943,0.020923520923520917,0.4393939393939394,nan,nan,49.5,49.5,0.5,nan,0,nan,nan
10,bsps,none,0.0,100,1.0,11.0,509.97979797979815,0.021120293847566578,0.4646464646464646,nan,nan,49.5,49.5,0.5,nan,0,nan,nan
11,bsps,none,0.0,100,1.0,11.0,509.32828282828285,0.020431588613406795,0.44949494949494956,nan,nan,49.5,49.5,0.5,nan,0,nan,nan
12,bsps,none,0.0,100,1.0,9.5,509.11111111111126,0.02339181286549707,0.4444444444444446,nan,nan,49.5,49.5,0.5,nan,0,nan,nan
13,bsps,none,0.0,100,1.0,9.0,508.89393939393943,0.024410774410774414,0.4393939393939394,nan,nan,49.5,49.5,0.5,nan,0,nan,nan
14,bsps,none,0.0,100,1.0,9.0,509.32828282828285,0.024971941638608306,0.44949494949494956,nan,nan,49.5,49.5,0.5,nan,0,nan,nan
15,bsps,none,0.0,100,1.0,9.0,508.89393939393943,0.024410774410774414,0.4393939393939394,nan,nan,49.5,49.5,0.5,nan,0,nan,nan
16,bsps,none,0.0,82,0.82,10.0,509.9074074074074,0.023148148148148147,0.46296296296296285,nan,nan,40.5,40.5,0.5,nan,0,nan,nan
17,bsps,none,0.0,97,0.97,10.0,509.0364583333334,0.022135416666666664,0.44270833333333337,nan,nan,48.0,48.0,0.5,nan,0,nan,nan
18,bsps,none,0.0,100,1.0,10.0,508.89393939393943,0.02196969696969697,0.4393939393939394,nan,nan,49.5,49.5,0.5,nan,0,nan,nan
19,bsps,none,0.0,100,1.0,9.5,509.32828282828285,0.02365762892078682,0.44949494949494956,nan,nan,49.5,49.5,0.5,nan,0,nan,nan
20,bsps,none,0.0,100,1.0,9.0,509.54545454545456,0.025252525252525252,0.45454545454545453,nan,nan,49.5,49.5,0.5,nan,0,nan,nan
21,bsps,none,0.0,100,1.0,9.0,509.97979797979804,0.025813692480359144,0.4646464646464646,nan,nan,49.5,49.5,0.5,nan,0,nan,nan
22,bsps,none,0.0,97,0.97,8.5,509.7083333333334,0.0269607843137255,0.4583333333333333,nan,nan,48.0,48.0,0.5,nan,0,nan,nan
23,bsps,none,0.0,97,0.97,9.5,510.15625,0.024671052631578948,0.46875,nan,nan,48.0,48.0,0.5,nan,0,nan,nan
24,bsps,none,0.0,100,1.0,9.0,509.97979797979804,0.025813692480359144,0.4646464646464646,nan,nan,49.5,49.5,0.5,nan,0,nan,nan
25,bsps,none,0.0,99,0.99,9.0,509.0867346938776,0.02465986394557823,0.4438775510204082,nan,nan,49.0,49.0,0.5,nan,0,nan,nan
26,bsps,none,0.0,100,1.0,10.0,509.32828282828285,0.022474747474747477,0.44949494949494956,nan,nan,49.5,49.5,0.5,nan,0,nan,nan
27,bsps,none,0.0,100,1.0,9.5,508.89393939393943,0.023125996810207335,0.4393939393939394,nan,nan,49.5,49.5,0.5,nan,0,nan,nan
28,bsps,none,0.0,100,1.0,9.0,508.67676767676767,0.02413019079685746,0.4343434343434343,nan,nan,49.5,49.5,0.5,nan,0,nan,nan
29,bsps,none,0.0,100,1.0,9.0,509.54545454545456,0.025252525252525252,0.45454545454545453,nan,nan,49.5,49.5,0.5,nan,0,nan,nan
30,bsps,none,0.0,93,0.93,9.5,510.7989130434782,0.02545766590389015,0.483695652173913,nan,nan,46.0,46.0,0.5,nan,0,nan,nan
31,bsps,none,0.0,100,1.0,8.5,509.54545454545456,0.0267379679144385,0.45454545454545453,nan,nan,49.5,49.5,0.5,nan,0,nan,nan
32,bsps,none,0.0,100,1.0,10.0,509.32828282828285,0.022474747474747477,0.44949494949494956,nan,nan,49.5,49.5,0.5,nan,0,nan,nan
33,bsps,none,0.0,100,1.0,9.5,509.97979797979804,0.02445507708665604,0.4646464646464646,nan,nan,49.5,49.5,0.5,nan,0,nan,nan
34,bsps,none,0.0,100,1.0,9.0,509.7626262626264,0.0255331088664422,0.45959595959595956,nan,nan,49.5,49.5,0.5,nan,0,nan,nan
35,bsps,none,0.0,100,1.0,12.0,507.3737373737374,0.016835016835016838,0.40404040404040403,nan,nan,49.5,49.5,0.5,nan,0,nan,nan
36,bsps,none,0.0,97,0.97,10.5,508.8125000000001,0.02083333333333333,0.4375,nan,nan,48.0,48.0,0.5,nan,0,nan,nan
37,bsps,none,0.0,96,0.96,10.5,509.91578947368413,0.02205513784461153,0.4631578947368421,nan,nan,47.5,47.5,0.5,nan,0,nan,nan
38,bsps,none,0.0,100,1.0,8.5,509.97979797979815,0.0273321449792038,0.4646464646464646,nan,nan,49.5,49.5,0.5,nan,0,nan,nan
39,bsps,none,0.0,100,1.0,9.5,509.11111111111114,0.02339181286549707,0.4444444444444446,nan,nan,49.5,49.5,0.5,nan,0,nan,nan
40,bsps,none,0.0,100,1.0,9.0,510.1969696969697,0.026094276094276097,0.4696969696969697,nan,nan,49.5,49.5,0.5,nan,0,nan,nan
41,bsps,none,0.0,100,1.0,9.5,509.54545454545456,0.02392344497607656,0.45454545454545453,nan,nan,49.5,49.5,0.5,nan,0,nan,nan
42,bsps,none,0.0,100,1.0,8.5,509.7626262626264,0.027035056446821144,0.45959595959595956,nan,nan,49.5,49.5,0.5,nan,0,nan,nan
43,bsps,none,0.0,96,0.96,10.0,509.4631578947369,0.022631578947368426,0.45263157894736844,nan,nan,47.5,47.5,0.5,nan,0,nan,nan
44,bsps,none,0.0,100,1.0,9.5,509.11111111111126,0.02339181286549707,0.4444444444444446,nan,nan,49.5,49.5,0.5,nan,0,nan,nan
45,bsps,none,0.0,100,1.0,8.5,510.1969696969697,0.027629233511586453,0.4696969696969697,nan,nan,49.5,49.5,0.5,nan,0,nan,nan
46,bsps,none,0.0,99,0.99,9.5,509.7448979591837,0.024167561761546722,0.4591836734693878,nan,nan,49.0,49.0,0.5,nan,0,nan,nan
47,bsps,none,0.0,100,1.0,9.5,508.02525252525265,0.022062732589048374,0.4191919191919193,nan,nan,49.5,49.5,0.5,nan,0,nan,nan
48,bsps,none,0.0,99,0.99,9.0,508.64795918367344,0.02409297052154195,0.4336734693877551,nan,nan,49.0,49.0,0.5,nan,0,nan,nan
49,bsps,none,0.0,100,1.0,9.0,508.6767676767678,0.02413019079685746,0.4343434343434343,nan,nan,49.5,49.5,0.5,nan,0,nan,nan
0,bsps,none,0.02,99,0.99,14.428,517.5079632653061,0.041000123635867934,0.5891428571428571,52.4340770791075,115.0,53.36,58.828,0.4951596023024594,0.6688311688311688,0,0.4056795131845842,1.0
1,bsps,none,0.02,100,1.0,13.784,520.006892929293,0.046072947640594705,0.6355151515151515,52.03680981595092,115.0,55.404,61.884,0.4939846354544137,0.6504424778761062,0,0.3987730061349693,1.0
2,bsps,none,0.02,100,1.0,14.792,518.5466262626263,0.0409970556214763,0.6047272727272728,49.6804979253112,116.0,55.584,61.928,0.49438354310461496,0.6716101694915254,0,0.37344398340248963,1.0
3,bsps,none,0.02,99,0.99,13.496,517.0919020408164,0.04305762505801522,0.5810204081632653,50.81528662420382,114.0,54.74,60.116,0.4946513725995618,0.6659751037344398,0,0.4033970276008493,1.0
4,bsps,none,0.02,100,1.0,13.316,518.2950989898991,0.04533092877611594,0.6008484848484849,49.704819277108435,114.0,53.42,59.48,0.49467072706509324,0.6700819672131147,0,0.3815261044176707,1.0
5,bsps,none,0.02,97,0.97,14.116,517.6987833333334,0.04205553244073465,0.591875,51.17391304347826,115.0,54.672,60.264,0.49463321689425216,0.6613861386138614,0,0.3995859213250518,1.0
6,bsps,none,0.02,100,1.0,14.436,518.7692646464646,0.04246635175084373,0.6091717171717171,53.24063116370809,115.0,54.052,60.464,0.49434163227266675,0.6610878661087866,0,0.4161735700197239,1.0
7,bsps,none,0.02,100,1.0,12.784,516.6928000000001,0.04469643386916114,0.5705858585858586,54.51093439363817,113.0,54.376,59.888,0.4943456162642948,0.6549019607843137,0,0.4393638170974155,1.0
8,bsps,none,0.02,100,1.0,15.904,515.8131555555557,0.03509476988248919,0.556,47.2635814889336,116.0,55.736,60.752,0.495203998919211,0.6860986547085202,0,0.34808853118712274,1.0
9,bsps,none,0.02,100,1.0,14.328,517.0016484848485,0.040416361917609694,0.5795555555555555,51.2085020242915,115.0,54.748,60.012,0.4954995499549955,0.6883408071748879,0,0.38866396761133604,1.0
10,bsps,none,0.02,100,1.0,14.92,519.8243434343435,0.04271580916607655,0.6333737373737374,48.44282744282744,116.0,54.696,60.964,0.4950859950859951,0.6808510638297872,0,0.3596673596673597,1.0
11,bsps,none,0.02,100,1.0,15.148,516.9299313131313,0.038208495618970335,0.5796363636363636,50.571739130434786,116.0,55.2,60.344,0.49519198885867766,0.66270783847981,0,0.3804347826086957,1.0
12,bsps,none,0.02,100,1.0,13.116,516.9008848484849,0.0443036906019972,0.578989898989899,49.190582959641254,113.0,55.096,60.212,0.4955444605953359,0.6885245901639344,0,0.38565022421524664,1.0
13,bsps,none,0.02,100,1.0,14.196,518.4410666666668,0.0425419112477936,0.6037575757575757,48.675196850393704,114.0,55.856,62.096,0.49515301273522144,0.6809421841541756,0,0.3720472440944882,1.0
14,bsps,none,0.02,100,1.0,13.424,517.79997979798,0.04438788215151851,0.5954747474747475,50.53861003861004,114.0,55.704,61.34,0.49417901902156625,0.6666666666666666,0,0.39768339768339767,1.0
15,bsps,none,0.02,100,1.0,13.124,517.6184484848485,0.04498081077171986,0.5895757575757575,49.037109375,114.0,55.82,61.62,0.4941066790970234,0.6645962732919255,0,0.3828125,1.0
16,bsps,none,0.02,82,0.82,13.768,517.6944148148148,0.04306492252603364,0.5925432098765432,52.49604221635884,114.0,44.176,48.764,0.4949967721110394,0.6620111731843575,0,0.41424802110817943,1.0
17,bsps,none,0.02,97,0.97,15.136,517.65805,0.039253691404305756,0.59375,47.67307692307692,115.0,55.296,60.592,0.4952919020715631,0.6682808716707022,0,0.358974358974359,1.0
18,bsps,none,0.02,100,1.0,14.664,517.2342747474748,0.039843047224776273,0.5833939393939394,50.80204081632653,115.0,55.78,61.272,0.49447170428524695,0.6516129032258065,0,0.39591836734693875,1.0
19,bsps,none,0.02,100,1.0,14.592,517.5273131313132,0.04047375772375772,0.5907474747474748,48.81428571428572,114.0,55.924,61.404,0.49498263218834426,0.6784140969162996,0,0.37142857142857144,1.0
20,bsps,none,0.02,100,1.0,13.168,519.179090909091,0.04684111006838279,0.6157979797979799,51.169946332737034,114.0,54.116,60.848,0.49385908209437623,0.6584905660377358,0,0.40250447227191416,1.0
21,bsps,none,0.02,100,1.0,13.504,520.1051555555557,0.046891522114249386,0.6316767676767676,51.12301587301587,114.0,53.384,60.472,0.49493907549481014,0.6707566462167689,0,0.39285714285714285,1.0
22,bsps,none,0.02,97,0.97,13.192,517.8662375,0.04539031385281385,0.599875,49.26741573033708,113.0,53.456,58.548,0.4952509305609036,0.6650717703349283,0,0.38202247191011235,1.0
23,bsps,none,0.02,97,0.97,14.42,519.8624958333334,0.043916975732600734,0.6342916666666666,45.2521186440678,115.0,53.496,59.708,0.49557460450205587,0.683291770573566,0,0.326271186440678,1.0
24,bsps,none,0.02,100,1.0,13.252,517.9389373737374,0.045177201922656465,0.5981010101010101,49.52663934426229,113.0,53.996,59.608,0.49524885374443484,0.6784922394678492,0,0.3831967213114754,1.0
25,bsps,none,0.02,99,0.99,14.044,516.6305959183674,0.04099196915529448,0.5742857142857142,50.62150537634409,114.0,54.78,59.724,0.4953325935113258,0.6612529002320185,0,0.3978494623655914,1.0
26,bsps,none,0.02,100,1.0,15.504,516.6337373737374,0.03699020797648249,0.5736161616161617,53.151982378854626,116.0,55.116,60.228,0.49533479692645443,0.6745283018867925,0,0.4118942731277533,1.0
27,bsps,none,0.02,100,1.0,13.308,518.5947070707072,0.04566201475292385,0.6069494949494949,44.40079365079365,113.0,56.428,62.716,0.4950817493021401,0.6828193832599119,0,0.3392857142857143,1.0
28,bsps,none,0.02,100,1.0,13.588,516.037397979798,0.041265666992939716,0.559878787878788,47.28448275862069,114.0,54.796,59.86,0.49540989921037426,0.6761229314420804,0,0.3620689655172414,1.0
29,bsps,none,0.02,100,1.0,14.012,517.8333131313132,0.04286444666444666,0.5996767676767677,52.92407809110629,114.0,56.7,61.976,0.4948015122873346,0.6529680365296804,0,0.41865509761388287,1.0
30,bsps,none,0.02,93,0.93,12.696,519.7875130434783,0.05031737175867611,0.6369130434782607,47.82142857142857,114.0,50.54,56.068,0.4949905048785279,0.6868475991649269,0,0.36134453781512604,1.0
31,bsps,none,0.02,100,1.0,12.84,517.5417575757576,0.046100083081901264,0.5907070707070706,50.514583333333334,113.0,54.952,60.372,0.49533792039097163,0.6592427616926503,0,0.3958333333333333,1.0
32,bsps,none,0.02,100,1.0,14.648,517.268096969697,0.0400450720666407,0.5843232323232324,48.88912579957356,114.0,55.232,60.696,0.4949654866696219,0.6753812636165577,0,0.3773987206823028,1.0
33,bsps,none,0.02,100,1.0,14.684,520.0991353535354,0.04367989113283231,0.641010101010101,45.111545988258314,114.0,57.18,63.556,0.4951003581807123,0.6865342163355408,0,0.3287671232876712,1.0
34,bsps,none,0.02,100,1.0,13.624,518.8551393939395,0.04497482197936743,0.6119191919191919,51.18994413407821,114.0,54.284,60.696,0.4941687944241253,0.6699410609037328,0,0.3947858472998138,1.0
35,bsps,none,0.02,100,1.0,17.276,514.44898989899,0.03050015325995718,0.5246868686868688,57.046938775510206,118.0,55.488,60.508,0.4939907326962062,0.6484018264840182,0,0.4387755102040816,1.0
36,bsps,none,0.02,97,0.97,14.644,516.1999458333333,0.038407863119995465,0.5622916666666667,51.736170212765956,115.0,52.384,57.468,0.4951351996657315,0.6780684104627767,0,0.39787234042553193,1.0
37,bsps,none,0.02,96,0.96,15.248,519.7665052631579,0.04168725819072568,0.6344421052631579,52.86767895878525,116.0,53.64,59.476,0.4944857078550529,0.6579572446555819,0,0.39913232104121477,1.0
38,bsps,none,0.02,100,1.0,12.968,518.5450666666667,0.04683811071083799,0.6067070707070706,48.740671641791046,113.0,53.26,59.436,0.49458528951486697,0.6819047619047619,0,0.375,1.0
39,bsps,none,0.02,100,1.0,13.696,517.236484848485,0.04266256730989352,0.5842020202020203,47.07171314741036,113.0,55.536,61.0,0.49513250405624665,0.6790393013100436,0,0.36254980079681276,1.0
40,bsps,none,0.02,100,1.0,13.672,519.2262828282829,0.04591748583825233,0.6234747474747476,50.524109014675055,114.0,54.36,60.292,0.49517315871194223,0.6727688787185355,0,0.389937106918239,1.0
41,bsps,none,0.02,100,1.0,13.632,517.6450585858586,0.04320326373962738,0.589050505050505,52.518095238095235,114.0,53.4,59.304,0.49442259333290345,0.6639511201629328,0,0.4114285714285714,1.0
42,bsps,none,0.02,100,1.0,13.348,518.2241818181818,0.045359680050589136,0.6046060606060606,51.425,114.0,54.336,59.884,0.4953108941418294,0.6736111111111112,0,0.4022727272727273,1.0
43,bsps,none,0.02,96,0.96,13.228,518.6981431578948,0.04632057363688942,0.6089263157894736,48.46526315789474,114.0,52.416,58.396,0.49450949463083177,0.6769825918762089,0,0.37684210526315787,1.0
44,bsps,none,0.02,100,1.0,14.036,517.272981818182,0.04187637406166817,0.5873131313131315,49.758762886597935,114.0,56.012,61.224,0.4950668165355314,0.6810699588477366,0,0.3835051546391753,1.0
45,bsps,none,0.02,100,1.0,13.128,519.0429575757576,0.0472712358348722,0.6195555555555555,47.96049896049896,114.0,54.396,60.372,0.4953673915840947,0.6790393013100436,0,0.367983367983368,1.0
46,bsps,none,0.02,99,0.99,14.08,517.5488938775511,0.04212751215371263,0.593469387755102,47.04385964912281,115.0,54.652,59.768,0.4960911620511462,0.6970443349753694,0,0.3508771929824561,1.0
47,bsps,none,0.02,100,1.0,14.044,516.9177494949496,0.04089419878002765,0.5743030303030302,43.266666666666666,114.0,56.168,61.812,0.4957731595632265,0.6974248927038627,0,0.32083333333333336,1.0
48,bsps,none,0.02,99,0.99,13.868,516.6334979591837,0.04127570593672034,0.5711836734693877,52.44532803180915,115.0,54.924,60.256,0.49404326123128117,0.6505263157894737,0,0.4115308151093439,1.0
49,bsps,none,0.02,100,1.0,13.912,516.7777050505051,0.041142570738827426,0.5745858585858586,50.40040650406504,114.0,55.232,60.592,0.4946334364198654,0.6640471512770137,0,0.3943089430894309,1.0
0,bsps,none,0.05,99,0.99,14.66,524.3239673469388,0.046691573488851876,0.6806938775510205,52.32808811959087,115.0,48.672,61.032,0.48613208842509953,0.660472972972973,0,0.4036191974822974,1.0
1,bsps,none,0.05,100,1.0,13.964,526.8449696969698,0.05182138401309524,0.7216565656565656,48.32311516155758,115.0,49.548,63.26,0.4874337623012869,0.6740384615384616,0,0.3587406793703397,1.0
2,bsps,none,0.05,100,1.0,14.968,524.8980606060607,0.04589059165235636,0.6857373737373736,48.851670741646295,115.0,49.696,63.08,0.48645390070921984,0.6765217391304348,0,0.36267318663406684,1.0
3,bsps,none,0.05,99,0.99,13.632,523.618730612245,0.04907322422475484,0.6674693877551021,49.67673469387755,114.0,49.372,61.704,0.4865010799136069,0.6680743243243243,0,0.39102040816326533,1.0
4,bsps,none,0.05,100,1.0,13.576,525.2920727272727,0.051130336241298806,0.6937777777777777,51.31491712707182,114.0,48.48,61.656,0.4856685775229969,0.6578525641025641,0,0.39700078926598265,1.0
5,bsps,none,0.05,97,0.97,14.596,524.4059583333334,0.04671065233785822,0.6802916666666667,47.13262815296989,115.0,49.3,61.852,0.486660900805003,0.6735028712059065,0,0.3563873067534581,1.0
6,bsps,none,0.05,100,1.0,14.284,524.7690666666667,0.04827607940682808,0.6875555555555557,49.716902581182346,115.0,49.172,61.932,0.48788110285436487,0.6721162579473207,0,0.37885095753538717,1.0
7,bsps,none,0.05,100,1.0,13.204,523.0332484848485,0.049679031406304135,0.6543838383838383,48.07655116841257,114.0,49.536,61.772,0.4871368742936914,0.6777133388566694,0,0.37308622078968573,1.0
8,bsps,none,0.05,100,1.0,15.916,521.4061131313132,0.03965903959970007,0.6286868686868687,50.54042904290429,116.0,50.572,61.88,0.48711795016587844,0.6685133887349953,0,0.3787128712871287,1.0
9,bsps,none,0.05,100,1.0,14.84,522.6668282828283,0.0444118036298588,0.6526464646464647,50.791217895608945,116.0,50.12,61.44,0.4878196500672948,0.6798245614035088,0,0.3835956917978459,1.0
10,bsps,none,0.05,100,1.0,15.108,526.3122303030303,0.04755865172257422,0.7164040404040404,48.84502446982056,116.0,49.66,62.592,0.4872174640994269,0.674037674037674,0,0.3646003262642741,1.0
11,bsps,none,0.05,100,1.0,15.536,523.7915595959597,0.04343294005043231,0.673010101010101,47.69140950792327,115.0,50.372,62.592,0.488077083044503,0.680633147113594,0,0.3502919099249375,1.0
12,bsps,none,0.05,100,1.0,13.256,523.4270343434345,0.05045149866968049,0.6665050505050506,45.77303754266212,113.0,50.3,62.2,0.4884427420420024,0.6796028880866426,0,0.34897610921501704,1.0
13,bsps,none,0.05,100,1.0,14.256,524.8675474747475,0.048061449008507826,0.684969696969697,49.3732057416268,114.0,49.612,63.052,0.4869328734412311,0.6635434412265758,0,0.3803827751196172,1.0
14,bsps,none,0.05,100,1.0,13.456,523.3968323232324,0.04966086473439414,0.6675959595959596,46.59116465863454,114.0,50.456,62.312,0.48708927978758715,0.6776371308016877,0,0.3566265060240964,1.0
15,bsps,none,0.05,100,1.0,13.432,524.2726060606061,0.05063582074491166,0.67979797979798,45.3522110162917,114.0,50.96,63.704,0.4866448148406444,0.6770025839793282,0,0.34367726920093095,1.0
16,bsps,none,0.05,82,0.82,13.956,524.6243555555556,0.04926188338410561,0.686716049382716,47.48720573183214,114.0,40.324,50.668,0.4879284146547358,0.6858407079646017,0,0.3602865916069601,1.0
17,bsps,none,0.05,97,0.97,15.048,523.9312083333334,0.04504335485796883,0.677125,46.757705479452056,115.0,50.248,62.056,0.487701627618422,0.67302192564347,0,0.3501712328767123,1.0
18,bsps,none,0.05,100,1.0,15.032,523.6477292929294,0.04439734161798145,0.6671919191919191,45.85901639344262,115.0,50.24,62.74,0.48867821579593507,0.6838235294117647,0,0.34262295081967215,1.0
19,bsps,none,0.05,100,1.0,14.904,524.132286868687,0.045480964569199867,0.6774545454545455,49.78439259855189,115.0,50.192,62.876,0.4863476615301433,0.665282392026578,0,0.37892196299275943,1.0
20,bsps,none,0.05,100,1.0,13.288,525.988795959596,0.05314068776341503,0.7057373737373737,49.586074980872226,114.0,49.04,62.812,0.48560590665853826,0.65642683912692,0,0.3863810252486611,1.0
21,bsps,none,0.05,100,1.0,13.748,527.0344969696971,0.052572139298609884,0.7211717171717171,49.670597484276726,115.0,47.976,62.224,0.48692479221569024,0.6736053288925895,0,0.37657232704402516,1.0
22,bsps,none,0.05,97,0.97,13.312,524.924925,0.05203967091935841,0.6924166666666668,46.46110210696921,113.0,47.992,60.288,0.48716393774004446,0.6729939603106126,0,0.35089141004862234,1.0
23,bsps,none,0.05,97,0.97,14.808,527.0592416666667,0.049154544975041306,0.728375,48.60967472894078,115.0,48.072,61.52,0.487594862813777,0.6730401529636711,0,0.35529608006672225,1.0
24,bsps,none,0.05,100,1.0,13.652,524.5025535353536,0.050311060250899826,0.685090909090909,48.7992,114.0,48.868,61.364,0.4875860630085541,0.6797502230151651,0,0.372,1.0
25,bsps,none,0.05,99,0.99,14.436,522.9129020408163,0.04573310025308825,0.6600816326530612,47.634309623430966,114.0,50.656,61.98,0.4875315980050557,0.6702605570530099,0,0.36401673640167365,1.0
26,bsps,none,0.05,100,1.0,15.62,523.0950747474748,0.0423522875454248,0.6606464646464647,49.24285714285714,115.0,50.2,62.172,0.48694526361217005,0.6727438468550593,0,0.37142857142857144,1.0
27,bsps,none,0.05,100,1.0,13.62,525.3164767676769,0.050912545367090827,0.6927272727272727,46.94440031771247,114.0,50.016,63.728,0.48653926628539546,0.6660929432013769,0,0.36298649722001586,1.0
28,bsps,none,0.05,100,1.0,13.476,522.3332808080808,0.04778030061639687,0.644848484848485,46.48989898989899,114.0,49.924,61.6,0.4883456128600134,0.6785046728971963,0,0.3560606060606061,1.0
29,bsps,none,0.05,100,1.0,14.456,524.1132000000001,0.047280120641885345,0.6831515151515152,47.37080536912752,114.0,51.568,63.596,0.4869786152868939,0.666049953746531,0,0.35906040268456374,1.0
30,bsps,none,0.05,93,0.93,12.864,525.8044434782609,0.055648133750307666,0.714304347826087,50.226003490401396,114.0,45.948,57.332,0.4866607228585145,0.6680923866552609,0,0.3830715532286213,1.0
31,bsps,none,0.05,100,1.0,13.096,524.2466989898992,0.05205148857876131,0.6805656565656566,49.16816326530612,114.0,50.136,62.464,0.4869880976397014,0.662533215234721,0,0.3795918367346939,1.0
32,bsps,none,0.05,100,1.0,14.648,523.7367797979798,0.04595283384008874,0.6712727272727272,49.08360927152318,114.0,50.372,62.616,0.486857825567503,0.6663851351351351,0,0.3758278145695364,1.0
33,bsps,none,0.05,100,1.0,14.916,526.3857656565657,0.048359484633014045,0.7207272727272728,47.32244897959184,114.0,51.216,64.532,0.48713962690785756,0.6666666666666666,0,0.34938775510204084,1.0
34,bsps,none,0.05,100,1.0,13.86,525.6113858585859,0.05051131436398816,0.6994343434343434,51.02947845804989,114.0,48.52,62.168,0.48586136890951276,0.6688741721854304,0,0.3900226757369615,1.0
35,bsps,none,0.05,100,1.0,17.856,520.2504282828284,0.033919785658532264,0.6035151515151514,49.27115858668858,118.0,51.504,62.772,0.48779750661125804,0.6758620689655173,0,0.35661462612982747,1.0
36,bsps,none,0.05,97,0.97,14.984,522.2590125,0.04302088289909981,0.6425,50.41887417218543,115.0,47.64,59.092,0.4871410736579276,0.6739837398373983,0,0.3832781456953642,1.0
37,bsps,none,0.05,96,0.96,15.468,526.8984926315791,0.046970786131653,0.7256842105263158,50.37910699241786,116.0,47.94,61.02,0.4869196323356116,0.6748285994123409,0,0.37152485256950296,1.0
38,bsps,none,0.05,100,1.0,13.18,524.6180484848486,0.052194769876588054,0.6872727272727273,50.1245011971269,114.0,48.828,61.24,0.48698495748855464,0.6735537190082644,0,0.38786911412609737,1.0
39,bsps,none,0.05,100,1.0,13.972,523.1765090909091,0.04756019992089511,0.6625858585858586,47.115606936416185,114.0,50.62,62.476,0.48689509007417875,0.6703196347031963,0,0.3592072667217176,1.0
40,bsps,none,0.05,100,1.0,13.536,526.4239838383838,0.05330741785447668,0.7189494949494949,48.51292407108239,114.0,49.528,62.64,0.4873117975542518,0.6727107887579329,0,0.3651050080775444,1.0
41,bsps,none,0.05,100,1.0,13.828,523.900088888889,0.04847239444057626,0.6709090909090909,51.662460567823345,114.0,48.2,60.792,0.4868145949956161,0.6675191815856778,0,0.3998422712933754,1.0
42,bsps,none,0.05,100,1.0,13.616,525.0852363636363,0.051403332189695825,0.6985454545454545,49.408145580589256,114.0,50.388,62.604,0.4879194630872483,0.6772727272727272,0,0.37954939341421146,1.0
43,bsps,none,0.05,96,0.96,13.596,525.1583073684211,0.05097836108164282,0.6905263157894738,48.87244480784955,114.0,46.652,59.428,0.48684544992374174,0.6653481012658228,0,0.3802125919869174,1.0
44,bsps,none,0.05,100,1.0,14.032,523.3116323232323,0.04760921906376452,0.6672323232323232,46.20280296784831,114.0,51.08,62.748,0.48789401553220646,0.6898895497026338,0,0.34707337180544107,1.0
45,bsps,none,0.05,100,1.0,13.16,525.991098989899,0.054103527448981996,0.7113131313131313,46.79454253611557,114.0,49.24,62.348,0.48812327568804253,0.6830553116769096,0,0.3547351524879615,1.0
46,bsps,none,0.05,99,0.99,14.688,524.0524448979593,0.04634991003394365,0.6802857142857144,48.70118845500849,115.0,49.892,61.792,0.4873163293595786,0.6697761194029851,0,0.3633276740237691,1.0
47,bsps,none,0.05,100,1.0,14.296,523.010004040404,0.04571150063048458,0.652040404040404,48.17922948073702,114.0,50.364,62.86,0.4876342436330163,0.6680497925311203,0,0.3685092127303183,1.0
48,bsps,none,0.05,99,0.99,14.272,522.4032204081633,0.045599527943045344,0.6488163265306123,47.55112219451372,115.0,50.66,61.968,0.48698858892290564,0.6728723404255319,0,0.3574397339983375,1.0
49,bsps,none,0.05,100,1.0,14.116,522.7518666666667,0.046375718725718724,0.6536969696969698,47.11055276381909,114.0,50.504,62.22,0.48858620254761004,0.6733800350262698,0,0.35845896147403683,1.0
0,bsps,none,0.1,99,0.99,14.896,532.221048979592,0.05286654716831787,0.7840408163265306,48.64570737605804,115.0,43.128,63.388,0.47305389221556887,0.672514619883041,0,0.3651753325272068,1.0
1,bsps,none,0.1,100,1.0,14.336,535.2799111111111,0.05808289862247081,0.8305050505050505,45.65917761763459,115.0,43.648,65.848,0.4748476229175132,0.6832904884318766,0,0.3293768545994065,1.0
2,bsps,none,0.1,100,1.0,15.252,534.1137010101012,0.05309635993174317,0.8077171717171718,47.7708,116.0,43.168,65.932,0.471385658168374,0.6713718570798412,0,0.3508,1.0
3,bsps,none,0.1,99,0.99,13.916,531.9344081632653,0.05599824942964199,0.7781632653061225,45.44073319755601,114.0,43.42,64.196,0.4733085718447309,0.6817981489643015,0,0.3446028513238289,1.0
4,bsps,none,0.1,100,1.0,13.988,533.3769616161618,0.057232491582491586,0.7985858585858585,49.3946098149638,114.0,42.692,64.02,0.4721601959230714,0.6696239966201943,0,0.37610619469026546,1.0
5,bsps,none,0.1,97,0.97,14.764,533.0733583333334,0.05386956467075953,0.7935,45.3941908713693,115.0,42.524,63.98,0.4732495511669659,0.6778494623655914,0,0.3390041493775934,1.0
6,bsps,none,0.1,100,1.0,14.888,533.532387878788,0.05412363194654216,0.8027474747474748,48.2522159548751,116.0,42.916,64.556,0.4718999547988549,0.6657681940700808,0,0.3589846897663175,1.0
7,bsps,none,0.1,100,1.0,13.424,530.7494141414141,0.05642968091524241,0.7559191919191919,45.90596238495398,114.0,43.736,63.976,0.47323094588775655,0.6809153713298791,0,0.34973989595838334,1.0
8,bsps,none,0.1,100,1.0,16.3,529.3234828282829,0.04527923197278203,0.7356767676767677,49.29299627020307,116.0,45.204,64.636,0.47303157093952075,0.6636579572446556,0,0.3626191462909242,1.0
9,bsps,none,0.1,100,1.0,15.26,530.8546505050506,0.05027664606036404,0.7615757575757576,49.28684101286841,117.0,44.796,64.228,0.47390547984923165,0.6710526315789473,0,0.36488169364881695,1.0
10,bsps,none,0.1,100,1.0,15.368,534.6433373737375,0.053740776200064136,0.8224646464646465,47.92507204610951,117.0,43.572,64.86,0.4730068178655906,0.6712962962962963,0,0.35364347468093865,1.0
11,bsps,none,0.1,100,1.0,16.084,532.3265494949496,0.0490647707316954,0.7869090909090909,47.19732576985413,116.0,44.544,65.476,0.4729567307692308,0.6736745886654479,0,0.3395461912479741,1.0
12,bsps,none,0.1,100,1.0,13.912,532.250694949495,0.05642121033386631,0.7814141414141414,44.61252045826514,114.0,43.536,64.62,0.47443222396800455,0.6841637010676157,0,0.3342880523731588,1.0
13,bsps,none,0.1,100,1.0,14.544,533.3756565656566,0.05477770747770748,0.7962424242424242,46.031312725812924,115.0,43.136,65.404,0.47269991401547723,0.6708805579773321,0,0.3436370935367322,1.0
14,bsps,none,0.1,100,1.0,13.78,531.9268161616162,0.05667019647019647,0.7799191919191919,45.64750499001996,114.0,43.932,64.648,0.47308822475453305,0.675663909447105,0,0.3445109780439122,1.0
15,bsps,none,0.1,100,1.0,13.608,532.5131474747476,0.05794679848770758,0.7866666666666665,44.670967741935485,114.0,44.36,65.776,0.4735931387300632,0.6807065217391305,0,0.3342741935483871,1.0
16,bsps,none,0.1,82,0.82,14.216,533.0488592592593,0.05626363961222349,0.7980246913580247,46.01324503311258,115.0,35.344,52.72,0.47433676725316803,0.6833239752947782,0,0.3433520122261844,1.0
17,bsps,none,0.1,97,0.97,15.392,533.1883208333334,0.05197882202560511,0.7995416666666666,44.92937735060593,115.0,43.572,64.704,0.47383743803603745,0.6766291033806957,0,0.32720434600919346,1.0
18,bsps,none,0.1,100,1.0,15.332,531.7163959595961,0.05053816074992546,0.7734949494949496,45.224937862468934,115.0,44.12,65.056,0.47496139422016326,0.6843328684332869,0,0.33305716652858325,1.0
19,bsps,none,0.1,100,1.0,15.284,532.5178060606062,0.0516015109931331,0.7883636363636364,47.24158653846154,115.0,43.848,65.22,0.4721917708104948,0.6689684937419076,0,0.3505608974358974,1.0
20,bsps,none,0.1,100,1.0,13.572,534.4180444444445,0.06018251087395472,0.8153535353535354,45.83720930232558,114.0,42.884,65.244,0.4730569569350004,0.6784330606973741,0,0.34647221127315725,1.0
21,bsps,none,0.1,100,1.0,14.004,535.3431636363638,0.0593980859900646,0.8286464646464646,48.574939564867044,115.0,42.164,64.696,0.4724047306176084,0.6715899218071243,0,0.36341659951651895,1.0
22,bsps,none,0.1,97,0.97,13.636,532.625275,0.05811122835497836,0.792125,46.25554161438728,114.0,42.42,62.356,0.4740156340474812,0.6758241758241759,0,0.3467168548724383,1.0
23,bsps,none,0.1,97,0.97,15.04,535.6929375,0.055814546860410826,0.8394583333333334,45.67359667359668,116.0,41.68,63.676,0.47471092582395974,0.6818851251840943,0,0.32432432432432434,1.0
24,bsps,none,0.1,100,1.0,13.992,533.155107070707,0.05727355329360677,0.8002020202020201,47.42965627498002,114.0,42.972,64.144,0.4733594220349187,0.6821880650994575,0,0.35531574740207833,1.0
25,bsps,none,0.1,99,0.99,14.612,531.6182653061226,0.05297598509933444,0.7740408163265307,45.15343698854337,114.0,43.792,64.204,0.47405764966740577,0.6864864864864865,0,0.33797054009819966,1.0
26,bsps,none,0.1,100,1.0,16.024,531.6534787878787,0.048483662750123016,0.7757171717171717,47.15752285951787,116.0,44.068,64.852,0.473782046317094,0.6768788894207755,0,0.34663341645885287,1.0
27,bsps,none,0.1,100,1.0,13.804,533.6034141414142,0.05819140796814593,0.8012121212121213,43.7520325203252,114.0,43.88,66.172,0.4738817172020414,0.6764705882352942,0,0.3288617886178862,1.0
28,bsps,none,0.1,100,1.0,13.932,530.6013535353536,0.05417678322865489,0.7538989898989898,47.055350553505534,114.0,43.692,64.032,0.473965866358114,0.6685082872928176,0,0.35834358343583433,1.0
29,bsps,none,0.1,100,1.0,14.644,532.9785050505051,0.054596570858335566,0.7987474747474749,44.793760129659645,114.0,44.348,65.7,0.4742661075104842,0.6852459016393443,0,0.33144246353322526,1.0
30,bsps,none,0.1,93,0.93,13.16,534.1208,0.0627069546892437,0.8223478260869566,47.78481012658228,114.0,40.592,59.624,0.47321627028228497,0.677762982689747,0,0.35704932343954604,1.0
31,bsps,none,0.1,100,1.0,13.404,532.811486868687,0.059233681974591064,0.7927676767676767,44.858289843436374,114.0,43.856,64.892,0.4739560599447112,0.6805678793256433,0,0.33360096346848656,1.0
32,bsps,none,0.1,100,1.0,15.12,532.1707636363636,0.05197123373181634,0.7834343434343434,45.55378323108384,115.0,44.18,65.132,0.4745084018591348,0.6794701986754967,0,0.3361963190184049,1.0
33,bsps,none,0.1,100,1.0,15.092,535.3840484848486,0.055567129783796444,0.8377777777777778,44.006152584085314,115.0,44.256,66.856,0.47476976938884236,0.6830885836096636,0,0.31460213289581623,1.0
34,bsps,none,0.1,100,1.0,14.056,533.8857939393939,0.05766773075409439,0.8096565656565656,46.44774951076321,114.0,43.0,64.888,0.47315096251266464,0.6814200092208391,0,0.34285714285714286,1.0
35,bsps,none,0.1,100,1.0,18.416,528.5769696969699,0.039086046509529015,0.7158383838383838,49.38013136288998,118.0,45.18,65.388,0.47307692307692306,0.6729064039408867,0,0.35344827586206895,1.0
36,bsps,none,0.1,97,0.97,15.408,530.1631833333333,0.04857567381305771,0.7465,49.559918200409,116.0,41.776,61.328,0.4729410174988177,0.6749693752552062,0,0.37014314928425357,1.0
37,bsps,none,0.1,96,0.96,16.0,536.0402105263158,0.052914313540459855,0.844378947368421,47.41934139224677,117.0,41.892,63.732,0.47227891156462587,0.6738693467336684,0,0.338474364318466,1.0
38,bsps,none,0.1,100,1.0,13.496,532.7832565656568,0.059044562340016885,0.796,46.83098591549296,114.0,43.612,64.068,0.47358757062146895,0.6790598290598291,0,0.3517102615694165,1.0
39,bsps,none,0.1,100,1.0,14.172,531.9801696969698,0.05506173413633307,0.7793939393939395,45.480176211453745,114.0,44.128,65.128,0.4734949896733726,0.6830500689021589,0,0.34120945134160996,1.0
40,bsps,none,0.1,100,1.0,13.82,534.7610505050505,0.06000972197736904,0.826060606060606,46.86114445778311,114.0,43.472,64.944,0.4729316409236886,0.6758747697974218,0,0.3465386154461785,1.0
41,bsps,none,0.1,100,1.0,14.164,531.7796848484849,0.05484591954886072,0.7757575757575758,47.19927536231884,114.0,43.004,63.428,0.47462426486604226,0.6856757970363718,0,0.3522544283413849,1.0
42,bsps,none,0.1,100,1.0,13.816,533.3165575757577,0.05829977844496561,0.8037171717171717,47.555650319829425,114.0,44.084,64.732,0.47457258765575194,0.6753187613843351,0,0.35863539445629,1.0
43,bsps,none,0.1,96,0.96,13.864,533.274972631579,0.05780536610276548,0.7961684210526316,45.0008173273396,115.0,40.828,61.596,0.47390081624254066,0.6836018174308137,0,0.3408255006129955,1.0
44,bsps,none,0.1,100,1.0,14.504,531.3607151515153,0.053328052666287956,0.7724848484848486,45.66803784450843,115.0,44.996,65.016,0.4750421822272216,0.6845342706502636,0,0.3364870423693953,1.0
45,bsps,none,0.1,100,1.0,13.564,534.7222666666668,0.060936134908862176,0.825090909090909,46.741640127388536,114.0,43.028,64.888,0.4725098439550824,0.6723534558180227,0,0.3515127388535032,1.0
46,bsps,none,0.1,99,0.99,14.904,532.1602408163266,0.05294773960866398,0.7873469387755101,48.38530161427358,115.0,44.02,64.144,0.4741405082212257,0.6745283018867925,0,0.35811384876805435,1.0
47,bsps,none,0.1,100,1.0,14.52,531.1774343434344,0.052341425168876146,0.7584242424242423,44.73716632443532,114.0,43.956,65.064,0.4751651254953765,0.6851694915254237,0,0.3322381930184805,1.0
48,bsps,none,0.1,99,0.99,14.5,529.6988530612246,0.05152057239812342,0.7444489795918368,47.672172808132146,115.0,45.12,64.06,0.47362119284591786,0.6710341600374357,0,0.3570520965692503,1.0
49,bsps,none,0.1,100,1.0,14.296,531.5813575757576,0.05391750852633206,0.7691313131313131,46.14831189710611,114.0,43.692,64.636,0.47359781121751027,0.6756302521008404,0,0.34686495176848875,1.0
0,bsps,none,0.15,99,0.99,15.472,539.0309510204082,0.056689984198807726,0.8736734693877551,45.612972972972976,116.0,38.828,65.696,0.4591657343774972,0.6829419035846724,0,0.33054054054054055,1.0
1,bsps,none,0.15,100,1.0,14.728,542.4321373737375,0.06285505361147072,0.9237979797979798,45.38520971302428,116.0,39.04,68.248,0.458719646799117,0.6813675213675213,0,0.32229580573951433,1.0
2,bsps,none,0.15,100,1.0,15.54,540.8438383838384,0.057734357182396404,0.8953131313131314,45.49100188020414,116.0,38.32,67.904,0.4565814669885938,0.678604507564063,0,0.32527531560569434,1.0
3,bsps,none,0.15,99,0.99,14.168,538.856612244898,0.061471445501277436,0.8696326530612246,43.11880108991826,114.0,38.66,66.364,0.45958048550553854,0.6884744726383369,0,0.3198910081743869,1.0
4,bsps,none,0.15,100,1.0,14.168,539.704,0.06245282335674493,0.8823030303030303,45.777152051488336,115.0,38.972,66.372,0.4578378798476723,0.6780963641738103,0,0.33681952266023063,1.0
5,bsps,none,0.15,97,0.97,14.928,539.5560916666667,0.0589119377932797,0.8775416666666667,44.82859531772575,115.0,37.744,65.696,0.45802593771841266,0.6780314260302401,0,0.33082497212931994,1.0
6,bsps,none,0.15,100,1.0,15.104,540.5629050505049,0.05947141512294434,0.8957575757575758,46.122003196590306,116.0,38.376,66.948,0.45720591841739555,0.6776859504132231,0,0.33564198188598826,1.0
7,bsps,none,0.15,100,1.0,13.732,537.3653898989901,0.061639099274660776,0.844,45.1055900621118,114.0,39.628,66.42,0.45775359502526236,0.6815361890694239,0,0.33918444504455847,1.0
8,bsps,none,0.15,100,1.0,16.784,536.5714828282829,0.04981029548939766,0.831959595959596,45.45055540503928,116.0,40.216,67.064,0.4600279352559362,0.6823644040272816,0,0.3207802763478732,1.0
9,bsps,none,0.15,100,1.0,15.512,537.2659555555556,0.05477465185313483,0.8451313131313132,46.52078713968958,117.0,40.38,66.26,0.46051602814698983,0.684423676012461,0,0.3353658536585366,1.0
10,bsps,none,0.15,100,1.0,15.78,541.5624080808082,0.05807761290041992,0.9116363636363637,45.40677966101695,117.0,38.944,67.016,0.4597718402882017,0.6859311150029188,0,0.32586112629852376,1.0
11,bsps,none,0.15,100,1.0,16.44,539.0583474747476,0.05339835715253672,0.8748282828282828,45.516163793103445,117.0,39.688,67.46,0.4590776226047418,0.6868718592964824,0,0.3203125,1.0
12,bsps,none,0.15,100,1.0,14.032,539.0667070707071,0.062332133453791204,0.8718383838383839,42.81854730635219,114.0,39.172,67.02,0.46023166023166023,0.69,0,0.3146609488072903,1.0
13,bsps,none,0.15,100,1.0,14.864,539.6934464646466,0.059213936172759704,0.8783838383838384,44.25890928725702,115.0,38.64,67.296,0.45874255664681773,0.6800241036456764,0,0.32370410367170627,1.0
14,bsps,none,0.15,100,1.0,14.16,539.0842181818183,0.06187088695618107,0.8752323232323233,43.03602419142782,114.0,39.344,67.128,0.45933758357953663,0.6921487603305785,0,0.316066263476203,1.0
15,bsps,none,0.15,100,1.0,13.996,539.8510828282829,0.06334388983961176,0.8835151515151515,42.19684625492773,114.0,39.296,68.124,0.4582889016487573,0.691145361136295,0,0.3061760840998686,1.0
16,bsps,none,0.15,82,0.82,14.58,540.0050913580247,0.06115712015733801,0.8899753086419753,44.943295530353566,115.0,31.74,54.68,0.45824665676077264,0.6828625235404896,0,0.3295530353569046,1.0
17,bsps,none,0.15,97,0.97,15.724,540.0937416666667,0.05666344845349296,0.8896666666666665,42.658618753509266,115.0,38.54,66.564,0.46132994493858537,0.6886247877758913,0,0.30235822571588994,1.0
18,bsps,none,0.15,100,1.0,15.616,538.8530989898991,0.055672616892581246,0.867959595959596,44.50459459459459,115.0,39.148,67.34,0.4585268214571657,0.6809815950920245,0,0.32432432432432434,1.0
19,bsps,none,0.15,100,1.0,15.552,539.3601454545455,0.056579305879305875,0.879070707070707,44.26195593766792,115.0,39.132,67.404,0.458974966437653,0.6892418339826191,0,0.3186458893068243,1.0
20,bsps,none,0.15,100,1.0,13.768,540.4628404040404,0.06495887984069802,0.8934141414141413,43.67129877071085,114.0,38.6,67.028,0.45983053506982585,0.6843884449907806,0,0.32282202030999463,1.0
21,bsps,none,0.15,100,1.0,14.268,541.7355676767677,0.06415323484200489,0.9124040404040404,45.28259698275862,115.0,38.1,66.856,0.4598080855749567,0.6865489957395009,0,0.3286637931034483,1.0
22,bsps,none,0.15,97,0.97,13.96,539.2652291666667,0.06297590534465534,0.8788333333333334,44.24287311347121,114.0,38.108,64.416,0.4605232331120656,0.6826291079812207,0,0.3242034656232532,1.0
23,bsps,none,0.15,97,0.97,15.324,542.5308625,0.060620396107160815,0.9292916666666667,44.003921568627455,116.0,37.516,65.92,0.4609203180510912,0.6837431693989071,0,0.30392156862745096,1.0
24,bsps,none,0.15,100,1.0,14.204,539.8350262626262,0.06267763025249656,0.8884040404040404,43.50754716981132,114.0,38.8,66.444,0.4609337007618739,0.6963946869070209,0,0.3137466307277628,1.0
25,bsps,none,0.15,99,0.99,14.952,538.0830612244899,0.05753867371124274,0.859591836734694,44.48222100656455,114.0,39.552,66.328,0.45850655580428523,0.6813695249845774,0,0.3276805251641138,1.0
26,bsps,none,0.15,100,1.0,16.404,538.2855474747475,0.05267667321403133,0.8641212121212122,45.086824696802644,116.0,39.704,67.108,0.45978742991045274,0.6860045886594559,0,0.32331863285556783,1.0
27,bsps,none,0.15,100,1.0,14.104,540.5469292929293,0.06335470658607914,0.892040404040404,42.721368903260576,114.0,38.892,68.272,0.4586686174103877,0.6818892711917423,0,0.31689571544058204,1.0
28,bsps,none,0.15,100,1.0,14.292,537.7758343434344,0.059544620194620194,0.849090909090909,44.66351095482824,114.0,38.904,66.436,0.45933841439459416,0.6834708218759548,0,0.331890722207195,1.0
29,bsps,none,0.15,100,1.0,14.944,540.4557454545456,0.060090252449075975,0.897090909090909,42.714361420243776,114.0,39.164,68.016,0.45990546479807615,0.6953932936383579,0,0.307631160572337,1.0
30,bsps,none,0.15,93,0.93,13.46,540.9719086956521,0.06796666810384842,0.9115217391304348,45.450536698578475,114.0,36.564,61.712,0.45944866160607273,0.6853168469860896,0,0.3307223672758921,1.0
31,bsps,none,0.15,100,1.0,13.492,539.5651717171718,0.06542842696024513,0.8816969696969696,43.30487804878049,114.0,39.3,67.1,0.4597565763643502,0.6857580398162327,0,0.3176151761517615,1.0
32,bsps,none,0.15,100,1.0,15.356,539.1691474747477,0.05718651823275146,0.8762828282828283,42.91477885652643,115.0,39.488,67.44,0.4607471575527883,0.6934658235471244,0,0.307982740021575,1.0
33,bsps,none,0.15,100,1.0,15.492,542.5239757575758,0.0601604868261731,0.9312323232323233,44.38106861947383,115.0,39.324,69.036,0.4571333995365773,0.6743524952621605,0,0.3148901545972335,1.0
34,bsps,none,0.15,100,1.0,14.388,540.5905414141414,0.062476367858720794,0.8982626262626262,44.240912708941366,115.0,38.708,67.16,0.4591682101363866,0.6896220371556694,0,0.31759087291058635,1.0
35,bsps,none,0.15,100,1.0,18.96,535.7342060606061,0.04303200072807957,0.8128080808080809,46.53798323871317,119.0,40.22,67.884,0.45894960588079003,0.6853666779317337,0,0.32089753987564207,1.0
36,bsps,none,0.15,97,0.97,15.72,536.2470041666667,0.05274819427236707,0.8272083333333333,45.587932900432904,116.0,37.804,63.328,0.4607535893885285,0.6919807310852932,0,0.32765151515151514,1.0
37,bsps,none,0.15,96,0.96,16.18,542.4970568421053,0.05754629007224738,0.9286315789473684,44.873363688104725,117.0,37.912,65.82,0.45908841295991215,0.6813031161473088,0,0.3118952760387023,1.0
38,bsps,none,0.15,100,1.0,13.74,539.3842141414143,0.0643470279769745,0.8821414141414141,45.30251202565473,114.0,39.204,66.176,0.4588899916024124,0.6830344016465746,0,0.33431320149652594,1.0
39,bsps,none,0.15,100,1.0,14.588,538.765393939394,0.05969986941163412,0.8686464646464647,43.69634764062916,114.0,39.292,67.248,0.45952420287460766,0.6876590330788804,0,0.3199146894161557,1.0
40,bsps,none,0.15,100,1.0,14.26,541.7638989898991,0.0646886755582834,0.9185050505050505,45.9876244283024,115.0,39.28,67.468,0.457145225464191,0.674827369742624,0,0.3346785041700296,1.0
41,bsps,none,0.15,100,1.0,14.54,538.2543555555555,0.059338366354052624,0.8613333333333333,44.96667569764291,114.0,38.88,65.676,0.4603832616347282,0.6855365474339036,0,0.32646979138444865,1.0
42,bsps,none,0.15,100,1.0,14.016,540.2633898989899,0.06387499961911727,0.8932929292929292,44.858580212409166,114.0,39.312,66.836,0.460093896713615,0.6838509316770186,0,0.3303521520402459,1.0
43,bsps,none,0.15,96,0.96,14.204,539.3446652631579,0.06200263434192226,0.8755368421052631,43.8127600554785,115.0,36.976,63.496,0.46022937476877546,0.6898134863701578,0,0.3264909847434119,1.0
44,bsps,none,0.15,100,1.0,14.716,538.2485333333333,0.05866683229624406,0.8621818181818183,45.28098951331003,115.0,40.032,67.032,0.45753487659052583,0.6797915460335843,0,0.3310029577843506,1.0
45,bsps,none,0.15,100,1.0,13.784,541.4745737373738,0.06637039153162148,0.9130505050505051,45.20182992465016,114.0,38.596,67.056,0.4579365703942709,0.6753720012146979,0,0.3353067814854682,1.0
46,bsps,none,0.15,99,0.99,15.22,538.9600734693878,0.057665794341642575,0.8765306122448979,46.051520270270274,115.44999999999982,39.32,66.232,0.4591622189875465,0.6799617102744097,0,0.3322072072072072,1.0
47,bsps,none,0.15,100,1.0,14.732,537.9740202020201,0.05757665446390937,0.8468282828282828,44.26672017121455,114.0,38.912,67.056,0.4582045568892403,0.6799553944800669,0,0.32504012841091495,1.0
48,bsps,none,0.15,99,0.99,14.76,536.4418204081633,0.056650043533897076,0.833591836734694,44.59932470455824,115.0,40.564,66.284,0.46022268839761177,0.6838377334191886,0,0.3241418120427687,1.0
49,bsps,none,0.15,100,1.0,14.62,537.7190020202021,0.05815686045980163,0.8486868686868687,44.58882833787466,114.0,39.192,66.428,0.46041682008984464,0.6843028354282373,0,0.32779291553133516,1.0
0,bsps,none,0.2,99,0.99,15.704,544.8855224489796,0.060883528319752814,0.9513469387755101,43.82486333265843,116.0,35.416,67.868,0.4437716262975779,0.6897374701670644,0,0.31038671795910105,1.0
1,bsps,none,0.2,100,1.0,15.008,548.6305777777778,0.06710607765509727,1.0045252525252524,43.06787703734268,116.0,35.008,70.328,0.4450586105022396,0.6915091828586638,0,0.2972972972972973,1.0
2,bsps,none,0.2,100,1.0,15.94,546.6156484848485,0.061094221441899466,0.9725252525252526,41.52402099313686,116.0,34.836,70.096,0.44547729710404005,0.7006400787789266,0,0.2823980621719822,1.0
3,bsps,none,0.2,99,0.99,14.308,544.3093469387755,0.06591713773421456,0.9410204081632653,41.9233606557377,114.0,35.104,68.128,0.4442556084296397,0.6897448015122873,0,0.30655737704918035,1.0
4,bsps,none,0.2,100,1.0,14.584,545.6294303030304,0.06607694074262702,0.9606060606060606,43.80883242589232,115.0,35.568,68.6,0.44258010118043845,0.6881548974943053,0,0.313571284533172,1.0
5,bsps,none,0.2,97,0.97,15.268,545.02525,0.06230459266055725,0.9485416666666666,41.9726200505476,115.0,33.988,67.276,0.444816333361225,0.6929518492672715,0,0.30054759898904804,1.0
6,bsps,none,0.2,100,1.0,15.296,546.0472727272727,0.06351749959133861,0.9690101010101009,43.38983390034021,115.0,35.224,69.04,0.44398449885502905,0.6939218523878437,0,0.30518310986591957,1.0
7,bsps,none,0.2,100,1.0,13.868,542.7673979797981,0.06619158170013785,0.9154343434343434,43.35304840996557,114.0,36.2,68.324,0.4420857552017522,0.6864580954555835,0,0.31962730403078793,1.0
8,bsps,none,0.2,100,1.0,17.064,542.2545616161616,0.053298688764891036,0.9074343434343434,43.33123476848091,117.0,36.536,69.112,0.4453138893828917,0.6928071928071928,0,0.2971161657189277,1.0
9,bsps,none,0.2,100,1.0,15.768,543.2090505050505,0.05885768517306185,0.9236363636363636,45.16530278232406,116.0,36.612,68.388,0.4437266235974158,0.6848441926345609,0,0.3199672667757774,1.0
10,bsps,none,0.2,100,1.0,16.04,547.2486747474749,0.061778182246603294,0.98610101010101,42.65673154906732,117.0,35.44,69.02,0.44585262815825816,0.7009682503940554,0,0.2962287104622871,1.0
11,bsps,none,0.2,100,1.0,16.748,544.627890909091,0.05677055326472251,0.9487676767676768,43.952090946000816,117.0,36.264,69.516,0.4444541714085617,0.6904586705911209,0,0.30105562322371093,1.0
12,bsps,none,0.2,100,1.0,14.2,545.1382343434344,0.06711803523274112,0.9511111111111111,42.152927120669055,114.0,35.116,68.992,0.4428896569164629,0.6913608388420333,0,0.30605336519315013,1.0
13,bsps,none,0.2,100,1.0,15.04,545.4193494949495,0.063508176609157,0.9541818181818181,41.70286178201746,115.0,35.064,69.348,0.44515859766277127,0.6932084309133489,0,0.29632636492794806,1.0
14,bsps,none,0.2,100,1.0,14.18,544.3898262626263,0.06676710315827962,0.9452121212121213,41.7258257063271,114.0,35.908,68.932,0.4434255909817448,0.6928718771487509,0,0.30202944687624356,1.0
15,bsps,none,0.2,100,1.0,14.164,545.4617050505051,0.06780973721267838,0.957939393939394,40.853446573177955,114.0,35.86,70.18,0.4417194328012129,0.6941917424772568,0,0.2907367173612483,1.0
16,bsps,none,0.2,82,0.82,14.8,545.3324197530865,0.06509081615552204,0.9606913580246912,42.4091701968602,115.0,29.064,56.212,0.44588836812952704,0.6983938132064248,0,0.3017692499377025,1.0
17,bsps,none,0.2,97,0.97,15.912,546.0480833333334,0.060851214586711874,0.96725,41.50883095037847,115.25,34.532,68.34,0.44492540062626634,0.6921891058581706,0,0.28973927670311184,1.0
18,bsps,none,0.2,100,1.0,15.988,544.4870222222223,0.05907492123936912,0.9430707070707071,41.85644768856448,115.0,35.604,69.38,0.44467442863303147,0.6936221419975933,0,0.29501216545012166,1.0
19,bsps,none,0.2,100,1.0,15.836,545.14098989899,0.060392237319688305,0.9555151515151515,41.95614909308352,115.0,35.432,69.38,0.44423569598633644,0.6995337995337996,0,0.2928044648196133,1.0
20,bsps,none,0.2,100,1.0,14.064,546.2066101010101,0.06902109170290989,0.9692121212121211,40.60282258064516,114.0,35.148,69.116,0.4474284266531543,0.6999278672757875,0,0.2899193548387097,1.0
21,bsps,none,0.2,100,1.0,14.536,547.2659111111112,0.06802056699160086,0.985010101010101,44.23103309120258,115.0,34.732,68.792,0.44334301828747225,0.6865984178687762,0,0.3155770782889427,1.0
22,bsps,none,0.2,97,0.97,14.144,544.5513125,0.06711692612942613,0.9485,43.08887481528394,114.0,34.96,66.244,0.44570994684889903,0.6872437906920665,0,0.3113785096052354,1.0
23,bsps,none,0.2,97,0.97,15.648,548.5006791666667,0.06443413281979457,1.0080833333333332,43.1027610545983,116.0,34.096,68.02,0.4429505479325905,0.6820868671292727,0,0.29209051276728254,1.0
24,bsps,none,0.2,100,1.0,14.488,545.4036202020203,0.06651821446527328,0.9623434343434344,43.6172864321608,114.0,35.524,68.492,0.44304466566822304,0.6890817064352857,0,0.31236180904522615,1.0
25,bsps,none,0.2,99,0.99,15.184,543.7692979591839,0.06160365574801349,0.9348571428571429,42.428749739962555,115.0,35.896,68.24,0.4441758051981694,0.6903334132885585,0,0.30517994591221137,1.0
26,bsps,none,0.2,100,1.0,16.54,544.0072525252526,0.05692200837040878,0.9406464646464645,42.49311408016444,116.0,36.176,69.18,0.44633992237566567,0.6977811782708493,0,0.2961973278520041,1.0
27,bsps,none,0.2,100,1.0,14.364,546.8332727272729,0.06803933567917525,0.9740606060606061,41.56873861105487,114.0,34.584,70.268,0.44145583666222815,0.687603305785124,0,0.3043126138894513,1.0
28,bsps,none,0.2,100,1.0,14.492,543.3013656565657,0.06372247295188473,0.9226262626262627,42.44087769199513,114.0,35.52,68.464,0.44413289149460444,0.690144173954148,0,0.30780170662332385,1.0
29,bsps,none,0.2,100,1.0,15.14,546.3193777777778,0.06448808965181514,0.9754747474747475,41.72033044529518,115.0,35.612,70.164,0.4425612052730697,0.6882166382044401,0,0.29619181946403383,1.0
30,bsps,none,0.2,93,0.93,13.784,546.6508434782609,0.07170724802690916,0.9851304347826088,43.429156782402416,114.0,33.2,63.416,0.44506920415224915,0.6971360381861575,0,0.30838904464093164,1.0
31,bsps,none,0.2,100,1.0,13.644,545.3310505050506,0.07034605798242163,0.9584646464646465,40.97378503730591,114.0,35.804,69.184,0.4457841555574425,0.6983187307601232,0,0.29219600725952816,1.0
32,bsps,none,0.2,100,1.0,15.656,544.8531313131314,0.06093543240958101,0.950909090909091,42.01022248947685,116.0,35.572,69.204,0.44483538577532045,0.6946440992348714,0,0.29585087191822007,1.0
33,bsps,none,0.2,100,1.0,15.512,548.3248808080808,0.06499567999175843,1.0061414141414142,40.43408624229979,115.0,35.256,70.72,0.4468689018981728,0.6994466800804829,0,0.2751540041067762,1.0
34,bsps,none,0.2,100,1.0,14.58,546.1048969696969,0.06668003728297844,0.9713131313131315,43.34650698602795,115.0,35.412,69.164,0.44237612920886943,0.6894333085869834,0,0.3069860279441118,1.0
35,bsps,none,0.2,100,1.0,19.336,541.5251757575758,0.046185777667465726,0.8907070707070707,44.24656426839127,119.0,36.36,69.956,0.4444444444444444,0.6925720327782183,0,0.2940582053354891,1.0
36,bsps,none,0.2,97,0.97,15.984,541.7100041666666,0.056407420884176884,0.899625,44.38334674175382,116.0,34.5,65.264,0.44463846337010876,0.6989894646312621,0,0.31234915526950924,1.0
37,bsps,none,0.2,96,0.96,16.664,549.3377768421054,0.061277838523434096,1.018778947368421,42.934295877798704,117.0,33.936,68.184,0.4425510712506228,0.6901749663526245,0,0.28897258840761664,1.0
38,bsps,none,0.2,100,1.0,14.088,545.2611151515152,0.06828348546877959,0.9600404040404041,43.32657567242072,114.0,35.8,68.36,0.4433774834437086,0.6891402714932127,0,0.31112003211561623,1.0
39,bsps,none,0.2,100,1.0,14.856,544.5676565656565,0.06376195648940747,0.9454141414141414,41.11090945755193,114.0,35.68,69.324,0.4458990114881111,0.6983337478239244,0,0.2917927001411575,1.0
40,bsps,none,0.2,100,1.0,14.56,547.6841818181819,0.06866528541439414,0.9957575757575757,42.73099415204678,115.0,35.568,69.468,0.4441960293328564,0.6932153392330384,0,0.30046380318612625,1.0
41,bsps,none,0.2,100,1.0,14.716,543.5018424242426,0.06339599104599106,0.9311919191919191,44.09264526615197,115.0,35.86,67.668,0.444839255499154,0.6882775119617225,0,0.3161316537992686,1.0
42,bsps,none,0.2,100,1.0,14.16,545.8749616161617,0.06836258371258372,0.9665858585858587,41.69253294289898,114.0,35.768,68.756,0.4479359730412805,0.7,0,0.2972181551976574,1.0
43,bsps,none,0.2,96,0.96,14.492,544.6127536842106,0.0655788550458829,0.9448421052631579,42.294871794871796,115.0,33.792,65.252,0.4447198017427452,0.6911600979737252,0,0.30958385876418665,1.0
44,bsps,none,0.2,100,1.0,15.076,544.001705050505,0.06232213244272068,0.9383434343434344,42.42995755003032,115.0,36.46,69.092,0.44519476241455985,0.694514574248336,0,0.29917121487770365,1.0
45,bsps,none,0.2,100,1.0,14.024,547.2876525252525,0.07058772002408367,0.9888888888888889,41.67219005789579,114.0,34.856,68.968,0.4447936130456939,0.691670610506389,0,0.29766420443202235,1.0
46,bsps,none,0.2,99,0.99,15.592,544.9534530612245,0.061363384144866744,0.9558367346938776,44.18559966216216,116.0,35.644,68.316,0.44584316810910046,0.6939177542477223,0,0.31017736486486486,1.0
47,bsps,none,0.2,100,1.0,14.936,543.1936161616163,0.06140714049929736,0.9151919191919192,41.57688421903415,115.0,35.232,68.728,0.4459803845856823,0.6947923533289387,0,0.2964235199030107,1.0
48,bsps,none,0.2,99,0.99,15.052,542.4912653061225,0.06090082175727434,0.9141224489795918,42.60685905478879,115.0,36.784,68.44,0.4458620990998864,0.6950948977076657,0,0.30154746967795903,1.0
49,bsps,none,0.2,100,1.0,14.872,542.8797696969698,0.06176930836048484,0.917010101010101,42.637240812974746,114.0,35.948,68.28,0.4462724527102209,0.6935264825712992,0,0.30650790392116606,1.0
0,bsps,none,0.3,99,0.99,16.268,554.4348938775512,0.06660139872798937,1.078326530612245,40.409418810398805,116.0,30.032,71.508,0.41038167938931297,0.7036286919831224,0,0.2722199537226079,1.0
1,bsps,none,0.3,100,1.0,15.536,558.6980565656567,0.07343372020136726,1.1383030303030304,39.05684296619411,116.0,29.16,74.156,0.41056314185757814,0.7069957320467619,0,0.25231733914940024,1.0
2,bsps,none,0.3,100,1.0,16.384,555.7783232323233,0.06689023504493062,1.0938585858585859,40.57401160437188,116.0,29.176,73.38,0.4080161170607571,0.7023543564186286,0,0.2689245715827823,1.0
3,bsps,none,0.3,99,0.99,14.816,553.9801673469387,0.07232299744073453,1.070204081632653,37.903296402680894,114.0,29.708,71.872,0.41501345827933406,0.7141899815714525,0,0.26152373136369855,1.0
4,bsps,none,0.3,100,1.0,15.096,555.1342505050507,0.07222501742991941,1.087030303030303,39.737811484290354,115.0,30.272,72.324,0.411087969850243,0.7103940327549862,0,0.26909534127843987,1.0
5,bsps,none,0.3,97,0.97,15.588,554.5989000000001,0.06912803929798414,1.0752916666666665,38.913374913374916,115.0,28.332,70.668,0.4112519809825674,0.7081572960675984,0,0.26638946638946637,1.0
6,bsps,none,0.3,100,1.0,16.044,556.0179474747476,0.06896277803012017,1.1022626262626263,39.53388584413848,116.0,29.688,72.944,0.4112936772046589,0.7114208021753909,0,0.2621307311856704,1.0
7,bsps,none,0.3,100,1.0,14.42,552.5861656565656,0.07276118739648152,1.0465858585858587,39.349060429904014,114.0,30.556,72.196,0.41094261076419863,0.7078396364226587,0,0.2751115317020414,1.0
8,bsps,none,0.3,100,1.0,17.64,552.8007636363636,0.05962833348021921,1.047919191919192,40.37480021310602,117.0,30.104,73.028,0.4097178018247401,0.7082760989010989,0,0.26172083111347894,1.0
9,bsps,none,0.3,100,1.0,16.376,553.1533535353535,0.06477359733680683,1.0564040404040405,41.066296095444685,117.0,30.916,72.312,0.41011461894228834,0.7033366369342583,0,0.27413232104121477,1.0
10,bsps,none,0.3,100,1.0,16.524,556.4082989898991,0.06733498953173876,1.107030303030303,40.39778707326946,117.0,30.104,72.448,0.4112794935737579,0.7073055028462998,0,0.27013898259344216,1.0
11,bsps,none,0.3,100,1.0,17.28,555.1619838383839,0.06313651940308287,1.0884848484848484,39.60921088068947,117.0,29.828,73.336,0.4143034568412337,0.7166837958204865,0,0.25316455696202533,1.0
12,bsps,none,0.3,100,1.0,14.724,554.6561696969696,0.07343647510804374,1.078060606060606,39.02920190274841,114.0,29.688,72.688,0.4067373050779688,0.702529618956132,0,0.27048097251585623,1.0
13,bsps,none,0.3,100,1.0,15.376,553.7898303030303,0.06933546921488098,1.0644444444444443,39.57296341629267,115.0,29.928,72.356,0.41229356005081597,0.7033405351504072,0,0.27199782401740785,1.0
14,bsps,none,0.3,100,1.0,14.656,554.432286868687,0.07369250161603103,1.0783030303030303,37.92173683515903,114.0,29.96,72.636,0.41080489503531986,0.7101145346023552,0,0.2603932954995381,1.0
15,bsps,none,0.3,100,1.0,14.692,555.352395959596,0.0743957319369084,1.089171717171717,37.908586525759574,115.0,29.884,73.836,0.40700978844332175,0.7056176029338223,0,0.2564068692206077,1.0
16,bsps,none,0.3,82,0.82,15.328,555.1322962962964,0.07138361708089377,1.0916049382716049,39.09346567411084,115.0,24.616,59.32,0.41287973889028373,0.7111204013377926,0,0.2643507030603805,1.0
17,bsps,none,0.3,97,0.97,16.304,555.8841916666668,0.06741103719265484,1.0977916666666667,38.147021899846564,116.0,28.716,71.82,0.412472885032538,0.7070524412296564,0,0.25303389594085646,1.0
18,bsps,none,0.3,100,1.0,16.46,554.3169212121212,0.0653125524992914,1.0737777777777777,38.943673469387754,116.0,29.836,73.092,0.41122448979591836,0.7082352941176471,0,0.26136054421768706,1.0
19,bsps,none,0.3,100,1.0,16.308,554.7616646464646,0.06648539170381275,1.0831515151515152,39.442537909018355,116.0,29.672,72.904,0.4101814516129032,0.7074013157894737,0,0.26310188880021285,1.0
20,bsps,none,0.3,100,1.0,14.484,555.4790585858585,0.07554614546673372,1.0923636363636362,38.09769189479334,114.0,29.776,72.676,0.413707102952913,0.7093373493975904,0,0.26154052603327965,1.0
21,bsps,none,0.3,100,1.0,14.948,556.6814787878789,0.07449940382783521,1.1107474747474748,40.2565445026178,115.0,29.632,72.56,0.4094162718015929,0.7044893931919092,0,0.27198281648543426,1.0
22,bsps,none,0.3,97,0.97,14.58,554.3427791666667,0.07401630934425052,1.0780416666666668,39.86359809149593,114.0,29.42,69.792,0.4121863799283154,0.7044996642041639,0,0.27490878473196745,1.0
23,bsps,none,0.3,97,0.97,16.032,557.7947750000001,0.07053804267967871,1.130375,39.94846078841064,116.0,28.756,71.268,0.4117583603020496,0.7031021897810219,0,0.2572781724474161,1.0
24,bsps,none,0.3,100,1.0,15.032,555.2983717171718,0.07291286959228135,1.093939393939394,39.96350858224084,115.0,30.008,72.292,0.4105459442660313,0.7042927997263554,0,0.27057710501419113,1.0
25,bsps,none,0.3,99,0.99,15.536,553.7643795918368,0.06872109272280341,1.0671020408163265,39.66606896551724,115.0,29.848,71.796,0.41001836359926547,0.7035978480161399,0,0.2736551724137931,1.0
26,bsps,none,0.3,100,1.0,17.016,554.4024404040405,0.06351883481728683,1.0796363636363635,39.60888466241,116.0,30.152,73.144,0.4108576935432059,0.7078254725313549,0,0.2630077435131096,1.0
27,bsps,none,0.3,100,1.0,14.816,556.3408363636364,0.07447893112697034,1.0999595959595958,36.88774821018506,114.0,28.864,73.804,0.41234542242543903,0.712608473711077,0,0.254356342023504,1.0
28,bsps,none,0.3,100,1.0,15.008,553.0514222222223,0.07034345360521832,1.0533333333333332,39.26658608648939,115.0,29.972,72.344,0.4110854503464203,0.7068366164542295,0,0.2708836959441311,1.0
29,bsps,none,0.3,100,1.0,15.568,556.1494464646465,0.07109581623895349,1.1055757575757574,38.66729373824241,115.0,29.708,73.708,0.4074782239218186,0.701507882111035,0,0.2620263370061811,1.0
30,bsps,none,0.3,93,0.93,14.252,556.2926869565218,0.07838437622393908,1.1124347826086958,40.29998558454663,115.0,28.192,66.768,0.4129414166156358,0.712869623655914,0,0.272452068617558,1.0
31,bsps,none,0.3,100,1.0,14.152,555.1778343434345,0.07716373180196709,1.0895353535353536,37.872058823529414,114.0,29.972,72.86,0.4135647637202769,0.7137410906679927,0,0.2565508021390374,1.0
32,bsps,none,0.3,100,1.0,16.144,554.5014868686869,0.067060276097789,1.0792323232323233,38.587278106508876,116.0,29.88,72.792,0.4143923031612016,0.712565963060686,0,0.2575309306078537,1.0
33,bsps,none,0.3,100,1.0,15.932,558.2932282828283,0.07148746854758206,1.1370101010101012,38.48009303598303,115.0,29.056,74.136,0.41285938316779924,0.7055408970976254,0,0.251744424681899,1.0
34,bsps,none,0.3,100,1.0,14.988,556.5077818181819,0.0741312746077452,1.1095757575757574,39.61221231874418,115.0,29.62,73.172,0.408796196239464,0.7051862164984337,0,0.26606358919781825,1.0
35,bsps,none,0.3,100,1.0,19.916,551.0047232323233,0.05131846596058754,1.0183434343434343,40.48839103869654,119.0,30.364,73.528,0.41506910387873386,0.7140962485790072,0,0.25186693822131706,1.0
36,bsps,none,0.3,97,0.97,16.492,550.5764458333334,0.06190645499259083,1.01875,41.540983606557376,116.0,29.656,68.74,0.4111817501869858,0.7097955447055233,0,0.2796369055683512,1.0
37,bsps,none,0.3,96,0.96,17.168,559.4290610526316,0.06720313360801385,1.1508210526315787,39.69159524467791,117.0,27.868,71.548,0.40630555884793174,0.7028044419348767,0,0.25269560409178876,1.0
38,bsps,none,0.3,100,1.0,14.488,554.5144686868687,0.07488187248481366,1.0829494949494949,39.492426291587776,114.34999999999945,30.596,71.928,0.41410032926593066,0.7128279883381924,0,0.26900189342710307,1.0
39,bsps,none,0.3,100,1.0,15.268,554.2539757575759,0.07053265543461622,1.0748686868686868,38.03059299191375,115.0,29.956,73.032,0.4136169325409238,0.7071920834069624,0,0.2568733153638814,1.0
40,bsps,none,0.3,100,1.0,14.912,557.3865414141414,0.07563880825057297,1.1237575757575757,39.86734693877551,115.0,29.916,73.04,0.4089227191034993,0.7019513037471939,0,0.26745435016111707,1.0
41,bsps,none,0.3,100,1.0,15.42,553.7131676767679,0.06935578310578311,1.0682828282828283,40.47209490428687,115.0,30.356,71.824,0.41361727654469105,0.7129043014338112,0,0.27298463197627393,1.0
42,bsps,none,0.3,100,1.0,14.62,555.4740202020203,0.0749876312866509,1.0935353535353536,39.46565934065934,115.0,30.232,72.384,0.4135188866799205,0.7058922558922559,0,0.2706043956043956,1.0
43,bsps,none,0.3,96,0.96,15.044,553.5493642105264,0.07121210777182913,1.063621052631579,39.92136084774121,116.0,28.868,68.54,0.40989198408186467,0.7036922122246354,0,0.28192972671500277,1.0
44,bsps,none,0.3,100,1.0,15.564,553.4622101010102,0.06839191208210818,1.0632727272727271,39.69053086586519,115.0,30.6,72.468,0.41256300891818537,0.7077943078913325,0,0.26759421856004323,1.0
45,bsps,none,0.3,100,1.0,14.472,557.0440242424244,0.07728799533799534,1.1174949494949495,39.88135593220339,115.0,29.196,72.548,0.40810126582278483,0.7017142857142857,0,0.2751588983050847,1.0
46,bsps,none,0.3,99,0.99,16.056,555.0270244897958,0.06799789597736146,1.0895102040816325,40.6323875432526,116.0,29.812,72.0,0.4115392583385125,0.7073212452959289,0,0.27017301038062286,1.0
47,bsps,none,0.3,100,1.0,15.32,551.9716000000001,0.06750532902101529,1.0318383838383838,39.63860452586207,115.0,29.828,72.048,0.4113559477004663,0.7053176900807557,0,0.2730334051724138,1.0
48,bsps,none,0.3,99,0.99,15.46,552.6999591836735,0.06811316926037814,1.0502448979591836,39.23349480968858,115.0,30.684,72.236,0.41343375980189845,0.7102272727272727,0,0.2644982698961938,1.0
49,bsps,none,0.3,100,1.0,15.356,552.4950787878788,0.06818741766584904,1.045010101010101,39.0673672864457,114.0,30.268,71.98,0.4142601824851848,0.7129847699795886,0,0.26596604688763137,1.0
0,bsps,none,0.4,99,0.99,16.916,563.0673387755102,0.07094829745663447,1.194,37.49913661757237,116.0,25.464,75.0,0.37093620141774625,0.7215909090909091,0,0.23809040121889283,1.0
1,bsps,none,0.4,100,1.0,15.928,567.0031232323233,0.07860290399506087,1.2494141414141413,35.43687639991855,116.0,24.584,77.5,0.38017080330931413,0.7344582593250444,0,0.21207493382203219,1.0
2,bsps,none,0.4,100,1.0,16.768,563.8556404040405,0.07184681256518201,1.202020202020202,37.176151761517616,117.0,24.676,76.576,0.36954868154158216,0.7201847324096713,0,0.23215898825654924,1.0
3,bsps,none,0.4,99,0.99,15.148,562.0691714285715,0.0778685139990062,1.1785714285714284,35.59515535568275,114.0,25.364,75.128,0.37207628643396906,0.7219104789247032,0,0.23609975470155356,1.0
4,bsps,none,0.4,100,1.0,15.468,563.4871474747475,0.0777166745210605,1.1990303030303031,36.58943626206196,116.0,25.828,75.768,0.3751328374070138,0.7301118108212312,0,0.23362112747587607,1.0
5,bsps,none,0.4,97,0.97,15.888,562.4480416666668,0.07442978770455551,1.18025,35.37190941200914,115.0,24.072,73.712,0.37671957671957673,0.7304067140090381,0,0.22844379804695616,1.0
6,bsps,none,0.4,100,1.0,16.492,564.0116363636365,0.073662809531179,1.2094949494949496,36.35242335323282,116.0,25.4,76.184,0.3788212276840303,0.7305381043430756,0,0.22644945866639685,1.0
7,bsps,none,0.4,100,1.0,14.624,560.7025414141415,0.07918885907121201,1.155919191919192,35.64756855948619,114.0,26.184,75.62,0.37729196050775743,0.7301730818909843,0,0.23559995922112345,1.0
8,bsps,none,0.4,100,1.0,18.336,561.5818828282829,0.06378989592357169,1.1662626262626263,36.94390366281987,118.0,25.212,76.644,0.37536507936507935,0.7336949152542372,0,0.2210737581535374,1.0
9,bsps,none,0.4,100,1.0,16.992,561.6236363636364,0.06923465094130728,1.1694949494949494,37.732041396103895,117.0,26.124,75.676,0.37582128777923784,0.7261764320356534,0,0.23579545454545456,1.0
10,bsps,none,0.4,100,1.0,17.172,564.7460282828283,0.07121493747241942,1.2177373737373736,37.78150161030596,118.0,25.376,75.672,0.3731308948700253,0.7259185700099305,0,0.2393317230273752,1.0
11,bsps,none,0.4,100,1.0,17.764,563.5654949494949,0.06771707432574306,1.2005656565656564,37.33477256752686,117.0,25.052,76.556,0.37588740814547267,0.7325659215633784,0,0.22572547444522542,1.0
12,bsps,none,0.4,100,1.0,15.252,563.0788727272728,0.07831794937089055,1.1910707070707072,36.430439121756486,115.0,25.092,76.136,0.3664618720636068,0.7218518052585231,0,0.23962075848303394,1.0
13,bsps,none,0.4,100,1.0,15.74,562.1110424242424,0.07486426471132353,1.176080808080808,35.8930246787681,115.0,25.448,75.78,0.3787174721189591,0.7275582308296258,0,0.23210279420762797,1.0
14,bsps,none,0.4,100,1.0,15.004,562.9666181818181,0.07958261651202826,1.1925252525252525,35.40211587897963,114.0,25.46,76.108,0.37076627432140286,0.7285461887935386,0,0.23195570496341705,1.0
15,bsps,none,0.4,100,1.0,15.028,563.7677292929294,0.08014463368875134,1.2012929292929293,35.04715561352463,115.0,25.036,77.088,0.3711456505389822,0.7262696091465036,0,0.2245409852513294,1.0
16,bsps,none,0.4,82,0.82,15.804,563.7710518518519,0.07657401577281751,1.207358024691358,35.978865406006676,116.0,20.856,62.152,0.3760119940029985,0.7284539473684211,0,0.22901989865282413,1.0
17,bsps,none,0.4,97,0.97,16.724,564.9182875000001,0.07291747874588432,1.2178333333333335,35.13219106957425,116.0,23.512,75.084,0.3741986131100353,0.7291402842268186,0,0.21921079958463136,1.0
18,bsps,none,0.4,100,1.0,16.872,562.1898262626263,0.07000943284632655,1.1790707070707072,36.39038088430512,116.0,25.38,76.212,0.37472740489459655,0.7251867662753468,0,0.23179822322066782,1.0
19,bsps,none,0.4,100,1.0,16.7,562.9628929292929,0.071478271485805,1.192767676767677,36.68544600938967,116.0,25.176,76.152,0.37114150829197434,0.724899857862773,0,0.2319448606532814,1.0
20,bsps,none,0.4,100,1.0,14.936,563.6012161616161,0.08053557292380822,1.2011313131313133,35.15469502407705,114.0,25.404,75.992,0.376906577693041,0.7276550998948476,0,0.22873194221508827,1.0
21,bsps,none,0.4,100,1.0,15.344,564.6066060606062,0.07959906730887123,1.2167272727272727,36.59979777553084,116.0,25.384,75.764,0.37837516355418105,0.7300144870275254,0,0.23225480283114258,1.0
22,bsps,none,0.4,97,0.97,14.856,562.8229666666668,0.08025046965901746,1.1910833333333333,36.93280796350062,114.0,24.908,73.044,0.3716994719155065,0.7205268648930621,0,0.24315636665284115,1.0
23,bsps,none,0.4,97,0.97,16.444,566.4637708333335,0.07579256195533769,1.2457083333333334,36.68280414963848,116.0,24.2,74.572,0.3769309989701339,0.7268690919507305,0,0.22068531908204966,1.0
24,bsps,none,0.4,100,1.0,15.528,564.1055030303031,0.07820702888251908,1.212121212121212,36.79511849301195,115.0,25.52,75.936,0.37425668979187315,0.7277867528271406,0,0.23425156977921816,1.0
25,bsps,none,0.4,99,0.99,15.868,562.2888326530613,0.07454083824005794,1.1813469387755102,35.94649865730221,115.0,25.268,75.204,0.374634858812074,0.726041943190868,0,0.23290642429250155,1.0
26,bsps,none,0.4,100,1.0,17.436,562.953098989899,0.06855625658025039,1.194020202020202,35.56210288993646,116.0,25.424,76.52,0.3824937027707809,0.7362606232294617,0,0.2194097151055544,1.0
27,bsps,none,0.4,100,1.0,15.212,564.2786303030304,0.07956753464400523,1.2058989898989898,34.13745322140184,114.0,24.336,76.932,0.37465770475479215,0.7286364854004822,0,0.22342469909982807,1.0
28,bsps,none,0.4,100,1.0,15.392,561.0895474747475,0.07557266404619346,1.1616969696969697,35.94950005049995,115.0,25.704,75.732,0.37489539748953976,0.7271774721676489,0,0.2344207655792344,1.0
29,bsps,none,0.4,100,1.0,15.824,565.0765979797981,0.07747812478008556,1.2243232323232323,34.75212206952304,115.0,24.744,77.152,0.3740834386852086,0.7280653950953678,0,0.22140258690379952,1.0
30,bsps,none,0.4,93,0.93,14.684,564.571395652174,0.08357465969665458,1.2226086956521738,37.87297472456254,115.0,24.128,69.804,0.37344398340248963,0.7249867654843832,0,0.2440051847051199,1.0
31,bsps,none,0.4,100,1.0,14.468,563.4383272727274,0.08310052365934718,1.200121212121212,35.5287333063537,114.0,25.472,76.144,0.37540453074433655,0.727438944756432,0,0.22946175637393768,1.0
32,bsps,none,0.4,100,1.0,16.556,562.634791919192,0.07196209286833641,1.18820202020202,35.99603093832689,116.0,25.48,76.06,0.37816011235955055,0.729820918764599,0,0.22847547323427642,1.0
33,bsps,none,0.4,100,1.0,16.328,566.1204767676769,0.07616158503805563,1.241090909090909,36.35230518155855,116.0,24.748,77.148,0.37309708010980785,0.7180762852404643,0,0.2270501835985312,1.0
34,bsps,none,0.4,100,1.0,15.424,565.1488080808082,0.07948736666383725,1.224969696969697,36.515723902341,115.0,24.976,76.632,0.3707008016550297,0.7243325075695017,0,0.2312870491309153,1.0
35,bsps,none,0.4,100,1.0,20.64,559.8159515151517,0.05535172684297449,1.1377373737373737,37.909044767028725,119.0,25.172,77.092,0.3781837578343779,0.7298178047696637,0,0.2193685920211146,1.0
36,bsps,none,0.4,97,0.97,16.988,558.5933708333333,0.0664881433606956,1.127125,38.459850271766996,117.0,25.56,72.076,0.37509744960463304,0.7288115100955145,0,0.24459029843093016,1.0
37,bsps,none,0.4,96,0.96,17.8,568.1048463157895,0.07128117213241379,1.2660210526315792,36.74553058024046,118.0,23.156,74.736,0.36935529679068446,0.7248062015503876,0,0.21787767903815997,1.0
38,bsps,none,0.4,100,1.0,14.932,563.1789010101011,0.08040458278105338,1.1985858585858586,36.56095835018196,115.0,25.916,75.38,0.3764351153890757,0.7299733401041005,0,0.2357460574201375,1.0
39,bsps,none,0.4,100,1.0,15.688,563.0562262626265,0.07613558373362295,1.1923636363636365,35.520539730134935,115.0,25.04,76.472,0.37327945447657535,0.7259582594461874,0,0.22818590704647676,1.0
40,bsps,none,0.4,100,1.0,15.296,566.3402545454546,0.08161567959999332,1.2437171717171716,36.07281700070501,115.0,25.252,76.712,0.37471554993678885,0.7295640326975477,0,0.22600463289354417,1.0
41,bsps,none,0.4,100,1.0,15.768,561.8614545454545,0.07478454196493411,1.1778181818181819,37.784560690705945,115.0,26.148,75.228,0.37498506749492294,0.7253899593655787,0,0.2425596749619096,1.0
42,bsps,none,0.4,100,1.0,14.96,564.0640808080809,0.08087743465684642,1.2080404040404042,35.92259521609691,115.0,25.5,75.796,0.3790408525754885,0.7307743216412972,0,0.23159839852171235,1.0
43,bsps,none,0.4,96,0.96,15.624,561.7112505263159,0.0755708557274746,1.173136842105263,37.180127468394105,116.0,24.728,71.776,0.36857142857142855,0.7215757575757575,0,0.25148887263608816,1.0
44,bsps,none,0.4,100,1.0,16.02,561.7448404040404,0.07331929142027181,1.1737373737373737,36.43610856968588,116.0,25.896,75.704,0.37865530739120423,0.7304837471205529,0,0.23055809698078683,1.0
45,bsps,none,0.4,100,1.0,14.812,565.1831111111111,0.08291335396629515,1.2266666666666666,35.80119940029985,115.0,25.056,75.92,0.3763078773301263,0.7315549772283669,0,0.23128435782108944,1.0
46,bsps,none,0.4,99,0.99,16.52,563.383387755102,0.07282612220326726,1.201142857142857,37.78414369773924,116.0,25.22,75.22,0.3741546784704291,0.7221392697163024,0,0.23691545370083616,1.0
47,bsps,none,0.4,100,1.0,15.772,559.9700767676767,0.07237500400833732,1.1393535353535353,36.71658939729893,115.0,25.332,75.372,0.37331284977504664,0.725408370096578,0,0.23956863535577505,1.0
48,bsps,none,0.4,99,0.99,15.888,561.8209142857144,0.0740283401754764,1.172448979591837,36.45636419312034,116.0,25.352,75.728,0.3717788341255942,0.7272848387956302,0,0.23262223129529447,1.0
49,bsps,none,0.4,100,1.0,15.752,560.4069131313132,0.07322739144622528,1.1511111111111114,36.49221435793731,115.0,25.872,75.188,0.3782087209954041,0.7299170689441763,0,0.23629929221435794,1.0
0,bsps,none,0.5,99,0.99,17.392,571.116930612245,0.07520265503558453,1.3023673469387753,34.04352769205782,117.0,21.344,78.36,0.33075089392133494,0.7490595264439035,0,0.19952899139191166,1.0
1,bsps,none,0.5,100,1.0,16.34,574.921802020202,0.08312386333996241,1.3556767676767676,32.66804407713499,116.0,20.296,80.704,0.3387781770663182,0.7577509842519685,0,0.1800356506238859,1.0
2,bsps,none,0.5,100,1.0,17.28,571.4517535353535,0.0756301431931979,1.3046464646464646,33.810137732222934,117.0,20.82,79.824,0.3310810810810811,0.7489127946898604,0,0.19378603459320948,1.0
3,bsps,none,0.5,99,0.99,15.528,570.181718367347,0.08301610116574101,1.28734693877551,32.49723172121804,115.0,21.152,78.436,0.3284596071481317,0.7493769639180843,0,0.2014329913694838,1.0
4,bsps,none,0.5,100,1.0,15.972,571.5768202020203,0.0820994262989619,1.3079191919191921,33.58474167069049,116.0,21.616,79.188,0.3323649041255084,0.754537689515268,0,0.2002253339771447,1.0
5,bsps,none,0.5,97,0.97,16.316,569.5539208333334,0.07838075458253478,1.275625,32.94411814062762,116.0,20.42,76.568,0.33604336043360433,0.7517047299491287,0,0.20003356267830172,1.0
6,bsps,none,0.5,100,1.0,17.148,571.7514505050506,0.07689250455808763,1.3134141414141414,33.94763335227734,117.0,21.384,79.384,0.3337821663674446,0.7493194192377496,0,0.19728830072257855,1.0
7,bsps,none,0.5,100,1.0,15.176,568.1866585858586,0.08297875592091279,1.2567272727272725,33.34706840390879,115.0,22.088,78.728,0.33247274813539873,0.7476826902349645,0,0.20798045602605864,1.0
8,bsps,none,0.5,100,1.0,18.872,569.0110666666668,0.06731079730782329,1.2667474747474747,34.95501897763062,118.0,21.208,79.804,0.32856698787690397,0.75,0,0.19664055560041993,1.0
9,bsps,none,0.5,100,1.0,17.476,569.4693777777778,0.07327938133608927,1.2753535353535352,35.030202697246224,118.0,21.908,78.984,0.32912692589875275,0.745890038105607,0,0.20439311959945086,1.0
10,bsps,none,0.5,100,1.0,17.724,572.2955838383839,0.0746908150749224,1.3192323232323233,34.91267356930733,118.0,21.484,78.84,0.3297244094488189,0.7485992944594314,0,0.20675816678706155,1.0
11,bsps,none,0.5,100,1.0,18.372,571.4144565656566,0.07123204411079916,1.3066262626262626,34.508552156106965,117.0,20.968,79.864,0.3337878787878788,0.7546067415730338,0,0.1917610214406167,1.0
12,bsps,none,0.5,100,1.0,15.608,570.0780686868687,0.0825684132497858,1.285252525252525,33.35549503364307,115.0,21.364,79.052,0.32752360203340597,0.7468232781633742,0,0.20594360781800705,1.0
13,bsps,none,0.5,100,1.0,16.048,569.5660686868688,0.0796961347237405,1.2766060606060605,33.23853955375254,115.0,21.52,78.952,0.3352757248436612,0.7492945517690471,0,0.20154158215010143,1.0
14,bsps,none,0.5,100,1.0,15.3,570.2977131313132,0.08446423522011758,1.291030303030303,33.03009926352866,115.0,21.64,79.152,0.324667737695341,0.7454004041263427,0,0.2052513608709574,1.0
15,bsps,none,0.5,100,1.0,15.432,571.1248848484848,0.08439354294942529,1.2994747474747474,32.712161616161616,115.0,20.94,80.016,0.32682926829268294,0.745413870246085,0,0.19692929292929293,1.0
16,bsps,none,0.5,82,0.82,16.416,571.8668790123456,0.08033825164460413,1.3163456790123456,33.100612164297,116.0,17.552,64.932,0.3368074602303895,0.7558027743441835,0,0.1950039494470774,1.0
17,bsps,none,0.5,97,0.97,17.104,572.5600041666668,0.0773716061241748,1.32025,32.4738852445404,116.0,19.54,78.08,0.32782943251042,0.7480028195488722,0,0.18973677655069335,1.0
18,bsps,none,0.5,100,1.0,17.236,569.7145212121213,0.0743790456781685,1.2800808080808082,33.716064453125,116.0,21.42,79.316,0.3316590338306988,0.7462420665850128,0,0.20149739583333334,1.0
19,bsps,none,0.5,100,1.0,17.096,570.3381818181819,0.0756084208094012,1.2916363636363635,34.14839379894518,116.0,21.348,79.18,0.3276420370915514,0.7456006951987834,0,0.2024132971072399,1.0
20,bsps,none,0.5,100,1.0,15.268,571.1320121212123,0.08538964978376742,1.302060606060606,32.823917061801815,115.0,21.424,79.084,0.33046270617428114,0.7462017706853208,0,0.20236277425058266,1.0
21,bsps,none,0.5,100,1.0,15.776,572.2964727272728,0.08395880840292604,1.320242424242424,34.44453402128346,116.0,21.528,79.02,0.32591391509433965,0.7435980902777778,0,0.20743308610125766,1.0
22,bsps,none,0.5,97,0.97,15.16,570.9292666666668,0.08584730392156863,1.3002916666666666,33.26579034391534,114.0,20.924,76.372,0.33260137607963697,0.7505725815247029,0,0.20345568783068782,1.0
23,bsps,none,0.5,97,0.97,16.812,574.2799083333334,0.08034819365611742,1.3499583333333336,34.04191016864251,117.0,20.136,77.6,0.3337002673376317,0.7481825765701346,0,0.19051594590081816,1.0
24,bsps,none,0.5,100,1.0,16.02,572.024577777778,0.08248024234298744,1.3183030303030305,33.97724687144483,115.0,21.488,79.204,0.33418636158362186,0.7518347070114034,0,0.2010401430196652,1.0
25,bsps,none,0.5,99,0.99,16.26,570.3770571428572,0.07940266344633091,1.2899591836734694,33.109790095113155,115.0,21.04,78.516,0.330187265917603,0.7495316804407713,0,0.2012955067235159,1.0
26,bsps,none,0.5,100,1.0,17.88,571.1627797979799,0.07304343816562599,1.304,33.36373946856772,116.0,21.06,79.836,0.33493938451973887,0.752860144758347,0,0.19337329876863255,1.0
27,bsps,none,0.5,100,1.0,15.588,571.590993939394,0.08389737687874943,1.3042020202020201,31.366485345457498,115.0,20.4,79.948,0.3335350173952503,0.7519406007424907,0,0.19322887066655842,1.0
28,bsps,none,0.5,100,1.0,15.816,568.5049090909092,0.07989869375359572,1.2617373737373736,33.252368996517376,115.0,21.824,78.884,0.3328985507246377,0.7472527472527473,0,0.2034502308253017,1.0
29,bsps,none,0.5,100,1.0,16.244,572.3027393939395,0.08138770619358854,1.3204040404040405,32.18329409854696,115.0,20.772,79.956,0.33631539044730857,0.7493934142114385,0,0.19141164055523988,1.0
30,bsps,none,0.5,93,0.93,15.284,572.2298652173914,0.08704429070988837,1.3254347826086954,34.91269979152189,115.0,20.612,72.776,0.33259554375092226,0.7465730524908057,0,0.2098679638637943,1.0
31,bsps,none,0.5,100,1.0,14.744,571.1892080808082,0.08860020012667073,1.3042828282828283,32.414810013772986,115.0,21.408,79.348,0.3379380543841791,0.7554532500274033,0,0.195576440087499,1.0
32,bsps,none,0.5,100,1.0,17.0,570.5224363636364,0.07631607628697412,1.2939797979797982,33.3220050287939,116.0,21.304,79.276,0.33628951509083105,0.7527810778701803,0,0.19815070159785872,1.0
33,bsps,none,0.5,100,1.0,16.672,574.0948161616162,0.08095435034903559,1.3471919191919193,32.867999352541275,116.0,20.412,80.264,0.3342469925384498,0.7485891972820454,0,0.1891388798964066,1.0
34,bsps,none,0.5,100,1.0,15.724,572.6896363636365,0.08441400654537909,1.326020202020202,33.83413615928067,115.0,21.044,79.736,0.3250236667718523,0.7432463634264604,0,0.20134874759152216,1.0
35,bsps,none,0.5,100,1.0,21.208,567.384294949495,0.05870176889836414,1.2404444444444445,35.25289216082841,119.0,20.94,80.272,0.33739639200390054,0.7528714338643943,0,0.18784887954049026,1.0
36,bsps,none,0.5,97,0.97,17.464,565.4809583333334,0.07004755163030123,1.2204583333333332,36.32964196502914,117.0,22.164,74.972,0.3333333333333333,0.7460414751251405,0,0.21881765195670275,1.0
37,bsps,none,0.5,96,0.96,18.172,575.3532842105263,0.07515881067477775,1.3630736842105262,33.652014039779374,118.0,19.436,77.56,0.33150591057049855,0.7509162138253507,0,0.1845228146414842,1.0
38,bsps,none,0.5,100,1.0,15.244,571.0815353535354,0.08571026119849648,1.3045656565656563,33.77963366416525,115.0,21.844,78.644,0.33375688267683185,0.7506636933205905,0,0.2047930283224401,1.0
39,bsps,none,0.5,100,1.0,16.12,571.2618626262627,0.08095973837346386,1.3030303030303032,32.3968787515006,115.0,20.776,79.94,0.33033498759305213,0.7510793001590548,0,0.1923969587835134,1.0
40,bsps,none,0.5,100,1.0,15.692,573.8761010101011,0.08589911192656291,1.3444040404040403,33.37369401474042,116.0,21.256,79.756,0.3333842161502061,0.7488217036440971,0,0.1959180367700656,1.0
41,bsps,none,0.5,100,1.0,16.248,569.9050545454547,0.07926612037391191,1.2862222222222222,34.08214053350683,116.0,22.048,78.636,0.3405880657249928,0.7561244758331495,0,0.20095966167859466,1.0
42,bsps,none,0.5,100,1.0,15.296,571.8956404040405,0.08601180703827764,1.3132525252525251,32.989720998531574,115.0,21.396,79.064,0.3361026089491328,0.7540212277054382,0,0.19970631424375918,1.0
43,bsps,none,0.5,96,0.96,16.14,569.0265389473685,0.07925444547504348,1.2717473684210527,34.26669466610668,116.0,21.132,74.768,0.32750485706355814,0.7461711251786808,0,0.21889962200755986,1.0
44,bsps,none,0.5,100,1.0,16.404,569.5247474747475,0.07801081355100963,1.2783434343434343,33.694514425030476,116.0,21.776,78.924,0.3368715083798883,0.7497858672376874,0,0.19967492889069485,1.0
45,bsps,none,0.5,100,1.0,15.272,572.4478262626263,0.08682722179781004,1.3243636363636364,33.44856797095603,115.0,21.436,78.984,0.3320666471791874,0.7498362087792094,0,0.20306575231948365,1.0
46,bsps,none,0.5,99,0.99,16.928,571.331248979592,0.07737458843186397,1.308,34.45043350237199,116.0,21.188,78.484,0.33368357850495345,0.7488119484046164,0,0.19965646981841975,1.0
47,bsps,none,0.5,100,1.0,16.176,567.2286626262628,0.07661638938403643,1.2375757575757578,33.620344994357566,115.0,21.456,78.504,0.33502673796791443,0.7536926147704591,0,0.2049814605835886,1.0
48,bsps,none,0.5,99,0.99,16.304,569.5558367346939,0.07854248641812614,1.2766938775510202,33.28536446004408,116.0,21.096,78.84,0.33115996967399547,0.7507018528916339,0,0.1978613990694637,1.0
49,bsps,none,0.5,100,1.0,16.124,568.3206626262628,0.07821988368624076,1.2577373737373736,33.32879800338137,115.0,21.704,78.552,0.3383077765607886,0.7558787128712872,0,0.20127203928830206,1.0
0,bsps,none,0.6,99,0.99,17.896,578.5857755102043,0.0787348420571236,1.4031020408163268,31.357506620492973,116.0,17.524,81.504,0.28177210437394407,0.7772234481435287,0,0.16934881510151423,1.0
1,bsps,none,0.6,100,1.0,16.792,582.0480525252526,0.08658734333357657,1.4516363636363638,30.21967390568974,117.0,16.596,83.696,0.2916157916157916,0.781491002570694,0,0.15174886678844463,1.0
2,bsps,none,0.6,100,1.0,17.608,578.6176161616162,0.0797374084845705,1.4017373737373737,30.775744167337088,117.0,17.2,82.944,0.2878672262495231,0.7785771382893685,0,0.16063287744703675,1.0
3,bsps,none,0.6,99,0.99,15.892,577.7159714285715,0.08753435612340175,1.3892653061224491,29.33863544063896,115.0,17.424,81.684,0.2819416031244188,0.7800056481219995,0,0.1669148504128875,1.0
4,bsps,none,0.6,100,1.0,16.412,579.02277979798,0.0859455918961595,1.408,30.8738138501918,116.0,17.72,82.304,0.28388980113118045,0.7797381372457981,0,0.16945958678242143,1.0
5,bsps,none,0.6,97,0.97,16.672,576.9460833333335,0.08272218119338379,1.3758333333333335,29.88953811908737,116.0,16.824,79.72,0.2901245712222423,0.7828400709550929,0,0.16722314969393434,1.0
6,bsps,none,0.6,100,1.0,17.64,579.4739878787881,0.08064631014553615,1.4175353535353536,31.140222897669705,117.0,17.496,82.656,0.2873281867821503,0.7789773284915105,0,0.1651469098277609,1.0
7,bsps,none,0.6,100,1.0,15.564,575.7420080808082,0.08751653575182988,1.359191919191919,30.23940993368521,115.0,18.168,82.012,0.2839705618380901,0.7744170802509598,0,0.17343348220327515,1.0
8,bsps,none,0.6,100,1.0,19.352,576.0356242424243,0.07054998715207193,1.3617777777777778,32.32746645087329,118.0,17.48,82.812,0.27993025958930645,0.7755749405233942,0,0.16609346550677725,1.0
9,bsps,none,0.6,100,1.0,18.068,577.1633454545455,0.0766519985594805,1.3794343434343435,32.10887885121014,118.0,17.912,82.32,0.2825765965300849,0.7766017766017766,0,0.16995887548034788,1.0
10,bsps,none,0.6,100,1.0,18.404,579.8883030303031,0.07750832230109836,1.4216565656565656,31.70985782629203,118.0,17.652,82.096,0.28789473684210526,0.7809049773755656,0,0.1698672596186241,1.0
11,bsps,none,0.6,100,1.0,18.836,578.2513010101011,0.07436993923211674,1.3988282828282828,32.277225060500136,118.0,17.48,82.748,0.28288729739917073,0.7743770845595448,0,0.16583759075020166,1.0
12,bsps,none,0.6,100,1.0,16.076,577.7342060606063,0.08658832772166104,1.3888888888888888,30.062629365026375,115.0,17.556,82.388,0.28264823572208075,0.7785528273809523,0,0.16839153368498364,1.0
13,bsps,none,0.6,100,1.0,16.428,577.0560969696971,0.08401561330539659,1.378060606060606,30.431554836971166,115.0,17.736,82.232,0.28412156087034707,0.7763120965478529,0,0.17023713284828887,1.0
14,bsps,none,0.6,100,1.0,15.628,577.8571515151515,0.0892074540927482,1.3926868686868685,29.684097324909263,115.0,17.756,82.328,0.28387213948419904,0.7784810126582279,0,0.1683694044898508,1.0
15,bsps,none,0.6,100,1.0,15.772,578.1673696969698,0.08862875169397356,1.394181818181818,29.941757424068186,115.0,17.188,82.94,0.2803809523809524,0.7740487804878049,0,0.1660014881959007,1.0
16,bsps,none,0.6,82,0.82,16.888,579.470064197531,0.08417079387527157,1.4187654320987653,30.262693702604682,116.0,14.456,67.568,0.2920091324200913,0.7830346475507766,0,0.1629574678536103,1.0
17,bsps,none,0.6,97,0.97,17.516,579.7722375000001,0.08103905640838206,1.4174166666666665,29.442881764908652,116.0,15.956,81.04,0.2822774659182037,0.7779143618111043,0,0.15629093416063428,1.0
18,bsps,none,0.6,100,1.0,17.68,576.9446141414143,0.07802818901085155,1.3777777777777778,30.961403271596595,116.0,17.704,82.416,0.28210838901262064,0.7740783632503377,0,0.17006894687035284,1.0
19,bsps,none,0.6,100,1.0,17.568,577.8627030303031,0.07936929598704626,1.3932525252525252,31.539214380825566,116.0,17.608,82.42,0.2729139443718499,0.771962792445739,0,0.17157123834886817,1.0
20,bsps,none,0.6,100,1.0,15.736,578.526092929293,0.08923055673447831,1.4020202020202022,29.939487870619946,115.0,17.68,82.264,0.2860787172011662,0.7764459665144596,0,0.16920485175202157,1.0
21,bsps,none,0.6,100,1.0,16.164,579.4946020202023,0.0878888299427515,1.4174141414141412,31.439443092727764,116.0,17.94,82.116,0.28110178766873406,0.7718197375926983,0,0.17403352257366855,1.0
22,bsps,none,0.6,97,0.97,15.584,578.8176458333335,0.09035898984593838,1.4069583333333335,30.157529063768315,115.0,17.132,79.688,0.2853953488372093,0.7829647058823529,0,0.1685354612368439,1.0
23,bsps,none,0.6,97,0.97,17.128,581.8739791666668,0.0848398742976723,1.4522083333333335,30.99854368932039,117.0,16.48,80.724,0.29145332808192204,0.7811207609594706,0,0.15665742024965326,1.0
24,bsps,none,0.6,100,1.0,16.372,579.3398020202021,0.08669407930486364,1.4166868686868688,31.43352953115486,116.0,17.824,82.284,0.27990158970476914,0.7722200469851214,0,0.17224815641702185,1.0
25,bsps,none,0.6,99,0.99,16.58,577.4491224489797,0.08362320070885497,1.3853061224489798,30.62228427433086,115.0,17.476,81.496,0.27731881336838154,0.7723522640061397,0,0.17339780698767282,1.0
26,bsps,none,0.6,100,1.0,18.308,579.047886868687,0.07712013803572111,1.4102222222222223,30.24189107514606,116.0,17.06,83.156,0.28801255640572887,0.7819852569928305,0,0.15835068161977034,1.0
27,bsps,none,0.6,100,1.0,16.024,578.8018424242425,0.08775499947058255,1.4021414141414141,28.455898195529223,115.0,16.696,83.112,0.28595955742083173,0.7816338467537531,0,0.16119041206571505,1.0
28,bsps,none,0.6,100,1.0,16.148,575.698088888889,0.08428415669298021,1.3589898989898987,30.506272764063134,115.0,18.096,81.98,0.2849090909090909,0.7748571428571429,0,0.17307432888169433,1.0
29,bsps,none,0.6,100,1.0,16.46,579.4642464646465,0.08617196196571843,1.4167272727272726,29.4705164701098,115.0,17.172,82.968,0.2878411910669975,0.7765457996204176,0,0.16232885997017757,1.0
30,bsps,none,0.6,93,0.93,15.708,580.1937913043479,0.09150761213480288,1.4323478260869564,32.02887252778981,115.0,16.952,75.864,0.2824427480916031,0.7744484054340495,0,0.1769164140320485,1.0
31,bsps,none,0.6,100,1.0,15.108,578.1984202020202,0.0927613771849066,1.3987878787878787,30.029987138698978,115.0,17.888,82.316,0.2893263500090302,0.7775016725604511,0,0.1683476612739457,1.0
32,bsps,none,0.6,100,1.0,17.496,577.2087272727273,0.07928151223275062,1.3839595959595958,31.040677966101693,116.0,17.908,82.068,0.2885292047853624,0.77295097482491,0,0.17064406779661018,1.0
33,bsps,none,0.6,100,1.0,16.984,581.2607313131314,0.08512367396010327,1.4431919191919191,30.1991075654114,115.0,16.772,83.208,0.2871531736982136,0.775830997196636,0,0.15901561760530053,1.0
34,bsps,none,0.6,100,1.0,16.108,580.2080121212122,0.088731136292901,1.427313131313131,30.556687898089173,116.0,17.3,82.936,0.2793185419968304,0.776225884244373,0,0.16480053637277908,1.0
35,bsps,none,0.6,100,1.0,21.84,575.1481656565657,0.06180404545986543,1.3459797979797978,32.58732081566727,120.0,16.744,83.62,0.2867540029112082,0.7829679059421671,0,0.15546133656369876,1.0
36,bsps,none,0.6,97,0.97,17.96,573.3001916666668,0.07399612465600276,1.3268333333333335,33.018088571626585,117.0,18.372,78.332,0.28904271484045246,0.7792001412554075,0,0.18144015524291357,1.0
37,bsps,none,0.6,96,0.96,18.696,582.7728000000001,0.0783750099190184,1.462821052631579,30.896498814339516,118.0,15.736,80.552,0.28504072010287185,0.7779612505504183,0,0.15239224438554888,1.0
38,bsps,none,0.6,100,1.0,15.596,579.0722464646467,0.09067936838034876,1.4122424242424243,30.721618887015175,115.0,17.852,82.048,0.28737067427755975,0.7815311180466312,0,0.17005059021922428,1.0
39,bsps,none,0.6,100,1.0,16.38,578.593191919192,0.08571173594016733,1.4021414141414144,29.404235419867728,115.0,17.04,83.084,0.282904984423676,0.7796124184298991,0,0.16019774200013362,1.0
40,bsps,none,0.6,100,1.0,16.152,581.5042424242425,0.08982206660441955,1.446949494949495,30.489430456442708,116.0,17.364,82.956,0.28596187175043325,0.7791587948692453,0,0.16339033257035143,1.0
41,bsps,none,0.6,100,1.0,16.68,577.66037979798,0.08347621700815715,1.390909090909091,31.394376693766937,116.0,18.164,81.964,0.2904692615496544,0.7806132165301847,0,0.16964769647696476,1.0
42,bsps,none,0.6,100,1.0,15.576,579.1277090909092,0.09074539396696259,1.4111515151515153,30.26278264412304,115.0,17.772,82.212,0.28886458902861306,0.7788452392276229,0,0.1692130101174713,1.0
43,bsps,none,0.6,96,0.96,16.64,576.1789221052634,0.08258176971761785,1.3686736842105265,31.32801742307152,117.0,17.804,77.788,0.2774406103693428,0.7720110389032315,0,0.18596318673598428,1.0
44,bsps,none,0.6,100,1.0,16.78,577.0149131313132,0.08227817389582096,1.3792727272727272,31.095765516309854,116.0,17.928,82.092,0.28696873902353354,0.7754950953174162,0,0.1701222394813264,1.0
45,bsps,none,0.6,100,1.0,15.624,580.025482828283,0.09144099045471595,1.4266666666666667,30.531380190834565,115.0,17.768,82.252,0.28212187958883994,0.775587566338135,0,0.17054159387179144,1.0
46,bsps,none,0.6,99,0.99,17.384,579.0626489795919,0.0813374321658488,1.4121632653061225,31.435366269165247,117.0,17.4,81.716,0.2876247880956866,0.7789225787459523,0,0.16497444633730834,1.0
47,bsps,none,0.6,100,1.0,16.56,574.1681252525253,0.08059716107956562,1.3322424242424242,30.746951628031624,116.0,17.948,81.656,0.2887548181665829,0.7814098673372063,0,0.17238375988208496,1.0
48,bsps,none,0.6,99,0.99,16.556,576.8746000000001,0.08332103252328502,1.375714285714286,30.242217832572713,116.0,17.324,81.928,0.28232840348881305,0.7761588108742421,0,0.1653157141884068,1.0
49,bsps,none,0.6,100,1.0,16.496,575.2387919191921,0.08209940212484074,1.3515151515151516,30.88471633353523,115.0,18.16,81.58,0.29067984324416424,0.7791752762555026,0,0.1730937478968975,1.0
0,bsps,none,0.7,99,0.99,18.316,586.2767306122449,0.08257194206687003,1.5072244897959186,28.262877030162414,115.0,13.76,84.844,0.2223608684801597,0.8106105765136677,0,0.136368909512761,1.0
1,bsps,none,0.7,100,1.0,17.184,589.3754707070708,0.09036613294972429,1.5507474747474748,27.752832369942197,117.0,12.884,86.864,0.22880434782608697,0.8112582781456954,0,0.1230057803468208,1.0
2,bsps,none,0.7,100,1.0,18.04,585.8186545454546,0.08322674787086552,1.4992323232323232,27.980879650895726,116.0,13.604,86.08,0.23271543086172344,0.8108012080298455,0,0.1290767110702802,1.0
3,bsps,none,0.7,99,0.99,16.328,585.019024489796,0.09125356237733188,1.488122448979592,26.429944654820858,114.0,13.848,84.844,0.23103030303030303,0.8135578947368421,0,0.13399359161083602,1.0
4,bsps,none,0.7,100,1.0,16.828,586.5172484848486,0.08989608798685166,1.5098181818181817,27.804527343073282,116.0,14.06,85.648,0.22920650095602293,0.8127797115862755,0,0.13535831841542992,1.0
5,bsps,none,0.7,97,0.97,17.08,584.2102208333334,0.08651956645596835,1.4747916666666665,26.912579703235803,116.0,13.44,82.916,0.23756248512258987,0.8174122333803635,0,0.1338418449436863,1.0
6,bsps,none,0.7,100,1.0,18.22,586.9750464646465,0.08358838212584342,1.5187070707070707,28.374710379981465,117.0,13.776,85.856,0.23242574257425744,0.8118673647469459,0,0.13287766450417052,1.0
7,bsps,none,0.7,100,1.0,15.972,583.3051353535354,0.09170587607744471,1.461939393939394,27.184150943396226,115.0,14.316,85.344,0.22993389990557128,0.8091393374396537,0,0.13875181422351235,1.0
8,bsps,none,0.7,100,1.0,19.824,583.5576525252527,0.0739918743568519,1.463919191919192,29.168504937344807,118.0,13.636,86.128,0.2292197858235594,0.8125882768361582,0,0.12998787318819657,1.0
9,bsps,none,0.7,100,1.0,18.58,584.725002020202,0.08002106658009651,1.4819797979797982,29.020597084008333,118.0,14.012,85.628,0.2319262493934983,0.8130156592018858,0,0.13515389956028698,1.0
10,bsps,none,0.7,100,1.0,18.916,587.221781818182,0.08065071270787566,1.5212121212121212,29.016500317313795,119.0,14.092,85.352,0.2270081490104773,0.811561621838619,0,0.13915652224081232,1.0
11,bsps,none,0.7,100,1.0,19.28,586.031402020202,0.07816357332229365,1.503959595959596,29.083290073253735,117.0,13.58,86.068,0.23224520308995764,0.8128318969269609,0,0.13018399953855916,1.0
12,bsps,none,0.7,100,1.0,16.496,584.969397979798,0.09034444613216543,1.4869898989898989,27.266287487073424,115.0,13.972,85.564,0.22818311874105865,0.811877903118779,0,0.13615994484660462,1.0
13,bsps,none,0.7,100,1.0,16.764,584.557696969697,0.0884108226845585,1.4798383838383837,27.193866943866944,115.0,14.016,85.552,0.23497397065783246,0.8145375914836993,0,0.13473088473088474,1.0
14,bsps,none,0.7,100,1.0,15.872,585.1392646464648,0.09403165549047901,1.490989898989899,26.79031141868512,114.0,14.136,85.464,0.22976810222432562,0.810129740518962,0,0.1370242214532872,1.0
15,bsps,none,0.7,100,1.0,16.2,585.543878787879,0.09238461647285177,1.4938989898989898,26.77985636511062,115.0,13.444,86.132,0.23197804938887504,0.8128100252371421,0,0.1300243252635237,1.0
16,bsps,none,0.7,82,0.82,17.336,586.8921975308642,0.08777858089304598,1.5189135802469136,27.683153562304852,116.0,11.48,70.16,0.2352589045196049,0.8128387713890955,0,0.13248651717286403,1.0
17,bsps,none,0.7,97,0.97,17.816,586.8312375,0.0850464752823644,1.512625,26.55472680992127,116.0,12.516,83.968,0.2286015275217277,0.8120149730667398,0,0.12543657136091874,1.0
18,bsps,none,0.7,100,1.0,18.036,584.7257373737374,0.08236279443905861,1.4832323232323232,27.53548349873067,116.0,13.816,85.832,0.23184152604548788,0.8127947860389332,0,0.1325294253404108,1.0
19,bsps,none,0.7,100,1.0,17.928,585.5613818181819,0.08358858606706904,1.4972525252525253,28.26799977015457,116.0,13.8,85.736,0.22385861561119294,0.8111688747274861,0,0.13583864850887778,1.0
20,bsps,none,0.7,100,1.0,16.036,586.3146505050505,0.0941202538928029,1.5075959595959596,26.483680555555555,114.0,13.888,85.688,0.239770279971285,0.8159208188816512,0,0.13217592592592592,1.0
21,bsps,none,0.7,100,1.0,16.616,587.3917777777779,0.09190746352413019,1.5242424242424242,27.93926635136694,116.0,14.052,85.56,0.23237410071942446,0.8112426035502959,0,0.13536740108432346,1.0
22,bsps,none,0.7,97,0.97,15.852,585.8568125,0.09485354808590102,1.502375,27.402114516512235,115.0,13.828,82.696,0.2311046511627907,0.8128369272237197,0,0.13821572820147304,1.0
23,bsps,none,0.7,97,0.97,17.492,589.1001541666668,0.08863567394794175,1.5494583333333334,28.487971894724307,117.0,12.988,83.688,0.23355006501950584,0.8123796423658872,0,0.12772418720971776,1.0
24,bsps,none,0.7,100,1.0,16.904,587.4088202020203,0.0904130421865716,1.525777777777778,28.32213404390894,116.0,13.932,85.792,0.22505040322580644,0.8107873742629206,0,0.1353183108382089,1.0
25,bsps,none,0.7,99,0.99,17.016,585.128530612245,0.08760526019931783,1.4894285714285715,27.293051006083296,115.0,13.736,84.848,0.22711614173228348,0.8102858120828341,0,0.13599672437997193,1.0
26,bsps,none,0.7,100,1.0,18.672,586.6759878787881,0.08114303440319952,1.5132929292929291,27.256589595375722,116.0,13.324,86.44,0.2367810162496776,0.8170457610356918,0,0.1254913294797688,1.0
27,bsps,none,0.7,100,1.0,16.476,585.899886868687,0.09124356509217191,1.4987474747474747,25.654623779437106,114.0,13.22,86.3,0.2240102171136654,0.8137246439361243,0,0.12975301550832855,1.0
28,bsps,none,0.7,100,1.0,16.492,583.463806060606,0.08894392147431364,1.4645252525252526,27.05476603119584,115.0,14.24,85.44,0.23651551312649163,0.8137171888230313,0,0.13535528596187174,1.0
29,bsps,none,0.7,100,1.0,16.872,586.9874181818182,0.09009105954627111,1.5184242424242425,26.62630601346645,115.0,13.54,86.236,0.22996957403651117,0.810896868919158,0,0.12996285117250986,1.0
30,bsps,none,0.7,93,0.93,16.372,588.3576782608695,0.09458806512190043,1.5425652173913045,28.710890474713,115.0,13.364,79.14,0.23372781065088757,0.814862322558577,0,0.1386906608749612,1.0
31,bsps,none,0.7,100,1.0,15.448,585.5946060606062,0.09719074549270627,1.4987070707070707,27.12253905569429,115.0,14.168,85.484,0.23596304193319118,0.8109347143220986,0,0.13583831813694175,1.0
32,bsps,none,0.7,100,1.0,17.996,584.9102787878788,0.08290217308968599,1.4882020202020203,28.00305863342567,116.0,14.104,85.416,0.234375,0.8096472161845846,0,0.13613804247460756,1.0
33,bsps,none,0.7,100,1.0,17.36,588.5446262626264,0.08891207134989385,1.5414141414141416,27.467308138186876,115.0,13.232,86.332,0.23204837490551777,0.811984753124723,0,0.1281010897287271,1.0
34,bsps,none,0.7,100,1.0,16.404,588.1573090909092,0.0936638127304794,1.5346666666666668,27.27529641993784,115.0,13.404,86.364,0.22502628811777076,0.8130582350839586,0,0.12915851272015655,1.0
35,bsps,none,0.7,100,1.0,22.328,581.9621292929294,0.06457810782529179,1.4385050505050505,30.160293438077634,119.0,13.196,86.584,0.22823721436343852,0.8112351049744657,0,0.12673290203327173,1.0
36,bsps,none,0.7,97,0.97,18.44,581.5776708333334,0.07819441984761741,1.4395833333333332,30.001952662721894,117.0,14.456,81.932,0.22829067641681902,0.8152866242038217,0,0.14644970414201183,1.0
37,bsps,none,0.7,96,0.96,19.284,590.5215073684212,0.08141600435557417,1.5674105263157894,27.692427323842566,118.0,12.016,83.728,0.23929183323814962,0.8211358313817331,0,0.11592295729154205,1.0
38,bsps,none,0.7,100,1.0,15.916,586.8916565656566,0.09554254732195909,1.5179797979797982,27.569410000576735,115.0,14.084,85.44,0.23118788452437292,0.8153006354896529,0,0.13587865505507815,1.0
39,bsps,none,0.7,100,1.0,16.824,586.0316767676768,0.08944731647399345,1.502787878787879,26.678800366300365,115.0,13.356,86.316,0.2231748506105482,0.81308657135339,0,0.12872023809523808,1.0
40,bsps,none,0.7,100,1.0,16.552,589.5784484848486,0.09416858406662328,1.5557979797979797,27.395048934945308,116.0,13.376,86.408,0.22664941785252263,0.814580588493632,0,0.12832469775474956,1.0
41,bsps,none,0.7,100,1.0,17.056,585.1660565656567,0.08763917364216642,1.4926868686868688,28.88187561583493,116.0,14.508,85.264,0.22676937891189214,0.8086273847712308,0,0.1407291485538747,1.0
42,bsps,none,0.7,100,1.0,15.872,586.538488888889,0.09539922379726301,1.5115151515151515,27.370922809053976,115.0,14.104,85.456,0.23330129745314754,0.8113701638790336,0,0.13720255368543238,1.0
43,bsps,none,0.7,96,0.96,17.188,583.9770484210527,0.08610562751046862,1.4746526315789474,27.95052663256094,116.0,14.212,81.136,0.22257916475447453,0.8090492010757792,0,0.1485404754739693,1.0
44,bsps,none,0.7,100,1.0,17.144,584.4490989898991,0.08639569829703989,1.479878787878788,28.29137044101497,116.0,14.212,85.316,0.2305729529111575,0.8092542456313069,0,0.13866250505751113,1.0
45,bsps,none,0.7,100,1.0,15.988,588.1823797979799,0.09622608625941959,1.536929292929293,27.177327422419253,115.0,13.848,85.796,0.22875336762184667,0.8145506419400856,0,0.13339858368357418,1.0
46,bsps,none,0.7,99,0.99,17.792,586.8477836734694,0.08537267538594387,1.5171428571428571,28.398300151356388,116.0,13.632,85.012,0.23917371826779493,0.8170179411252395,0,0.13016649202468272,1.0
47,bsps,none,0.7,100,1.0,17.008,581.820080808081,0.08460100593134648,1.436929292929293,27.709886454868677,116.0,14.112,85.176,0.2345540328016176,0.8194497662656143,0,0.1375157701571281,1.0
48,bsps,none,0.7,99,0.99,16.792,584.498893877551,0.08825352509424823,1.4789795918367348,27.02173279729651,116.0,13.524,85.2,0.22731854838709678,0.812955254942768,0,0.13109596224436287,1.0
49,bsps,none,0.7,100,1.0,16.872,582.5735353535355,0.08619367067401124,1.4516363636363636,28.143566930498583,115.0,14.584,84.92,0.23270440251572327,0.8102486452024227,0,0.14177595470564447,1.0
0,bsps,none,0.8,99,0.99,18.86,594.6571224489796,0.08624474143040675,1.6211428571428572,24.920279933059486,115.0,9.8,88.548,0.1526491293071508,0.856486093019692,0,0.09807799584157412,1.0
1,bsps,none,0.8,100,1.0,17.536,596.9441858585859,0.0943847385099707,1.6533333333333335,24.887389436441747,116.0,9.156,90.172,0.1560369033293221,0.8536191205239432,0,0.09067475360121303,1.0
2,bsps,none,0.8,100,1.0,18.588,593.864804040404,0.08662431817313138,1.6085252525252527,24.89091823899371,115.0,9.688,89.652,0.16906077348066298,0.8567211806940567,0,0.09343396226415095,1.0
3,bsps,none,0.8,99,0.99,16.7,593.3190367346939,0.09594538815526209,1.6008163265306121,23.294674676713164,114.0,9.876,88.5,0.15395840933965707,0.8573044724338186,0,0.09912432542510946,1.0
4,bsps,none,0.8,100,1.0,17.424,594.7136565656566,0.0931661089741585,1.6210505050505053,24.552703385548256,116.0,10.068,89.284,0.16672504378283712,0.8583053378126166,0,0.09813036887316827,1.0
5,bsps,none,0.8,97,0.97,17.532,592.0287416666667,0.09036144704592362,1.5812916666666665,23.851859579573315,114.0,9.796,86.348,0.17397355601948503,0.8598983253588517,0,0.09889937927077357,1.0
6,bsps,none,0.8,100,1.0,18.856,595.1341212121214,0.08657047456232184,1.6290909090909091,25.34902556314857,117.0,9.86,89.408,0.1677465802735781,0.8552114447413929,0,0.09724120475828904,1.0
7,bsps,none,0.8,100,1.0,16.448,591.5239838383839,0.09581616161616162,1.5738181818181818,24.004005882054663,115.0,10.268,89.02,0.16198404439819633,0.8542679733672477,0,0.10192180923888242,1.0
8,bsps,none,0.8,100,1.0,20.464,591.750197979798,0.07715659091175434,1.5755555555555556,26.175671581498687,117.0,9.556,89.82,0.16122913505311076,0.858332012050103,0,0.09356695617047062,1.0
9,bsps,none,0.8,100,1.0,19.188,593.0232000000001,0.08329379573910017,1.594949494949495,25.75283446712018,117.0,9.872,89.36,0.1654081265731751,0.8583100083213556,0,0.09735449735449736,1.0
10,bsps,none,0.8,100,1.0,19.612,595.5179838383838,0.08353821534155526,1.63410101010101,25.485240413877055,118.0,10.096,89.092,0.17350050830227043,0.8603521994347416,0,0.09925948468249138,1.0
11,bsps,none,0.8,100,1.0,19.928,594.4163151515152,0.08132375045357501,1.6176969696969699,25.881885406710598,117.0,9.552,89.76,0.16343283582089552,0.8594383775351014,0,0.09326424870466321,1.0
12,bsps,none,0.8,100,1.0,17.012,593.4352202020201,0.09432334038701427,1.602141414141414,23.785894079742246,114.0,9.876,89.36,0.1707231040564374,0.8614237793514722,0,0.09635521546516311,1.0
13,bsps,none,0.8,100,1.0,17.092,592.2640929292929,0.09286224143742203,1.5848888888888888,24.08249303268305,115.0,10.268,89.056,0.16820829051044878,0.8554497036981472,0,0.1003800354699772,1.0
14,bsps,none,0.8,100,1.0,16.272,593.249987878788,0.09851302568165313,1.6012121212121213,23.45148213833291,114.0,10.24,89.088,0.17300445357999314,0.8567999399894982,0,0.09941727894603496,1.0
15,bsps,none,0.8,100,1.0,16.592,593.2214787878788,0.09650827839553329,1.5982626262626263,23.699590143196883,115.0,9.676,89.548,0.17033561891014073,0.8565480399088695,0,0.09517785761271062,1.0
16,bsps,none,0.8,82,0.82,17.988,595.6879901234568,0.09117847511540896,1.6377283950617285,24.40892262125139,116.0,8.044,73.268,0.17264276228419656,0.8596892574587742,0,0.09440947797112181,1.0
17,bsps,none,0.8,97,0.97,18.364,594.3489833333334,0.08808683637197569,1.6147083333333334,23.6508497479341,115.0,9.0,87.216,0.15844660194174756,0.8556878850102669,0,0.09261472896419105,1.0
18,bsps,none,0.8,100,1.0,18.504,592.7435878787879,0.08613506965075593,1.592121212121212,24.36538072093965,115.0,9.924,89.396,0.1717530163236338,0.8574079802041448,0,0.09624341838801134,1.0
19,bsps,none,0.8,100,1.0,18.396,593.7495393939395,0.08748889618580022,1.6083636363636364,25.079552892603594,115.0,9.92,89.372,0.15757137694253703,0.8565706944759314,0,0.09863551684205227,1.0
20,bsps,none,0.8,100,1.0,16.5,593.7854101010101,0.09763332012939856,1.6092525252525252,23.78655564581641,114.0,10.288,89.02,0.1702200825309491,0.8533455545371219,0,0.10062956945572706,1.0
21,bsps,none,0.8,100,1.0,17.076,595.8526343434344,0.09612079289628309,1.6390707070707071,24.50453172205438,116.0,9.96,89.316,0.16357804704205275,0.8568288616037593,0,0.09798590130916415,1.0
22,bsps,none,0.8,97,0.97,16.228,593.9332166666668,0.09941267069327732,1.612,24.321030132415807,115.0,10.088,86.168,0.1618679775280899,0.8533302919708029,0,0.10374309248253571,1.0
23,bsps,none,0.8,97,0.97,17.864,597.1541625000001,0.0928711748222681,1.6582916666666665,25.599750493814327,117.0,9.22,87.072,0.15363565285379202,0.854740813648294,0,0.09496829192223724,1.0
24,bsps,none,0.8,100,1.0,17.38,595.7962505050507,0.0944053486359988,1.6391111111111112,24.989755033727242,116.0,9.9,89.428,0.1652014652014652,0.8568519968676586,0,0.09717502662676877,1.0
25,bsps,none,0.8,99,0.99,17.324,593.2638530612246,0.09240938041883419,1.5998775510204082,23.721972865449352,114.0,9.804,88.428,0.1706618962432916,0.8575067541489773,0,0.09696011425073957,1.0
26,bsps,none,0.8,100,1.0,18.996,594.5552686868688,0.08536222413828193,1.6199191919191922,24.137932782480863,115.0,9.504,89.852,0.17466266866566715,0.8590658449562115,0,0.09139757692502662,1.0
27,bsps,none,0.8,100,1.0,16.98,593.2673535353537,0.0944483057266855,1.5989898989898992,22.537065052950076,113.0,9.64,89.592,0.16152716593245228,0.855275516593613,0,0.09581442259203228,1.0
28,bsps,none,0.8,100,1.0,17.012,591.9943757575759,0.09302088202284281,1.580686868686869,23.74042058436963,115.0,10.08,89.296,0.17269217269217269,0.8585658885255875,0,0.09720958447073097,1.0
29,bsps,none,0.8,100,1.0,17.152,595.0688282828283,0.09502730191491801,1.6275555555555556,23.29688054780624,114.0,9.628,89.728,0.16771799628942485,0.8568697729988053,0,0.09383717981232564,1.0
30,bsps,none,0.8,93,0.93,16.996,596.8979608695653,0.09786973996692498,1.6578695652173912,25.731157688966118,115.0,9.612,82.568,0.15984052192823486,0.8548995458394273,0,0.10360556038227628,1.0
31,bsps,none,0.8,100,1.0,15.832,594.1395434343435,0.10216210706504825,1.6145858585858586,23.836716100622564,114.0,10.088,89.26,0.16147308781869688,0.855191256830601,0,0.09910411499721618,1.0
32,bsps,none,0.8,100,1.0,18.552,593.0720606060607,0.0863517995573207,1.5989090909090908,24.956348203910473,115.0,10.184,89.02,0.16779891304347827,0.85292349316098,0,0.10079320972060829,1.0
33,bsps,none,0.8,100,1.0,17.696,596.4572929292929,0.0933200923927962,1.6483636363636365,24.349386022537775,115.0,9.472,89.768,0.16269545793000745,0.8560967844635466,0,0.09404214462580221,1.0
34,bsps,none,0.8,100,1.0,16.796,596.2717292929294,0.09802147431363117,1.6444040404040403,24.09832520243424,115.0,9.42,89.896,0.15181388012618297,0.8576700898587933,0,0.09384901674797566,1.0
35,bsps,none,0.8,100,1.0,22.844,589.5703474747476,0.06761648014114417,1.5422626262626262,27.04956591964466,118.0,9.328,90.028,0.1630043947263284,0.8561334808887375,0,0.09105592570159499,1.0
36,bsps,none,0.8,97,0.97,19.112,590.4583,0.08175125313283207,1.5607083333333334,26.335644076564925,117.0,10.368,85.824,0.17373872368860674,0.8631549414322789,0,0.10372478013450595,1.0
37,bsps,none,0.8,96,0.96,19.812,597.7236757894738,0.08417495226244616,1.664884210526316,25.082241515390688,115.0,8.62,86.728,0.1742549668874172,0.860772895712017,0,0.08592475664298868,1.0
38,bsps,none,0.8,100,1.0,16.26,595.3024727272729,0.10052561280404416,1.632121212121212,24.22149721800708,115.0,10.124,89.172,0.16626086956521738,0.8592293577981651,0,0.09934243803743045,1.0
39,bsps,none,0.8,100,1.0,17.212,593.6674626262627,0.0934469912402317,1.6063838383838382,23.685430630449027,115.0,9.652,89.68,0.15842696629213482,0.8552464228934817,0,0.09499571637353223,1.0
40,bsps,none,0.8,100,1.0,16.948,597.2583393939394,0.09808624966555823,1.6595555555555555,24.3266029047113,115.0,9.632,89.732,0.16598436918496465,0.8570405158003661,0,0.09402358180254036,1.0
41,bsps,none,0.8,100,1.0,17.5,593.4376767676769,0.09183428714388467,1.6048888888888888,25.568665278976493,116.0,10.5,88.912,0.16001388406803194,0.85105572071042,0,0.10326445651622075,1.0
42,bsps,none,0.8,100,1.0,16.148,594.8745696969698,0.10078488526723822,1.6247676767676766,23.871385741145385,115.0,10.076,89.172,0.1719187675070028,0.8565124771758977,0,0.09909040093500686,1.0
43,bsps,none,0.8,96,0.96,17.82,592.7451284210528,0.08969771966034798,1.5940631578947368,24.143037574992107,113.0,10.236,84.948,0.16408355795148247,0.8577537058152793,0,0.10619934743711189,1.0
44,bsps,none,0.8,100,1.0,17.64,592.7550343434344,0.09040845329803018,1.592969696969697,24.848234106962664,116.0,10.192,89.068,0.17346938775510204,0.8584070796460177,0,0.09924318869828457,1.0
45,bsps,none,0.8,100,1.0,16.34,596.1541939393941,0.10075319865319864,1.644808080808081,24.069204327166112,115.0,10.044,89.28,0.16452991452991453,0.8573377804730139,0,0.0986755636437165,1.0
46,bsps,none,0.8,99,0.99,18.3,595.0578979591837,0.08906773912572546,1.628204081632653,25.519728792822185,116.0,9.74,88.552,0.16740088105726872,0.8580932999373826,0,0.09660481239804242,1.0
47,bsps,none,0.8,100,1.0,17.476,589.3475555555555,0.08826896501999701,1.5404040404040404,24.5071104387292,115.0,10.432,88.736,0.1775549805950841,0.86188228761799,0,0.10136157337367625,1.0
48,bsps,none,0.8,99,0.99,17.132,592.0957346938776,0.0925419873212443,1.5822448979591837,23.97033336731573,115.0,9.8,88.54,0.16021897810218977,0.8543887147335423,0,0.09756346212661841,1.0
49,bsps,none,0.8,100,1.0,17.396,590.8335232323234,0.09005145625501663,1.5642828282828283,24.873675713853295,115.0,10.504,88.668,0.16666666666666666,0.85552853669003,0,0.10422762587024519,1.0
0,bsps,none,0.9,99,0.99,19.284,604.2213918367348,0.09100509496120163,1.7511836734693877,20.694120834462204,106.75,5.28,92.788,0.08857142857142856,0.9195121951219513,0,0.053147295222613564,1.0
1,bsps,none,0.9,100,1.0,17.964,605.5518343434344,0.09865887721383078,1.7704242424242425,21.2229918143384,19.0,5.088,94.044,0.09368029739776952,0.9154591243703991,0,0.04992354052352253,1.0
2,bsps,none,0.9,100,1.0,19.184,603.117397979798,0.09049717957003818,1.7344646464646463,21.238674082712837,107.0,5.272,93.816,0.10091743119266056,0.9183112846092677,0,0.05140396519242846,1.0
3,bsps,none,0.9,99,0.99,17.172,602.463330612245,0.10057429638522075,1.7253061224489799,19.345419067931207,110.0,5.532,92.588,0.08636052090472926,0.917337184512757,0,0.05554295049235377,1.0
4,bsps,none,0.9,100,1.0,18.036,604.0399555555556,0.09703202649126283,1.74820202020202,20.711283732207804,107.0,5.58,93.528,0.0966022651565623,0.918028340904468,0,0.05486956131291815,1.0
5,bsps,none,0.9,97,0.97,18.116,601.3725291666667,0.09447131027118451,1.709041666666667,20.08339882575933,110.0,5.532,90.536,0.08975217682518419,0.9172596056108965,0,0.05681660579723545,1.0
6,bsps,none,0.9,100,1.0,19.752,604.5180282828284,0.08909470576818358,1.7566060606060605,21.736404494382022,109.0,5.484,93.612,0.09465020576131687,0.915752741774676,0,0.05420224719101124,1.0
7,bsps,none,0.9,100,1.0,16.992,600.8797010101011,0.10024223278537002,1.7016161616161616,20.023093229894908,109.0,5.768,93.304,0.10402042118698149,0.9155485936116597,0,0.05687609940913806,1.0
8,bsps,none,0.9,100,1.0,21.12,600.68418989899,0.08048898324783492,1.6975757575757577,22.620896860986548,109.0,5.196,93.904,0.09018181818181818,0.9188468468468468,0,0.05147982062780269,1.0
9,bsps,none,0.9,100,1.0,19.916,602.17978989899,0.08651640906584146,1.7202424242424246,22.013154940959907,108.0,5.46,93.596,0.10094850948509485,0.9184109060864776,0,0.05392178871279127,1.0
10,bsps,none,0.9,100,1.0,20.624,605.0134141414143,0.08569740363471728,1.7636363636363634,21.905868080517614,111.0,5.628,93.428,0.08929743926460933,0.917974650292244,0,0.056479151689432065,1.0
11,bsps,none,0.9,100,1.0,20.696,603.3754101010102,0.08418143123342486,1.7394747474747474,22.47450418587993,111.0,5.372,93.74,0.08852691218130311,0.9173764906303237,0,0.05318529793615973,1.0
12,bsps,none,0.9,100,1.0,17.636,602.7643353535353,0.09818933851761509,1.7294141414141413,20.21604551155707,111.0,5.46,93.616,0.10006761325219743,0.92011373637533,0,0.053664217882099984,1.0
13,bsps,none,0.9,100,1.0,17.524,601.5501090909091,0.09778376124506155,1.7116767676767677,20.17342108822071,111.0,5.788,93.316,0.09673286354900705,0.9147661515419702,0,0.05720596853446333,1.0
14,bsps,none,0.9,100,1.0,16.748,602.9558909090911,0.10358397042318612,1.733212121212121,19.516021751831378,111.0,5.64,93.452,0.10553745928338762,0.9177709819911655,0,0.055053705451440386,1.0
15,bsps,none,0.9,100,1.0,17.344,602.4038747474749,0.09949777704808664,1.7235151515151514,20.23310431541605,108.0,5.304,93.74,0.09603340292275574,0.9171585010310744,0,0.05285374287125601,1.0
16,bsps,none,0.9,82,0.82,18.728,605.1187407407409,0.09439196384206702,1.7654814814814814,20.901539641663472,109.0,4.42,76.664,0.09499575911789652,0.9180710396681359,0,0.05303818968823626,1.0
17,bsps,none,0.9,97,0.97,18.888,602.8817083333333,0.09179434393274855,1.7308333333333332,19.875098594163227,104.0,5.108,90.948,0.09626436781609195,0.9160053900284474,0,0.0523824989560618,1.0
18,bsps,none,0.9,100,1.0,19.004,601.7865656565657,0.0903431626203556,1.7153939393939395,20.75165458556571,112.0,5.564,93.504,0.096579476861167,0.9158426257100778,0,0.0552879203998019,1.0
19,bsps,none,0.9,100,1.0,18.884,602.9940121212122,0.09187240829346092,1.733939393939394,21.283219608547316,113.0,5.572,93.5,0.08992562542258282,0.9164658081399353,0,0.05557550727240079,1.0
20,bsps,none,0.9,100,1.0,16.976,603.3652202020203,0.10252680398758829,1.7395959595959594,19.840257750540736,111.0,5.744,93.328,0.10682110682110682,0.9153398864737644,0,0.056281542898341745,1.0
21,bsps,none,0.9,100,1.0,17.588,605.2340202020201,0.10052112629563609,1.7667474747474747,20.54125811506604,110.0,5.508,93.548,0.0918918918918919,0.9168732782369146,0,0.054846653234833224,1.0
22,bsps,none,0.9,97,0.97,16.496,603.5091208333336,0.1056781352124183,1.7421666666666664,20.09350781938837,111.0,5.72,90.324,0.0940337224383917,0.9131968460367962,0,0.05912107290361502,1.0
23,bsps,none,0.9,97,0.97,18.252,605.7964583333334,0.09732322124756335,1.7755416666666666,22.04217314651573,114.0,5.304,90.792,0.08695652173913043,0.9133887765040833,0,0.054746218799294796,1.0
24,bsps,none,0.9,100,1.0,17.916,605.1532525252526,0.09864417133147783,1.7660202020202018,21.33601944807095,113.0,5.512,93.576,0.08484005563282336,0.915090314322287,0,0.055553054517624816,1.0
25,bsps,none,0.9,99,0.99,17.76,602.485036734694,0.0972096285882774,1.7256326530612243,19.89339986391472,112.0,5.492,92.596,0.09864864864864865,0.9169586545199719,0,0.05461555908369245,1.0
26,bsps,none,0.9,100,1.0,19.4,603.6719191919193,0.08994598677323136,1.7435151515151515,20.523281995856976,107.0,5.216,93.872,0.09489575844716032,0.9168197516349474,0,0.0516977393497253,1.0
27,bsps,none,0.9,100,1.0,17.776,602.082896969697,0.09694537688546975,1.7191919191919192,18.817213483146066,105.0,5.468,93.6,0.09754433833560709,0.9157047171155764,0,0.054112359550561796,1.0
28,bsps,none,0.9,100,1.0,17.472,601.5158626262627,0.0980128130288089,1.7105050505050505,19.978455612290603,107.0,5.504,93.632,0.07788595271210014,0.9169756901524516,0,0.05504792618471737,1.0
29,bsps,none,0.9,100,1.0,17.712,604.1535232323233,0.09895751373382954,1.750787878787879,19.777247342821113,111.0,5.36,93.756,0.08937368050668543,0.9157567430761443,0,0.053053503873176006,1.0
30,bsps,none,0.9,93,0.93,17.832,607.036443478261,0.10090526895350055,1.795304347826087,21.78941029100019,115.0,5.304,86.736,0.09236111111111112,0.9178197064989518,0,0.05694738870687994,1.0
31,bsps,none,0.9,100,1.0,16.36,603.5009050505051,0.1066333498382518,1.7418181818181817,20.04258099400712,111.0,5.668,93.444,0.09319233311302048,0.9150272658245323,0,0.05600865137656018,1.0
32,bsps,none,0.9,100,1.0,19.156,602.9346141414142,0.09059486366937348,1.733050505050505,21.0680778545161,111.0,5.584,93.46,0.09504950495049505,0.9166610111978283,0,0.055610368642927614,1.0
33,bsps,none,0.9,100,1.0,18.228,605.5514101010102,0.09730258102177607,1.7716363636363635,20.683360982827423,111.0,5.268,93.788,0.09359605911330049,0.9164798611613276,0,0.05241447338923015,1.0
34,bsps,none,0.9,100,1.0,17.28,605.8238101010102,0.10275628663657559,1.7742626262626264,20.04973611235352,19.0,4.932,94.184,0.08444096950742767,0.922454631586619,0,0.04893103139815726,1.0
35,bsps,none,0.9,100,1.0,23.392,598.3853454545456,0.07117086452707005,1.6627474747474749,23.42875746553505,25.0,5.08,94.076,0.08785332314744079,0.9166215902944131,0,0.04988998158875567,1.0
36,bsps,none,0.9,97,0.97,19.856,600.3768791666666,0.08551789973299262,1.696,22.726676519490116,114.0,5.836,90.192,0.0907928388746803,0.918334820859365,0,0.060271568446332906,1.0
37,bsps,none,0.9,96,0.96,20.42,606.2656336842106,0.08730378063556489,1.780842105263158,21.85166838022245,22.0,4.688,90.36,0.09272581934452438,0.9180734458756701,0,0.04864940648658753,1.0
38,bsps,none,0.9,100,1.0,16.612,605.1685979797979,0.10646233907704496,1.7661818181818183,20.008599838753025,112.0,5.5,93.58,0.08831521739130435,0.9194836305562949,0,0.054779181223685386,1.0
39,bsps,none,0.9,100,1.0,17.616,602.8950383838385,0.09845373671354062,1.7317979797979797,19.929404900816802,109.0,5.312,93.784,0.08416547788873038,0.9157279029462738,0,0.05304730275558747,1.0
40,bsps,none,0.9,100,1.0,17.448,606.7271272727274,0.10257775467089192,1.788242424242424,20.395261173936458,18.0,5.148,93.972,0.10397111913357401,0.9210241615578796,0,0.049856399210195655,1.0
41,bsps,none,0.9,100,1.0,18.104,603.3737010101011,0.09623718697119109,1.7397171717171716,21.700130202487316,114.0,5.792,93.324,0.07343124165554073,0.9120810922631362,0,0.05854622188299735,1.0
42,bsps,none,0.9,100,1.0,16.56,604.308282828283,0.10598583877995643,1.753131313131313,20.073795587573166,112.0,5.648,93.416,0.09794837855724686,0.9158672096072883,0,0.056145880234128774,1.0
43,bsps,none,0.9,96,0.96,18.584,602.6521768421053,0.09322059402893199,1.729221052631579,20.034001498688646,110.0,5.756,89.292,0.09137380191693291,0.9171363783608681,0,0.060134881978269016,1.0
44,bsps,none,0.9,100,1.0,18.028,602.6339797979799,0.09592754862001507,1.7277979797979799,20.794930257510728,111.0,5.496,93.584,0.09054054054054055,0.9194407456724367,0,0.05454220314735336,1.0
45,bsps,none,0.9,100,1.0,16.792,605.6258949494951,0.10568591140159768,1.7734545454545454,20.340845829217923,111.0,5.616,93.508,0.08076659822039699,0.9158126418598252,0,0.0562539283469516,1.0
46,bsps,none,0.9,99,0.99,18.756,604.3311591836735,0.09359838180886389,1.754122448979592,21.835677981484842,112.0,5.484,92.636,0.08047585724282715,0.9149314192310426,0,0.05554547104737702,1.0
47,bsps,none,0.9,100,1.0,17.98,598.7780323232324,0.09295715323166304,1.669737373737374,20.71726243937489,110.0,5.872,93.156,0.10913549969343961,0.9194656248030751,0,0.05761631040057481,1.0
48,bsps,none,0.9,99,0.99,17.316,601.4376163265307,0.0988793524427315,1.7094285714285713,19.807094640511032,106.0,5.372,92.708,0.08819444444444445,0.9160028449502133,0,0.05413854029810175,1.0
49,bsps,none,0.9,100,1.0,17.904,600.490492929293,0.0948282454750463,1.6964040404040404,20.845828648527096,113.0,5.92,93.14,0.09643080776455855,0.9159903914821788,0,0.05891612322914324,1.0
0,bsps,none,1.0,99,0.99,19.0,615.7285714285716,0.10042964554242752,1.9081632653061225,15.081632653061224,19.0,0.0,98.0,nan,1.0,0,0.0,1.0
1,bsps,none,1.0,100,1.0,18.0,616.469696969697,0.10662177328843996,1.9191919191919191,16.363636363636363,18.0,0.0,99.0,nan,1.0,0,0.0,1.0
2,bsps,none,1.0,100,1.0,20.0,614.4333333333334,0.09444444444444446,1.888888888888889,17.01010101010101,20.0,0.0,99.0,nan,1.0,0,0.0,1.0
3,bsps,none,1.0,99,0.99,18.0,614.357142857143,0.10487528344671201,1.8877551020408165,14.510204081632653,18.0,0.0,98.0,nan,1.0,0,0.0,1.0
4,bsps,none,1.0,100,1.0,19.0,615.7909090909092,0.10047846889952151,1.9090909090909096,15.8989898989899,19.0,0.0,99.0,nan,1.0,0,0.0,1.0
5,bsps,none,1.0,97,0.97,19.0,613.5000000000001,0.09868421052631579,1.875,14.458333333333334,19.0,0.0,96.0,nan,1.0,0,0.0,1.0
6,bsps,none,1.0,100,1.0,21.0,616.469696969697,0.09139009139009138,1.9191919191919191,17.272727272727273,21.0,0.0,99.0,nan,1.0,0,0.0,1.0
7,bsps,none,1.0,100,1.0,18.0,613.0757575757577,0.10381593714927047,1.8686868686868687,15.393939393939394,18.0,0.0,99.0,nan,1.0,0,0.0,1.0
8,bsps,none,1.0,100,1.0,22.0,611.7181818181817,0.0840220385674931,1.848484848484848,18.2020202020202,22.0,0.0,99.0,nan,1.0,0,0.0,1.0
9,bsps,none,1.0,100,1.0,21.0,613.7545454545456,0.08946608946608947,1.878787878787879,17.858585858585858,21.0,0.0,99.0,nan,1.0,0,0.0,1.0
10,bsps,none,1.0,100,1.0,22.0,617.148484848485,0.08769513314967861,1.9292929292929295,17.22222222222222,22.0,0.0,99.0,nan,1.0,0,0.0,1.0
11,bsps,none,1.0,100,1.0,22.0,615.1121212121213,0.08631772268135904,1.8989898989898992,17.88888888888889,22.0,0.0,99.0,nan,1.0,0,0.0,1.0
12,bsps,none,1.0,100,1.0,19.0,614.4333333333334,0.09941520467836255,1.888888888888889,16.2020202020202,19.0,0.0,99.0,nan,1.0,0,0.0,1.0
13,bsps,none,1.0,100,1.0,18.0,613.7545454545456,0.10437710437710439,1.878787878787879,14.626262626262626,18.0,0.0,99.0,nan,1.0,0,0.0,1.0
14,bsps,none,1.0,100,1.0,18.0,615.1121212121213,0.10549943883277214,1.8989898989898992,15.252525252525253,18.0,0.0,99.0,nan,1.0,0,0.0,1.0
15,bsps,none,1.0,100,1.0,18.0,613.7545454545456,0.10437710437710439,1.878787878787879,15.636363636363637,18.0,0.0,99.0,nan,1.0,0,0.0,1.0
16,bsps,none,1.0,82,0.82,20.0,616.9222222222222,0.09629629629629631,1.925925925925926,16.604938271604937,20.0,0.0,81.0,nan,1.0,0,0.0,1.0
17,bsps,none,1.0,97,0.97,20.0,614.2000000000002,0.09427083333333332,1.885416666666667,14.760416666666666,20.0,0.0,96.0,nan,1.0,0,0.0,1.0
18,bsps,none,1.0,100,1.0,20.0,613.7545454545456,0.09393939393939393,1.878787878787879,15.909090909090908,20.0,0.0,99.0,nan,1.0,0,0.0,1.0
19,bsps,none,1.0,100,1.0,19.0,615.1121212121213,0.09994683678894202,1.8989898989898992,16.0,19.0,0.0,99.0,nan,1.0,0,0.0,1.0
20,bsps,none,1.0,100,1.0,18.0,615.7909090909092,0.10606060606060605,1.9090909090909096,15.373737373737374,18.0,0.0,99.0,nan,1.0,0,0.0,1.0
21,bsps,none,1.0,100,1.0,18.0,617.148484848485,0.10718294051627385,1.9292929292929295,15.333333333333334,18.0,0.0,99.0,nan,1.0,0,0.0,1.0
22,bsps,none,1.0,97,0.97,17.0,616.3,0.1127450980392157,1.916666666666667,14.822916666666666,17.0,0.0,96.0,nan,1.0,0,0.0,1.0
23,bsps,none,1.0,97,0.97,19.0,617.7000000000002,0.10197368421052631,1.9375,17.479166666666668,19.0,0.0,96.0,nan,1.0,0,0.0,1.0
24,bsps,none,1.0,100,1.0,18.0,617.148484848485,0.10718294051627385,1.9292929292929295,15.97979797979798,18.0,0.0,99.0,nan,1.0,0,0.0,1.0
25,bsps,none,1.0,99,0.99,18.0,614.357142857143,0.10487528344671201,1.8877551020408165,14.316326530612244,18.0,0.0,98.0,nan,1.0,0,0.0,1.0
26,bsps,none,1.0,100,1.0,20.0,615.1121212121213,0.09494949494949495,1.8989898989898992,15.969696969696969,20.0,0.0,99.0,nan,1.0,0,0.0,1.0
27,bsps,none,1.0,100,1.0,19.0,613.7545454545456,0.09888357256778309,1.878787878787879,14.151515151515152,19.0,0.0,99.0,nan,1.0,0,0.0,1.0
28,bsps,none,1.0,100,1.0,18.0,613.0757575757577,0.10381593714927047,1.8686868686868687,14.969696969696969,18.0,0.0,99.0,nan,1.0,0,0.0,1.0
29,bsps,none,1.0,100,1.0,18.0,615.7909090909092,0.10606060606060605,1.9090909090909096,14.909090909090908,18.0,0.0,99.0,nan,1.0,0,0.0,1.0
30,bsps,none,1.0,93,0.93,19.0,619.708695652174,0.10354691075514875,1.9673913043478264,17.358695652173914,19.0,0.0,92.0,nan,1.0,0,0.0,1.0
31,bsps,none,1.0,100,1.0,17.0,615.7909090909092,0.11229946524064173,1.9090909090909096,15.202020202020202,17.0,0.0,99.0,nan,1.0,0,0.0,1.0
32,bsps,none,1.0,100,1.0,20.0,615.1121212121213,0.09494949494949495,1.8989898989898992,16.626262626262626,20.0,0.0,99.0,nan,1.0,0,0.0,1.0
33,bsps,none,1.0,100,1.0,19.0,617.148484848485,0.10154173312068049,1.9292929292929295,16.494949494949495,19.0,0.0,99.0,nan,1.0,0,0.0,1.0
34,bsps,none,1.0,100,1.0,18.0,616.469696969697,0.10662177328843996,1.9191919191919191,15.727272727272727,18.0,0.0,99.0,nan,1.0,0,0.0,1.0
35,bsps,none,1.0,100,1.0,24.0,609.0030303030305,0.07533670033670034,1.8080808080808084,18.939393939393938,24.0,0.0,99.0,nan,1.0,0,0.0,1.0
36,bsps,none,1.0,97,0.97,21.0,613.5000000000001,0.08928571428571427,1.875,17.854166666666668,21.0,0.0,96.0,nan,1.0,0,0.0,1.0
37,bsps,none,1.0,96,0.96,21.0,616.9484210526316,0.09172932330827069,1.926315789473684,17.42105263157895,21.0,0.0,95.0,nan,1.0,0,0.0,1.0
38,bsps,none,1.0,100,1.0,17.0,617.148484848485,0.1134878193701723,1.9292929292929295,14.727272727272727,17.0,0.0,99.0,nan,1.0,0,0.0,1.0
39,bsps,none,1.0,100,1.0,19.0,614.4333333333334,0.09941520467836255,1.888888888888889,15.83838383838384,19.0,0.0,99.0,nan,1.0,0,0.0,1.0
40,bsps,none,1.0,100,1.0,18.0,617.8272727272727,0.10774410774410773,1.939393939393939,15.97979797979798,18.0,0.0,99.0,nan,1.0,0,0.0,1.0
41,bsps,none,1.0,100,1.0,19.0,615.7909090909092,0.10047846889952151,1.9090909090909096,16.696969696969695,19.0,0.0,99.0,nan,1.0,0,0.0,1.0
42,bsps,none,1.0,100,1.0,17.0,616.469696969697,0.11289364230540701,1.9191919191919191,15.191919191919192,17.0,0.0,99.0,nan,1.0,0,0.0,1.0
43,bsps,none,1.0,96,0.96,20.0,615.5336842105263,0.09526315789473686,1.9052631578947365,15.063157894736841,20.0,0.0,95.0,nan,1.0,0,0.0,1.0
44,bsps,none,1.0,100,1.0,19.0,614.4333333333334,0.09941520467836255,1.888888888888889,16.292929292929294,19.0,0.0,99.0,nan,1.0,0,0.0,1.0
45,bsps,none,1.0,100,1.0,17.0,617.8272727272727,0.11408199643493756,1.939393939393939,15.131313131313131,17.0,0.0,99.0,nan,1.0,0,0.0,1.0
46,bsps,none,1.0,99,0.99,19.0,616.4142857142859,0.10096670247046188,1.9183673469387759,16.46938775510204,19.0,0.0,98.0,nan,1.0,0,0.0,1.0
47,bsps,none,1.0,100,1.0,19.0,611.039393939394,0.09675704412546517,1.8383838383838382,16.02020202020202,19.0,0.0,99.0,nan,1.0,0,0.0,1.0
48,bsps,none,1.0,99,0.99,18.0,612.9857142857143,0.10374149659863943,1.8673469387755106,15.0,18.0,0.0,98.0,nan,1.0,0,0.0,1.0
49,bsps,none,1.0,100,1.0,18.0,613.0757575757577,0.10381593714927047,1.8686868686868687,15.121212121212121,18.0,0.0,99.0,nan,1.0,0,0.0,1.0
0,baps,none,0.0,99,0.99,9.5,509.5255102040817,0.023899033297529536,0.4540816326530611,nan,nan,49.0,49.0,0.5,nan,0,nan,nan
1,baps,none,0.0,100,1.0,9.0,509.7626262626264,0.0255331088664422,0.45959595959595956,nan,nan,49.5,49.5,0.5,nan,0,nan,nan
2,baps,none,0.0,100,1.0,10.0,509.11111111111114,0.022222222222222223,0.4444444444444446,nan,nan,49.5,49.5,0.5,nan,0,nan,nan
3,baps,none,0.0,99,0.99,9.0,509.0867346938776,0.02465986394557823,0.4438775510204082,nan,nan,49.0,49.0,0.5,nan,0,nan,nan
4,baps,none,0.0,100,1.0,9.5,509.54545454545456,0.02392344497607656,0.45454545454545453,nan,nan,49.5,49.5,0.5,nan,0,nan,nan
5,baps,none,0.0,97,0.97,9.5,508.8125000000001,0.02302631578947368,0.4375,nan,nan,48.0,48.0,0.5,nan,0,nan,nan
6,baps,none,0.0,100,1.0,10.5,509.7626262626264,0.02188552188552189,0.45959595959595956,nan,nan,49.5,49.5,0.5,nan,0,nan,nan
7,baps,none,0.0,100,1.0,9.0,508.6767676767678,0.02413019079685746,0.4343434343434343,nan,nan,49.5,49.5,0.5,nan,0,nan,nan
8,baps,none,0.0,100,1.0,11.0,508.2424242424242,0.019283746556473826,0.4242424242424242,nan,nan,49.5,49.5,0.5,nan,0,nan,nan
9,baps,none,0.0,100,1.0,10.5,508.89393939393943,0.020923520923520917,0.4393939393939394,nan,nan,49.5,49.5,0.5,nan,0,nan,nan
10,baps,none,0.0,100,1.0,11.0,509.97979797979815,0.021120293847566578,0.4646464646464646,nan,nan,49.5,49.5,0.5,nan,0,nan,nan
11,baps,none,0.0,100,1.0,11.0,509.32828282828285,0.020431588613406795,0.44949494949494956,nan,nan,49.5,49.5,0.5,nan,0,nan,nan
12,baps,none,0.0,100,1.0,9.5,509.11111111111126,0.02339181286549707,0.4444444444444446,nan,nan,49.5,49.5,0.5,nan,0,nan,nan
13,baps,none,0.0,100,1.0,9.0,508.89393939393943,0.024410774410774414,0.4393939393939394,nan,nan,49.5,49.5,0.5,nan,0,nan,nan
14,baps,none,0.0,100,1.0,9.0,509.32828282828285,0.024971941638608306,0.44949494949494956,nan,nan,49.5,49.5,0.5,nan,0,nan,nan
15,baps,none,0.0,100,1.0,9.0,508.89393939393943,0.024410774410774414,0.4393939393939394,nan,nan,49.5,49.5,0.5,nan,0,nan,nan
16,baps,none,0.0,82,0.82,10.0,509.9074074074074,0.023148148148148147,0.46296296296296285,nan,nan,40.5,40.5,0.5,nan,0,nan,nan
17,baps,none,0.0,97,0.97,10.0,509.0364583333334,0.022135416666666664,0.44270833333333337,nan,nan,48.0,48.0,0.5,nan,0,nan,nan
18,baps,none,0.0,100,1.0,10.0,508.89393939393943,0.02196969696969697,0.4393939393939394,nan,nan,49.5,49.5,0.5,nan,0,nan,nan
19,baps,none,0.0,100,1.0,9.5,509.32828282828285,0.02365762892078682,0.44949494949494956,nan,nan,49.5,49.5,0.5,nan,0,nan,nan
20,baps,none,0.0,100,1.0,9.0,509.54545454545456,0.025252525252525252,0.45454545454545453,nan,nan,49.5,49.5,0.5,nan,0,nan,nan
21,baps,none,0.0,100,1.0,9.0,509.97979797979804,0.025813692480359144,0.4646464646464646,nan,nan,49.5,49.5,0.5,nan,0,nan,nan
22,baps,none,0.0,97,0.97,8.5,509.7083333333334,0.0269607843137255,0.4583333333333333,nan,nan,48.0,48.0,0.5,nan,0,nan,nan
23,baps,none,0.0,97,0.97,9.5,510.15625,0.024671052631578948,0.46875,nan,nan,48.0,48.0,0.5,nan,0,nan,nan
24,baps,none,0.0,100,1.0,9.0,509.97979797979804,0.025813692480359144,0.4646464646464646,nan,nan,49.5,49.5,0.5,nan,0,nan,nan
25,baps,none,0.0,99,0.99,9.0,509.0867346938776,0.02465986394557823,0.4438775510204082,nan,nan,49.0,49.0,0.5,nan,0,nan,nan
26,baps,none,0.0,100,1.0,10.0,509.32828282828285,0.022474747474747477,0.44949494949494956,nan,nan,49.5,49.5,0.5,nan,0,nan,nan
27,baps,none,0.0,100,1.0,9.5,508.89393939393943,0.023125996810207335,0.4393939393939394,nan,nan,49.5,49.5,0.5,nan,0,nan,nan
28,baps,none,0.0,100,1.0,9.0,508.67676767676767,0.02413019079685746,0.4343434343434343,nan,nan,49.5,49.5,0.5,nan,0,nan,nan
29,baps,none,0.0,100,1.0,9.0,509.54545454545456,0.025252525252525252,0.45454545454545453,nan,nan,49.5,49.5,0.5,nan,0,nan,nan
30,baps,none,0.0,93,0.93,9.5,510.7989130434782,0.02545766590389015,0.483695652173913,nan,nan,46.0,46.0,0.5,nan,0,nan,nan
31,baps,none,0.0,100,1.0,8.5,509.54545454545456,0.0267379679144385,0.45454545454545453,nan,nan,49.5,49.5,0.5,nan,0,nan,nan
32,baps,none,0.0,100,1.0,10.0,509.32828282828285,0.022474747474747477,0.44949494949494956,nan,nan,49.5,49.5,0.5,nan,0,nan,nan
33,baps,none,0.0,100,1.0,9.5,509.97979797979804,0.02445507708665604,0.4646464646464646,nan,nan,49.5,49.5,0.5,nan,0,nan,nan
34,baps,none,0.0,100,1.0,9.0,509.7626262626264,0.0255331088664422,0.45959595959595956,nan,nan,49.5,49.5,0.5,nan,0,nan,nan
35,baps,none,0.0,100,1.0,12.0,507.3737373737374,0.016835016835016838,0.40404040404040403,nan,nan,49.5,49.5,0.5,nan,0,nan,nan
36,baps,none,0.0,97,0.97,10.5,508.8125000000001,0.02083333333333333,0.4375,nan,nan,48.0,48.0,0.5,nan,0,nan,nan
37,baps,none,0.0,96,0.96,10.5,509.91578947368413,0.02205513784461153,0.4631578947368421,nan,nan,47.5,47.5,0.5,nan,0,nan,nan
38,baps,none,0.0,100,1.0,8.5,509.97979797979815,0.0273321449792038,0.4646464646464646,nan,nan,49.5,49.5,0.5,nan,0,nan,nan
39,baps,none,0.0,100,1.0,9.5,509.11111111111114,0.02339181286549707,0.4444444444444446,nan,nan,49.5,49.5,0.5,nan,0,nan,nan
40,baps,none,0.0,100,1.0,9.0,510.1969696969697,0.026094276094276097,0.4696969696969697,nan,nan,49.5,49.5,0.5,nan,0,nan,nan
41,baps,none,0.0,100,1.0,9.5,509.54545454545456,0.02392344497607656,0.45454545454545453,nan,nan,49.5,49.5,0.5,nan,0,nan,nan
42,baps,none,0.0,100,1.0,8.5,509.7626262626264,0.027035056446821144,0.45959595959595956,nan,nan,49.5,49.5,0.5,nan,0,nan,nan
43,baps,none,0.0,96,0.96,10.0,509.4631578947369,0.022631578947368426,0.45263157894736844,nan,nan,47.5,47.5,0.5,nan,0,nan,nan
44,baps,none,0.0,100,1.0,9.5,509.11111111111126,0.02339181286549707,0.4444444444444446,nan,nan,49.5,49.5,0.5,nan,0,nan,nan
45,baps,none,0.0,100,1.0,8.5,510.1969696969697,0.027629233511586453,0.4696969696969697,nan,nan,49.5,49.5,0.5,nan,0,nan,nan
46,baps,none,0.0,99,0.99,9.5,509.7448979591837,0.024167561761546722,0.4591836734693878,nan,nan,49.0,49.0,0.5,nan,0,nan,nan
47,baps,none,0.0,100,1.0,9.5,508.02525252525265,0.022062732589048374,0.4191919191919193,nan,nan,49.5,49.5,0.5,nan,0,nan,nan
48,baps,none,0.0,99,0.99,9.0,508.64795918367344,0.02409297052154195,0.4336734693877551,nan,nan,49.0,49.0,0.5,nan,0,nan,nan
49,baps,none,0.0,100,1.0,9.0,508.6767676767678,0.02413019079685746,0.4343434343434343,nan,nan,49.5,49.5,0.5,nan,0,nan,nan
0,baps,none,0.02,99,0.99,9.5,513.8421469387755,0.02664876476906552,0.5063265306122449,62.09127789046653,119.0,43.88,49.0,0.5051667756703728,0.6717391304347826,0,0.47058823529411764,1.0
1,baps,none,0.02,100,1.0,9.0,514.6892484848486,0.02876767676767677,0.5178181818181818,65.38854805725971,118.0,43.736,49.5,0.5052501991454849,0.6643990929705216,0,0.49079754601226994,1.0
2,baps,none,0.02,100,1.0,10.0,513.9608484848486,0.025143434343434343,0.5028686868686869,65.17219917012449,120.0,43.716,49.5,0.505615696887686,0.676595744680851,0,0.483402489626556,1.0
3,baps,none,0.02,99,0.99,9.0,513.2655265306123,0.02748979591836735,0.4948163265306122,61.95116772823779,118.0,44.008,49.0,0.5052502737872834,0.6708595387840671,0,0.47558386411889597,1.0
4,baps,none,0.02,100,1.0,9.5,514.2461858585858,0.026877192982456142,0.5106666666666667,63.37951807228916,119.0,43.944,49.5,0.5055488616906589,0.681912681912682,0,0.4738955823293173,1.0
5,baps,none,0.02,97,0.97,9.5,513.2885000000001,0.02589473684210527,0.492,59.38509316770186,119.0,42.768,48.0,0.5055837563451777,0.6795918367346939,0,0.4472049689440994,1.0
6,baps,none,0.02,100,1.0,10.5,514.6727676767678,0.0246984126984127,0.5186666666666667,68.70414201183432,121.0,43.652,49.5,0.5051896207584831,0.6659574468085107,0,0.5167652859960552,1.0
7,baps,none,0.02,100,1.0,9.0,512.9383878787879,0.02700112233445567,0.4860202020202021,62.43141153081511,118.0,44.384,49.5,0.5056172643605205,0.6787878787878788,0,0.4691848906560636,1.0
8,baps,none,0.02,100,1.0,11.0,512.0985575757577,0.02144536271808999,0.47179797979797977,70.93561368209255,122.0,44.792,49.5,0.5047722195897922,0.6477987421383647,0,0.5271629778672032,1.0
9,baps,none,0.02,100,1.0,10.5,512.8952242424243,0.02322077922077922,0.48763636363636365,69.68623481781377,121.0,44.724,49.5,0.5046656799021816,0.6572668112798264,0,0.5161943319838057,1.0
10,baps,none,0.02,100,1.0,11.0,514.7424484848486,0.023669421487603304,0.5207272727272727,66.0935550935551,122.0,43.948,49.5,0.5048877958807255,0.6639175257731958,0,0.4864864864864865,1.0
11,baps,none,0.02,100,1.0,11.0,513.3303070707071,0.02264830119375574,0.4982626262626263,68.99782608695652,122.0,44.672,49.5,0.5042468480424684,0.6488372093023256,0,0.5152173913043478,1.0
12,baps,none,0.02,100,1.0,9.5,513.0833818181819,0.025928761297182346,0.49264646464646467,66.25112107623319,119.0,44.728,49.5,0.5044611782572929,0.6577181208053692,0,0.5,1.0
13,baps,none,0.02,100,1.0,9.0,513.6630383838385,0.027611672278338942,0.49701010101010096,61.85236220472441,118.0,43.796,49.5,0.5053852002027369,0.6824034334763949,0,0.47244094488188976,1.0
14,baps,none,0.02,100,1.0,9.0,513.7173171717172,0.027943883277216613,0.502989898989899,64.75675675675676,118.0,44.204,49.5,0.5056308455812177,0.6660412757973734,0,0.4942084942084942,1.0
15,baps,none,0.02,100,1.0,9.0,513.3342383838384,0.02741414141414141,0.4934545454545455,63.373046875,118.0,44.148,49.5,0.5056538512704536,0.6824034334763949,0,0.478515625,1.0
16,baps,none,0.02,82,0.82,10.0,514.2606370370371,0.025782716049382717,0.5156543209876543,68.03957783641161,120.0,36.232,40.5,0.504641963348672,0.6584022038567493,0,0.5145118733509235,1.0
17,baps,none,0.02,97,0.97,10.0,513.2901875,0.024729166666666663,0.4945833333333333,67.34615384615384,119.0,43.02,48.0,0.5046742011999442,0.6610576923076923,0,0.5256410256410257,1.0
18,baps,none,0.02,100,1.0,10.0,513.1598303030304,0.024563636363636364,0.4912727272727273,66.07959183673469,120.0,44.364,49.5,0.5049032426778243,0.6651982378854625,0,0.5020408163265306,1.0
19,baps,none,0.02,100,1.0,9.5,513.6033535353536,0.02640510366826156,0.5016969696969698,64.73673469387755,119.0,44.332,49.5,0.5049880929394349,0.6673866090712743,0,0.48775510204081635,1.0
20,baps,none,0.02,100,1.0,9.0,514.6730666666667,0.028668911335578,0.5160404040404041,67.57602862254025,118.0,43.412,49.5,0.5051712992889463,0.6509433962264151,0,0.5205724508050089,1.0
21,baps,none,0.02,100,1.0,9.0,515.2920727272727,0.029292929292929294,0.5272727272727272,68.2063492063492,118.0,43.3,49.5,0.5049377138062351,0.650887573964497,0,0.5297619047619048,1.0
22,baps,none,0.02,97,0.97,8.5,513.7730458333334,0.02985049019607843,0.5074583333333333,65.62696629213484,117.0,43.284,48.0,0.5044276180698152,0.6658653846153846,0,0.5078651685393258,1.0
23,baps,none,0.02,97,0.97,9.5,515.0911333333335,0.027780701754385965,0.5278333333333333,63.436440677966104,119.0,42.328,48.0,0.5051575132422638,0.6840796019900498,0,0.461864406779661,1.0
24,baps,none,0.02,100,1.0,9.0,514.2776363636364,0.028698092031425364,0.5165656565656566,67.06967213114754,118.0,44.36,49.5,0.5049215216812982,0.6594827586206896,0,0.5102459016393442,1.0
25,baps,none,0.02,99,0.99,9.0,512.9653020408164,0.027287981859410428,0.49118367346938774,64.40860215053763,117.0,44.364,49.0,0.5046674064886741,0.665893271461717,0,0.5032258064516129,1.0
26,baps,none,0.02,100,1.0,10.0,513.2643959595961,0.024890909090909092,0.4978181818181818,66.77312775330397,120.0,44.716,49.5,0.5044995534794257,0.6478555304740407,0,0.5066079295154186,1.0
27,baps,none,0.02,100,1.0,9.5,513.7518787878788,0.026217969165337585,0.49814141414141416,66.0734126984127,119.0,43.684,49.5,0.5049221764001597,0.6587982832618026,0,0.5178571428571429,1.0
28,baps,none,0.02,100,1.0,9.0,512.5782383838384,0.026783389450056115,0.4821010101010101,65.1228448275862,118.0,44.772,49.5,0.5042416452442159,0.65,0,0.5021551724137931,1.0
29,baps,none,0.02,100,1.0,9.0,513.596808080808,0.028,0.504,67.52494577006507,117.0,44.604,49.5,0.5045561930475869,0.6551724137931034,0,0.5249457700650759,1.0
30,baps,none,0.02,93,0.93,9.5,515.4658043478262,0.028384439359267735,0.5393043478260868,68.40546218487395,119.0,40.884,46.0,0.5051803278688525,0.658,0,0.5105042016806722,1.0
31,baps,none,0.02,100,1.0,8.5,513.6751111111112,0.02967557932263815,0.5044848484848485,68.25833333333334,117.0,44.556,49.5,0.5045016077170418,0.6555555555555556,0,0.53125,1.0
32,baps,none,0.02,100,1.0,10.0,513.6477333333333,0.0251010101010101,0.502020202020202,66.85714285714286,120.0,44.3,49.5,0.5051311288483467,0.6745689655172413,0,0.5031982942430704,1.0
33,baps,none,0.02,100,1.0,9.5,514.8540404040405,0.027549175970228604,0.5234343434343434,68.21917808219177,119.0,43.68,49.5,0.505407597674733,0.6754385964912281,0,0.5185909980430529,1.0
34,baps,none,0.02,100,1.0,9.0,514.6169535353536,0.02878787878787879,0.5181818181818181,63.618249534450655,118.0,43.7,49.5,0.5059343085840464,0.6692913385826772,0,0.478584729981378,1.0
35,baps,none,0.02,100,1.0,12.0,511.24625454545463,0.01883838383838384,0.45212121212121215,69.43673469387755,124.0,44.74,49.5,0.5051710421638823,0.6690307328605201,0,0.5020408163265306,1.0
36,baps,none,0.02,97,0.97,10.5,512.6738958333334,0.023085317460317462,0.4847916666666666,69.91063829787234,121.0,43.46,48.0,0.5048381316449647,0.6594488188976378,0,0.5212765957446809,1.0
37,baps,none,0.02,96,0.96,10.5,514.6227957894738,0.024717794486215538,0.5190736842105262,69.21691973969631,121.0,42.188,47.5,0.504841251970277,0.6510538641686182,0,0.5184381778741866,1.0
38,baps,none,0.02,100,1.0,8.5,514.685498989899,0.030661913250148547,0.5212525252525252,66.58582089552239,117.0,43.896,49.5,0.5054518110038853,0.6605166051660517,0,0.5186567164179104,1.0
39,baps,none,0.02,100,1.0,9.5,513.3244606060606,0.026101010101010104,0.4959191919191919,63.30478087649402,119.0,44.404,49.5,0.5053756170126446,0.6724511930585684,0,0.4760956175298805,1.0
40,baps,none,0.02,100,1.0,9.0,514.6932202020203,0.02906172839506173,0.5231111111111112,66.21802935010483,118.0,44.212,49.5,0.5048628934215859,0.6621621621621622,0,0.5031446540880503,1.0
41,baps,none,0.02,100,1.0,9.5,514.0905575757577,0.026826156299840514,0.5096969696969698,68.06857142857143,119.0,44.04,49.5,0.5048405834516587,0.6482213438735178,0,0.5142857142857142,1.0
42,baps,none,0.02,100,1.0,8.5,514.0065050505051,0.03002495543672014,0.5104242424242424,61.68409090909091,117.0,44.468,49.5,0.5050089904957616,0.6822429906542056,0,0.4659090909090909,1.0
43,baps,none,0.02,96,0.96,10.0,514.1365389473685,0.02542736842105263,0.5085473684210526,66.22736842105263,120.0,42.188,47.5,0.5050394656952034,0.6566037735849056,0,0.5073684210526316,1.0
44,baps,none,0.02,100,1.0,9.5,513.1912000000001,0.02601169590643275,0.4942222222222223,66.68659793814433,119.0,44.572,49.5,0.5050303068174717,0.6619718309859155,0,0.5030927835051546,1.0
45,baps,none,0.02,100,1.0,8.5,514.7736202020202,0.030849673202614385,0.5244444444444445,62.3014553014553,117.0,44.08,49.5,0.5054358314570602,0.6857142857142857,0,0.4698544698544699,1.0
46,baps,none,0.02,99,0.99,9.5,513.7422,0.0267218045112782,0.5077142857142857,67.24561403508773,119.0,44.244,49.0,0.5047416937462696,0.669833729216152,0,0.5087719298245614,1.0
47,baps,none,0.02,100,1.0,9.5,512.4031515151516,0.024861244019138758,0.4723636363636364,68.35,119.0,44.236,49.5,0.5044992060224667,0.6539235412474849,0,0.525,1.0
48,baps,none,0.02,99,0.99,9.0,512.7462775510205,0.026877551020408164,0.4837959183673469,64.32803180914513,118.0,44.088,49.0,0.50512104283054,0.665948275862069,0,0.49304174950298213,1.0
49,baps,none,0.02,100,1.0,9.0,512.6833818181819,0.02684848484848485,0.4832727272727273,65.1849593495935,118.0,44.656,49.5,0.5051221434200157,0.6679920477137177,0,0.5020325203252033,1.0
0,baps,none,0.05,99,0.99,10.352,518.7381020408163,0.02977013963480129,0.5635102040816327,63.515342250196696,119.0,39.128,49.852,0.5130106419498799,0.659915611814346,0,0.48623131392604246,1.0
1,baps,none,0.05,100,1.0,10.0,519.9670303030304,0.03377553310886644,0.5801616161616162,66.48218724109363,118.0,39.14,50.788,0.5122988156696022,0.650278293135436,0,0.5020712510356256,1.0
2,baps,none,0.05,100,1.0,10.332,518.7552080808081,0.02801414141414141,0.5595151515151515,66.77913610431948,120.0,38.44,49.832,0.5132850241545893,0.6592844974446337,0,0.4979625101874491,1.0
3,baps,none,0.05,99,0.99,9.0,518.230306122449,0.030780045351473922,0.5540408163265306,61.50775510204082,118.0,38.204,49.0,0.513724961219397,0.6734867860187553,0,0.47020408163265304,1.0
4,baps,none,0.05,100,1.0,9.9,519.0723515151516,0.030045720361509837,0.5665050505050505,64.42067876874506,119.0,38.816,49.9,0.5140423266338346,0.6723856209150327,0,0.48539857932123126,1.0
5,baps,none,0.05,97,0.97,9.552,518.4240041666667,0.029098684210526315,0.552875,62.16273393002441,119.0,36.976,48.052,0.5135549190701392,0.6645109135004043,0,0.47681041497152155,1.0
6,baps,none,0.05,100,1.0,11.0,519.0559313131314,0.02753631553631554,0.5701818181818182,68.4196502914238,121.0,39.052,50.0,0.5120389700765484,0.6530973451327433,0,0.5129059117402165,1.0
7,baps,none,0.05,100,1.0,9.156,517.5884323232324,0.030139169472502808,0.5411313131313131,61.96293311845286,118.0,39.084,49.656,0.5145456960680127,0.6834170854271356,0,0.4665592264302981,1.0
8,baps,none,0.05,100,1.0,11.0,516.6341010101011,0.023922865013774105,0.5263030303030304,68.78465346534654,122.0,39.396,49.5,0.5124796719225059,0.6594399277326106,0,0.5057755775577558,1.0
9,baps,none,0.05,100,1.0,11.0,517.4364121212121,0.026060606060606062,0.5408080808080808,67.63794531897265,121.0,39.96,50.0,0.5121408336705787,0.6533219761499148,0,0.4971002485501243,1.0
10,baps,none,0.05,100,1.0,12.024,519.5469858585859,0.02675910621365167,0.5760808080808081,64.39885807504078,122.0,39.62,50.576,0.5132189837503224,0.6650563607085346,0,0.47471451876019577,1.0
11,baps,none,0.05,100,1.0,11.0,518.231187878788,0.025296602387511476,0.5565252525252525,69.02835696413678,122.0,38.904,49.5,0.511984992704787,0.6558265582655827,0,0.51209341117598,1.0
12,baps,none,0.05,100,1.0,9.568,517.82938989899,0.02895055821371611,0.5486060606060607,67.72696245733789,119.0,39.256,49.568,0.5115986214209968,0.6506024096385542,0,0.515358361774744,1.0
13,baps,none,0.05,100,1.0,10.216,518.8699797979799,0.03398877665544332,0.5622626262626264,63.303030303030305,118.0,39.268,50.716,0.5128732581287326,0.6644067796610169,0,0.48883572567783096,1.0
14,baps,none,0.05,100,1.0,9.0,518.030997979798,0.03078563411896745,0.554141414141414,63.98714859437751,118.0,39.14,49.5,0.513193752077102,0.6647302904564315,0,0.4859437751004016,1.0
15,baps,none,0.05,100,1.0,9.404,518.1783272727273,0.030718294051627387,0.5512323232323232,65.93328161365399,118.0,38.832,49.904,0.5136173184357542,0.6652542372881356,0,0.504266873545384,1.0
16,baps,none,0.05,82,0.82,10.0,518.9329037037038,0.028523456790123462,0.570469135802469,66.38587512794268,120.0,31.792,40.5,0.5121496909660486,0.6528221512247071,0,0.4984646878198567,1.0
17,baps,none,0.05,97,0.97,10.0,518.1505958333335,0.027625,0.5525,64.83989726027397,119.0,37.46,48.0,0.5121701629997807,0.6557530402245089,0,0.5017123287671232,1.0
18,baps,none,0.05,100,1.0,10.104,518.0944808080808,0.02764242424242424,0.5502626262626263,65.87868852459016,120.0,38.644,49.604,0.5123351329187453,0.6615935541629364,0,0.49918032786885247,1.0
19,baps,none,0.05,100,1.0,9.5,518.566294949495,0.029514088250930357,0.5607676767676768,65.19710378117458,119.0,38.484,49.5,0.5136121056542593,0.6683375104427736,0,0.4915526950925181,1.0
20,baps,none,0.05,100,1.0,9.0,519.4196323232323,0.03174635241301908,0.5714343434343434,65.46977811782709,118.0,37.928,49.5,0.5133635563975911,0.6617526617526618,0,0.5003825554705432,1.0
21,baps,none,0.05,100,1.0,10.168,520.5148202020202,0.03578451178451179,0.590989898989899,66.01886792452831,118.0,39.328,51.168,0.5131436314363144,0.6564516129032258,0,0.5094339622641509,1.0
22,baps,none,0.05,97,0.97,8.62,518.894575,0.033362745098039215,0.5671666666666666,67.52512155591572,117.0,37.672,48.12,0.5122577159451611,0.6521374685666387,0,0.5259319286871961,1.0
23,baps,none,0.05,97,0.97,9.5,520.1563583333334,0.030868421052631583,0.5865,65.94578815679733,119.0,36.696,48.0,0.5129215943933421,0.6682509505703422,0,0.4854045037531276,1.0
24,baps,none,0.05,100,1.0,9.0,519.1607555555556,0.031881032547699216,0.573858585858586,67.6528,118.0,38.688,49.5,0.5126935416376064,0.6566265060240963,0,0.516,1.0
25,baps,none,0.05,99,0.99,9.5,517.6384448979593,0.030616780045351476,0.5469387755102041,62.57322175732217,117.0,39.4,49.5,0.5125136761487965,0.6625222024866785,0,0.4845188284518828,1.0
26,baps,none,0.05,100,1.0,10.0,518.1281212121213,0.027804040404040407,0.5560808080808081,67.38067226890756,120.0,38.948,49.5,0.5119399754707452,0.6453028972783144,0,0.5126050420168067,1.0
27,baps,none,0.05,100,1.0,9.548,518.8398181818183,0.02938011695906433,0.5582222222222222,65.40428911834789,119.0,37.784,49.548,0.5131229931592908,0.6601362862010222,0,0.511517077045274,1.0
28,baps,none,0.05,100,1.0,9.12,517.2802666666668,0.029937149270482605,0.5381818181818181,65.38973063973064,118.0,39.34,49.62,0.5114888470841171,0.6532258064516129,0,0.5042087542087542,1.0
29,baps,none,0.05,100,1.0,9.0,518.3442343434344,0.031147025813692483,0.5606464646464646,63.96728187919463,118.0,38.996,49.5,0.5124806092229587,0.6657303370786517,0,0.4899328859060403,1.0
30,baps,none,0.05,93,0.93,10.0,520.001295652174,0.03133409610983982,0.5914347826086956,66.8455497382199,119.0,36.588,46.5,0.5134615384615384,0.6647058823529411,0,0.4956369982547993,1.0
31,baps,none,0.05,100,1.0,9.228,518.5213535353536,0.03329292929292929,0.5614949494949495,65.09632653061225,117.0,39.64,50.228,0.5120425188374597,0.6575704225352113,0,0.4995918367346939,1.0
32,baps,none,0.05,100,1.0,10.112,518.3451717171718,0.027896969696969694,0.557939393939394,64.78228476821192,120.0,38.876,49.612,0.5131692430173157,0.6686491079014444,0,0.48096026490066224,1.0
33,baps,none,0.05,100,1.0,10.0,519.6872323232324,0.030698564593301433,0.5803636363636364,69.0,119.0,38.544,50.0,0.5119898139633585,0.6522911051212938,0,0.5265306122448979,1.0
34,baps,none,0.05,100,1.0,10.0,519.9712929292931,0.03492480359147026,0.5833939393939394,62.98715041572184,118.0,38.744,50.5,0.5147144099739055,0.6686046511627907,0,0.47241118669690096,1.0
35,baps,none,0.05,100,1.0,12.0,515.8244242424244,0.02117340067340067,0.5081616161616161,68.2177485620378,124.0,39.192,49.5,0.5126845891707686,0.6602870813397129,0,0.4913722267871816,1.0
36,baps,none,0.05,97,0.97,10.52,517.2629125000001,0.02570436507936508,0.5397916666666668,69.54221854304636,121.0,38.2,48.02,0.512079108774565,0.6517295597484277,0,0.5173841059602649,1.0
37,baps,none,0.05,96,0.96,11.5,519.9278315789475,0.027949874686716794,0.5805473684210526,66.36225779275485,121.0,37.348,48.5,0.5129435832874341,0.6580211335254563,0,0.4911541701769166,1.0
38,baps,none,0.05,100,1.0,8.528,519.0894747474748,0.03367557932263815,0.5724848484848485,64.78451715881883,117.0,38.852,49.528,0.5133878887070377,0.6669387755102041,0,0.5011971268954509,1.0
39,baps,none,0.05,100,1.0,9.52,517.8902747474748,0.02895693779904306,0.5501818181818181,65.8356729975227,119.0,39.052,49.52,0.5125247664874045,0.6583184257602862,0,0.4995871180842279,1.0
40,baps,none,0.05,100,1.0,10.0,519.9045414141415,0.03491358024691357,0.5854545454545453,64.66397415185783,118.0,39.928,50.944,0.5123592322402436,0.654288240495137,0,0.4894991922455573,1.0
41,baps,none,0.05,100,1.0,9.568,518.6017131313132,0.029609782030834662,0.5625858585858585,67.5,119.0,38.872,49.568,0.5122693165686474,0.6503728251864126,0,0.5086750788643533,1.0
42,baps,none,0.05,100,1.0,9.0,518.6847636363636,0.03352109328579917,0.5646868686868688,63.51473136915078,117.0,39.596,50.0,0.512098400322624,0.660427807486631,0,0.48440207972270366,1.0
43,baps,none,0.05,96,0.96,10.592,518.8890442105263,0.028569122807017542,0.5644631578947368,64.37121831561734,120.0,37.568,48.128,0.5128726717945458,0.6595744680851063,0,0.4922322158626329,1.0
44,baps,none,0.05,100,1.0,10.064,517.71418989899,0.02907496012759171,0.5477171717171717,67.27287716405606,119.0,39.84,50.064,0.5121295567794387,0.6482371794871795,0,0.5111294311624073,1.0
45,baps,none,0.05,100,1.0,8.524,519.7199757575759,0.03422222222222222,0.5817777777777777,65.41171749598716,117.0,38.428,49.524,0.5125143358294543,0.6576040781648258,0,0.5016051364365971,1.0
46,baps,none,0.05,99,0.99,10.0,518.6231387755103,0.030236305048335126,0.5656734693877552,67.76400679117148,119.0,39.064,49.5,0.5117749218478639,0.653393665158371,0,0.5152801358234296,1.0
47,baps,none,0.05,100,1.0,10.0,517.1750626262626,0.028123338649654436,0.5292525252525253,67.96147403685092,119.0,39.104,50.0,0.5115320745433298,0.6510878323932313,0,0.5217755443886097,1.0
48,baps,none,0.05,99,0.99,9.852,517.1904571428572,0.030188208616780045,0.5367755102040817,64.0573566084788,118.0,39.748,49.852,0.512720429358054,0.6582827406764961,0,0.4912718204488778,1.0
49,baps,none,0.05,100,1.0,9.628,517.2531878787879,0.030792368125701457,0.5381818181818181,65.07956448911223,118.0,40.036,50.188,0.5118746841839312,0.660958904109589,0,0.5008375209380235,1.0
0,baps,none,0.1,99,0.99,11.0,524.5770530612247,0.03548943788041532,0.6335918367346939,63.21684804514309,119.0,33.98,51.036,0.525991385712164,0.6532399299474606,0,0.4836759371221282,1.0
1,baps,none,0.1,100,1.0,10.684,526.4618303030303,0.042101010101010104,0.6625050505050506,64.51080966511233,118.0,33.908,52.248,0.5253724013750205,0.6525590551181102,0,0.4849512505298855,1.0
2,baps,none,0.1,100,1.0,11.592,525.5354262626263,0.036089562289562296,0.644040404040404,63.7388,120.0,33.364,52.108,0.5284974093264249,0.6589047003018542,0,0.4708,1.0
3,baps,none,0.1,99,0.99,11.5,524.2825673469388,0.03605759637188209,0.6273877551020409,59.732382892057025,118.0,34.516,52.0,0.5276315789473685,0.6629310344827586,0,0.4545824847250509,1.0
4,baps,none,0.1,100,1.0,11.0,524.840884848485,0.035605174552542966,0.6355555555555554,63.44127111826227,119.0,34.128,51.524,0.5278520338125858,0.660024906600249,0,0.4778761061946903,1.0
5,baps,none,0.1,97,0.97,11.64,524.4985250000001,0.034790570175438594,0.62775,61.47842323651452,119.0,33.048,50.656,0.5265132385830749,0.6538300544160737,0,0.4742738589211618,1.0
6,baps,none,0.1,100,1.0,13.0,526.3379151515153,0.03587224627224627,0.6650101010101009,64.16720386784851,121.0,34.664,53.0,0.5261047215496368,0.6510507880910683,0,0.47461724415793716,1.0
7,baps,none,0.1,100,1.0,10.704,523.5482747474748,0.03698428731762066,0.6155959595959597,63.02440976390556,118.0,34.832,51.888,0.5266999060625768,0.653255910410618,0,0.4801920768307323,1.0
8,baps,none,0.1,100,1.0,12.88,522.3339434343435,0.027606366697275786,0.5943838383838383,66.71280563613759,122.0,34.648,51.436,0.5243660250534677,0.6478220574606117,0,0.4894322420223788,1.0
9,baps,none,0.1,100,1.0,12.0,523.6570424242424,0.033129389129389133,0.6181414141414141,64.81859692818597,121.0,35.304,52.0,0.5251563181619893,0.6540516473731077,0,0.4715649647156496,1.0
10,baps,none,0.1,100,1.0,12.5,525.7589292929293,0.033692072237526786,0.6519191919191919,63.863318237958005,122.0,33.96,51.5,0.5265474360765684,0.6559934318555009,0,0.47056401811445037,1.0
11,baps,none,0.1,100,1.0,13.024,524.8013454545454,0.0320297520661157,0.638989898989899,65.36142625607779,122.0,34.812,52.536,0.5250699538682598,0.6455862977602108,0,0.47974068071312803,1.0
12,baps,none,0.1,100,1.0,11.508,524.110391919192,0.034878894205209995,0.6256565656565657,63.199672667757774,119.0,34.976,52.208,0.5259978425026969,0.6541577825159914,0,0.47299509001636664,1.0
13,baps,none,0.1,100,1.0,11.5,525.5690262626263,0.04000897867564534,0.6471515151515151,60.43958249698916,118.0,35.432,54.0,0.5266498377208799,0.6549266247379455,0,0.4632677639502208,1.0
14,baps,none,0.1,100,1.0,10.5,524.1305010101012,0.03688439955106622,0.6277575757575757,62.932534930139724,118.0,34.352,51.5,0.5264900662251656,0.6560644614079728,0,0.4786427145708583,1.0
15,baps,none,0.1,100,1.0,10.0,524.1073737373739,0.03791021324354658,0.6229090909090909,64.29879032258064,118.0,33.332,51.0,0.5271476104053237,0.6577328646748682,0,0.48951612903225805,1.0
16,baps,none,0.1,82,0.82,12.0,525.2874666666668,0.035755555555555554,0.6507160493827161,63.767193071828835,120.0,28.792,43.0,0.5250412768299395,0.6477272727272727,0,0.47631176770249617,1.0
17,baps,none,0.1,97,0.97,11.0,524.4730791666667,0.031775000000000005,0.6265,64.15085666527372,119.0,31.356,49.0,0.5255699810006333,0.6525023607176582,0,0.4956122022565817,1.0
18,baps,none,0.1,100,1.0,12.644,524.7621979797981,0.03549764309764309,0.6387474747474747,61.37323943661972,120.0,36.104,53.92,0.5249130080698897,0.6500222915737851,0,0.46064623032311514,1.0
19,baps,none,0.1,100,1.0,11.5,524.8926383838385,0.035921318447634236,0.6388686868686869,62.70793269230769,119.0,34.312,52.28,0.5272034022583957,0.6570702794242168,0,0.4703525641025641,1.0
20,baps,none,0.1,100,1.0,11.156,525.8138101010102,0.039606958473625144,0.6526060606060606,62.374852187623176,118.0,34.284,52.524,0.5267798104474323,0.65257429886982,0,0.47378793851005124,1.0
21,baps,none,0.1,100,1.0,11.0,526.7456323232324,0.042095398428731765,0.6693333333333333,63.11845286059629,118.0,34.236,52.5,0.5269715625916154,0.6561969439728353,0,0.48186946011281223,1.0
22,baps,none,0.1,97,0.97,10.736,524.7627083333335,0.03946188725490197,0.6393333333333333,63.805102467586785,117.0,34.176,50.776,0.5236742424242424,0.6430457746478874,0,0.49268088665830195,1.0
23,baps,none,0.1,97,0.97,12.5,527.2563250000001,0.039010233918128655,0.6790833333333334,62.58045738045738,119.0,33.808,52.0,0.5257536197483978,0.6541923259118901,0,0.4573804573804574,1.0
24,baps,none,0.1,100,1.0,10.512,525.1863434343436,0.03801907968574635,0.645939393939394,64.57394084732215,118.0,34.064,51.512,0.5265151515151515,0.6521739130434783,0,0.4888089528377298,1.0
25,baps,none,0.1,99,0.99,10.736,524.0733265306123,0.03674829931972789,0.6253877551020407,60.59615384615385,117.0,34.116,51.32,0.52705112960761,0.6586748038360941,0,0.46685761047463176,1.0
26,baps,none,0.1,100,1.0,11.824,524.3459353535354,0.0335979797979798,0.6322828282828282,63.68911055694098,120.0,34.34,51.824,0.5251888188118041,0.6499768196569309,0,0.47880299251870323,1.0
27,baps,none,0.1,100,1.0,11.0,525.3224404040404,0.039394648236753496,0.6416161616161616,61.09918699186992,119.0,33.98,52.5,0.5262800693763668,0.6556498436802144,0,0.4719512195121951,1.0
28,baps,none,0.1,100,1.0,11.752,523.3943070707071,0.035615712682379355,0.6141818181818182,62.07749077490775,118.0,35.748,52.776,0.5244602747692084,0.6500222915737851,0,0.4756047560475605,1.0
29,baps,none,0.1,100,1.0,10.0,524.6268848484849,0.03547025813692481,0.6336161616161616,63.40235008103728,118.0,32.772,50.5,0.5260576333537706,0.6544050862851952,0,0.4854132901134522,1.0
30,baps,none,0.1,93,0.93,11.5,526.3527521739131,0.03889244851258582,0.6711304347826087,63.26276735050197,119.0,32.88,48.812,0.5279161400639357,0.6633318834275772,0,0.46268005237887383,1.0
31,baps,none,0.1,100,1.0,10.0,525.0254464646465,0.04181263616557734,0.6421818181818183,62.56202328382176,117.0,33.924,51.5,0.5262811609035748,0.6548901335631193,0,0.47691690084303495,1.0
32,baps,none,0.1,100,1.0,12.524,525.0933454545454,0.03536228956228956,0.6450505050505051,62.191411042944786,120.0,35.22,53.056,0.5265655331080595,0.6578385305425032,0,0.4605316973415133,1.0
33,baps,none,0.1,100,1.0,11.524,526.680791919192,0.03930388091440723,0.6692121212121211,63.82321575061526,119.0,33.796,52.524,0.5254601226993865,0.6502262443438914,0,0.47908121410992616,1.0
34,baps,none,0.1,100,1.0,11.0,525.5514101010102,0.03789562289562289,0.6486060606060605,62.3894324853229,118.0,34.084,52.148,0.5267073934837093,0.6527777777777778,0,0.4684931506849315,1.0
35,baps,none,0.1,100,1.0,13.3,522.0889616161618,0.027149831649831646,0.5863838383838385,65.07183908045977,124.0,33.748,51.3,0.5274500163880694,0.6637341153470185,0,0.46551724137931033,1.0
36,baps,none,0.1,97,0.97,12.5,523.6509416666667,0.03416617063492064,0.6234583333333332,64.16891615541923,121.0,35.148,51.5,0.5255618168239528,0.6493454978183261,0,0.47075664621676894,1.0
37,baps,none,0.1,96,0.96,12.52,527.005292631579,0.0363877694235589,0.6710315789473684,64.18299291371405,121.0,32.612,50.68,0.5275147171743025,0.6589452932479054,0,0.47186327636515213,1.0
38,baps,none,0.1,100,1.0,11.0,525.3638707070706,0.040751039809863346,0.6515555555555556,62.24989939637827,117.0,35.54,52.772,0.5260349978659837,0.6498771498771498,0,0.47927565392354127,1.0
39,baps,none,0.1,100,1.0,11.052,524.409195959596,0.035154527733475105,0.6293737373737374,64.01762114537445,119.0,33.744,51.552,0.5265916448281178,0.6515817223198594,0,0.4845814977973568,1.0
40,baps,none,0.1,100,1.0,11.0,526.8779151515151,0.043610549943883276,0.6759595959595961,63.26490596238495,118.0,35.08,53.0,0.5257890685142417,0.6482300884955752,0,0.477390956382553,1.0
41,baps,none,0.1,100,1.0,11.844,524.3286989898992,0.035315257841573626,0.6336161616161616,63.793075684380035,119.0,35.556,52.392,0.525738520035098,0.6514629948364888,0,0.4754428341384863,1.0
42,baps,none,0.1,100,1.0,10.5,525.3593373737374,0.042039215686274514,0.6495353535353534,62.67633262260128,117.0,35.356,52.58,0.5248526308128957,0.6511730854360337,0,0.4788912579957356,1.0
43,baps,none,0.1,96,0.96,12.044,525.2012968421053,0.03656,0.6458947368421052,60.3322435635472,120.0,34.228,51.044,0.5270242286187616,0.6557898925586948,0,0.45688598283612586,1.0
44,baps,none,0.1,100,1.0,11.0,523.6523959595961,0.03482190324295588,0.6195959595959597,64.32949403537638,119.0,34.66,51.5,0.5246970448586209,0.6458769359564671,0,0.4841628959276018,1.0
45,baps,none,0.1,100,1.0,10.0,526.0252363636364,0.041238265002970884,0.6574949494949495,61.998009554140125,117.0,33.672,51.632,0.5274853801169591,0.6620689655172414,0,0.47054140127388533,1.0
46,baps,none,0.1,99,0.99,11.644,524.9210122448982,0.03665875402792696,0.6448163265306123,63.51189464740867,119.0,34.548,51.62,0.5259720762648251,0.6588613406795225,0,0.4749362786745964,1.0
47,baps,none,0.1,100,1.0,11.064,523.23818989899,0.03581375155059366,0.6061818181818182,64.42546201232032,119.0,34.616,52.064,0.5248,0.6488,0,0.4891170431211499,1.0
48,baps,none,0.1,99,0.99,10.5,522.9864612244899,0.03594104308390023,0.6075510204081632,62.681067344345614,118.0,34.46,51.0,0.5256236850015028,0.655565693430657,0,0.4794578568403219,1.0
49,baps,none,0.1,100,1.0,10.5,523.422892929293,0.03632323232323232,0.6124040404040404,62.31672025723473,118.0,34.372,51.5,0.526019497459838,0.6557107641741988,0,0.4754823151125402,1.0
0,baps,none,0.15,99,0.99,12.5,530.4846285714286,0.04246580737558182,0.7151428571428571,59.755135135135134,119.0,31.448,54.016,0.5395277621081473,0.6468123316372344,0,0.45216216216216215,1.0
1,baps,none,0.15,100,1.0,12.0,533.7125131313132,0.05076318742985409,0.7658585858585858,60.40204194260485,118.0,31.228,56.024,0.5403377110694184,0.647693817468106,0,0.44757174392935983,1.0
2,baps,none,0.15,100,1.0,12.5,532.0270666666667,0.04548282828282828,0.7354747474747476,60.03464947622885,120.0,30.832,55.572,0.5425424583823777,0.6507747318235996,0,0.43781896320171904,1.0
3,baps,none,0.15,99,0.99,12.0,529.8345836734695,0.04264399092970521,0.7011428571428571,57.16512261580382,118.0,31.252,54.232,0.5420241499841119,0.6550410316529894,0,0.4321525885558583,1.0
4,baps,none,0.15,100,1.0,12.0,531.1405131313132,0.04541499202551834,0.723959595959596,60.70555108608206,119.0,31.344,54.508,0.5422435494021397,0.6517806670435274,0,0.45347278090640925,1.0
5,baps,none,0.15,97,0.97,12.908,530.8046916666667,0.04306385756056808,0.718875,57.389353400222966,119.0,31.304,54.408,0.5401379742866103,0.6465369204350315,0,0.43701226309921964,1.0
6,baps,none,0.15,100,1.0,13.092,531.6060161616161,0.04132563732563733,0.7312727272727274,63.27037826318593,121.0,30.288,54.092,0.5403819128709597,0.6435498089920658,0,0.4669685668620139,1.0
7,baps,none,0.15,100,1.0,11.5,530.0754464646465,0.047590123456790125,0.7080808080808082,59.46448825276803,118.0,32.352,55.476,0.5403893135786902,0.643920247121595,0,0.44963543073183904,1.0
8,baps,none,0.15,100,1.0,14.012,528.3373858585859,0.034407800953255505,0.6753131313131313,63.219723652126795,121.0,31.276,54.072,0.5395108966894028,0.6471499380421314,0,0.45759956651314004,1.0
9,baps,none,0.15,100,1.0,12.5,528.5908282828283,0.037759499759499764,0.6806464646464646,64.67322616407982,121.0,31.124,53.004,0.5387234716503009,0.645017793594306,0,0.47200665188470065,1.0
10,baps,none,0.15,100,1.0,14.368,532.4937212121213,0.04020630547903275,0.746989898989899,59.81738655002734,122.0,31.284,54.868,0.5413949962092495,0.653370786516854,0,0.4338436303991252,1.0
11,baps,none,0.15,100,1.0,13.5,530.4342666666668,0.03803269054178145,0.7121212121212123,62.705280172413794,122.0,30.5,54.0,0.5407383046945655,0.6484866646688643,0,0.4552801724137931,1.0
12,baps,none,0.15,100,1.0,12.0,531.3210949494951,0.04729356725146199,0.7276363636363636,59.38943982846422,119.0,32.236,56.136,0.5395305016879957,0.6433247936236834,0,0.44036451353524525,1.0
13,baps,none,0.15,100,1.0,12.0,531.2698464646465,0.04680583613916947,0.7237979797979798,58.08828293736501,118.0,31.844,56.0,0.5403668286565292,0.6474799541809851,0,0.44168466522678185,1.0
14,baps,none,0.15,100,1.0,12.5,530.5111676767679,0.043659772326439,0.7157171717171718,58.7572968708914,118.0,32.36,55.608,0.5413125590179415,0.6482213438735178,0,0.44044175650802,1.0
15,baps,none,0.15,100,1.0,11.02,529.8688242424242,0.04431560044893378,0.6980202020202021,62.163731931668856,118.0,29.436,53.02,0.5436208184610276,0.6521865044888503,0,0.47069645203679367,1.0
16,baps,none,0.15,82,0.82,13.0,531.0520938271605,0.04137777777777778,0.7269629629629629,61.66844563042028,120.0,26.116,45.0,0.5389395609902776,0.6401009736747205,0,0.45763842561707807,1.0
17,baps,none,0.15,97,0.97,12.624,530.8682208333335,0.04132291666666667,0.7146666666666668,58.66254912970241,119.0,29.352,52.98,0.5398146559121332,0.6498708010335917,0,0.44441325098259404,1.0
18,baps,none,0.15,100,1.0,13.5,531.0988161616162,0.04176017316017316,0.7245252525252525,57.79405405405405,120.0,32.156,56.192,0.540885585003232,0.6499703615886189,0,0.42702702702702705,1.0
19,baps,none,0.15,100,1.0,13.0,530.4869737373739,0.041061745272271584,0.7138181818181818,58.896829661472324,119.0,31.612,55.14,0.5436327345309381,0.6572661870503597,0,0.4355185384202042,1.0
20,baps,none,0.15,100,1.0,12.0,531.4416363636365,0.04602918069584736,0.7288888888888889,59.40700160342063,118.0,31.34,55.0,0.5395186273731035,0.6458516564057462,0,0.4462854088722608,1.0
21,baps,none,0.15,100,1.0,12.0,532.9880282828284,0.04965207631874299,0.7572525252525252,58.093211206896555,118.0,32.12,56.044,0.5420004759260728,0.6560565870910698,0,0.4345366379310345,1.0
22,baps,none,0.15,97,0.97,11.5,530.4449166666667,0.04676797385620915,0.7168333333333334,60.542202347680266,116.0,31.184,53.0,0.5372496239410973,0.6396556841792816,0,0.4622694242593628,1.0
23,baps,none,0.15,97,0.97,13.0,532.7680666666668,0.04426033834586466,0.750375,60.674509803921566,119.0,29.964,53.5,0.5388694090481485,0.6486751717369971,0,0.4392156862745098,1.0
24,baps,none,0.15,100,1.0,11.972,530.952197979798,0.04429969536636203,0.723030303030303,60.9,118.0,31.428,54.504,0.5408608344992182,0.648253209913407,0,0.45525606469002694,1.0
25,baps,none,0.15,99,0.99,13.012,530.5932653061226,0.043505102040816326,0.7178367346938774,56.223194748358864,117.0,32.528,55.688,0.5422757005572155,0.6554796554796555,0,0.4261487964989059,1.0
26,baps,none,0.15,100,1.0,13.5,530.0458222222222,0.03872236652236652,0.7085656565656566,59.70865490628445,119.0,31.852,55.0,0.54006939155454,0.6487590323594093,0,0.44294377067254687,1.0
27,baps,none,0.15,100,1.0,12.088,530.6520242424243,0.04261414141414142,0.7097373737373737,59.04580975478308,119.0,30.412,54.588,0.5408323032550474,0.6472511144130758,0,0.45459444893559686,1.0
28,baps,none,0.15,100,1.0,12.452,530.1269535353537,0.044433541766875105,0.7095757575757575,59.594806599945905,118.0,32.84,56.044,0.5391117135794594,0.6418039895923677,0,0.45334054638896404,1.0
29,baps,none,0.15,100,1.0,13.0,531.365692929293,0.04319809203142537,0.7269090909090908,57.810015898251194,117.0,31.668,55.816,0.5420097462611326,0.6493428912783752,0,0.43428722840487544,1.0
30,baps,none,0.15,93,0.93,11.52,532.4722608695653,0.049943821510297484,0.7534347826086958,60.54540179866551,119.0,29.724,51.02,0.5422501207146306,0.657942238267148,0,0.4386422976501306,1.0
31,baps,none,0.15,100,1.0,10.628,530.5033696969698,0.049047771836007135,0.7149494949494949,59.87317073170732,117.0,30.732,53.756,0.5399333121625913,0.6477673325499412,0,0.45257452574525747,1.0
32,baps,none,0.15,100,1.0,13.0,530.347494949495,0.04017912457912458,0.7123232323232324,60.48543689320388,120.0,31.436,54.728,0.5413469068128426,0.6517241379310345,0,0.4452535059331176,1.0
33,baps,none,0.15,100,1.0,12.504,532.1639595959597,0.04378643578643579,0.7397171717171717,60.53078383509629,119.0,30.56,54.896,0.5391166402271019,0.6431408493736633,0,0.44806075400054246,1.0
34,baps,none,0.15,100,1.0,12.0,531.4687515151516,0.044987654320987655,0.7275151515151517,59.63942690368798,118.0,30.828,54.676,0.540621266427718,0.6450335161486899,0,0.444149641814805,1.0
35,baps,none,0.15,100,1.0,15.192,527.6481616161617,0.030698893698893698,0.66,62.54987834549878,124.0,30.896,54.368,0.5418824790141097,0.6536697247706422,0,0.44471478778048124,1.0
36,baps,none,0.15,97,0.97,13.0,528.528675,0.0385515873015873,0.68625,62.820616883116884,121.0,31.24,52.56,0.5406266202503518,0.6463056815150707,0,0.457521645021645,1.0
37,baps,none,0.15,96,0.96,14.0,533.3883831578949,0.042253634085213036,0.7600842105263158,60.64143426294821,121.0,29.792,53.5,0.5414507772020726,0.6522773623385452,0,0.43910073989755266,1.0
38,baps,none,0.15,100,1.0,11.5,531.3772,0.04832244008714597,0.7324444444444445,59.502939604489576,117.0,31.988,55.0,0.5398236931642437,0.6443385650224215,0,0.4535008017103153,1.0
39,baps,none,0.15,100,1.0,12.164,529.9309292929294,0.041619918483076376,0.7040808080808081,61.23940282591309,119.0,30.732,53.968,0.5415201741168592,0.6501210653753027,0,0.45961077046121035,1.0
40,baps,none,0.15,100,1.0,11.5,532.656,0.049904377104377104,0.7502626262626262,59.74737691686844,118.0,31.224,55.0,0.5405044262568899,0.6480463980463981,0,0.4444444444444444,1.0
41,baps,none,0.15,100,1.0,12.5,530.6286383838385,0.04403685982633351,0.7214949494949494,60.2357084800867,119.0,32.52,55.224,0.5393026941362916,0.6467455621301775,0,0.4437821728528854,1.0
42,baps,none,0.15,100,1.0,11.0,531.4107030303031,0.05062388591800357,0.7321212121212123,59.98686416992734,117.0,32.148,55.064,0.5394049691406868,0.6481261154074955,0,0.45416433761878144,1.0
43,baps,none,0.15,96,0.96,12.5,531.1605263157895,0.045642105263157894,0.7290526315789475,57.14868238557559,120.0,31.528,53.644,0.5410302485774184,0.650384193194292,0,0.42857142857142855,1.0
44,baps,none,0.15,100,1.0,12.5,529.0573131313132,0.03894949494949495,0.688040404040404,62.34256520570046,119.0,30.956,53.536,0.5396258635411006,0.6411390655239149,0,0.46598547996773326,1.0
45,baps,none,0.15,100,1.0,11.5,532.8333050505051,0.05083977025153496,0.7544242424242424,58.1272874058127,117.0,31.696,55.692,0.5408665291223616,0.6515597410241318,0,0.43622174381054896,1.0
46,baps,none,0.15,99,0.99,12.5,530.852342857143,0.04306373075546008,0.723673469387755,60.72466216216216,119.0,31.596,54.516,0.541015784738693,0.6532233424992362,0,0.450731981981982,1.0
47,baps,none,0.15,100,1.0,12.5,529.9611717171717,0.04441715399610136,0.7035959595959596,58.12172284644195,119.0,33.084,56.62,0.5399447031431898,0.6461661341853036,0,0.4304440877474585,1.0
48,baps,none,0.15,99,0.99,10.66,527.9758448979593,0.04211337868480726,0.6708571428571429,62.30528981429375,118.0,30.08,51.912,0.5392588965066928,0.6480911330049262,0,0.47692740574001125,1.0
49,baps,none,0.15,100,1.0,12.5,529.709397979798,0.044069905403238734,0.7042424242424242,56.828337874659404,117.0,33.28,56.0,0.5400934648764928,0.6535947712418301,0,0.4245231607629428,1.0
0,baps,none,0.2,99,0.99,12.724,535.7772897959184,0.04881023988542785,0.785795918367347,57.28143348856044,119.0,28.036,55.772,0.5543468725326783,0.6423810618248679,0,0.4296416278598907,1.0
1,baps,none,0.2,100,1.0,12.5,538.9644000000001,0.055248677248677255,0.8346666666666668,58.522178667216835,118.0,27.528,57.58,0.5539196567862714,0.6384576865297947,0,0.43016298741489584,1.0
2,baps,none,0.2,100,1.0,14.0,537.9223474747475,0.04858181818181818,0.816969696969697,56.54763827210335,120.0,28.62,59.0,0.5554334889682322,0.6399352900392882,0,0.4057327412192168,1.0
3,baps,none,0.2,99,0.99,12.5,535.5456040816326,0.05016099773242631,0.7821224489795918,54.381557377049184,118.0,28.852,57.0,0.5567768738099359,0.6475483580746738,0,0.4067622950819672,1.0
4,baps,none,0.2,100,1.0,12.5,536.9445777777778,0.0523331561226298,0.8038383838383837,58.14035087719298,119.0,28.42,57.0,0.5582837942620832,0.6457032091320267,0,0.4297237346239161,1.0
5,baps,none,0.2,97,0.97,14.0,537.7632750000001,0.0504556530214425,0.8220833333333333,52.8681550126369,119.0,30.08,59.0,0.5541107023697494,0.6386757290067967,0,0.3938500421229992,1.0
6,baps,none,0.2,100,1.0,13.512,536.3403595959596,0.045225589225589224,0.7908686868686868,61.19431658995397,121.0,27.216,56.012,0.5554853273137698,0.6388700564971751,0,0.44786872123273963,1.0
7,baps,none,0.2,100,1.0,11.664,534.1156444444446,0.05073445566778901,0.7568888888888889,59.64452096414827,118.0,28.168,55.8,0.5544835903178569,0.6362852833441068,0,0.45088110188373504,1.0
8,baps,none,0.2,100,1.0,14.5,533.5331555555556,0.039731339367703,0.7457777777777779,60.82717303005686,122.0,28.364,56.348,0.5536429872495446,0.6379391100702576,0,0.4370430544272949,1.0
9,baps,none,0.2,100,1.0,13.0,533.3079555555556,0.04212255892255892,0.7415757575757577,62.67655482815057,121.0,27.808,54.612,0.5548325524900226,0.6412606168976308,0,0.45458265139116205,1.0
10,baps,none,0.2,100,1.0,14.5,537.8452080808082,0.04633136560409288,0.8196363636363637,58.336374695863746,122.0,28.356,57.0,0.5566719255999336,0.6449968132568515,0,0.4205190592051906,1.0
11,baps,none,0.2,100,1.0,14.5,535.2125858585858,0.041323625869080415,0.7759595959595958,60.28948436865611,122.0,27.832,56.076,0.5557639074917403,0.6451987909788421,0,0.43239951278928135,1.0
12,baps,none,0.2,100,1.0,12.5,536.5252282828284,0.051739854687223114,0.7951919191919191,57.808243727598565,119.0,28.276,57.5,0.5551998615677453,0.6359761295822677,0,0.42592592592592593,1.0
13,baps,none,0.2,100,1.0,12.568,535.8001010101011,0.05029028379028379,0.7822626262626263,56.183884716866245,118.0,28.192,57.068,0.5546848381601363,0.642350332594235,0,0.4235843312360463,1.0
14,baps,none,0.2,100,1.0,12.5,534.5746747474749,0.04730479397146064,0.7650101010101009,57.86987664146439,118.0,28.264,56.0,0.5560030850972663,0.6426544422615149,0,0.43274970155193,1.0
15,baps,none,0.2,100,1.0,12.5,535.7397616161617,0.04938784672118005,0.7802828282828281,57.87339522022516,118.0,27.904,57.076,0.5592309094222708,0.6436146707909854,0,0.4311672921192969,1.0
16,baps,none,0.2,82,0.82,13.0,535.2508592592593,0.045301234567901236,0.7784691358024691,60.80912035883379,120.0,22.944,45.5,0.5543656430991148,0.6382328424562378,0,0.44953899825566906,1.0
17,baps,none,0.2,97,0.97,14.316,538.5782041666669,0.049203125,0.8309583333333332,52.945542472666105,119.0,28.552,58.412,0.555274024024024,0.6438690766976063,0,0.3904541631623213,1.0
18,baps,none,0.2,100,1.0,13.5,535.64298989899,0.04647186147186146,0.7826666666666667,56.23884833738848,120.0,28.352,57.168,0.5565515423147904,0.6472203157172272,0,0.41321978913219787,1.0
19,baps,none,0.2,100,1.0,13.5,536.6652363636364,0.0483160552897395,0.8007272727272727,56.138728323699425,119.0,28.728,58.0,0.5589110644257703,0.6470716783216783,0,0.41080326888578833,1.0
20,baps,none,0.2,100,1.0,12.316,536.6040080808082,0.05265223665223665,0.8005656565656566,56.90141129032258,118.0,28.876,57.316,0.5532815198618307,0.6395927601809954,0,0.42358870967741935,1.0
21,baps,none,0.2,100,1.0,12.0,538.6627515151516,0.05786980920314254,0.8326060606060605,55.45117029862793,118.0,28.572,58.0,0.5589436191469029,0.6511472488304745,0,0.40940274414850686,1.0
22,baps,none,0.2,97,0.97,12.0,536.2362416666667,0.05425665266106442,0.798375,56.79501794384632,116.0,28.724,55.684,0.5516676721537533,0.6363429611098477,0,0.4279079586236014,1.0
23,baps,none,0.2,97,0.97,13.0,538.020525,0.05043358395989975,0.8191666666666666,59.208843678638154,119.0,26.536,55.088,0.5541615953562401,0.6421725239616614,0,0.42661407515050864,1.0
24,baps,none,0.2,100,1.0,12.192,536.1790828282828,0.05044765111431778,0.791959595959596,58.73346733668342,118.0,27.98,56.192,0.5575221238938053,0.6439222774514234,0,0.4349748743718593,1.0
25,baps,none,0.2,99,0.99,13.02,535.0414204081634,0.04774829931972789,0.774,55.18764302059497,117.0,28.688,56.52,0.5576146144387845,0.65032080659945,0,0.41626794258373206,1.0
26,baps,none,0.2,100,1.0,14.864,534.4549252525254,0.040985409652076324,0.7647272727272727,59.02548818088386,119.0,28.656,56.432,0.5535154087470013,0.6393560788082653,0,0.4365878725590956,1.0
27,baps,none,0.2,100,1.0,13.0,537.0524242424243,0.0502832839674945,0.8021010101010102,56.152662482283866,119.0,28.092,58.0,0.5561695959412937,0.6389511429852084,0,0.42781939663899576,1.0
28,baps,none,0.2,100,1.0,12.728,535.2204121212121,0.05006004489337823,0.7774141414141414,56.852092645266154,118.0,29.324,57.644,0.5540187891440501,0.6378774422735346,0,0.42746850873628606,1.0
29,baps,none,0.2,100,1.0,13.7,537.0400242424244,0.049016835016835014,0.8066666666666668,55.079790449325,117.0,29.092,58.476,0.5556268328445748,0.6399262332872291,0,0.4088253072738263,1.0
30,baps,none,0.2,93,0.93,12.0,537.4443,0.05399862700228833,0.8156086956521739,59.54733664006901,119.0,25.964,52.0,0.5570233377366799,0.6473265073947668,0,0.43023506577528575,1.0
31,baps,none,0.2,100,1.0,11.0,535.8843272727274,0.05711562685680333,0.7890505050505051,56.74571486186731,117.0,28.384,56.5,0.5539194456474664,0.6397306397306397,0,0.4240774349667272,1.0
32,baps,none,0.2,100,1.0,14.0,535.9403838383838,0.04491717171717171,0.7882828282828283,57.84646221687713,120.0,28.576,57.308,0.5568328043235824,0.6442412366644894,0,0.42032471437161756,1.0
33,baps,none,0.2,100,1.0,13.652,538.7525656565657,0.05071838265697915,0.8355959595959596,55.993223819301846,119.0,29.08,59.152,0.5547159504734159,0.6408813877168308,0,0.4051334702258727,1.0
34,baps,none,0.2,100,1.0,13.0,537.0251595959596,0.0500594837261504,0.80379797979798,56.807185628742516,118.0,27.924,57.0,0.5564245810055866,0.6422535211267606,0,0.4173652694610778,1.0
35,baps,none,0.2,100,1.0,16.5,533.8478262626263,0.03660157126823794,0.750020202020202,58.917744543249796,124.0,28.748,58.0,0.5559229721843999,0.6449092741935484,0,0.4118835893290218,1.0
36,baps,none,0.2,97,0.97,14.5,534.4646791666667,0.04303621031746031,0.770375,58.60076427996782,121.0,29.088,55.772,0.5573877020550727,0.643045150840251,0,0.41773934030571197,1.0
37,baps,none,0.2,96,0.96,14.42,538.7010357894737,0.046252631578947365,0.8271578947368421,59.61393596986817,121.0,25.58,54.58,0.5584732824427481,0.6463694267515924,0,0.42958777987026575,1.0
38,baps,none,0.2,100,1.0,11.5,535.5188646464647,0.052465834818775994,0.7825858585858586,58.851866720192696,117.0,28.024,55.5,0.5551420838971584,0.6394354148845167,0,0.4472099558410277,1.0
39,baps,none,0.2,100,1.0,13.0,536.2632646464647,0.049579403053087265,0.7945454545454546,55.969348659003835,118.0,28.984,58.072,0.5560811425452561,0.6448202959830867,0,0.41157491429723736,1.0
40,baps,none,0.2,100,1.0,11.5,537.2551757575759,0.055749494949494945,0.8082020202020203,57.727364387981446,118.0,27.488,56.0,0.5557174071376547,0.6434599156118144,0,0.42609397055858034,1.0
41,baps,none,0.2,100,1.0,13.0,535.4431393939395,0.048051948051948054,0.7838787878787878,58.559731816334825,119.0,28.896,56.5,0.5540669029302446,0.6411645226811103,0,0.4278748476229175,1.0
42,baps,none,0.2,100,1.0,11.688,536.0236282828283,0.05378083354553943,0.7911919191919192,58.979083873666596,117.0,28.548,56.188,0.5535144458818456,0.6408626560726447,0,0.445095168374817,1.0
43,baps,none,0.2,96,0.96,13.0,536.2578947368421,0.0508659649122807,0.7982315789473685,55.15846994535519,120.0,28.668,55.5,0.5556278464541314,0.6454081632653061,0,0.4098360655737705,1.0
44,baps,none,0.2,100,1.0,12.5,534.7951393939394,0.04825305688463583,0.7702626262626263,58.57125530624621,119.0,28.744,56.5,0.5543936582897622,0.6389487289961223,0,0.43117040630685266,1.0
45,baps,none,0.2,100,1.0,12.0,537.9885494949497,0.055941261353026066,0.8231515151515152,56.363944899181476,117.0,28.508,57.5,0.5560759823054905,0.6445985238201745,0,0.42004392094230386,1.0
46,baps,none,0.2,99,0.99,13.0,536.5221918367348,0.0492487340800982,0.7996326530612246,57.82221283783784,119.0,28.636,57.0,0.5558634250983197,0.6449443413729128,0,0.42377533783783783,1.0
47,baps,none,0.2,100,1.0,13.5,535.0068686868686,0.04764540138224349,0.7729292929292929,56.06728632046878,119.0,29.98,58.5,0.5546930693069307,0.6416410256410257,0,0.41139624166498284,1.0
48,baps,none,0.2,99,0.99,11.64,534.1992204081632,0.051556916099773246,0.7604897959183675,58.23860309493936,118.0,27.972,55.32,0.5538104586828485,0.6404285048905449,0,0.44040150564617314,1.0
49,baps,none,0.2,100,1.0,13.0,535.3534464646466,0.050267115600448935,0.782989898989899,54.614863477725315,117.0,30.484,58.5,0.5543319838056681,0.6443010752688172,0,0.40422911106548964,1.0
0,baps,none,0.3,99,0.99,14.0,546.8562612244899,0.059442892946652344,0.942204081632653,50.52729005036069,119.0,23.992,61.664,0.5879248469495462,0.632727852135118,0,0.36545528787260106,1.0
1,baps,none,0.3,100,1.0,14.0,551.0801737373738,0.06486868686868687,1.0021414141414142,50.83206106870229,118.0,22.964,64.088,0.5881239649869884,0.6316425120772947,0,0.3572791712104689,1.0
2,baps,none,0.3,100,1.0,14.5,546.9275959595961,0.056753535353535355,0.936848484848485,53.4377277020645,120.0,22.752,62.0,0.5877854134338284,0.6271676300578035,0,0.3770071515315072,1.0
3,baps,none,0.3,99,0.99,13.0,544.824918367347,0.06031009070294785,0.9082857142857143,51.012446997674736,118.0,23.488,60.5,0.5883147936375923,0.6331296035104216,0,0.37573519354397483,1.0
4,baps,none,0.3,100,1.0,13.0,546.5309373737373,0.06279030910609858,0.931959595959596,53.679171180931746,119.0,22.736,60.5,0.5937369954223887,0.6357336547152757,0,0.38867822318526546,1.0
5,baps,none,0.3,97,0.97,14.0,545.7554333333334,0.057611111111111106,0.9205833333333334,51.13083853083853,119.0,22.624,60.0,0.5900905589674196,0.6302875206984796,0,0.3774081774081774,1.0
6,baps,none,0.3,100,1.0,14.5,546.332488888889,0.054807840307840305,0.9272727272727274,55.71260526667558,121.0,22.2,60.5,0.5880610117414682,0.6256458431188351,0,0.3967384039566903,1.0
7,baps,none,0.3,100,1.0,12.5,544.1501050505051,0.0622276735610069,0.8961616161616162,54.047992429363255,118.0,23.536,60.628,0.5849744711889132,0.6225762813768225,0,0.3985399486278221,1.0
8,baps,none,0.3,100,1.0,15.5,544.5563030303031,0.050574431180491784,0.8996767676767677,54.29794885455514,121.0,23.084,61.576,0.5884115884115884,0.6276237782406665,0,0.37746403835908365,1.0
9,baps,none,0.3,100,1.0,14.0,544.4040040404041,0.05540548340548341,0.8975757575757576,55.89696312364425,121.0,22.868,59.864,0.5901294328106914,0.6318300754194244,0,0.39330260303687636,1.0
10,baps,none,0.3,100,1.0,15.5,548.6787070707071,0.05593347617590042,0.9692525252525253,53.54918364593172,122.0,23.576,62.016,0.5900928167877321,0.6305937408599006,0,0.3770071515315072,1.0
11,baps,none,0.3,100,1.0,15.5,545.7801171717173,0.051423324150596875,0.9227878787878787,54.537166711554,121.0,23.012,61.184,0.5904555314533623,0.6328025477707007,0,0.379746835443038,1.0
12,baps,none,0.3,100,1.0,12.82,545.421903030303,0.06166005923900661,0.9111515151515152,54.741279069767444,119.0,21.812,60.008,0.5892369140214421,0.6260391923990499,0,0.397330866807611,1.0
13,baps,none,0.3,100,1.0,13.5,544.1932121212121,0.05705274971941638,0.8932121212121212,53.063511491908066,118.0,22.496,59.712,0.585204081632653,0.6294573643410852,0,0.3934448524411805,1.0
14,baps,none,0.3,100,1.0,13.0,544.7070707070708,0.05915207631874299,0.9034747474747474,53.46020852580177,118.0,22.564,60.004,0.5899916770703287,0.6303103344380837,0,0.3918437376270292,1.0
15,baps,none,0.3,100,1.0,13.0,546.7883151515152,0.0630976430976431,0.9345454545454545,51.680052840158524,118.0,22.624,62.072,0.5943886004639346,0.6325422677214209,0,0.3735799207397622,1.0
16,baps,none,0.3,82,0.82,13.5,545.3536148148149,0.05799753086419753,0.9172839506172838,56.00165425971878,120.0,18.7,49.0,0.584179301252472,0.6236205227492739,0,0.40512820512820513,1.0
17,baps,none,0.3,97,0.97,15.0,548.3926583333334,0.05731875,0.9615833333333332,49.633979634537596,119.0,22.688,62.0,0.5879793932455638,0.627763923524522,0,0.3589064025666062,1.0
18,baps,none,0.3,100,1.0,14.5,543.4477737373737,0.051108193041526376,0.8813737373737374,53.89197278911565,120.0,22.42,59.588,0.5893370224539747,0.6321422949787502,0,0.3906122448979592,1.0
19,baps,none,0.3,100,1.0,14.0,545.5517656565657,0.05645956642447871,0.9175353535353535,52.83798882681564,119.0,22.872,61.104,0.592655487157716,0.6327151109759805,0,0.3804203245544028,1.0
20,baps,none,0.3,100,1.0,13.12,546.2926585858587,0.06167957351290685,0.9302626262626263,53.014224369296834,118.0,22.908,60.752,0.5870517097581318,0.6303058676654182,0,0.38714439076757917,1.0
21,baps,none,0.3,100,1.0,12.5,545.7048121212123,0.06183806317139651,0.915878787878788,54.86118942139885,118.0,21.328,58.5,0.5928878632120004,0.6369259316530076,0,0.4031413612565445,1.0
22,baps,none,0.3,97,0.97,12.5,545.6839958333334,0.06405545343137255,0.9233333333333332,52.25456076340163,116.0,22.744,58.692,0.5858375792866798,0.6293279022403259,0,0.38492843109738983,1.0
23,baps,none,0.3,97,0.97,14.5,550.4065666666667,0.06165789473684211,0.9945,51.6276640200585,119.0,22.2,61.336,0.5874661857529305,0.6320176930928887,0,0.3553419696336537,1.0
24,baps,none,0.3,100,1.0,13.0,546.6866505050506,0.06240067340067341,0.937858585858586,53.28476821192053,118.0,23.152,61.0,0.5887262872628727,0.6304382470119522,0,0.38451142046222464,1.0
25,baps,none,0.3,99,0.99,13.5,545.0893795918369,0.05857596371882086,0.9120816326530612,50.903862068965516,117.0,23.356,60.62,0.5917367692471516,0.6354772763013052,0,0.3762758620689655,1.0
26,baps,none,0.3,100,1.0,15.5,545.2525696969698,0.05138512396694215,0.9152727272727272,53.62871892405923,119.0,23.652,61.632,0.58510279743849,0.6242006886374816,0,0.3858171444097269,1.0
27,baps,none,0.3,100,1.0,14.0,546.9070101010101,0.058956583377636006,0.9374141414141416,51.551127921113064,119.0,22.736,62.02,0.5880610117414682,0.6256458431188351,0,0.383087937322707,1.0
28,baps,none,0.3,100,1.0,13.5,545.040383838384,0.058615039281705944,0.9068282828282828,52.68426000537201,118.0,22.724,61.0,0.5886824324324325,0.6286764705882353,0,0.38785925329035725,1.0
29,baps,none,0.3,100,1.0,13.5,546.7662787878788,0.06035241301907968,0.9374545454545455,51.63181940338619,117.0,23.192,62.0,0.5896805896805897,0.6275412960609911,0,0.3779897876914808,1.0
30,baps,none,0.3,93,0.93,12.5,546.836095652174,0.06498016781083144,0.939391304347826,55.766902119071645,119.0,20.576,55.0,0.5889785517094924,0.6323436512950095,0,0.39613665849790974,1.0
31,baps,none,0.3,100,1.0,12.5,545.9395555555556,0.06387046939988116,0.9241616161616162,51.806417112299464,117.0,23.008,61.0,0.5886629438415341,0.6292825318789369,0,0.37767379679144386,1.0
32,baps,none,0.3,100,1.0,14.5,546.5884000000001,0.05675106621773288,0.9359595959595961,52.33835395373857,120.0,23.34,62.0,0.5881686076471194,0.6306705361234153,0,0.36995696611081225,1.0
33,baps,none,0.3,100,1.0,14.0,549.1919595959596,0.06211400555260205,0.9785050505050505,51.05554795457655,119.0,23.628,63.5,0.5872564046419969,0.6303139306736429,0,0.3596935285264742,1.0
34,baps,none,0.3,100,1.0,13.0,545.6828282828284,0.05957800224466891,0.9164444444444445,54.61274444592257,118.0,21.772,59.5,0.5894308943089431,0.62890625,0,0.39829719302913397,1.0
35,baps,none,0.3,100,1.0,17.0,542.060307070707,0.0429087542087542,0.858020202020202,56.358587915818056,124.0,22.716,60.58,0.5865013451865715,0.629714085248202,0,0.3890020366598778,1.0
36,baps,none,0.3,97,0.97,14.5,541.8874458333335,0.04940178571428571,0.861125,57.50047419048909,121.0,21.88,56.524,0.5906940063091483,0.6294680551646495,0,0.4086167186018155,1.0
37,baps,none,0.3,96,0.96,15.0,548.4073978947368,0.055155889724310785,0.9568421052631579,54.60671827481338,121.0,20.1,58.0,0.5949148358430018,0.6361543909348442,0,0.3837434337849046,1.0
38,baps,none,0.3,100,1.0,12.0,545.3812646464647,0.06514387573211103,0.916969696969697,53.97971328103868,117.0,22.72,59.5,0.586326177637603,0.6271923249887573,0,0.4023532593995131,1.0
39,baps,none,0.3,100,1.0,13.5,544.767296969697,0.05725119617224881,0.9046060606060605,52.759568733153635,118.0,22.812,60.684,0.5876886070413295,0.6313892529488859,0,0.3818059299191375,1.0
40,baps,none,0.3,100,1.0,13.0,548.849575757576,0.06617340067340068,0.9712727272727273,52.077470461868955,118.0,23.072,61.864,0.5868848857644992,0.6287015945330297,0,0.37218045112781956,1.0
41,baps,none,0.3,100,1.0,13.0,544.0819676767678,0.05808642819169135,0.8959191919191919,55.7295767053114,119.0,22.904,59.3,0.5878775167785235,0.6296410891089109,0,0.4022647613912106,1.0
42,baps,none,0.3,100,1.0,12.5,546.4743676767678,0.06509328579916816,0.9342222222222222,53.56428571428572,117.0,23.284,60.636,0.5862140774677218,0.6294559099437148,0,0.39368131868131867,1.0
43,baps,none,0.3,96,0.96,13.5,544.2568210526316,0.057070977443609026,0.8987789473684211,53.45231455660903,120.0,22.116,57.0,0.5895390070921985,0.6327394859813084,0,0.39263803680981596,1.0
44,baps,none,0.3,100,1.0,14.0,544.7657373737375,0.05628259200189025,0.9090101010101012,53.413481021207616,119.0,24.008,61.0,0.5860564237872945,0.6275955461931989,0,0.38173713359448874,1.0
45,baps,none,0.3,100,1.0,12.5,546.6759878787881,0.06401931075460487,0.9341010101010102,54.00476694915254,117.0,21.884,59.68,0.590084388185654,0.6309815950920246,0,0.397510593220339,1.0
46,baps,none,0.3,99,0.99,13.5,545.615942857143,0.05819199785177229,0.9201632653061224,54.40955017301038,119.0,22.824,60.0,0.587590844994034,0.6285623308390383,0,0.3915570934256055,1.0
47,baps,none,0.3,100,1.0,13.5,543.3893777777779,0.056843965975544926,0.881979797979798,53.82906788793103,119.0,23.296,60.556,0.5874508298954236,0.6287975130705101,0,0.3911637931034483,1.0
48,baps,none,0.3,99,0.99,13.5,545.2419918367347,0.05953287981859411,0.9151020408163265,51.624636678200694,118.0,24.224,61.952,0.5869920470639504,0.6263249485840848,0,0.37674740484429065,1.0
49,baps,none,0.3,100,1.0,13.0,544.026981818182,0.059565656565656565,0.8945050505050506,52.71247642144974,117.0,23.444,60.5,0.5878351735015773,0.6299591598599766,0,0.3872271624898949,1.0
0,baps,none,0.4,99,0.99,14.0,554.6748163265306,0.067374865735768,1.04134693877551,48.25718638902996,119.0,17.948,63.5,0.6273324572930354,0.619041769041769,0,0.344540375825292,1.0
1,baps,none,0.4,100,1.0,14.0,558.8543353535354,0.07305409652076318,1.1044848484848484,47.80991651394828,118.0,18.0,66.672,0.6203067932797662,0.6170155300472654,0,0.32834453268173486,1.0
2,baps,none,0.4,100,1.0,15.016,555.4822424242425,0.06382791551882461,1.0513131313131314,50.4409314463515,120.0,17.452,65.016,0.6273604699958036,0.6128872978644612,0,0.34838903944595,1.0
3,baps,none,0.4,99,0.99,13.628,552.8583632653063,0.06682358276643992,1.014530612244898,48.30754292722813,118.0,18.22,63.136,0.624741468459152,0.6208857696030978,0,0.35016353229762875,1.0
4,baps,none,0.4,100,1.0,14.088,556.6214707070708,0.07019493177387913,1.071030303030303,48.92148298628746,119.0,18.144,65.088,0.628081042715189,0.6193389013057288,0,0.34250888776028443,1.0
5,baps,none,0.4,97,0.97,14.5,552.6904208333334,0.06243048245614035,1.008916666666667,49.37980469561604,119.0,17.144,61.5,0.6270444301352222,0.6162639952857984,0,0.35985871597756075,1.0
6,baps,none,0.4,100,1.0,15.0,555.1462666666669,0.06361519961519961,1.049212121212121,50.88647171911363,121.0,18.128,64.5,0.621096367779118,0.6123896006966041,0,0.3515126985733077,1.0
7,baps,none,0.4,100,1.0,13.008,552.8626828282829,0.07112345679012347,1.014909090909091,49.57039453563054,118.0,19.104,64.544,0.6169830682401232,0.6091790868228057,0,0.35620348659394435,1.0
8,baps,none,0.4,100,1.0,16.5,553.1589373737373,0.05605509641873279,1.0163636363636364,49.87375815353738,121.0,18.644,65.632,0.6243124312431243,0.6168212584607671,0,0.3348720521826392,1.0
9,baps,none,0.4,100,1.0,14.168,551.6880606060605,0.06351723585056919,0.9932929292929293,53.18922483766234,121.0,17.94,62.168,0.622320384565415,0.6166445862941106,0,0.3692167207792208,1.0
10,baps,none,0.4,100,1.0,15.5,555.9348404040404,0.0626068768493011,1.0595151515151515,51.85778985507246,122.0,17.608,63.5,0.6285930408472012,0.6156724880925379,0,0.36101046698872785,1.0
11,baps,none,0.4,100,1.0,16.0,553.5572323232324,0.05728337924701562,1.0244040404040404,52.27974696254644,122.0,17.744,63.58,0.6257959626066929,0.6168247321098658,0,0.35816849081233054,1.0
12,baps,none,0.4,100,1.0,14.0,553.7159676767677,0.06564498789060193,1.0223838383838384,50.92624750499002,119.0,17.284,63.5,0.6289225941422594,0.6146245059288538,0,0.36037924151696604,1.0
13,baps,none,0.4,100,1.0,14.0,554.9894464646464,0.06890819304152637,1.0477979797979797,46.936875382418926,118.0,18.776,65.504,0.6232212567686689,0.6178842219280298,0,0.33448908831327756,1.0
14,baps,none,0.4,100,1.0,13.5,554.2163636363638,0.06938047138047138,1.0362424242424242,49.10905675301562,118.0,18.464,64.552,0.6272073250490516,0.6145264381173736,0,0.3508997429305913,1.0
15,baps,none,0.4,100,1.0,13.5,556.5736888888888,0.0735398428731762,1.070828282828283,46.653155412862446,118.0,18.26,66.636,0.6276537833424061,0.619234543670265,0,0.326577706431223,1.0
16,baps,none,0.4,82,0.82,14.5,555.2762518518518,0.06597530864197532,1.0533333333333332,50.780126065999255,120.0,15.18,53.0,0.6205077481041873,0.6093656493117894,0,0.3553330861450995,1.0
17,baps,none,0.4,97,0.97,15.5,556.8068458333335,0.06378503787878788,1.0731666666666668,46.702284527518174,119.0,17.232,64.628,0.6239438636689102,0.6155529805587743,0,0.33084112149532713,1.0
18,baps,none,0.4,100,1.0,15.0,553.4053333333335,0.06154545454545455,1.0222222222222224,49.12039211681814,120.0,18.3,64.5,0.6264601653760336,0.6184971098265896,0,0.3459614010007148,1.0
19,baps,none,0.4,100,1.0,15.0,554.1636848484848,0.0624047170267266,1.0345050505050506,49.46708620517431,119.0,18.084,64.5,0.632531712473573,0.6189516129032258,0,0.34701827989211864,1.0
20,baps,none,0.4,100,1.0,13.5,555.2055717171717,0.07103254769921437,1.0515959595959596,48.63081861958266,118.0,18.392,64.5,0.6226585712440253,0.6149654921903378,0,0.3460072231139647,1.0
21,baps,none,0.4,100,1.0,13.5,556.3327232323235,0.07187878787878788,1.0654949494949497,48.83771486349848,118.0,17.612,64.048,0.6293797041266546,0.6216542078611044,0,0.34711830131445903,1.0
22,baps,none,0.4,97,0.97,12.5,553.0432708333333,0.0721734068627451,1.0155416666666666,50.312422231439236,116.0,17.248,60.62,0.6183644189383071,0.6125045001800072,0,0.3669639153878059,1.0
23,baps,none,0.4,97,0.97,14.5,557.4700041666667,0.06835416666666666,1.0840416666666666,50.15728806454993,119.0,16.98,63.024,0.6207861239334173,0.6143928430469675,0,0.34161165252017184,1.0
24,baps,none,0.4,100,1.0,13.0,552.9962383838384,0.06812177328843995,1.0126060606060607,52.475592465059755,118.0,16.752,61.5,0.6288534342888048,0.6175962487660415,0,0.3770508405914523,1.0
25,baps,none,0.4,99,0.99,14.0,552.4454489795919,0.0642485260770975,1.006530612244898,49.38401156785788,117.0,17.868,62.504,0.628008463369479,0.6183439179286762,0,0.3606692832059492,1.0
26,baps,none,0.4,100,1.0,16.5,554.8805777777778,0.05861351981351982,1.0496969696969698,48.10483705677393,119.0,19.588,66.504,0.6191460055096418,0.6117571059431525,0,0.3322402131584341,1.0
27,baps,none,0.4,100,1.0,14.0,555.860787878788,0.06948549825742807,1.0565656565656565,47.29564074036614,119.0,17.9,66.0,0.6248629385964912,0.6110433934666016,0,0.34378476787701023,1.0
28,baps,none,0.4,100,1.0,13.5,553.2506141414142,0.06840404040404041,1.0183434343434343,49.33289566710433,118.0,18.02,64.168,0.620703227499344,0.6148245404631177,0,0.35743864256135743,1.0
29,baps,none,0.4,100,1.0,14.5,556.0007191919193,0.06729823487399246,1.064888888888889,47.361459175424415,117.0,18.624,66.024,0.6251378169790518,0.6143357518138604,0,0.33559013742926436,1.0
30,baps,none,0.4,93,0.93,13.5,555.617443478261,0.07059067505720823,1.058391304347826,51.98714625189026,119.0,16.628,58.5,0.6238652808840942,0.6155356485458339,0,0.36033700583279327,1.0
31,baps,none,0.4,100,1.0,13.0,554.6105737373738,0.07244338812966265,1.0416565656565655,48.81960744637799,117.0,18.376,64.5,0.6250162866449511,0.6152552552552553,0,0.3489477944152165,1.0
32,baps,none,0.4,100,1.0,14.888,553.6094262626264,0.06203838383838384,1.0256969696969698,49.99440260533279,120.0,18.18,64.112,0.6223793887345289,0.6196591454632742,0,0.34805617748829637,1.0
33,baps,none,0.4,100,1.0,15.0,556.5893212121213,0.06524324585568604,1.0733333333333333,49.39392084863321,119.0,18.24,65.5,0.625,0.6163585717903267,0,0.3415952672378621,1.0
34,baps,none,0.4,100,1.0,13.5,554.0403717171718,0.06751515151515151,1.027959595959596,51.107907163669246,118.0,16.732,62.5,0.6312543798177995,0.6190718372536554,0,0.36551793429116847,1.0
35,baps,none,0.4,100,1.0,18.5,551.5997737373738,0.048687127687127685,0.9911919191919192,50.62247487564714,124.0,18.872,66.0,0.6191717347234289,0.6120642701525054,0,0.33499137143437213,1.0
36,baps,none,0.4,97,0.97,15.0,549.2065916666668,0.05552645502645503,0.9576666666666667,53.56773664239565,121.0,18.064,60.0,0.6261080752884032,0.6151968940654465,0,0.3720644036509076,1.0
37,baps,none,0.4,96,0.96,16.0,560.6672463157895,0.06619785828206881,1.1321263157894736,46.94009409304757,121.0,17.448,65.5,0.6331542594013815,0.6199032480995162,0,0.31008886565603766,1.0
38,baps,none,0.4,100,1.0,13.0,555.5127272727273,0.07390453555159436,1.0567272727272727,48.61665992721391,117.0,18.324,64.22,0.61867606342814,0.6166705634790741,0,0.3504852405984634,1.0
39,baps,none,0.4,100,1.0,14.084,554.4474747474748,0.06680647409770217,1.0378181818181818,48.578610694652674,118.0,18.292,65.268,0.6199419969617456,0.6168060931452116,0,0.3426286856571714,1.0
40,baps,none,0.4,100,1.0,14.0,558.9895515151516,0.07343838383838383,1.1103030303030303,47.47718803504885,118.0,18.58,66.5,0.6269415807560137,0.6157993730407524,0,0.3275254305569544,1.0
41,baps,none,0.4,100,1.0,14.0,553.9241292929294,0.06665107212475632,1.0333737373737375,50.83961401726765,119.0,18.776,64.04,0.6221502590673575,0.6144927536231884,0,0.35611985779583544,1.0
42,baps,none,0.4,100,1.0,12.5,554.3221737373739,0.07470172311348781,1.0365656565656567,50.31711323272765,117.0,18.38,63.5,0.619958900590804,0.6137083028974921,0,0.3636176983882558,1.0
43,baps,none,0.4,96,0.96,14.0,552.2251747368422,0.06368736842105263,1.0019789473684209,51.23435377703479,120.0,16.672,59.18,0.6264658684113072,0.6201820429261715,0,0.37206143558666804,1.0
44,baps,none,0.4,100,1.0,14.48,550.8715030303031,0.05983628093803533,0.982989898989899,52.521907085493545,119.0,18.288,62.052,0.6184111916062953,0.6131386861313869,0,0.3728779099318898,1.0
45,baps,none,0.4,100,1.0,13.0,556.698593939394,0.07523813296362315,1.0732929292929294,48.35952023988006,117.0,17.784,64.52,0.6274151436031331,0.6170263788968825,0,0.34452773613193405,1.0
46,baps,none,0.4,99,0.99,14.5,553.1848367346938,0.062340064446831364,1.017795918367347,51.55909982450707,119.0,17.828,62.536,0.6214772271938026,0.6146262323723949,0,0.3635800557448126,1.0
47,baps,none,0.4,100,1.0,14.0,550.7444888888889,0.06252891487979206,0.9778585858585859,51.79661358597057,119.0,17.748,62.528,0.6250299688324142,0.6146538545533959,0,0.3713968957871397,1.0
48,baps,none,0.4,99,0.99,14.5,555.0379102040818,0.06688167388167389,1.0502857142857143,46.79575380218434,118.0,19.572,66.5,0.6249829164958316,0.6117560796773799,0,0.3292844748392365,1.0
49,baps,none,0.4,100,1.0,13.5,550.418593939394,0.063679012345679,0.9738989898989898,52.01001011122346,117.0,17.624,61.52,0.6206391802878751,0.6123608270847535,0,0.38018200202224467,1.0
0,baps,none,0.5,99,0.99,14.64,562.6081102040818,0.07351877746313838,1.1511020408163266,44.54742569433166,119.0,14.584,67.196,0.6136063408190224,0.6276047039405818,0,0.307292512587299,1.0
1,baps,none,0.5,100,1.0,15.168,568.1025050505052,0.07817326332477847,1.2364848484848485,42.09285367039378,118.0,15.728,72.44,0.5605187319884726,0.6375028742239596,0,0.2702155242262194,1.0
2,baps,none,0.5,100,1.0,16.052,565.2517939393939,0.07051924371924372,1.1907474747474749,44.452354260089685,120.0,14.464,70.444,0.5870655369185543,0.6309284884335059,0,0.2899583600256246,1.0
3,baps,none,0.5,99,0.99,14.0,558.8991469387756,0.07109478458049887,1.0907755102040815,47.23163979807849,118.0,13.712,64.804,0.631631299734748,0.6123595505617978,0,0.3390327308255984,1.0
4,baps,none,0.5,100,1.0,15.5,566.619191919192,0.07497696260854156,1.215151515151515,43.05375824883309,119.0,15.676,70.988,0.5539891060557514,0.6457833733013589,0,0.2852889103492677,1.0
5,baps,none,0.5,97,0.97,15.5,561.6702916666668,0.06897076023391813,1.1367083333333334,44.27051518711193,119.0,14.284,66.228,0.5829532945431671,0.6349206349206349,0,0.30818929350562174,1.0
6,baps,none,0.5,100,1.0,15.5,563.6580767676768,0.07157075517075516,1.1683636363636365,45.94089469838435,121.0,14.924,68.796,0.5985352862849534,0.6228402865571007,0,0.30518795161159373,1.0
7,baps,none,0.5,100,1.0,13.588,561.2509535353536,0.07853259871441691,1.1315151515151516,44.68729641693811,118.0,15.732,68.92,0.5871309370988447,0.6270712717109204,0,0.30944625407166126,1.0
8,baps,none,0.5,100,1.0,17.292,562.2669494949496,0.06302988257533712,1.1485252525252525,44.560445772429944,121.0,16.268,71.236,0.5745262079562916,0.6325987437453423,0,0.2836146329645482,1.0
9,baps,none,0.5,100,1.0,15.5,561.9421737373738,0.07035170755170757,1.143919191919192,46.355245094080594,121.0,16.18,68.964,0.5493093478959203,0.6455903417229384,0,0.30380360171202453,1.0
10,baps,none,0.5,100,1.0,15.5,562.4084404040406,0.06905907560453013,1.1418181818181818,50.08732643069267,122.0,12.844,65.192,0.6682448979591836,0.6015058823529412,0,0.34440966369692594,1.0
11,baps,none,0.5,100,1.0,17.0,561.8988808080809,0.062448729721457,1.1402020202020202,47.85633983779009,121.0,14.588,67.984,0.5951410125722052,0.6228416892032452,0,0.3158275114430258,1.0
12,baps,none,0.5,100,1.0,14.044,563.2644646464647,0.07909048378522063,1.1611313131313132,44.550464594681195,118.0,14.836,69.192,0.5844638242894057,0.6313382382183337,0,0.30206664530599164,1.0
13,baps,none,0.5,100,1.0,14.784,562.1066383838385,0.07287241490271794,1.1442424242424243,44.24121703853955,118.0,14.972,68.376,0.5915470745939126,0.6311434049853668,0,0.30677484787018255,1.0
14,baps,none,0.5,100,1.0,13.7,561.2597656565657,0.07647182940516274,1.128808080808081,45.80267371117515,117.0,14.268,67.26,0.6231647634584013,0.6180830039525692,0,0.31996477745757285,1.0
15,baps,none,0.5,100,1.0,14.012,565.0334707070708,0.08131390674420977,1.1895757575757575,41.34981818181818,118.0,15.672,71.72,0.5689712758851035,0.6411900756938604,0,0.2757979797979798,1.0
16,baps,none,0.5,82,0.82,15.5,564.9661234567901,0.07271851851851852,1.1908148148148148,44.679897314375985,120.0,12.724,57.34,0.5997121710526315,0.6198326147603348,0,0.29601105845181674,1.0
17,baps,none,0.5,97,0.97,16.272,565.2060375000001,0.06961997863247864,1.1914166666666668,42.12513493315619,119.0,14.184,68.78,0.5868252840909091,0.6298530379469182,0,0.28522793323922613,1.0
18,baps,none,0.5,100,1.0,16.5,563.2576646464646,0.06695073815073814,1.1655757575757575,43.459798177083336,119.0,15.916,70.404,0.5748210800260247,0.636534055405124,0,0.2890625,1.0
19,baps,none,0.5,100,1.0,15.5,563.2607070707071,0.0705050505050505,1.1625454545454545,44.810771935432314,119.0,14.8,69.196,0.6107226107226107,0.6214728837302381,0,0.3023014224069043,1.0
20,baps,none,0.5,100,1.0,14.028,563.281490909091,0.0778245485154576,1.16210101010101,44.227437113236356,118.0,15.212,68.88,0.600487012987013,0.6233739837398374,0,0.303222695491441,1.0
21,baps,none,0.5,100,1.0,14.036,565.7850787878789,0.08083469033772063,1.1986262626262625,44.29264753305385,118.0,14.42,69.048,0.6192607326371623,0.6235577405437945,0,0.30248306997742663,1.0
22,baps,none,0.5,97,0.97,13.544,561.2092916666668,0.07732103634383046,1.1294583333333332,45.873511904761905,116.0,14.68,65.192,0.5752197981113644,0.6278149726110773,0,0.3220072751322751,1.0
23,baps,none,0.5,97,0.97,15.524,566.0278416666667,0.07314701417004048,1.2032083333333334,45.963265987644014,119.0,13.884,67.196,0.6141399929651776,0.6183804060017652,0,0.2992152279178494,1.0
24,baps,none,0.5,100,1.0,14.0,560.3195515151515,0.072727721661055,1.1155151515151516,49.065659028116364,118.0,14.092,65.264,0.6032737090786365,0.623041570921245,0,0.34340971883633997,1.0
25,baps,none,0.5,99,0.99,14.724,561.5768489795919,0.0719596990311276,1.1358775510204082,44.88242046572647,117.0,14.648,67.232,0.6236775818639798,0.6193976518631955,0,0.3161692358150213,1.0
26,baps,none,0.5,100,1.0,17.0,565.0673212121212,0.06695613275613276,1.19410101010101,42.47391445236552,119.0,16.132,71.924,0.5653972083405135,0.6343372838969229,0,0.27665262475696695,1.0
27,baps,none,0.5,100,1.0,14.5,562.6328000000001,0.07435768208399787,1.1472323232323234,44.220508240643014,119.0,14.184,68.88,0.6003091721058056,0.6218226906385617,0,0.3130632459202728,1.0
28,baps,none,0.5,100,1.0,14.048,561.3658545454547,0.0757857361493725,1.1324848484848484,44.91066655867822,118.0,14.94,68.288,0.5984700520833334,0.6194196428571429,0,0.3144083583056613,1.0
29,baps,none,0.5,100,1.0,15.2,565.7033818181818,0.07570042303375636,1.2055757575757575,40.90437535514246,117.0,16.724,72.288,0.5432716358179089,0.6438992759105155,0,0.2723435343777904,1.0
30,baps,none,0.5,93,0.93,13.884,561.503143478261,0.07456575769132978,1.1327826086956523,50.509815844336345,119.0,12.68,59.948,0.6378936843859356,0.6091906862242281,0,0.3463342599027102,1.0
31,baps,none,0.5,100,1.0,13.5,562.3477333333334,0.07924135472370768,1.1467474747474748,45.34788949201977,117.0,14.484,67.756,0.6047603626943006,0.6232695439739414,0,0.3157255124361987,1.0
32,baps,none,0.5,100,1.0,15.5,561.3317373737374,0.0678020202020202,1.1316767676767676,46.736069429799656,120.0,14.432,67.484,0.6245008784539211,0.6151766943638002,0,0.31648957741909317,1.0
33,baps,none,0.5,100,1.0,15.5,564.3463474747475,0.07111571858940278,1.1772121212121212,46.04653609582389,118.0,14.044,68.544,0.6224331320103538,0.6158646218931783,0,0.30899967627063774,1.0
34,baps,none,0.5,100,1.0,14.648,564.8114707070707,0.07633119069482706,1.1863838383838383,43.96242774566474,118.0,15.088,69.652,0.5822608695652174,0.6363243243243243,0,0.29552023121387283,1.0
35,baps,none,0.5,100,1.0,18.868,559.1497333333334,0.0542981092981093,1.0948686868686868,46.982687484831324,124.0,14.792,69.388,0.6301747930082797,0.6054452637549631,0,0.3009465253620257,1.0
36,baps,none,0.5,97,0.97,16.0,556.4420000000001,0.060069083694083696,1.057625,50.07277268942548,121.0,14.912,63.472,0.6024349917330527,0.6226290459564028,0,0.3374687760199834,1.0
37,baps,none,0.5,96,0.96,16.568,568.6406989473684,0.07183716984769616,1.2424000000000002,42.68669563763998,121.0,14.108,69.068,0.6107510484178421,0.6291157102539982,0,0.26892863112151094,1.0
38,baps,none,0.5,100,1.0,13.292,563.3787434343435,0.08240049694809054,1.1665454545454546,44.09158395868636,117.0,15.624,68.556,0.5712290502793296,0.6340493237867939,0,0.30694747034616315,1.0
39,baps,none,0.5,100,1.0,15.0,564.3514666666666,0.07463264221158956,1.1797979797979796,42.8203281312525,118.0,15.404,70.852,0.5765314926660915,0.6355367530407192,0,0.28667466986794715,1.0
40,baps,none,0.5,100,1.0,14.0,565.7775030303031,0.08087182940516273,1.1992727272727273,44.034097351583384,118.0,14.768,69.248,0.6198641765704584,0.6221153846153846,0,0.29553737750060743,1.0
41,baps,none,0.5,100,1.0,14.672,562.1639474747476,0.07313011776456753,1.147030303030303,47.006668835393626,119.0,15.22,67.888,0.5964656290531777,0.6212367778681855,0,0.31904684450227716,1.0
42,baps,none,0.5,100,1.0,13.5,563.1196727272728,0.08046369578134284,1.1599191919191922,45.46785772556698,117.0,15.156,68.032,0.584140826873385,0.6304037520391517,0,0.31603850546581824,1.0
43,baps,none,0.5,96,0.96,14.604,561.4248294736843,0.07355625730994153,1.1356631578947367,45.037967240655185,120.0,15.008,64.948,0.5458770614692654,0.6493707647628267,0,0.3142377152456951,1.0
44,baps,none,0.5,100,1.0,14.84,561.1648646464648,0.07136061089362523,1.1312323232323234,46.24063388866315,119.0,15.308,67.9,0.5753002771789344,0.6338197081750949,0,0.31409995936611135,1.0
45,baps,none,0.5,100,1.0,13.524,565.6100202020203,0.08360890185275213,1.198020202020202,43.653569987898344,117.0,14.628,69.116,0.6035242290748899,0.6305338871441597,0,0.2990722065348931,1.0
46,baps,none,0.5,99,0.99,15.5,562.620318367347,0.06950179018976012,1.1526530612244896,45.448715851464094,119.0,15.104,68.032,0.5840574866310161,0.6325136612021858,0,0.30312448879437265,1.0
47,baps,none,0.5,100,1.0,14.556,557.7830949494951,0.06793133246338988,1.072161616161616,48.49282605191036,119.0,13.752,65.448,0.6197712910021065,0.6182052699465634,0,0.3395937449621151,1.0
48,baps,none,0.5,99,0.99,14.684,560.6450448979592,0.07083457019171306,1.1178367346938776,45.94792261856175,118.0,14.136,67.184,0.6618239103798355,0.5991621538775928,0,0.3202187576524365,1.0
49,baps,none,0.5,100,1.0,14.0,558.4740000000002,0.07124219977553312,1.0844444444444445,47.34119636100153,117.0,14.312,65.836,0.5921173235563703,0.6255022001147886,0,0.3354802350857419,1.0
0,baps,none,0.6,99,0.99,17.0,577.4789142857144,0.08019305406373076,1.3843265306122448,31.56372648876214,116.0,17.348,80.756,0.31677136874167144,0.7597408783461942,0,0.17552794187546683,1.0
1,baps,none,0.6,100,1.0,16.5,582.1902787878788,0.0874374859708193,1.456161616161616,30.211352411880117,118.0,17.34,84.5,0.2908423414236182,0.7647373488819942,0,0.14877207225492187,1.0
2,baps,none,0.6,100,1.0,18.0,578.0676444444446,0.07621212121212122,1.3904646464646464,32.62630732099759,119.0,16.344,82.0,0.33643564356435646,0.7499019607843137,0,0.1710244033252883,1.0
3,baps,none,0.6,99,0.99,15.5,574.0683224489796,0.08372265829408687,1.3273061224489795,34.16325978069582,117.0,15.424,77.5,0.37409791300955725,0.7280419387473558,0,0.2100988222553134,1.0
4,baps,none,0.6,100,1.0,17.0,581.1102868686869,0.08439354953039163,1.4456969696969695,28.91230903829329,118.0,19.376,85.0,0.24628867823287426,0.8008255933952528,0,0.14287637122282792,1.0
5,baps,none,0.6,97,0.97,16.5,573.4246750000001,0.07812374686716791,1.3163750000000003,34.03081524763495,119.0,15.128,76.0,0.37942601565411854,0.7276736493936052,0,0.20617696160267113,1.0
6,baps,none,0.6,100,1.0,18.0,578.2072606060606,0.07662260702260701,1.3971313131313132,33.61627828436339,121.0,17.184,81.5,0.3219191332946411,0.7496854128351563,0,0.18014184397163122,1.0
7,baps,none,0.6,100,1.0,15.0,575.159688888889,0.0891492704826038,1.349050505050505,32.07457030721343,118.0,17.444,81.0,0.32696546656869946,0.7482879881547289,0,0.18405738259575044,1.0
8,baps,none,0.6,100,1.0,18.5,574.9952080808082,0.07184695439240894,1.3442828282828283,34.611504484456134,121.0,16.416,81.0,0.3408999598232222,0.739291277258567,0,0.18551486951244184,1.0
9,baps,none,0.6,100,1.0,18.532,575.7493454545456,0.07197585094643918,1.356080808080808,35.89779545607767,121.0,16.328,79.54,0.3720974860871234,0.7287978496616925,0,0.19726285983954694,1.0
10,baps,none,0.6,100,1.0,18.0,577.2085373737374,0.07557103502558049,1.3766868686868687,35.88740650899535,122.0,16.232,79.012,0.3609467455621302,0.7315288308940222,0,0.20517485344653325,1.0
11,baps,none,0.6,100,1.0,18.5,574.4625090909091,0.07044089378634832,1.332242424242424,37.888881419736485,120.0,14.608,77.5,0.3995229576624926,0.7143948801222657,0,0.21598547996773326,1.0
12,baps,none,0.6,100,1.0,14.5,573.3505696969698,0.09037448165869219,1.3118787878787879,36.46945316151432,118.0,14.124,76.5,0.4289035257652073,0.7036435786435786,0,0.22487814649128665,1.0
13,baps,none,0.6,100,1.0,15.5,574.6888646464647,0.08477164810498143,1.3383838383838387,33.00485044462409,117.0,16.516,79.508,0.3639947437582129,0.7313924745948915,0,0.19765561843168958,1.0
14,baps,none,0.6,100,1.0,15.0,573.5847030303031,0.08587205387205386,1.3194747474747475,35.49052291974728,117.0,15.372,77.5,0.4109483423284503,0.7068342071958055,0,0.21797284581260923,1.0
15,baps,none,0.6,100,1.0,16.0,576.0298949494951,0.08334551867885201,1.3564848484848484,32.92795778935263,117.0,15.86,80.576,0.3628353240650088,0.7351101703069374,0,0.18622742339173376,1.0
16,baps,none,0.6,82,0.82,17.0,577.2131259259261,0.07991992945326278,1.3815308641975308,34.15619848334982,119.0,13.596,65.5,0.371271772846576,0.7290571328426217,0,0.19114737883283878,1.0
17,baps,none,0.6,97,0.97,17.504,577.7563208333335,0.07777100694444444,1.3815416666666664,32.24584625991037,119.0,14.444,78.536,0.34317420435510887,0.7391217164628033,0,0.1842812823164426,1.0
18,baps,none,0.6,100,1.0,18.0,580.1399474747477,0.07916565656565658,1.4335353535353537,27.3884007029877,117.0,19.58,86.0,0.2343946753013132,0.8089490727112157,0,0.13160740840881438,1.0
19,baps,none,0.6,100,1.0,16.5,576.4255757575759,0.08137009189640769,1.3656565656565658,33.717243675099866,118.0,15.8,80.0,0.3561165048543689,0.7312442396313364,0,0.1941411451398136,1.0
20,baps,none,0.6,100,1.0,16.0,577.8558909090908,0.08567965367965369,1.3906262626262629,31.62998652291105,117.0,17.328,81.5,0.31592544749953866,0.7601360929968812,0,0.1761455525606469,1.0
21,baps,none,0.6,100,1.0,15.5,579.4417131313132,0.09011620478287145,1.4133737373737376,31.798391457150583,118.0,17.076,81.5,0.33214953271028036,0.756056338028169,0,0.17558799675587997,1.0
22,baps,none,0.6,97,0.97,15.5,576.4253875,0.08671971288515405,1.3669583333333333,33.38336658182568,116.0,16.272,77.5,0.3452449567723343,0.7380268642890226,0,0.1945380752562427,1.0
23,baps,none,0.6,97,0.97,17.5,582.3346208333334,0.08278536184210528,1.462375,30.57108183079057,119.0,17.612,82.0,0.2709664923494093,0.7938875560655053,0,0.1420249653259362,1.0
24,baps,none,0.6,100,1.0,15.5,575.7981737373738,0.08539566606233273,1.3544646464646464,35.68452743386781,118.0,15.408,78.0,0.3882142146127812,0.7208170277751265,0,0.21263784588322848,1.0
25,baps,none,0.6,99,0.99,16.0,572.9806571428571,0.07962228701004212,1.3071020408163263,35.98685554723149,117.0,14.404,76.0,0.42977697408077153,0.6996194189176645,0,0.22556698222434107,1.0
26,baps,none,0.6,100,1.0,17.5,577.7543515151516,0.07797845117845117,1.3855757575757575,32.5293130078571,119.0,15.828,81.5,0.3519392571311307,0.7373358348968105,0,0.17863138808676382,1.0
27,baps,none,0.6,100,1.0,15.5,575.8517292929293,0.08648094984937091,1.353050505050505,32.700242391597094,118.0,15.548,80.0,0.3596845936109988,0.7184953572105363,0,0.20004039859951522,1.0
28,baps,none,0.6,100,1.0,15.5,573.7288767676768,0.0838530605197272,1.3238383838383838,32.8661135842439,117.0,16.988,80.024,0.3455951707225052,0.7395083652677821,0,0.19337650074193982,1.0
29,baps,none,0.6,100,1.0,17.0,579.1789212121213,0.08236840628507296,1.413737373737374,30.30269757353938,117.0,17.54,83.0,0.302486986697513,0.7708436847858492,0,0.16110885183679002,1.0
30,baps,none,0.6,93,0.93,15.02,576.6322260869567,0.09028513972678733,1.3708695652173915,36.75747076656561,119.0,14.976,72.048,0.3781152647975078,0.7247974373469003,0,0.2155334199509167,1.0
31,baps,none,0.6,100,1.0,14.5,574.4432121212121,0.08970528817587642,1.3325656565656565,35.630812969606716,117.0,14.728,77.076,0.4189631913663519,0.7056701507723615,0,0.22074054017464292,1.0
32,baps,none,0.6,100,1.0,17.0,574.3789414141415,0.07685454545454545,1.3346666666666664,35.28054237288136,119.0,15.884,78.508,0.391665130001844,0.7230072965733814,0,0.20332203389830508,1.0
33,baps,none,0.6,100,1.0,16.5,577.4675434343435,0.08197402597402598,1.3801616161616161,34.782908525454665,118.0,15.372,79.504,0.39341945902301173,0.7159090909090909,0,0.19775539179230614,1.0
34,baps,none,0.6,100,1.0,16.5,580.3779555555557,0.08570864197530864,1.4306262626262627,31.092725444183706,118.0,17.368,83.0,0.2935541808022351,0.7718490339373311,0,0.16325846463291988,1.0
35,baps,none,0.6,100,1.0,20.476,570.0503555555557,0.05977946127946128,1.2568080808080806,38.817080557238036,124.0,13.624,77.524,0.45861601085481685,0.6854904354904355,0,0.2178477690288714,1.0
36,baps,none,0.6,97,0.97,17.5,569.4591916666668,0.0699126984126984,1.2601666666666664,39.40681959941784,120.0,15.716,73.596,0.4037077033837293,0.7128441936035573,0,0.23272576062097167,1.0
37,baps,none,0.6,96,0.96,18.0,579.2447284210527,0.07660711779448622,1.4032421052631578,35.24473427256242,121.0,13.764,76.536,0.4214008669860826,0.7043877442083911,0,0.19312316920072534,1.0
38,baps,none,0.6,100,1.0,14.588,575.6979515151517,0.0909671222024163,1.3551515151515152,34.88580101180438,115.0,15.928,78.044,0.37493067110371603,0.7217563790460734,0,0.2136256323777403,1.0
39,baps,none,0.6,100,1.0,16.0,574.4114303030304,0.08126561158140104,1.329818181818182,35.49121517803461,117.0,14.348,78.0,0.4322553371380258,0.695313242703679,0,0.21410915892845214,1.0
40,baps,none,0.6,100,1.0,15.5,577.2970747474749,0.08661607528274196,1.3728888888888888,35.79756294600781,118.0,14.584,78.0,0.4207404377173246,0.7038895859473023,0,0.2111215834118756,1.0
41,baps,none,0.6,100,1.0,17.0,578.4002868686869,0.0816534467481836,1.4044848484848484,31.9960027100271,118.0,18.456,82.5,0.30410106188209446,0.7661795407098121,0,0.16693766937669377,1.0
42,baps,none,0.6,100,1.0,15.0,576.4923717171717,0.08921394944924357,1.3646060606060606,34.50308956338698,116.0,15.904,79.0,0.38074356530028597,0.7207810320781032,0,0.20391118354043594,1.0
43,baps,none,0.6,96,0.96,17.0,577.2382231578948,0.08100781954887218,1.388421052631579,30.509554587607138,120.0,18.6,79.0,0.27092247133321923,0.7833647037734158,0,0.1698046929886188,1.0
44,baps,none,0.6,100,1.0,15.5,571.7227515151516,0.08086850965798334,1.2884848484848486,38.20996825825623,119.0,14.44,75.5,0.42356927710843373,0.7095101894887379,0,0.23569933139731208,1.0
45,baps,none,0.6,100,1.0,15.5,581.4850383838385,0.09278855784738137,1.45220202020202,28.869909958338933,117.0,18.732,84.0,0.26857039580697634,0.7956434508455145,0,0.14856874076065046,1.0
46,baps,none,0.6,99,0.99,16.5,576.294012244898,0.08114162958416449,1.3653061224489798,34.63611584327087,119.0,16.256,79.028,0.3584420719652036,0.731373300134074,0,0.1956388415672913,1.0
47,baps,none,0.6,100,1.0,16.0,575.3610828282829,0.08423522676154255,1.352282828282828,30.579324668363927,118.0,18.124,82.5,0.2776751217873341,0.785918420368927,0,0.16561704408414846,1.0
48,baps,none,0.6,99,0.99,16.5,572.9106163265307,0.07748390022675737,1.3041224489795917,35.62482119746611,118.0,14.696,77.5,0.4082336240113567,0.7055539786167092,0,0.21197466112662625,1.0
49,baps,none,0.6,100,1.0,15.5,569.5307676767679,0.07837675904342571,1.253858585858586,37.6245373174507,117.0,14.868,75.0,0.4081890331890332,0.7174406424581006,0,0.23810485227808062,1.0
0,baps,none,0.7,99,0.99,19.0,589.3520081632654,0.08209667024704617,1.5598367346938775,24.152320185614848,115.0,15.636,88.5,0.16306156405990016,0.853677553495625,0,0.09796983758700696,1.0
1,baps,none,0.7,100,1.0,17.5,592.2449252525254,0.09120367069386677,1.5995959595959595,24.319248554913294,118.0,14.64,90.5,0.16407867494824016,0.8564413633737724,0,0.0861849710982659,1.0
2,baps,none,0.7,100,1.0,19.0,589.3348242424244,0.08174545454545454,1.557979797979798,25.627067064768028,117.0,15.26,90.0,0.16128248724799613,0.8575406449294889,0,0.09106568672485071,1.0
3,baps,none,0.7,99,0.99,17.0,587.7521795918369,0.08983361678004537,1.533591836734694,23.888377512379844,116.0,15.208,88.0,0.17658168083097261,0.8510710642638558,0,0.10206816195747159,1.0
4,baps,none,0.7,100,1.0,17.5,593.3094101010103,0.09294005847953217,1.623717171717172,20.9194433215915,112.0,17.252,93.0,0.10138858276394093,0.9112097669256382,0,0.060056591788416006,1.0
5,baps,none,0.7,97,0.97,18.0,587.4476541666668,0.08479385964912282,1.5310833333333336,23.03897264763721,118.0,16.016,87.5,0.14833931777378814,0.87586908597592,0,0.08724152315118289,1.0
6,baps,none,0.7,100,1.0,18.5,589.8977656565658,0.08490608465608465,1.5682424242424244,25.92029657089898,118.0,15.244,89.0,0.18103033220991815,0.8459368940595805,0,0.10125115848007414,1.0
7,baps,none,0.7,100,1.0,17.0,586.6337454545455,0.08909680134680134,1.519959595959596,24.223047895500727,117.0,16.524,89.5,0.15816787003610108,0.8583516669487223,0,0.09718432510885341,1.0
8,baps,none,0.7,100,1.0,20.0,587.4300646464648,0.0764068972553821,1.529212121212121,25.33366056476295,118.0,15.608,90.5,0.14854629855851453,0.86403154969974,0,0.0876017785990645,1.0
9,baps,none,0.7,100,1.0,19.5,587.2190383838384,0.07782106782106782,1.5239595959595957,27.96401295996297,121.0,14.628,87.5,0.21082756975912234,0.8313712204624375,0,0.11519324230502198,1.0
10,baps,none,0.7,100,1.0,20.0,592.5850505050506,0.0806440159167432,1.611070707070707,24.04661628108233,122.0,16.504,91.0,0.13057814904374587,0.8847635439718056,0,0.08111694455662609,1.0
11,baps,none,0.7,100,1.0,20.0,588.3527111111111,0.07690643811855932,1.5431919191919192,27.478168079829267,120.0,14.724,88.5,0.18855054811205846,0.8375603334795964,0,0.10676587644921266,1.0
12,baps,none,0.7,100,1.0,16.5,584.6195676767677,0.08937753474595582,1.4805252525252524,27.955532574974146,118.0,13.928,85.5,0.24143672692673643,0.8144612319442138,0,0.13334482362403768,1.0
13,baps,none,0.7,100,1.0,16.5,584.3110020202021,0.08885252525252525,1.477131313131313,27.3988218988219,117.0,14.264,85.5,0.2398568019093079,0.8034825870646766,0,0.13686763686763687,1.0
14,baps,none,0.7,100,1.0,17.0,589.981684848485,0.09233193041526376,1.573090909090909,22.477681660899655,116.0,16.764,91.0,0.13206292931531133,0.8803782908750106,0,0.0809688581314879,1.0
15,baps,none,0.7,100,1.0,16.5,585.7060282828284,0.09019438832772167,1.4975757575757576,27.23583922159157,117.0,13.74,86.5,0.23013698630136986,0.8083587287766653,0,0.12747596432294683,1.0
16,baps,none,0.7,82,0.82,18.0,591.7766617283952,0.08906296296296295,1.6007407407407408,22.881280158955434,115.0,13.34,74.5,0.144878324844369,0.8792317708333334,0,0.07898098211751348,1.0
17,baps,none,0.7,97,0.97,18.5,586.7124958333334,0.08112365196078432,1.5103333333333335,26.933996329840763,119.0,12.508,84.0,0.2322237017310253,0.8064574806730332,0,0.1259693364115314,1.0
18,baps,none,0.7,100,1.0,19.0,589.9689212121214,0.08257441077441077,1.5717575757575757,22.390780060004616,115.0,16.396,91.5,0.1289437585733882,0.8847573839662447,0,0.07564043387952919,1.0
19,baps,none,0.7,100,1.0,18.0,586.7727838383838,0.08383888419801733,1.5172121212121212,27.225938056656897,116.0,14.296,87.0,0.21825205214872043,0.8232416933715635,0,0.12043900476929265,1.0
20,baps,none,0.7,100,1.0,16.5,588.9517171717172,0.09393490460157126,1.5542222222222222,24.110416666666666,117.0,16.132,89.5,0.1447458399817643,0.860931714457935,0,0.09820601851851851,1.0
21,baps,none,0.7,100,1.0,16.0,589.2820202020202,0.09707776174442842,1.5560808080808082,25.745703079940014,118.0,14.948,87.5,0.20551496582606646,0.8296334098834737,0,0.1155265889952705,1.0
22,baps,none,0.7,97,0.97,16.5,590.706275,0.09585523897058823,1.584875,22.83856022808268,115.0,16.352,88.0,0.13340909090909092,0.8781896551724138,0,0.08392729864575908,1.0
23,baps,none,0.7,97,0.97,18.0,593.7654375,0.09033475232198143,1.629125,23.766345123258308,117.0,15.604,89.0,0.13310745401742496,0.8869843661706536,0,0.07145409074669525,1.0
24,baps,none,0.7,100,1.0,17.0,587.4891393939395,0.08935269360269361,1.528848484848485,27.8039158894746,117.0,14.644,86.5,0.2240736135289729,0.8171443505531841,0,0.12610786074262875,1.0
25,baps,none,0.7,99,0.99,17.5,587.3932938775511,0.08714699213018541,1.5296326530612245,24.37359616284511,114.0,15.596,88.0,0.17732007575757575,0.8480825958702065,0,0.1024216190921853,1.0
26,baps,none,0.7,100,1.0,18.5,588.0008646464647,0.08256292335115864,1.5352727272727273,26.223872832369942,117.0,14.008,88.0,0.21076923076923076,0.8263063063063063,0,0.11144508670520231,1.0
27,baps,none,0.7,100,1.0,17.0,588.4056161616163,0.0906099592415382,1.5408484848484847,23.590867317633545,115.0,14.456,89.0,0.17488789237668162,0.8434616054327007,0,0.10327398047099368,1.0
28,baps,none,0.7,100,1.0,17.5,588.1271676767678,0.08797319601241169,1.5426666666666669,22.711207394569612,116.0,16.776,91.0,0.1346153846153846,0.8786701208981001,0,0.08116695551704217,1.0
29,baps,none,0.7,100,1.0,17.0,591.2368808080807,0.09327216610549943,1.5895757575757574,21.765091711167866,114.0,15.632,91.0,0.14616118264186934,0.8858538350217077,0,0.0783608079869979,1.0
30,baps,none,0.7,93,0.93,17.0,592.4363391304349,0.09493989321128911,1.612913043478261,25.160285448340055,117.0,15.612,83.5,0.14858875670632143,0.8701910494634912,0,0.09233633260937016,1.0
31,baps,none,0.7,100,1.0,16.0,587.5309737373739,0.09538411566646861,1.5334545454545454,25.564725013066962,116.0,15.688,88.0,0.18144424131627057,0.8424810736407433,0,0.11162088390731169,1.0
32,baps,none,0.7,100,1.0,18.5,587.3673252525252,0.08220617944147356,1.5283232323232323,27.04201292705448,119.0,14.696,87.5,0.20523511697938382,0.8333193664627504,0,0.11478531855955679,1.0
33,baps,none,0.7,100,1.0,17.5,590.2427474747476,0.0893886230728336,1.5711111111111113,25.617087873869696,117.0,14.46,88.5,0.19602977667493796,0.8364527629233511,0,0.10636447948063993,1.0
34,baps,none,0.7,100,1.0,17.5,593.0759555555557,0.09219660658876344,1.616282828282828,23.16720386784851,117.0,15.488,91.5,0.1331015644400298,0.8779732069625444,0,0.07706918383791873,1.0
35,baps,none,0.7,100,1.0,22.5,583.8621292929294,0.06496608946608948,1.4682020202020203,28.453962569316083,121.0,13.648,88.5,0.20492901151888562,0.835029000665589,0,0.10530268022181145,1.0
36,baps,none,0.7,97,0.97,19.0,583.7273541666667,0.07734325396825398,1.4767083333333335,28.538343195266272,120.0,15.736,84.5,0.18864996674794945,0.8411178271449878,0,0.11976331360946746,1.0
37,baps,none,0.7,96,0.96,20.0,592.8040631578948,0.080131803192191,1.607705263157895,26.239083622442877,116.0,13.268,86.0,0.18232351306281266,0.8429866036249015,0,0.09534633329345615,1.0
38,baps,none,0.7,100,1.0,16.5,590.0700727272728,0.09503728461081402,1.5725252525252527,24.252321356479612,115.0,15.82,89.0,0.16685533167308128,0.8540925266903915,0,0.10167829747967011,1.0
39,baps,none,0.7,100,1.0,17.5,589.3989212121214,0.08887320574162678,1.559272727272727,24.118475274725274,116.0,14.632,89.5,0.17606880849987352,0.8513764716296361,0,0.09609661172161173,1.0
40,baps,none,0.7,100,1.0,16.5,590.5149050505051,0.09480314253647586,1.5716767676767676,26.437248128957975,116.0,13.904,87.5,0.20536165907941326,0.8284348441926346,0,0.11658031088082901,1.0
41,baps,none,0.7,100,1.0,17.5,591.0897454545454,0.09097315257841573,1.5922020202020204,23.66527560424274,116.0,16.872,91.0,0.13404159132007235,0.8784554250172771,0,0.08155103460267779,1.0
42,baps,none,0.7,100,1.0,16.0,589.1591636363637,0.09682566844919788,1.5556767676767678,24.926871735345326,116.0,15.488,88.5,0.18878851053972667,0.8450740392022597,0,0.10504933255948927,1.0
43,baps,none,0.7,96,0.96,18.5,587.6175073684212,0.08273213622291022,1.5365894736842105,24.799217574480892,112.0,16.024,85.0,0.15846872913420876,0.857040057567762,0,0.10761360216671682,1.0
44,baps,none,0.7,100,1.0,18.0,585.477696969697,0.08271807861900742,1.4974949494949494,28.372464019420843,118.0,14.748,86.5,0.19968087531342604,0.8349706926442665,0,0.1264666782266921,1.0
45,baps,none,0.7,100,1.0,16.5,592.0583757575758,0.09691206179441472,1.6028686868686866,23.578041338016007,115.0,15.816,90.0,0.16026983019306815,0.866592598923169,0,0.08987276181703034,1.0
46,baps,none,0.7,99,0.99,18.0,590.8015224489797,0.08775257471409617,1.584,24.35842356502503,117.0,15.768,89.5,0.1534240038177046,0.8689539304978335,0,0.08627314006287111,1.0
47,baps,none,0.7,100,1.0,17.5,585.3658262626263,0.08537599681020734,1.4974545454545456,24.31643537102879,117.0,16.252,89.5,0.15489652229571155,0.8713025833138219,0,0.09456359674274573,1.0
48,baps,none,0.7,99,0.99,16.0,586.0141020408163,0.09372270813087141,1.5031020408163265,24.92023539008332,116.0,14.196,87.0,0.20494437577255872,0.8323003055434308,0,0.11192681932063159,1.0
49,baps,none,0.7,100,1.0,16.5,584.8854545454546,0.09012884399551066,1.4933737373737377,25.37130972326535,116.0,16.156,87.5,0.16559139784946236,0.8599190283400809,0,0.11468022416084118,1.0
0,baps,none,0.8,99,0.99,20.0,600.9655591836735,0.08653859137640017,1.7231836734693877,19.417617526243724,21.0,11.628,94.5,0.05638082376772451,0.9446355958711292,0,0.035904457629697246,1.0
1,baps,none,0.8,100,1.0,18.0,602.351692929293,0.09668911335578002,1.7404040404040404,19.968814758655547,18.0,10.7,95.5,0.06205871423262728,0.9387490267324163,0,0.0357846853677028,1.0
2,baps,none,0.8,100,1.0,19.0,598.986694949495,0.08901369248035915,1.691030303030303,20.502440251572327,20.0,11.088,94.5,0.08202443280977312,0.9281388776746063,0,0.04477987421383648,1.0
3,baps,none,0.8,99,0.99,18.0,601.2821836734695,0.09610430839002268,1.7298775510204083,16.26631707565421,18.0,12.472,96.5,0.018837284832737902,0.9754662951783918,0,0.016138886060482638,1.0
4,baps,none,0.8,100,1.0,18.0,600.5969616161616,0.09542421115176533,1.7162424242424243,18.744517433046994,19.0,12.092,95.5,0.058349451966473245,0.9472163066626103,0,0.03506821627084386,1.0
5,baps,none,0.8,97,0.97,18.5,598.3313875000001,0.09104653996101365,1.6847916666666665,17.70001564863596,19.0,12.26,93.0,0.04861773117254528,0.954437914981302,0,0.03114078556152522,1.0
6,baps,none,0.8,100,1.0,19.5,598.3419515151517,0.08627384960718296,1.6818989898989898,22.97023538344723,118.0,10.992,92.5,0.11137931034482759,0.8966666666666666,0,0.06590736522399393,1.0
7,baps,none,0.8,100,1.0,17.5,598.2211434343435,0.09615501419422988,1.6829898989898988,18.424268546219764,18.0,12.384,95.5,0.053167780961477236,0.9459913036844916,0,0.03590081638862127,1.0
8,baps,none,0.8,100,1.0,21.0,598.544488888889,0.08034141414141413,1.6855353535353534,19.939052716622903,22.0,11.632,96.5,0.04196766425868593,0.9592481568500365,0,0.025398909311250252,1.0
9,baps,none,0.8,100,1.0,20.5,597.3245939393939,0.08113727753727754,1.6648080808080807,22.618392542202066,103.39999999999782,11.184,93.5,0.09570844686648501,0.9162584200857318,0,0.05512723607961703,1.0
10,baps,none,0.8,100,1.0,21.0,601.6269333333333,0.08263838383838384,1.7347070707070706,20.625126800568065,22.0,12.264,95.0,0.058007566204287514,0.9399027839151569,0,0.041387705416920266,1.0
11,baps,none,0.8,100,1.0,21.0,598.6859111111113,0.08030633608815427,1.6873939393939394,22.76865033452387,114.0,10.948,94.0,0.07581100141043723,0.9182722678458622,0,0.05206499320891393,1.0
12,baps,none,0.8,100,1.0,18.0,597.8570747474748,0.09305275666885574,1.6751111111111112,20.389901329037453,101.0,11.664,94.0,0.07072042300066093,0.9311101028433152,0,0.050694724124043494,1.0
13,baps,none,0.8,100,1.0,17.0,596.2746989898991,0.09698372615039282,1.6495757575757575,19.65649860653661,111.0,11.692,93.5,0.09547083740632127,0.9179121462711478,0,0.05482645046871041,1.0
14,baps,none,0.8,100,1.0,18.0,598.8966545454547,0.09408305274971943,1.6934949494949494,19.276361793767418,18.0,12.344,95.0,0.0642811906269791,0.9391231286281698,0,0.040385102609576895,1.0
15,baps,none,0.8,100,1.0,17.0,597.681474747475,0.09827918069584737,1.6706262626262627,19.75363052168193,105.0,11.108,94.0,0.0826191292423723,0.919812445362791,0,0.05105500177098619,1.0
16,baps,none,0.8,82,0.82,19.5,602.2900839506174,0.08945367121507473,1.7447407407407407,19.401517956312478,20.0,9.676,78.5,0.04744224422442244,0.9506101104009297,0,0.031469825990373936,1.0
17,baps,none,0.8,97,0.97,19.5,599.2443583333334,0.08679320175438596,1.6934166666666666,19.178628969388285,20.0,10.432,92.0,0.08018698309960445,0.9350822959311554,0,0.04038251650122135,1.0
18,baps,none,0.8,100,1.0,19.5,598.6763757575759,0.08657182349813929,1.688848484848485,19.79232482786553,20.0,11.804,95.0,0.06688524590163934,0.9373228346456693,0,0.04029971648440664,1.0
19,baps,none,0.8,100,1.0,18.5,599.8519272727273,0.09226735188138697,1.7075959595959598,19.075625597905443,19.0,11.948,95.5,0.05697250745279894,0.9458439257376166,0,0.03539600221539701,1.0
20,baps,none,0.8,100,1.0,17.0,597.3601252525253,0.09806565656565656,1.6683232323232324,20.878097075548336,115.0,11.836,93.0,0.0826284970722186,0.9132755686213833,0,0.06199228269699431,1.0
21,baps,none,0.8,100,1.0,17.0,600.0625737373738,0.10043658810325476,1.7077575757575758,20.523766364551864,110.0,11.432,93.5,0.09154929577464789,0.9153479797203872,0,0.05548841893252769,1.0
22,baps,none,0.8,97,0.97,17.0,601.2807083333335,0.10185539215686273,1.7315416666666665,17.816181837138984,17.0,12.272,93.0,0.04696043743969122,0.9531456054611744,0,0.0314878531957043,1.0
23,baps,none,0.8,97,0.97,18.5,602.7385375000001,0.09452156432748537,1.7494166666666666,20.60001039609107,19.0,11.056,92.5,0.06487455197132616,0.9419732441471572,0,0.036074436012059466,1.0
24,baps,none,0.8,100,1.0,17.5,598.8383515151515,0.09649224268832113,1.6908282828282828,21.67317543236801,114.0,11.608,93.0,0.09838321293429653,0.9035972365599937,0,0.06157123294618857,1.0
25,baps,none,0.8,99,0.99,18.0,598.2263795918368,0.09343083900226756,1.6817551020408164,19.12552279914312,18.0,11.688,93.5,0.07628247834776815,0.9297144650141199,0,0.04570029582780782,1.0
26,baps,none,0.8,100,1.0,19.5,601.3499393939394,0.08873609782030835,1.7304646464646467,18.307750798398136,20.0,11.684,96.5,0.03528190937391906,0.9568089850524404,0,0.026511887261114208,1.0
27,baps,none,0.8,100,1.0,17.5,598.8296323232324,0.09684383306751729,1.6887676767676767,17.479727685325265,19.0,11.312,95.0,0.06432748538011696,0.935440323989518,0,0.04099848714069591,1.0
28,baps,none,0.8,100,1.0,18.0,596.8378181818182,0.09215937149270483,1.6588686868686868,19.48801941158629,18.0,11.772,94.5,0.07902535396773132,0.9317287664892386,0,0.044737640279041556,1.0
29,baps,none,0.8,100,1.0,17.5,598.8712080808082,0.0964086617812108,1.688929292929293,19.84666497590667,113.29999999999927,10.796,93.5,0.10101718695194668,0.9123316396483587,0,0.05513568348972863,1.0
30,baps,none,0.8,93,0.93,17.5,600.4733086956522,0.09822911899313502,1.7173478260869566,22.853171155516943,116.25,11.004,86.0,0.09721278042148199,0.9052154903185509,0,0.06592093831450913,1.0
31,baps,none,0.8,100,1.0,16.5,598.5897010101012,0.10221137849079025,1.6880404040404042,19.871387356380016,111.0,11.884,94.0,0.07722772277227723,0.9216653816499615,0,0.05142481145922964,1.0
32,baps,none,0.8,100,1.0,19.5,599.3978666666668,0.0872127591706539,1.7014545454545456,20.038043752841915,20.0,12.056,95.0,0.062380649267982174,0.9386634116570034,0,0.040620421361087254,1.0
33,baps,none,0.8,100,1.0,18.0,600.1949414141416,0.09491509522469276,1.7094545454545456,21.055485370660467,112.0,10.764,93.5,0.0971045197740113,0.9114189080367209,0,0.055586436909394105,1.0
34,baps,none,0.8,100,1.0,18.0,605.2381212121213,0.09936700336700337,1.7886060606060608,16.21188955389026,18.0,11.928,98.5,0.010150507525376268,0.9920942106563452,0,0.004828245234622542,1.0
35,baps,none,0.8,100,1.0,24.0,596.5240161616161,0.0689057239057239,1.6537373737373737,21.040833838077933,24.0,11.28,97.0,0.03687477181453085,0.9653375032577535,0,0.020139309509388248,1.0
36,baps,none,0.8,97,0.97,20.0,596.8369416666668,0.08329897660818714,1.6655416666666667,21.17785825142266,21.0,12.608,92.0,0.06162898730257046,0.9428714071749519,0,0.04143817899637869,1.0
37,baps,none,0.8,96,0.96,21.0,602.8442147368422,0.08325012531328321,1.7482526315789473,21.17763746382531,21.0,9.916,91.0,0.08200544111931597,0.9294086069607229,0,0.04151539068666141,1.0
38,baps,none,0.8,100,1.0,16.5,600.4041494949495,0.10393033273915626,1.7161212121212122,18.932776934749622,17.0,12.104,94.5,0.06816720257234726,0.931814787154593,0,0.04618108244815377,1.0
39,baps,none,0.8,100,1.0,19.0,602.2901090909091,0.09188729399255714,1.7458585858585858,16.884795645819686,19.0,12.16,98.0,0.013468013468013467,0.9828990228013029,0,0.010583077155672025,1.0
40,baps,none,0.8,100,1.0,18.0,601.788387878788,0.09627609427609428,1.732969696969697,20.309144274075198,18.0,10.936,94.0,0.09296657381615599,0.9205849087089999,0,0.04974444613126866,1.0
41,baps,none,0.8,100,1.0,19.0,600.7115474747475,0.09061988304093566,1.7217777777777779,19.702695842006396,19.0,12.544,96.0,0.05187778485041375,0.954347487945248,0,0.029801492613088287,1.0
42,baps,none,0.8,100,1.0,16.0,600.5481090909092,0.10741786492374726,1.716969696969697,18.39326185273642,17.0,12.02,95.0,0.06464124111182935,0.938013327134666,0,0.04065247217846435,1.0
43,baps,none,0.8,96,0.96,19.5,599.4451031578949,0.08734980609418283,1.7039157894736843,18.17261340911483,20.0,12.628,91.5,0.05233990147783251,0.9487347294938918,0,0.0371013577518156,1.0
44,baps,none,0.8,100,1.0,18.5,597.2474262626264,0.08995357079567606,1.6657777777777778,21.437033299697276,116.0,11.588,93.5,0.09213917525773196,0.9187070767393252,0,0.05494450050454087,1.0
45,baps,none,0.8,100,1.0,17.0,600.1456242424243,0.10057991681521093,1.709858585858586,21.056768779698714,112.0,11.224,93.0,0.10132607956477388,0.9079561987901065,0,0.06076230916995248,1.0
46,baps,none,0.8,99,0.99,18.0,599.5605142857144,0.09451671194793707,1.7016326530612245,20.81999388254486,112.0,11.24,93.0,0.08327550312283137,0.9199556189570455,0,0.05148858075040783,1.0
47,baps,none,0.8,100,1.0,18.0,594.917486868687,0.09067880038777872,1.6315555555555556,19.624609178013113,19.0,12.476,94.5,0.06820248560169749,0.9366241813956764,0,0.0453857791225416,1.0
48,baps,none,0.8,99,0.99,17.5,596.6095387755103,0.09441096438575432,1.653673469387755,19.720460801304924,18.0,10.94,93.0,0.09394356503785271,0.9224233762108941,0,0.049801202976857986,1.0
49,baps,none,0.8,100,1.0,18.5,595.9311757575759,0.08926410301848899,1.6476363636363636,20.290132176369692,19.0,12.384,94.0,0.0738566131025958,0.9356291775646615,0,0.04964181212793865,1.0
0,baps,none,0.9,99,0.99,20.0,608.1876285714286,0.09097805738836888,1.8132244897959182,18.00812787862368,21.0,5.804,96.0,0.03394433129667346,0.9684807732716957,0,0.02031969655919805,1.0
1,baps,none,0.9,100,1.0,18.0,609.4377939393939,0.10173961840628508,1.8313131313131312,17.940361608347576,18.0,5.7,97.5,0.025819958129797628,0.9736287742841538,0,0.015201942970225781,1.0
2,baps,none,0.9,100,1.0,19.5,607.2786262626264,0.09230239234449761,1.7994747474747474,17.85345832959541,20.0,5.852,97.5,0.026404874746106973,0.9756044434763668,0,0.015071319637570647,1.0
3,baps,none,0.9,99,0.99,18.0,608.6653224489797,0.10123809523809524,1.8222857142857145,14.513636157371693,18.0,6.416,98.0,0.0,1.0,0,0.0,1.0
4,baps,none,0.9,100,1.0,18.5,608.3702585858587,0.09818075491759702,1.8158383838383838,17.163890260877373,19.0,6.232,97.5,0.024746192893401017,0.9771023579119531,0,0.015086884288985676,1.0
5,baps,none,0.9,97,0.97,19.0,604.6398958333335,0.09264035087719298,1.7601666666666667,17.278350515463917,19.0,6.024,93.5,0.0483768300445576,0.9625996321275291,0,0.025380241320327308,1.0
6,baps,none,0.9,100,1.0,20.5,608.3422989898991,0.08862837902837904,1.8167676767676766,19.161078651685393,21.0,6.14,97.0,0.02797657774886142,0.967270643844446,0,0.02053932584269663,1.0
7,baps,none,0.9,100,1.0,17.5,605.6556040404041,0.1015867168416188,1.776969696969697,16.45361057236931,18.0,6.58,97.5,0.021148036253776436,0.9767043508050702,0,0.015335347977087186,1.0
8,baps,none,0.9,100,1.0,22.0,605.2021373737375,0.08038383838383836,1.7684444444444443,19.36946188340807,22.0,5.924,98.0,0.018292682926829267,0.9838100769565848,0,0.01,1.0
9,baps,none,0.9,100,1.0,21.0,606.3205252525254,0.08502356902356903,1.7854949494949495,19.254298926951915,21.0,6.236,97.5,0.02557544757033248,0.9767941257966196,0,0.015040632155524626,1.0
10,baps,none,0.9,100,1.0,21.0,610.1028525252526,0.08795206611570248,1.8436363636363635,17.715986700215673,22.0,6.48,98.0,0.009852216748768473,0.9845299484331614,0,0.010514018691588784,1.0
11,baps,none,0.9,100,1.0,22.0,608.3951313131314,0.08263177226813591,1.81789898989899,19.237990777633524,22.0,6.028,98.0,0.013368983957219251,0.9835761211082548,0,0.010296816940502305,1.0
12,baps,none,0.9,100,1.0,19.0,608.167785858586,0.09549388623072835,1.8143838383838384,16.715687152839994,19.0,6.376,98.5,0.006962025316455696,0.9922290388548057,0,0.005106611718330049,1.0
13,baps,none,0.9,100,1.0,17.5,606.0119191919192,0.1018556809929359,1.781858585858586,15.85371681016995,18.0,6.596,97.5,0.02108433734939759,0.9766963673749143,0,0.015327052247216337,1.0
14,baps,none,0.9,100,1.0,18.0,608.5608969696971,0.10119640852974188,1.8215353535353533,15.781582850208979,18.0,6.668,98.5,0.007285974499089253,0.9922618640005478,0,0.005078423441643072,1.0
15,baps,none,0.9,100,1.0,18.0,608.2534383838384,0.10085746352413019,1.8154343434343434,15.638061879743141,18.0,6.272,99.0,0.0,1.0,0,0.0,1.0
16,baps,none,0.9,82,0.82,20.0,609.8516098765433,0.09198271604938273,1.8396543209876544,17.74291819626322,20.0,4.988,80.0,0.021686746987951807,0.9806171229900044,0,0.012218508574872609,1.0
17,baps,none,0.9,97,0.97,19.5,606.2923000000001,0.0915157894736842,1.7844166666666665,16.94065791305155,20.0,5.696,94.0,0.034764826175869123,0.9661973951667545,0,0.020832366723889946,1.0
18,baps,none,0.9,100,1.0,20.0,607.0515797979799,0.0899131313131313,1.7982626262626262,16.934807077574174,20.0,6.472,98.0,0.011221945137157107,0.9835996041283755,0,0.010445274863806222,1.0
19,baps,none,0.9,100,1.0,19.0,606.3727393939395,0.09404784688995216,1.7869090909090908,18.468531154605852,19.0,6.096,96.5,0.03713355048859935,0.9607328033183546,0,0.025498294128209732,1.0
20,baps,none,0.9,100,1.0,18.0,609.1698222222224,0.10171941638608305,1.8309494949494949,15.899783705839942,18.0,6.736,98.5,0.006622516556291391,0.9920496547876421,0,0.005136986301369863,1.0
21,baps,none,0.9,100,1.0,18.0,611.4143030303031,0.10354208754208755,1.8637575757575757,15.325139914931722,18.0,6.488,99.0,0.0,1.0,0,0.0,1.0
22,baps,none,0.9,97,0.97,17.0,610.1478708333334,0.10861029411764705,1.846375,14.82862313796464,17.0,6.748,96.0,0.0,1.0,0,0.0,1.0
23,baps,none,0.9,97,0.97,18.5,610.777775,0.10023879142300196,1.8536666666666666,18.05293680987288,19.0,6.048,95.0,0.015946843853820596,0.9829369573423934,0,0.010485292753085275,1.0
24,baps,none,0.9,100,1.0,18.0,609.0155191919193,0.1014837261503928,1.8267070707070707,17.814613064421735,18.0,6.156,97.0,0.03477690288713911,0.968016599885518,0,0.020123351190744158,1.0
25,baps,none,0.9,99,0.99,18.0,608.0105265306125,0.10068934240362812,1.8124081632653062,14.834293490587434,18.0,6.384,97.5,0.006373486297004461,0.9918905577885904,0,0.0052166024041732815,1.0
26,baps,none,0.9,100,1.0,20.0,608.4614222222223,0.09093333333333334,1.8186666666666664,16.99909934252004,20.0,5.952,98.0,0.013531799729364006,0.982990681851797,0,0.010357561019544267,1.0
27,baps,none,0.9,100,1.0,18.5,606.6570666666668,0.09684494063441432,1.791030303030303,15.255550561797753,19.0,6.188,97.5,0.022742040285899934,0.9756464436644939,0,0.015280898876404495,1.0
28,baps,none,0.9,100,1.0,18.0,605.2325575757577,0.09823120089786755,1.7681616161616165,17.072247603690766,18.0,5.952,97.0,0.028,0.9684137931034483,0,0.020514198692107858,1.0
29,baps,none,0.9,100,1.0,18.0,610.195575757576,0.1025297418630752,1.8455353535353534,14.908034588362458,18.0,6.292,99.0,0.0,1.0,0,0.0,1.0
30,baps,none,0.9,93,0.93,19.0,612.430791304348,0.09894279176201375,1.8799130434782607,17.960830603199074,19.0,6.048,91.0,0.018300653594771243,0.9843881856540084,0,0.010695702447485064,1.0
31,baps,none,0.9,100,1.0,17.0,609.8174262626263,0.10830421865715982,1.841171717171717,15.193889965304376,17.0,6.724,99.0,0.0,1.0,0,0.0,1.0
32,baps,none,0.9,100,1.0,19.5,608.9967151515153,0.09381212121212121,1.828242424242424,16.65795138577451,20.0,6.504,98.5,0.006165228113440197,0.9921383647798742,0,0.005157413220916674,1.0
33,baps,none,0.9,100,1.0,19.0,608.7461656565657,0.09586602870813397,1.8214545454545454,18.9557010267677,19.0,5.676,96.5,0.04514363885088919,0.9594574992747317,0,0.02506389274985428,1.0
34,baps,none,0.9,100,1.0,18.0,611.4382747474748,0.10343658810325478,1.8618585858585857,15.727345916450487,18.0,5.676,99.0,0.0,1.0,0,0.0,1.0
35,baps,none,0.9,100,1.0,24.0,603.9962707070708,0.07292087542087541,1.7501010101010102,18.925546724145672,24.0,5.74,99.0,0.0,1.0,0,0.0,1.0
36,baps,none,0.9,97,0.97,21.0,606.2768291666667,0.08518650793650794,1.7889166666666665,18.747875484943656,21.0,6.764,95.0,0.01259748050389922,0.9853044984919463,0,0.010576390171808609,1.0
37,baps,none,0.9,96,0.96,21.0,610.3659073684211,0.08786165413533834,1.8450947368421053,18.996868866249184,21.0,5.216,93.5,0.02507598784194529,0.9724947723982629,0,0.015982802131040284,1.0
38,baps,none,0.9,100,1.0,17.0,611.3856282828284,0.1096351752822341,1.8637979797979798,14.737033055630206,17.0,6.484,99.0,0.0,1.0,0,0.0,1.0
39,baps,none,0.9,100,1.0,19.0,608.3540484848487,0.09564699627857524,1.8172929292929294,16.366484157616014,19.0,6.088,98.5,0.004638833664678595,0.9914125609489848,0,0.005295754420608563,1.0
40,baps,none,0.9,100,1.0,18.0,611.2150262626263,0.10327946127946129,1.859030303030303,16.486806677436725,18.0,5.956,98.0,0.014122394082044385,0.9833611857879823,0,0.010276431520373362,1.0
41,baps,none,0.9,100,1.0,19.0,609.9976000000001,0.09698670919723551,1.8427474747474746,16.70219548332061,19.0,6.568,99.0,0.0,1.0,0,0.0,1.0
42,baps,none,0.9,100,1.0,17.0,609.9769010101011,0.10836838978015449,1.842262626262626,15.734533993696534,17.0,6.616,98.5,0.0036900369003690036,0.9917211632113538,0,0.005357946870778929,1.0
43,baps,none,0.9,96,0.96,20.0,608.9803242105264,0.09144210526315788,1.8288421052631578,15.370035593855377,20.0,6.76,94.5,0.005906674542232723,0.9924870974064154,0,0.005385912326714125,1.0
44,baps,none,0.9,100,1.0,19.0,607.6414101010103,0.09505369484316853,1.8060202020202019,17.08538984263233,19.0,6.204,98.0,0.02165605095541401,0.9855324849296718,0,0.009656652360515022,1.0
45,baps,none,0.9,100,1.0,17.0,609.4623070707072,0.10783838383838383,1.8332525252525251,17.53946305109096,17.0,6.008,96.5,0.04655737704918033,0.9617271157167531,0,0.024872048127862083,1.0
46,baps,none,0.9,99,0.99,19.0,610.1265346938777,0.09708270676691728,1.844571428571429,16.988518787438736,19.0,6.232,97.5,0.007792207792207792,0.9919054441260745,0,0.005127972408785623,1.0
47,baps,none,0.9,100,1.0,19.0,603.1395595959598,0.09151727804359383,1.7388282828282828,17.43407580384408,19.0,6.856,97.5,0.025157232704402517,0.9789854612405562,0,0.014864379378480331,1.0
48,baps,none,0.9,99,0.99,17.5,606.2520897959184,0.10203574763238629,1.784734693877551,15.58283876228877,18.0,6.096,97.0,0.02079272254710851,0.9843850727025285,0,0.009876319485344086,1.0
49,baps,none,0.9,100,1.0,18.5,606.3281535353536,0.09674570264043948,1.7882424242424242,16.04866201933888,19.0,6.964,98.5,0.005777007510109763,0.9924684000261969,0,0.005172026085001125,1.0
0,baps,none,1.0,99,0.99,19.0,615.7285714285716,0.10042964554242752,1.9081632653061225,15.081632653061224,19.0,0.0,98.0,nan,1.0,0,0.0,1.0
1,baps,none,1.0,100,1.0,18.0,616.469696969697,0.10662177328843996,1.9191919191919191,16.363636363636363,18.0,0.0,99.0,nan,1.0,0,0.0,1.0
2,baps,none,1.0,100,1.0,20.0,614.4333333333334,0.09444444444444446,1.888888888888889,17.01010101010101,20.0,0.0,99.0,nan,1.0,0,0.0,1.0
3,baps,none,1.0,99,0.99,18.0,614.357142857143,0.10487528344671201,1.8877551020408165,14.510204081632653,18.0,0.0,98.0,nan,1.0,0,0.0,1.0
4,baps,none,1.0,100,1.0,19.0,615.7909090909092,0.10047846889952151,1.9090909090909096,15.8989898989899,19.0,0.0,99.0,nan,1.0,0,0.0,1.0
5,baps,none,1.0,97,0.97,19.0,613.5000000000001,0.09868421052631579,1.875,14.458333333333334,19.0,0.0,96.0,nan,1.0,0,0.0,1.0
6,baps,none,1.0,100,1.0,21.0,616.469696969697,0.09139009139009138,1.9191919191919191,17.272727272727273,21.0,0.0,99.0,nan,1.0,0,0.0,1.0
7,baps,none,1.0,100,1.0,18.0,613.0757575757577,0.10381593714927047,1.8686868686868687,15.393939393939394,18.0,0.0,99.0,nan,1.0,0,0.0,1.0
8,baps,none,1.0,100,1.0,22.0,611.7181818181817,0.0840220385674931,1.848484848484848,18.2020202020202,22.0,0.0,99.0,nan,1.0,0,0.0,1.0
9,baps,none,1.0,100,1.0,21.0,613.7545454545456,0.08946608946608947,1.878787878787879,17.858585858585858,21.0,0.0,99.0,nan,1.0,0,0.0,1.0
10,baps,none,1.0,100,1.0,22.0,617.148484848485,0.08769513314967861,1.9292929292929295,17.22222222222222,22.0,0.0,99.0,nan,1.0,0,0.0,1.0
11,baps,none,1.0,100,1.0,22.0,615.1121212121213,0.08631772268135904,1.8989898989898992,17.88888888888889,22.0,0.0,99.0,nan,1.0,0,0.0,1.0
12,baps,none,1.0,100,1.0,19.0,614.4333333333334,0.09941520467836255,1.888888888888889,16.2020202020202,19.0,0.0,99.0,nan,1.0,0,0.0,1.0
13,baps,none,1.0,100,1.0,18.0,613.7545454545456,0.10437710437710439,1.878787878787879,14.626262626262626,18.0,0.0,99.0,nan,1.0,0,0.0,1.0
14,baps,none,1.0,100,1.0,18.0,615.1121212121213,0.10549943883277214,1.8989898989898992,15.252525252525253,18.0,0.0,99.0,nan,1.0,0,0.0,1.0
15,baps,none,1.0,100,1.0,18.0,613.7545454545456,0.10437710437710439,1.878787878787879,15.636363636363637,18.0,0.0,99.0,nan,1.0,0,0.0,1.0
16,baps,none,1.0,82,0.82,20.0,616.9222222222222,0.09629629629629631,1.925925925925926,16.604938271604937,20.0,0.0,81.0,nan,1.0,0,0.0,1.0
17,baps,none,1.0,97,0.97,20.0,614.2000000000002,0.09427083333333332,1.885416666666667,14.760416666666666,20.0,0.0,96.0,nan,1.0,0,0.0,1.0
18,baps,none,1.0,100,1.0,20.0,613.7545454545456,0.09393939393939393,1.878787878787879,15.909090909090908,20.0,0.0,99.0,nan,1.0,0,0.0,1.0
19,baps,none,1.0,100,1.0,19.0,615.1121212121213,0.09994683678894202,1.8989898989898992,16.0,19.0,0.0,99.0,nan,1.0,0,0.0,1.0
20,baps,none,1.0,100,1.0,18.0,615.7909090909092,0.10606060606060605,1.9090909090909096,15.373737373737374,18.0,0.0,99.0,nan,1.0,0,0.0,1.0
21,baps,none,1.0,100,1.0,18.0,617.148484848485,0.10718294051627385,1.9292929292929295,15.333333333333334,18.0,0.0,99.0,nan,1.0,0,0.0,1.0
22,baps,none,1.0,97,0.97,17.0,616.3,0.1127450980392157,1.916666666666667,14.822916666666666,17.0,0.0,96.0,nan,1.0,0,0.0,1.0
23,baps,none,1.0,97,0.97,19.0,617.7000000000002,0.10197368421052631,1.9375,17.479166666666668,19.0,0.0,96.0,nan,1.0,0,0.0,1.0
24,baps,none,1.0,100,1.0,18.0,617.148484848485,0.10718294051627385,1.9292929292929295,15.97979797979798,18.0,0.0,99.0,nan,1.0,0,0.0,1.0
25,baps,none,1.0,99,0.99,18.0,614.357142857143,0.10487528344671201,1.8877551020408165,14.316326530612244,18.0,0.0,98.0,nan,1.0,0,0.0,1.0
26,baps,none,1.0,100,1.0,20.0,615.1121212121213,0.09494949494949495,1.8989898989898992,15.969696969696969,20.0,0.0,99.0,nan,1.0,0,0.0,1.0
27,baps,none,1.0,100,1.0,19.0,613.7545454545456,0.09888357256778309,1.878787878787879,14.151515151515152,19.0,0.0,99.0,nan,1.0,0,0.0,1.0
28,baps,none,1.0,100,1.0,18.0,613.0757575757577,0.10381593714927047,1.8686868686868687,14.969696969696969,18.0,0.0,99.0,nan,1.0,0,0.0,1.0
29,baps,none,1.0,100,1.0,18.0,615.7909090909092,0.10606060606060605,1.9090909090909096,14.909090909090908,18.0,0.0,99.0,nan,1.0,0,0.0,1.0
30,baps,none,1.0,93,0.93,19.0,619.708695652174,0.10354691075514875,1.9673913043478264,17.358695652173914,19.0,0.0,92.0,nan,1.0,0,0.0,1.0
31,baps,none,1.0,100,1.0,17.0,615.7909090909092,0.11229946524064173,1.9090909090909096,15.202020202020202,17.0,0.0,99.0,nan,1.0,0,0.0,1.0
32,baps,none,1.0,100,1.0,20.0,615.1121212121213,0.09494949494949495,1.8989898989898992,16.626262626262626,20.0,0.0,99.0,nan,1.0,0,0.0,1.0
33,baps,none,1.0,100,1.0,19.0,617.148484848485,0.10154173312068049,1.9292929292929295,16.494949494949495,19.0,0.0,99.0,nan,1.0,0,0.0,1.0
34,baps,none,1.0,100,1.0,18.0,616.469696969697,0.10662177328843996,1.9191919191919191,15.727272727272727,18.0,0.0,99.0,nan,1.0,0,0.0,1.0
35,baps,none,1.0,100,1.0,24.0,609.0030303030305,0.07533670033670034,1.8080808080808084,18.939393939393938,24.0,0.0,99.0,nan,1.0,0,0.0,1.0
36,baps,none,1.0,97,0.97,21.0,613.5000000000001,0.08928571428571427,1.875,17.854166666666668,21.0,0.0,96.0,nan,1.0,0,0.0,1.0
37,baps,none,1.0,96,0.96,21.0,616.9484210526316,0.09172932330827069,1.926315789473684,17.42105263157895,21.0,0.0,95.0,nan,1.0,0,0.0,1.0
38,baps,none,1.0,100,1.0,17.0,617.148484848485,0.1134878193701723,1.9292929292929295,14.727272727272727,17.0,0.0,99.0,nan,1.0,0,0.0,1.0
39,baps,none,1.0,100,1.0,19.0,614.4333333333334,0.09941520467836255,1.888888888888889,15.83838383838384,19.0,0.0,99.0,nan,1.0,0,0.0,1.0
40,baps,none,1.0,100,1.0,18.0,617.8272727272727,0.10774410774410773,1.939393939393939,15.97979797979798,18.0,0.0,99.0,nan,1.0,0,0.0,1.0
41,baps,none,1.0,100,1.0,19.0,615.7909090909092,0.10047846889952151,1.9090909090909096,16.696969696969695,19.0,0.0,99.0,nan,1.0,0,0.0,1.0
42,baps,none,1.0,100,1.0,17.0,616.469696969697,0.11289364230540701,1.9191919191919191,15.191919191919192,17.0,0.0,99.0,nan,1.0,0,0.0,1.0
43,baps,none,1.0,96,0.96,20.0,615.5336842105263,0.09526315789473686,1.9052631578947365,15.063157894736841,20.0,0.0,95.0,nan,1.0,0,0.0,1.0
44,baps,none,1.0,100,1.0,19.0,614.4333333333334,0.09941520467836255,1.888888888888889,16.292929292929294,19.0,0.0,99.0,nan,1.0,0,0.0,1.0
45,baps,none,1.0,100,1.0,17.0,617.8272727272727,0.11408199643493756,1.939393939393939,15.131313131313131,17.0,0.0,99.0,nan,1.0,0,0.0,1.0
46,baps,none,1.0,99,0.99,19.0,616.4142857142859,0.10096670247046188,1.9183673469387759,16.46938775510204,19.0,0.0,98.0,nan,1.0,0,0.0,1.0
47,baps,none,1.0,100,1.0,19.0,611.039393939394,0.09675704412546517,1.8383838383838382,16.02020202020202,19.0,0.0,99.0,nan,1.0,0,0.0,1.0
48,baps,none,1.0,99,0.99,18.0,612.9857142857143,0.10374149659863943,1.8673469387755106,15.0,18.0,0.0,98.0,nan,1.0,0,0.0,1.0
49,baps,none,1.0,100,1.0,18.0,613.0757575757577,0.10381593714927047,1.8686868686868687,15.121212121212121,18.0,0.0,99.0,nan,1.0,0,0.0,1.0
0,ewma,none,0.0,99,0.99,9.5,509.5255102040817,0.023899033297529536,0.4540816326530611,nan,nan,49.0,49.0,0.5,nan,0,nan,nan
1,ewma,none,0.0,100,1.0,9.0,509.7626262626264,0.0255331088664422,0.45959595959595956,nan,nan,49.5,49.5,0.5,nan,0,nan,nan
2,ewma,none,0.0,100,1.0,10.0,509.11111111111114,0.022222222222222223,0.4444444444444446,nan,nan,49.5,49.5,0.5,nan,0,nan,nan
3,ewma,none,0.0,99,0.99,9.0,509.0867346938776,0.02465986394557823,0.4438775510204082,nan,nan,49.0,49.0,0.5,nan,0,nan,nan
4,ewma,none,0.0,100,1.0,9.5,509.54545454545456,0.02392344497607656,0.45454545454545453,nan,nan,49.5,49.5,0.5,nan,0,nan,nan
5,ewma,none,0.0,97,0.97,9.5,508.8125000000001,0.02302631578947368,0.4375,nan,nan,48.0,48.0,0.5,nan,0,nan,nan
6,ewma,none,0.0,100,1.0,10.5,509.7626262626264,0.02188552188552189,0.45959595959595956,nan,nan,49.5,49.5,0.5,nan,0,nan,nan
7,ewma,none,0.0,100,1.0,9.0,508.6767676767678,0.02413019079685746,0.4343434343434343,nan,nan,49.5,49.5,0.5,nan,0,nan,nan
8,ewma,none,0.0,100,1.0,11.0,508.2424242424242,0.019283746556473826,0.4242424242424242,nan,nan,49.5,49.5,0.5,nan,0,nan,nan
9,ewma,none,0.0,100,1.0,10.5,508.89393939393943,0.020923520923520917,0.4393939393939394,nan,nan,49.5,49.5,0.5,nan,0,nan,nan
10,ewma,none,0.0,100,1.0,11.0,509.97979797979815,0.021120293847566578,0.4646464646464646,nan,nan,49.5,49.5,0.5,nan,0,nan,nan
11,ewma,none,0.0,100,1.0,11.0,509.32828282828285,0.020431588613406795,0.44949494949494956,nan,nan,49.5,49.5,0.5,nan,0,nan,nan
12,ewma,none,0.0,100,1.0,9.5,509.11111111111126,0.02339181286549707,0.4444444444444446,nan,nan,49.5,49.5,0.5,nan,0,nan,nan
13,ewma,none,0.0,100,1.0,9.0,508.89393939393943,0.024410774410774414,0.4393939393939394,nan,nan,49.5,49.5,0.5,nan,0,nan,nan
14,ewma,none,0.0,100,1.0,9.0,509.32828282828285,0.024971941638608306,0.44949494949494956,nan,nan,49.5,49.5,0.5,nan,0,nan,nan
15,ewma,none,0.0,100,1.0,9.0,508.89393939393943,0.024410774410774414,0.4393939393939394,nan,nan,49.5,49.5,0.5,nan,0,nan,nan
16,ewma,none,0.0,82,0.82,10.0,509.9074074074074,0.023148148148148147,0.46296296296296285,nan,nan,40.5,40.5,0.5,nan,0,nan,nan
17,ewma,none,0.0,97,0.97,10.0,509.0364583333334,0.022135416666666664,0.44270833333333337,nan,nan,48.0,48.0,0.5,nan,0,nan,nan
18,ewma,none,0.0,100,1.0,10.0,508.89393939393943,0.02196969696969697,0.4393939393939394,nan,nan,49.5,49.5,0.5,nan,0,nan,nan
19,ewma,none,0.0,100,1.0,9.5,509.32828282828285,0.02365762892078682,0.44949494949494956,nan,nan,49.5,49.5,0.5,nan,0,nan,nan
20,ewma,none,0.0,100,1.0,9.0,509.54545454545456,0.025252525252525252,0.45454545454545453,nan,nan,49.5,49.5,0.5,nan,0,nan,nan
21,ewma,none,0.0,100,1.0,9.0,509.97979797979804,0.025813692480359144,0.4646464646464646,nan,nan,49.5,49.5,0.5,nan,0,nan,nan
22,ewma,none,0.0,97,0.97,8.5,509.7083333333334,0.0269607843137255,0.4583333333333333,nan,nan,48.0,48.0,0.5,nan,0,nan,nan
23,ewma,none,0.0,97,0.97,9.5,510.15625,0.024671052631578948,0.46875,nan,nan,48.0,48.0,0.5,nan,0,nan,nan
24,ewma,none,0.0,100,1.0,9.0,509.97979797979804,0.025813692480359144,0.4646464646464646,nan,nan,49.5,49.5,0.5,nan,0,nan,nan
25,ewma,none,0.0,99,0.99,9.0,509.0867346938776,0.02465986394557823,0.4438775510204082,nan,nan,49.0,49.0,0.5,nan,0,nan,nan
26,ewma,none,0.0,100,1.0,10.0,509.32828282828285,0.022474747474747477,0.44949494949494956,nan,nan,49.5,49.5,0.5,nan,0,nan,nan
27,ewma,none,0.0,100,1.0,9.5,508.89393939393943,0.023125996810207335,0.4393939393939394,nan,nan,49.5,49.5,0.5,nan,0,nan,nan
28,ewma,none,0.0,100,1.0,9.0,508.67676767676767,0.02413019079685746,0.4343434343434343,nan,nan,49.5,49.5,0.5,nan,0,nan,nan
29,ewma,none,0.0,100,1.0,9.0,509.54545454545456,0.025252525252525252,0.45454545454545453,nan,nan,49.5,49.5,0.5,nan,0,nan,nan
30,ewma,none,0.0,93,0.93,9.5,510.7989130434782,0.02545766590389015,0.483695652173913,nan,nan,46.0,46.0,0.5,nan,0,nan,nan
31,ewma,none,0.0,100,1.0,8.5,509.54545454545456,0.0267379679144385,0.45454545454545453,nan,nan,49.5,49.5,0.5,nan,0,nan,nan
32,ewma,none,0.0,100,1.0,10.0,509.32828282828285,0.022474747474747477,0.44949494949494956,nan,nan,49.5,49.5,0.5,nan,0,nan,nan
33,ewma,none,0.0,100,1.0,9.5,509.97979797979804,0.02445507708665604,0.4646464646464646,nan,nan,49.5,49.5,0.5,nan,0,nan,nan
34,ewma,none,0.0,100,1.0,9.0,509.7626262626264,0.0255331088664422,0.45959595959595956,nan,nan,49.5,49.5,0.5,nan,0,nan,nan
35,ewma,none,0.0,100,1.0,12.0,507.3737373737374,0.016835016835016838,0.40404040404040403,nan,nan,49.5,49.5,0.5,nan,0,nan,nan
36,ewma,none,0.0,97,0.97,10.5,508.8125000000001,0.02083333333333333,0.4375,nan,nan,48.0,48.0,0.5,nan,0,nan,nan
37,ewma,none,0.0,96,0.96,10.5,509.91578947368413,0.02205513784461153,0.4631578947368421,nan,nan,47.5,47.5,0.5,nan,0,nan,nan
38,ewma,none,0.0,100,1.0,8.5,509.97979797979815,0.0273321449792038,0.4646464646464646,nan,nan,49.5,49.5,0.5,nan,0,nan,nan
39,ewma,none,0.0,100,1.0,9.5,509.11111111111114,0.02339181286549707,0.4444444444444446,nan,nan,49.5,49.5,0.5,nan,0,nan,nan
40,ewma,none,0.0,100,1.0,9.0,510.1969696969697,0.026094276094276097,0.4696969696969697,nan,nan,49.5,49.5,0.5,nan,0,nan,nan
41,ewma,none,0.0,100,1.0,9.5,509.54545454545456,0.02392344497607656,0.45454545454545453,nan,nan,49.5,49.5,0.5,nan,0,nan,nan
42,ewma,none,0.0,100,1.0,8.5,509.7626262626264,0.027035056446821144,0.45959595959595956,nan,nan,49.5,49.5,0.5,nan,0,nan,nan
43,ewma,none,0.0,96,0.96,10.0,509.4631578947369,0.022631578947368426,0.45263157894736844,nan,nan,47.5,47.5,0.5,nan,0,nan,nan
44,ewma,none,0.0,100,1.0,9.5,509.11111111111126,0.02339181286549707,0.4444444444444446,nan,nan,49.5,49.5,0.5,nan,0,nan,nan
45,ewma,none,0.0,100,1.0,8.5,510.1969696969697,0.027629233511586453,0.4696969696969697,nan,nan,49.5,49.5,0.5,nan,0,nan,nan
46,ewma,none,0.0,99,0.99,9.5,509.7448979591837,0.024167561761546722,0.4591836734693878,nan,nan,49.0,49.0,0.5,nan,0,nan,nan
47,ewma,none,0.0,100,1.0,9.5,508.02525252525265,0.022062732589048374,0.4191919191919193,nan,nan,49.5,49.5,0.5,nan,0,nan,nan
48,ewma,none,0.0,99,0.99,9.0,508.64795918367344,0.02409297052154195,0.4336734693877551,nan,nan,49.0,49.0,0.5,nan,0,nan,nan
49,ewma,none,0.0,100,1.0,9.0,508.6767676767678,0.02413019079685746,0.4343434343434343,nan,nan,49.5,49.5,0.5,nan,0,nan,nan
0,ewma,none,0.02,99,0.99,13.372,516.5001224489796,0.03946429387886391,0.5664081632653062,57.198782961460445,117.0,50.988,56.364,0.503633387888707,0.6505263157894737,0,0.44421906693711966,1.0
1,ewma,none,0.02,100,1.0,13.644,517.8952808080809,0.0408026508053246,0.5883636363636364,58.828220858895705,118.0,50.776,57.024,0.5044196493261847,0.65625,0,0.45194274028629855,1.0
2,ewma,none,0.02,100,1.0,13.672,516.5314828282828,0.035773067348505945,0.5607272727272727,54.898340248962654,119.0,51.044,57.076,0.5051072177501184,0.6788008565310493,0,0.4066390041493776,1.0
3,ewma,none,0.02,99,0.99,12.788,515.6408775510205,0.03978197278911564,0.5482857142857143,53.0552016985138,115.0,51.544,56.764,0.5042179148689548,0.6751592356687898,0,0.4182590233545648,1.0
4,ewma,none,0.02,100,1.0,12.26,515.9335636363637,0.03797717133991644,0.5481616161616162,56.96586345381526,118.0,48.676,54.472,0.5050748540979447,0.676954732510288,0,0.43172690763052207,1.0
5,ewma,none,0.02,97,0.97,14.028,516.8427583333333,0.03999777158095173,0.5724583333333333,48.98343685300207,115.0,52.72,58.232,0.5046005457199061,0.6782077393075356,0,0.37681159420289856,1.0
6,ewma,none,0.02,100,1.0,13.656,516.7464161616163,0.03567867564534231,0.5652121212121213,58.23668639053255,120.0,49.64,55.688,0.5049557639858977,0.6723768736616702,0,0.4418145956607495,1.0
7,ewma,none,0.02,100,1.0,12.872,515.7553777777779,0.04061385187071462,0.5488888888888889,54.86878727634195,116.0,51.864,57.32,0.5040340512038626,0.656188605108055,0,0.43141153081510936,1.0
8,ewma,none,0.02,100,1.0,15.376,514.9202666666667,0.03286792287884323,0.5354343434343434,52.160965794768615,119.0,53.452,58.42,0.504565437943862,0.6666666666666666,0,0.3843058350100604,1.0
9,ewma,none,0.02,100,1.0,12.536,514.1502545454546,0.034804258120047595,0.5153535353535353,63.54655870445344,118.0,48.656,53.64,0.5041210560206053,0.6510638297872341,0,0.49190283400809715,1.0
10,ewma,none,0.02,100,1.0,14.804,517.133903030303,0.03486854724813257,0.5746666666666667,56.024948024948024,119.0,49.72,55.516,0.504395401733571,0.6645962732919255,0,0.4178794178794179,1.0
11,ewma,none,0.02,100,1.0,13.888,514.7095313131314,0.03178466789870298,0.5287676767676768,60.72608695652174,120.0,49.08,54.1,0.5037164852667906,0.6458333333333334,0,0.45652173913043476,1.0
12,ewma,none,0.02,100,1.0,11.68,514.7826262626263,0.039552253628724214,0.5316767676767676,58.7017937219731,116.0,50.288,55.16,0.5036390101892285,0.6525612472160356,0,0.45964125560538116,1.0
13,ewma,none,0.02,100,1.0,13.344,516.5987272727274,0.03835196063088454,0.5618989898989898,53.67716535433071,117.0,51.588,57.688,0.504213928141436,0.673773987206823,0,0.4094488188976378,1.0
14,ewma,none,0.02,100,1.0,12.556,516.3680161616162,0.04240873015873016,0.5631919191919191,53.277992277992276,116.0,52.736,58.248,0.5047091765304824,0.664179104477612,0,0.42084942084942084,1.0
15,ewma,none,0.02,100,1.0,11.92,515.1293090909091,0.03868759018759019,0.533939393939394,56.107421875,117.0,49.792,55.32,0.5048911958474745,0.6723044397463002,0,0.427734375,1.0
16,ewma,none,0.02,82,0.82,12.804,515.8175061728396,0.03577365945728519,0.5510123456790124,62.98416886543536,120.0,40.588,44.952,0.5042389987888575,0.6547945205479452,0,0.47493403693931396,1.0
17,ewma,none,0.02,97,0.97,13.456,515.5887958333334,0.03589679145781119,0.5473333333333333,53.4465811965812,118.0,50.344,55.436,0.5043926927904058,0.6715686274509803,0,0.405982905982906,1.0
18,ewma,none,0.02,100,1.0,13.992,515.4382909090909,0.03548708670973424,0.5427474747474749,54.765306122448976,118.0,51.476,56.824,0.5042818853369941,0.6622516556291391,0,0.42448979591836733,1.0
19,ewma,none,0.02,100,1.0,14.092,516.396286868687,0.03584771049141065,0.5655353535353536,54.704081632653065,119.0,53.416,58.74,0.504730034107729,0.6681127982646421,0,0.4020408163265306,1.0
20,ewma,none,0.02,100,1.0,12.568,518.0335353535354,0.04381643559780815,0.5907474747474746,52.74418604651163,116.0,51.772,58.308,0.5049735176333807,0.6698841698841699,0,0.40608228980322003,1.0
21,ewma,none,0.02,100,1.0,12.992,518.8875797979798,0.04309732620320855,0.606020202020202,54.50396825396825,117.0,51.344,58.12,0.5046427650245034,0.6707317073170732,0,0.4166666666666667,1.0
22,ewma,none,0.02,97,0.97,12.672,516.5860833333334,0.042246648779461285,0.571,51.80898876404494,116.0,50.452,55.436,0.5042016806722689,0.6739659367396593,0,0.3955056179775281,1.0
23,ewma,none,0.02,97,0.97,13.856,518.4905000000001,0.040542764656367594,0.6042916666666667,49.686440677966104,117.0,50.68,56.672,0.5046676884492127,0.6919191919191919,0,0.3601694915254237,1.0
24,ewma,none,0.02,100,1.0,12.08,515.8536808080809,0.039894213204106264,0.5511515151515153,58.56352459016394,117.0,49.48,54.896,0.5041580733151487,0.6588486140724946,0,0.45491803278688525,1.0
25,ewma,none,0.02,99,0.99,12.872,515.4564367346939,0.038477227557689744,0.5480816326530612,53.78279569892473,117.0,52.052,56.84,0.504044885177453,0.6753554502369669,0,0.4129032258064516,1.0
26,ewma,none,0.02,100,1.0,15.004,514.758876767677,0.03255385292833459,0.5317979797979798,59.063876651982376,119.0,50.428,55.324,0.5033681605718999,0.6349557522123894,0,0.4581497797356828,1.0
27,ewma,none,0.02,100,1.0,12.532,516.5878101010102,0.04156855152835545,0.5622222222222222,51.148809523809526,115.0,51.968,58.044,0.504719489497474,0.6732456140350878,0,0.39880952380952384,1.0
28,ewma,none,0.02,100,1.0,12.52,515.0073777777778,0.03793390015939036,0.5370909090909091,54.70474137931034,117.0,51.72,56.64,0.5038226790876967,0.6551724137931034,0,0.41810344827586204,1.0
29,ewma,none,0.02,100,1.0,13.1,515.4315717171718,0.0370040223986748,0.5455757575757575,59.490238611713664,117.0,50.788,55.836,0.5041171706263499,0.6589861751152074,0,0.45770065075921906,1.0
30,ewma,none,0.02,93,0.93,12.588,517.7412739130435,0.041664411454894704,0.5907826086956522,60.331932773109244,118.0,46.672,51.988,0.5041967213114754,0.658,0,0.45588235294117646,1.0
31,ewma,none,0.02,100,1.0,11.728,516.1568606060606,0.044168253968253975,0.55979797979798,53.083333333333336,116.0,50.992,56.26,0.504305912596401,0.6704545454545454,0,0.4125,1.0
32,ewma,none,0.02,100,1.0,14.084,515.4807272727274,0.03441700286835853,0.5427878787878787,57.368869936034116,118.0,49.892,55.332,0.5045598480050665,0.6826086956521739,0,0.43710021321961623,1.0
33,ewma,none,0.02,100,1.0,13.364,517.5054464646465,0.03850696867666565,0.5827878787878787,56.03913894324853,118.0,51.332,57.444,0.5047651233524839,0.676923076923077,0,0.4207436399217221,1.0
34,ewma,none,0.02,100,1.0,12.756,516.7801656565657,0.03872785841609371,0.5657373737373736,57.35009310986965,117.0,49.52,55.668,0.5053140096618357,0.6705882352941176,0,0.4338919925512104,1.0
35,ewma,none,0.02,100,1.0,15.736,512.9811474747474,0.028213727335466465,0.4915555555555555,59.820408163265306,123.0,50.912,55.784,0.5044484629294755,0.668235294117647,0,0.43673469387755104,1.0
36,ewma,none,0.02,97,0.97,13.996,515.1643958333334,0.035694775606946665,0.54075,58.45106382978724,119.0,50.304,55.092,0.5045378552663005,0.6673306772908366,0,0.451063829787234,1.0
37,ewma,none,0.02,96,0.96,13.94,517.72576,0.03881649178768292,0.5886736842105262,55.70065075921909,118.0,49.572,55.228,0.5044997750112494,0.6634615384615384,0,0.4164859002169197,1.0
38,ewma,none,0.02,100,1.0,12.052,516.4606545454546,0.03966678644521782,0.5606868686868686,58.84141791044776,117.0,49.048,54.912,0.5044824775876121,0.6520947176684881,0,0.4608208955223881,1.0
39,ewma,none,0.02,100,1.0,12.268,514.9071515151516,0.03883006724575352,0.5315151515151515,54.29681274900398,116.0,50.156,55.436,0.5047335677576413,0.6688311688311688,0,0.4243027888446215,1.0
40,ewma,none,0.02,100,1.0,12.208,517.5010141414142,0.041093052372464134,0.5856161616161616,57.708595387840674,118.0,51.004,56.648,0.5039178600378276,0.6591928251121076,0,0.4360587002096436,1.0
41,ewma,none,0.02,100,1.0,12.984,516.1950383838383,0.03890663793524756,0.555959595959596,54.74095238095238,117.0,50.352,56.168,0.5043214654282766,0.6612903225806451,0,0.41714285714285715,1.0
42,ewma,none,0.02,100,1.0,13.236,517.7645535353536,0.04274919395980002,0.5955959595959596,52.78409090909091,116.0,53.772,59.12,0.5040801901946925,0.6681922196796338,0,0.4,1.0
43,ewma,none,0.02,96,0.96,12.944,517.730745263158,0.043143274853801164,0.588336842105263,56.02947368421053,117.29999999999995,50.856,56.624,0.5041914712671607,0.6505576208178439,0,0.4421052631578947,1.0
44,ewma,none,0.02,100,1.0,12.896,515.5515070707071,0.039004386535759085,0.5477979797979797,56.154639175257735,117.0,51.66,56.788,0.5044375,0.662,0,0.4350515463917526,1.0
45,ewma,none,0.02,100,1.0,11.884,517.2239191919193,0.043748332531665865,0.5793939393939395,55.76923076923077,116.0,50.552,56.264,0.5041524496233825,0.6659528907922913,0,0.4282744282744283,1.0
46,ewma,none,0.02,99,0.99,13.292,516.8662122448981,0.04055208568275795,0.5777142857142856,52.65350877192982,116.0,53.456,58.544,0.5045092838196287,0.6738095238095239,0,0.3991228070175439,1.0
47,ewma,none,0.02,100,1.0,13.272,515.4389010101011,0.03752035386545191,0.5404444444444445,56.39791666666667,117.0,52.424,58.008,0.5039119948232249,0.6487025948103793,0,0.44166666666666665,1.0
48,ewma,none,0.02,99,0.99,12.604,514.7747551020408,0.03704523425911718,0.529469387755102,56.25844930417495,118.0,50.148,55.28,0.5044230129697372,0.6645161290322581,0,0.43141153081510936,1.0
49,ewma,none,0.02,100,1.0,12.0,514.1622101010101,0.03466725707117864,0.5160808080808079,58.6239837398374,117.0,49.016,54.068,0.5046983934525614,0.6653465346534654,0,0.45121951219512196,1.0
0,ewma,none,0.05,99,0.99,14.272,523.4169265306123,0.046308070466036286,0.6599183673469388,51.39260424862313,115.0,46.588,58.904,0.5094404394095434,0.6616033755274262,0,0.3973249409913454,1.0
1,ewma,none,0.05,100,1.0,13.972,526.173983838384,0.05049232511728055,0.7057777777777778,50.46561723280862,116.0,47.664,61.412,0.5095840593984393,0.6622264509990485,0,0.37862468931234466,1.0
2,ewma,none,0.05,100,1.0,14.428,524.2857656565657,0.04656331234290236,0.6716767676767676,51.82314588427058,116.0,48.092,61.432,0.5089266661924746,0.6557514693534845,0,0.3952730236348818,1.0
3,ewma,none,0.05,99,0.99,13.272,522.6478489795919,0.04840821185617104,0.6455918367346939,48.54857142857143,113.0,47.296,59.532,0.5096069574597182,0.6735218508997429,0,0.3820408163265306,1.0
4,ewma,none,0.05,100,1.0,12.888,524.594004040404,0.05263313039373645,0.6768080808080807,49.55880031570639,114.0,46.54,59.78,0.5109722037504988,0.6757425742574258,0,0.3835832675611681,1.0
5,ewma,none,0.05,97,0.97,14.6,523.8245458333334,0.04547432844932845,0.6655,48.655817737998376,115.0,47.476,60.176,0.5095358762336623,0.6634768740031898,0,0.3726606997558991,1.0
6,ewma,none,0.05,100,1.0,14.016,523.8962181818181,0.04745886067784463,0.6674747474747474,50.926727726894256,115.0,47.144,59.888,0.5101374809054298,0.6721311475409836,0,0.39217318900915904,1.0
7,ewma,none,0.05,100,1.0,12.948,522.1860202020202,0.04941187162675576,0.6356767676767676,52.618049959709914,115.0,47.312,59.424,0.5093296014927362,0.6559485530546624,0,0.41821112006446415,1.0
8,ewma,none,0.05,100,1.0,15.416,520.8779797979798,0.03929543443460321,0.6153939393939394,52.21947194719472,117.0,49.08,60.448,0.5094392985929435,0.6594399277326106,0,0.39686468646864687,1.0
9,ewma,none,0.05,100,1.0,14.376,521.6064484848486,0.04370157037456503,0.6284444444444444,53.11267605633803,116.0,47.46,58.708,0.5088038858530661,0.6559048428207307,0,0.4076222038111019,1.0
10,ewma,none,0.05,100,1.0,14.952,525.4502060606061,0.0471296345629679,0.6964040404040405,49.84339314845025,116.0,47.672,60.568,0.5095689155229074,0.6718115353371243,0,0.37601957585644374,1.0
11,ewma,none,0.05,100,1.0,14.784,522.3004808080808,0.04241904071161037,0.6404848484848485,52.8582151793161,117.0,47.64,59.612,0.5091679399916655,0.6588021778584392,0,0.4011676396997498,1.0
12,ewma,none,0.05,100,1.0,13.812,522.4907151515152,0.04687713948756729,0.645939393939394,52.12798634812287,117.0,48.472,60.224,0.5084105960264901,0.6530434782608696,0,0.40955631399317405,1.0
13,ewma,none,0.05,100,1.0,13.716,523.9514828282829,0.04784377193414627,0.6655353535353535,50.26714513556619,115.0,47.984,61.2,0.5093175940049075,0.659265584970111,0,0.3875598086124402,1.0
14,ewma,none,0.05,100,1.0,13.004,522.257987878788,0.04856220995614934,0.6417777777777778,52.3140562248996,114.0,47.908,59.66,0.5084610259826782,0.6483870967741936,0,0.41365461847389556,1.0
15,ewma,none,0.05,100,1.0,13.192,523.0453777777778,0.04908746136018863,0.652888888888889,46.43522110162917,114.0,48.428,60.968,0.5106694560669456,0.6793103448275862,0,0.3537626066718386,1.0
16,ewma,none,0.05,82,0.82,13.152,523.2668888888888,0.0490604297688577,0.658172839506173,51.74616171954964,115.0,38.524,48.592,0.5089784855158394,0.6557203389830508,0,0.40122824974411464,1.0
17,ewma,none,0.05,97,0.97,14.568,522.8594208333334,0.04437308302400214,0.6536666666666667,47.81763698630137,115.0,48.268,59.904,0.5100700525394045,0.6720841300191205,0,0.363013698630137,1.0
18,ewma,none,0.05,100,1.0,14.216,522.0447191919193,0.04352074413010242,0.6313939393939394,52.04754098360656,116.0,46.596,58.908,0.5091953237164148,0.6634016028495102,0,0.4024590163934426,1.0
19,ewma,none,0.05,100,1.0,14.844,523.3827070707072,0.04449814814814815,0.661050505050505,47.28399034593725,115.0,48.744,61.32,0.5110271801443312,0.6811594202898551,0,0.35478680611423974,1.0
20,ewma,none,0.05,100,1.0,12.912,524.6316282828283,0.051953119439483074,0.6770101010101011,50.858454475899,114.0,46.6,60.088,0.5091820830792166,0.6540627514078842,0,0.4001530221882173,1.0
21,ewma,none,0.05,100,1.0,13.44,526.1769050505052,0.051985733963006694,0.6985858585858585,52.5872641509434,115.0,45.148,59.66,0.5096577431379193,0.661847389558233,0,0.40723270440251574,1.0
22,ewma,none,0.05,97,0.97,13.064,523.3944916666668,0.049877169358419356,0.6592916666666667,50.70178282009724,114.0,45.248,57.28,0.5093423271500843,0.6629787234042553,0,0.39303079416531606,1.0
23,ewma,none,0.05,97,0.97,14.628,525.5881,0.046807316621287204,0.6962916666666668,50.84403669724771,116.0,45.42,58.628,0.509523462015617,0.670487106017192,0,0.37531276063386154,1.0
24,ewma,none,0.05,100,1.0,13.6,523.4521898989899,0.048264655421161665,0.6617373737373737,52.2624,115.0,46.744,59.132,0.5097151612229264,0.6687116564417178,0,0.4008,1.0
25,ewma,none,0.05,99,0.99,14.312,521.993648979592,0.04440032331613965,0.6366938775510205,49.186610878661085,114.0,47.76,59.336,0.5096042108141363,0.6654772524531668,0,0.3790794979079498,1.0
26,ewma,none,0.05,100,1.0,15.396,521.9962303030303,0.04097619850379959,0.6368484848484848,53.08655462184874,116.0,48.084,59.872,0.5082888856854548,0.6492007104795737,0,0.4117647058823529,1.0
27,ewma,none,0.05,100,1.0,13.42,523.9461131313132,0.048895864767700775,0.6642828282828283,50.029388403494835,115.0,47.752,61.1,0.5096012848264786,0.6581849024597116,0,0.39158061953931694,1.0
28,ewma,none,0.05,100,1.0,13.284,521.515098989899,0.046390499399590314,0.6251717171717172,52.08417508417509,114.0,47.948,59.68,0.5083903879715398,0.6551724137931034,0,0.4116161616161616,1.0
29,ewma,none,0.05,100,1.0,13.948,522.6767151515152,0.04619042479603976,0.6524040404040405,48.03607382550336,114.0,49.16,60.876,0.509766589098089,0.6707202993451824,0,0.3674496644295302,1.0
30,ewma,none,0.05,93,0.93,12.468,525.3611826086957,0.05595904922372314,0.7026086956521739,51.01570680628272,114.0,44.616,56.128,0.5093730687358374,0.6621735467565291,0,0.39267015706806285,1.0
31,ewma,none,0.05,100,1.0,13.028,523.6358626262627,0.05117958876140695,0.6660606060606061,47.93061224489796,113.0,48.592,60.952,0.5093121764270826,0.6654835847382431,0,0.3673469387755102,1.0
32,ewma,none,0.05,100,1.0,14.176,523.291995959596,0.04641330151330151,0.6601212121212121,46.39817880794702,114.0,49.18,61.52,0.510275788915407,0.6758147512864494,0,0.3518211920529801,1.0
33,ewma,none,0.05,100,1.0,15.104,526.0553494949496,0.04736846193022664,0.7107878787878789,47.98612244897959,115.0,49.708,63.288,0.5097928303754508,0.6639566395663956,0,0.3575510204081633,1.0
34,ewma,none,0.05,100,1.0,13.8,524.639090909091,0.04886085047849754,0.6773333333333332,51.657596371882086,115.0,46.388,59.976,0.510411376333164,0.6631059983566147,0,0.3945578231292517,1.0
35,ewma,none,0.05,100,1.0,17.076,519.5549171717173,0.034388631188785976,0.5870707070707072,50.29170090386196,118.0,49.156,60.468,0.5093083093688512,0.666988416988417,0,0.3730484798685292,1.0
36,ewma,none,0.05,97,0.97,14.508,521.3589041666668,0.042755522442562886,0.622625,53.23096026490066,117.0,45.36,56.7,0.5097512189023627,0.65814696485623,0,0.41142384105960267,1.0
37,ewma,none,0.05,96,0.96,14.404,525.2770989473685,0.04732458196086679,0.6902736842105262,52.54170176916597,116.0,44.936,57.78,0.5095541401273885,0.6621490803484995,0,0.3984835720303286,1.0
38,ewma,none,0.05,100,1.0,13.028,524.0464444444445,0.05164453862635681,0.6727272727272727,51.062250598563445,113.0,47.0,59.564,0.5089455403368504,0.660757453666398,0,0.40063846767757383,1.0
39,ewma,none,0.05,100,1.0,13.768,522.691911111111,0.047214062823688493,0.6518383838383838,48.43600330305533,114.0,49.456,61.272,0.509641873278237,0.6715462031107045,0,0.37324525185796864,1.0
40,ewma,none,0.05,100,1.0,13.412,525.0621333333335,0.05133035508757434,0.688,51.38206785137318,116.0,46.576,59.6,0.5085969008703035,0.6642793196060878,0,0.39418416801292405,1.0
41,ewma,none,0.05,100,1.0,13.684,522.8023959595961,0.04664301187687997,0.6465858585858587,51.7294952681388,115.0,46.156,58.592,0.5096173314436121,0.6677937447168216,0,0.40141955835962145,1.0
42,ewma,none,0.05,100,1.0,13.072,524.0248040404041,0.050959184922821296,0.6758383838383838,50.55632582322357,115.0,48.4,60.42,0.5089039715072912,0.6604110813226095,0,0.39081455805892545,1.0
43,ewma,none,0.05,96,0.96,13.464,524.5750273684209,0.0507778491408832,0.6764631578947368,49.574816026165166,116.0,45.068,57.92,0.5098887122416534,0.6603921568627451,0,0.38675388389206866,1.0
44,ewma,none,0.05,100,1.0,13.736,522.2971838383838,0.04672879393333939,0.6432727272727272,49.700741962077494,115.0,48.612,60.312,0.5096153846153846,0.6691419141914191,0,0.38334707337180546,1.0
45,ewma,none,0.05,100,1.0,13.036,524.7459717171718,0.05213883221155948,0.683030303030303,50.752808988764045,114.0,46.592,59.608,0.5099703583939639,0.6721453287197232,0,0.3956661316211878,1.0
46,ewma,none,0.05,99,0.99,14.784,523.3873918367348,0.045222006494905646,0.6645714285714286,50.521222410865875,115.14999999999986,48.296,60.204,0.5101630246271245,0.6654377880184332,0,0.38115449915110355,1.0
47,ewma,none,0.05,100,1.0,14.0,522.4732646464647,0.045292277983454456,0.6383434343434344,50.551088777219434,114.0,48.56,61.156,0.5081795817958179,0.6548387096774193,0,0.3936348408710218,1.0
48,ewma,none,0.05,99,0.99,13.608,521.1134448979592,0.04559348844099745,0.6197959183673468,50.34413965087282,115.0,47.676,58.884,0.5089795350132257,0.6649029982363316,0,0.3873649210307564,1.0
49,ewma,none,0.05,100,1.0,13.54,521.4292121212121,0.045286185462388676,0.6242424242424243,51.50921273031826,115.0,47.584,59.16,0.5085656489032176,0.6570702794242168,0,0.4020100502512563,1.0
0,ewma,none,0.1,99,0.99,14.58,531.256306122449,0.05233850001539077,0.7592244897959184,49.39177750906892,115.0,40.1,60.568,0.5127863019790971,0.66489597166888,0,0.37525191455058443,1.0
1,ewma,none,0.1,100,1.0,14.104,533.9917212121213,0.0568732624014264,0.8012121212121213,50.56040695209835,115.0,40.72,62.852,0.5113273902020119,0.652496292634701,0,0.38024586689275114,1.0
2,ewma,none,0.1,100,1.0,15.148,533.1914626262627,0.05178180972984894,0.7848080808080808,48.796,116.0,40.512,63.42,0.5115040148239655,0.6614447345517842,0,0.3612,1.0
3,ewma,none,0.1,99,0.99,13.544,530.8582571428572,0.055590013897666955,0.7522857142857143,49.586558044806516,114.0,40.576,61.428,0.5106616838865685,0.6561835954101147,0,0.3890020366598778,1.0
4,ewma,none,0.1,100,1.0,13.692,532.2418303030303,0.05661244412153503,0.7737777777777778,48.34995977473854,114.0,40.424,61.556,0.5137119412653854,0.669919389053882,0,0.3660498793242156,1.0
5,ewma,none,0.1,97,0.97,14.2,532.0777833333334,0.054271208836098546,0.7694583333333332,46.08091286307054,114.0,39.78,61.356,0.51420965537089,0.6720544449170566,0,0.3506224066390041,1.0
6,ewma,none,0.1,100,1.0,14.504,532.5069939393939,0.05377049511523664,0.7777373737373737,49.948025785656725,115.0,40.016,61.804,0.5130487252979333,0.6645851917930419,0,0.379129734085415,1.0
7,ewma,none,0.1,100,1.0,13.052,529.4515353535353,0.055911346565892014,0.7269090909090907,48.811524609843936,114.0,40.864,60.972,0.5123145614287772,0.6624365482233503,0,0.3817527010804322,1.0
8,ewma,none,0.1,100,1.0,15.88,528.1848767676768,0.04485647730131734,0.709090909090909,50.0319104848736,116.0,42.252,61.696,0.513013698630137,0.6654028436018957,0,0.37422295897223373,1.0
9,ewma,none,0.1,100,1.0,14.864,529.4127838383838,0.04944215822798711,0.7305454545454545,51.014113740141134,116.0,41.896,61.096,0.513013847603857,0.6624376982328953,0,0.38522208385222084,1.0
10,ewma,none,0.1,100,1.0,15.132,533.4629010101011,0.05286061320669164,0.7966060606060605,50.47303417044051,116.0,41.144,62.28,0.5126988557075077,0.6550868486352357,0,0.38163853437628653,1.0
11,ewma,none,0.1,100,1.0,15.548,531.0425535353536,0.0488444485797427,0.7582626262626262,50.1742301458671,115.0,41.84,62.632,0.5126563206267892,0.6590296495956873,0,0.37439222042139386,1.0
12,ewma,none,0.1,100,1.0,13.392,530.5399353535355,0.055955266104463976,0.7471919191919192,49.40466448445172,114.0,41.052,61.58,0.5118048080373161,0.6548596112311015,0,0.3858428805237316,1.0
13,ewma,none,0.1,100,1.0,14.34,532.0242787878788,0.053434988432047255,0.7662626262626262,48.66840626254516,114.0,40.252,62.352,0.512508986340762,0.658974358974359,0,0.37173825772782015,1.0
14,ewma,none,0.1,100,1.0,13.572,530.6793494949496,0.05540799570799571,0.750989898989899,48.20518962075848,114.0,40.972,61.672,0.5118370871411095,0.6608584785380366,0,0.3720558882235529,1.0
15,ewma,none,0.1,100,1.0,13.368,531.157911111111,0.056782533796170154,0.7576565656565656,46.85282258064516,114.0,41.884,63.0,0.5125339776502568,0.6622340425531915,0,0.35846774193548386,1.0
16,ewma,none,0.1,82,0.82,13.692,531.5324395061729,0.05577365730372267,0.7656296296296297,47.57870606214977,114.0,33.22,50.336,0.5143638850889193,0.6705882352941176,0,0.36372898624554256,1.0
17,ewma,none,0.1,97,0.97,15.308,532.1864583333335,0.050738697321877475,0.7758333333333334,47.08065190137902,115.0,41.108,62.3,0.5121025154247746,0.6574952561669829,0,0.3506059339740911,1.0
18,ewma,none,0.1,100,1.0,15.096,530.4083393939394,0.04927302936714702,0.743030303030303,48.521126760563384,115.0,40.856,61.832,0.5131384706229701,0.6666666666666666,0,0.36785418392709196,1.0
19,ewma,none,0.1,100,1.0,14.912,531.3458262626264,0.05101841818312407,0.7613333333333333,50.19551282051282,115.0,41.076,62.444,0.5104541119507006,0.6525960320810469,0,0.38301282051282054,1.0
20,ewma,none,0.1,100,1.0,13.64,532.8723636363637,0.0577426960245142,0.7822626262626262,47.31257390618841,114.0,39.972,62.044,0.5142041294479426,0.6686592655849701,0,0.36342136381553014,1.0
21,ewma,none,0.1,100,1.0,13.596,534.1529373737375,0.05916554446741613,0.8014545454545455,49.70427074939565,114.0,39.44,61.912,0.5116006733513869,0.6572528883183568,0,0.3783239323126511,1.0
22,ewma,none,0.1,97,0.97,13.192,531.5605916666667,0.05819994987651238,0.7674166666666667,48.728983688833125,113.0,39.876,59.82,0.5133231685181151,0.656937584193983,0,0.3755750731911334,1.0
23,ewma,none,0.1,97,0.97,14.676,534.4943791666667,0.05553525382909574,0.8131666666666666,48.12058212058212,115.0,39.444,61.264,0.51307576834953,0.6612517916865743,0,0.3542619542619543,1.0
24,ewma,none,0.1,100,1.0,13.516,531.7039232323233,0.05689045399045399,0.767919191919192,52.250599520383695,114.0,40.064,61.06,0.5109107440521291,0.6494352736750652,0,0.40807354116706634,1.0
25,ewma,none,0.1,99,0.99,14.276,530.4624326530613,0.0524369727211564,0.7477551020408164,47.583060556464815,114.0,41.116,61.484,0.5146884272997032,0.6722466960352423,0,0.3657937806873977,1.0
26,ewma,none,0.1,100,1.0,15.772,530.294997979798,0.047207429317233235,0.7454545454545455,49.906483790523694,115.0,41.456,62.104,0.5117743063651201,0.659634317862166,0,0.3769742310889443,1.0
27,ewma,none,0.1,100,1.0,13.392,532.512901010101,0.058147946497946496,0.775878787878788,46.72642276422764,114.0,41.132,63.432,0.513160871860623,0.6564033913431504,0,0.36300813008130084,1.0
28,ewma,none,0.1,100,1.0,13.396,529.5263797979799,0.05434552837734656,0.7275555555555554,47.210332103321036,113.0,40.524,60.976,0.5130283729009844,0.6689560439560439,0,0.36531365313653136,1.0
29,ewma,none,0.1,100,1.0,14.372,532.0496040404041,0.054096706996706996,0.7764848484848484,46.172204213938414,114.0,41.984,63.412,0.5121988527724666,0.6675862068965517,0,0.3492706645056726,1.0
30,ewma,none,0.1,93,0.93,12.756,532.8467,0.06237722205330901,0.792695652173913,48.56481885639459,113.0,37.856,56.892,0.5126568183505308,0.6682755594559017,0,0.368398079441292,1.0
31,ewma,none,0.1,100,1.0,12.876,531.8499434343435,0.059847301520028796,0.7695757575757575,47.14612605379366,113.0,41.224,62.356,0.5125136811382707,0.6640522875816993,0,0.36130068245684466,1.0
32,ewma,none,0.1,100,1.0,14.632,531.0490545454547,0.05193893256535156,0.7578585858585858,48.079754601226995,115.0,41.736,62.628,0.5125682275208273,0.6633705932932072,0,0.3656441717791411,1.0
33,ewma,none,0.1,100,1.0,14.94,534.5177858585859,0.054701058854000034,0.8165656565656566,46.86259228876128,115.0,41.888,64.608,0.5131890817340775,0.6632888070013818,0,0.3445447087776866,1.0
34,ewma,none,0.1,100,1.0,13.5,532.6355232323232,0.05768519578065033,0.7804848484848484,48.0587084148728,114.0,40.04,61.92,0.5128585945438912,0.663797009515179,0,0.363600782778865,1.0
35,ewma,none,0.1,100,1.0,17.972,527.3418262626263,0.03839975207875105,0.6893333333333334,51.69252873563219,118.0,42.756,62.716,0.5106749876827065,0.6510617760617761,0,0.38095238095238093,1.0
36,ewma,none,0.1,97,0.97,14.64,529.0600791666667,0.04947694563402284,0.7211666666666667,50.00163599182004,115.0,39.104,58.604,0.5132450331125827,0.6696574225122349,0,0.3815950920245399,1.0
37,ewma,none,0.1,96,0.96,15.672,534.6462778947368,0.05208366509868384,0.8169263157894736,50.35598165902459,117.0,40.084,61.44,0.5115384615384615,0.6502439024390244,0,0.3689037098791163,1.0
38,ewma,none,0.1,100,1.0,12.944,531.541903030303,0.05924352953443862,0.7667070707070707,49.753319919517104,113.0,40.512,61.02,0.5107816711590296,0.6611157368859284,0,0.38591549295774646,1.0
39,ewma,none,0.1,100,1.0,13.86,530.6035878787878,0.05431263378135036,0.7494545454545454,48.34281137364838,114.0,41.396,62.172,0.5127141430437121,0.6605463502015226,0,0.37244693632358833,1.0
40,ewma,none,0.1,100,1.0,13.312,533.8950585858587,0.06070900614536978,0.8056969696969698,48.142456982793114,114.0,41.284,62.8,0.5115334508391448,0.6610631531122217,0,0.3637454981992797,1.0
41,ewma,none,0.1,100,1.0,13.844,530.4189010101011,0.05383304658304658,0.744929292929293,51.024959742351044,114.0,39.996,60.38,0.5123659444079667,0.6585259485390318,0,0.39371980676328505,1.0
42,ewma,none,0.1,100,1.0,13.468,532.12637979798,0.05775841044477409,0.7772525252525252,50.51513859275053,114.0,41.556,62.064,0.5123299629009965,0.6560142032845095,0,0.39019189765458423,1.0
43,ewma,none,0.1,96,0.96,13.46,532.1911747368422,0.05756307291607601,0.7703157894736842,48.94033510420923,114.0,38.072,58.904,0.5117756751156848,0.6584688615628719,0,0.38169186759297097,1.0
44,ewma,none,0.1,100,1.0,14.12,530.0792484848486,0.05269444999445,0.7438383838383839,48.85479226655697,115.0,42.3,62.196,0.5124054569873472,0.6600084997875053,0,0.37104072398190047,1.0
45,ewma,none,0.1,100,1.0,13.188,533.6266464646466,0.060672727945455224,0.799030303030303,47.95063694267516,114.0,40.276,62.192,0.513059973734131,0.6687009590235397,0,0.3674363057324841,1.0
46,ewma,none,0.1,99,0.99,14.8,531.0206204081634,0.05153123414533979,0.7601224489795918,50.59728122344945,115.0,41.116,61.34,0.51259559154296,0.6563367252543941,0,0.381053525913339,1.0
47,ewma,none,0.1,100,1.0,14.028,530.0964242424243,0.05251481209422386,0.7336161616161615,48.893223819301845,114.0,41.136,62.228,0.511204202407075,0.6525802519301097,0,0.37782340862423,1.0
48,ewma,none,0.1,99,0.99,13.732,528.7114,0.052570562770562775,0.7192653061224489,49.66327827191868,114.0,41.96,61.108,0.5111561866125761,0.6587482868889905,0,0.38373570520965694,1.0
49,ewma,none,0.1,100,1.0,14.304,530.1972080808082,0.05176293913718156,0.7401616161616161,49.39911575562701,114.0,41.252,61.832,0.51147293212421,0.6526186579378068,0,0.3790192926045016,1.0
0,ewma,none,0.15,99,0.99,14.888,537.5909836734694,0.056959046959828855,0.843469387755102,47.78027027027027,115.0,36.308,62.864,0.506099518459069,0.6674772036474164,0,0.35621621621621624,1.0
1,ewma,none,0.15,100,1.0,14.416,541.4065858585859,0.06243322004792594,0.8985858585858586,47.296081677704194,115.0,36.152,65.48,0.5060465943446559,0.6651131824234354,0,0.3446467991169978,1.0
2,ewma,none,0.15,100,1.0,15.168,539.6474060606062,0.05734016045682712,0.8680404040404041,45.94789148536127,115.0,35.568,65.084,0.5076218242399,0.6711864406779661,0,0.3333333333333333,1.0
3,ewma,none,0.15,99,0.99,13.74,537.640387755102,0.06139958137100995,0.8426530612244899,45.89019073569482,114.0,36.068,63.648,0.5061816452686638,0.6667652276759314,0,0.35149863760217986,1.0
4,ewma,none,0.15,100,1.0,13.808,538.5304000000001,0.06222303285939649,0.8560404040404039,48.52909627245911,114.0,36.316,63.612,0.5068107092531705,0.6585155350978136,0,0.3676588897827836,1.0
5,ewma,none,0.15,97,0.97,14.736,538.1202166666668,0.05759856913919414,0.847375,45.80880713489409,115.0,35.184,62.848,0.5076252723311547,0.6695114773396116,0,0.34364548494983277,1.0
6,ewma,none,0.15,100,1.0,14.632,539.3516525252526,0.059608913028609996,0.8684444444444444,47.47416089504529,115.0,35.776,64.256,0.5075925469917097,0.6653602652999698,0,0.3532232285562067,1.0
7,ewma,none,0.15,100,1.0,13.376,536.2315272727274,0.06128889105546859,0.8184646464646465,46.15933027275182,114.0,36.948,63.688,0.5073018352206169,0.6682148040638607,0,0.35214690791250336,1.0
8,ewma,none,0.15,100,1.0,16.192,535.4556121212121,0.05015253270408069,0.8066262626262626,46.864264426984555,116.0,37.548,64.324,0.5076007931262393,0.6665607120152575,0,0.34028718504470334,1.0
9,ewma,none,0.15,100,1.0,14.76,536.1658020202021,0.055922295025236206,0.8215757575757576,48.343957871396896,116.0,38.072,63.768,0.5069182389937107,0.6634146341463415,0,0.3594789356984479,1.0
10,ewma,none,0.15,100,1.0,15.224,540.4438989898991,0.058531812704361724,0.8866666666666666,47.319846910880266,116.0,36.452,64.44,0.5066787412270772,0.6696198913975422,0,0.3485511208310552,1.0
11,ewma,none,0.15,100,1.0,15.968,537.6997494949495,0.0530229879969818,0.8453737373737374,47.93238146551724,116.0,37.208,64.792,0.5070768223840301,0.6637168141592921,0,0.3480603448275862,1.0
12,ewma,none,0.15,100,1.0,13.732,537.8657777777779,0.0617329184481591,0.8456161616161617,45.31037255427499,114.0,36.724,64.38,0.5065379825653799,0.6654908877131099,0,0.3433395872420263,1.0
13,ewma,none,0.15,100,1.0,14.5,538.6872363636364,0.05910587789117201,0.8557575757575757,46.773488120950326,115.0,36.256,64.836,0.5059996883278791,0.6583723653395784,0,0.3509719222462203,1.0
14,ewma,none,0.15,100,1.0,13.772,537.9225050505052,0.06173052133052133,0.8490101010101009,46.380752037864845,114.0,36.752,64.456,0.505145730222327,0.6648679352456689,0,0.3526163555088088,1.0
15,ewma,none,0.15,100,1.0,13.676,538.696088888889,0.06289734188370552,0.8594747474747476,45.10091984231275,114.0,37.412,65.892,0.5037662445161825,0.6642293068148581,0,0.33823915900131407,1.0
16,ewma,none,0.15,82,0.82,13.948,538.4456296296297,0.06163642763675443,0.8566913580246913,46.82121414276184,114.0,29.42,52.14,0.5065965678008134,0.6687898089171974,0,0.3539026017344897,1.0
17,ewma,none,0.15,97,0.97,15.196,538.7534750000001,0.05661506750670354,0.8604166666666667,45.795058955642894,115.0,35.992,63.816,0.5069444444444444,0.6574854180168503,0,0.3385738349241999,1.0
18,ewma,none,0.15,100,1.0,15.296,537.8379515151516,0.05528610409007726,0.8436363636363636,46.564864864864866,115.0,36.468,64.72,0.5059193041797536,0.6642664266426642,0,0.34756756756756757,1.0
19,ewma,none,0.15,100,1.0,15.188,537.7446141414142,0.05572339508712057,0.8450909090909091,48.10720042987641,115.0,36.384,64.304,0.5052514322087842,0.6590909090909091,0,0.3600214938205266,1.0
20,ewma,none,0.15,100,1.0,13.512,539.3831595959597,0.06434417434417435,0.8684848484848485,45.13174772848744,114.0,35.96,64.384,0.5075285770595191,0.6690799396681749,0,0.3396579369321219,1.0
21,ewma,none,0.15,100,1.0,13.896,540.2478141414142,0.06352703415617854,0.8808484848484849,47.68318965517241,115.0,35.444,63.884,0.5056953013763645,0.6631923764145324,0,0.3558728448275862,1.0
22,ewma,none,0.15,97,0.97,13.608,538.2127375,0.06283313873626374,0.8534583333333332,47.33314700950252,114.0,35.312,61.724,0.5058231035568146,0.6588699878493317,0,0.35913918390162103,1.0
23,ewma,none,0.15,97,0.97,15.028,541.4174166666668,0.06013429734073117,0.9040833333333333,44.740336134453784,115.0,35.156,63.492,0.508143875127248,0.6728561782579339,0,0.31400560224089635,1.0
24,ewma,none,0.15,100,1.0,13.728,537.8099676767679,0.06192579812740241,0.8483232323232324,48.666307277628036,114.0,36.124,63.088,0.5060606060606061,0.6595744680851063,0,0.36981132075471695,1.0
25,ewma,none,0.15,99,0.99,14.708,537.1506448979592,0.05696343218606124,0.8371836734693877,47.510940919037196,114.0,36.964,63.836,0.5068150657311074,0.6562220232766338,0,0.3599562363238512,1.0
26,ewma,none,0.15,100,1.0,15.996,536.9349656565657,0.05229947603709213,0.835030303030303,48.053472987872105,115.0,37.264,64.472,0.5063994610980128,0.663572343149808,0,0.35611907386990077,1.0
27,ewma,none,0.15,100,1.0,13.632,539.8804767676769,0.06418612313612314,0.8728080808080808,44.27162489894907,113.0,36.072,65.832,0.5076142131979695,0.6640292148508825,0,0.3360280247911614,1.0
28,ewma,none,0.15,100,1.0,13.908,536.4074828282829,0.05908691809280045,0.8192323232323233,46.538003786854205,114.0,36.048,63.4,0.5076582978051476,0.6628674265146971,0,0.3540708682715715,1.0
29,ewma,none,0.15,100,1.0,14.664,539.3804525252526,0.05956308125425772,0.8731717171717172,44.43852676205617,114.0,36.948,65.716,0.5068424566088118,0.6745254133496632,0,0.3280339162692104,1.0
30,ewma,none,0.15,93,0.93,13.12,539.4073739130436,0.06710513147338595,0.8777826086956522,48.24310995068175,114.0,33.916,58.836,0.50766514166466,0.66393193558189,0,0.3623440673049028,1.0
31,ewma,none,0.15,100,1.0,13.268,538.1917171717172,0.06428768134222679,0.8512727272727273,44.90785907859079,113.0,36.456,64.128,0.5096464288526655,0.6743411087549227,0,0.33550135501355016,1.0
32,ewma,none,0.15,100,1.0,14.996,537.876004040404,0.056675398675398676,0.847919191919192,45.91208198489752,115.0,36.852,64.656,0.5071245036206494,0.6645142353977106,0,0.3414239482200647,1.0
33,ewma,none,0.15,100,1.0,14.904,541.5205656565657,0.06106718281718281,0.9086868686868685,45.748576078112286,115.0,37.244,66.868,0.5065800433116775,0.6639950678175093,0,0.3333333333333333,1.0
34,ewma,none,0.15,100,1.0,14.02,539.2941050505051,0.062116485475309006,0.8696969696969697,46.35632793844521,114.0,36.12,64.404,0.5056008146639511,0.6657338308457711,0,0.3422658530114089,1.0
35,ewma,none,0.15,100,1.0,18.532,534.574290909091,0.04267389897753441,0.7871515151515153,48.785617734522845,118.0,37.812,65.32,0.5036613681014467,0.6576015727391874,0,0.34874290348742903,1.0
36,ewma,none,0.15,97,0.97,15.072,535.0609541666669,0.05318874415685077,0.7995416666666667,49.78950216450217,116.0,34.924,60.464,0.5051607195517547,0.6603364080303853,0,0.37445887445887444,1.0
37,ewma,none,0.15,96,0.96,15.864,541.0882105263158,0.05688926878401051,0.900421052631579,47.24644280022766,116.0,35.924,63.412,0.506028531983433,0.6592720970537261,0,0.33807626636311894,1.0
38,ewma,none,0.15,100,1.0,13.348,538.3180282828284,0.06428814754269299,0.8567676767676766,46.4497594869054,114.0,36.46,63.492,0.5059733496707,0.6719930273097037,0,0.34927846071619456,1.0
39,ewma,none,0.15,100,1.0,14.048,537.5853858585859,0.060097802821064854,0.8415353535353535,44.88643028525726,114.0,36.588,64.488,0.5051597869507324,0.6645021645021645,0,0.3364436150359904,1.0
40,ewma,none,0.15,100,1.0,14.132,540.5509212121212,0.06331680527500491,0.8901010101010102,47.085552865213884,115.0,36.308,64.512,0.5056151734464687,0.6655311241870548,0,0.3483992467043315,1.0
41,ewma,none,0.15,100,1.0,14.1,536.9421090909092,0.05907302950564983,0.8321616161616162,48.23923056082363,114.0,36.092,62.74,0.5061134337777077,0.6602467649714113,0,0.3627743159035492,1.0
42,ewma,none,0.15,100,1.0,13.596,538.8582181818183,0.06360275919366828,0.8635151515151515,48.427054220234766,114.0,36.72,63.956,0.505876784728248,0.6560337044839001,0,0.36920067076579094,1.0
43,ewma,none,0.15,96,0.96,13.732,538.2857263157895,0.062438879438415036,0.8503578947368421,46.60527045769764,115.0,34.18,60.804,0.5064761054041983,0.6643297812675266,0,0.3581137309292649,1.0
44,ewma,none,0.15,100,1.0,14.48,537.0426707070708,0.057752277352277344,0.8353939393939394,47.3328851841893,115.0,37.496,64.388,0.505862388151805,0.6637443438914027,0,0.3538585641301425,1.0
45,ewma,none,0.15,100,1.0,13.424,540.1439070707072,0.06589665755120301,0.8833131313131313,46.9965016146394,114.0,35.704,64.092,0.5071434209487726,0.6631642149504653,0,0.35548977395048437,1.0
46,ewma,none,0.15,99,0.99,14.844,537.8516897959183,0.057283909148776145,0.8502448979591836,46.697072072072075,115.0,36.596,63.54,0.5100932306445075,0.6758293838862559,0,0.3420608108108108,1.0
47,ewma,none,0.15,100,1.0,14.376,536.7862424242425,0.057124433815342913,0.8206060606060608,45.2394328517924,114.0,36.148,64.16,0.5072087658592849,0.6689636163175303,0,0.3378812199036918,1.0
48,ewma,none,0.15,99,0.99,14.432,535.3508530612246,0.05614039197763688,0.807795918367347,46.74338773213281,115.0,37.896,63.636,0.5083495460440985,0.668141592920354,0,0.34805852560495215,1.0
49,ewma,none,0.15,100,1.0,14.188,536.4583151515152,0.05809081289081289,0.822060606060606,46.96158038147139,114.0,36.764,63.744,0.5060713756848808,0.6611333714939897,0,0.3561307901907357,1.0
0,ewma,none,0.2,99,0.99,15.4,543.9153142857144,0.0606892277848097,0.9298367346938775,45.106499291354524,115.0,33.34,65.708,0.4922969797197319,0.6735508096690918,0,0.32597691840453535,1.0
1,ewma,none,0.2,100,1.0,14.848,547.7715676767677,0.0665219278081132,0.9858585858585858,44.50134103569218,115.0,33.308,68.536,0.49181275284145637,0.6672699069286453,0,0.31338972560346606,1.0
2,ewma,none,0.2,100,1.0,15.604,545.4237171717172,0.060832886459563446,0.946909090909091,44.18591037545418,116.0,32.628,67.636,0.4928803172314348,0.6759749638902263,0,0.31267662494953574,1.0
3,ewma,none,0.2,99,0.99,14.024,543.511236734694,0.06581229909546236,0.9224897959183673,43.88237704918033,114.0,33.072,66.108,0.4904655557464353,0.6700321248279028,0,0.3282786885245902,1.0
4,ewma,none,0.2,100,1.0,14.016,544.4337252525253,0.06692112885134276,0.9358383838383838,46.18975599919339,115.0,33.448,66.196,0.4898410269489076,0.6701582349008246,0,0.34139947570074614,1.0
5,ewma,none,0.2,97,0.97,14.804,544.0345833333332,0.06263431596997773,0.925625,45.14848357203033,115.0,31.556,64.852,0.49089831512996357,0.6652399189006533,0,0.33572030328559394,1.0
6,ewma,none,0.2,100,1.0,15.048,544.9529373737373,0.06322193153137426,0.9447272727272727,44.89833900340204,115.0,32.948,66.66,0.4931010083141695,0.6721506914639962,0,0.32379427656593956,1.0
7,ewma,none,0.2,100,1.0,13.52,541.9102101010102,0.06639590779590779,0.8952323232323232,43.53818108162852,114.0,33.9,66.072,0.4927192685404673,0.6791347453808022,0,0.3248936601174803,1.0
8,ewma,none,0.2,100,1.0,16.692,541.5279272727273,0.05346751370404621,0.8893737373737373,45.38220958570268,116.0,34.256,66.944,0.49164570607258357,0.6697425934919864,0,0.32148659626320064,1.0
9,ewma,none,0.2,100,1.0,15.416,542.2282222222223,0.05897984512716195,0.903070707070707,46.36027004909984,116.0,34.756,66.288,0.4916023993144816,0.6704387990762125,0,0.3344926350245499,1.0
10,ewma,none,0.2,100,1.0,15.588,546.3845575757576,0.06226400461137303,0.965939393939394,46.21269261962693,117.0,33.24,66.824,0.4895421607378129,0.6667390360399479,0,0.3353609083536091,1.0
11,ewma,none,0.2,100,1.0,16.464,543.825402020202,0.05653611155499701,0.928040404040404,45.43503857084856,117.0,33.752,67.244,0.4921224995574438,0.6701570680628273,0,0.31871701177425904,1.0
12,ewma,none,0.2,100,1.0,14.0,544.100505050505,0.06654677609971728,0.9280404040404041,43.33393070489845,114.0,32.828,66.616,0.49104186125498855,0.6753856472166331,0,0.3207885304659498,1.0
13,ewma,none,0.2,100,1.0,14.712,543.9799313131315,0.06301127946127946,0.9258181818181818,44.81104120154252,115.0,32.988,66.76,0.49124284270798246,0.663923182441701,0,0.3300182666937284,1.0
14,ewma,none,0.2,100,1.0,13.912,543.5707272727273,0.0666166908848727,0.9252121212121212,43.9783127735774,114.0,33.624,66.732,0.4893309529881833,0.6712725651883218,0,0.3276959808993235,1.0
15,ewma,none,0.2,100,1.0,13.996,544.7917535353536,0.06747450512450513,0.9414949494949494,42.81631443808019,114.0,33.856,68.292,0.48825065274151436,0.6733439562941043,0,0.3120679439067746,1.0
16,ewma,none,0.2,82,0.82,14.396,544.4609629629632,0.06539490543749803,0.938716049382716,43.774482930475955,115.0,26.988,54.272,0.49366272824919444,0.6770348837209302,0,0.31996012957886866,1.0
17,ewma,none,0.2,97,0.97,15.596,545.2200916666667,0.06092598267799023,0.948875,43.1417157275021,115.0,32.744,66.496,0.4929394277220364,0.6665830406422478,0,0.30929352396972243,1.0
18,ewma,none,0.2,100,1.0,15.556,543.7643070707072,0.059489065763575565,0.9237979797979798,42.93268450932685,115.0,33.132,67.124,0.49387329451638134,0.682064576950271,0,0.3085969180859692,1.0
19,ewma,none,0.2,100,1.0,15.528,543.9388808080807,0.05999517708145159,0.9300606060606061,45.47079928243971,115.0,33.312,67.028,0.4878512753999135,0.666967305524239,0,0.33067570261112217,1.0
20,ewma,none,0.2,100,1.0,13.708,545.0975919191919,0.06907584250766069,0.944969696969697,43.06471774193548,114.0,32.82,66.676,0.49322192855315883,0.6724420510419106,0,0.31814516129032255,1.0
21,ewma,none,0.2,100,1.0,14.168,546.3190666666667,0.06818785587555641,0.9633535353535353,46.21408393866021,115.0,32.52,66.54,0.4891229281767956,0.667572463768116,0,0.33817594834543985,1.0
22,ewma,none,0.2,97,0.97,13.824,543.8761875000001,0.06727200473137972,0.9295833333333333,43.76672999788896,114.0,32.404,63.992,0.49389416553595655,0.6784695817490495,0,0.32130040109774116,1.0
23,ewma,none,0.2,97,0.97,15.296,547.3356333333334,0.06430264845788741,0.9830416666666666,44.27216109611791,116.0,32.04,65.752,0.49277777777777776,0.6718987341772152,0,0.30766036952460035,1.0
24,ewma,none,0.2,100,1.0,14.188,544.5411111111113,0.06641798267092384,0.9408484848484847,45.71396984924623,114.0,33.028,66.144,0.4899394586894587,0.6701030927835051,0,0.33608040201005024,1.0
25,ewma,none,0.2,99,0.99,14.852,543.1179469387755,0.06178894898618789,0.9170612244897959,44.55190347410027,114.0,33.488,66.092,0.4921146641108304,0.6707231453311491,0,0.32931142084460163,1.0
26,ewma,none,0.2,100,1.0,16.216,543.1146505050506,0.05681081770730893,0.919959595959596,44.30421377183967,116.0,34.152,67.2,0.49336363636363634,0.672,0,0.3171634121274409,1.0
27,ewma,none,0.2,100,1.0,14.012,545.6739878787879,0.06805095819213466,0.9503030303030303,43.29864345009111,114.0,32.688,68.056,0.48895645175713137,0.6652768126013435,0,0.32415468718364043,1.0
28,ewma,none,0.2,100,1.0,14.316,542.3990545454546,0.06306655615131551,0.9012525252525253,44.90207232832182,114.0,33.052,66.068,0.491716027126792,0.670420592967134,0,0.3342137342543681,1.0
29,ewma,none,0.2,100,1.0,14.872,545.2994060606061,0.06421307298366122,0.9535353535353536,43.05218617771509,114.0,33.812,68.144,0.49058653149891385,0.6701570680628273,0,0.31251259318960306,1.0
30,ewma,none,0.2,93,0.93,13.392,545.5173391304348,0.0719335644321578,0.9603478260869565,45.671339227949105,114.0,31.192,61.272,0.4914041364866044,0.6728035422978327,0,0.33362087556609876,1.0
31,ewma,none,0.2,100,1.0,13.376,543.8698626262627,0.06960337987423548,0.9290505050505051,44.248033877797944,114.0,33.696,66.644,0.49051909051909054,0.6637514384349827,0,0.32748538011695905,1.0
32,ewma,none,0.2,100,1.0,15.408,544.0161010101011,0.060606535999260455,0.9312323232323233,44.523351373020645,115.0,33.5,67.16,0.4905165114309907,0.6686936936936937,0,0.32351172579675286,1.0
33,ewma,none,0.2,100,1.0,15.376,547.4889575757577,0.06430070681334871,0.986989898989899,43.61047227926078,115.0,33.34,68.792,0.4928982380438691,0.6698982064953951,0,0.3080082135523614,1.0
34,ewma,none,0.2,100,1.0,14.244,545.0502828282828,0.06662601472601473,0.947878787878788,44.97724550898204,114.0,33.212,66.848,0.49066666666666664,0.6676363636363636,0,0.3265469061876248,1.0
35,ewma,none,0.2,100,1.0,19.04,540.4821737373738,0.04581617716518882,0.8686060606060605,45.06366208569119,119.0,34.396,67.828,0.4926202798543224,0.6721698113207547,0,0.30618431689571546,1.0
36,ewma,none,0.2,97,0.97,15.428,540.6103708333334,0.05681753131808279,0.8739583333333334,48.319790828640386,116.0,31.904,62.668,0.48864917082595394,0.6613504556752279,0,0.3563958165728077,1.0
37,ewma,none,0.2,96,0.96,16.34,548.1780631578947,0.061104074164931264,0.995536842105263,43.66143544674618,117.0,32.32,66.232,0.49148978774529434,0.676501860712387,0,0.2990165306549487,1.0
38,ewma,none,0.2,100,1.0,13.808,543.9889737373738,0.06773227933682478,0.93389898989899,45.856684062625455,114.0,33.792,66.02,0.4888016045462143,0.6638729598588443,0,0.33881975110397433,1.0
39,ewma,none,0.2,100,1.0,14.488,543.4522343434345,0.06368265449147802,0.9213333333333332,43.452107279693486,114.0,33.572,67.052,0.4919079302283762,0.6676356589147286,0,0.31820931639443434,1.0
40,ewma,none,0.2,100,1.0,14.072,546.7849131313131,0.06953042284512873,0.9756363636363636,44.251058681185725,115.0,33.624,67.44,0.49139251915277155,0.6755716004813478,0,0.31780600927606373,1.0
41,ewma,none,0.2,100,1.0,14.404,542.5737737373738,0.06313143022554787,0.9083636363636364,46.0930516050386,114.0,33.24,65.212,0.4931331570417129,0.6698620528407763,0,0.3392929703372613,1.0
42,ewma,none,0.2,100,1.0,13.852,544.5995555555556,0.06801733560557091,0.9399191919191919,45.9698807780799,114.0,33.564,66.268,0.4906885357936101,0.6611551001397299,0,0.342396988077808,1.0
43,ewma,none,0.2,96,0.96,13.972,543.3294778947369,0.06603417553695377,0.917557894736842,44.32051282051282,115.0,31.44,62.668,0.4931661038752211,0.6740464708461201,0,0.33312316099201345,1.0
44,ewma,none,0.2,100,1.0,14.792,543.1576363636364,0.0621010814167677,0.9174545454545454,44.896907216494846,115.0,33.94,66.712,0.492,0.6697777777777778,0,0.32666262381241157,1.0
45,ewma,none,0.2,100,1.0,13.888,546.3552525252525,0.06974568949568949,0.967030303030303,44.18327011379517,114.0,32.564,66.688,0.4922390875568133,0.6713528462779442,0,0.3244160511080056,1.0
46,ewma,none,0.2,99,0.99,15.18,543.7499469387755,0.061286657226993356,0.9294285714285714,45.810388513513516,115.0,33.24,65.788,0.494050242397532,0.6673886883273165,0,0.33002533783783783,1.0
47,ewma,none,0.2,100,1.0,14.6,541.9659474747475,0.061130338397985456,0.8898181818181818,44.58617902606587,114.0,33.024,66.16,0.4921106077175441,0.6675180928054492,0,0.3297635886037583,1.0
48,ewma,none,0.2,99,0.99,14.848,541.509093877551,0.06031389167388567,0.8914285714285715,44.2607695524885,115.0,34.544,66.216,0.49471737982039093,0.6731047802993723,0,0.3203680468423254,1.0
49,ewma,none,0.2,100,1.0,14.56,541.7141333333334,0.061396443679777014,0.8918383838383839,45.26688564976391,114.0,33.528,65.672,0.4924187725631769,0.6672546857772877,0,0.33586532539519603,1.0
0,ewma,none,0.3,99,0.99,16.128,554.051,0.06665934728817302,1.070081632653061,41.185109568531374,116.0,29.344,70.732,0.4416461916461916,0.6889000334336343,0,0.2809309922417313,1.0
1,ewma,none,0.3,100,1.0,15.584,558.7842222222224,0.07317128325559698,1.13810101010101,38.973009814612865,116.0,28.736,73.964,0.4421899795964634,0.6980471628592484,0,0.25095419847328243,1.0
2,ewma,none,0.3,100,1.0,16.312,555.7531757575758,0.06703925873843314,1.0908686868686868,40.1171231952503,116.0,28.34,72.824,0.43860954608270436,0.6958754064692795,0,0.2656861422210228,1.0
3,ewma,none,0.3,99,0.99,14.78,553.8649265306123,0.07224831251181792,1.0666938775510202,39.177267131719326,114.0,29.08,71.316,0.4385982629771763,0.6951459494916366,0,0.275338530980714,1.0
4,ewma,none,0.3,100,1.0,14.876,555.0938101010101,0.07304395031257775,1.084080808080808,40.858342361863485,115.0,29.46,71.692,0.437875751503006,0.6915470494417862,0,0.2814192849404117,1.0
5,ewma,none,0.3,97,0.97,15.312,554.0809250000001,0.06963989965644378,1.0644166666666668,40.12224532224532,115.0,27.324,69.58,0.4386948253428085,0.6927624221121584,0,0.2806652806652807,1.0
6,ewma,none,0.3,100,1.0,15.94,555.7769616161617,0.0690304755768636,1.0967272727272728,40.241411575992515,116.0,29.064,72.36,0.4386826973340303,0.6903117101937658,0,0.27081940916989705,1.0
7,ewma,none,0.3,100,1.0,14.132,552.3279717171719,0.07377007709066533,1.0405656565656565,39.42855211572259,114.0,29.952,71.604,0.43921412187094844,0.6937168568214688,0,0.2783560903068812,1.0
8,ewma,none,0.3,100,1.0,17.652,552.6266626262626,0.05932188107920822,1.044121212121212,40.78276505061268,117.0,29.668,72.632,0.4379273504273504,0.6964346349745331,0,0.2665157165689931,1.0
9,ewma,none,0.3,100,1.0,16.148,553.3649171717173,0.06571646729603386,1.056888888888889,41.20200650759219,117.0,30.02,71.84,0.4395905128724914,0.693511574828823,0,0.27697939262472887,1.0
10,ewma,none,0.3,100,1.0,16.436,556.3785696969699,0.06743749471680328,1.1027474747474748,41.30049925785994,117.0,28.908,71.564,0.4393220338983051,0.6921400778210117,0,0.2801241397922008,1.0
11,ewma,none,0.3,100,1.0,17.252,554.8908606060606,0.06280517413061272,1.0817373737373737,40.81887961217345,117.0,29.14,72.708,0.43978674472088647,0.698685540950455,0,0.26528413681659035,1.0
12,ewma,none,0.3,100,1.0,14.668,554.5679838383838,0.07346405798268543,1.0742626262626263,39.25964587737843,114.0,28.864,72.064,0.43562167051965023,0.6933820028566894,0,0.27391649048625794,1.0
13,ewma,none,0.3,100,1.0,15.236,553.6667636363637,0.06968889476536534,1.06,40.04188766489868,115.0,29.024,71.584,0.442912028371589,0.6904410559108051,0,0.2768937848497212,1.0
14,ewma,none,0.3,100,1.0,14.504,554.0702464646465,0.07391846671846672,1.071070707070707,39.70436848356869,114.0,29.368,71.936,0.4345681497886048,0.6876187460417986,0,0.2792662003431437,1.0
15,ewma,none,0.3,100,1.0,14.56,555.5066666666668,0.07503501548956094,1.0894141414141414,37.15165125495376,114.0,29.216,73.512,0.43863157894736843,0.7043333333333334,0,0.2501981505944518,1.0
16,ewma,none,0.3,82,0.82,15.176,554.6790419753087,0.07146143232221663,1.0825679012345681,40.60181968569065,115.0,24.116,58.708,0.4375951293759513,0.686806411837238,0,0.28089330024813897,1.0
17,ewma,none,0.3,97,0.97,16.24,556.0088250000001,0.06760757286354713,1.09725,38.45417770958293,115.0,27.86,71.324,0.4411186366615687,0.693709792709078,0,0.2561026642488492,1.0
18,ewma,none,0.3,100,1.0,16.416,553.8669494949495,0.0650120106415772,1.0652525252525251,39.251836734693875,116.0,29.252,72.364,0.4426917955546451,0.6998496742943043,0,0.26448979591836735,1.0
19,ewma,none,0.3,100,1.0,16.18,554.6517737373738,0.06673310286014104,1.079070707070707,40.1048151104017,116.0,28.948,72.332,0.43653787338158834,0.6973025359392667,0,0.2709497206703911,1.0
20,ewma,none,0.3,100,1.0,14.452,555.2555393939396,0.07531896785132079,1.0861414141414143,38.8743961352657,114.0,28.98,71.956,0.4412593039629853,0.6947837570155166,0,0.2698604401502952,1.0
21,ewma,none,0.3,100,1.0,14.824,556.2301252525253,0.07451485801779918,1.1015353535353536,40.35440998791784,115.0,28.892,71.684,0.440562980963953,0.6974199869366428,0,0.27426500201369314,1.0
22,ewma,none,0.3,97,0.97,14.432,553.8883500000001,0.07405861928104575,1.068,40.11535223126579,114.0,28.52,68.832,0.444333299989997,0.6951524237881059,0,0.27869772663485826,1.0
23,ewma,none,0.3,97,0.97,16.008,557.9890666666666,0.07064598797852474,1.1303333333333334,40.5555091238334,116.0,27.9,70.82,0.439288054160297,0.6858011444921316,0,0.2631285694386405,1.0
24,ewma,none,0.3,100,1.0,14.928,554.9630383838385,0.07292587597587596,1.086787878787879,40.679821597513175,115.0,29.388,71.612,0.4422476586888658,0.6918505942275043,0,0.27855115556156235,1.0
25,ewma,none,0.3,99,0.99,15.472,553.9414448979593,0.06903139376629773,1.0673469387755101,39.71103448275862,115.0,29.024,71.336,0.44100719424460433,0.696843853820598,0,0.27448275862068966,1.0
26,ewma,none,0.3,100,1.0,16.96,554.3095595959597,0.06353592234696466,1.0762020202020204,39.55223475071322,116.0,29.556,72.74,0.44102122158784873,0.6984432394612559,0,0.2630077435131096,1.0
27,ewma,none,0.3,100,1.0,14.596,555.9677939393939,0.0750602071131483,1.0922424242424242,37.82912332838038,114.0,28.232,73.1,0.43881723812519663,0.6937782995136677,0,0.26529785222207214,1.0
28,ewma,none,0.3,100,1.0,14.972,552.5296484848486,0.06978200514082866,1.0433939393939395,40.419016921837226,115.0,29.264,71.424,0.4379369743641706,0.6879791224922525,0,0.2829707225355896,1.0
29,ewma,none,0.3,100,1.0,15.44,556.6112606060606,0.07198886327905936,1.1094949494949498,37.95243214189734,115.0,28.748,73.408,0.43845414753923345,0.7032126466088731,0,0.2569201827465735,1.0
30,ewma,none,0.3,93,0.93,14.092,555.9170695652175,0.07865682218108688,1.1046521739130435,40.57258180769785,114.0,27.636,66.132,0.4387335526315789,0.6962803055463301,0,0.2769208591610206,1.0
31,ewma,none,0.3,100,1.0,14.028,554.6605494949497,0.07708546203252087,1.078909090909091,39.541844919786094,114.0,29.124,71.924,0.4393708777270421,0.6927583401139138,0,0.2741978609625668,1.0
32,ewma,none,0.3,100,1.0,15.948,554.2402666666667,0.06742435105887118,1.072848484848485,39.4285906401291,115.0,29.172,72.1,0.4421553090332805,0.696457588560286,0,0.26721355567509414,1.0
33,ewma,none,0.3,100,1.0,15.868,557.7803636363637,0.07119823476221826,1.1273939393939394,39.2096045970721,115.0,28.5,73.372,0.4448645242596093,0.6923882681564246,0,0.25967984676426326,1.0
34,ewma,none,0.3,100,1.0,14.876,556.4127636363637,0.07447369340898752,1.1064242424242425,39.92430490887322,115.0,29.044,72.696,0.43748638640818993,0.6911309728429014,0,0.27032060662498336,1.0
35,ewma,none,0.3,100,1.0,19.996,551.3333737373739,0.05127854526948474,1.021010101010101,41.302783435166326,119.0,29.556,73.268,0.4410500113147771,0.6954915003695491,0,0.2597420230821453,1.0
36,ewma,none,0.3,97,0.97,16.308,550.1053416666666,0.06194918843465186,1.0077083333333332,42.1698956780924,116.0,28.676,67.812,0.4392857142857143,0.6971255673222391,0,0.28708847039696517,1.0
37,ewma,none,0.3,96,0.96,17.248,559.504105263158,0.06691241889553605,1.1511157894736843,40.05653856787393,117.0,27.708,71.496,0.4335755987132134,0.6891917117789808,0,0.2557367984517556,1.0
38,ewma,none,0.3,100,1.0,14.26,554.1874020202022,0.0755116222557399,1.0752727272727272,40.80957533134974,114.0,29.836,71.164,0.4395776300351975,0.6914859693877551,0,0.28347308628617796,1.0
39,ewma,none,0.3,100,1.0,15.18,553.7952121212122,0.0703113818280485,1.0652929292929294,38.96630727762803,114.0,29.408,72.332,0.4432403997895844,0.688946910356832,0,0.2671159029649596,1.0
40,ewma,none,0.3,100,1.0,14.804,557.3785696969699,0.07605168673011811,1.1222626262626263,40.30088614393126,115.0,29.488,72.744,0.4364275817968667,0.689619907959775,0,0.2725563909774436,1.0
41,ewma,none,0.3,100,1.0,15.192,553.1153454545455,0.06975748608689784,1.057777777777778,41.08425451604206,115.0,29.98,71.116,0.4401330376940133,0.6939782823297137,0,0.2813426799676463,1.0
42,ewma,none,0.3,100,1.0,14.448,555.0801050505052,0.075252526231938,1.085050505050505,39.910851648351645,115.0,29.48,71.544,0.4434782608695652,0.6944120100083403,0,0.27651098901098903,1.0
43,ewma,none,0.3,96,0.96,14.808,553.2223621052632,0.07165656025433113,1.0552000000000001,40.41843279419967,116.0,27.804,67.536,0.44105343221144705,0.6929959888923172,0,0.2884829894032348,1.0
44,ewma,none,0.3,100,1.0,15.532,553.2319838383839,0.0681278441601971,1.0571313131313131,40.44387410509253,116.0,29.732,71.692,0.44056354564132666,0.6929447364229973,0,0.275699040929353,1.0
45,ewma,none,0.3,100,1.0,14.372,556.8924363636364,0.07763765250396266,1.1132929292929292,39.388373940677965,115.0,28.628,72.028,0.43862503813688597,0.698232527971461,0,0.2710540254237288,1.0
46,ewma,none,0.3,99,0.99,15.912,554.5592938775511,0.06797322232922474,1.08,41.729134948096885,116.0,29.124,71.216,0.43958573072497126,0.6919710486450092,0,0.2823529411764706,1.0
47,ewma,none,0.3,100,1.0,15.192,551.507802020202,0.0673383046147752,1.0209292929292928,40.089978448275865,115.0,28.568,70.772,0.4454028262066434,0.6961526810057558,0,0.2784213362068966,1.0
48,ewma,none,0.3,99,0.99,15.56,552.766212244898,0.06757200488446775,1.0486122448979593,39.90629757785467,116.0,29.9,71.756,0.4411979547114682,0.6946087544363698,0,0.2703114186851211,1.0
49,ewma,none,0.3,100,1.0,15.128,552.1582181818183,0.068716347704583,1.0366060606060605,40.00282942603072,114.0,29.224,70.972,0.4413047600986156,0.6972420204524326,0,0.2776879547291835,1.0
0,ewma,none,0.4,99,0.99,17.004,564.3180081632654,0.07176719813238577,1.2155510204081634,35.6530218384967,116.0,26.22,76.492,0.3681525567836755,0.7295463615804177,0,0.21889283900457085,1.0
1,ewma,none,0.4,100,1.0,16.184,567.6333131313132,0.07818348135639158,1.262989898989899,34.8564447159438,116.0,25.804,78.856,0.3686746987951807,0.7256637168141593,0,0.20382814090816534,1.0
2,ewma,none,0.4,100,1.0,17.06,565.3777292929293,0.07211941512601987,1.2275151515151514,35.188296697781794,117.0,25.408,78.296,0.36201216421692856,0.7344387061701549,0,0.20977617183579242,1.0
3,ewma,none,0.4,99,0.99,15.312,563.6262693877552,0.0787893898585075,1.2041632653061225,33.92078904333606,114.0,25.952,76.672,0.3656377123713807,0.7334467416906569,0,0.2179067865903516,1.0
4,ewma,none,0.4,100,1.0,15.672,564.6869656565657,0.07804096832724283,1.2197171717171715,36.1203656678517,116.0,26.548,77.172,0.3619318856057909,0.7263198261536495,0,0.2281361097003555,1.0
5,ewma,none,0.4,97,0.97,16.04,562.8760666666667,0.07428108772158211,1.1889166666666666,34.70964055682526,116.0,24.7,74.46,0.369879093790351,0.7353511835467598,0,0.22034074381882401,1.0
6,ewma,none,0.4,100,1.0,16.744,565.0273616161617,0.07366347984087922,1.2283636363636365,35.014671658403316,116.0,26.396,77.644,0.3733382119770704,0.7299000136967538,0,0.21208135181625012,1.0
7,ewma,none,0.4,100,1.0,14.864,561.4495070707071,0.07888933285305835,1.169818181818182,34.39188500356815,115.0,27.028,76.824,0.3737314825615304,0.7314054969389084,0,0.22112345804873076,1.0
8,ewma,none,0.4,100,1.0,18.504,562.3130949494949,0.06404175712106569,1.1814545454545455,35.67375815353738,117.0,26.528,78.164,0.36657409745013886,0.7408569868995634,0,0.20702458605117913,1.0
9,ewma,none,0.4,100,1.0,17.116,562.9378343434345,0.06991192110072399,1.1919595959595959,35.66883116883117,117.0,26.888,77.248,0.37215639810426543,0.7366402116402117,0,0.21347402597402598,1.0
10,ewma,none,0.4,100,1.0,17.224,565.7278787878789,0.0719752528727245,1.234868686868687,36.12902576489533,118.0,26.092,76.9,0.3664113410312107,0.7318505560414844,0,0.22242351046698872,1.0
11,ewma,none,0.4,100,1.0,17.94,564.6137171717173,0.06812095564854266,1.2197171717171715,35.661713023395926,117.0,26.048,78.14,0.36732171548634285,0.7403158320960993,0,0.20755095893161965,1.0
12,ewma,none,0.4,100,1.0,15.536,564.0686505050505,0.07804803522548621,1.209131313131313,34.65169660678643,115.0,26.044,77.552,0.35912461133700074,0.7327586206896551,0,0.22055888223552894,1.0
13,ewma,none,0.4,100,1.0,15.792,562.9024121212121,0.07551373916569995,1.1905858585858586,34.831123801754025,115.0,26.144,76.884,0.37352191050313005,0.7301941238195173,0,0.2203752804405466,1.0
14,ewma,none,0.4,100,1.0,15.176,563.6772848484849,0.07965353426529898,1.2072323232323234,34.387482697251336,115.0,26.576,77.416,0.35914903788693675,0.730686286946594,0,0.2200909630215543,1.0
15,ewma,none,0.4,100,1.0,15.212,564.477482828283,0.08006050148108972,1.2150707070707072,33.59285642620648,115.0,25.964,78.288,0.36672452268782546,0.7331181059994619,0,0.20798635497140563,1.0
16,ewma,none,0.4,82,0.82,16.052,564.9066024691359,0.0766615738693138,1.2276543209876543,34.95748362377951,116.0,21.62,63.384,0.36669167291822957,0.7286770747740345,0,0.21727845754542083,1.0
17,ewma,none,0.4,97,0.97,16.784,566.2026958333333,0.07399876322239422,1.2398333333333336,33.2944963655244,116.0,24.224,76.508,0.36662337662337663,0.7365957446808511,0,0.20062305295950156,1.0
18,ewma,none,0.4,100,1.0,17.14,562.8945373737374,0.06966212850903253,1.1928080808080808,35.33840498315123,116.0,26.316,77.396,0.37154912597950573,0.7298457411133468,0,0.21862554886143162,1.0
19,ewma,none,0.4,100,1.0,16.868,563.8150101010102,0.07172969929775914,1.2090909090909092,35.23713914693837,116.0,26.204,77.504,0.3645858343337335,0.7354628422425032,0,0.21506343022675056,1.0
20,ewma,none,0.4,100,1.0,15.096,564.8285616161618,0.08107036373212845,1.2216161616161616,33.33346709470305,115.0,26.04,77.388,0.3725978647686833,0.7397622192866579,0,0.20886837881219902,1.0
21,ewma,none,0.4,100,1.0,15.472,565.7847434343435,0.0802226984707377,1.2374949494949494,35.10384226491406,116.0,26.24,77.216,0.37081596188207266,0.7358316896778435,0,0.21617795753286148,1.0
22,ewma,none,0.4,97,0.97,15.044,563.9892666666668,0.08060468648998062,1.2112916666666664,35.43488179178764,115.0,25.66,74.42,0.36643139131475055,0.7296165423373904,0,0.22656574035669846,1.0
23,ewma,none,0.4,97,0.97,16.616,567.4373875000002,0.07605925245098039,1.2630416666666668,35.744629571413604,116.0,24.912,75.772,0.370930530633171,0.7292746113989638,0,0.20926333438122183,1.0
24,ewma,none,0.4,100,1.0,15.712,564.9653535353536,0.07833683233977351,1.229010101010101,35.774356896900954,115.0,26.624,77.324,0.3683885318833416,0.7289416846652268,0,0.22149078387684829,1.0
25,ewma,none,0.4,99,0.99,16.064,563.1474448979592,0.0746125231044799,1.1977142857142857,35.16917992150382,115.0,26.22,76.476,0.3670025494718951,0.7291361639824304,0,0.22371410865523653,1.0
26,ewma,none,0.4,100,1.0,17.6,563.8817656565657,0.06893997786603566,1.2114343434343438,35.50256200040992,116.0,26.416,77.94,0.3688015218769816,0.7250878425860857,0,0.21654027464644393,1.0
27,ewma,none,0.4,100,1.0,15.292,565.4230464646466,0.08036403278142185,1.2256565656565659,32.340143622939216,115.0,25.08,78.352,0.3692935791166646,0.7395173250640421,0,0.20471325983614846,1.0
28,ewma,none,0.4,100,1.0,15.54,561.9065090909093,0.07588998996646056,1.177050505050505,35.191192808807195,115.0,26.584,76.948,0.3650203788060417,0.7256463828675894,0,0.22573477426522573,1.0
29,ewma,none,0.4,100,1.0,15.976,566.016084848485,0.07784313301078007,1.2415757575757576,33.71938156831043,115.0,25.588,78.456,0.3645307769929364,0.7325867249385414,0,0.20937752627324172,1.0
30,ewma,none,0.4,93,0.93,14.792,565.7626521739131,0.08431195909802049,1.243304347826087,36.6599697558868,115.0,24.824,71.104,0.36529791641281834,0.7263688187723717,0,0.2309354072153813,1.0
31,ewma,none,0.4,100,1.0,14.604,564.1378060606062,0.08325187829599595,1.2135353535353537,34.316976932416026,114.0,26.312,77.276,0.3703791750861762,0.7330960854092526,0,0.21641036017806556,1.0
32,ewma,none,0.4,100,1.0,16.712,563.3226464646466,0.07205818222025652,1.2013333333333336,35.48778750254427,116.0,26.304,77.116,0.3679455590754429,0.7296492817393555,0,0.22175859963362507,1.0
33,ewma,none,0.4,100,1.0,16.44,567.3345090909091,0.07686203121688158,1.2610505050505048,34.34139126886985,115.0,25.188,78.368,0.3735881841876629,0.7304323647991102,0,0.20563035495716034,1.0
34,ewma,none,0.4,100,1.0,15.488,565.9259676767676,0.08026142894868386,1.2412929292929293,35.01768311061991,115.0,26.284,78.096,0.3623132405976301,0.7255389718076285,0,0.21561338289962825,1.0
35,ewma,none,0.4,100,1.0,20.892,560.5546707070707,0.055364556686012735,1.1523636363636365,37.234798497614456,120.0,26.32,78.5,0.36746745403301573,0.7221650242682748,0,0.21094305146685616,1.0
36,ewma,none,0.4,97,0.97,17.176,559.1080416666667,0.06631551442945599,1.1369583333333335,37.887601271664444,117.0,26.288,73.072,0.36614699331848555,0.7305925030229746,0,0.23720644036509075,1.0
37,ewma,none,0.4,96,0.96,18.116,569.586972631579,0.07149036352491137,1.292421052631579,34.76393099843178,118.0,24.3,76.636,0.35939043318752645,0.7364550502776527,0,0.19581808677469942,1.0
38,ewma,none,0.4,100,1.0,15.024,564.1980969696971,0.0811577822685666,1.2165252525252523,35.816114031540636,115.0,26.688,76.716,0.3666086956521739,0.7281269841269842,0,0.22695107157298827,1.0
39,ewma,none,0.4,100,1.0,15.932,564.217490909091,0.0762535284613716,1.2131717171717173,34.128435782108944,115.0,26.096,78.164,0.3642568250758342,0.7297628781684382,0,0.21179410294852574,1.0
40,ewma,none,0.4,100,1.0,15.556,567.2931595959595,0.08137699598876069,1.2617373737373736,34.94863531070601,115.0,26.308,78.152,0.3652031702100893,0.7268867278455006,0,0.21291167287742976,1.0
41,ewma,none,0.4,100,1.0,16.004,563.1532525252526,0.07509542004836123,1.2006464646464647,35.60822752666328,115.0,27.092,76.86,0.37171908252541974,0.7350835322195705,0,0.21828339258506857,1.0
42,ewma,none,0.4,100,1.0,15.188,564.7730868686868,0.08053013206836736,1.2215757575757575,34.84734626835027,115.0,26.34,76.912,0.3748820754716981,0.731781914893617,0,0.21917667590596449,1.0
43,ewma,none,0.4,96,0.96,15.716,562.4454610526317,0.07593121325183244,1.186736842105263,35.54644237801693,116.0,25.412,72.784,0.3655281610495363,0.7330227997058103,0,0.2342492947445408,1.0
44,ewma,none,0.4,100,1.0,16.16,562.8777333333334,0.07389183666732686,1.1931313131313133,35.21927416895395,116.0,26.524,77.0,0.37153695827106564,0.7343930265350596,0,0.21713937175968284,1.0
45,ewma,none,0.4,100,1.0,15.06,566.4448000000001,0.08304714479420362,1.2488080808080808,34.21979010494753,115.0,25.92,77.456,0.3685282837967402,0.7381138975966562,0,0.21299350324837582,1.0
46,ewma,none,0.4,99,0.99,16.688,564.1842571428573,0.07302336894657613,1.216408163265306,36.3187777433674,116.0,26.172,76.472,0.36962926589737294,0.727631221104161,0,0.2205017033137194,1.0
47,ewma,none,0.4,100,1.0,15.86,560.6017414141415,0.07270087915371712,1.1509090909090909,35.888328965934285,115.0,25.984,76.34,0.3650968309859155,0.7326438421302901,0,0.23059866962305986,1.0
48,ewma,none,0.4,99,0.99,15.912,562.745848979592,0.0749572488027407,1.189673469387755,34.700928855772176,116.0,26.32,77.1,0.36494359737200943,0.7316023140051123,0,0.21547412473206085,1.0
49,ewma,none,0.4,100,1.0,15.804,561.1851474747475,0.07388741189819621,1.1648080808080807,35.593629929221436,115.0,26.5,76.22,0.3704367301231803,0.7318463444857497,0,0.22709807886754296,1.0
0,ewma,none,0.5,99,0.99,17.804,573.8640081632655,0.07614796364661153,1.3508571428571428,30.556114991067076,116.0,23.44,81.88,0.28478071449317455,0.7826037906137184,0,0.16201071950625304,1.0
1,ewma,none,0.5,100,1.0,16.776,577.0991151515152,0.08339575118723726,1.3963232323232324,30.166666666666668,117.0,22.608,84.012,0.28404170008019247,0.7780411728009982,0,0.15111003078917518,1.0
2,ewma,none,0.5,100,1.0,17.764,574.1121777777778,0.07622578467857105,1.3517979797979798,30.212684176809738,117.0,22.832,83.296,0.28473053892215566,0.7856476079346558,0,0.15406790518898142,1.0
3,ewma,none,0.5,99,0.99,16.012,572.7583714285715,0.08340347472322261,1.3338775510204082,28.972398632144603,115.0,23.388,81.912,0.28118302614659235,0.7849127874680591,0,0.1621885686370298,1.0
4,ewma,none,0.5,100,1.0,16.504,574.3883151515151,0.08238330546111763,1.3572525252525252,30.68767101239337,116.0,23.692,82.78,0.27531690642358636,0.7814497778740925,0,0.16650571382584903,1.0
5,ewma,none,0.5,97,0.97,16.656,571.4915375,0.07894257920639017,1.3119166666666666,30.312888068467863,116.0,22.484,79.408,0.2876865151303863,0.7786099790725851,0,0.17192481960060413,1.0
6,ewma,none,0.5,100,1.0,17.596,574.0286020202022,0.07733083376891427,1.3563636363636364,31.019079321263295,117.0,23.8,82.764,0.28462776071376333,0.7753665012120513,0,0.16432572866769504,1.0
7,ewma,none,0.5,100,1.0,15.568,571.0576202020203,0.08411807899702636,1.3068686868686867,29.888680781758957,115.0,24.18,82.48,0.2797803435651929,0.7795146480104941,0,0.1696254071661238,1.0
8,ewma,none,0.5,100,1.0,19.492,571.3146424242425,0.06732191984803496,1.308969696969697,31.74303480578212,118.0,23.524,83.316,0.2796137015240682,0.7816305230198307,0,0.1593313413550836,1.0
9,ewma,none,0.5,100,1.0,18.016,572.4054343434344,0.07387853680547178,1.3263838383838384,31.450537026568682,118.0,23.988,82.744,0.27954837787623266,0.7817394201932689,0,0.16401518210449811,1.0
10,ewma,none,0.5,100,1.0,18.312,574.8060242424244,0.07468524592509018,1.364,32.05490007223694,118.0,23.564,82.208,0.2763048881524441,0.7768195204038705,0,0.17401075527730958,1.0
11,ewma,none,0.5,100,1.0,18.808,573.6380525252525,0.07182958332786178,1.3482424242424242,31.544527423110896,117.0,23.336,83.24,0.2804716285924834,0.7840504876649455,0,0.15883722797719424,1.0
12,ewma,none,0.5,100,1.0,16.06,572.5144242424243,0.08293872180832966,1.3290101010101012,30.359019545017624,115.0,23.528,82.44,0.27505330490405117,0.7748236570808464,0,0.17157962191605255,1.0
13,ewma,none,0.5,100,1.0,16.444,571.9124282828283,0.08032751561017813,1.3187474747474748,30.35261663286004,115.0,23.576,82.192,0.2850962880267932,0.7774108322324967,0,0.16941176470588235,1.0
14,ewma,none,0.5,100,1.0,15.648,572.8201535353537,0.08547869592281357,1.3364040404040403,29.569964777457574,115.0,23.764,82.54,0.2785239643715538,0.7790127492644655,0,0.16722702529618957,1.0
15,ewma,none,0.5,100,1.0,15.8,573.1829818181818,0.08489287027424282,1.3383838383838382,29.53260606060606,115.0,23.288,83.264,0.2791900679869938,0.7762766201053355,0,0.16177777777777777,1.0
16,ewma,none,0.5,82,0.82,16.9,574.4682074074075,0.08084210401942886,1.3635061728395061,30.217022116903635,116.0,19.368,67.8,0.2847682119205298,0.781097305598213,0,0.1620260663507109,1.0
17,ewma,none,0.5,97,0.97,17.484,574.6641999999999,0.07788877906060084,1.3589583333333333,29.412272689529185,116.0,21.528,81.032,0.28096348096348095,0.7787131689717378,0,0.15660549696919374,1.0
18,ewma,none,0.5,100,1.0,17.676,572.2175555555556,0.07507733266618716,1.3253333333333333,29.996988932291668,116.0,23.576,82.756,0.2882378285221887,0.7832024581768522,0,0.16072591145833334,1.0
19,ewma,none,0.5,100,1.0,17.516,573.1874181818182,0.0767213478090155,1.3422222222222222,30.692824037078474,116.0,23.512,82.84,0.2769939533544486,0.7831897503865695,0,0.16333706249001118,1.0
20,ewma,none,0.5,100,1.0,15.768,573.8532606060606,0.08571360524007582,1.3498181818181818,29.391304347826086,115.0,23.38,82.556,0.2862231087049437,0.7826522658946665,0,0.16314393634975488,1.0
21,ewma,none,0.5,100,1.0,16.16,575.364290909091,0.08521499636891793,1.374020202020202,30.4426797807159,116.0,23.688,82.824,0.2787120885439126,0.7828154373548601,0,0.1640599806514028,1.0
22,ewma,none,0.5,97,0.97,15.604,573.6722750000001,0.08655216065592902,1.3490833333333332,29.985119047619047,115.0,23.028,79.884,0.28276751181779114,0.7837897771371549,0,0.16650132275132276,1.0
23,ewma,none,0.5,97,0.97,17.236,576.6860916666668,0.08087977009517257,1.3930833333333335,31.31641342461179,117.0,22.036,80.652,0.28689909384119183,0.7755795606262896,0,0.15895808983135748,1.0
24,ewma,none,0.5,100,1.0,16.508,574.1906303030304,0.08255636598428136,1.3599595959595958,31.58711197789696,116.0,24.036,82.552,0.2800710164225477,0.7693627731380849,0,0.1721111652852267,1.0
25,ewma,none,0.5,99,0.99,16.64,572.6040571428572,0.08010072028811524,1.3318367346938775,30.18547064611348,115.0,23.468,81.852,0.27997086671522214,0.7774901519414744,0,0.16808789767136767,1.0
26,ewma,none,0.5,100,1.0,18.268,573.5110464646465,0.07388982388631511,1.3477979797979798,30.65400194426442,117.0,23.428,83.268,0.27986607822249276,0.7732827144382489,0,0.1622650680492547,1.0
27,ewma,none,0.5,100,1.0,15.98,574.1232767676769,0.08472509184428689,1.3493333333333335,28.47406024194203,115.0,22.444,83.344,0.2772159428911362,0.7791704649042844,0,0.16132175042624017,1.0
28,ewma,none,0.5,100,1.0,16.236,570.6523191919192,0.08029117222646634,1.3018585858585856,30.774358143678626,115.0,24.152,82.188,0.2796113730532933,0.7695811576491501,0,0.17453632461326637,1.0
29,ewma,none,0.5,100,1.0,16.556,574.6065696969697,0.08244171780709447,1.3629090909090908,29.457748193846903,115.0,22.976,83.208,0.2839892665474061,0.7747600093654882,0,0.16121438428443868,1.0
30,ewma,none,0.5,93,0.93,15.748,575.3870347826088,0.08793969754950035,1.379782608695652,31.243398193189716,115.0,22.324,76.132,0.2864583333333333,0.783887757411179,0,0.16912786657400972,1.0
31,ewma,none,0.5,100,1.0,15.124,573.3581858585859,0.0890523296601728,1.3446868686868685,29.93356558373167,115.0,23.624,82.516,0.2849019050326983,0.7778273477581976,0,0.16697723405979098,1.0
32,ewma,none,0.5,100,1.0,17.608,573.0405858585859,0.0762362166557213,1.338949494949495,30.498986130261983,116.0,23.288,82.548,0.2858950921108142,0.7825801510012036,0,0.1645713358747668,1.0
33,ewma,none,0.5,100,1.0,16.956,576.5434181818182,0.08217792766229298,1.3905050505050502,29.965846552282294,116.0,22.228,83.34,0.2869280071545685,0.7790656831752722,0,0.15708967303334412,1.0
34,ewma,none,0.5,100,1.0,16.072,575.5623313131314,0.0858304534608456,1.377818181818182,30.14009312780989,116.0,23.5,83.584,0.269569245020843,0.7761351636747624,0,0.16096660244059088,1.0
35,ewma,none,0.5,100,1.0,21.984,570.0351838383839,0.05867590711584193,1.286989898989899,32.311625273036164,120.0,22.952,83.864,0.2879439401178532,0.7797014176389412,0,0.15120135911334034,1.0
36,ewma,none,0.5,97,0.97,17.86,567.4884125000001,0.07056907267658526,1.2580416666666667,33.12731057452123,117.0,24.356,78.088,0.2888801468659848,0.7760806317539485,0,0.18343047460449624,1.0
37,ewma,none,0.5,96,0.96,18.78,578.1791621052633,0.07536926022486556,1.4125894736842106,30.82408490723717,118.0,21.372,81.016,0.27289624873268,0.7783452502553626,0,0.15126190874143405,1.0
38,ewma,none,0.5,100,1.0,15.496,573.4190303030304,0.08710251817898877,1.3476363636363635,30.87436456063907,115.0,24.108,82.012,0.28376139188069593,0.7768416504644632,0,0.1720325990478496,1.0
39,ewma,none,0.5,100,1.0,16.556,573.8791555555557,0.08163053774761721,1.349939393939394,29.000880352140857,115.0,22.94,83.504,0.28069644208932626,0.7856564488143436,0,0.15470188075230093,1.0
40,ewma,none,0.5,100,1.0,16.26,576.8790222222223,0.08609713271477977,1.3971313131313132,29.896898031910585,116.0,23.404,83.516,0.28030529781502544,0.7829131652661064,0,0.15639426581355795,1.0
41,ewma,none,0.5,100,1.0,16.732,572.523709090909,0.0798255114166879,1.3338585858585856,31.615240728692257,116.0,24.436,82.292,0.2814814814814815,0.7758351893095768,0,0.17176317501626545,1.0
42,ewma,none,0.5,100,1.0,15.66,574.4684444444445,0.08698545633741714,1.3595959595959592,29.628405938978627,115.0,23.588,82.564,0.2886641982341213,0.7865894408554244,0,0.16226138032305434,1.0
43,ewma,none,0.5,96,0.96,16.612,571.185145263158,0.0793085798583941,1.3119157894736846,30.9162536749265,116.0,23.32,77.872,0.2810563190514686,0.7778241804134475,0,0.18236035279294413,1.0
44,ewma,none,0.5,100,1.0,16.84,571.993296969697,0.07861387733544596,1.3224646464646463,30.821129622104834,116.0,23.796,82.248,0.2867940085199945,0.7830423940149626,0,0.16692401462819992,1.0
45,ewma,none,0.5,100,1.0,15.652,575.4248444444445,0.0880673754350225,1.3767676767676766,30.12335619201291,115.0,23.548,82.68,0.2796610169491525,0.7798185439256473,0,0.16651875756353368,1.0
46,ewma,none,0.5,99,0.99,17.456,573.928,0.07769129704513383,1.3545306122448981,31.521020775396696,117.0,23.268,81.868,0.28350515463917525,0.7777267508610792,0,0.16522165876001962,1.0
47,ewma,none,0.5,100,1.0,16.612,568.9975434343436,0.07668150486138103,1.2713131313131314,31.11268740931807,116.0,23.772,81.54,0.2825463083746413,0.781370754525117,0,0.17556021280025794,1.0
48,ewma,none,0.5,99,0.99,16.424,572.2202938775511,0.08080330284996204,1.3243673469387753,29.72973634805322,116.0,23.34,82.396,0.2767062314540059,0.7796803652968036,0,0.1613745816668027,1.0
49,ewma,none,0.5,100,1.0,16.508,570.2801090909091,0.07860190608229824,1.2947474747474748,30.862651960389663,115.0,23.972,81.696,0.28544626105601717,0.7795135248479765,0,0.17253039207793253,1.0
0,ewma,none,0.6,99,0.99,18.68,582.9584571428572,0.07947416936699492,1.4797551020408164,26.129693759760983,115.0,20.664,87.008,0.1905865573185951,0.8411399270288926,0,0.11197120934338291,1.0
1,ewma,none,0.6,100,1.0,17.388,585.9242828282829,0.08750945297488125,1.5197171717171718,25.974020702252893,117.0,19.34,88.596,0.20221445221445222,0.8369589101296419,0,0.10330830119748326,1.0
2,ewma,none,0.6,100,1.0,18.268,582.5264969696971,0.08059917614396458,1.4703838383838386,26.184566908018237,116.0,20.056,87.936,0.20069015619324374,0.8360016420361248,0,0.10927862697774202,1.0
3,ewma,none,0.6,99,0.99,16.56,581.9602693877551,0.08844789915966388,1.4635102040816326,24.493637471233246,114.0,20.44,86.992,0.18813108945969884,0.8414292612264607,0,0.112697982943008,1.0
4,ewma,none,0.6,100,1.0,17.128,583.4184000000001,0.08679375714489233,1.484121212121212,25.8885523924894,116.0,20.652,87.756,0.19175472024943704,0.8410804619643028,0,0.1137357830271216,1.0
5,ewma,none,0.6,97,0.97,17.312,580.3717250000001,0.08323162965112946,1.4375833333333332,26.151224262659987,115.0,19.808,84.368,0.19167673976860647,0.8303853140835644,0,0.12444351697273233,1.0
6,ewma,none,0.6,100,1.0,18.516,583.7824767676768,0.08083470505338411,1.492888888888889,26.44788922661263,117.0,20.428,87.928,0.1972361809045226,0.8387389202256245,0,0.1110435663627153,1.0
7,ewma,none,0.6,100,1.0,16.14,579.5952121212122,0.08858136141273397,1.4273535353535354,25.79679252943565,115.0,21.216,87.22,0.18946284537497854,0.8274009402283412,0,0.12322371092164028,1.0
8,ewma,none,0.6,100,1.0,20.18,580.3370303030304,0.07129797768234443,1.436040404040404,27.2626610020905,117.0,20.34,88.216,0.19544033829748114,0.8416063602079299,0,0.10769438262863308,1.0
9,ewma,none,0.6,100,1.0,18.8,581.1851515151516,0.07735716655969493,1.4496969696969697,27.482033304119195,118.0,20.924,87.568,0.1893635571054926,0.8330248416950804,0,0.11757567585788445,1.0
10,ewma,none,0.6,100,1.0,19.324,583.5107030303031,0.07718713671862185,1.486909090909091,27.67994070480426,119.0,20.848,87.108,0.1899179366940211,0.8325447629650246,0,0.12317229297217169,1.0
11,ewma,none,0.6,100,1.0,19.54,582.6199595959596,0.07562826496732117,1.474747474747475,27.23191718203818,117.0,20.244,88.02,0.19659498207885304,0.8394153225806451,0,0.10943802097337994,1.0
12,ewma,none,0.6,100,1.0,16.76,581.7403313131314,0.0872338328242869,1.4599191919191916,25.31321359417774,114.0,20.764,87.708,0.18871830257029498,0.8387065914091648,0,0.11404153034653135,1.0
13,ewma,none,0.6,100,1.0,16.92,581.0389696969697,0.08569822789296473,1.4480404040404042,25.55564537860415,115.0,20.772,87.48,0.19319353729804056,0.8366564417177914,0,0.11688224198329292,1.0
14,ewma,none,0.6,100,1.0,16.144,581.8099151515153,0.09069358948966791,1.462909090909091,25.179392391450463,114.0,20.892,87.5,0.18915183969597513,0.8352929930216997,0,0.11822825648608684,1.0
15,ewma,none,0.6,100,1.0,16.472,582.1715636363638,0.08910284666409538,1.463878787878788,25.29804505174863,115.0,19.964,87.996,0.1927797833935018,0.8365461847389558,0,0.1126293715754583,1.0
16,ewma,none,0.6,82,0.82,17.692,583.8958962962964,0.08467335040578934,1.4955555555555557,25.73194856577646,116.0,16.728,71.876,0.20253996058681847,0.8404008309910791,0,0.10987471150675898,1.0
17,ewma,none,0.6,97,0.97,18.136,583.8291708333334,0.08215959196909757,1.487875,24.333333333333332,115.0,18.588,85.928,0.19730089336628018,0.847086099694383,0,0.10127542226818338,1.0
18,ewma,none,0.6,100,1.0,18.356,581.3368565656566,0.07926550194063094,1.4535757575757575,25.9457888333108,115.0,20.44,87.72,0.19730782855118667,0.8364014251781473,0,0.11403271596593213,1.0
19,ewma,none,0.6,100,1.0,18.3,582.4636808080809,0.08057163429965289,1.473090909090909,26.28521970705726,116.0,20.628,88.016,0.18538828940385635,0.8420798299023872,0,0.11118508655126498,1.0
20,ewma,none,0.6,100,1.0,16.24,582.4444929292931,0.09068163521300775,1.471151515151515,25.076482479784367,114.0,20.612,87.316,0.20414150129421915,0.8355707986281234,0,0.11570080862533692,1.0
21,ewma,none,0.6,100,1.0,16.8,584.422593939394,0.08956672655594224,1.501656565656566,25.795620437956206,116.0,20.804,87.836,0.1936159079016222,0.8407519236388429,0,0.11239524195728576,1.0
22,ewma,none,0.6,97,0.97,16.08,582.7303291666668,0.09193997578197946,1.4769166666666667,25.957281419825275,115.0,20.252,84.744,0.1840654454917304,0.8319360123349716,0,0.12155190204306253,1.0
23,ewma,none,0.6,97,0.97,17.692,585.8037041666666,0.08600463948371745,1.5206666666666666,27.024202496532595,117.0,19.012,85.352,0.19663133989401968,0.8329811958588633,0,0.11144244105409154,1.0
24,ewma,none,0.6,100,1.0,17.168,584.0669858585859,0.08741819328475674,1.4988282828282826,26.277315472566134,116.0,20.892,87.936,0.1943697328312713,0.8368436964627632,0,0.11223868479805155,1.0
25,ewma,none,0.6,99,0.99,17.112,581.6038122448981,0.08529895291449914,1.4584897959183671,25.6493904515426,115.0,20.56,86.776,0.18679750223015165,0.8317397732873336,0,0.11850439283525165,1.0
26,ewma,none,0.6,100,1.0,18.844,583.5606626262628,0.07906858888159198,1.4887676767676767,25.3321469343899,116.0,19.96,88.568,0.19186046511627908,0.8430906081919736,0,0.10422402793633738,1.0
27,ewma,none,0.6,100,1.0,16.748,582.6974787878788,0.0880439979926048,1.4704242424242424,23.956302181524375,114.0,19.652,88.148,0.18888888888888888,0.8378621378621378,0,0.11143280366280636,1.0
28,ewma,none,0.6,100,1.0,16.772,579.9021656565657,0.08552418908729538,1.4325252525252525,25.691487926615405,115.0,21.172,87.428,0.19179986101459348,0.8322920734088247,0,0.11891272089572373,1.0
29,ewma,none,0.6,100,1.0,17.036,583.5314989898991,0.08749374185612575,1.4883636363636366,24.794835298901994,115.0,20.108,88.06,0.1981785063752277,0.8360655737704918,0,0.11041073607157381,1.0
30,ewma,none,0.6,93,0.93,16.6,584.6718260869566,0.0913164802992135,1.5108695652173916,27.240869063086475,115.0,19.76,80.88,0.19256095390638903,0.836245188036719,0,0.12133679803666811,1.0
31,ewma,none,0.6,100,1.0,15.632,582.1426383838384,0.0940846003669533,1.4682020202020203,25.623299262167468,115.0,20.704,87.292,0.1987910189982729,0.8313418217433889,0,0.11866242469369796,1.0
32,ewma,none,0.6,100,1.0,18.244,581.5846585858586,0.08016788716195322,1.4594747474747474,26.379186440677966,116.0,20.612,87.272,0.20067911714770797,0.8336872586872587,0,0.11783050847457627,1.0
33,ewma,none,0.6,100,1.0,17.532,585.2711757575759,0.08645196217420158,1.5128484848484849,25.98201609086607,115.0,19.344,87.976,0.1977680204903037,0.8330948487326247,0,0.1120275843418295,1.0
34,ewma,none,0.6,100,1.0,16.64,584.9738707070708,0.09083029972931933,1.5093737373737375,25.230170968823334,115.0,20.232,88.564,0.1861952228700395,0.8395125477641227,0,0.10660408984244049,1.0
35,ewma,none,0.6,100,1.0,22.688,579.1615191919193,0.06251437007298459,1.4158787878787877,27.909886264216972,118.0,19.688,88.864,0.19610925525643544,0.8410653858749045,0,0.10115081768625075,1.0
36,ewma,none,0.6,97,0.97,18.764,577.2011791666667,0.07458813693240454,1.3969166666666668,28.680227319980595,118.0,21.636,83.568,0.1955958549222798,0.8337547408343868,0,0.12994663524845795,1.0
37,ewma,none,0.6,96,0.96,19.56,586.844332631579,0.07850481530780701,1.5334736842105263,26.74194448319152,118.0,18.244,85.296,0.18460588598477054,0.8336520076481836,0,0.10461710140884363,1.0
38,ewma,none,0.6,100,1.0,16.076,583.2476404040405,0.0925916287053542,1.4864242424242424,25.96283305227656,115.0,21.032,87.436,0.19084099421178072,0.8373800112930547,0,0.11838111298482293,1.0
39,ewma,none,0.6,100,1.0,17.024,582.9280565656566,0.08694618736383442,1.4777373737373736,24.65194735787294,115.0,19.96,88.448,0.18865116279069769,0.8434430379746836,0,0.10621952034204021,1.0
40,ewma,none,0.6,100,1.0,16.76,586.1606181818181,0.091261347441688,1.5267070707070707,25.536488487949374,116.0,20.112,88.388,0.1907311669128508,0.8393329265812487,0,0.1078497374444594,1.0
41,ewma,none,0.6,100,1.0,17.388,582.2815595959597,0.08471753586779388,1.470989898989899,26.38909214092141,116.0,21.2,87.576,0.2008990318118949,0.8406421299921691,0,0.11266937669376693,1.0
42,ewma,none,0.6,100,1.0,16.168,583.1203555555556,0.09177811825066726,1.4818181818181817,25.779724315882394,115.0,20.852,87.396,0.19572025052192066,0.833398361295357,0,0.11882936103755008,1.0
43,ewma,none,0.6,96,0.96,17.496,580.2988084210527,0.08265954742377099,1.441978947368421,25.82324012926795,116.0,20.956,83.04,0.19567354965585054,0.8383189576069003,0,0.12533370802304342,1.0
44,ewma,none,0.6,100,1.0,17.404,581.3911636363637,0.08368736053343895,1.4546666666666666,26.217127034510703,116.0,20.66,87.376,0.19983150800336985,0.8402271651680076,0,0.11521577632200986,1.0
45,ewma,none,0.6,100,1.0,16.252,584.6870424242425,0.0929003390581822,1.5076363636363634,25.32173095014111,115.0,20.768,87.82,0.19286588564434343,0.8401906429335668,0,0.11228329525601398,1.0
46,ewma,none,0.6,99,0.99,18.064,582.9969755102043,0.08218835832578646,1.4824489795918365,27.256899488926745,116.0,20.452,86.768,0.19238368959942517,0.8320749018423437,0,0.11652470187393527,1.0
47,ewma,none,0.6,100,1.0,17.196,577.8967393939395,0.08143823755268545,1.39810101010101,26.4093528071821,116.0,21.06,86.856,0.1925545571245186,0.8384806531771388,0,0.12267184778239314,1.0
48,ewma,none,0.6,99,0.99,16.864,581.2664000000001,0.08624736420884144,1.452,24.88345480553096,115.0,20.232,87.264,0.19251529327096079,0.8408770871052103,0,0.10918874736053402,1.0
49,ewma,none,0.6,100,1.0,17.188,579.0867797979798,0.08277938222958862,1.4201616161616162,26.40056531395114,115.0,21.352,86.88,0.19826882247264413,0.834972878551071,0,0.1214752002153577,1.0
0,ewma,none,0.7,99,0.99,19.264,592.2328938775512,0.08372153704042565,1.6078775510204082,21.906438515081206,114.0,16.9,91.536,0.1091783016708629,0.9016782356559178,0,0.06566125290023202,1.0
1,ewma,none,0.7,100,1.0,17.768,594.7914060606063,0.09250218299263707,1.6418989898989897,22.24520231213873,115.0,15.56,92.892,0.11542338709677419,0.8982688192958569,0,0.06138728323699422,1.0
2,ewma,none,0.7,100,1.0,18.98,591.5505858585859,0.0841798549652007,1.595878787878788,22.42081993569132,114.0,16.496,92.536,0.11131942816967424,0.8978421196394428,0,0.06505512172714745,1.0
3,ewma,none,0.7,99,0.99,17.016,590.743306122449,0.09323294984660532,1.5847755102040815,20.64817943489659,112.0,16.82,91.276,0.10728056248582445,0.8968164955568976,0,0.07008447422079814,1.0
4,ewma,none,0.7,100,1.0,17.828,592.4819151515153,0.09035658268269206,1.6092525252525252,21.902061558006583,112.0,16.896,92.264,0.11143302874972141,0.9003655530051857,0,0.0683143731593232,1.0
5,ewma,none,0.7,97,0.97,17.844,589.5030041666668,0.08781520808250201,1.5648333333333335,21.54227995947798,113.0,16.448,89.012,0.1142347166443552,0.8953942895989123,0,0.07341636374471128,1.0
6,ewma,none,0.7,100,1.0,19.508,593.0847272727274,0.08323744774890286,1.620969696969697,22.632182576459684,115.0,16.6,92.424,0.11771507863089732,0.8997852541159628,0,0.06528035217794254,1.0
7,ewma,none,0.7,100,1.0,16.84,588.9869979797982,0.09262626714339821,1.5578989898989901,21.227576197387517,113.0,17.388,91.98,0.11453551912568306,0.8956745182012847,0,0.0709433962264151,1.0
8,ewma,none,0.7,100,1.0,20.856,589.1932525252525,0.07483527458936931,1.5582626262626262,23.732228446035688,115.20000000000073,16.396,92.5,0.11493706957967229,0.8987227103904339,0,0.06536929029277588,1.0
9,ewma,none,0.7,100,1.0,19.616,590.2605696969698,0.0804852552256061,1.5753535353535353,23.475757926405926,115.0,17.048,92.108,0.1108357738229331,0.8951647781333795,0,0.07099051145568155,1.0
10,ewma,none,0.7,100,1.0,20.32,593.1720282828284,0.07997088602661848,1.621212121212121,23.193215254139503,112.0,17.116,92.064,0.10780265159747882,0.8990040332537658,0,0.07125137021865804,1.0
11,ewma,none,0.7,100,1.0,20.44,591.5309090909092,0.07832912381698179,1.5983030303030306,23.67918324969718,116.0,16.704,92.424,0.11113678373382625,0.8968850698174007,0,0.06696660321854993,1.0
12,ewma,none,0.7,100,1.0,17.448,590.8968969696971,0.09105373740848458,1.5868686868686868,21.30116051936114,113.0,17.12,92.32,0.10948905109489052,0.9010145792480178,0,0.06716074916695393,1.0
13,ewma,none,0.7,100,1.0,17.356,589.7691070707072,0.0905130658146654,1.5691717171717172,21.45917070917071,114.0,17.264,91.928,0.11412924424972617,0.8943089430894309,0,0.07172557172557173,1.0
14,ewma,none,0.7,100,1.0,16.508,590.8121616161617,0.09625632468475606,1.5872727272727272,20.80847750865052,113.0,17.24,91.992,0.11335676625659051,0.8956231834501625,0,0.07087658592848904,1.0
15,ewma,none,0.7,100,1.0,17.144,590.8272565656567,0.09249925710493306,1.5837979797979798,21.48540484188579,114.0,16.448,92.352,0.11441169644929218,0.8968814225717094,0,0.0675315649252867,1.0
16,ewma,none,0.7,82,0.82,18.448,592.9042913580247,0.0879061412002531,1.6197037037037036,22.24907749077491,114.0,13.74,75.432,0.11721817162086372,0.8960148083623694,0,0.06883338064149873,1.0
17,ewma,none,0.7,97,0.97,18.736,592.1673000000001,0.08565897617819057,1.602875,20.83809862073048,112.0,15.288,89.904,0.11189836305888101,0.9008163648306278,0,0.0629846682057657,1.0
18,ewma,none,0.7,100,1.0,18.896,590.508997979798,0.08372552007866764,1.5803636363636364,21.8578352180937,113.0,16.708,92.32,0.11311700182815357,0.8978371724986812,0,0.0676782829448419,1.0
19,ewma,none,0.7,100,1.0,18.756,591.4536121212122,0.08522684498928049,1.5972121212121213,22.369189220249382,114.0,16.96,92.412,0.1059542676024451,0.9001985668652336,0,0.06728724932482905,1.0
20,ewma,none,0.7,100,1.0,16.812,591.6089737373737,0.09514034792368124,1.5985454545454545,21.051331018518518,113.0,17.06,91.96,0.12004429678848283,0.8958641706573792,0,0.07008101851851851,1.0
21,ewma,none,0.7,100,1.0,17.392,593.2878262626264,0.09344914174423978,1.6237575757575757,21.840812089052946,114.0,17.128,92.212,0.11280214861235452,0.8971557405480403,0,0.06869304418041297,1.0
22,ewma,none,0.7,97,0.97,16.48,591.7776500000001,0.09733665577342047,1.6027916666666668,21.231884057971016,114.0,16.928,89.216,0.11155913978494623,0.8971914008321775,0,0.0708600617723925,1.0
23,ewma,none,0.7,97,0.97,18.172,594.6214291666666,0.09045568168787983,1.6429166666666666,22.999285459092533,115.0,15.752,89.66,0.11181026137463698,0.8953663590129968,0,0.06663093962129332,1.0
24,ewma,none,0.7,100,1.0,17.732,593.3635959595961,0.09181257240447127,1.6264242424242423,22.249029716735215,114.0,16.972,92.396,0.11592532841668587,0.8985753964698504,0,0.06632682615999537,1.0
25,ewma,none,0.7,99,0.99,17.632,590.8445551020409,0.09000257295900818,1.586204081632653,21.10593121197941,113.0,16.812,91.372,0.11144029170464904,0.8982573490582644,0,0.0680276087973795,1.0
26,ewma,none,0.7,100,1.0,19.332,592.3901454545455,0.08335968243047706,1.609939393939394,21.65121387283237,113.0,16.18,92.712,0.11405835543766578,0.9004883442366166,0,0.06312138728323699,1.0
27,ewma,none,0.7,100,1.0,17.56,591.7763353535354,0.09115548380259424,1.596929292929293,19.499425617461227,111.0,16.088,92.876,0.10682845586485844,0.9057271842081969,0,0.06186099942561746,1.0
28,ewma,none,0.7,100,1.0,17.172,589.2341010101011,0.09103053305674563,1.5615353535353533,21.087232813402657,113.0,17.268,92.1,0.11641391614629795,0.8970996873914554,0,0.06920854997111496,1.0
29,ewma,none,0.7,100,1.0,17.56,592.7830101010102,0.09214689377434475,1.616,20.735604829347572,113.0,16.376,92.588,0.11531235321747299,0.8998362445414847,0,0.06431390759229162,1.0
30,ewma,none,0.7,93,0.93,17.5,594.194204347826,0.09412420178216213,1.642608695652174,23.19162271175923,115.0,16.416,85.268,0.11306131752906314,0.8961541846343395,0,0.07340986658392802,1.0
31,ewma,none,0.7,100,1.0,16.196,591.2873373737375,0.09866428147016383,1.5953939393939396,21.382194087926127,114.0,17.236,91.956,0.11869632239594803,0.8947552142420805,0,0.07067773970613857,1.0
32,ewma,none,0.7,100,1.0,19.004,591.1725212121212,0.08391082114575407,1.592808080808081,22.07692751615882,113.0,16.98,92.192,0.11621265377855887,0.9003248418533083,0,0.06763619575253925,1.0
33,ewma,none,0.7,100,1.0,18.04,594.2151313131315,0.09090083045800282,1.6371717171717173,21.83225133317876,114.0,16.08,92.54,0.11354019746121298,0.8984176064023282,0,0.06538372362624623,1.0
34,ewma,none,0.7,100,1.0,17.164,594.2031353535355,0.09538674324948834,1.635717171717172,21.138540347645908,114.0,16.22,92.924,0.11197097944377267,0.9046479521398988,0,0.06049269022677564,1.0
35,ewma,none,0.7,100,1.0,23.312,587.6326424242426,0.0658426205210395,1.5327272727272727,24.46828789279113,113.0,15.868,92.944,0.11675511751326763,0.9005149130477024,0,0.060536044362292055,1.0
36,ewma,none,0.7,97,0.97,19.728,587.6427875,0.07831234991072453,1.5435,24.10532544378698,116.0,17.9,88.88,0.10520745131244708,0.8990898930225132,0,0.07562130177514793,1.0
37,ewma,none,0.7,96,0.96,20.208,595.6032715789473,0.08193080244470827,1.6536842105263159,23.002033736092834,114.0,14.592,89.228,0.10758988015978695,0.8971485742871436,0,0.06178968776169398,1.0
38,ewma,none,0.7,100,1.0,16.556,592.8877939393941,0.09796748200963887,1.6195959595959595,21.319568602572236,114.0,17.184,92.156,0.11611062335381914,0.9019591426657736,0,0.0677663071688102,1.0
39,ewma,none,0.7,100,1.0,17.492,592.0985494949497,0.09183924556886373,1.604080808080808,20.56988324175824,112.0,16.116,92.864,0.111164813919768,0.9052375809935205,0,0.060840201465201464,1.0
40,ewma,none,0.7,100,1.0,17.32,595.3994626262627,0.09556114081996435,1.6532929292929293,21.575532527346,114.0,16.152,92.756,0.11084510414172852,0.9019235979409375,0,0.06309729418537709,1.0
41,ewma,none,0.7,100,1.0,17.888,591.5066101010102,0.0895124924859187,1.598787878787879,22.41894163333913,115.0,17.5,92.22,0.11491442542787286,0.8996608990522563,0,0.0678722541007361,1.0
42,ewma,none,0.7,100,1.0,16.472,592.2204848484848,0.09774718756189343,1.6084040404040405,21.370864770748693,114.0,17.364,92.076,0.11185383244206773,0.8948922863099374,0,0.07092280905397562,1.0
43,ewma,none,0.7,96,0.96,18.356,590.2800084210527,0.08626897995763402,1.5810105263157894,21.23587120072224,111.0,17.328,87.992,0.11241467576791808,0.9012345679012346,0,0.07348781221787541,1.0
44,ewma,none,0.7,100,1.0,17.964,590.2890828282829,0.08793015205373306,1.5781818181818184,22.435466158025548,114.0,17.204,91.924,0.11466897446992644,0.8962788348206768,0,0.07149875729726606,1.0
45,ewma,none,0.7,100,1.0,16.664,594.043381818182,0.09829516075790586,1.636727272727273,21.32379526743048,114.0,17.024,92.404,0.1075073712860059,0.9002674488827539,0,0.0673613909839369,1.0
46,ewma,none,0.7,99,0.99,18.64,592.7534653061225,0.08683932159329899,1.6170204081632653,23.01513563860752,115.0,16.592,91.46,0.10843655059593363,0.8968006416540415,0,0.06816858772848992,1.0
47,ewma,none,0.7,100,1.0,17.8,587.0836040404041,0.08588873513254319,1.526989898989899,21.8889780938181,114.0,17.492,91.788,0.11496161029259182,0.9019004810346187,0,0.07162518637458425,1.0
48,ewma,none,0.7,99,0.99,17.304,590.3207877551022,0.09128928746937372,1.5766122448979591,20.86960321622094,114.0,16.368,91.652,0.10978464419475656,0.9011400071250445,0,0.06502359727320399,1.0
49,ewma,none,0.7,100,1.0,17.752,588.1085656565657,0.0872112725118401,1.5458585858585858,22.449708244265988,115.0,17.82,91.556,0.1115546218487395,0.8922385620915033,0,0.07643422496966897,1.0
0,ewma,none,0.8,99,0.99,19.304,601.4040408163266,0.08980655095485449,1.7305306122448978,18.17703737512044,21.0,11.916,95.172,0.04379806084921431,0.9552472764323223,0,0.02915969369643491,1.0
1,ewma,none,0.8,100,1.0,18.056,603.5113696969697,0.09747212753611104,1.7588282828282829,18.938134950720244,19.0,10.9,96.444,0.04951958610495196,0.9564275814275814,0,0.02552438716199141,1.0
2,ewma,none,0.8,100,1.0,19.544,600.4504727272729,0.0878192163911462,1.7151111111111113,19.382440251572326,20.0,11.712,96.168,0.043850633778691334,0.9535317492498581,0,0.029081761006289307,1.0
3,ewma,none,0.8,99,0.99,17.46,599.8980693877552,0.09787513338668802,1.7074285714285713,17.09632420323796,18.0,11.98,95.04,0.04442970822281167,0.9534812076401725,0,0.030801344058649833,1.0
4,ewma,none,0.8,100,1.0,18.4,601.2965414141414,0.09394780276101225,1.7274343434343433,18.650176856998485,19.0,12.132,95.916,0.05162955792191029,0.953615694623983,0,0.030874178878221324,1.0
5,ewma,none,0.8,97,0.97,18.372,598.2634958333333,0.09172253128224975,1.6834166666666666,18.036617808147724,19.0,12.088,92.7,0.05024,0.9492571428571429,0,0.03473997183245527,1.0
6,ewma,none,0.8,100,1.0,20.244,601.57458989899,0.0857945267208425,1.734747474747475,19.799088838268794,21.0,12.204,95.92,0.051130776794493606,0.9508394248534019,0,0.03103011895722602,1.0
7,ewma,none,0.8,100,1.0,17.516,598.1640040404043,0.09608589159569553,1.6816969696969695,18.070229704376047,18.0,12.508,95.84,0.049019607843137254,0.9516350855745721,0,0.03219917854064196,1.0
8,ewma,none,0.8,100,1.0,21.576,598.0778828282829,0.07786191635914956,1.678060606060606,20.81988487174308,22.0,11.588,96.204,0.042767732962447846,0.9536124131242929,0,0.029085033326600687,1.0
9,ewma,none,0.8,100,1.0,20.356,599.5074262626264,0.0836028033045577,1.699878787878788,20.130461073318216,21.0,11.996,95.972,0.04849884526558892,0.9532731899144112,0,0.030687830687830688,1.0
10,ewma,none,0.8,100,1.0,21.16,602.0489616161617,0.08237776569022669,1.7407676767676767,19.864171231487116,22.0,12.404,95.756,0.053188180404354586,0.952936830439601,0,0.032460945425035505,1.0
11,ewma,none,0.8,100,1.0,21.252,600.9814222222224,0.08124375677485725,1.7247676767676767,20.424115901202274,22.0,11.664,96.184,0.04594962559564329,0.9551026906543544,0,0.0286231701795865,1.0
12,ewma,none,0.8,100,1.0,18.076,599.9050545454547,0.09456417980979384,1.7074747474747474,18.26792186870721,19.0,12.14,95.976,0.0527337431252022,0.9553157534767079,0,0.029802658074909383,1.0
13,ewma,none,0.8,100,1.0,17.712,598.8325414141416,0.09558059438554795,1.6917979797979799,17.76605016468204,18.0,12.564,95.876,0.04688483322844556,0.9518053855569155,0,0.032024322270078544,1.0
14,ewma,none,0.8,100,1.0,16.96,599.8908404040404,0.10091694985632033,1.7096161616161616,17.542082594375476,18.0,12.568,95.812,0.04692913385826772,0.9505927342256214,0,0.0328350646060299,1.0
15,ewma,none,0.8,100,1.0,17.696,599.6137414141415,0.09624901665433142,1.7018585858585857,18.315842736426657,18.0,11.732,95.992,0.05242070116861436,0.9524190323870452,0,0.030106765167231694,1.0
16,ewma,none,0.8,82,0.82,19.212,602.2264197530865,0.09089829402846258,1.7441975308641975,19.14118227816858,20.0,9.768,78.504,0.046798029556650245,0.9509404692650766,0,0.03134641490805874,1.0
17,ewma,none,0.8,97,0.97,19.308,600.4881541666668,0.08890851608187134,1.7147916666666667,17.635569876825528,20.0,11.068,93.256,0.043738977072310406,0.9530004196391104,0,0.029208461098695494,1.0
18,ewma,none,0.8,100,1.0,19.372,599.2275676767678,0.08770019493177388,1.6974949494949494,18.62525313892264,20.0,12.096,95.932,0.0511400651465798,0.9520504731861199,0,0.030882948562170918,1.0
19,ewma,none,0.8,100,1.0,19.14,600.676795959596,0.08996082462047375,1.7206060606060605,18.91485826494134,20.0,12.076,96.152,0.04717914879577697,0.9565116817025214,0,0.028598761391672122,1.0
20,ewma,none,0.8,100,1.0,17.34,600.5115111111113,0.09919819106093616,1.718747474747475,17.77147644191714,18.0,12.52,95.756,0.05812126924285266,0.9513146602168995,0,0.0317323314378554,1.0
21,ewma,none,0.8,100,1.0,17.796,602.5056686868687,0.09820596487753351,1.747111111111111,18.300151057401813,18.0,12.128,95.94,0.04874059535492313,0.9524839681681218,0,0.030966767371601207,1.0
22,ewma,none,0.8,97,0.97,16.728,600.9170416666667,0.10321675857843138,1.7257083333333334,17.75377958502763,17.0,12.316,92.924,0.04244372990353698,0.9507370054305664,0,0.03320821603586696,1.0
23,ewma,none,0.8,97,0.97,18.6,603.6971541666668,0.09492343194587778,1.7645,19.883147936375924,19.0,11.188,93.272,0.04248482684755445,0.9530504644740145,0,0.029264996361368124,1.0
24,ewma,none,0.8,100,1.0,18.004,602.2018060606061,0.09694251163162411,1.744121212121212,19.15093574073135,19.0,12.208,95.876,0.04643449419568822,0.9488185822987585,0,0.03251001673682609,1.0
25,ewma,none,0.8,99,0.99,17.944,599.7234734693877,0.095062684723012,1.7054285714285715,17.644904621034378,18.0,12.064,94.996,0.048102094240837695,0.9524972427918702,0,0.030806895848209732,1.0
26,ewma,none,0.8,100,1.0,19.724,601.1665131313133,0.08758582483143887,1.7267070707070706,18.458508642976632,20.0,11.376,96.128,0.05456453305351522,0.9537929330368174,0,0.02843818117301161,1.0
27,ewma,none,0.8,100,1.0,18.348,599.8930505050506,0.09309574155729985,1.705737373737374,16.622289460413516,19.0,11.608,96.136,0.04957555178268251,0.9549980087614496,0,0.02869389813414019,1.0
28,ewma,none,0.8,100,1.0,17.652,598.2352646464648,0.09537454350870243,1.6822626262626263,17.922707511879487,18.0,12.3,95.748,0.051496620534277435,0.9495850461490731,0,0.03285815387726216,1.0
29,ewma,none,0.8,100,1.0,17.932,601.543276767677,0.09669441317196736,1.7328080808080808,17.67826528024347,18.0,11.724,96.088,0.04969574036511156,0.9528148389196225,0,0.029419223941161553,1.0
30,ewma,none,0.8,93,0.93,18.256,603.9946086956522,0.09732535689714482,1.7741304347826086,19.673327541268463,19.0,11.9,89.06,0.04838182412553122,0.953746749665117,0,0.03187445699391833,1.0
31,ewma,none,0.8,100,1.0,16.74,600.9011757575759,0.10312302766224335,1.7245252525252524,17.90686845168801,17.0,12.256,95.94,0.05308880308880309,0.9538473471920571,0,0.030267753201396973,1.0
32,ewma,none,0.8,100,1.0,19.54,600.148,0.08776393657941645,1.7134949494949494,19.0,20.0,12.36,95.936,0.04946439823566478,0.9535026001835424,0,0.030768453493659375,1.0
33,ewma,none,0.8,100,1.0,18.576,602.9430303030304,0.09451351492218364,1.7541414141414138,18.640254686947294,19.0,11.62,96.124,0.05152542372881356,0.9540650406504065,0,0.02865228157056951,1.0
34,ewma,none,0.8,100,1.0,17.644,603.1235515151515,0.09951230919445575,1.7547878787878788,18.103907860986773,18.0,11.376,96.492,0.03684971098265896,0.9572432962720733,0,0.026354171905648042,1.0
35,ewma,none,0.8,100,1.0,23.712,595.8251474747476,0.06933922439147736,1.643030303030303,21.508984453866344,24.0,11.192,96.288,0.04637467795362532,0.9531778375097546,0,0.02781142741772663,1.0
36,ewma,none,0.8,97,0.97,20.348,597.5906291666666,0.08248935359231413,1.67725,20.442938437661667,21.0,12.784,92.828,0.04901356350184957,0.9550192774525204,0,0.032747025349198135,1.0
37,ewma,none,0.8,96,0.96,20.752,603.7890694736843,0.08503323140386851,1.763242105263158,19.834622467771638,22.0,10.388,92.412,0.05669710806697108,0.9554037043697177,0,0.02615101289134438,1.0
38,ewma,none,0.8,100,1.0,16.78,601.9547474747476,0.10384965669769591,1.740969696969697,17.827769347496208,17.0,12.448,95.848,0.048672566371681415,0.9526844631073785,0,0.032018209408194234,1.0
39,ewma,none,0.8,100,1.0,17.868,600.4811757575758,0.09622482391858037,1.7164444444444447,17.642594365771306,19.0,11.6,96.22,0.05085910652920962,0.9560777957860616,0,0.027415209393740866,1.0
40,ewma,none,0.8,100,1.0,17.672,603.6064040404042,0.09981545850663497,1.7628686868686871,18.550275795759323,18.0,11.736,96.06,0.05361384458771632,0.9531821506949525,0,0.029198927179798592,1.0
41,ewma,none,0.8,100,1.0,18.436,600.6066545454545,0.09344247427838759,1.7205656565656566,19.38894247855003,19.0,12.592,95.892,0.045019157088122604,0.9513521914827479,0,0.0322384119409047,1.0
42,ewma,none,0.8,100,1.0,16.744,601.6764565656567,0.10370282894302503,1.7352323232323232,17.769703745109,17.0,12.284,95.928,0.05275008041170794,0.9533783259638507,0,0.030641800904517506,1.0
43,ewma,none,0.8,96,0.96,19.112,599.8274315789474,0.08955251950826498,1.7097263157894738,17.756604567940215,20.0,12.66,91.88,0.04408138101109741,0.9536929339924397,0,0.03352278707504473,1.0
44,ewma,none,0.8,100,1.0,18.428,599.4616363636364,0.09243593833067518,1.701979797979798,18.894349142280525,19.0,12.432,95.836,0.052070263488080304,0.9530498798076923,0,0.03153380423814329,1.0
45,ewma,none,0.8,100,1.0,16.996,602.8570585858587,0.10327214960058097,1.7542222222222221,18.241482155494893,18.0,12.308,95.94,0.03829787234042553,0.9502510621861723,0,0.032706500859367105,1.0
46,ewma,none,0.8,99,0.99,18.976,601.9422081632654,0.09176600003409885,1.740122448979592,19.400489396411093,20.0,11.888,95.172,0.047106325706594884,0.9549010217113666,0,0.028904975530179445,1.0
47,ewma,none,0.8,100,1.0,18.372,595.6690262626263,0.08955622270173354,1.643878787878788,18.752798789712557,19.0,12.928,95.584,0.050983899821109124,0.9518591828078609,0,0.03444276348966213,1.0
48,ewma,none,0.8,99,0.99,17.48,598.8687469387755,0.09689781000119345,1.6916326530612247,17.360434295035173,18.0,11.856,95.204,0.049016338779593195,0.9558435325173986,0,0.028137424813946377,1.0
49,ewma,none,0.8,100,1.0,18.18,597.7362868686869,0.09228587908670469,1.6764848484848485,18.453940066592676,19.0,12.872,95.748,0.051094890510948905,0.9531067677946324,0,0.03248915346584603,1.0
0,ewma,none,0.9,99,0.99,19.132,609.4805142857143,0.09591025150091935,1.8334693877551023,15.821276980041542,19.0,6.044,97.34,0.011984021304926764,0.9896827624929815,0,0.006637767542671363,1.0
1,ewma,none,0.9,100,1.0,18.068,610.4176686868688,0.10223432814557687,1.8467070707070707,17.12193037690024,18.0,5.856,98.308,0.011740331491712707,0.9878144039993751,0,0.007016281370873437,1.0
2,ewma,none,0.9,100,1.0,19.896,608.2471878787879,0.09123455608718767,1.8148282828282827,17.5945097335606,20.0,6.032,98.324,0.0106951871657754,0.9888759633561146,0,0.00686283304925092,1.0
3,ewma,none,0.9,99,0.99,17.912,607.8990081632654,0.10108149926637322,1.8102448979591836,15.12147751508826,18.0,6.288,97.316,0.0103026400515132,0.9893403474769848,0,0.007033625266597086,1.0
4,ewma,none,0.9,100,1.0,18.86,609.2635353535355,0.097063952215655,1.830060606060606,16.596919761124333,19.0,6.396,98.24,0.014383989993746092,0.9886014606511501,0,0.007498540703156572,1.0
5,ewma,none,0.9,97,0.97,18.864,606.7267583333336,0.09508808479532163,1.7932083333333333,15.393000785909113,19.0,6.404,95.252,0.008125,0.9881228668941979,0,0.008044010910267671,1.0
6,ewma,none,0.9,100,1.0,20.808,609.8292040404042,0.08846163388268653,1.8400808080808078,17.926067415730337,21.0,6.36,98.248,0.008296107211231652,0.987439890906481,0,0.007865168539325843,1.0
7,ewma,none,0.9,100,1.0,17.884,606.0691757575759,0.09974740872780088,1.7835151515151515,16.151549321185332,18.0,6.744,98.124,0.01369047619047619,0.986547700754976,0,0.008840377069144378,1.0
8,ewma,none,0.9,100,1.0,21.896,605.6292282828283,0.08110703990783043,1.7752323232323233,18.80273542600897,22.0,6.008,98.344,0.011440107671601614,0.9893199651264167,0,0.0065919282511210766,1.0
9,ewma,none,0.9,100,1.0,20.844,607.2391959595959,0.08637341333130807,1.799878787878788,18.363399631841244,21.0,6.36,98.244,0.013240857503152586,0.9883446649091161,0,0.007542764782472051,1.0
10,ewma,none,0.9,100,1.0,21.804,610.5428727272728,0.08489008701735974,1.8503030303030301,17.742406542056074,22.0,6.476,98.312,0.014136447449293177,0.9901474575150433,0,0.006694823867721064,1.0
11,ewma,none,0.9,100,1.0,21.84,608.8790707070708,0.08359953649044559,1.8253737373737373,18.452477951381116,22.0,6.068,98.38,0.010659560293137908,0.9900707193370956,0,0.006222858933607915,1.0
12,ewma,none,0.9,100,1.0,18.704,607.8391030303031,0.09679109637829968,1.8092525252525251,16.701755957713672,19.0,6.328,98.2,0.01265022137887413,0.9877292248960393,0,0.00806307113420534,1.0
13,ewma,none,0.9,100,1.0,17.916,606.9369131313132,0.10027913118109197,1.7962828282828285,15.397331289726367,18.0,6.688,98.224,0.015531660692951015,0.9884742041712404,0,0.00757336699274219,1.0
14,ewma,none,0.9,100,1.0,17.572,608.2729212121213,0.10350858255760217,1.8168080808080806,15.691294773268616,18.0,6.548,98.172,0.014687882496940025,0.9874794745484401,0,0.008224349467439666,1.0
15,ewma,none,0.9,100,1.0,17.972,607.433393939394,0.10032109884535066,1.8026666666666664,16.343167632134357,18.0,6.172,98.288,0.007797270955165692,0.9881097342597235,0,0.00745430868022812,1.0
16,ewma,none,0.9,82,0.82,19.824,610.3918567901235,0.09328855678290375,1.8483950617283949,17.204098405566818,20.0,5.112,80.412,0.010309278350515464,0.9883366698581252,0,0.00734206344857816,1.0
17,ewma,none,0.9,97,0.97,19.808,607.9303333333334,0.0914090155945419,1.8099583333333331,15.52619124947803,20.0,5.876,95.292,0.014844804318488529,0.9883177570093458,0,0.0071915742588038786,1.0
18,ewma,none,0.9,100,1.0,19.8,607.0255636363637,0.09083031484434992,1.797818181818182,16.668722704966008,20.0,6.472,98.196,0.009993753903810118,0.9869248710156194,0,0.008329206249155823,1.0
19,ewma,none,0.9,100,1.0,19.136,608.5260969696969,0.09517276862189143,1.8205252525252524,16.851005566529,19.0,6.372,98.288,0.009541984732824428,0.9887718325478236,0,0.0073172921529897645,1.0
20,ewma,none,0.9,100,1.0,17.772,608.8066787878789,0.10273981646530668,1.8250505050505048,15.994367339581832,18.0,6.632,98.124,0.013398294762484775,0.9862794261039142,0,0.008877072819033886,1.0
21,ewma,none,0.9,100,1.0,17.976,610.5933131313133,0.10297128144186968,1.8509090909090908,16.007924781732708,18.0,6.364,98.28,0.013871374527112233,0.9890384348550021,0,0.007074098947839714,1.0
22,ewma,none,0.9,97,0.97,16.912,609.2874000000002,0.10840548406862745,1.833,15.456540906770616,17.0,6.66,95.292,0.007263922518159807,0.9885001393922498,0,0.007656967840735069,1.0
23,ewma,none,0.9,97,0.97,18.876,611.2484708333334,0.09861001461988304,1.860916666666667,18.02625962698339,19.0,6.076,95.352,0.011295681063122924,0.9890524726311816,0,0.006727289598218428,1.0
24,ewma,none,0.9,100,1.0,18.064,610.6629050505052,0.10255797743517041,1.8522020202020204,16.718047989915814,18.0,6.284,98.304,0.012305699481865285,0.9888936658068215,0,0.006977895826768108,1.0
25,ewma,none,0.9,99,0.99,18.012,607.8148979591838,0.10043573218761187,1.8089795918367346,15.20966205488773,18.0,6.248,97.24,0.01348747591522158,0.9881631790319172,0,0.00766613744613291,1.0
26,ewma,none,0.9,100,1.0,19.98,608.8844929292931,0.0913482139692666,1.8250505050505048,16.58313068540034,20.0,5.94,98.3,0.01549865229110512,0.9887540692512578,0,0.00684499684769882,1.0
27,ewma,none,0.9,100,1.0,18.856,607.3176242424244,0.09555935689888219,1.801252525252525,14.782696629213483,19.0,6.264,98.272,0.01348747591522158,0.9885247077386502,0,0.007235955056179775,1.0
28,ewma,none,0.9,100,1.0,17.94,606.8630545454546,0.10000897867564536,1.7938989898989899,15.551554241691301,18.0,6.232,98.376,0.009085009733939001,0.9902482882633654,0,0.006360297411090209,1.0
29,ewma,none,0.9,100,1.0,18.036,609.3765575757576,0.10162536962330565,1.8326464646464646,15.630336876238516,18.0,6.152,98.272,0.014332247557003257,0.988333940940576,0,0.0072059088452531075,1.0
30,ewma,none,0.9,93,0.93,18.848,612.7855913043478,0.10007370514948923,1.885565217391304,17.85464444016188,19.0,6.12,91.296,0.014925373134328358,0.9892321767893588,0,0.007371362497591058,1.0
31,ewma,none,0.9,100,1.0,16.956,608.890084848485,0.10774469862018882,1.8266262626262624,15.95331861397738,17.0,6.588,98.196,0.011550151975683891,0.9873911529083943,0,0.008200784031000765,1.0
32,ewma,none,0.9,100,1.0,19.88,608.4592646464647,0.09155279106858055,1.8196767676767676,17.159431339133555,20.0,6.424,98.264,0.013043478260869565,0.9888661202185792,0,0.0073100726522558074,1.0
33,ewma,none,0.9,100,1.0,18.884,610.7744808080809,0.09818700246357627,1.8536565656565656,16.973860018831548,19.0,6.088,98.296,0.009900990099009901,0.988278121587186,0,0.007218759808097565,1.0
34,ewma,none,0.9,100,1.0,17.94,610.8106424242426,0.10325307425823423,1.852040404040404,16.243447535557742,18.0,5.592,98.456,0.008765522279035792,0.9909030885481622,0,0.005546113248054388,1.0
35,ewma,none,0.9,100,1.0,23.964,603.3432040404042,0.07262022837066315,1.73979797979798,19.508374870896763,24.0,5.62,98.408,0.012354651162790697,0.9898244523846512,0,0.005882617091023396,1.0
36,ewma,none,0.9,97,0.97,20.868,606.2576500000001,0.08572630012531329,1.7884583333333335,18.527526325512653,21.0,6.76,95.208,0.010759115361625823,0.9885086987224755,0,0.008267134675780528,1.0
37,ewma,none,0.9,96,0.96,20.96,611.0849178947369,0.08859640009113692,1.8565473684210527,18.03238620431816,21.0,5.42,94.388,0.00820283370618941,0.9885566927230236,0,0.006636134218151229,1.0
38,ewma,none,0.9,100,1.0,16.94,610.6242707070709,0.10936180431768668,1.8517575757575757,15.378661650094061,17.0,6.328,98.308,0.0138801261829653,0.9898759637948374,0,0.006763414852638179,1.0
39,ewma,none,0.9,100,1.0,18.564,608.1999191919193,0.09791618281195165,1.814909090909091,16.16053316578404,19.0,6.076,98.364,0.00728959575878065,0.989229313732625,0,0.006642132663136163,1.0
40,ewma,none,0.9,100,1.0,17.92,611.5585333333335,0.10406073809995378,1.8644444444444443,16.613265122958175,18.0,6.016,98.284,0.0107095046854083,0.9881506251817389,0,0.007314665230658769,1.0
41,ewma,none,0.9,100,1.0,18.912,609.306690909091,0.09688996605198875,1.831959595959596,17.23135635073856,19.0,6.476,98.412,0.006918238993710692,0.9905621096460792,0,0.006106047681048803,1.0
42,ewma,none,0.9,100,1.0,16.908,609.7500282828285,0.10876752822341058,1.8385454545454545,15.845925258892391,17.0,6.52,98.232,0.009944064636420136,0.9878396219859634,0,0.007924358397118416,1.0
43,ewma,none,0.9,96,0.96,19.704,608.3856589473685,0.09238813173284087,1.8194947368421053,15.63680217309854,20.0,6.7,94.252,0.010682492581602374,0.9889650669278485,0,0.007914949419258148,1.0
44,ewma,none,0.9,100,1.0,18.868,607.9749696969698,0.09603378817413906,1.8114343434343432,16.867712804005723,19.0,6.3,98.288,0.0133248730964467,0.989480032162959,0,0.0070189556509299,1.0
45,ewma,none,0.9,100,1.0,17.036,611.2693050505051,0.1092986069848815,1.8617777777777775,15.804390769507048,17.0,6.42,98.36,0.005089058524173028,0.9894649293041309,0,0.0068240998473556615,1.0
46,ewma,none,0.9,99,0.99,19.012,609.9587224489798,0.09692155388471178,1.8421224489795918,17.169586131784353,19.0,6.256,97.38,0.005855562784645413,0.9895437943135429,0,0.006625521873298239,1.0
47,ewma,none,0.9,100,1.0,18.784,603.9123030303032,0.09327613249801073,1.7512323232323233,16.685512843542302,19.0,7.004,98.12,0.011344299489506523,0.9872910974137383,0,0.008981498113885397,1.0
48,ewma,none,0.9,99,0.99,17.816,606.5963836734695,0.10054715219421102,1.790530612244898,15.538304716169076,18.0,6.244,97.332,0.007731958762886598,0.9888872956696301,0,0.00702215376251529,1.0
49,ewma,none,0.9,100,1.0,18.144,605.9911393939394,0.09831113334931704,1.783030303030303,16.06988981335732,18.0,6.924,98.168,0.01099537037037037,0.9876244106862232,0,0.008500112435349674,1.0
0,ewma,none,1.0,99,0.99,19.0,615.7285714285716,0.10042964554242752,1.9081632653061225,15.081632653061224,19.0,0.0,98.0,nan,1.0,0,0.0,1.0
1,ewma,none,1.0,100,1.0,18.0,616.469696969697,0.10662177328843996,1.9191919191919191,16.363636363636363,18.0,0.0,99.0,nan,1.0,0,0.0,1.0
2,ewma,none,1.0,100,1.0,20.0,614.4333333333334,0.09444444444444446,1.888888888888889,17.01010101010101,20.0,0.0,99.0,nan,1.0,0,0.0,1.0
3,ewma,none,1.0,99,0.99,18.0,614.357142857143,0.10487528344671201,1.8877551020408165,14.510204081632653,18.0,0.0,98.0,nan,1.0,0,0.0,1.0
4,ewma,none,1.0,100,1.0,19.0,615.7909090909092,0.10047846889952151,1.9090909090909096,15.8989898989899,19.0,0.0,99.0,nan,1.0,0,0.0,1.0
5,ewma,none,1.0,97,0.97,19.0,613.5000000000001,0.09868421052631579,1.875,14.458333333333334,19.0,0.0,96.0,nan,1.0,0,0.0,1.0
6,ewma,none,1.0,100,1.0,21.0,616.469696969697,0.09139009139009138,1.9191919191919191,17.272727272727273,21.0,0.0,99.0,nan,1.0,0,0.0,1.0
7,ewma,none,1.0,100,1.0,18.0,613.0757575757577,0.10381593714927047,1.8686868686868687,15.393939393939394,18.0,0.0,99.0,nan,1.0,0,0.0,1.0
8,ewma,none,1.0,100,1.0,22.0,611.7181818181817,0.0840220385674931,1.848484848484848,18.2020202020202,22.0,0.0,99.0,nan,1.0,0,0.0,1.0
9,ewma,none,1.0,100,1.0,21.0,613.7545454545456,0.08946608946608947,1.878787878787879,17.858585858585858,21.0,0.0,99.0,nan,1.0,0,0.0,1.0
10,ewma,none,1.0,100,1.0,22.0,617.148484848485,0.08769513314967861,1.9292929292929295,17.22222222222222,22.0,0.0,99.0,nan,1.0,0,0.0,1.0
11,ewma,none,1.0,100,1.0,22.0,615.1121212121213,0.08631772268135904,1.8989898989898992,17.88888888888889,22.0,0.0,99.0,nan,1.0,0,0.0,1.0
12,ewma,none,1.0,100,1.0,19.0,614.4333333333334,0.09941520467836255,1.888888888888889,16.2020202020202,19.0,0.0,99.0,nan,1.0,0,0.0,1.0
13,ewma,none,1.0,100,1.0,18.0,613.7545454545456,0.10437710437710439,1.878787878787879,14.626262626262626,18.0,0.0,99.0,nan,1.0,0,0.0,1.0
14,ewma,none,1.0,100,1.0,18.0,615.1121212121213,0.10549943883277214,1.8989898989898992,15.252525252525253,18.0,0.0,99.0,nan,1.0,0,0.0,1.0
15,ewma,none,1.0,100,1.0,18.0,613.7545454545456,0.10437710437710439,1.878787878787879,15.636363636363637,18.0,0.0,99.0,nan,1.0,0,0.0,1.0
16,ewma,none,1.0,82,0.82,20.0,616.9222222222222,0.09629629629629631,1.925925925925926,16.604938271604937,20.0,0.0,81.0,nan,1.0,0,0.0,1.0
17,ewma,none,1.0,97,0.97,20.0,614.2000000000002,0.09427083333333332,1.885416666666667,14.760416666666666,20.0,0.0,96.0,nan,1.0,0,0.0,1.0
18,ewma,none,1.0,100,1.0,20.0,613.7545454545456,0.09393939393939393,1.878787878787879,15.909090909090908,20.0,0.0,99.0,nan,1.0,0,0.0,1.0
19,ewma,none,1.0,100,1.0,19.0,615.1121212121213,0.09994683678894202,1.8989898989898992,16.0,19.0,0.0,99.0,nan,1.0,0,0.0,1.0
20,ewma,none,1.0,100,1.0,18.0,615.7909090909092,0.10606060606060605,1.9090909090909096,15.373737373737374,18.0,0.0,99.0,nan,1.0,0,0.0,1.0
21,ewma,none,1.0,100,1.0,18.0,617.148484848485,0.10718294051627385,1.9292929292929295,15.333333333333334,18.0,0.0,99.0,nan,1.0,0,0.0,1.0
22,ewma,none,1.0,97,0.97,17.0,616.3,0.1127450980392157,1.916666666666667,14.822916666666666,17.0,0.0,96.0,nan,1.0,0,0.0,1.0
23,ewma,none,1.0,97,0.97,19.0,617.7000000000002,0.10197368421052631,1.9375,17.479166666666668,19.0,0.0,96.0,nan,1.0,0,0.0,1.0
24,ewma,none,1.0,100,1.0,18.0,617.148484848485,0.10718294051627385,1.9292929292929295,15.97979797979798,18.0,0.0,99.0,nan,1.0,0,0.0,1.0
25,ewma,none,1.0,99,0.99,18.0,614.357142857143,0.10487528344671201,1.8877551020408165,14.316326530612244,18.0,0.0,98.0,nan,1.0,0,0.0,1.0
26,ewma,none,1.0,100,1.0,20.0,615.1121212121213,0.09494949494949495,1.8989898989898992,15.969696969696969,20.0,0.0,99.0,nan,1.0,0,0.0,1.0
27,ewma,none,1.0,100,1.0,19.0,613.7545454545456,0.09888357256778309,1.878787878787879,14.151515151515152,19.0,0.0,99.0,nan,1.0,0,0.0,1.0
28,ewma,none,1.0,100,1.0,18.0,613.0757575757577,0.10381593714927047,1.8686868686868687,14.969696969696969,18.0,0.0,99.0,nan,1.0,0,0.0,1.0
29,ewma,none,1.0,100,1.0,18.0,615.7909090909092,0.10606060606060605,1.9090909090909096,14.909090909090908,18.0,0.0,99.0,nan,1.0,0,0.0,1.0
30,ewma,none,1.0,93,0.93,19.0,619.708695652174,0.10354691075514875,1.9673913043478264,17.358695652173914,19.0,0.0,92.0,nan,1.0,0,0.0,1.0
31,ewma,none,1.0,100,1.0,17.0,615.7909090909092,0.11229946524064173,1.9090909090909096,15.202020202020202,17.0,0.0,99.0,nan,1.0,0,0.0,1.0
32,ewma,none,1.0,100,1.0,20.0,615.1121212121213,0.09494949494949495,1.8989898989898992,16.626262626262626,20.0,0.0,99.0,nan,1.0,0,0.0,1.0
33,ewma,none,1.0,100,1.0,19.0,617.148484848485,0.10154173312068049,1.9292929292929295,16.494949494949495,19.0,0.0,99.0,nan,1.0,0,0.0,1.0
34,ewma,none,1.0,100,1.0,18.0,616.469696969697,0.10662177328843996,1.9191919191919191,15.727272727272727,18.0,0.0,99.0,nan,1.0,0,0.0,1.0
35,ewma,none,1.0,100,1.0,24.0,609.0030303030305,0.07533670033670034,1.8080808080808084,18.939393939393938,24.0,0.0,99.0,nan,1.0,0,0.0,1.0
36,ewma,none,1.0,97,0.97,21.0,613.5000000000001,0.08928571428571427,1.875,17.854166666666668,21.0,0.0,96.0,nan,1.0,0,0.0,1.0
37,ewma,none,1.0,96,0.96,21.0,616.9484210526316,0.09172932330827069,1.926315789473684,17.42105263157895,21.0,0.0,95.0,nan,1.0,0,0.0,1.0
38,ewma,none,1.0,100,1.0,17.0,617.148484848485,0.1134878193701723,1.9292929292929295,14.727272727272727,17.0,0.0,99.0,nan,1.0,0,0.0,1.0
39,ewma,none,1.0,100,1.0,19.0,614.4333333333334,0.09941520467836255,1.888888888888889,15.83838383838384,19.0,0.0,99.0,nan,1.0,0,0.0,1.0
40,ewma,none,1.0,100,1.0,18.0,617.8272727272727,0.10774410774410773,1.939393939393939,15.97979797979798,18.0,0.0,99.0,nan,1.0,0,0.0,1.0
41,ewma,none,1.0,100,1.0,19.0,615.7909090909092,0.10047846889952151,1.9090909090909096,16.696969696969695,19.0,0.0,99.0,nan,1.0,0,0.0,1.0
42,ewma,none,1.0,100,1.0,17.0,616.469696969697,0.11289364230540701,1.9191919191919191,15.191919191919192,17.0,0.0,99.0,nan,1.0,0,0.0,1.0
43,ewma,none,1.0,96,0.96,20.0,615.5336842105263,0.09526315789473686,1.9052631578947365,15.063157894736841,20.0,0.0,95.0,nan,1.0,0,0.0,1.0
44,ewma,none,1.0,100,1.0,19.0,614.4333333333334,0.09941520467836255,1.888888888888889,16.292929292929294,19.0,0.0,99.0,nan,1.0,0,0.0,1.0
45,ewma,none,1.0,100,1.0,17.0,617.8272727272727,0.11408199643493756,1.939393939393939,15.131313131313131,17.0,0.0,99.0,nan,1.0,0,0.0,1.0
46,ewma,none,1.0,99,0.99,19.0,616.4142857142859,0.10096670247046188,1.9183673469387759,16.46938775510204,19.0,0.0,98.0,nan,1.0,0,0.0,1.0
47,ewma,none,1.0,100,1.0,19.0,611.039393939394,0.09675704412546517,1.8383838383838382,16.02020202020202,19.0,0.0,99.0,nan,1.0,0,0.0,1.0
48,ewma,none,1.0,99,0.99,18.0,612.9857142857143,0.10374149659863943,1.8673469387755106,15.0,18.0,0.0,98.0,nan,1.0,0,0.0,1.0
49,ewma,none,1.0,100,1.0,18.0,613.0757575757577,0.10381593714927047,1.8686868686868687,15.121212121212121,18.0,0.0,99.0,nan,1.0,0,0.0,1.0
0,lt,none,0.0,99,0.99,9.5,509.5255102040817,0.023899033297529536,0.4540816326530611,nan,nan,49.0,49.0,0.5,nan,0,nan,nan
1,lt,none,0.0,100,1.0,9.0,509.7626262626264,0.0255331088664422,0.45959595959595956,nan,nan,49.5,49.5,0.5,nan,0,nan,nan
2,lt,none,0.0,100,1.0,10.0,509.11111111111114,0.022222222222222223,0.4444444444444446,nan,nan,49.5,49.5,0.5,nan,0,nan,nan
3,lt,none,0.0,99,0.99,9.0,509.0867346938776,0.02465986394557823,0.4438775510204082,nan,nan,49.0,49.0,0.5,nan,0,nan,nan
4,lt,none,0.0,100,1.0,9.5,509.54545454545456,0.02392344497607656,0.45454545454545453,nan,nan,49.5,49.5,0.5,nan,0,nan,nan
5,lt,none,0.0,97,0.97,9.5,508.8125000000001,0.02302631578947368,0.4375,nan,nan,48.0,48.0,0.5,nan,0,nan,nan
6,lt,none,0.0,100,1.0,10.5,509.7626262626264,0.02188552188552189,0.45959595959595956,nan,nan,49.5,49.5,0.5,nan,0,nan,nan
7,lt,none,0.0,100,1.0,9.0,508.6767676767678,0.02413019079685746,0.4343434343434343,nan,nan,49.5,49.5,0.5,nan,0,nan,nan
8,lt,none,0.0,100,1.0,11.0,508.2424242424242,0.019283746556473826,0.4242424242424242,nan,nan,49.5,49.5,0.5,nan,0,nan,nan
9,lt,none,0.0,100,1.0,10.5,508.89393939393943,0.020923520923520917,0.4393939393939394,nan,nan,49.5,49.5,0.5,nan,0,nan,nan
10,lt,none,0.0,100,1.0,11.0,509.97979797979815,0.021120293847566578,0.4646464646464646,nan,nan,49.5,49.5,0.5,nan,0,nan,nan
11,lt,none,0.0,100,1.0,11.0,509.32828282828285,0.020431588613406795,0.44949494949494956,nan,nan,49.5,49.5,0.5,nan,0,nan,nan
12,lt,none,0.0,100,1.0,9.5,509.11111111111126,0.02339181286549707,0.4444444444444446,nan,nan,49.5,49.5,0.5,nan,0,nan,nan
13,lt,none,0.0,100,1.0,9.0,508.89393939393943,0.024410774410774414,0.4393939393939394,nan,nan,49.5,49.5,0.5,nan,0,nan,nan
14,lt,none,0.0,100,1.0,9.0,509.32828282828285,0.024971941638608306,0.44949494949494956,nan,nan,49.5,49.5,0.5,nan,0,nan,nan
15,lt,none,0.0,100,1.0,9.0,508.89393939393943,0.024410774410774414,0.4393939393939394,nan,nan,49.5,49.5,0.5,nan,0,nan,nan
16,lt,none,0.0,82,0.82,10.0,509.9074074074074,0.023148148148148147,0.46296296296296285,nan,nan,40.5,40.5,0.5,nan,0,nan,nan
17,lt,none,0.0,97,0.97,10.0,509.0364583333334,0.022135416666666664,0.44270833333333337,nan,nan,48.0,48.0,0.5,nan,0,nan,nan
18,lt,none,0.0,100,1.0,10.0,508.89393939393943,0.02196969696969697,0.4393939393939394,nan,nan,49.5,49.5,0.5,nan,0,nan,nan
19,lt,none,0.0,100,1.0,9.5,509.32828282828285,0.02365762892078682,0.44949494949494956,nan,nan,49.5,49.5,0.5,nan,0,nan,nan
20,lt,none,0.0,100,1.0,9.0,509.54545454545456,0.025252525252525252,0.45454545454545453,nan,nan,49.5,49.5,0.5,nan,0,nan,nan
21,lt,none,0.0,100,1.0,9.0,509.97979797979804,0.025813692480359144,0.4646464646464646,nan,nan,49.5,49.5,0.5,nan,0,nan,nan
22,lt,none,0.0,97,0.97,8.5,509.7083333333334,0.0269607843137255,0.4583333333333333,nan,nan,48.0,48.0,0.5,nan,0,nan,nan
23,lt,none,0.0,97,0.97,9.5,510.15625,0.024671052631578948,0.46875,nan,nan,48.0,48.0,0.5,nan,0,nan,nan
24,lt,none,0.0,100,1.0,9.0,509.97979797979804,0.025813692480359144,0.4646464646464646,nan,nan,49.5,49.5,0.5,nan,0,nan,nan
25,lt,none,0.0,99,0.99,9.0,509.0867346938776,0.02465986394557823,0.4438775510204082,nan,nan,49.0,49.0,0.5,nan,0,nan,nan
26,lt,none,0.0,100,1.0,10.0,509.32828282828285,0.022474747474747477,0.44949494949494956,nan,nan,49.5,49.5,0.5,nan,0,nan,nan
27,lt,none,0.0,100,1.0,9.5,508.89393939393943,0.023125996810207335,0.4393939393939394,nan,nan,49.5,49.5,0.5,nan,0,nan,nan
28,lt,none,0.0,100,1.0,9.0,508.67676767676767,0.02413019079685746,0.4343434343434343,nan,nan,49.5,49.5,0.5,nan,0,nan,nan
29,lt,none,0.0,100,1.0,9.0,509.54545454545456,0.025252525252525252,0.45454545454545453,nan,nan,49.5,49.5,0.5,nan,0,nan,nan
30,lt,none,0.0,93,0.93,9.5,510.7989130434782,0.02545766590389015,0.483695652173913,nan,nan,46.0,46.0,0.5,nan,0,nan,nan
31,lt,none,0.0,100,1.0,8.5,509.54545454545456,0.0267379679144385,0.45454545454545453,nan,nan,49.5,49.5,0.5,nan,0,nan,nan
32,lt,none,0.0,100,1.0,10.0,509.32828282828285,0.022474747474747477,0.44949494949494956,nan,nan,49.5,49.5,0.5,nan,0,nan,nan
33,lt,none,0.0,100,1.0,9.5,509.97979797979804,0.02445507708665604,0.4646464646464646,nan,nan,49.5,49.5,0.5,nan,0,nan,nan
34,lt,none,0.0,100,1.0,9.0,509.7626262626264,0.0255331088664422,0.45959595959595956,nan,nan,49.5,49.5,0.5,nan,0,nan,nan
35,lt,none,0.0,100,1.0,12.0,507.3737373737374,0.016835016835016838,0.40404040404040403,nan,nan,49.5,49.5,0.5,nan,0,nan,nan
36,lt,none,0.0,97,0.97,10.5,508.8125000000001,0.02083333333333333,0.4375,nan,nan,48.0,48.0,0.5,nan,0,nan,nan
37,lt,none,0.0,96,0.96,10.5,509.91578947368413,0.02205513784461153,0.4631578947368421,nan,nan,47.5,47.5,0.5,nan,0,nan,nan
38,lt,none,0.0,100,1.0,8.5,509.97979797979815,0.0273321449792038,0.4646464646464646,nan,nan,49.5,49.5,0.5,nan,0,nan,nan
39,lt,none,0.0,100,1.0,9.5,509.11111111111114,0.02339181286549707,0.4444444444444446,nan,nan,49.5,49.5,0.5,nan,0,nan,nan
40,lt,none,0.0,100,1.0,9.0,510.1969696969697,0.026094276094276097,0.4696969696969697,nan,nan,49.5,49.5,0.5,nan,0,nan,nan
41,lt,none,0.0,100,1.0,9.5,509.54545454545456,0.02392344497607656,0.45454545454545453,nan,nan,49.5,49.5,0.5,nan,0,nan,nan
42,lt,none,0.0,100,1.0,8.5,509.7626262626264,0.027035056446821144,0.45959595959595956,nan,nan,49.5,49.5,0.5,nan,0,nan,nan
43,lt,none,0.0,96,0.96,10.0,509.4631578947369,0.022631578947368426,0.45263157894736844,nan,nan,47.5,47.5,0.5,nan,0,nan,nan
44,lt,none,0.0,100,1.0,9.5,509.11111111111126,0.02339181286549707,0.4444444444444446,nan,nan,49.5,49.5,0.5,nan,0,nan,nan
45,lt,none,0.0,100,1.0,8.5,510.1969696969697,0.027629233511586453,0.4696969696969697,nan,nan,49.5,49.5,0.5,nan,0,nan,nan
46,lt,none,0.0,99,0.99,9.5,509.7448979591837,0.024167561761546722,0.4591836734693878,nan,nan,49.0,49.0,0.5,nan,0,nan,nan
47,lt,none,0.0,100,1.0,9.5,508.02525252525265,0.022062732589048374,0.4191919191919193,nan,nan,49.5,49.5,0.5,nan,0,nan,nan
48,lt,none,0.0,99,0.99,9.0,508.64795918367344,0.02409297052154195,0.4336734693877551,nan,nan,49.0,49.0,0.5,nan,0,nan,nan
49,lt,none,0.0,100,1.0,9.0,508.6767676767678,0.02413019079685746,0.4343434343434343,nan,nan,49.5,49.5,0.5,nan,0,nan,nan
0,lt,none,0.02,99,0.99,11.46,513.9518979591838,0.02730426065162907,0.508734693877551,59.511156186612574,119.0,45.52,50.668,0.5051991367471061,0.673202614379085,0,0.4482758620689655,1.0
1,lt,none,0.02,100,1.0,10.216,515.0196161616162,0.03166778900112234,0.5253333333333333,63.98364008179959,118.0,45.432,51.22,0.5052501991454849,0.6643990929705216,0,0.4785276073619632,1.0
2,lt,none,0.02,100,1.0,11.352,514.3444646464648,0.028381144781144785,0.5114747474747474,62.29875518672199,120.0,45.756,51.584,0.505615696887686,0.676595744680851,0,0.45850622406639,1.0
3,lt,none,0.02,99,0.99,10.464,513.382248979592,0.028281632653061224,0.4975102040816326,61.70912951167728,118.0,45.684,50.68,0.5052502737872834,0.6708595387840671,0,0.4734607218683652,1.0
4,lt,none,0.02,100,1.0,11.168,514.7794666666667,0.031813574339890134,0.5226262626262625,60.993975903614455,119.0,46.508,52.124,0.505580215599239,0.6833333333333333,0,0.45180722891566266,1.0
5,lt,none,0.02,97,0.97,11.048,513.3592958333334,0.02647057748538012,0.4935833333333334,57.511387163561075,119.0,44.436,49.68,0.5055837563451777,0.6795918367346939,0,0.4306418219461698,1.0
6,lt,none,0.02,100,1.0,12.168,515.0943717171718,0.0277022607022607,0.5282424242424243,65.6923076923077,121.0,45.988,51.872,0.5051896207584831,0.6659574468085107,0,0.4911242603550296,1.0
7,lt,none,0.02,100,1.0,10.54,513.1095434343434,0.02821997755331089,0.489939393939394,61.74751491053678,118.0,46.116,51.244,0.5056172643605205,0.6787878787878788,0,0.46322067594433397,1.0
8,lt,none,0.02,100,1.0,12.332,512.1220525252526,0.022668205868205865,0.47224242424242424,66.71428571428571,121.0,46.128,50.856,0.5049397753417242,0.6546610169491526,0,0.4969818913480885,1.0
9,lt,none,0.02,100,1.0,11.636,512.9482545454546,0.02377777777777778,0.48876767676767674,68.25303643724696,121.0,45.932,50.728,0.5046656799021816,0.6572668112798264,0,0.5040485829959515,1.0
10,lt,none,0.02,100,1.0,12.236,515.097187878788,0.02675114784205693,0.5286868686868688,62.979209979209976,122.0,45.64,51.24,0.5048877958807255,0.6639175257731958,0,0.4594594594594595,1.0
11,lt,none,0.02,100,1.0,12.48,513.4945131313133,0.023963881236608506,0.502020202020202,66.98478260869565,122.0,46.448,51.288,0.5042468480424684,0.6488372093023256,0,0.49782608695652175,1.0
12,lt,none,0.02,100,1.0,10.824,513.1676848484849,0.026631047315257842,0.4945050505050505,63.67488789237668,119.0,46.176,50.968,0.5044611782572929,0.6577181208053692,0,0.47757847533632286,1.0
13,lt,none,0.02,100,1.0,10.888,514.0663757575758,0.030106172839506173,0.5062222222222221,59.403543307086615,118.0,46.46,52.188,0.5053852002027369,0.6824034334763949,0,0.4507874015748031,1.0
14,lt,none,0.02,100,1.0,10.684,513.8224525252525,0.028753310886644217,0.5053737373737374,63.432432432432435,118.0,46.092,51.4,0.5056308455812177,0.6660412757973734,0,0.4826254826254826,1.0
15,lt,none,0.02,100,1.0,10.58,513.4698020202021,0.028391470258136927,0.4964848484848485,61.58203125,118.0,45.968,51.344,0.5056538512704536,0.6824034334763949,0,0.462890625,1.0
16,lt,none,0.02,82,0.82,11.456,514.4614765432099,0.027128395061728396,0.5201975308641976,66.82585751978891,120.0,37.84,42.124,0.504641963348672,0.6584022038567493,0,0.503957783641161,1.0
17,lt,none,0.02,97,0.97,11.448,513.3153041666668,0.02674652777777778,0.4950833333333333,63.89102564102564,119.0,44.484,49.48,0.5046735491071429,0.6618357487922706,0,0.49572649572649574,1.0
18,lt,none,0.02,100,1.0,12.268,513.7133818181819,0.02919259259259259,0.5034747474747475,63.138775510204084,120.0,46.992,52.224,0.5048384987576827,0.6622807017543859,0,0.4775510204081633,1.0
19,lt,none,0.02,100,1.0,11.028,513.6712606060606,0.026829133439659755,0.5031515151515152,63.32448979591837,119.0,45.956,51.144,0.5049880929394349,0.6673866090712743,0,0.47551020408163264,1.0
20,lt,none,0.02,100,1.0,11.16,515.0299111111111,0.030549943883277215,0.5238787878787878,64.62254025044723,118.0,45.688,51.844,0.5051393108798241,0.6497175141242938,0,0.49552772808586765,1.0
21,lt,none,0.02,100,1.0,11.168,516.1697616161616,0.03494051627384961,0.5473939393939393,65.33730158730158,118.0,46.26,52.508,0.5049051245643474,0.650197628458498,0,0.5079365079365079,1.0
22,lt,none,0.02,97,0.97,10.004,513.8384666666667,0.03038827614379085,0.5089166666666667,64.10786516853932,117.0,44.904,49.632,0.5044276180698152,0.6658653846153846,0,0.4943820224719101,1.0
23,lt,none,0.02,97,0.97,11.796,515.71005,0.030823684210526316,0.5417916666666667,60.777542372881356,119.0,45.176,50.904,0.5051575132422638,0.6840796019900498,0,0.4385593220338983,1.0
24,lt,none,0.02,100,1.0,11.392,514.4220525252526,0.02919847598794967,0.5196363636363637,64.61680327868852,119.0,46.412,51.604,0.5049873653411358,0.6623376623376623,0,0.48565573770491804,1.0
25,lt,none,0.02,99,0.99,10.048,512.9969428571429,0.027621315192743766,0.49179591836734693,62.24516129032258,117.0,45.424,50.084,0.5046674064886741,0.665893271461717,0,0.4838709677419355,1.0
26,lt,none,0.02,100,1.0,11.376,513.3095838383839,0.025254545454545457,0.49882828282828284,64.74449339207048,120.0,46.152,50.944,0.5044995534794257,0.6478555304740407,0,0.4889867841409692,1.0
27,lt,none,0.02,100,1.0,11.532,514.1310747474748,0.028303136629452417,0.5065858585858586,60.65277777777778,119.0,46.404,52.28,0.5049221764001597,0.6587982832618026,0,0.47023809523809523,1.0
28,lt,none,0.02,100,1.0,10.42,512.6373414141415,0.027253647586980918,0.4833939393939394,63.65948275862069,118.0,46.284,51.028,0.5042416452442159,0.65,0,0.4892241379310345,1.0
29,lt,none,0.02,100,1.0,10.396,513.6306949494949,0.028281032547699217,0.5047676767676768,66.78741865509761,117.0,46.044,50.944,0.5045561930475869,0.6551724137931034,0,0.5184381778741866,1.0
30,lt,none,0.02,93,0.93,11.116,515.7191565217391,0.03014836003051106,0.5451304347826087,66.70378151260505,119.0,42.88,48.008,0.5051803278688525,0.658,0,0.4957983193277311,1.0
31,lt,none,0.02,100,1.0,9.792,513.8944363636365,0.031438502673796796,0.5092929292929294,66.1125,117.0,46.152,51.14,0.5045016077170418,0.6555555555555556,0,0.5125,1.0
32,lt,none,0.02,100,1.0,12.12,514.2272040404041,0.02934949494949495,0.5153535353535353,63.375266524520256,119.59999999999997,47.208,52.436,0.50509977827051,0.6731182795698925,0,0.47334754797441364,1.0
33,lt,none,0.02,100,1.0,11.332,515.2586383838385,0.030035761119971645,0.5324444444444445,64.86105675146771,119.0,46.208,52.084,0.505407597674733,0.6754385964912281,0,0.4892367906066536,1.0
34,lt,none,0.02,100,1.0,10.916,514.9204323232324,0.03056879910213244,0.524969696969697,61.080074487895715,118.0,46.112,51.956,0.5059343085840464,0.6692913385826772,0,0.45623836126629425,1.0
35,lt,none,0.02,100,1.0,12.788,511.2888282828283,0.020039232908798128,0.45309090909090904,67.9,123.0,45.552,50.316,0.5052068267283772,0.6706161137440758,0,0.49795918367346936,1.0
36,lt,none,0.02,97,0.97,11.908,512.8047041666667,0.02419563492063492,0.4877916666666666,68.41276595744681,121.0,45.112,49.66,0.5048381316449647,0.6594488188976378,0,0.5085106382978724,1.0
37,lt,none,0.02,96,0.96,11.748,514.8711494736842,0.026918796992481207,0.5245894736842105,66.72451193058568,121.0,43.756,49.108,0.504841251970277,0.6510538641686182,0,0.4967462039045553,1.0
38,lt,none,0.02,100,1.0,10.232,514.9671353535355,0.03257456922162805,0.5275959595959596,64.05410447761194,117.0,46.072,51.712,0.5054518110038853,0.6605166051660517,0,0.4962686567164179,1.0
39,lt,none,0.02,100,1.0,10.9,513.3505373737373,0.026308984582668792,0.4964848484848485,62.6195219123506,119.0,45.844,50.948,0.5053756170126446,0.6724511930585684,0,0.4701195219123506,1.0
40,lt,none,0.02,100,1.0,10.424,515.1237454545454,0.03243883277216611,0.5328080808080808,63.58909853249476,118.0,46.196,51.528,0.5048628934215859,0.6621621621621622,0,0.480083857442348,1.0
41,lt,none,0.02,100,1.0,11.412,514.3454909090909,0.028404891015417332,0.5153535353535353,65.00380952380952,119.0,46.412,51.912,0.5048405834516587,0.6482213438735178,0,0.4876190476190476,1.0
42,lt,none,0.02,100,1.0,9.9,514.1351191919192,0.031057239057239058,0.5132929292929294,59.86363636363637,117.0,46.092,51.148,0.5050089904957616,0.6822429906542056,0,0.45,1.0
43,lt,none,0.02,96,0.96,12.004,514.5567368421054,0.02791859649122807,0.5181894736842105,64.2357894736842,120.0,44.508,49.84,0.5049793538984697,0.6541353383458647,0,0.49473684210526314,1.0
44,lt,none,0.02,100,1.0,11.308,513.2320363636363,0.026348325358851673,0.4951515151515151,65.76494845360824,119.0,45.964,50.896,0.5050612346913271,0.6633064516129032,0,0.4948453608247423,1.0
45,lt,none,0.02,100,1.0,10.076,514.9275353535354,0.032001782531194296,0.5278787878787877,60.17879417879418,117.0,45.936,51.38,0.5054358314570602,0.6857142857142857,0,0.45114345114345117,1.0
46,lt,none,0.02,99,0.99,10.772,513.806436734694,0.027201396348012892,0.5090204081632653,65.48026315789474,119.0,45.572,50.36,0.5047416937462696,0.669833729216152,0,0.4934210526315789,1.0
47,lt,none,0.02,100,1.0,10.892,512.5555797979799,0.026024596845649478,0.4756363636363637,65.21875,119.0,45.844,51.148,0.5044992060224667,0.6539235412474849,0,0.4979166666666667,1.0
48,lt,none,0.02,99,0.99,10.464,512.8349510204082,0.027553287981859412,0.4857551020408163,62.72763419483101,118.0,45.704,50.636,0.50512104283054,0.665948275862069,0,0.47912524850894633,1.0
49,lt,none,0.02,100,1.0,11.288,512.7937454545455,0.027468462401795735,0.48573737373737375,63.520325203252035,117.0,46.132,50.996,0.5050921435499515,0.6666666666666666,0,0.4898373983739837,1.0
0,lt,none,0.05,99,0.99,13.144,520.6322571428572,0.03550646258503402,0.6044897959183674,58.42800944138474,120.0,43.492,54.616,0.5132834488913297,0.6635672020287405,0,0.43273013375295044,1.0
1,lt,none,0.05,100,1.0,12.108,522.0590060606061,0.04067936507936508,0.62589898989899,61.76304888152444,118.0,43.088,55.08,0.5123728556247154,0.6514869888475836,0,0.45981772990886494,1.0
2,lt,none,0.05,100,1.0,13.192,520.7168767676768,0.03475031265031265,0.6019797979797981,61.101874490627544,120.0,44.032,55.82,0.5132850241545893,0.6592844974446337,0,0.4474327628361858,1.0
3,lt,none,0.05,99,0.99,12.528,519.901093877551,0.03703935860058309,0.5901632653061224,54.63918367346939,118.0,43.968,55.152,0.5137596114933225,0.6737649063032368,0,0.4114285714285714,1.0
4,lt,none,0.05,100,1.0,12.288,521.1729777777779,0.03872503987240829,0.6114343434343434,58.82557221783741,119.0,43.396,54.964,0.5140746656019165,0.6729354047424366,0,0.43488555643251775,1.0
5,lt,none,0.05,97,0.97,12.792,520.5978708333333,0.03906280637254902,0.599,54.227827502034174,117.0,43.184,54.844,0.5135891286970423,0.6647819063004846,0,0.41253051261187956,1.0
6,lt,none,0.05,100,1.0,13.612,520.8947434343435,0.033578643578643576,0.6093737373737375,62.768526228143216,121.0,44.016,55.388,0.5120389700765484,0.6530973451327433,0,0.462947543713572,1.0
7,lt,none,0.05,100,1.0,11.504,519.6057212121214,0.04114913844325609,0.5851717171717171,55.9129734085415,117.0,44.512,55.496,0.514416688812118,0.6811352253756261,0,0.42143432715551976,1.0
8,lt,none,0.05,100,1.0,14.196,517.6044808080809,0.028623617123617124,0.54779797979798,62.34075907590759,120.0,44.34,54.632,0.5126501766784453,0.6627272727272727,0,0.4570957095709571,1.0
9,lt,none,0.05,100,1.0,12.908,518.5787393939395,0.031206060606060605,0.5662626262626264,64.52692626346312,121.0,43.372,53.572,0.5121408336705787,0.6533219761499148,0,0.46975973487986744,1.0
10,lt,none,0.05,100,1.0,13.808,521.8550626262627,0.03604423455332546,0.6255757575757577,59.00652528548124,122.0,43.504,54.968,0.513187592700071,0.6645213193885761,0,0.4265905383360522,1.0
11,lt,none,0.05,100,1.0,13.74,520.0823797979798,0.03407479557479557,0.5958787878787879,60.829858215179314,121.0,44.376,55.452,0.5119171704537558,0.654643823264202,0,0.4462051709758132,1.0
12,lt,none,0.05,100,1.0,12.536,519.7019717171719,0.03638196501354396,0.5893737373737374,60.45221843003413,119.0,44.972,55.66,0.5116325313183535,0.6509028374892519,0,0.4513651877133106,1.0
13,lt,none,0.05,100,1.0,12.42,520.9279636363636,0.0389062049062049,0.6052929292929293,56.292663476874004,118.0,44.32,56.372,0.512937898089172,0.66553480475382,0,0.4258373205741627,1.0
14,lt,none,0.05,100,1.0,12.26,519.1039434343435,0.034489017155683824,0.5776969696969697,59.06827309236948,118.0,44.04,54.616,0.513193752077102,0.6647302904564315,0,0.44176706827309237,1.0
15,lt,none,0.05,100,1.0,12.372,519.8783878787879,0.036637806637806636,0.5871919191919192,59.05973622963538,118.0,43.948,55.512,0.5134153158188932,0.6616161616161617,0,0.4437548487199379,1.0
16,lt,none,0.05,82,0.82,12.576,520.8015555555556,0.03817135431170519,0.610172839506173,60.191402251791196,119.0,36.168,45.3,0.5121538070636064,0.6521739130434783,0,0.4524053224155578,1.0
17,lt,none,0.05,97,0.97,13.572,520.3036125000001,0.036678151106934,0.5984166666666667,55.72431506849315,118.0,43.972,55.088,0.5123840140279097,0.6594543744120414,0,0.4229452054794521,1.0
18,lt,none,0.05,100,1.0,13.368,519.847898989899,0.03482346016556543,0.5877171717171717,57.68196721311475,119.0,44.392,55.812,0.5123034859876965,0.6607142857142857,0,0.4311475409836066,1.0
19,lt,none,0.05,100,1.0,13.448,520.244202020202,0.034220564036353505,0.5967272727272728,56.44086886564763,119.0,44.292,55.748,0.5137106578414157,0.6700167504187605,0,0.412711182622687,1.0
20,lt,none,0.05,100,1.0,12.372,521.4888727272728,0.03850953984287318,0.615838383838384,58.47666411629686,118.0,43.356,55.412,0.5131988628671992,0.6590538336052202,0,0.4384085692425402,1.0
21,lt,none,0.05,100,1.0,12.568,523.2829212121212,0.04244340227673561,0.6499393939393939,58.82861635220126,118.0,44.392,56.868,0.5131088679628751,0.6561743341404358,0,0.44575471698113206,1.0
22,lt,none,0.05,97,0.97,11.492,520.63665,0.03977613211951447,0.605,61.05105348460292,117.0,42.432,53.256,0.5122577159451611,0.6521374685666387,0,0.4675850891410049,1.0
23,lt,none,0.05,97,0.97,13.18,522.2290375000001,0.03691885964912281,0.63025,58.62385321100918,119.0,41.8,53.652,0.512814895947426,0.6663507109004739,0,0.42035029190992496,1.0
24,lt,none,0.05,100,1.0,12.652,520.7874020202021,0.03700504797346903,0.6086464646464647,61.9016,119.0,43.76,55.008,0.5126255580357143,0.6554982817869416,0,0.46,1.0
25,lt,none,0.05,99,0.99,12.268,519.476318367347,0.037365144152899245,0.5866530612244899,55.52301255230125,117.0,44.908,55.404,0.5125119649938465,0.6628113879003559,0,0.4225941422594142,1.0
26,lt,none,0.05,100,1.0,14.048,519.2553414141414,0.03133634760301427,0.5806060606060605,61.338655462184875,119.0,44.028,54.84,0.5119047619047619,0.6447368421052632,0,0.46302521008403363,1.0
27,lt,none,0.05,100,1.0,12.568,520.7545131313132,0.036206840333156125,0.5996767676767677,58.4527402700556,119.0,43.572,55.756,0.5131229931592908,0.6601362862010222,0,0.448768864177919,1.0
28,lt,none,0.05,100,1.0,12.192,519.2290747474748,0.037478419111752447,0.5807676767676768,58.102693602693606,118.0,45.412,56.068,0.5115201182239538,0.6540880503144654,0,0.4385521885521885,1.0
29,lt,none,0.05,100,1.0,13.088,519.4171313131314,0.0341981721981722,0.5843232323232324,57.94546979865772,117.0,44.168,54.864,0.5124462308722939,0.6651075771749299,0,0.4354026845637584,1.0
30,lt,none,0.05,93,0.93,11.508,521.6691391304348,0.041043961352657005,0.627,60.54799301919721,118.0,40.06,50.372,0.5136248198229116,0.668077900084674,0,0.450261780104712,1.0
31,lt,none,0.05,100,1.0,11.84,520.60938989899,0.04061626064567241,0.6066262626262626,58.39836734693878,117.0,44.66,55.684,0.511942407320191,0.6561125769569042,0,0.44081632653061226,1.0
32,lt,none,0.05,100,1.0,14.1,520.1922343434344,0.03349026775693442,0.5981818181818183,56.794701986754966,120.0,45.216,56.328,0.5133934491446758,0.672945205479452,0,0.4097682119205298,1.0
33,lt,none,0.05,100,1.0,13.06,521.8300323232323,0.037574744943166,0.6255757575757575,59.630204081632655,118.0,44.296,56.364,0.5120950629509124,0.6537769784172662,0,0.44326530612244897,1.0
34,lt,none,0.05,100,1.0,12.572,521.8453858585859,0.039230800064133396,0.6238383838383839,57.25170068027211,118.0,43.9,56.08,0.5146440481368711,0.6674958540630183,0,0.42101284958427815,1.0
35,lt,none,0.05,100,1.0,15.728,516.6630424242425,0.024401605996599407,0.5262222222222221,61.206244864420704,123.0,43.776,54.3,0.5126050420168067,0.659942363112392,0,0.4396055875102712,1.0
36,lt,none,0.05,97,0.97,13.884,519.1100625000001,0.03284796626984127,0.578875,63.43543046357616,121.0,43.392,53.708,0.5118637701120641,0.6483946750195771,0,0.46688741721854304,1.0
37,lt,none,0.05,96,0.96,13.12,521.9016757894736,0.03682325814536341,0.6238315789473685,61.98399326032013,120.0,41.304,52.784,0.5127902400629674,0.6555023923444976,0,0.45914069081718617,1.0
38,lt,none,0.05,100,1.0,11.484,520.5905090909091,0.03930291146761735,0.6053333333333333,59.64485235434956,117.0,43.5,54.464,0.5134197433883215,0.6674836601307189,0,0.45490822027134875,1.0
39,lt,none,0.05,100,1.0,12.556,519.4938868686869,0.03546164400901243,0.5848080808080808,59.36746490503716,118.0,44.38,55.224,0.5125955278799886,0.6592128801431127,0,0.4434351775392238,1.0
40,lt,none,0.05,100,1.0,11.56,521.6766464646465,0.04091178451178452,0.6241616161616161,60.51615508885299,118.0,43.652,54.972,0.5123592322402436,0.654288240495137,0,0.45153473344103395,1.0
41,lt,none,0.05,100,1.0,12.636,520.3539232323233,0.03750986050986051,0.6003636363636363,60.71845425867508,118.0,44.244,55.34,0.5122033669123115,0.6492969396195203,0,0.45662460567823343,1.0
42,lt,none,0.05,100,1.0,12.084,520.976888888889,0.04158356676003735,0.6157171717171717,58.824090121317155,117.0,45.032,55.744,0.5119951616154829,0.6595174262734584,0,0.44714038128249567,1.0
43,lt,none,0.05,96,0.96,13.276,521.1569094736843,0.0364134335839599,0.6117052631578948,56.38021259198692,120.0,42.18,53.396,0.5129019956781492,0.660347551342812,0,0.4243663123466885,1.0
44,lt,none,0.05,100,1.0,13.04,519.3771151515152,0.03519175463912305,0.5831919191919192,60.90766694146743,119.0,44.408,55.072,0.5121279664350334,0.6484751203852327,0,0.4558944765045342,1.0
45,lt,none,0.05,100,1.0,11.3,521.6421131313131,0.041822510822510824,0.6235959595959596,59.263242375601926,117.0,43.752,55.244,0.5125143358294543,0.6576040781648258,0,0.4462279293739968,1.0
46,lt,none,0.05,99,0.99,13.492,520.4431265306123,0.035819047619047625,0.6052244897959184,60.71477079796265,120.0,44.412,55.244,0.5121155314864959,0.659070191431176,0,0.4439728353140917,1.0
47,lt,none,0.05,100,1.0,13.012,519.3490626262627,0.03623304473304473,0.5757979797979798,58.73785594639866,118.0,44.664,56.084,0.5114992005903333,0.6510500807754442,0,0.4547738693467337,1.0
48,lt,none,0.05,99,0.99,11.368,518.2896530612245,0.03525228377065112,0.5609795918367347,60.535328345802164,118.0,42.9,53.192,0.512720429358054,0.6582827406764961,0,0.4596841230257689,1.0
49,lt,none,0.05,100,1.0,12.656,518.6341575757576,0.03434479717813051,0.5682020202020202,58.99162479061977,117.34999999999991,44.34,54.796,0.5116896246682674,0.6575809199318569,0,0.4472361809045226,1.0
0,lt,none,0.1,99,0.99,14.28,529.4638979591837,0.046072444097256124,0.7298367346938776,53.79806529625151,119.0,39.84,58.964,0.5257999851510877,0.6527838667251206,0,0.3970173317210802,1.0
1,lt,none,0.1,100,1.0,13.596,531.1265696969698,0.05087265405090717,0.753939393939394,54.52098346757101,117.0,40.036,60.284,0.5256525652565257,0.6545096106456383,0,0.40059347181008903,1.0
2,lt,none,0.1,100,1.0,14.48,530.517793939394,0.0463387366487845,0.7391515151515151,52.9352,118.0,39.592,60.664,0.5281324974847148,0.6560755689136969,0,0.386,1.0
3,lt,none,0.1,99,0.99,13.204,528.0947387755103,0.04602607709750567,0.7042448979591837,52.2949083503055,118.0,39.652,58.584,0.5272128749085588,0.6596566523605151,0,0.39389002036659876,1.0
4,lt,none,0.1,100,1.0,12.928,529.6954101010101,0.050716841618802404,0.730020202020202,54.18503620273532,117.0,39.264,58.768,0.5278960664020209,0.6613778705636744,0,0.40426387771520517,1.0
5,lt,none,0.1,97,0.97,14.392,529.8340583333334,0.04753633764111706,0.7309583333333334,51.986721991701245,117.0,39.012,59.092,0.5260115606936416,0.6493775933609959,0,0.3950207468879668,1.0
6,lt,none,0.1,100,1.0,14.324,529.8063272727273,0.04534534231200898,0.7309494949494949,55.339645447219986,120.0,39.084,59.108,0.5266222961730449,0.654521510096576,0,0.4129734085414988,1.0
7,lt,none,0.1,100,1.0,12.916,527.8439515151516,0.05004591878379758,0.6991515151515152,51.403361344537814,116.0,40.124,59.164,0.5265892200014431,0.6583019657047261,0,0.3985594237695078,1.0
8,lt,none,0.1,100,1.0,14.86,526.0952484848485,0.0405637993054261,0.6701818181818182,55.079569001243264,119.0,40.84,59.2,0.5230933659057944,0.6508600650860065,0,0.4094488188976378,1.0
9,lt,none,0.1,100,1.0,14.564,527.0277898989899,0.04165701459034792,0.6858181818181818,57.078040680780404,120.0,39.944,57.952,0.5249072794705839,0.6522899066251667,0,0.4200913242009132,1.0
10,lt,none,0.1,100,1.0,15.0,530.2928161616162,0.04304761904761905,0.7423838383838384,55.495265541375055,121.0,39.628,58.812,0.5262679893810256,0.6543513957307061,0,0.40098806093042405,1.0
11,lt,none,0.1,100,1.0,15.732,529.3358424242425,0.04261687268959997,0.7292121212121212,55.4967585089141,119.0,41.608,61.236,0.5241196516471034,0.6387799564270152,0,0.4035656401944895,1.0
12,lt,none,0.1,100,1.0,12.372,528.4649777777778,0.052012698884267516,0.7117575757575757,53.058510638297875,116.0,40.464,59.552,0.5250629270046746,0.6515991471215352,0,0.4026186579378069,1.0
13,lt,none,0.1,100,1.0,13.18,529.6421212121213,0.0494274773882617,0.7267878787878789,53.623042954636695,117.0,39.868,60.16,0.5261487412536969,0.6518642647674906,0,0.4062625451625853,1.0
14,lt,none,0.1,100,1.0,13.0,527.1529212121212,0.04489839572192514,0.6892525252525253,54.97724550898204,117.0,39.596,57.916,0.5265808215236314,0.6573009791400596,0,0.41357285429141716,1.0
15,lt,none,0.1,100,1.0,12.908,527.4180323232324,0.04481738015071348,0.6896565656565657,56.19879032258064,118.0,39.428,58.392,0.5268532526475038,0.6557017543859649,0,0.41774193548387095,1.0
16,lt,none,0.1,82,0.82,12.736,529.3174913580248,0.051021262002743484,0.7265185185185185,54.852266938359655,117.0,32.312,48.272,0.525325747843641,0.6490280777537797,0,0.4192562404482934,1.0
17,lt,none,0.1,97,0.97,14.8,530.317525,0.045724273436115535,0.7428333333333333,51.09318846636022,118.0,40.312,60.312,0.5253189634677867,0.649929610511497,0,0.3744254074383619,1.0
18,lt,none,0.1,100,1.0,15.324,527.6293050505051,0.03953737373737374,0.6961616161616162,54.65907207953604,120.0,40.492,59.456,0.5255717563466805,0.6543099598034837,0,0.3993371996685998,1.0
19,lt,none,0.1,100,1.0,14.5,528.7396282828283,0.043583838383838384,0.7158383838383838,54.287660256410255,118.0,40.296,59.832,0.5268951346591326,0.6544458491361146,0,0.39863782051282054,1.0
20,lt,none,0.1,100,1.0,13.06,529.6665373737375,0.04900297088532383,0.7291313131313132,54.910130074891605,117.0,39.192,58.984,0.5263854181978539,0.6499582289055973,0,0.4170279858100118,1.0
21,lt,none,0.1,100,1.0,13.104,530.85058989899,0.050866442199775534,0.7488888888888889,55.11482675261885,118.0,39.02,59.08,0.5266129032258065,0.6538135593220339,0,0.41337630942788073,1.0
22,lt,none,0.1,97,0.97,12.344,528.8281750000001,0.05164612268518518,0.7191666666666667,54.10079464659138,116.0,38.576,56.864,0.5240972626674432,0.6466431095406361,0,0.41447093266415724,1.0
23,lt,none,0.1,97,0.97,14.036,532.1120416666666,0.05017752525252526,0.7725,52.6997920997921,118.0,38.584,58.872,0.5259663267725871,0.6565030967127203,0,0.377962577962578,1.0
24,lt,none,0.1,100,1.0,13.496,528.811903030303,0.045550340497708924,0.7182222222222223,57.78297362110312,119.0,39.2,58.152,0.5264752670252254,0.6520226185297956,0,0.42326139088729015,1.0
25,lt,none,0.1,99,0.99,14.0,527.780718367347,0.043805442176870754,0.700530612244898,52.193126022913255,117.0,39.968,58.56,0.5275859508428009,0.662724485326325,0,0.3903436988543372,1.0
26,lt,none,0.1,100,1.0,15.488,527.7670909090909,0.039446770737679826,0.7005656565656566,55.27888611803824,119.0,40.636,59.552,0.5250447923969774,0.6486361534905224,0,0.4102244389027431,1.0
27,lt,none,0.1,100,1.0,13.396,529.6312929292928,0.04747497194163861,0.7273131313131314,50.87032520325203,118.0,40.492,60.752,0.5260695691541538,0.6537605696484201,0,0.383739837398374,1.0
28,lt,none,0.1,100,1.0,13.52,527.0097818181819,0.044351515151515156,0.6847676767676767,55.234112341123414,118.0,40.02,58.656,0.5242181818181818,0.648,0,0.4153341533415334,1.0
29,lt,none,0.1,100,1.0,14.796,528.2959717171718,0.040967203131796436,0.7097373737373738,55.12155591572123,118.0,40.32,59.292,0.5261059572184313,0.6542818305391934,0,0.4019448946515397,1.0
30,lt,none,0.1,93,0.93,11.796,529.7174695652174,0.05325555657045427,0.7371304347826086,54.88651243998254,117.0,36.288,53.552,0.5282850779510022,0.6671052631578948,0,0.4024443474465299,1.0
31,lt,none,0.1,100,1.0,12.776,529.0561494949495,0.04994005413613257,0.7213333333333333,53.018466479325575,117.0,40.076,59.416,0.5257113598127423,0.6526406182911121,0,0.3946206342834203,1.0
32,lt,none,0.1,100,1.0,14.004,528.2867030303031,0.044112600755025,0.7098989898989898,52.84253578732106,118.0,40.868,59.824,0.5266259432267337,0.6586723768736616,0,0.39263803680981596,1.0
33,lt,none,0.1,100,1.0,13.572,530.6870141414142,0.04773087440057137,0.7475959595959596,54.710828547990154,118.0,39.584,60.048,0.5255407271053842,0.6505424954792043,0,0.4031993437243642,1.0
34,lt,none,0.1,100,1.0,12.96,529.561785858586,0.048939030831187696,0.7272323232323232,53.68767123287671,117.0,38.864,58.68,0.5266661445688777,0.6526221425369789,0,0.39765166340508806,1.0
35,lt,none,0.1,100,1.0,17.448,524.8583555555556,0.031539366094306805,0.6423434343434344,55.283661740558294,123.0,41.048,59.708,0.5271788144625728,0.6614710180224063,0,0.3862889983579639,1.0
36,lt,none,0.1,97,0.97,14.28,526.5419750000001,0.04067013888888889,0.6792083333333333,58.19877300613497,120.0,38.996,56.676,0.5252463472646959,0.6465483234714003,0,0.42576687116564416,1.0
37,lt,none,0.1,96,0.96,14.464,531.8530189473684,0.04675842940685045,0.7663157894736842,53.45894122551063,120.0,38.24,58.184,0.5278369852502345,0.6615536862939139,0,0.3793247186327636,1.0
38,lt,none,0.1,100,1.0,12.208,528.578892929293,0.05109333814333814,0.7138181818181818,55.81207243460764,116.0,38.868,57.612,0.5265927189988624,0.6539408866995073,0,0.4245472837022133,1.0
39,lt,none,0.1,100,1.0,13.212,528.5627070707071,0.04675677409010743,0.7118383838383838,53.327993592310776,117.0,40.348,59.924,0.5263522884882108,0.6505281690140845,0,0.39807769323187825,1.0
40,lt,none,0.1,100,1.0,12.776,531.04538989899,0.053153920153920155,0.754060606060606,55.31132452981193,118.0,39.248,59.2,0.5254929143561307,0.646072374227714,0,0.4129651860744298,1.0
41,lt,none,0.1,100,1.0,13.52,527.4676888888889,0.04472592592592592,0.6952727272727273,55.81602254428341,118.0,39.38,57.616,0.5255389112166606,0.6531317494600432,0,0.4170692431561997,1.0
42,lt,none,0.1,100,1.0,12.864,529.7508525252526,0.0518339275103981,0.7362020202020202,54.69296375266524,117.0,40.556,59.524,0.5244337630179885,0.6478624944909652,0,0.4157782515991471,1.0
43,lt,none,0.1,96,0.96,13.488,529.3721810526316,0.04801373169766522,0.7235368421052631,53.126277073968126,119.0,37.492,56.368,0.5269552012148823,0.6561878233187426,0,0.40008173273395997,1.0
44,lt,none,0.1,100,1.0,13.42,527.5862101010101,0.04598911335578002,0.698868686868687,53.51213492389963,118.0,40.928,59.316,0.5247398598428541,0.6489675516224189,0,0.39983545865898806,1.0
45,lt,none,0.1,100,1.0,12.884,530.5313252525252,0.05144559978873704,0.7478383838383839,52.80175159235669,117.0,39.588,59.312,0.5277534326614082,0.6646447140381283,0,0.38972929936305734,1.0
46,lt,none,0.1,99,0.99,13.672,528.4279795918368,0.046814131106988253,0.7134285714285713,53.907391673746815,118.0,39.68,58.396,0.5263236838158092,0.6620498614958449,0,0.39974511469838575,1.0
47,lt,none,0.1,100,1.0,13.752,527.4076808080808,0.04462850729517396,0.6877979797979799,54.271047227926076,118.0,40.092,59.36,0.5243236038917766,0.6467522052927025,0,0.41190965092402465,1.0
48,lt,none,0.1,99,0.99,13.988,526.5295551020408,0.04281154401154401,0.6804897959183673,51.92079627276578,118.0,41.344,59.132,0.5260471400690587,0.6593204775022957,0,0.38373570520965694,1.0
49,lt,none,0.1,100,1.0,13.372,527.1284484848486,0.04522377758572055,0.6854141414141415,53.52572347266881,116.0,39.452,58.168,0.525643666323378,0.6562628336755647,0,0.4055466237942122,1.0
0,lt,none,0.15,99,0.99,13.984,536.1875714285715,0.055636997829434806,0.8226938775510205,49.63513513513514,117.0,36.744,62.076,0.5387596899224806,0.6437908496732027,0,0.37108108108108107,1.0
1,lt,none,0.15,100,1.0,14.412,538.7804242424243,0.05688812850844936,0.8562828282828284,51.52759381898455,117.0,35.824,63.428,0.5393961050562801,0.6446335078534031,0,0.37141280353200884,1.0
2,lt,none,0.15,100,1.0,15.548,537.8147030303031,0.05164302156374583,0.8395555555555555,50.15954875100725,118.0,35.736,63.884,0.538403488177092,0.6528279181708785,0,0.3561643835616438,1.0
3,lt,none,0.15,99,0.99,13.352,535.4397224489798,0.05566517273576097,0.8064897959183673,48.422615803814715,117.0,36.036,61.86,0.5386448486774168,0.6561125769569042,0,0.36267029972752046,1.0
4,lt,none,0.15,100,1.0,13.612,536.7598222222222,0.058096091035128465,0.8282828282828282,50.52963260927863,117.0,36.112,62.096,0.5387213320766573,0.6526435474701535,0,0.3722177527487262,1.0
5,lt,none,0.15,97,0.97,14.76,536.3225000000001,0.05273070286195286,0.8151666666666667,50.16722408026756,118.0,34.008,60.64,0.5398257867064271,0.6469917308240661,0,0.3756967670011148,1.0
6,lt,none,0.15,100,1.0,15.656,537.478395959596,0.051124434134003506,0.8364444444444444,51.44592434736281,119.0,35.128,62.468,0.5410376969397014,0.6488007106899615,0,0.3782631859350027,1.0
7,lt,none,0.15,100,1.0,12.844,534.4872040404041,0.06000249935249936,0.7885252525252525,47.46637861193627,114.0,36.656,62.324,0.5350767303476355,0.6575618171362853,0,0.3678098838779368,1.0
8,lt,none,0.15,100,1.0,16.428,534.1448686868687,0.04562263488770665,0.784969696969697,49.86670279057166,119.0,37.876,63.728,0.5316497757102508,0.6506849315068494,0,0.3573557301544297,1.0
9,lt,none,0.15,100,1.0,15.616,534.1625696969697,0.047501352625754535,0.7844444444444444,52.96119733924612,119.0,36.476,61.236,0.5367396978565214,0.6464104855525767,0,0.39135254988913526,1.0
10,lt,none,0.15,100,1.0,14.712,537.2424888888888,0.05184758698092031,0.8338989898989898,52.88135593220339,120.0,35.272,61.192,0.5398404861374858,0.6502092050209205,0,0.38299617277200654,1.0
11,lt,none,0.15,100,1.0,16.524,536.105191919192,0.047040385805936044,0.818020202020202,50.7510775862069,119.0,37.22,63.792,0.5391190006574622,0.6515606242496998,0,0.3566810344827586,1.0
12,lt,none,0.15,100,1.0,13.264,536.6141898989899,0.06129061107242925,0.8219797979797979,47.95872420262664,114.0,35.668,62.804,0.5361332707648991,0.6457852193995381,0,0.368533905119271,1.0
13,lt,none,0.15,100,1.0,14.396,536.5235434343434,0.05406114095846716,0.8208080808080809,50.458693304535636,117.0,35.98,62.968,0.5352554058288937,0.6474469305794607,0,0.37365010799136067,1.0
14,lt,none,0.15,100,1.0,13.528,534.2082989898989,0.0527326167197825,0.7872727272727272,51.965553510386535,117.0,35.912,60.928,0.5415029083477441,0.6510770975056689,0,0.38679989481987903,1.0
15,lt,none,0.15,100,1.0,13.908,536.2227353535354,0.055536323793721296,0.8154747474747476,49.123258869908014,116.0,36.116,63.224,0.5369556200746578,0.6522496371552975,0,0.36557161629434953,1.0
16,lt,none,0.15,82,0.82,14.348,536.4266617283952,0.05460093307805726,0.8201481481481482,51.66310873915944,117.0,28.336,50.148,0.5398503740648379,0.6539449541284403,0,0.38258839226150765,1.0
17,lt,none,0.15,97,0.97,15.296,537.7681916666668,0.05315393518518519,0.8447916666666666,46.64261650758001,117.0,35.916,63.036,0.5380388116091361,0.6478737113402062,0,0.34081976417742843,1.0
18,lt,none,0.15,100,1.0,15.592,534.917296969697,0.04706448321599836,0.794141414141414,50.608378378378376,120.0,35.68,61.972,0.5376049063912202,0.6536628945801072,0,0.3662162162162162,1.0
19,lt,none,0.15,100,1.0,15.096,535.4991797979798,0.0504866668566828,0.8058989898989899,50.40166577109081,118.0,35.336,61.82,0.5424324756272975,0.6546184738955824,0,0.3745298226759807,1.0
20,lt,none,0.15,100,1.0,13.672,536.6622505050507,0.05613465852824142,0.824969696969697,49.31640833778728,117.0,35.872,62.324,0.5391876884023481,0.6476134354743666,0,0.36664885088188137,1.0
21,lt,none,0.15,100,1.0,14.412,537.7915151515152,0.05551143760840731,0.8404444444444444,51.69100215517241,118.0,34.708,61.532,0.5381988564167726,0.6525821596244131,0,0.3798491379310345,1.0
22,lt,none,0.15,97,0.97,13.536,535.2961333333333,0.054852606951871656,0.8044166666666668,51.73476802683063,116.0,34.676,59.196,0.5369726655079792,0.6475164572112507,0,0.3814980435997764,1.0
23,lt,none,0.15,97,0.97,14.248,539.238775,0.05719217171717172,0.867375,50.69719887955182,118.0,34.444,61.356,0.5375192735994517,0.6427178153446034,0,0.3596638655462185,1.0
24,lt,none,0.15,100,1.0,13.336,536.0067797979798,0.057759550045913675,0.8164040404040405,51.42938005390835,115.0,34.984,60.92,0.5401939832319579,0.6490701859628074,0,0.3902964959568733,1.0
25,lt,none,0.15,99,0.99,14.324,534.2643142857144,0.05136717838650612,0.7882448979591836,49.068380743982495,116.0,36.12,61.004,0.5402317347924043,0.6610475617098134,0,0.36433260393873085,1.0
26,lt,none,0.15,100,1.0,16.016,535.804185858586,0.048637081507894905,0.8120808080808081,50.27701212789415,118.0,36.236,62.988,0.5397765741367637,0.6491834170854272,0,0.3649393605292172,1.0
27,lt,none,0.15,100,1.0,13.92,537.0030989898991,0.05556632996632996,0.8281212121212121,47.37429264349232,118.0,36.532,63.952,0.5400608102555674,0.6535574902431702,0,0.35057935866343304,1.0
28,lt,none,0.15,100,1.0,14.276,533.5481494949496,0.05015594327109479,0.7716363636363636,53.25236678387882,118.0,35.456,60.724,0.5375796178343949,0.6447674418604651,0,0.39734920205572083,1.0
29,lt,none,0.15,100,1.0,14.788,536.2546787878787,0.051041006556796026,0.8194343434343434,51.350291467938526,118.0,35.74,62.44,0.5404244567963618,0.6442535545023697,0,0.37705352411234766,1.0
30,lt,none,0.15,93,0.93,12.18,537.3285608695653,0.0647278381642512,0.8425217391304347,50.24310995068175,116.0,33.096,56.804,0.5407407407407407,0.6543543543543544,0,0.374528575572962,1.0
31,lt,none,0.15,100,1.0,12.828,535.7698626262627,0.060239424548515455,0.8085252525252525,48.731165311653115,115.0,35.056,61.372,0.5371265551945479,0.6518781425613723,0,0.3710027100271003,1.0
32,lt,none,0.15,100,1.0,14.516,535.7819151515151,0.0519317620650954,0.8126868686868687,49.375943905070116,118.0,36.36,62.664,0.5403244768398777,0.6493841306215984,0,0.3656957928802589,1.0
33,lt,none,0.15,100,1.0,14.64,538.6314464646465,0.054178310483892614,0.8603636363636363,51.03580146460537,118.0,36.42,64.056,0.5393549465240641,0.6447288238878732,0,0.36208299430431246,1.0
34,lt,none,0.15,100,1.0,13.384,536.8141333333334,0.05853198653198653,0.8269090909090909,50.07986203236933,116.0,34.848,61.608,0.5405382388008857,0.6479435236341313,0,0.3727779251790926,1.0
35,lt,none,0.15,100,1.0,19.208,531.7762585858586,0.035776999328456356,0.7387070707070706,52.13706407137064,122.0,37.636,63.292,0.5379526151095216,0.6505709624796084,0,0.36009732360097324,1.0
36,lt,none,0.15,97,0.97,15.428,532.7565791666667,0.04608863559685928,0.7605416666666668,52.52516233766234,119.0,35.224,59.3,0.5370562130177515,0.649597855227882,0,0.38365800865800864,1.0
37,lt,none,0.15,96,0.96,15.296,539.6048421052632,0.05419448049641956,0.8742315789473686,49.24245873648264,119.0,35.36,62.096,0.5396076253933,0.6508152173913043,0,0.3511667615253273,1.0
38,lt,none,0.15,100,1.0,13.228,536.1119151515153,0.05838760420605341,0.8192727272727273,50.74933190807055,116.0,35.832,61.444,0.5374497059733828,0.6451342281879194,0,0.38482095136290756,1.0
39,lt,none,0.15,100,1.0,13.768,535.7197696969698,0.056706353747262836,0.8105858585858586,47.68675019994668,115.0,36.956,63.576,0.5366057966158485,0.6443236714975845,0,0.36203679018928286,1.0
40,lt,none,0.15,100,1.0,12.896,538.8035757575758,0.06360784613814917,0.859878787878788,50.60532687651332,116.0,35.412,62.608,0.5355767620960992,0.6452784503631961,0,0.3744955609362389,1.0
41,lt,none,0.15,100,1.0,14.004,534.3307838383838,0.05369387346660073,0.7867878787878787,52.11108100785695,116.0,34.84,59.988,0.5354511605798938,0.6505774355937223,0,0.39528583039826604,1.0
42,lt,none,0.15,100,1.0,12.924,537.0647595959597,0.06139937251300887,0.829939393939394,49.460033538289544,115.0,35.128,61.576,0.5394591175075123,0.6502683363148479,0,0.38038010061486865,1.0
43,lt,none,0.15,96,0.96,13.892,535.6408378947369,0.05454315789473684,0.8046736842105263,51.36421636615811,118.0,32.876,57.944,0.5392913326840962,0.6507806080525883,0,0.3880721220527046,1.0
44,lt,none,0.15,100,1.0,14.404,534.8475474747476,0.05204423716162152,0.7987474747474748,50.93250873890831,118.0,36.992,62.312,0.5392058208839694,0.6453504607651493,0,0.37294971766603924,1.0
45,lt,none,0.15,100,1.0,13.036,537.6581131313131,0.06061311480821284,0.8427070707070706,50.07319698600646,117.0,35.172,61.8,0.5409602281730312,0.6542332741267022,0,0.3743272335844995,1.0
46,lt,none,0.15,99,0.99,15.096,536.6238326530613,0.053071125153358045,0.8273469387755101,49.76717342342342,117.0,35.868,62.28,0.538266764681859,0.658274485723058,0,0.3614864864864865,1.0
47,lt,none,0.15,100,1.0,15.748,534.4856000000001,0.04836002309237603,0.7806868686868687,50.636169074371324,117.0,35.128,61.8,0.5352358765288293,0.6416046758767269,0,0.38657035848047083,1.0
48,lt,none,0.15,99,0.99,15.408,534.1803428571429,0.04984955212854372,0.7891428571428571,48.755205402363536,117.0,38.072,62.96,0.5381286740692358,0.6469864698646987,0,0.3604389420371413,1.0
49,lt,none,0.15,100,1.0,13.476,533.0278505050505,0.05117825792086042,0.7656969696969698,50.534877384196186,117.0,36.256,60.708,0.5372880100718359,0.6574206462682299,0,0.37384196185286106,1.0
0,lt,none,0.2,99,0.99,15.02,543.4434040816326,0.06143117389813068,0.9208979591836735,46.55740028345819,115.0,33.236,65.396,0.5379735682819383,0.644090909090909,0,0.33913747722210974,1.0
1,lt,none,0.2,100,1.0,14.96,546.2144000000002,0.06356820739173681,0.9596363636363636,45.70476583453683,116.0,33.144,67.496,0.5383720930232558,0.650381679389313,0,0.3208170002063132,1.0
2,lt,none,0.2,100,1.0,15.888,543.9855919191918,0.057591220426139275,0.9247272727272727,45.604158255954786,117.0,33.168,67.104,0.5311165621876988,0.6561395239217535,0,0.3199434800161486,1.0
3,lt,none,0.2,99,0.99,13.524,542.0841224489797,0.0644006279434851,0.8971428571428571,44.78975409836065,115.0,32.536,64.696,0.5413105413105413,0.6547430382612633,0,0.335655737704918,1.0
4,lt,none,0.2,100,1.0,13.72,543.9413939393941,0.06683806766614253,0.926141414141414,46.41661625327687,115.0,33.12,65.716,0.5255543189795394,0.6565988181221274,0,0.34079451502319014,1.0
5,lt,none,0.2,97,0.97,14.696,542.2005166666669,0.059635422651966766,0.891,47.45366470092671,116.0,29.884,62.38,0.5412836227442969,0.6499333629498001,0,0.3519376579612468,1.0
6,lt,none,0.2,100,1.0,15.228,544.374294949495,0.06006857195092489,0.9298181818181818,46.79387632579548,117.0,31.4,65.272,0.5463769417257789,0.6504698601879441,0,0.3398038823293976,1.0
7,lt,none,0.2,100,1.0,13.7,540.737802020202,0.0637713148804058,0.8759191919191919,44.802309094591855,114.0,34.76,66.224,0.519931856899489,0.6578713968957871,0,0.3340085071906016,1.0
8,lt,none,0.2,100,1.0,17.164,540.8955959595961,0.05084886617414998,0.878909090909091,46.289601949634445,117.0,35.156,67.476,0.5244799709328731,0.6484319735911341,0,0.3251421608448416,1.0
9,lt,none,0.2,100,1.0,15.368,541.3498424242425,0.056505930261723486,0.8828282828282827,47.11927168576105,118.0,33.412,64.988,0.539564616447823,0.6537070524412296,0,0.3406301145662848,1.0
10,lt,none,0.2,100,1.0,14.728,543.9467919191919,0.06055465553998249,0.9224242424242425,49.140105433901056,119.0,31.796,64.16,0.5402603864333693,0.647196759752718,0,0.35746147607461476,1.0
11,lt,none,0.2,100,1.0,16.284,542.4615555555557,0.05485723693040515,0.903070707070707,46.84531059683313,117.0,33.292,66.232,0.5422095306086026,0.6481136469492315,0,0.33069427527405604,1.0
12,lt,none,0.2,100,1.0,13.708,543.8493414141415,0.06710236245236245,0.9219797979797979,44.91995221027479,114.0,32.892,66.732,0.5151567196221555,0.655157437567861,0,0.3363201911589008,1.0
13,lt,none,0.2,100,1.0,14.668,543.0302262626262,0.06126427330839095,0.9076363636363636,45.531357824233815,116.0,32.416,65.828,0.5274743882821099,0.6537508447848615,0,0.33549827481225897,1.0
14,lt,none,0.2,100,1.0,13.62,540.5255313131314,0.0606842732134176,0.8755959595959596,47.23438121766812,116.0,33.388,64.344,0.5403790336349668,0.6514550264550265,0,0.3473935535216872,1.0
15,lt,none,0.2,100,1.0,13.98,543.6460808080808,0.06490772789302202,0.9156363636363636,44.43630258739878,115.0,32.332,66.672,0.5353095820868462,0.656522712016111,0,0.32747382974521033,1.0
16,lt,none,0.2,82,0.82,14.244,542.9414469135803,0.06277848231410323,0.9110123456790123,46.600548218290555,116.0,26.164,52.816,0.5432780847145487,0.6550156294401819,0,0.34363319212559185,1.0
17,lt,none,0.2,97,0.97,15.32,544.8312166666668,0.06120852400254974,0.9399583333333333,43.55487804878049,115.0,32.072,65.84,0.5377552932359003,0.6516192345436702,0,0.3137089991589571,1.0
18,lt,none,0.2,100,1.0,15.944,541.0887919191921,0.053025075249636656,0.8773737373737374,46.74472830494728,118.0,32.252,64.684,0.5358050661758261,0.654227136604469,0,0.3404298459042985,1.0
19,lt,none,0.2,100,1.0,14.908,542.1593292929293,0.058947874928267086,0.8980606060606061,47.42136735100658,116.0,32.316,65.092,0.542074877536739,0.6495183887915937,0,0.34821606537771577,1.0
20,lt,none,0.2,100,1.0,13.32,543.1024686868687,0.06642454851545761,0.910949494949495,45.76774193548387,115.0,32.312,65.02,0.5463010863942059,0.64379827351204,0,0.3409274193548387,1.0
21,lt,none,0.2,100,1.0,13.94,544.9822141414143,0.06667414124793804,0.9362020202020203,47.26170298627926,116.0,30.908,64.548,0.542205257222174,0.6521350324167225,0,0.3466505246166263,1.0
22,lt,none,0.2,97,0.97,12.992,541.0294125000001,0.06467279040404039,0.8815,47.87945957356977,115.0,31.644,61.48,0.5430611718145057,0.6422206991089787,0,0.3601435507705299,1.0
23,lt,none,0.2,97,0.97,15.188,546.4552208333333,0.062199918001388584,0.9638333333333334,46.72223375544945,117.0,30.508,64.104,0.547104499953223,0.6459000246244767,0,0.3271745899937721,1.0
24,lt,none,0.2,100,1.0,14.148,542.9905696969698,0.06384126984126984,0.9132929292929294,47.79175879396985,114.0,32.252,64.476,0.5424507067615018,0.6464830412019121,0,0.3553768844221106,1.0
25,lt,none,0.2,99,0.99,14.58,540.9506938775511,0.058783218232347875,0.8786122448979592,46.38485541918036,116.0,32.664,64.08,0.534891865861133,0.6581196581196581,0,0.34408154774287497,1.0
26,lt,none,0.2,100,1.0,15.964,542.0653575757576,0.055851554799594014,0.8994343434343434,46.619527235354575,116.0,33.148,65.828,0.5466850828729282,0.6434782608695652,0,0.3393627954779034,1.0
27,lt,none,0.2,100,1.0,13.336,544.1472161616163,0.06825803438985256,0.9208080808080809,45.386717959101034,114.0,31.596,66.436,0.5362921449877972,0.6436781609195402,0,0.3468313423769994,1.0
28,lt,none,0.2,100,1.0,14.324,541.1637535353536,0.06017313536137065,0.8760808080808081,46.70784234051199,116.0,31.708,64.352,0.5364318358196085,0.6540994776288894,0,0.34782608695652173,1.0
29,lt,none,0.2,100,1.0,15.284,543.0695191919192,0.05835448647213353,0.9142626262626263,46.63449526496071,116.0,32.54,65.612,0.5459617671270466,0.6485985638174658,0,0.3385049365303244,1.0
30,lt,none,0.2,93,0.93,12.864,544.1265521739131,0.07077334187551579,0.9344347826086956,47.876428725469054,115.0,29.984,59.476,0.5455748698491132,0.6445551279148743,0,0.35518654302350655,1.0
31,lt,none,0.2,100,1.0,12.88,542.3480161616162,0.06856808527182857,0.8988686868686869,45.869126840088725,115.0,32.088,64.576,0.5357173706487,0.6482025774361293,0,0.3424077434966727,1.0
32,lt,none,0.2,100,1.0,15.392,542.3314181818182,0.05723074129936876,0.900969696969697,46.61354980958108,116.0,32.708,65.404,0.5407971262401642,0.6500658183413778,0,0.3381439166165564,1.0
33,lt,none,0.2,100,1.0,14.524,545.4003030303031,0.06369428228073505,0.950909090909091,46.07659137577002,116.0,32.296,66.524,0.5513332124070379,0.646780303030303,0,0.32854209445585214,1.0
34,lt,none,0.2,100,1.0,13.98,543.9993575757577,0.06445640000720215,0.9275555555555556,47.38063872255489,116.0,32.132,65.344,0.5406738644825019,0.6459116541353384,0,0.3437125748502994,1.0
35,lt,none,0.2,100,1.0,19.96,538.7910303030304,0.041207674531632855,0.8389898989898988,47.49151172190784,121.0,34.976,67.368,0.5330818340104468,0.6520961145194274,0,0.3177041228779305,1.0
36,lt,none,0.2,97,0.97,15.784,538.4347416666667,0.05164888344226579,0.833,48.702534191472246,117.0,31.28,61.192,0.5420235978664942,0.6517637407711239,0,0.35478680611423974,1.0
37,lt,none,0.2,96,0.96,16.808,547.1976505263158,0.057308037900578236,0.9775578947368421,45.1217827997489,118.0,32.088,65.592,0.5437139094316685,0.6519721577726219,0,0.3088512241054614,1.0
38,lt,none,0.2,100,1.0,12.908,542.3668565656566,0.06820350625805172,0.9034343434343434,47.80730630268968,114.0,32.616,64.156,0.5390274841437632,0.6438502673796791,0,0.36150140505820955,1.0
39,lt,none,0.2,100,1.0,14.612,541.5408484848487,0.05989902646373234,0.8895757575757576,44.173825368017745,115.0,33.764,66.052,0.5436296229315489,0.6523502743975185,0,0.32123411978221417,1.0
40,lt,none,0.2,100,1.0,13.076,545.7493575757577,0.07237401386492294,0.9549090909090909,45.503327283726556,114.0,32.572,66.1,0.5337395416515096,0.6506817113305124,0,0.33494656180681587,1.0
41,lt,none,0.2,100,1.0,14.196,540.439191919192,0.05943979834452205,0.8688888888888889,49.93214140593255,116.0,31.772,62.78,0.5376520313982576,0.6485137281597458,0,0.3707842340511987,1.0
42,lt,none,0.2,100,1.0,13.308,543.2722707070708,0.06774818262545534,0.9115151515151515,46.39928885170466,115.0,31.576,64.06,0.5430997512651171,0.6493895415802811,0,0.35097259987450324,1.0
43,lt,none,0.2,96,0.96,13.132,540.8587284210527,0.06379796885261282,0.8729684210526316,48.06305170239597,117.0,29.868,59.9,0.5428687196110211,0.6534334763948498,0,0.3610760823875578,1.0
44,lt,none,0.2,100,1.0,14.904,541.6032484848486,0.058746470305293834,0.8871919191919192,47.5902567212452,116.0,32.372,64.596,0.5406473308112653,0.6479913137893594,0,0.3488983222154841,1.0
45,lt,none,0.2,100,1.0,14.1,544.7125858585861,0.0652933423478878,0.9366868686868687,46.59093631463366,116.0,31.184,64.556,0.5429114142635123,0.650520597555455,0,0.3443801157915752,1.0
46,lt,none,0.2,99,0.99,14.964,542.6329469387756,0.05970901175321944,0.9081224489795919,47.433910472972975,116.0,32.604,64.7,0.5425162496661028,0.6498008901382056,0,0.3441722972972973,1.0
47,lt,none,0.2,100,1.0,15.792,540.2432080808081,0.054014323703281394,0.8557979797979799,47.77833905839564,116.0,31.772,64.396,0.5293050406247535,0.6508397263114244,0,0.3511820569812083,1.0
48,lt,none,0.2,99,0.99,14.888,540.8056081632653,0.05852742833397095,0.8802040816326531,45.01714763697198,116.0,34.892,66.044,0.5326945257741106,0.6531094821470796,0,0.32685069008782935,1.0
49,lt,none,0.2,100,1.0,14.74,539.0010141414142,0.05522775023550425,0.846020202020202,48.65448573188257,116.0,33.34,63.696,0.5335706196408349,0.648771021992238,0,0.3590638472592897,1.0
0,lt,none,0.3,99,0.99,17.516,556.4963551020409,0.06407734309262553,1.1171836734693876,36.61249489587587,117.0,33.468,75.856,0.3879014340537265,0.7221272229822161,0,0.22430924186742887,1.0
1,lt,none,0.3,100,1.0,16.2,558.7059393939395,0.0703229564553094,1.1377373737373737,39.04839149400218,117.0,30.012,75.204,0.4580711589063036,0.6787075694318389,0,0.246319520174482,1.0
2,lt,none,0.3,100,1.0,18.004,558.0305575757576,0.0632944470504842,1.1391111111111112,36.52691944406963,118.0,33.572,78.576,0.3518828451882845,0.7318101933216169,0,0.21427607610309,1.0
3,lt,none,0.3,99,0.99,15.328,554.5266571428572,0.07052920596810154,1.0806530612244896,37.31910819313364,115.0,31.6,74.02,0.41534762572630735,0.6997341309405118,0,0.24962385446587335,1.0
4,lt,none,0.3,100,1.0,16.14,557.8061292929294,0.07075162428253244,1.1401616161616162,34.57949620801733,116.0,35.404,78.384,0.34240715535679567,0.7488262910798122,0,0.2085590465872156,1.0
5,lt,none,0.3,97,0.97,15.856,554.7861333333334,0.06796459107681534,1.0759583333333333,37.47165627165627,115.0,29.12,71.872,0.4140964808224595,0.7129116400391262,0,0.246985446985447,1.0
6,lt,none,0.3,100,1.0,15.856,556.7867515151515,0.07026664638919541,1.113050505050505,38.50274027536425,116.0,29.856,73.892,0.4463816825963659,0.6959357752132463,0,0.2505012698837054,1.0
7,lt,none,0.3,100,1.0,15.588,554.6316404040405,0.06984505516270223,1.0871515151515152,35.3508178991483,115.0,35.504,77.996,0.3494650044173947,0.7339600857661224,0,0.2211707448965797,1.0
8,lt,none,0.3,100,1.0,19.992,554.3693535353536,0.05402539161782994,1.0781010101010102,37.55740543420352,119.0,33.956,77.696,0.3841329570398244,0.7254970966039064,0,0.21177410761854024,1.0
9,lt,none,0.3,100,1.0,16.188,553.1087676767677,0.06509503673523283,1.0525252525252526,40.052603036876356,116.0,32.108,73.892,0.4358094469115866,0.6909061063690085,0,0.25827006507592193,1.0
10,lt,none,0.3,100,1.0,15.78,555.1697656565658,0.06850370734261342,1.0762424242424242,42.25866954527054,117.0,28.104,70.708,0.46876835715684356,0.6777845777233782,0,0.2909189043313993,1.0
11,lt,none,0.3,100,1.0,18.3,556.1712767676768,0.06053338495097103,1.10589898989899,39.899542149205494,118.0,31.028,75.256,0.4302069110387564,0.6947650108713832,0,0.24670078103959062,1.0
12,lt,none,0.3,100,1.0,16.32,558.217494949495,0.07048476454554886,1.1491313131313132,32.76162790697674,116.0,36.096,80.344,0.3092443495974391,0.7621612523144252,0,0.18895348837209303,1.0
13,lt,none,0.3,100,1.0,15.768,555.2639515151517,0.06941878833050143,1.0922020202020204,35.16170270637835,115.0,33.264,76.392,0.38172147001934237,0.7235194585448392,0,0.22399020807833536,1.0
14,lt,none,0.3,100,1.0,14.596,553.9849616161616,0.0730011174011174,1.068969696969697,37.5521974396199,115.0,30.524,73.124,0.4471187456306801,0.6947250280583613,0,0.2545862478553517,1.0
15,lt,none,0.3,100,1.0,15.992,555.4653010101011,0.06799958549076196,1.0863434343434342,37.78414795244386,116.0,29.972,74.588,0.4435739995765403,0.702015196564255,0,0.24174372523117568,1.0
16,lt,none,0.3,82,0.82,15.98,555.867501234568,0.06903419317711257,1.1044444444444446,39.127212572373864,116.0,25.372,60.416,0.443710292249047,0.6868852459016394,0,0.2583953680727874,1.0
17,lt,none,0.3,97,0.97,16.884,556.8218416666668,0.06600968567251463,1.1127083333333334,36.84014506904729,116.0,29.9,73.748,0.41862745098039217,0.6978456014362657,0,0.23601618077835124,1.0
18,lt,none,0.3,100,1.0,16.324,552.811187878788,0.06390406539720266,1.0440404040404039,39.82993197278912,116.0,29.216,72.092,0.47406949170017526,0.6841844323252355,0,0.2691156462585034,1.0
19,lt,none,0.3,100,1.0,16.316,554.1245494949496,0.06554608739118543,1.0696161616161617,40.22399574354882,116.0,29.276,72.444,0.46963937121134286,0.6811871708951651,0,0.26908752327746743,1.0
20,lt,none,0.3,100,1.0,14.708,555.1373090909092,0.07358808783808783,1.0814141414141414,38.389694041867955,115.0,29.164,72.412,0.46852581590380926,0.684581353432738,0,0.2612721417069243,1.0
21,lt,none,0.3,100,1.0,14.992,557.7299515151517,0.07548899687821257,1.129090909090909,37.565579272385555,116.0,31.38,74.904,0.41349062310949786,0.7099638276882605,0,0.24231440461806955,1.0
22,lt,none,0.3,97,0.97,14.236,552.9941458333335,0.07361605616605617,1.047625,40.60440639910188,114.0,27.68,68.028,0.4882335117664882,0.676996228889982,0,0.2840303115352231,1.0
23,lt,none,0.3,97,0.97,15.968,558.2325125000001,0.07100757177871148,1.1345416666666666,38.932999024933835,116.0,28.66,71.736,0.45658813263525305,0.6897169473307059,0,0.24669173979662906,1.0
24,lt,none,0.3,100,1.0,15.764,556.9131474747476,0.071512536700772,1.124808080808081,37.54601973239627,116.0,32.324,75.268,0.42371828068358364,0.7050470487596237,0,0.23841059602649006,1.0
25,lt,none,0.3,99,0.99,15.896,553.6559183673471,0.06684730463614016,1.0610204081632655,38.724137931034484,115.0,30.032,72.408,0.45112162996501337,0.6921419098143236,0,0.26262068965517243,1.0
26,lt,none,0.3,100,1.0,17.228,554.6950101010102,0.06286485095189946,1.0813737373737373,39.635103926096996,116.0,29.836,73.416,0.47347783465853394,0.6789826430658189,0,0.26069827469093876,1.0
27,lt,none,0.3,100,1.0,14.44,555.8565090909092,0.07531500873853815,1.085818181818182,37.14453599891936,114.0,28.388,73.732,0.4482831261849589,0.6936396936396937,0,0.25597730649736594,1.0
28,lt,none,0.3,100,1.0,15.324,552.9455676767677,0.06841675013439719,1.046989898989899,37.67499328498523,115.0,30.424,73.272,0.4444890987641917,0.69852819579957,0,0.2520816545796401,1.0
29,lt,none,0.3,100,1.0,15.504,556.2060444444445,0.07104305567344783,1.1031515151515152,38.46371943026068,115.0,29.244,73.612,0.46770360769064595,0.6825767690253671,0,0.2609513571620532,1.0
30,lt,none,0.3,93,0.93,14.912,556.9641347826088,0.07606860641134938,1.1272608695652173,39.47080870693383,115.0,29.42,68.064,0.4268766618940479,0.6999330207635633,0,0.25918985152083035,1.0
31,lt,none,0.3,100,1.0,14.988,554.9703797979798,0.07258674593380476,1.0846464646464646,38.579679144385025,115.0,30.372,73.344,0.44309559939301973,0.6956663941128373,0,0.2552139037433155,1.0
32,lt,none,0.3,100,1.0,17.008,555.0360323232323,0.06421062760386806,1.088686868686869,38.870763851533084,116.25,30.98,74.244,0.42682563338301044,0.6971705739692805,0,0.25228617536309844,1.0
33,lt,none,0.3,100,1.0,15.924,556.9189737373737,0.06971384419387516,1.1086060606060606,40.20878369133944,116.0,27.144,71.928,0.5081565198848491,0.6685402827456992,0,0.26802572171295663,1.0
34,lt,none,0.3,100,1.0,15.64,557.4497818181818,0.07197487715624971,1.1268686868686868,38.6707463083677,116.0,31.264,75.284,0.4298082191780822,0.6881702127659575,0,0.25009977384594917,1.0
35,lt,none,0.3,100,1.0,22.212,552.1890666666667,0.04668166102964522,1.0362424242424242,40.203801765105226,122.0,32.272,76.632,0.43330702446724545,0.6942947407545066,0,0.22824168363883232,1.0
36,lt,none,0.3,97,0.97,16.984,549.1334083333335,0.058088045020639835,0.9874583333333332,43.539086844601,117.0,28.504,67.576,0.4710971667617418,0.6813725490196079,0,0.2911529603034819,1.0
37,lt,none,0.3,96,0.96,17.62,560.3688168421053,0.06650279781920324,1.1702315789473687,37.63325960740946,118.0,30.092,74.076,0.4172004744958482,0.6986842105263158,0,0.22656897981752833,1.0
38,lt,none,0.3,100,1.0,14.632,555.6592363636364,0.0755029119029119,1.1033535353535353,37.87165269137138,115.0,32.276,74.248,0.4161731870692166,0.7094692692369737,0,0.2485799296727076,1.0
39,lt,none,0.3,100,1.0,16.292,555.7627797979799,0.06764474153297684,1.1011313131313132,36.271159029649596,115.0,31.908,75.908,0.4229680125852124,0.7039370078740157,0,0.22951482479784366,1.0
40,lt,none,0.3,100,1.0,14.804,558.5455515151515,0.07747180452082413,1.1423434343434342,36.50912996777659,115.0,31.076,75.052,0.44344798480692127,0.7006237006237006,0,0.23348549946294309,1.0
41,lt,none,0.3,100,1.0,15.648,553.5727030303032,0.06784627554725595,1.0629090909090908,40.29212725802103,115.0,30.624,72.376,0.45865043125317095,0.6882017900732302,0,0.2675923429495821,1.0
42,lt,none,0.3,100,1.0,14.936,555.484703030303,0.07298511216452394,1.08989898989899,39.23228021978022,115.0,30.08,72.664,0.4547281680233142,0.6867250785253761,0,0.26607142857142857,1.0
43,lt,none,0.3,96,0.96,14.628,552.4166105263158,0.07168449574161648,1.0398315789473687,39.609871723368656,115.0,28.372,67.88,0.4497434923047691,0.6952425084955205,0,0.2777467930842164,1.0
44,lt,none,0.3,100,1.0,15.428,552.876383838384,0.06794060112001288,1.0482020202020204,39.977711738484395,115.0,30.116,72.192,0.4488536155202822,0.6889100730854782,0,0.270160745643658,1.0
45,lt,none,0.3,100,1.0,15.156,557.3642666666667,0.07438935780994603,1.1245252525252527,38.34375,115.0,30.408,73.824,0.4365079365079365,0.6918340894361633,0,0.2556938559322034,1.0
46,lt,none,0.3,99,0.99,17.08,555.6930734693879,0.06463438046897957,1.106326530612245,39.111833910034605,117.0,32.14,74.28,0.4282008715501141,0.7024906175366769,0,0.24359861591695503,1.0
47,lt,none,0.3,100,1.0,16.496,549.8332444444445,0.05971881890803459,0.9841212121212123,41.41796875,116.0,28.276,70.476,0.46547904744323426,0.6885688568856886,0,0.2801724137931034,1.0
48,lt,none,0.3,99,0.99,16.94,554.2920122448982,0.06386289603560723,1.0791836734693878,37.76332179930796,117.0,33.424,75.828,0.3916950728230555,0.7121498539267915,0,0.23557093425605535,1.0
49,lt,none,0.3,100,1.0,16.516,550.7077858585858,0.06113856303464146,1.0084848484848485,40.9655079493398,116.0,29.732,71.12,0.45896973721658285,0.6919027713268308,0,0.2733764483966586,1.0
0,lt,none,0.4,99,0.99,19.828,571.8240204081633,0.06894391464491927,1.3631836734693876,24.087252412392075,115.0,36.836,89.696,0.14034109909709064,0.8799232925210208,0,0.08288471305231082,1.0
1,lt,none,0.4,100,1.0,17.44,571.7048000000001,0.07682250089474031,1.3385858585858588,29.515271838729383,117.0,30.584,85.552,0.25815217391304346,0.7907083716651334,0,0.13907554469558134,1.0
2,lt,none,0.4,100,1.0,19.5,572.9609252525254,0.07067499894517439,1.376929292929293,23.53196828264579,115.0,36.22,91.752,0.12456587172956703,0.8901996370235935,0,0.07307036033323296,1.0
3,lt,none,0.4,99,0.99,16.752,569.1872775510205,0.07861675003334667,1.3157959183673469,24.32461161079313,115.0,34.96,87.452,0.17663436908341687,0.8503062241845891,0,0.10742027800490597,1.0
4,lt,none,0.4,100,1.0,18.216,572.7832484848485,0.07575480553731327,1.3788686868686868,22.225393600812595,112.0,38.512,91.992,0.11145743766122097,0.8985027353872732,0,0.07211782630777044,1.0
5,lt,none,0.4,97,0.97,17.576,567.9910541666667,0.07347797396370828,1.2895833333333333,26.19945979638479,116.0,32.704,84.252,0.19583748477803609,0.838159900235555,0,0.12133804280074797,1.0
6,lt,none,0.4,100,1.0,17.804,569.5953818181819,0.07401404811791809,1.3163232323232323,29.35181625012648,117.0,32.228,85.272,0.24045711592836946,0.8020536223616657,0,0.14054436911868864,1.0
7,lt,none,0.4,100,1.0,17.324,569.1858828282828,0.07639902898958627,1.3219797979797976,22.614333775104495,116.0,38.596,91.236,0.1246507629486353,0.8879608294930875,0,0.0794168620654501,1.0
8,lt,none,0.4,100,1.0,21.764,568.764206060606,0.06013229927735856,1.3071515151515152,26.720120421475162,118.0,36.084,90.24,0.15553479682391405,0.8716721507627879,0,0.08610135474159558,1.0
9,lt,none,0.4,100,1.0,18.464,566.0621454545455,0.06807023676739878,1.254909090909091,30.354301948051948,118.0,33.268,84.752,0.24476797088262056,0.80507769145394,0,0.14265422077922077,1.0
10,lt,none,0.4,100,1.0,18.544,568.4211757575757,0.06958252634548254,1.2866262626262626,32.30102657004831,119.0,30.46,82.416,0.2701374148139873,0.7802282343890242,0,0.17330917874396135,1.0
11,lt,none,0.4,100,1.0,20.888,570.1958787878789,0.0637712243638601,1.3306262626262628,28.398935636108043,118.0,33.796,87.764,0.19753086419753085,0.8390222736476713,0,0.1117582086554875,1.0
12,lt,none,0.4,100,1.0,17.884,572.6644404040405,0.07714989593214568,1.3784242424242426,21.277944111776446,114.0,38.416,92.94,0.09726411029728566,0.9121447028423773,0,0.06107784431137724,1.0
13,lt,none,0.4,100,1.0,17.488,569.8412242424243,0.0759453000941649,1.3264242424242425,23.27218029777687,114.0,36.78,90.048,0.14482018250134193,0.8718096611391493,0,0.09065878033856822,1.0
14,lt,none,0.4,100,1.0,16.14,567.7501373737375,0.07972007328183799,1.2853333333333334,28.059027091160768,115.0,32.296,84.772,0.23729785525863056,0.8029478156951269,0,0.1468261815305517,1.0
15,lt,none,0.4,100,1.0,16.892,566.658383838384,0.07457111309170134,1.2585858585858587,30.406742249423097,116.0,30.208,83.392,0.2792630057803468,0.7800166759310728,0,0.1588241195946624,1.0
16,lt,none,0.4,82,0.82,17.956,569.9191604938272,0.07394390997464613,1.3266172839506174,27.78482264244222,117.0,27.184,70.32,0.23191489361702128,0.8185964912280702,0,0.12791991101223582,1.0
17,lt,none,0.4,97,0.97,19.348,571.1205166666667,0.06927864063754158,1.3394583333333332,25.0269989615784,115.0,32.116,85.844,0.1870215092963908,0.846802637632265,0,0.10373831775700934,1.0
18,lt,none,0.4,100,1.0,17.716,565.2894545454545,0.06991247354869645,1.2372525252525253,30.530787297048914,116.0,29.912,82.2,0.30465361622318604,0.778778224130766,0,0.16327989380169508,1.0
19,lt,none,0.4,100,1.0,17.66,567.2077292929295,0.07218520255878356,1.2732929292929294,30.222055738687445,117.0,30.544,83.3,0.27356617217614765,0.7872025809920689,0,0.1581260613325342,1.0
20,lt,none,0.4,100,1.0,16.072,567.9063111111112,0.07997896471720002,1.284121212121212,28.853029695024077,115.0,31.488,83.808,0.2578349213637929,0.7891343119769516,0,0.15469502407704655,1.0
21,lt,none,0.4,100,1.0,16.364,571.6089737373738,0.08283701298701299,1.3524848484848484,25.625176946410516,116.0,34.968,87.932,0.18539200357382177,0.8440249787113255,0,0.11142568250758342,1.0
22,lt,none,0.4,97,0.97,15.492,566.3283458333334,0.08119557656395893,1.2570416666666668,30.972521775197013,115.0,29.356,79.016,0.2962962962962963,0.770838953331535,0,0.17617171298216508,1.0
23,lt,none,0.4,97,0.97,17.64,572.1058500000001,0.07680552061833505,1.3543333333333334,28.423870900136226,117.0,31.104,83.56,0.2327281588887535,0.8176677365123032,0,0.1252226763072409,1.0
24,lt,none,0.4,100,1.0,17.716,571.782509090909,0.07693884232764524,1.3618585858585859,26.272635203564917,117.0,35.528,88.676,0.17672912329400878,0.8463670849139189,0,0.10664371075551955,1.0
25,lt,none,0.4,99,0.99,17.088,566.5880775510205,0.07409055288782179,1.265387755102041,28.83691386077257,115.0,31.96,83.484,0.250437012003263,0.7941135444273957,0,0.15265441024581697,1.0
26,lt,none,0.4,100,1.0,19.044,567.9133494949496,0.06782363782301863,1.2905454545454544,29.853146136503383,117.0,31.86,84.812,0.2584379188497624,0.7918445458560283,0,0.14521418323426932,1.0
27,lt,none,0.4,100,1.0,16.244,568.9210222222223,0.0798862503853216,1.2938989898989899,26.93122281784161,115.0,30.784,85.436,0.236584784164083,0.8051728985099803,0,0.14129665216951554,1.0
28,lt,none,0.4,100,1.0,16.748,565.1189575757577,0.0740600924970378,1.2382222222222221,28.746288253711747,116.0,31.912,83.736,0.266926337495704,0.7957639939485628,0,0.14998485001515,1.0
29,lt,none,0.4,100,1.0,16.684,569.251292929293,0.07836914570542021,1.3062222222222222,28.194523039611965,115.0,30.548,84.432,0.26469873663751214,0.7915360501567398,0,0.14783751010509297,1.0
30,lt,none,0.4,93,0.93,18.076,572.2235565217393,0.07600664531640268,1.3716521739130434,28.53758911211925,116.0,32.856,81.024,0.18304233709916695,0.836839845427222,0,0.12313674659753726,1.0
31,lt,none,0.4,100,1.0,16.464,568.9872242424243,0.07962926652142338,1.3093737373737375,27.72146904087414,116.0,33.364,85.996,0.22130123765186782,0.8189906853885722,0,0.13172804532577903,1.0
32,lt,none,0.4,100,1.0,19.156,568.7205535353536,0.06834369385535535,1.3075151515151515,28.010787706085896,118.0,33.948,86.696,0.20372010628875112,0.828761429758936,0,0.12578872379401587,1.0
33,lt,none,0.4,100,1.0,17.208,569.4609333333334,0.07598860986889883,1.3054545454545454,31.566197470420235,116.0,28.872,82.556,0.29630078835657975,0.7618843683083512,0,0.1701346389228886,1.0
34,lt,none,0.4,100,1.0,16.816,571.0433616161616,0.07975999867960652,1.3400808080808082,27.20667135537024,116.0,33.116,86.892,0.21472991098646507,0.816149433740256,0,0.12609263538631568,1.0
35,lt,none,0.4,100,1.0,23.464,564.9366505050506,0.05267827980539443,1.2352727272727273,30.435184245254288,122.0,32.708,87.0,0.2314416012161135,0.815449968533669,0,0.11907420566439955,1.0
36,lt,none,0.4,97,0.97,18.804,561.8509041666667,0.06343651602453848,1.1918333333333333,33.91077838170444,118.0,30.84,78.628,0.27878006872852235,0.7799193751574703,0,0.17916111168085325,1.0
37,lt,none,0.4,96,0.96,20.128,575.4157178947369,0.06993220619801685,1.406442105263158,26.19749085206482,119.0,31.884,86.248,0.1699252066657919,0.8542992331538587,0,0.09336121275483533,1.0
38,lt,none,0.4,100,1.0,16.268,570.1208080808083,0.082125359571438,1.3341818181818181,26.569955519611806,115.0,35.164,87.124,0.19265955129601395,0.8360207707023777,0,0.1213101496158512,1.0
39,lt,none,0.4,100,1.0,17.516,570.8033575757577,0.07660687195310519,1.3405252525252527,24.08575712143928,116.0,34.456,89.084,0.17858818011257035,0.8577804224933055,0,0.09555222388805597,1.0
40,lt,none,0.4,100,1.0,16.52,572.3899191919193,0.08261808618893242,1.3622222222222222,26.814784973310505,116.0,33.652,87.256,0.2057774607703281,0.8237788827142439,0,0.1213616678416759,1.0
41,lt,none,0.4,100,1.0,17.22,565.9357212121212,0.07293167780314323,1.254909090909091,31.825292026409343,116.0,31.484,82.36,0.2894889326689072,0.7745217745217745,0,0.16881665820213307,1.0
42,lt,none,0.4,100,1.0,16.572,568.5346020202021,0.07827773486498976,1.295111111111111,28.473154706908943,116.0,32.216,84.216,0.2576067211625795,0.8015850945494994,0,0.14649419977415049,1.0
43,lt,none,0.4,96,0.96,17.16,566.3473557894738,0.07393480403795868,1.2646315789473683,29.072510709434752,117.0,31.836,80.48,0.23035347529996758,0.8069428313330752,0,0.15640998850694807,1.0
44,lt,none,0.4,100,1.0,17.068,566.1848606060606,0.07382945676232569,1.2590707070707072,29.539087120056926,116.0,32.408,84.028,0.24806544328985186,0.7991682318218406,0,0.1521805428484294,1.0
45,lt,none,0.4,100,1.0,16.66,570.7532484848485,0.08015357166435598,1.33430303030303,28.08345827086457,116.0,32.2,85.148,0.23932404658597853,0.8112399889533278,0,0.13663168415792104,1.0
46,lt,none,0.4,99,0.99,18.984,570.3140326530613,0.07050214792683991,1.3362448979591837,28.878806648085064,118.0,34.008,86.48,0.19612618881929947,0.8271299796452457,0,0.12274181893259006,1.0
47,lt,none,0.4,100,1.0,18.06,560.9738707070708,0.06413487697754985,1.1572121212121211,33.70630921185245,118.0,28.868,79.712,0.3152115979106705,0.7704150757482449,0,0.1879661358597057,1.0
48,lt,none,0.4,99,0.99,17.612,568.9689795918368,0.07471738397113231,1.3120408163265307,25.043074410533837,116.0,35.548,88.564,0.1560161197466897,0.8526779163609685,0,0.10248035112789629,1.0
49,lt,none,0.4,100,1.0,17.768,563.131187878788,0.06782271806472014,1.203838383838384,31.993023255813952,117.0,31.092,81.632,0.2856370322301536,0.7816610781532113,0,0.17148634984833164,1.0
0,lt,none,0.5,99,0.99,19.244,583.7189755102041,0.0799001074113856,1.5366530612244897,16.130989118076986,20.0,34.416,97.004,0.015631005765534913,0.9840151038388923,0,0.01031346434952087,1.0
1,lt,none,0.5,100,1.0,18.116,584.6751878787879,0.0848216739114572,1.5356363636363635,20.29468481607519,19.0,30.068,95.048,0.0719824433065106,0.9331085637221848,0,0.04018797601685302,1.0
2,lt,none,0.5,100,1.0,19.924,583.205098989899,0.07633843700159489,1.5208888888888887,18.983424087123637,20.0,32.464,97.016,0.032015065913371,0.9669907881269192,0,0.0206598334401025,1.0
3,lt,none,0.5,99,0.99,17.804,582.1389795918367,0.08476315526210484,1.5084081632653064,16.372496336101612,18.0,33.416,96.12,0.028907649015093375,0.9701784404791005,0,0.019866471258752644,1.0
4,lt,none,0.5,100,1.0,18.876,584.3723393939393,0.0817639553429027,1.542909090909091,16.708997263801706,19.0,34.532,98.14,0.013329979879275655,0.9868643046517233,0,0.008771929824561403,1.0
5,lt,none,0.5,97,0.97,18.664,580.1250000000001,0.07901845401903453,1.4738333333333333,17.839654304413493,19.0,32.224,92.856,0.052176094318324345,0.9552978132173493,0,0.03104547742909884,1.0
6,lt,none,0.5,100,1.0,19.496,581.9944525252525,0.07724225547032565,1.5048080808080808,21.227328083137127,21.0,32.056,94.516,0.07479739604091935,0.9300137965634014,0,0.0453032394251847,1.0
7,lt,none,0.5,100,1.0,18.004,580.4339676767677,0.08237661096691025,1.4830707070707072,16.99657980456026,18.0,34.904,97.364,0.025376290583405896,0.9750334916575326,0,0.016693811074918567,1.0
8,lt,none,0.5,100,1.0,22.164,580.5341212121212,0.06680677469215018,1.48,20.000888314624888,22.0,33.384,97.452,0.02565480188045668,0.9748878923766816,0,0.01582815149802148,1.0
9,lt,none,0.5,100,1.0,20.092,579.1307717171718,0.07239379256221361,1.4524444444444444,22.378745053702655,115.0,32.192,93.992,0.0781882260801462,0.9216932485909581,0,0.0527335863684083,1.0
10,lt,none,0.5,100,1.0,21.44,582.4842585858586,0.07037864953569829,1.506989898989899,21.797897102496187,23.0,31.968,94.08,0.07632535405439278,0.9291984950404742,0,0.049843486636166626,1.0
11,lt,none,0.5,100,1.0,21.948,582.9623757575758,0.06933674406401678,1.5216969696969698,20.28683851280816,22.0,32.568,96.608,0.03970880211780278,0.9624921334172436,0,0.02392997671243877,1.0
12,lt,none,0.5,100,1.0,18.916,583.1444040404041,0.08072928111524603,1.5268282828282829,16.646107016981738,19.0,34.812,98.484,0.0073383084577114425,0.9914738124238733,0,0.005607177186799103,1.0
13,lt,none,0.5,100,1.0,17.992,581.6578505050506,0.08341995114544133,1.5008484848484849,16.000649087221095,18.0,34.648,97.616,0.02199703410776075,0.9794067173326796,0,0.013630831643002028,1.0
14,lt,none,0.5,100,1.0,17.052,580.4725696969697,0.08691374199511455,1.479959595959596,18.929715017611272,18.0,32.316,94.416,0.07309566555527058,0.9318504495977283,0,0.04610951008645533,1.0
15,lt,none,0.5,100,1.0,17.66,578.9412767676769,0.08198374265531129,1.4460202020202018,21.93422222222222,115.0,29.908,92.532,0.10831509846827134,0.8992427943331704,0,0.06666666666666667,1.0
16,lt,none,0.5,82,0.82,19.296,582.8828049382716,0.0788886434192477,1.5215802469135802,19.645043443917853,20.0,26.608,77.928,0.06596942880128721,0.9452180566182097,0,0.035347551342812006,1.0
17,lt,none,0.5,97,0.97,19.972,583.1244333333334,0.07597313596491229,1.51725,17.507182595698747,20.0,30.448,93.552,0.043013736644928545,0.9599628794909187,0,0.025076808104292952,1.0
18,lt,none,0.5,100,1.0,18.832,578.535797979798,0.07681296296296296,1.4447676767676767,21.191243489583332,113.0,31.208,93.12,0.09820248480042294,0.9111681329423265,0,0.059163411458333336,1.0
19,lt,none,0.5,100,1.0,18.716,581.2644323232323,0.07977836848012286,1.491878787878788,19.54794630014384,20.0,31.768,94.732,0.07202614379084968,0.9382035928143713,0,0.04123381812370146,1.0
20,lt,none,0.5,100,1.0,17.252,581.7126222222223,0.08686784511784512,1.497939393939394,18.83926705778349,18.0,32.208,94.752,0.0661669682088395,0.9334301621883321,0,0.0442015591095395,1.0
21,lt,none,0.5,100,1.0,17.928,584.5072646464647,0.0861720472700865,1.5446060606060605,17.568203805224123,18.0,33.58,96.748,0.03577840471915876,0.9653742989514752,0,0.02289584005159626,1.0
22,lt,none,0.5,97,0.97,16.752,580.6418249999999,0.08850597426470588,1.4819583333333335,20.150876322751323,114.0,31.1,90.684,0.08494511238891793,0.9186631528509823,0,0.05613425925925926,1.0
23,lt,none,0.5,97,0.97,18.672,585.3647875000001,0.08336159127393648,1.5557916666666667,19.83252629821339,19.0,30.948,93.152,0.05290055248618784,0.9561917443408788,0,0.027467022875271332,1.0
24,lt,none,0.5,100,1.0,18.384,584.048383838384,0.08390611481168755,1.5413333333333334,18.70136518771331,19.0,33.536,96.564,0.04095877782167786,0.9623118755533072,0,0.02421582967658053,1.0
25,lt,none,0.5,99,0.99,17.844,579.7476857142858,0.08215474523142591,1.4653469387755103,19.77689406362742,113.0,31.492,93.048,0.07759766144034015,0.920476653696498,0,0.053624139061987534,1.0
26,lt,none,0.5,100,1.0,19.732,581.7447353535355,0.07603744715323663,1.499878787878788,20.022683084899548,20.0,31.352,94.92,0.06942515967786726,0.9333162349320339,0,0.04212572909915749,1.0
27,lt,none,0.5,100,1.0,18.456,581.4202828282828,0.08061936183298413,1.4865454545454546,17.734594462937405,19.0,30.912,95.04,0.06706008583690987,0.9390850323222277,0,0.03978241454899732,1.0
28,lt,none,0.5,100,1.0,17.576,576.9584444444445,0.08080632607464391,1.4182626262626263,21.147080262411922,114.0,31.32,92.364,0.11055997911499804,0.9026262141743614,0,0.06576496314894306,1.0
29,lt,none,0.5,100,1.0,17.72,581.7574747474748,0.08452195414759915,1.4965252525252526,19.667505479340857,112.0,30.524,93.84,0.08675487655163007,0.9174138148756156,0,0.0530887247341505,1.0
30,lt,none,0.5,93,0.93,18.936,584.1692391304348,0.08179087210780575,1.548608695652174,20.879603891591383,19.0,31.752,88.612,0.05611715914981856,0.9484690067214339,0,0.03596247394023627,1.0
31,lt,none,0.5,100,1.0,17.008,581.6356484848486,0.08827771175810392,1.5002424242424242,19.05906181641416,18.0,32.668,95.096,0.06327814144525735,0.9411621391156049,0,0.039131491533662806,1.0
32,lt,none,0.5,100,1.0,19.992,582.1373696969698,0.0755618288144604,1.5106262626262628,18.846216238137725,20.0,33.416,96.484,0.039040923926688426,0.9616127474649928,0,0.02579284613512856,1.0
33,lt,none,0.5,100,1.0,18.356,584.0786101010102,0.08362712088202284,1.5334141414141413,20.07202978310133,19.0,30.52,94.664,0.07239330091842247,0.9301554932449656,0,0.04435092262868242,1.0
34,lt,none,0.5,100,1.0,17.604,584.0086989898991,0.08716247441737637,1.5336969696969698,18.589916506101478,18.0,31.94,95.888,0.05229028697571744,0.9485294117647058,0,0.03203275529865125,1.0
35,lt,none,0.5,100,1.0,23.684,576.8363070707071,0.059723094981434896,1.4138585858585857,22.906641857454897,24.0,30.748,94.86,0.07524694944799536,0.9298126527287537,0,0.04182509505703422,1.0
36,lt,none,0.5,97,0.97,20.148,575.4675875000001,0.0698686560150376,1.40725,23.020482930890925,115.0,32.608,89.852,0.09822286263208453,0.9194126877381753,0,0.05986677768526228,1.0
37,lt,none,0.5,96,0.96,21.016,587.0043915789474,0.07494542720437458,1.5749473684210527,19.506100618418852,21.0,29.476,93.048,0.03488721804511278,0.963943661971831,0,0.021393949523650344,1.0
38,lt,none,0.5,100,1.0,17.192,582.7818383838386,0.08866282102066415,1.5232727272727271,18.003550391349954,18.0,33.988,95.896,0.04715689934054996,0.9530899208318563,0,0.03203421286209957,1.0
39,lt,none,0.5,100,1.0,18.068,582.9471434343434,0.0843089651242386,1.52,17.15686274509804,19.0,32.552,97.016,0.03285559762033532,0.9677871148459384,0,0.02024809923969588,1.0
40,lt,none,0.5,100,1.0,17.676,585.6394101010102,0.08843995510662177,1.5624646464646466,17.718555114602736,18.0,33.148,96.916,0.03595118068453171,0.9675829875518672,0,0.020247833481817447,1.0
41,lt,none,0.5,100,1.0,18.244,578.7967151515152,0.07962901112952712,1.4516363636363638,22.81888418998048,115.0,31.504,92.108,0.11544011544011544,0.8993673152679957,0,0.06855888093689004,1.0
42,lt,none,0.5,100,1.0,16.94,582.6180242424244,0.08943464052287581,1.5133333333333332,17.91597324196443,18.0,32.964,95.392,0.060524286815728606,0.9475541494280847,0,0.035160711372165115,1.0
43,lt,none,0.5,96,0.96,19.304,579.4902863157896,0.07613754385964912,1.469136842105263,19.09130617387652,20.0,32.72,90.644,0.06600097418412079,0.9377560309512972,0,0.04594708105837883,1.0
44,lt,none,0.5,100,1.0,18.416,580.1076484848486,0.08024058681065906,1.4757575757575758,19.343843965867535,19.0,33.332,95.216,0.06040684693624411,0.9456032235126808,0,0.037301909792767166,1.0
45,lt,none,0.5,100,1.0,17.256,583.5880686868687,0.08877863603353799,1.530868686868687,18.99556272690601,18.0,32.54,95.048,0.06773985833869929,0.9438979963570128,0,0.0372730939895119,1.0
46,lt,none,0.5,99,0.99,18.996,582.8547224489796,0.08017522547866264,1.5221632653061223,19.631277605103875,19.0,32.524,94.848,0.054178750329554444,0.9523629011877686,0,0.03083592344184525,1.0
47,lt,none,0.5,100,1.0,18.516,573.9021656565657,0.0736324719503254,1.362141414141414,23.86337256166371,117.0,30.26,90.556,0.12934597617310964,0.8871037308604701,0,0.08439464775108818,1.0
48,lt,none,0.5,99,0.99,17.452,581.7532122448981,0.08607836467920502,1.5011020408163267,16.004326177454903,18.0,33.268,96.688,0.01977993188367828,0.9774980930587338,0,0.014447800179577178,1.0
49,lt,none,0.5,100,1.0,18.496,576.6630141414142,0.07652840757071924,1.4143838383838383,22.09483938491265,116.0,31.744,92.384,0.10386086098433453,0.9086922298436972,0,0.06537315836084051,1.0
0,lt,none,0.6,99,0.99,19.0,591.2363591836735,0.08565843179377015,1.6275102040816327,15.141916208324846,19.0,27.312,97.904,0.002067758867504374,0.9988375779351157,0,0.000746927412236029,1.0
1,lt,none,0.6,100,1.0,18.0,593.993608080808,0.09233221099887767,1.6619797979797981,16.442527569176647,18.0,25.304,98.92,0.0015759061460339696,0.9987117929499941,0,0.0007441986333806914,1.0
2,lt,none,0.6,100,1.0,20.0,590.8861252525253,0.0809111111111111,1.6182222222222222,17.14957093054438,20.0,26.468,98.836,0.00344149459193707,0.9978137297770004,0,0.0013408420488066506,1.0
3,lt,none,0.6,99,0.99,17.964,590.3223673469389,0.08972402294251033,1.6116326530612246,14.521253553540003,18.0,26.972,97.956,0.0007918910357934748,0.9993805492463349,0,0.000406118857452281,1.0
4,lt,none,0.6,100,1.0,19.0,591.6893171717173,0.08585645933014353,1.6312727272727274,15.920317652601117,19.0,27.504,99.0,0.0,1.0,0,0.0,1.0
5,lt,none,0.6,97,0.97,19.0,588.8855541666668,0.08366447368421052,1.589625,14.697690595436839,19.0,26.788,95.696,0.006156687702016315,0.9963088280529068,0,0.0025041736227045075,1.0
6,lt,none,0.6,100,1.0,20.996,592.2366585858588,0.07824184704184706,1.6427474747474748,17.53644039175954,21.0,26.8,98.716,0.004862236628849271,0.9956055734190783,0,0.0027693346842283012,1.0
7,lt,none,0.6,100,1.0,18.0,588.3719393939394,0.08793714927048259,1.5828686868686868,15.43848964677223,18.0,28.176,98.94,0.0007624275693809088,0.9989682212133718,0,0.0006766815536608473,1.0
8,lt,none,0.6,100,1.0,22.02,588.153103030303,0.07154661236874676,1.5753939393939396,18.298604086587094,22.0,26.796,98.88,0.0023106123122627496,0.9982591665759982,0,0.0010789668892035875,1.0
9,lt,none,0.6,100,1.0,20.96,589.2514101010103,0.07595026455026456,1.5917979797979798,18.369716173397155,21.0,27.268,98.428,0.008996212121212122,0.9911009933774835,0,0.005797883098496596,1.0
10,lt,none,0.6,100,1.0,22.036,592.0759313131314,0.07442198951685117,1.6387070707070708,17.851829391550435,23.0,27.592,98.412,0.009052504526252263,0.9914048606994665,0,0.00586213866990095,1.0
11,lt,none,0.6,100,1.0,22.0,591.079183838384,0.07388613406795225,1.6254949494949493,18.045778435063188,22.0,26.7,98.812,0.003876595057341302,0.9975292727468041,0,0.0015461145469212155,1.0
12,lt,none,0.6,100,1.0,19.0,590.1935313131313,0.08474853801169589,1.6102222222222222,16.221406156106028,19.0,27.572,98.992,0.0001544878727019929,0.9998977191367495,0,6.676904587033452e-05,1.0
13,lt,none,0.6,100,1.0,18.0,589.4428323232324,0.08873176206509541,1.5971717171717172,14.71597952034492,18.0,27.68,98.9,0.0015401201293700909,0.998462642205596,0,0.0010105092966855296,1.0
14,lt,none,0.6,100,1.0,17.944,590.0526060606062,0.08973697761933055,1.6099797979797978,15.68208092485549,18.0,27.596,98.492,0.008968609865470852,0.9929469487887151,0,0.004637720123672536,1.0
15,lt,none,0.6,100,1.0,17.996,589.8917090909092,0.08897590281904007,1.601090909090909,16.35236420212406,18.0,26.188,98.348,0.008963494132985658,0.9884664673216574,0,0.007305688967056754,1.0
16,lt,none,0.6,82,0.82,19.98,592.2215407407408,0.08233138401559455,1.644938271604938,16.932739861523245,20.0,22.184,80.712,0.005691854759568204,0.9943827563683867,0,0.003544345532476096,1.0
17,lt,none,0.6,97,0.97,20.0,591.629875,0.08132500000000001,1.6265,14.919889693209239,20.0,24.536,95.84,0.0032651658360543048,0.9976486395700369,0,0.0014477766287487074,1.0
18,lt,none,0.6,100,1.0,19.924,589.1049858585859,0.07994258373205741,1.5925656565656565,16.550899013113423,20.0,27.072,98.368,0.009532888465204958,0.9896362098138748,0,0.006624307151547925,1.0
19,lt,none,0.6,100,1.0,18.996,590.862294949495,0.08539736546754091,1.6221818181818184,16.129094540612517,19.0,27.06,98.828,0.003176115610608226,0.997629599093064,0,0.0015312916111850866,1.0
20,lt,none,0.6,100,1.0,17.948,590.845781818182,0.09035333729451377,1.6214949494949495,15.746967654986523,18.0,27.488,98.508,0.008547008547008548,0.992890747516989,0,0.004582210242587601,1.0
21,lt,none,0.6,100,1.0,18.0,592.6278181818184,0.09153984287317621,1.647717171717172,15.512030278453636,18.0,27.492,98.808,0.0032858707557502738,0.9971901342491414,0,0.0018248175182481751,1.0
22,lt,none,0.6,97,0.97,16.984,591.3118083333334,0.09592325367647057,1.6290833333333334,15.294558712251495,17.0,26.616,95.504,0.007957981855801368,0.9923844808068334,0,0.005090458829194469,1.0
23,lt,none,0.6,97,0.97,19.0,593.9042875000001,0.08764035087719299,1.6651666666666665,17.94507628294036,19.0,25.16,95.508,0.008987620824147871,0.9920930757935164,0,0.0048543689320388345,1.0
24,lt,none,0.6,100,1.0,18.288,592.4992444444446,0.09015582727863429,1.6475959595959595,16.558419592720384,19.0,27.08,98.596,0.007759456838021339,0.994309641400043,0,0.003585684324470604,1.0
25,lt,none,0.6,99,0.99,18.0,590.0571387755102,0.08927437641723356,1.606938775510204,14.735135871415924,18.0,26.808,97.644,0.005286767061839154,0.9941102229701304,0,0.003813934482054076,1.0
26,lt,none,0.6,100,1.0,20.0,591.588795959596,0.08154949494949494,1.630989898989899,16.23772748640118,20.0,25.892,98.68,0.006930358350236646,0.9957067371202114,0,0.0026190316298435297,1.0
27,lt,none,0.6,100,1.0,18.84,590.4413454545455,0.08539658713033324,1.6083636363636364,14.514206840829518,19.0,25.924,98.576,0.007379468678255166,0.9935120187194214,0,0.004107190950713708,1.0
28,lt,none,0.6,100,1.0,17.936,587.6143353535354,0.08748227371756784,1.568848484848485,16.08181572912451,18.0,27.388,97.852,0.017568627450980392,0.9818181818181818,0,0.011803588290840416,1.0
29,lt,none,0.6,100,1.0,17.976,591.2172404040405,0.09037433155080216,1.6244848484848484,15.863494645519859,18.0,25.88,97.852,0.019782393669634024,0.9818162020905923,0,0.011318964348651213,1.0
30,lt,none,0.6,93,0.93,19.0,593.546491304348,0.08792219679633868,1.670521739130435,17.88342716904865,19.0,26.392,91.54,0.006677265500794912,0.9922832980972516,0,0.0052692363216399595,1.0
31,lt,none,0.6,100,1.0,17.0,590.9742707070708,0.09560546642899584,1.6252929292929295,15.45813308062005,17.0,27.584,98.744,0.0038693700665531653,0.9959115211238075,0,0.002639951262438232,1.0
32,lt,none,0.6,100,1.0,20.0,590.3004484848486,0.08078383838383839,1.6156767676767676,16.663186440677965,20.0,27.768,98.86,0.002122176747006215,0.9978245105148659,0,0.001423728813559322,1.0
33,lt,none,0.6,100,1.0,18.804,593.5585090909091,0.08836233681847716,1.660848484848485,16.711108106280847,19.0,25.8,98.612,0.005892944835488623,0.9933267695000547,0,0.004124129538232709,1.0
34,lt,none,0.6,100,1.0,18.0,592.9706585858587,0.0916969696969697,1.6505454545454545,15.896949379818974,18.0,26.236,98.82,0.003367003367003367,0.9972406181015453,0,0.0016761649346295675,1.0
35,lt,none,0.6,100,1.0,23.904,586.2075393939394,0.06441231604583383,1.5393535353535353,19.60596271619894,24.0,24.996,98.196,0.016264521894548703,0.9872905834777586,0,0.007402920788747561,1.0
36,lt,none,0.6,97,0.97,20.908,586.5015791666667,0.0747578373015873,1.562875,18.346316446046156,21.0,28.748,95.392,0.009905316824471959,0.991911410688493,0,0.0058216092591309165,1.0
37,lt,none,0.6,96,0.96,21.0,594.714757894737,0.0796451127819549,1.6725473684210526,17.482982284837494,21.0,23.82,94.856,0.004755807572708981,0.9987927079560546,0,0.0006974473427256243,1.0
38,lt,none,0.6,100,1.0,17.008,591.8765292929295,0.09647336106159636,1.6407676767676769,14.98637436762226,17.0,27.908,98.672,0.006687946496428028,0.996169740953533,0,0.002563237774030354,1.0
39,lt,none,0.6,100,1.0,18.98,591.1344848484849,0.0855417748173166,1.6233939393939394,15.878482196539515,19.0,26.172,98.944,0.0006683375104427736,0.9989206691851052,0,0.0006680472977486806,1.0
40,lt,none,0.6,100,1.0,18.0,594.1054828282829,0.09271604938271605,1.6688888888888889,16.04779857277501,18.0,26.588,98.904,0.0019701198489574783,0.998689813298395,0,0.0008078632018311566,1.0
41,lt,none,0.6,100,1.0,18.972,589.7161696969697,0.08459909031838857,1.6048888888888888,17.962127371273713,19.0,27.548,97.716,0.02027664256523106,0.9800788545341357,0,0.013008130081300813,1.0
42,lt,none,0.6,100,1.0,16.92,591.4052040404042,0.0963204099821747,1.6292929292929295,15.497385754057174,17.0,27.508,98.404,0.009670878178131337,0.9909271039733027,0,0.005907516805866775,1.0
43,lt,none,0.6,96,0.96,19.992,589.2622189473684,0.08011556786703601,1.601642105263158,15.478853449487143,20.0,27.996,94.576,0.0065011820330969266,0.9939405785770133,0,0.004355767879724603,1.0
44,lt,none,0.6,100,1.0,18.992,589.5557494949496,0.08431011873117138,1.6011717171717172,16.685283987303304,19.0,27.74,98.628,0.004551661356395084,0.9936421435059037,0,0.004254744377659215,1.0
45,lt,none,0.6,100,1.0,17.024,593.0940686868688,0.0973738694130851,1.6575353535353536,15.404045155221073,17.0,27.392,98.744,0.0045662100456621,0.9963726811068504,0,0.0023518344308560675,1.0
46,lt,none,0.6,99,0.99,19.0,591.7806979591837,0.0861954887218045,1.6377142857142857,16.839591141396934,19.0,26.76,97.628,0.0062923523717328175,0.9941947968178886,0,0.0036797274275979556,1.0
47,lt,none,0.6,100,1.0,19.0,585.7318020202022,0.08092716640085061,1.5376161616161617,16.79465362454777,19.0,28.008,98.116,0.013902968863142651,0.9882019820670127,0,0.008374648264772879,1.0
48,lt,none,0.6,99,0.99,18.0,589.3374081632654,0.08861224489795917,1.5950204081632653,15.052925550030652,18.0,26.648,97.98,0.0,0.9994629430719656,0,0.00034057625502349975,1.0
49,lt,none,0.6,100,1.0,18.352,587.1763070707073,0.08530379821607892,1.564121212121212,16.374856989030217,19.0,28.152,98.0,0.01619790899720218,0.9862866098540504,0,0.009421899185678713,1.0
0,lt,none,0.7,99,0.99,19.0,597.953624489796,0.08973147153598282,1.7048979591836733,15.061194895591647,19.0,19.92,98.0,0.0,1.0,0,0.0,1.0
1,lt,none,0.7,100,1.0,18.0,600.2938424242425,0.0963591470258137,1.7344646464646467,16.355722543352602,18.0,18.288,99.0,0.0,1.0,0,0.0,1.0
2,lt,none,0.7,100,1.0,20.0,597.2591232323232,0.08460808080808081,1.6921616161616162,17.01360817638953,20.0,19.476,99.0,0.0,1.0,0,0.0,1.0
3,lt,none,0.7,99,0.99,18.0,596.6147102040817,0.09355555555555556,1.684,14.496708418293037,18.0,19.968,98.0,0.0,1.0,0,0.0,1.0
4,lt,none,0.7,100,1.0,19.0,598.1282545454546,0.08975013290802764,1.7052525252525252,15.91280244846105,19.0,20.18,99.0,0.0,1.0,0,0.0,1.0
5,lt,none,0.7,97,0.97,19.0,595.4406541666668,0.08772149122807019,1.6667083333333332,14.45056909600143,19.0,19.996,96.0,0.0,1.0,0,0.0,1.0
6,lt,none,0.7,100,1.0,21.0,598.8298181818183,0.08185858585858585,1.719030303030303,17.2629749768304,21.0,19.816,99.0,0.0,1.0,0,0.0,1.0
7,lt,none,0.7,100,1.0,18.0,594.9637131313132,0.09218630751964085,1.6593535353535354,15.381015965166908,18.0,20.724,99.0,0.0,1.0,0,0.0,1.0
8,lt,none,0.7,100,1.0,22.0,594.7248808080808,0.07508539944903582,1.651878787878788,18.181266963099844,22.0,19.464,99.0,0.0,1.0,0,0.0,1.0
9,lt,none,0.7,100,1.0,21.0,596.1384242424243,0.07973833573833573,1.6745050505050505,17.865656098125434,21.0,20.224,99.0,0.0,1.0,0,0.0,1.0
10,lt,none,0.7,100,1.0,22.0,599.1431434343435,0.07830303030303029,1.7226666666666666,17.24121617723418,22.0,20.456,99.0,0.0,1.0,0,0.0,1.0
11,lt,none,0.7,100,1.0,22.0,597.5734303030302,0.07728191000918273,1.7002020202020203,17.88838899463575,22.0,19.648,98.984,0.00043020004302000433,0.9998156851903051,0,0.00011536021226279056,1.0
12,lt,none,0.7,100,1.0,19.0,596.5095474747475,0.08856353003721425,1.6827070707070706,16.211363897506608,19.0,20.412,99.0,0.0,1.0,0,0.0,1.0
13,lt,none,0.7,100,1.0,18.0,595.8118383838386,0.09284175084175084,1.6711515151515153,14.61001386001386,18.0,20.548,98.996,0.00020395676116663266,1.0,0,0.0,1.0
14,lt,none,0.7,100,1.0,18.0,597.0370343434345,0.09401346801346801,1.6922424242424243,15.267993079584775,18.0,20.444,98.988,0.0006131207847946045,1.0,0,0.0,1.0
15,lt,none,0.7,100,1.0,18.0,596.5627151515152,0.09336924803591469,1.6806464646464647,15.698540484188579,18.0,19.504,98.944,0.0006455777921239509,0.9989864553579655,0,0.0006370902351442141,1.0
16,lt,none,0.7,82,0.82,20.0,598.9042024691358,0.08611604938271604,1.722320987654321,16.598566562588704,20.0,16.492,81.0,0.0,1.0,0,0.0,1.0
17,lt,none,0.7,97,0.97,20.0,597.6136583333333,0.084775,1.6955000000000002,14.752264251465103,20.0,18.216,95.992,0.0,0.9998065764023211,0,0.0001183922334694844,1.0
18,lt,none,0.7,100,1.0,20.0,596.2954949494949,0.08391313131313131,1.6782626262626263,15.91518578352181,20.0,19.852,99.0,0.0,1.0,0,0.0,1.0
19,lt,none,0.7,100,1.0,19.0,597.3118222222222,0.08928867623604465,1.6964848484848485,15.98075044532552,19.0,20.048,99.0,0.0,1.0,0,0.0,1.0
20,lt,none,0.7,100,1.0,18.0,597.6507313131312,0.09453872053872053,1.7016969696969697,15.407175925925927,18.0,20.524,98.996,0.0,0.9999100719424461,0,5.787037037037037e-05,1.0
21,lt,none,0.7,100,1.0,18.0,599.1513858585861,0.09573512906846239,1.7232323232323232,15.337812896527858,18.0,20.4,99.0,0.0,1.0,0,0.0,1.0
22,lt,none,0.7,97,0.97,17.0,597.9207833333335,0.10041176470588235,1.707,14.83024471370872,17.0,20.128,96.0,0.0,1.0,0,0.0,1.0
23,lt,none,0.7,97,0.97,19.0,600.3605458333334,0.09162938596491227,1.7409583333333334,17.467845659163988,19.0,18.868,96.0,0.0,1.0,0,0.0,1.0
24,lt,none,0.7,100,1.0,18.0,599.3012727272727,0.09593939393939394,1.726909090909091,15.984707177199791,18.0,20.036,99.0,0.0,1.0,0,0.0,1.0
25,lt,none,0.7,99,0.99,18.0,596.6146408163266,0.09355102040816325,1.683918367346939,14.344174075807206,18.0,19.92,97.972,0.0004224757076468103,0.9995461147421931,0,0.0002924660739354235,1.0
26,lt,none,0.7,100,1.0,20.0,598.0447555555555,0.0852909090909091,1.705818181818182,15.980346820809249,20.0,19.124,99.0,0.0,1.0,0,0.0,1.0
27,lt,none,0.7,100,1.0,18.992,597.0107232323234,0.08878705180459566,1.686222222222222,14.165192418150488,19.0,19.048,98.992,0.0,0.9998176014591883,0,0.00011487650775416428,1.0
28,lt,none,0.7,100,1.0,18.0,595.0586383838386,0.0922469135802469,1.6604444444444444,14.96112073945696,18.0,20.608,98.996,0.0,0.999910370171193,0,5.7770075101097634e-05,1.0
29,lt,none,0.7,100,1.0,18.0,598.5406141414142,0.0951919191919192,1.7134545454545456,14.900220571163223,18.0,19.368,99.0,0.0,1.0,0,0.0,1.0
30,lt,none,0.7,93,0.93,19.0,600.6918260869566,0.0922883295194508,1.7534782608695652,17.357120695004653,19.0,19.68,92.0,0.0,1.0,0,0.0,1.0
31,lt,none,0.7,100,1.0,17.0,597.3956484848485,0.09999049316696375,1.699838383838384,15.196236715256402,17.0,20.716,99.0,0.0,1.0,0,0.0,1.0
32,lt,none,0.7,100,1.0,20.0,597.0094222222222,0.08464646464646465,1.6929292929292932,16.631982917820867,20.0,20.4,99.0,0.0,1.0,0,0.0,1.0
33,lt,none,0.7,100,1.0,19.0,600.1193939393941,0.09141945773524719,1.736969696969697,16.487595641085093,19.0,19.04,99.0,0.0,1.0,0,0.0,1.0
34,lt,none,0.7,100,1.0,18.0,599.5794101010101,0.09592368125701459,1.7266262626262625,15.740244042822608,18.0,19.064,99.0,0.0,1.0,0,0.0,1.0
35,lt,none,0.7,100,1.0,24.0,592.7426505050505,0.06746296296296296,1.6191111111111112,18.95956561922366,24.0,18.652,98.972,0.0004691531785127844,0.9994993491539,0,0.00028881700554528653,1.0
36,lt,none,0.7,97,0.97,21.0,594.1434791666668,0.0787559523809524,1.653875,17.848402366863905,21.0,21.228,96.0,0.0,1.0,0,0.0,1.0
37,lt,none,0.7,96,0.96,21.0,601.0110694736843,0.0830937343358396,1.7449684210526315,17.425409738006937,21.0,17.228,95.0,0.0,1.0,0,0.0,1.0
38,lt,none,0.7,100,1.0,17.0,598.8512444444445,0.10126440879382057,1.7214949494949494,14.737124401637926,17.0,20.572,99.0,0.0,1.0,0,0.0,1.0
39,lt,none,0.7,100,1.0,19.0,597.5770909090911,0.0893269537480064,1.697212121212121,15.83304716117216,19.0,18.976,99.0,0.0,1.0,0,0.0,1.0
40,lt,none,0.7,100,1.0,18.0,600.8971757575757,0.09703030303030304,1.7465454545454544,15.97685664939551,18.0,19.092,99.0,0.0,1.0,0,0.0,1.0
41,lt,none,0.7,100,1.0,19.0,597.4059838383838,0.08943540669856459,1.6992727272727273,16.681446704920884,19.0,20.772,99.0,0.0,1.0,0,0.0,1.0
42,lt,none,0.7,100,1.0,16.988,598.312294949495,0.100743018419489,1.7113535353535354,15.168020893789901,17.0,20.552,98.988,0.00041186161449752884,0.9999102656137832,0,5.803830528148578e-05,1.0
43,lt,none,0.7,96,0.96,20.0,596.5390610526316,0.08436631578947368,1.6873263157894738,15.066265422810714,20.0,20.696,94.996,0.00019860973187686197,1.0,0,0.0,1.0
44,lt,none,0.7,100,1.0,19.0,596.2966464646465,0.08843806485911751,1.6803232323232324,16.30975088145194,19.0,20.648,99.0,0.0,1.0,0,0.0,1.0
45,lt,none,0.7,100,1.0,17.0,599.9703595959597,0.10216042780748663,1.7367272727272725,15.153031262594277,17.0,20.048,98.992,0.00021114864864864866,0.9999112215909091,0,5.7573838447809316e-05,1.0
46,lt,none,0.7,99,0.99,19.0,598.6766367346941,0.09040171858216971,1.7176326530612243,16.487192921178252,19.0,19.672,98.0,0.0,1.0,0,0.0,1.0
47,lt,none,0.7,100,1.0,19.0,592.9174060606063,0.08558426368952685,1.6261010101010103,16.017089115724282,19.0,21.016,99.0,0.0,1.0,0,0.0,1.0
48,lt,none,0.7,99,0.99,18.0,595.7911142857143,0.09273696145124717,1.669265306122449,15.01922740779584,18.0,19.412,98.0,0.0,1.0,0,0.0,1.0
49,lt,none,0.7,100,1.0,18.004,594.4136484848486,0.0917986886407939,1.6527272727272728,15.123230689236813,18.0,21.372,98.996,0.0,0.9999154905771993,0,5.7773412675486743e-05,1.0
0,lt,none,0.8,99,0.99,19.0,604.3058040816328,0.09355531686358753,1.7775510204081633,15.056240174451037,19.0,12.8,98.0,0.0,1.0,0,0.0,1.0
1,lt,none,0.8,100,1.0,18.0,606.0378222222223,0.100006734006734,1.800121212121212,16.359615870609048,18.0,11.788,99.0,0.0,1.0,0,0.0,1.0
2,lt,none,0.8,100,1.0,20.0,603.2712202020203,0.08805050505050505,1.7610101010101011,17.016,20.0,12.66,99.0,0.0,1.0,0,0.0,1.0
3,lt,none,0.8,99,0.99,18.0,602.9418326530614,0.09758049886621314,1.7564489795918368,14.50728031768659,18.0,12.868,98.0,0.0,1.0,0,0.0,1.0
4,lt,none,0.8,100,1.0,19.0,604.2184363636366,0.09343328017012227,1.775232323232323,15.92566953006569,19.0,13.252,99.0,0.0,1.0,0,0.0,1.0
5,lt,none,0.8,97,0.97,19.0,601.5494458333334,0.09142763157894737,1.737125,14.448437744509937,19.0,13.236,96.0,0.0,1.0,0,0.0,1.0
6,lt,none,0.8,100,1.0,21.0,604.7732282828283,0.08506782106782107,1.7864242424242425,17.270108833206784,21.0,13.144,99.0,0.0,1.0,0,0.0,1.0
7,lt,none,0.8,100,1.0,18.0,601.214593939394,0.0961885521885522,1.7313939393939393,15.39729222656052,18.0,13.592,99.0,0.0,1.0,0,0.0,1.0
8,lt,none,0.8,100,1.0,22.0,600.776290909091,0.07826997245179064,1.721939393939394,18.1884467784286,22.0,12.528,99.0,0.0,1.0,0,0.0,1.0
9,lt,none,0.8,100,1.0,21.0,602.4119151515152,0.0832034632034632,1.7472727272727275,17.864096749811036,21.0,13.02,99.0,0.0,1.0,0,0.0,1.0
10,lt,none,0.8,100,1.0,22.0,605.1879474747476,0.08146372819100091,1.7922020202020201,17.214648001623047,22.0,13.572,99.0,0.0,1.0,0,0.0,1.0
11,lt,none,0.8,100,1.0,22.0,603.8980282828285,0.08055096418732782,1.772121212121212,17.87765984204437,22.0,12.56,99.0,0.0,1.0,0,0.0,1.0
12,lt,none,0.8,100,1.0,19.0,602.7992606060607,0.09237001594896331,1.755030303030303,16.20836689488522,19.0,13.252,99.0,0.0,1.0,0,0.0,1.0
13,lt,none,0.8,100,1.0,18.0,601.9250505050506,0.09676767676767677,1.7418181818181817,14.62802128198632,18.0,13.56,99.0,0.0,1.0,0,0.0,1.0
14,lt,none,0.8,100,1.0,18.0,603.0944929292931,0.09786531986531986,1.7615757575757576,15.264149987332152,18.0,13.604,99.0,0.0,1.0,0,0.0,1.0
15,lt,none,0.8,100,1.0,18.0,602.4976242424244,0.09717620650953984,1.7491717171717174,15.635581642463189,18.0,12.832,99.0,0.0,1.0,0,0.0,1.0
16,lt,none,0.8,82,0.82,20.0,605.3657086419754,0.08976296296296297,1.795259259259259,16.59268172281871,20.0,10.584,81.0,0.0,1.0,0,0.0,1.0
17,lt,none,0.8,97,0.97,20.0,603.3437208333335,0.08805208333333334,1.7610416666666666,14.755418117561458,20.0,11.94,96.0,0.0,1.0,0,0.0,1.0
18,lt,none,0.8,100,1.0,20.0,602.2687393939395,0.08733535353535353,1.7467070707070707,15.925070878898339,20.0,13.076,99.0,0.0,1.0,0,0.0,1.0
19,lt,none,0.8,100,1.0,19.0,603.5129131313132,0.09300159489633174,1.767030303030303,15.986808317808771,19.0,13.064,99.0,0.0,1.0,0,0.0,1.0
20,lt,none,0.8,100,1.0,18.0,603.7269252525253,0.09840179573512907,1.771232323232323,15.394953290008123,18.0,13.648,99.0,0.0,1.0,0,0.0,1.0
21,lt,none,0.8,100,1.0,18.0,605.538698989899,0.09980246913580249,1.7964444444444443,15.32134944612286,18.0,13.152,99.0,0.0,1.0,0,0.0,1.0
22,lt,none,0.8,97,0.97,17.0,604.2035666666669,0.10463235294117647,1.77875,14.826243353143573,17.0,13.24,96.0,0.0,1.0,0,0.0,1.0
23,lt,none,0.8,97,0.97,19.0,606.6102375,0.09535745614035088,1.8117916666666665,17.47203451502235,19.0,12.068,96.0,0.0,1.0,0,0.0,1.0
24,lt,none,0.8,100,1.0,18.0,605.4242585858588,0.09978900112233445,1.7962020202020201,15.988233504082771,18.0,13.176,99.0,0.0,1.0,0,0.0,1.0
25,lt,none,0.8,99,0.99,18.0,602.7330693877552,0.09746485260770975,1.7543673469387755,14.304906661226156,18.0,13.072,98.0,0.0,1.0,0,0.0,1.0
26,lt,none,0.8,100,1.0,20.0,603.9731393939395,0.08865050505050505,1.7730101010101011,15.974045724134434,20.0,12.472,99.0,0.0,1.0,0,0.0,1.0
27,lt,none,0.8,100,1.0,19.0,602.7004282828284,0.09218926103136628,1.7515959595959594,14.16525466464952,19.0,12.592,99.0,0.0,1.0,0,0.0,1.0
28,lt,none,0.8,100,1.0,18.0,601.4216484848484,0.096327721661055,1.7338989898989898,14.96062076635325,18.0,13.344,99.0,0.0,1.0,0,0.0,1.0
29,lt,none,0.8,100,1.0,18.0,604.4928242424244,0.09893602693602693,1.7808484848484847,14.909206188181587,18.0,12.696,99.0,0.0,1.0,0,0.0,1.0
30,lt,none,0.8,93,0.93,19.0,607.2317739130435,0.09616018306636155,1.8270434782608695,17.35420286707211,19.0,12.912,92.0,0.0,1.0,0,0.0,1.0
31,lt,none,0.8,100,1.0,17.0,603.9249212121213,0.10436125965537729,1.774141414141414,15.193804727438376,17.0,13.36,99.0,0.0,1.0,0,0.0,1.0
32,lt,none,0.8,100,1.0,20.0,603.1759111111113,0.08815757575757575,1.763151515151515,16.627696660435507,20.0,13.448,99.0,0.0,1.0,0,0.0,1.0
33,lt,none,0.8,100,1.0,19.0,605.9171313131314,0.09486868686868687,1.8025050505050504,16.487038253575218,19.0,12.552,99.0,0.0,1.0,0,0.0,1.0
34,lt,none,0.8,100,1.0,18.0,605.7318707070708,0.09982042648709316,1.7967676767676766,15.729065030428004,18.0,12.12,99.0,0.0,1.0,0,0.0,1.0
35,lt,none,0.8,100,1.0,24.0,598.5421171717171,0.0702861952861953,1.6868686868686869,18.915505754088432,24.0,12.0,99.0,0.0,1.0,0,0.0,1.0
36,lt,none,0.8,97,0.97,21.0,600.8364375,0.08239880952380951,1.7303749999999998,17.857475426797723,21.0,13.884,96.0,0.0,1.0,0,0.0,1.0
37,lt,none,0.8,96,0.96,21.0,606.5027621052633,0.0860751879699248,1.807578947368421,17.415522230991844,21.0,11.28,95.0,0.0,1.0,0,0.0,1.0
38,lt,none,0.8,100,1.0,17.0,605.1532080808082,0.10547118241235888,1.793010101010101,14.742943854324734,17.0,13.492,99.0,0.0,1.0,0,0.0,1.0
39,lt,none,0.8,100,1.0,19.0,603.3243030303031,0.09277405635300372,1.7627070707070707,15.826487930252481,19.0,12.492,99.0,0.0,1.0,0,0.0,1.0
40,lt,none,0.8,100,1.0,18.0,606.5682787878789,0.1006127946127946,1.811030303030303,15.978999038510198,18.0,12.708,99.0,0.0,1.0,0,0.0,1.0
41,lt,none,0.8,100,1.0,19.0,603.7351070707072,0.0932333864965444,1.7714343434343434,16.68969893892471,19.0,13.628,99.0,0.0,1.0,0,0.0,1.0
42,lt,none,0.8,100,1.0,17.0,604.6238222222223,0.10492216280451575,1.7836767676767677,15.17521215508918,17.0,13.416,99.0,0.0,1.0,0,0.0,1.0
43,lt,none,0.8,96,0.96,20.0,603.0041431578949,0.08806315789473683,1.7612631578947369,15.077728660141037,20.0,13.68,95.0,0.0,1.0,0,0.0,1.0
44,lt,none,0.8,100,1.0,19.0,602.5641696969697,0.0922360446570973,1.7524848484848485,16.291725529767913,19.0,13.504,99.0,0.0,1.0,0,0.0,1.0
45,lt,none,0.8,100,1.0,17.0,606.064193939394,0.1062293523469994,1.80589898989899,15.140279041552926,17.0,13.216,99.0,0.0,1.0,0,0.0,1.0
46,lt,none,0.8,99,0.99,19.0,604.8386775510205,0.09407089151450053,1.7873469387755103,16.47833401305057,19.0,12.84,98.0,0.0,1.0,0,0.0,1.0
47,lt,none,0.8,100,1.0,19.0,598.871995959596,0.08926528442317917,1.6960404040404042,16.004740292486133,19.0,14.092,99.0,0.0,1.0,0,0.0,1.0
48,lt,none,0.8,99,0.99,18.0,601.6594448979592,0.09649433106575964,1.7368979591836735,15.003262310123356,18.0,12.784,98.0,0.0,1.0,0,0.0,1.0
49,lt,none,0.8,100,1.0,18.0,600.8041373737375,0.09593265993265992,1.7267878787878788,15.111542730299668,18.0,14.048,99.0,0.0,1.0,0,0.0,1.0
0,lt,none,0.9,99,0.99,19.0,610.2136244897961,0.09710848549946294,1.8450612244897961,15.075228032150276,19.0,6.184,98.0,0.0,1.0,0,0.0,1.0
1,lt,none,0.9,100,1.0,18.0,611.2028040404041,0.10327721661054995,1.858989898989899,16.36925429522353,18.0,5.96,99.0,0.0,1.0,0,0.0,1.0
2,lt,none,0.9,100,1.0,20.0,609.0113090909092,0.09133939393939394,1.8267878787878786,17.012245447205526,20.0,6.148,99.0,0.0,1.0,0,0.0,1.0
3,lt,none,0.9,99,0.99,18.0,608.6653224489797,0.10123809523809524,1.8222857142857145,14.513636157371693,18.0,6.416,98.0,0.0,1.0,0,0.0,1.0
4,lt,none,0.9,100,1.0,19.0,610.0706141414141,0.09698883572567783,1.8427878787878784,15.907009114992592,19.0,6.564,99.0,0.0,1.0,0,0.0,1.0
5,lt,none,0.9,97,0.97,19.0,607.6080666666668,0.09510526315789473,1.807,14.463640146086634,19.0,6.528,96.0,0.0,1.0,0,0.0,1.0
6,lt,none,0.9,100,1.0,21.0,610.7267757575759,0.08828667628667629,1.854020202020202,17.27361797752809,21.0,6.452,99.0,0.0,1.0,0,0.0,1.0
7,lt,none,0.9,100,1.0,18.0,607.0710424242425,0.09995286195286196,1.799151515151515,15.396689368995535,18.0,6.884,99.0,0.0,1.0,0,0.0,1.0
8,lt,none,0.9,100,1.0,22.0,606.3548646464649,0.08121028466483012,1.7866262626262628,18.191300448430493,22.0,6.124,99.0,0.0,1.0,0,0.0,1.0
9,lt,none,0.9,100,1.0,21.0,608.0927191919193,0.08634535834535835,1.8132525252525251,17.85664257172361,21.0,6.488,99.0,0.0,1.0,0,0.0,1.0
10,lt,none,0.9,100,1.0,22.0,611.3274181818183,0.08466483011937558,1.8626262626262624,17.2130212077642,22.0,6.6,99.0,0.0,1.0,0,0.0,1.0
11,lt,none,0.9,100,1.0,22.0,609.5909616161617,0.08348025711662074,1.8365656565656565,17.882571518108968,22.0,6.18,99.0,0.0,1.0,0,0.0,1.0
12,lt,none,0.9,100,1.0,19.0,608.7549252525254,0.09597873471557682,1.8235959595959597,16.205025981006987,19.0,6.464,99.0,0.0,1.0,0,0.0,1.0
13,lt,none,0.9,100,1.0,18.0,607.7697454545456,0.10052525252525255,1.8094545454545454,14.630167245187756,18.0,6.864,99.0,0.0,1.0,0,0.0,1.0
14,lt,none,0.9,100,1.0,18.0,609.1767717171718,0.10172615039281706,1.8310707070707066,15.258325468518269,18.0,6.724,99.0,0.0,1.0,0,0.0,1.0
15,lt,none,0.9,100,1.0,18.0,608.2534383838384,0.10085746352413019,1.8154343434343434,15.638061879743141,18.0,6.272,99.0,0.0,1.0,0,0.0,1.0
16,lt,none,0.9,82,0.82,20.0,611.2736691358024,0.09310123456790123,1.8620246913580245,16.590542983946087,20.0,5.176,81.0,0.0,1.0,0,0.0,1.0
17,lt,none,0.9,97,0.97,20.0,608.7290666666668,0.09112916666666666,1.8225833333333332,14.767503363800863,20.0,6.032,96.0,0.0,1.0,0,0.0,1.0
18,lt,none,0.9,100,1.0,20.0,607.9475070707072,0.090610101010101,1.8122020202020201,15.905182116969069,20.0,6.592,99.0,0.0,1.0,0,0.0,1.0
19,lt,none,0.9,100,1.0,19.0,609.3623151515154,0.09650398724082936,1.8335757575757574,15.989270964266476,19.0,6.476,99.0,0.0,1.0,0,0.0,1.0
20,lt,none,0.9,100,1.0,18.0,609.7785131313133,0.10224466891133556,1.8404040404040403,15.386085075702956,18.0,6.8,99.0,0.0,1.0,0,0.0,1.0
21,lt,none,0.9,100,1.0,18.0,611.4143030303031,0.10354208754208755,1.8637575757575757,15.325139914931722,18.0,6.488,99.0,0.0,1.0,0,0.0,1.0
22,lt,none,0.9,97,0.97,17.0,610.1478708333334,0.10861029411764705,1.846375,14.82862313796464,17.0,6.748,96.0,0.0,1.0,0,0.0,1.0
23,lt,none,0.9,97,0.97,19.0,611.98875,0.09856140350877192,1.8726666666666665,17.483668924561567,19.0,6.224,96.0,0.0,1.0,0,0.0,1.0
24,lt,none,0.9,100,1.0,18.0,611.4287313131314,0.1035712682379349,1.864282828282828,15.986629451222257,18.0,6.436,99.0,0.0,1.0,0,0.0,1.0
25,lt,none,0.9,99,0.99,18.0,608.6580857142858,0.10124036281179138,1.822326530612245,14.312633250170107,18.0,6.412,98.0,0.0,1.0,0,0.0,1.0
26,lt,none,0.9,100,1.0,20.0,609.6680282828283,0.09187272727272727,1.8374545454545452,15.968522021075385,20.0,6.092,99.0,0.0,1.0,0,0.0,1.0
27,lt,none,0.9,100,1.0,19.0,608.138496969697,0.09548112706007444,1.814141414141414,14.163505617977528,19.0,6.4,99.0,0.0,1.0,0,0.0,1.0
28,lt,none,0.9,100,1.0,18.0,607.545195959596,0.10025589225589226,1.8046060606060605,14.970348472632805,18.0,6.344,99.0,0.0,1.0,0,0.0,1.0
29,lt,none,0.9,100,1.0,18.0,610.195575757576,0.1025297418630752,1.8455353535353534,14.908034588362458,18.0,6.292,99.0,0.0,1.0,0,0.0,1.0
30,lt,none,0.9,93,0.93,19.0,613.6712260869567,0.0999725400457666,1.8994782608695653,17.35926960878782,19.0,6.248,92.0,0.0,1.0,0,0.0,1.0
31,lt,none,0.9,100,1.0,17.0,609.8174262626263,0.10830421865715982,1.841171717171717,15.193889965304376,17.0,6.724,99.0,0.0,1.0,0,0.0,1.0
32,lt,none,0.9,100,1.0,20.0,609.2764282828283,0.09162828282828284,1.8325656565656565,16.62794869495022,20.0,6.576,99.0,0.0,1.0,0,0.0,1.0
33,lt,none,0.9,100,1.0,19.0,611.5992484848485,0.09824136097820309,1.8665858585858583,16.494821324485496,19.0,6.208,99.0,0.0,1.0,0,0.0,1.0
34,lt,none,0.9,100,1.0,18.0,611.4382747474748,0.10343658810325478,1.8618585858585857,15.727345916450487,18.0,5.676,99.0,0.0,1.0,0,0.0,1.0
35,lt,none,0.9,100,1.0,24.0,603.9962707070708,0.07292087542087541,1.7501010101010102,18.925546724145672,24.0,5.74,99.0,0.0,1.0,0,0.0,1.0
36,lt,none,0.9,97,0.97,21.0,607.1936750000001,0.08586507936507938,1.8031666666666666,17.855671531498245,21.0,6.896,96.0,0.0,1.0,0,0.0,1.0
37,lt,none,0.9,96,0.96,21.0,611.8624042105264,0.08898045112781955,1.8685894736842106,17.418870922516124,21.0,5.484,95.0,0.0,1.0,0,0.0,1.0
38,lt,none,0.9,100,1.0,17.0,611.3856282828284,0.1096351752822341,1.8637979797979798,14.737033055630206,17.0,6.484,99.0,0.0,1.0,0,0.0,1.0
39,lt,none,0.9,100,1.0,19.0,608.941187878788,0.09613184476342372,1.8265050505050504,15.836908715555156,19.0,6.176,99.0,0.0,1.0,0,0.0,1.0
40,lt,none,0.9,100,1.0,18.0,612.4000808080809,0.10430976430976432,1.8775757575757575,15.969260455932508,18.0,6.12,99.0,0.0,1.0,0,0.0,1.0
41,lt,none,0.9,100,1.0,19.0,609.9976000000001,0.09698670919723551,1.8427474747474746,16.70219548332061,19.0,6.568,99.0,0.0,1.0,0,0.0,1.0
42,lt,none,0.9,100,1.0,17.0,610.589183838384,0.10892691622103387,1.8517575757575757,15.193021161638901,17.0,6.676,99.0,0.0,1.0,0,0.0,1.0
43,lt,none,0.9,96,0.96,20.0,609.2772631578949,0.09167157894736842,1.8334315789473685,15.073154739602847,20.0,6.824,95.0,0.0,1.0,0,0.0,1.0
44,lt,none,0.9,100,1.0,19.0,608.7869535353535,0.09600637958532696,1.824121212121212,16.286301859799714,19.0,6.412,99.0,0.0,1.0,0,0.0,1.0
45,lt,none,0.9,100,1.0,17.0,612.0510464646464,0.11022697563874034,1.8738585858585857,15.138188021908952,17.0,6.488,99.0,0.0,1.0,0,0.0,1.0
46,lt,none,0.9,99,0.99,19.0,610.7269224489797,0.09757679914070891,1.8539591836734695,16.475721546560173,19.0,6.312,98.0,0.0,1.0,0,0.0,1.0
47,lt,none,0.9,100,1.0,19.0,604.8650585858587,0.0929505582137161,1.766060606060606,16.018816238548588,19.0,7.16,99.0,0.0,1.0,0,0.0,1.0
48,lt,none,0.9,99,0.99,18.0,607.3766653061225,0.10014739229024942,1.80265306122449,15.004122683821864,18.0,6.34,98.0,0.0,1.0,0,0.0,1.0
49,lt,none,0.9,100,1.0,18.0,606.9045171717172,0.09985185185185184,1.7973333333333332,15.115178772205981,18.0,7.064,99.0,0.0,1.0,0,0.0,1.0
0,lt,none,1.0,99,0.99,19.0,615.7285714285716,0.10042964554242752,1.9081632653061225,15.081632653061224,19.0,0.0,98.0,nan,1.0,0,0.0,1.0
1,lt,none,1.0,100,1.0,18.0,616.469696969697,0.10662177328843996,1.9191919191919191,16.363636363636363,18.0,0.0,99.0,nan,1.0,0,0.0,1.0
2,lt,none,1.0,100,1.0,20.0,614.4333333333334,0.09444444444444446,1.888888888888889,17.01010101010101,20.0,0.0,99.0,nan,1.0,0,0.0,1.0
3,lt,none,1.0,99,0.99,18.0,614.357142857143,0.10487528344671201,1.8877551020408165,14.510204081632653,18.0,0.0,98.0,nan,1.0,0,0.0,1.0
4,lt,none,1.0,100,1.0,19.0,615.7909090909092,0.10047846889952151,1.9090909090909096,15.8989898989899,19.0,0.0,99.0,nan,1.0,0,0.0,1.0
5,lt,none,1.0,97,0.97,19.0,613.5000000000001,0.09868421052631579,1.875,14.458333333333334,19.0,0.0,96.0,nan,1.0,0,0.0,1.0
6,lt,none,1.0,100,1.0,21.0,616.469696969697,0.09139009139009138,1.9191919191919191,17.272727272727273,21.0,0.0,99.0,nan,1.0,0,0.0,1.0
7,lt,none,1.0,100,1.0,18.0,613.0757575757577,0.10381593714927047,1.8686868686868687,15.393939393939394,18.0,0.0,99.0,nan,1.0,0,0.0,1.0
8,lt,none,1.0,100,1.0,22.0,611.7181818181817,0.0840220385674931,1.848484848484848,18.2020202020202,22.0,0.0,99.0,nan,1.0,0,0.0,1.0
9,lt,none,1.0,100,1.0,21.0,613.7545454545456,0.08946608946608947,1.878787878787879,17.858585858585858,21.0,0.0,99.0,nan,1.0,0,0.0,1.0
10,lt,none,1.0,100,1.0,22.0,617.148484848485,0.08769513314967861,1.9292929292929295,17.22222222222222,22.0,0.0,99.0,nan,1.0,0,0.0,1.0
11,lt,none,1.0,100,1.0,22.0,615.1121212121213,0.08631772268135904,1.8989898989898992,17.88888888888889,22.0,0.0,99.0,nan,1.0,0,0.0,1.0
12,lt,none,1.0,100,1.0,19.0,614.4333333333334,0.09941520467836255,1.888888888888889,16.2020202020202,19.0,0.0,99.0,nan,1.0,0,0.0,1.0
13,lt,none,1.0,100,1.0,18.0,613.7545454545456,0.10437710437710439,1.878787878787879,14.626262626262626,18.0,0.0,99.0,nan,1.0,0,0.0,1.0
14,lt,none,1.0,100,1.0,18.0,615.1121212121213,0.10549943883277214,1.8989898989898992,15.252525252525253,18.0,0.0,99.0,nan,1.0,0,0.0,1.0
15,lt,none,1.0,100,1.0,18.0,613.7545454545456,0.10437710437710439,1.878787878787879,15.636363636363637,18.0,0.0,99.0,nan,1.0,0,0.0,1.0
16,lt,none,1.0,82,0.82,20.0,616.9222222222222,0.09629629629629631,1.925925925925926,16.604938271604937,20.0,0.0,81.0,nan,1.0,0,0.0,1.0
17,lt,none,1.0,97,0.97,20.0,614.2000000000002,0.09427083333333332,1.885416666666667,14.760416666666666,20.0,0.0,96.0,nan,1.0,0,0.0,1.0
18,lt,none,1.0,100,1.0,20.0,613.7545454545456,0.09393939393939393,1.878787878787879,15.909090909090908,20.0,0.0,99.0,nan,1.0,0,0.0,1.0
19,lt,none,1.0,100,1.0,19.0,615.1121212121213,0.09994683678894202,1.8989898989898992,16.0,19.0,0.0,99.0,nan,1.0,0,0.0,1.0
20,lt,none,1.0,100,1.0,18.0,615.7909090909092,0.10606060606060605,1.9090909090909096,15.373737373737374,18.0,0.0,99.0,nan,1.0,0,0.0,1.0
21,lt,none,1.0,100,1.0,18.0,617.148484848485,0.10718294051627385,1.9292929292929295,15.333333333333334,18.0,0.0,99.0,nan,1.0,0,0.0,1.0
22,lt,none,1.0,97,0.97,17.0,616.3,0.1127450980392157,1.916666666666667,14.822916666666666,17.0,0.0,96.0,nan,1.0,0,0.0,1.0
23,lt,none,1.0,97,0.97,19.0,617.7000000000002,0.10197368421052631,1.9375,17.479166666666668,19.0,0.0,96.0,nan,1.0,0,0.0,1.0
24,lt,none,1.0,100,1.0,18.0,617.148484848485,0.10718294051627385,1.9292929292929295,15.97979797979798,18.0,0.0,99.0,nan,1.0,0,0.0,1.0
25,lt,none,1.0,99,0.99,18.0,614.357142857143,0.10487528344671201,1.8877551020408165,14.316326530612244,18.0,0.0,98.0,nan,1.0,0,0.0,1.0
26,lt,none,1.0,100,1.0,20.0,615.1121212121213,0.09494949494949495,1.8989898989898992,15.969696969696969,20.0,0.0,99.0,nan,1.0,0,0.0,1.0
27,lt,none,1.0,100,1.0,19.0,613.7545454545456,0.09888357256778309,1.878787878787879,14.151515151515152,19.0,0.0,99.0,nan,1.0,0,0.0,1.0
28,lt,none,1.0,100,1.0,18.0,613.0757575757577,0.10381593714927047,1.8686868686868687,14.969696969696969,18.0,0.0,99.0,nan,1.0,0,0.0,1.0
29,lt,none,1.0,100,1.0,18.0,615.7909090909092,0.10606060606060605,1.9090909090909096,14.909090909090908,18.0,0.0,99.0,nan,1.0,0,0.0,1.0
30,lt,none,1.0,93,0.93,19.0,619.708695652174,0.10354691075514875,1.9673913043478264,17.358695652173914,19.0,0.0,92.0,nan,1.0,0,0.0,1.0
31,lt,none,1.0,100,1.0,17.0,615.7909090909092,0.11229946524064173,1.9090909090909096,15.202020202020202,17.0,0.0,99.0,nan,1.0,0,0.0,1.0
32,lt,none,1.0,100,1.0,20.0,615.1121212121213,0.09494949494949495,1.8989898989898992,16.626262626262626,20.0,0.0,99.0,nan,1.0,0,0.0,1.0
33,lt,none,1.0,100,1.0,19.0,617.148484848485,0.10154173312068049,1.9292929292929295,16.494949494949495,19.0,0.0,99.0,nan,1.0,0,0.0,1.0
34,lt,none,1.0,100,1.0,18.0,616.469696969697,0.10662177328843996,1.9191919191919191,15.727272727272727,18.0,0.0,99.0,nan,1.0,0,0.0,1.0
35,lt,none,1.0,100,1.0,24.0,609.0030303030305,0.07533670033670034,1.8080808080808084,18.939393939393938,24.0,0.0,99.0,nan,1.0,0,0.0,1.0
36,lt,none,1.0,97,0.97,21.0,613.5000000000001,0.08928571428571427,1.875,17.854166666666668,21.0,0.0,96.0,nan,1.0,0,0.0,1.0
37,lt,none,1.0,96,0.96,21.0,616.9484210526316,0.09172932330827069,1.926315789473684,17.42105263157895,21.0,0.0,95.0,nan,1.0,0,0.0,1.0
38,lt,none,1.0,100,1.0,17.0,617.148484848485,0.1134878193701723,1.9292929292929295,14.727272727272727,17.0,0.0,99.0,nan,1.0,0,0.0,1.0
39,lt,none,1.0,100,1.0,19.0,614.4333333333334,0.09941520467836255,1.888888888888889,15.83838383838384,19.0,0.0,99.0,nan,1.0,0,0.0,1.0
40,lt,none,1.0,100,1.0,18.0,617.8272727272727,0.10774410774410773,1.939393939393939,15.97979797979798,18.0,0.0,99.0,nan,1.0,0,0.0,1.0
41,lt,none,1.0,100,1.0,19.0,615.7909090909092,0.10047846889952151,1.9090909090909096,16.696969696969695,19.0,0.0,99.0,nan,1.0,0,0.0,1.0
42,lt,none,1.0,100,1.0,17.0,616.469696969697,0.11289364230540701,1.9191919191919191,15.191919191919192,17.0,0.0,99.0,nan,1.0,0,0.0,1.0
43,lt,none,1.0,96,0.96,20.0,615.5336842105263,0.09526315789473686,1.9052631578947365,15.063157894736841,20.0,0.0,95.0,nan,1.0,0,0.0,1.0
44,lt,none,1.0,100,1.0,19.0,614.4333333333334,0.09941520467836255,1.888888888888889,16.292929292929294,19.0,0.0,99.0,nan,1.0,0,0.0,1.0
45,lt,none,1.0,100,1.0,17.0,617.8272727272727,0.11408199643493756,1.939393939393939,15.131313131313131,17.0,0.0,99.0,nan,1.0,0,0.0,1.0
46,lt,none,1.0,99,0.99,19.0,616.4142857142859,0.10096670247046188,1.9183673469387759,16.46938775510204,19.0,0.0,98.0,nan,1.0,0,0.0,1.0
47,lt,none,1.0,100,1.0,19.0,611.039393939394,0.09675704412546517,1.8383838383838382,16.02020202020202,19.0,0.0,99.0,nan,1.0,0,0.0,1.0
48,lt,none,1.0,99,0.99,18.0,612.9857142857143,0.10374149659863943,1.8673469387755106,15.0,18.0,0.0,98.0,nan,1.0,0,0.0,1.0
49,lt,none,1.0,100,1.0,18.0,613.0757575757577,0.10381593714927047,1.8686868686868687,15.121212121212121,18.0,0.0,99.0,nan,1.0,0,0.0,1.0
0,oracle,none,0.0,99,0.99,0.0,490.00000000000006,0.0,0.0,nan,nan,0.0,0.0,1.0,nan,0,nan,nan
1,oracle,none,0.0,100,1.0,0.0,490.00000000000006,0.0,0.0,nan,nan,0.0,0.0,1.0,nan,0,nan,nan
2,oracle,none,0.0,100,1.0,0.0,490.00000000000006,0.0,0.0,nan,nan,0.0,0.0,1.0,nan,0,nan,nan
3,oracle,none,0.0,99,0.99,0.0,490.00000000000006,0.0,0.0,nan,nan,0.0,0.0,1.0,nan,0,nan,nan
4,oracle,none,0.0,100,1.0,0.0,490.00000000000006,0.0,0.0,nan,nan,0.0,0.0,1.0,nan,0,nan,nan
5,oracle,none,0.0,97,0.97,0.0,490.00000000000006,0.0,0.0,nan,nan,0.0,0.0,1.0,nan,0,nan,nan
6,oracle,none,0.0,100,1.0,0.0,490.00000000000006,0.0,0.0,nan,nan,0.0,0.0,1.0,nan,0,nan,nan
7,oracle,none,0.0,100,1.0,0.0,490.00000000000006,0.0,0.0,nan,nan,0.0,0.0,1.0,nan,0,nan,nan
8,oracle,none,0.0,100,1.0,0.0,490.00000000000006,0.0,0.0,nan,nan,0.0,0.0,1.0,nan,0,nan,nan
9,oracle,none,0.0,100,1.0,0.0,490.00000000000006,0.0,0.0,nan,nan,0.0,0.0,1.0,nan,0,nan,nan
10,oracle,none,0.0,100,1.0,0.0,490.00000000000006,0.0,0.0,nan,nan,0.0,0.0,1.0,nan,0,nan,nan
11,oracle,none,0.0,100,1.0,0.0,490.00000000000006,0.0,0.0,nan,nan,0.0,0.0,1.0,nan,0,nan,nan
12,oracle,none,0.0,100,1.0,0.0,490.00000000000006,0.0,0.0,nan,nan,0.0,0.0,1.0,nan,0,nan,nan
13,oracle,none,0.0,100,1.0,0.0,490.00000000000006,0.0,0.0,nan,nan,0.0,0.0,1.0,nan,0,nan,nan
14,oracle,none,0.0,100,1.0,0.0,490.00000000000006,0.0,0.0,nan,nan,0.0,0.0,1.0,nan,0,nan,nan
15,oracle,none,0.0,100,1.0,0.0,490.00000000000006,0.0,0.0,nan,nan,0.0,0.0,1.0,nan,0,nan,nan
16,oracle,none,0.0,82,0.82,0.0,490.00000000000006,0.0,0.0,nan,nan,0.0,0.0,1.0,nan,0,nan,nan
17,oracle,none,0.0,97,0.97,0.0,490.00000000000006,0.0,0.0,nan,nan,0.0,0.0,1.0,nan,0,nan,nan
18,oracle,none,0.0,100,1.0,0.0,490.00000000000006,0.0,0.0,nan,nan,0.0,0.0,1.0,nan,0,nan,nan
19,oracle,none,0.0,100,1.0,0.0,490.00000000000006,0.0,0.0,nan,nan,0.0,0.0,1.0,nan,0,nan,nan
20,oracle,none,0.0,100,1.0,0.0,490.00000000000006,0.0,0.0,nan,nan,0.0,0.0,1.0,nan,0,nan,nan
21,oracle,none,0.0,100,1.0,0.0,490.00000000000006,0.0,0.0,nan,nan,0.0,0.0,1.0,nan,0,nan,nan
22,oracle,none,0.0,97,0.97,0.0,490.00000000000006,0.0,0.0,nan,nan,0.0,0.0,1.0,nan,0,nan,nan
23,oracle,none,0.0,97,0.97,0.0,490.00000000000006,0.0,0.0,nan,nan,0.0,0.0,1.0,nan,0,nan,nan
24,oracle,none,0.0,100,1.0,0.0,490.00000000000006,0.0,0.0,nan,nan,0.0,0.0,1.0,nan,0,nan,nan
25,oracle,none,0.0,99,0.99,0.0,490.00000000000006,0.0,0.0,nan,nan,0.0,0.0,1.0,nan,0,nan,nan
26,oracle,none,0.0,100,1.0,0.0,490.00000000000006,0.0,0.0,nan,nan,0.0,0.0,1.0,nan,0,nan,nan
27,oracle,none,0.0,100,1.0,0.0,490.00000000000006,0.0,0.0,nan,nan,0.0,0.0,1.0,nan,0,nan,nan
28,oracle,none,0.0,100,1.0,0.0,490.00000000000006,0.0,0.0,nan,nan,0.0,0.0,1.0,nan,0,nan,nan
29,oracle,none,0.0,100,1.0,0.0,490.00000000000006,0.0,0.0,nan,nan,0.0,0.0,1.0,nan,0,nan,nan
30,oracle,none,0.0,93,0.93,0.0,490.00000000000006,0.0,0.0,nan,nan,0.0,0.0,1.0,nan,0,nan,nan
31,oracle,none,0.0,100,1.0,0.0,490.00000000000006,0.0,0.0,nan,nan,0.0,0.0,1.0,nan,0,nan,nan
32,oracle,none,0.0,100,1.0,0.0,490.00000000000006,0.0,0.0,nan,nan,0.0,0.0,1.0,nan,0,nan,nan
33,oracle,none,0.0,100,1.0,0.0,490.00000000000006,0.0,0.0,nan,nan,0.0,0.0,1.0,nan,0,nan,nan
34,oracle,none,0.0,100,1.0,0.0,490.00000000000006,0.0,0.0,nan,nan,0.0,0.0,1.0,nan,0,nan,nan
35,oracle,none,0.0,100,1.0,0.0,490.00000000000006,0.0,0.0,nan,nan,0.0,0.0,1.0,nan,0,nan,nan
36,oracle,none,0.0,97,0.97,0.0,490.00000000000006,0.0,0.0,nan,nan,0.0,0.0,1.0,nan,0,nan,nan
37,oracle,none,0.0,96,0.96,0.0,490.00000000000006,0.0,0.0,nan,nan,0.0,0.0,1.0,nan,0,nan,nan
38,oracle,none,0.0,100,1.0,0.0,490.00000000000006,0.0,0.0,nan,nan,0.0,0.0,1.0,nan,0,nan,nan
39,oracle,none,0.0,100,1.0,0.0,490.00000000000006,0.0,0.0,nan,nan,0.0,0.0,1.0,nan,0,nan,nan
40,oracle,none,0.0,100,1.0,0.0,490.00000000000006,0.0,0.0,nan,nan,0.0,0.0,1.0,nan,0,nan,nan
41,oracle,none,0.0,100,1.0,0.0,490.00000000000006,0.0,0.0,nan,nan,0.0,0.0,1.0,nan,0,nan,nan
42,oracle,none,0.0,100,1.0,0.0,490.00000000000006,0.0,0.0,nan,nan,0.0,0.0,1.0,nan,0,nan,nan
43,oracle,none,0.0,96,0.96,0.0,490.00000000000006,0.0,0.0,nan,nan,0.0,0.0,1.0,nan,0,nan,nan
44,oracle,none,0.0,100,1.0,0.0,490.00000000000006,0.0,0.0,nan,nan,0.0,0.0,1.0,nan,0,nan,nan
45,oracle,none,0.0,100,1.0,0.0,490.00000000000006,0.0,0.0,nan,nan,0.0,0.0,1.0,nan,0,nan,nan
46,oracle,none,0.0,99,0.99,0.0,490.00000000000006,0.0,0.0,nan,nan,0.0,0.0,1.0,nan,0,nan,nan
47,oracle,none,0.0,100,1.0,0.0,490.00000000000006,0.0,0.0,nan,nan,0.0,0.0,1.0,nan,0,nan,nan
48,oracle,none,0.0,99,0.99,0.0,490.00000000000006,0.0,0.0,nan,nan,0.0,0.0,1.0,nan,0,nan,nan
49,oracle,none,0.0,100,1.0,0.0,490.00000000000006,0.0,0.0,nan,nan,0.0,0.0,1.0,nan,0,nan,nan
0,oracle,none,0.02,99,0.99,3.688,496.3973387755103,0.02149434726271461,0.09730612244897958,4.0060851926977685,7.0,0.0,5.552,1.0,1.0,0,0.0,1.0
1,oracle,none,0.02,100,1.0,4.384,497.87792323232327,0.02225175565175565,0.11971717171717172,4.928425357873211,8.0,0.0,6.616,1.0,1.0,0,0.0,1.0
2,oracle,none,0.02,100,1.0,4.232,497.23859797979804,0.02034466891133558,0.11006060606060607,4.41701244813278,8.0,0.0,6.236,1.0,1.0,0,0.0,1.0
3,oracle,none,0.02,99,0.99,3.564,496.1193142857144,0.020402721088435376,0.09310204081632653,3.9065817409766455,7.0,0.0,5.376,1.0,1.0,0,0.0,1.0
4,oracle,none,0.02,100,1.0,3.948,497.1015515151515,0.021342664742664746,0.10795959595959596,4.423694779116466,7.0,0.0,6.072,1.0,1.0,0,0.0,1.0
5,oracle,none,0.02,97,0.97,3.692,496.6328500000001,0.021426785714285714,0.10091666666666667,3.9130434782608696,7.0,0.0,5.712,1.0,1.0,0,0.0,1.0
6,oracle,none,0.02,100,1.0,4.208,497.52526868686874,0.022806958473625138,0.11442424242424244,4.366863905325443,7.0,0.0,6.496,1.0,1.0,0,0.0,1.0
7,oracle,none,0.02,100,1.0,3.836,496.36650101010105,0.021182587782587782,0.09684848484848485,3.856858846918489,7.0,0.0,5.612,1.0,1.0,0,0.0,1.0
8,oracle,none,0.02,100,1.0,3.468,495.67740606060613,0.019860702260702263,0.08642424242424242,3.5875251509054324,6.0,0.0,5.16,1.0,1.0,0,0.0,1.0
9,oracle,none,0.02,100,1.0,3.504,496.01970505050514,0.020500096200096202,0.09155555555555556,3.95748987854251,6.0,0.0,5.26,1.0,1.0,0,0.0,1.0
10,oracle,none,0.02,100,1.0,4.204,497.38351111111115,0.021738480038480036,0.1122020202020202,4.82952182952183,7.0,0.0,6.196,1.0,1.0,0,0.0,1.0
11,oracle,none,0.02,100,1.0,3.716,495.90617373737376,0.019515776815776816,0.08985858585858586,3.9695652173913043,7.0,0.0,5.24,1.0,1.0,0,0.0,1.0
12,oracle,none,0.02,100,1.0,3.468,495.7904444444445,0.01904684944684945,0.08808080808080808,3.8475336322869955,7.0,0.0,5.092,1.0,1.0,0,0.0,1.0
13,oracle,none,0.02,100,1.0,4.164,497.3432646464647,0.021845278178611514,0.11167676767676767,4.2578740157480315,7.649999999999977,0.0,6.392,1.0,1.0,0,0.0,1.0
14,oracle,none,0.02,100,1.0,3.708,496.47428686868693,0.021852717652717655,0.09850505050505051,3.884169884169884,6.0,0.0,5.752,1.0,1.0,0,0.0,1.0
15,oracle,none,0.02,100,1.0,3.664,496.6797171717172,0.02205223665223665,0.1016161616161616,3.83203125,6.0,0.0,5.896,1.0,1.0,0,0.0,1.0
16,oracle,none,0.02,82,0.82,3.424,496.4022666666667,0.02114395453654713,0.09738271604938271,4.102902374670185,6.0,0.0,4.596,1.0,1.0,0,0.0,1.0
17,oracle,none,0.02,97,0.97,3.568,496.1811625000001,0.019796015211640212,0.09404166666666668,3.9551282051282053,7.0,0.0,5.316,1.0,1.0,0,0.0,1.0
18,oracle,none,0.02,100,1.0,3.612,496.24664242424245,0.020501924001924004,0.09503030303030303,3.936734693877551,6.0,0.0,5.52,1.0,1.0,0,0.0,1.0
19,oracle,none,0.02,100,1.0,3.568,496.202997979798,0.02121789321789322,0.09438383838383838,3.773469387755102,6.0,0.0,5.528,1.0,1.0,0,0.0,1.0
20,oracle,none,0.02,100,1.0,4.224,497.857591919192,0.022672582972582973,0.11947474747474747,4.4919499105545615,7.0,0.0,6.776,1.0,1.0,0,0.0,1.0
21,oracle,none,0.02,100,1.0,4.672,498.5008444444445,0.02269081289081289,0.12917171717171716,5.156746031746032,8.0,0.0,7.108,1.0,1.0,0,0.0,1.0
22,oracle,none,0.02,97,0.97,3.52,496.0183708333334,0.020301488095238098,0.09154166666666667,4.0179775280898875,6.0,0.0,5.116,1.0,1.0,0,0.0,1.0
23,oracle,none,0.02,97,0.97,4.42,497.65456666666677,0.021565707671957667,0.116375,4.84957627118644,7.449999999999989,0.0,6.368,1.0,1.0,0,0.0,1.0
24,oracle,none,0.02,100,1.0,3.728,496.47379393939394,0.02086070226070226,0.09846464646464646,4.030737704918033,6.0,0.0,5.664,1.0,1.0,0,0.0,1.0
25,oracle,none,0.02,99,0.99,3.372,495.66536326530615,0.02013634596695821,0.08620408163265306,3.7311827956989245,6.0,0.0,5.0,1.0,1.0,0,0.0,1.0
26,oracle,none,0.02,100,1.0,3.576,495.7266828282829,0.019374474907808237,0.08715151515151515,3.9251101321585904,6.349999999999966,0.0,5.144,1.0,1.0,0,0.0,1.0
27,oracle,none,0.02,100,1.0,4.06,497.2234060606061,0.022167724867724867,0.10985858585858585,4.192460317460317,7.0,0.0,6.3,1.0,1.0,0,0.0,1.0
28,oracle,none,0.02,100,1.0,3.476,495.68747070707076,0.01952679172679173,0.08654545454545454,3.7176724137931036,6.0,0.0,5.084,1.0,1.0,0,0.0,1.0
29,oracle,none,0.02,100,1.0,3.576,495.93221414141425,0.020656902356902353,0.09026262626262625,3.759219088937093,6.0,0.0,5.284,1.0,1.0,0,0.0,1.0
30,oracle,none,0.02,93,0.93,3.768,497.1727217391305,0.023031521739130433,0.10904347826086956,4.304621848739496,7.0,0.0,5.704,1.0,1.0,0,0.0,1.0
31,oracle,none,0.02,100,1.0,3.728,496.21618181818184,0.020225108225108222,0.09454545454545454,4.05,6.0,0.0,5.436,1.0,1.0,0,0.0,1.0
32,oracle,none,0.02,100,1.0,3.828,496.25498989898995,0.020172486772486772,0.09515151515151515,4.044776119402985,7.0,0.0,5.512,1.0,1.0,0,0.0,1.0
33,oracle,none,0.02,100,1.0,4.076,497.457692929293,0.022380567580567584,0.11341414141414143,4.354207436399217,7.0,0.0,6.484,1.0,1.0,0,0.0,1.0
34,oracle,none,0.02,100,1.0,4.148,497.31651717171724,0.02277133237133237,0.11127272727272729,4.216014897579144,7.0,0.0,6.376,1.0,1.0,0,0.0,1.0
35,oracle,none,0.02,100,1.0,3.444,495.47469090909095,0.01914260206684449,0.08335353535353535,3.626530612244898,7.0,0.0,5.016,1.0,1.0,0,0.0,1.0
36,oracle,none,0.02,97,0.97,3.488,495.8512041666667,0.020230357142857144,0.08904166666666667,3.7595744680851064,6.0,0.0,5.084,1.0,1.0,0,0.0,1.0
37,oracle,none,0.02,96,0.96,4.144,497.1798905263158,0.020802706766917294,0.10913684210526314,4.811279826464208,8.0,0.0,5.856,1.0,1.0,0,0.0,1.0
38,oracle,none,0.02,100,1.0,3.9,497.04291717171714,0.02250564373897707,0.10711111111111112,4.184701492537314,7.0,0.0,6.136,1.0,1.0,0,0.0,1.0
39,oracle,none,0.02,100,1.0,3.652,496.221296969697,0.020976142376142377,0.09466666666666668,3.743027888446215,6.0,0.0,5.556,1.0,1.0,0,0.0,1.0
40,oracle,none,0.02,100,1.0,3.992,497.182197979798,0.021698172198172196,0.10917171717171716,4.5073375262054505,7.0,0.0,6.104,1.0,1.0,0,0.0,1.0
41,oracle,none,0.02,100,1.0,3.788,496.7278828282829,0.02192948532948533,0.10234343434343433,3.994285714285714,6.0,0.0,5.924,1.0,1.0,0,0.0,1.0
42,oracle,none,0.02,100,1.0,3.748,496.4070383838384,0.020442905242905245,0.0974141414141414,4.222727272727273,6.0,0.0,5.512,1.0,1.0,0,0.0,1.0
43,oracle,none,0.02,96,0.96,4.108,497.27000000000004,0.022055739348370927,0.11052631578947367,4.490526315789474,7.0,0.0,5.98,1.0,1.0,0,0.0,1.0
44,oracle,none,0.02,100,1.0,3.528,495.9639878787879,0.0206964886964887,0.09074747474747474,3.7670103092783505,6.0,0.0,5.316,1.0,1.0,0,0.0,1.0
45,oracle,none,0.02,100,1.0,3.904,496.9622828282829,0.02157296777296777,0.10585858585858586,4.330561330561331,7.0,0.0,5.996,1.0,1.0,0,0.0,1.0
46,oracle,none,0.02,99,0.99,3.588,495.95608163265314,0.019827648202137997,0.09061224489795917,3.9451754385964914,7.0,0.0,5.216,1.0,1.0,0,0.0,1.0
47,oracle,none,0.02,100,1.0,3.788,496.5554383838384,0.020507182940516275,0.0997171717171717,4.039583333333334,6.0499999999999545,0.0,5.764,1.0,1.0,0,0.0,1.0
48,oracle,none,0.02,99,0.99,3.548,496.0317469387756,0.020962585034013607,0.09179591836734693,3.6560636182902586,7.0,0.0,5.368,1.0,1.0,0,0.0,1.0
49,oracle,none,0.02,100,1.0,3.556,495.9768565656566,0.020431265031265033,0.09094949494949495,3.7378048780487805,6.0,0.0,5.344,1.0,1.0,0,0.0,1.0
0,oracle,none,0.05,99,0.99,5.868,504.95780408163273,0.037261386459345645,0.22738775510204082,5.0464201416207715,8.0,0.0,12.648,1.0,1.0,0,0.0,1.0
1,oracle,none,0.05,100,1.0,6.688,507.397898989899,0.03792454560030318,0.2642424242424242,6.137531068765535,9.0,0.0,14.224,1.0,1.0,0,0.0,1.0
2,oracle,none,0.05,100,1.0,6.444,505.80629898989906,0.03563328523328523,0.2402828282828283,5.330073349633252,8.0,0.0,13.492,1.0,1.0,0,0.0,1.0
3,oracle,none,0.05,99,0.99,5.78,504.5823387755102,0.036304535147392285,0.22179591836734694,4.7036734693877555,8.0,0.0,12.636,1.0,1.0,0,0.0,1.0
4,oracle,none,0.05,100,1.0,6.172,506.108993939394,0.03828289241622575,0.24476767676767677,5.318074191002368,8.0,0.0,13.44,1.0,1.0,0,0.0,1.0
5,oracle,none,0.05,97,0.97,6.196,505.6197791666668,0.03680325727513228,0.23754166666666668,5.050447518307567,8.0,0.0,13.172,1.0,1.0,0,0.0,1.0
6,oracle,none,0.05,100,1.0,6.152,505.5904242424243,0.03708085763843339,0.23696969696969697,5.30308076602831,8.0,0.0,13.224,1.0,1.0,0,0.0,1.0
7,oracle,none,0.05,100,1.0,5.816,504.3485858585859,0.035546304312970976,0.2181818181818182,4.834004834810637,8.0,0.0,12.404,1.0,1.0,0,0.0,1.0
8,oracle,none,0.05,100,1.0,5.748,503.05103030303036,0.03270987654320987,0.19858585858585862,4.664191419141914,8.0,0.0,11.64,1.0,1.0,0,0.0,1.0
9,oracle,none,0.05,100,1.0,5.756,503.5617939393941,0.03409852493185826,0.20614141414141415,5.173985086992544,8.0,0.0,11.52,1.0,1.0,0,0.0,1.0
10,oracle,none,0.05,100,1.0,6.276,506.1918868686869,0.037735722302388974,0.2458989898989899,5.932300163132137,9.0,0.0,13.168,1.0,1.0,0,0.0,1.0
11,oracle,none,0.05,100,1.0,6.184,504.2879434343435,0.033551515151515145,0.2172929292929293,5.16930775646372,8.0,0.0,12.44,1.0,1.0,0,0.0,1.0
12,oracle,none,0.05,100,1.0,5.748,503.8739878787879,0.03441531184864517,0.21094949494949494,4.80716723549488,8.0,0.0,11.952,1.0,1.0,0,0.0,1.0
13,oracle,none,0.05,100,1.0,6.532,506.043288888889,0.03585310245310245,0.24391919191919192,5.3086124401913874,9.0,0.0,13.784,1.0,1.0,0,0.0,1.0
14,oracle,none,0.05,100,1.0,5.768,504.15430707070715,0.03599092512425846,0.21527272727272725,4.718072289156627,7.0,0.0,12.356,1.0,1.0,0,0.0,1.0
15,oracle,none,0.05,100,1.0,5.764,504.9330787878788,0.037353519320185984,0.2271111111111111,4.728471683475562,7.599999999999909,0.0,13.02,1.0,1.0,0,0.0,1.0
16,oracle,none,0.05,82,0.82,5.724,504.98682962962965,0.037623104056437394,0.22785185185185186,5.0655066530194475,8.0,0.0,10.524,1.0,1.0,0,0.0,1.0
17,oracle,none,0.05,97,0.97,5.948,504.2887583333334,0.03435492724867724,0.21733333333333332,4.89554794520548,8.0,0.0,12.136,1.0,1.0,0,0.0,1.0
18,oracle,none,0.05,100,1.0,6.04,504.72886060606066,0.035427914061247394,0.224,4.962295081967213,8.0,0.0,12.828,1.0,1.0,0,0.0,1.0
19,oracle,none,0.05,100,1.0,6.052,504.7293535353536,0.035630781115629596,0.22404040404040404,4.903459372485921,8.0,0.0,12.916,1.0,1.0,0,0.0,1.0
20,oracle,none,0.05,100,1.0,6.3,506.61213333333336,0.037927705627705637,0.2524848484848485,5.419280795715379,8.0,0.0,14.052,1.0,1.0,0,0.0,1.0
21,oracle,none,0.05,100,1.0,6.828,507.9055838383839,0.03899445100354191,0.27195959595959596,6.18003144654088,9.0,0.0,14.656,1.0,1.0,0,0.0,1.0
22,oracle,none,0.05,97,0.97,6.028,505.0679541666667,0.03649166816979317,0.22904166666666664,5.286871961102107,8.0,0.0,12.428,1.0,1.0,0,0.0,1.0
23,oracle,none,0.05,97,0.97,6.984,507.23134583333336,0.03602417328042328,0.26183333333333336,6.216013344453711,9.0,0.0,13.972,1.0,1.0,0,0.0,1.0
24,oracle,none,0.05,100,1.0,5.94,504.9361212121213,0.03648733365400032,0.22707070707070706,5.0064,8.0,0.0,12.792,1.0,1.0,0,0.0,1.0
25,oracle,none,0.05,99,0.99,5.644,503.6298489795919,0.03474167476514416,0.20730612244897959,4.781589958158996,8.0,0.0,11.804,1.0,1.0,0,0.0,1.0
26,oracle,none,0.05,100,1.0,6.264,503.87968484848494,0.03208464005130672,0.21115151515151512,5.226050420168067,9.0,0.0,12.264,1.0,1.0,0,0.0,1.0
27,oracle,none,0.05,100,1.0,6.292,506.3567070707071,0.03856312329645662,0.24868686868686868,5.054805401111993,8.0,0.0,14.06,1.0,1.0,0,0.0,1.0
28,oracle,none,0.05,100,1.0,5.796,503.6935757575758,0.03407125220458553,0.2082828282828283,4.75,8.0,0.0,12.0,1.0,1.0,0,0.0,1.0
29,oracle,none,0.05,100,1.0,5.92,504.0306222222223,0.03440703718279476,0.2134141414141414,4.875,8.0,0.0,12.308,1.0,1.0,0,0.0,1.0
30,oracle,none,0.05,93,0.93,5.668,505.2721260869566,0.03926330227743271,0.23204347826086957,5.215532286212914,7.0,0.0,11.82,1.0,1.0,0,0.0,1.0
31,oracle,none,0.05,100,1.0,5.844,504.6812242424243,0.036873689273689274,0.2231919191919192,4.982857142857143,7.0,0.0,12.564,1.0,1.0,0,0.0,1.0
32,oracle,none,0.05,100,1.0,6.144,504.4906585858586,0.03404509306630518,0.22036363636363637,5.105960264900662,8.0,0.0,12.584,1.0,1.0,0,0.0,1.0
33,oracle,none,0.05,100,1.0,6.36,506.0527474747475,0.03651008351917443,0.24404040404040403,5.496326530612245,9.0,0.0,13.732,1.0,1.0,0,0.0,1.0
34,oracle,none,0.05,100,1.0,6.416,506.5591313131314,0.03785877825877826,0.25171717171717173,5.4852607709750565,8.0,0.0,14.108,1.0,1.0,0,0.0,1.0
35,oracle,none,0.05,100,1.0,6.056,502.97710303030317,0.031260458845307336,0.1975353535353535,4.704190632703369,8.0,0.0,11.772,1.0,1.0,0,0.0,1.0
36,oracle,none,0.05,97,0.97,5.932,503.90041666666673,0.03412786044973545,0.2114583333333333,4.927152317880795,8.0,0.0,11.888,1.0,1.0,0,0.0,1.0
37,oracle,none,0.05,96,0.96,6.728,506.6680336842106,0.0363939257233994,0.2532210526315789,6.0143218197135635,9.0,0.0,13.24,1.0,1.0,0,0.0,1.0
38,oracle,none,0.05,100,1.0,5.884,505.12989494949505,0.03748691678691678,0.22997979797979798,5.221069433359936,8.0,0.0,12.86,1.0,1.0,0,0.0,1.0
39,oracle,none,0.05,100,1.0,5.676,503.8718545454546,0.03524681738015071,0.21098989898989895,4.644921552436004,7.0,0.0,12.144,1.0,1.0,0,0.0,1.0
40,oracle,none,0.05,100,1.0,6.236,506.2299757575758,0.038069520602853936,0.24654545454545457,5.7124394184168015,8.0,0.0,13.38,1.0,1.0,0,0.0,1.0
41,oracle,none,0.05,100,1.0,5.896,504.8467232323233,0.03668977072310405,0.22573737373737374,4.988958990536277,8.0,0.0,12.784,1.0,1.0,0,0.0,1.0
42,oracle,none,0.05,100,1.0,5.96,505.0329818181819,0.03684543851210518,0.22844444444444445,5.310225303292894,8.0,0.0,12.612,1.0,1.0,0,0.0,1.0
43,oracle,none,0.05,96,0.96,6.224,506.25986526315785,0.03831929824561404,0.2471157894736842,5.4145543744889615,8.0,0.0,13.16,1.0,1.0,0,0.0,1.0
44,oracle,none,0.05,100,1.0,5.528,503.60218181818186,0.03594593554593554,0.2068686868686869,4.626545754328112,7.0,0.0,11.856,1.0,1.0,0,0.0,1.0
45,oracle,none,0.05,100,1.0,6.188,506.07550303030314,0.03807564534231202,0.2442828282828283,5.451043338683788,8.0,0.0,13.476,1.0,1.0,0,0.0,1.0
46,oracle,none,0.05,99,0.99,5.948,503.9706530612245,0.03411536943781841,0.21244897959183676,5.00339558573854,8.0,0.0,11.992,1.0,1.0,0,0.0,1.0
47,oracle,none,0.05,100,1.0,6.048,504.96385454545464,0.03585101811768479,0.22755555555555557,4.930485762144054,8.0,0.0,12.984,1.0,1.0,0,0.0,1.0
48,oracle,none,0.05,99,0.99,5.504,503.3662530612245,0.035080434078393265,0.20330612244897958,4.610972568578553,7.0,0.0,11.6,1.0,1.0,0,0.0,1.0
49,oracle,none,0.05,100,1.0,5.82,503.6766909090909,0.03404911014911015,0.208,4.86180904522613,8.0,0.0,11.916,1.0,1.0,0,0.0,1.0
0,oracle,none,0.1,99,0.99,7.816,516.0747224489796,0.050397909120358096,0.3961632653061224,6.459895203546957,10.0,0.0,21.46,1.0,1.0,0,0.0,1.0
1,oracle,none,0.1,100,1.0,8.408,518.8542262626263,0.05159960869657839,0.4381010101010101,7.406104281475201,10.0,0.0,23.212,1.0,1.0,0,0.0,1.0
2,oracle,none,0.1,100,1.0,8.528,518.1646303030303,0.049507022607022604,0.428,6.7732,10.0,0.0,23.64,1.0,1.0,0,0.0,1.0
3,oracle,none,0.1,99,0.99,7.788,515.7452367346939,0.0495314706835115,0.3913877551020408,5.886354378818737,9.0,0.0,21.796,1.0,1.0,0,0.0,1.0
4,oracle,none,0.1,100,1.0,7.816,517.0447555555555,0.05214291690352297,0.4107474747474747,6.539018503620274,10.0,0.0,22.076,1.0,1.0,0,0.0,1.0
5,oracle,none,0.1,97,0.97,8.392,516.9373583333335,0.04831061958874459,0.4095,6.404149377593361,10.0,0.0,22.312,1.0,1.0,0,0.0,1.0
6,oracle,none,0.1,100,1.0,8.132,517.3965414141416,0.05084938563120381,0.41624242424242425,6.63416599516519,10.0,0.0,22.768,1.0,1.0,0,0.0,1.0
7,oracle,none,0.1,100,1.0,7.464,514.9901898989899,0.050367628667628665,0.3798383838383838,5.831532613045218,9.0,0.0,21.184,1.0,1.0,0,0.0,1.0
8,oracle,none,0.1,100,1.0,7.992,513.3537454545456,0.044059797105251645,0.35519191919191917,6.0236220472440944,10.0,0.0,20.4,1.0,1.0,0,0.0,1.0
9,oracle,none,0.1,100,1.0,7.644,514.3604848484848,0.04768311688311688,0.3701010101010101,6.505188875051889,10.0,0.0,20.208,1.0,1.0,0,0.0,1.0
10,oracle,none,0.1,100,1.0,8.228,517.8626101010101,0.051255029370180887,0.42294949494949496,7.268423219431865,10.0,0.0,22.16,1.0,1.0,0,0.0,1.0
11,oracle,none,0.1,100,1.0,8.588,515.7104282828284,0.044965054362024054,0.3908282828282828,6.756077795786061,10.0,0.0,21.908,1.0,1.0,0,0.0,1.0
12,oracle,none,0.1,100,1.0,7.716,515.590997979798,0.050057297360327664,0.3889292929292929,5.941080196399345,9.0,0.0,21.584,1.0,1.0,0,0.0,1.0
13,oracle,none,0.1,100,1.0,8.436,517.2692080808081,0.04844128587461921,0.4144242424242424,6.616218386190285,10.0,0.0,22.972,1.0,1.0,0,0.0,1.0
14,oracle,none,0.1,100,1.0,7.732,515.5102262626262,0.04978648388648388,0.3877979797979798,5.875848303393213,9.0,0.0,21.772,1.0,1.0,0,0.0,1.0
15,oracle,none,0.1,100,1.0,7.576,515.8144000000001,0.05107968720392962,0.3924040404040404,5.929032258064516,9.0,0.0,21.984,1.0,1.0,0,0.0,1.0
16,oracle,none,0.1,82,0.82,7.72,516.1365234567901,0.05072806192435821,0.39718518518518514,6.332144676515537,9.0,0.0,17.96,1.0,1.0,0,0.0,1.0
17,oracle,none,0.1,97,0.97,8.512,516.571625,0.04701952411014911,0.40395833333333336,6.385290430422065,10.0,0.0,22.056,1.0,1.0,0,0.0,1.0
18,oracle,none,0.1,100,1.0,8.356,515.5399797979799,0.04639442622472926,0.3882828282828283,6.27837613918807,10.0,0.0,21.884,1.0,1.0,0,0.0,1.0
19,oracle,none,0.1,100,1.0,8.26,516.0738060606061,0.04740638127304794,0.3964040404040404,6.3649839743589745,10.0,0.0,22.356,1.0,1.0,0,0.0,1.0
20,oracle,none,0.1,100,1.0,8.084,517.8860404040404,0.05177158890492224,0.42363636363636364,6.537642885297595,9.0,0.0,23.06,1.0,1.0,0,0.0,1.0
21,oracle,none,0.1,100,1.0,8.324,519.0624727272727,0.05259108400017491,0.44125252525252523,7.377921031426269,10.0,0.0,23.352,1.0,1.0,0,0.0,1.0
22,oracle,none,0.1,97,0.97,7.892,515.9874875,0.04949770773208274,0.39483333333333337,6.441237975742367,9.0,0.0,20.94,1.0,1.0,0,0.0,1.0
23,oracle,none,0.1,97,0.97,9.008,518.8789333333334,0.04807686537999038,0.438625,7.753430353430353,10.0,0.0,22.912,1.0,1.0,0,0.0,1.0
24,oracle,none,0.1,100,1.0,7.844,516.3166020202021,0.05046712871864387,0.3998787878787879,6.321342925659472,9.0,0.0,21.988,1.0,1.0,0,0.0,1.0
25,oracle,none,0.1,99,0.99,7.98,515.1577142857143,0.047355751391465674,0.38244897959183677,6.185351882160393,10.0,0.0,21.28,1.0,1.0,0,0.0,1.0
26,oracle,none,0.1,100,1.0,8.892,514.9787757575757,0.0420758127394491,0.3798383838383838,6.755195344970906,11.0,0.0,21.636,1.0,1.0,0,0.0,1.0
27,oracle,none,0.1,100,1.0,8.088,517.6543191919193,0.05150688413718717,0.4202828282828283,6.2752032520325205,9.0,0.0,23.312,1.0,1.0,0,0.0,1.0
28,oracle,none,0.1,100,1.0,7.836,514.6669858585859,0.047282874925299166,0.375030303030303,5.986879868798688,9.0,0.0,21.188,1.0,1.0,0,0.0,1.0
29,oracle,none,0.1,100,1.0,8.316,516.2056363636365,0.0473574547786669,0.3983838383838384,6.369529983792544,10.0,0.0,22.404,1.0,1.0,0,0.0,1.0
30,oracle,none,0.1,93,0.93,7.18,516.5883347826087,0.055521654432524,0.4037391304347826,6.447839371453513,9.0,0.0,19.98,1.0,1.0,0,0.0,1.0
31,oracle,none,0.1,100,1.0,7.576,516.1977535353536,0.05200976430976431,0.3980606060606061,6.25692492974709,9.0,0.0,21.856,1.0,1.0,0,0.0,1.0
32,oracle,none,0.1,100,1.0,8.376,515.8560242424243,0.046376592431137884,0.3930505050505051,6.375460122699386,10.0,0.0,22.056,1.0,1.0,0,0.0,1.0
33,oracle,none,0.1,100,1.0,8.58,518.2337212121213,0.04935090678120981,0.42901010101010106,6.923297785069729,10.0,0.0,23.592,1.0,1.0,0,0.0,1.0
34,oracle,none,0.1,100,1.0,8.328,517.5178020202021,0.04958990482020785,0.41810101010101003,6.902152641878669,10.0,0.0,22.912,1.0,1.0,0,0.0,1.0
35,oracle,none,0.1,100,1.0,8.84,513.7957131313132,0.040560742960742954,0.3621010101010101,6.288587848932677,11.0,0.0,21.284,1.0,1.0,0,0.0,1.0
36,oracle,none,0.1,97,0.97,8.084,514.1897541666667,0.0451925444925445,0.36783333333333335,6.294069529652352,10.0,0.0,20.3,1.0,1.0,0,0.0,1.0
37,oracle,none,0.1,96,0.96,8.776,519.0193768421053,0.0498227348090506,0.44067368421052633,7.498124218424343,11.0,0.0,22.568,1.0,1.0,0,0.0,1.0
38,oracle,none,0.1,100,1.0,7.636,516.0288444444444,0.05126856880493244,0.3954343434343434,6.566197183098591,9.0,0.0,21.556,1.0,1.0,0,0.0,1.0
39,oracle,none,0.1,100,1.0,7.708,515.707498989899,0.05006553850190214,0.3908282828282828,5.884661593912695,9.0,0.0,22.024,1.0,1.0,0,0.0,1.0
40,oracle,none,0.1,100,1.0,7.876,517.8375434343435,0.05319293792627126,0.42266666666666663,7.007202881152461,10.0,0.0,22.4,1.0,1.0,0,0.0,1.0
41,oracle,none,0.1,100,1.0,7.7,515.3148969696971,0.04932111009080705,0.3846868686868687,6.263687600644122,9.0,0.0,21.228,1.0,1.0,0,0.0,1.0
42,oracle,none,0.1,100,1.0,7.656,516.6429494949496,0.05233666098211553,0.40464646464646464,6.491257995735608,9.0,0.0,21.752,1.0,1.0,0,0.0,1.0
43,oracle,none,0.1,96,0.96,7.652,516.9340884210527,0.05288767372977899,0.4091789473684211,6.4278708622803435,9.0,0.0,21.384,1.0,1.0,0,0.0,1.0
44,oracle,none,0.1,100,1.0,7.54,514.6329252525253,0.04907632894602591,0.3744242424242424,6.017276840806253,9.0,0.0,20.924,1.0,1.0,0,0.0,1.0
45,oracle,none,0.1,100,1.0,7.948,518.0544929292929,0.05298066232308656,0.42610101010101004,6.682324840764331,9.0,0.0,22.948,1.0,1.0,0,0.0,1.0
46,oracle,none,0.1,99,0.99,7.964,514.8352285714286,0.04679198986954088,0.377469387755102,6.332200509770603,10.0,0.0,20.804,1.0,1.0,0,0.0,1.0
47,oracle,none,0.1,100,1.0,8.112,515.9519515151516,0.04804524611191278,0.39450505050505047,6.146201232032854,9.0,0.0,22.128,1.0,1.0,0,0.0,1.0
48,oracle,none,0.1,99,0.99,7.428,513.4581061224491,0.04752581352887476,0.35665306122448975,5.926725963574756,9.0,0.0,19.952,1.0,1.0,0,0.0,1.0
49,oracle,none,0.1,100,1.0,8.084,515.2568444444446,0.0470819741425802,0.38391919191919194,6.207395498392283,9.0,0.0,21.484,1.0,1.0,0,0.0,1.0
0,oracle,none,0.15,99,0.99,9.124,525.0208326530612,0.05815697794269223,0.5319183673469388,7.547297297297297,11.0,0.0,28.384,1.0,1.0,0,0.0,1.0
1,oracle,none,0.15,100,1.0,9.708,529.0000646464648,0.06085696166908288,0.592040404040404,8.452814569536423,12.0,0.0,31.088,1.0,1.0,0,0.0,1.0
2,oracle,none,0.15,100,1.0,9.856,527.2932565656566,0.05725448524539434,0.5665858585858586,7.936341659951652,11.0,0.0,30.94,1.0,1.0,0,0.0,1.0
3,oracle,none,0.15,99,0.99,9.172,525.0488775510206,0.05782087753516325,0.5326530612244899,6.793460490463215,10.0,0.0,29.22,1.0,1.0,0,0.0,1.0
4,oracle,none,0.15,100,1.0,8.924,525.9927151515153,0.06114183930547567,0.5465050505050505,7.517833199249129,11.0,0.0,29.004,1.0,1.0,0,0.0,1.0
5,oracle,none,0.15,97,0.97,9.792,526.3066625000001,0.05600144901394901,0.55175,7.445094760312152,11.0,0.0,29.604,1.0,1.0,0,0.0,1.0
6,oracle,none,0.15,100,1.0,9.452,526.7292969696971,0.058872590260469045,0.5578989898989899,7.651305274374001,11.0,0.0,30.156,1.0,1.0,0,0.0,1.0
7,oracle,none,0.15,100,1.0,8.528,523.7103676767678,0.05984567755476847,0.5122424242424243,6.608695652173913,9.0,0.0,28.208,1.0,1.0,0,0.0,1.0
8,oracle,none,0.15,100,1.0,9.792,523.0862626262626,0.05129955756925455,0.503030303030303,7.301273367651043,11.0,0.0,28.408,1.0,1.0,0,0.0,1.0
9,oracle,none,0.15,100,1.0,8.988,523.304101010101,0.05618690243538728,0.5058585858585859,7.498614190687362,11.0,0.0,27.308,1.0,1.0,0,0.0,1.0
10,oracle,none,0.15,100,1.0,9.42,527.2784484848485,0.06017980022222447,0.5657777777777777,8.141880809185347,11.0,0.0,29.376,1.0,1.0,0,0.0,1.0
11,oracle,none,0.15,100,1.0,10.156,525.1249171717171,0.052261093339881215,0.5337777777777778,7.982758620689655,11.0,0.0,29.5,1.0,1.0,0,0.0,1.0
12,oracle,none,0.15,100,1.0,8.976,525.4542585858586,0.05980474777747505,0.5386666666666667,6.901902975073707,10.0,0.0,29.468,1.0,1.0,0,0.0,1.0
13,oracle,none,0.15,100,1.0,9.724,526.1217212121213,0.05609942862973166,0.5488080808080809,7.625809935205184,11.0,0.0,30.024,1.0,1.0,0,0.0,1.0
14,oracle,none,0.15,100,1.0,9.132,525.0948606060606,0.058206518285306166,0.5332929292929294,6.987378385485143,10.0,0.0,29.4,1.0,1.0,0,0.0,1.0
15,oracle,none,0.15,100,1.0,8.936,525.8663838383839,0.06086826854402612,0.5450505050505051,6.936136662286465,10.0,0.0,30.136,1.0,1.0,0,0.0,1.0
16,oracle,none,0.15,82,0.82,8.992,525.4885135802471,0.059649603619974,0.5391111111111111,7.199132755170114,10.0,0.0,23.968,1.0,1.0,0,0.0,1.0
17,oracle,none,0.15,97,0.97,10.024,526.1236333333334,0.05459212061087061,0.549,7.4000561482313305,11.0,0.0,29.536,1.0,1.0,0,0.0,1.0
18,oracle,none,0.15,100,1.0,9.908,525.267280808081,0.05402860484072605,0.536,7.35972972972973,11.0,0.0,29.776,1.0,1.0,0,0.0,1.0
19,oracle,none,0.15,100,1.0,9.7,525.1852323232323,0.054897408988318075,0.5347474747474747,7.359215475550779,11.0,0.0,29.692,1.0,1.0,0,0.0,1.0
20,oracle,none,0.15,100,1.0,9.088,526.7095070707071,0.061143403734312825,0.5575353535353536,7.317210048102619,10.0,0.0,29.972,1.0,1.0,0,0.0,1.0
21,oracle,none,0.15,100,1.0,9.252,527.8696606060606,0.06199041934496479,0.5748686868686869,8.171066810344827,11.0,0.0,30.156,1.0,1.0,0,0.0,1.0
22,oracle,none,0.15,97,0.97,9.14,525.1258875000001,0.05812594546657046,0.5335,7.362213527110117,10.0,0.0,27.852,1.0,1.0,0,0.0,1.0
23,oracle,none,0.15,97,0.97,10.204,528.3463666666667,0.05661642396954897,0.58225,8.796918767507004,11.0,0.0,29.984,1.0,1.0,0,0.0,1.0
24,oracle,none,0.15,100,1.0,8.952,525.5240808080807,0.059982436194557405,0.5395959595959596,7.1929919137466305,10.0,0.0,29.176,1.0,1.0,0,0.0,1.0
25,oracle,none,0.15,99,0.99,9.364,524.2232612244899,0.05530634048491191,0.5200816326530612,7.166575492341357,11.0,0.0,28.468,1.0,1.0,0,0.0,1.0
26,oracle,none,0.15,100,1.0,10.564,524.254096969697,0.04898521837309716,0.5206868686868688,7.9173098125689085,12.0,0.0,29.148,1.0,1.0,0,0.0,1.0
27,oracle,none,0.15,100,1.0,9.248,527.5537737373737,0.06149742300348361,0.5705858585858585,7.125842091080571,10.0,0.0,31.268,1.0,1.0,0,0.0,1.0
28,oracle,none,0.15,100,1.0,9.284,524.3549737373737,0.05597802702348157,0.5221414141414141,7.098728698945091,10.0,0.0,29.024,1.0,1.0,0,0.0,1.0
29,oracle,none,0.15,100,1.0,9.992,526.6570262626262,0.05548963214114729,0.5570505050505051,7.5651828298887125,11.0,0.0,30.76,1.0,1.0,0,0.0,1.0
30,oracle,none,0.15,93,0.93,8.164,525.9567956521739,0.06649935535479014,0.5458260869565218,7.375398897592109,10.0,0.0,26.596,1.0,1.0,0,0.0,1.0
31,oracle,none,0.15,100,1.0,8.748,525.1349292929293,0.060785467955164915,0.5337373737373737,7.2046070460704605,10.0,0.0,28.996,1.0,1.0,0,0.0,1.0
32,oracle,none,0.15,100,1.0,9.768,525.175191919192,0.054368464195736925,0.5345454545454545,7.369471413160734,11.0,0.0,29.552,1.0,1.0,0,0.0,1.0
33,oracle,none,0.15,100,1.0,10.056,527.9935272727273,0.05715629196841319,0.5771313131313132,8.046650393273664,11.0,0.0,31.272,1.0,1.0,0,0.0,1.0
34,oracle,none,0.15,100,1.0,9.488,526.7006424242425,0.058537847786332635,0.5574545454545455,7.860440435128681,11.0,0.0,30.108,1.0,1.0,0,0.0,1.0
35,oracle,none,0.15,100,1.0,10.984,523.3911353535354,0.046275445317869555,0.5079999999999999,7.7001892403352254,13.0,0.0,29.56,1.0,1.0,0,0.0,1.0
36,oracle,none,0.15,97,0.97,9.48,522.4836333333334,0.05202768458393458,0.4937916666666667,7.3852813852813854,11.0,0.0,26.848,1.0,1.0,0,0.0,1.0
37,oracle,none,0.15,96,0.96,10.088,528.3075200000002,0.05748216461900672,0.5816,8.562322140011384,12.0,0.0,29.488,1.0,1.0,0,0.0,1.0
38,oracle,none,0.15,100,1.0,8.804,525.2773535353537,0.06064965517086729,0.5357575757575758,7.498931052912881,10.0,0.0,28.732,1.0,1.0,0,0.0,1.0
39,oracle,none,0.15,100,1.0,9.156,524.9446060606062,0.05779597888082737,0.5311111111111111,6.919221540922421,10.0,0.0,29.544,1.0,1.0,0,0.0,1.0
40,oracle,none,0.15,100,1.0,9.044,527.3940525252526,0.06264977996190117,0.5676363636363635,7.976594027441485,11.0,0.0,29.744,1.0,1.0,0,0.0,1.0
41,oracle,none,0.15,100,1.0,9.032,524.1610828282829,0.05721204788477516,0.5189494949494949,7.239772419398537,10.0,0.0,28.208,1.0,1.0,0,0.0,1.0
42,oracle,none,0.15,100,1.0,8.872,525.9567232323233,0.06132727564242716,0.545939393939394,7.506148686416993,10.0,0.0,28.924,1.0,1.0,0,0.0,1.0
43,oracle,none,0.15,96,0.96,8.62,525.2794610526316,0.061970055441634385,0.5358315789473683,7.165048543689321,10.0,0.0,27.68,1.0,1.0,0,0.0,1.0
44,oracle,none,0.15,100,1.0,8.972,524.1266585858586,0.057556789338607514,0.5185454545454546,7.180424845388545,10.0,0.0,28.496,1.0,1.0,0,0.0,1.0
45,oracle,none,0.15,100,1.0,9.016,527.2981777777779,0.06253527045345227,0.5663434343434343,7.465016146393972,10.0,0.0,30.1,1.0,1.0,0,0.0,1.0
46,oracle,none,0.15,99,0.99,9.348,524.2851469387756,0.05544996975813302,0.5209387755102041,7.398085585585585,11.0,0.0,28.3,1.0,1.0,0,0.0,1.0
47,oracle,none,0.15,100,1.0,9.428,524.9930868686869,0.0561853790429548,0.5317979797979798,7.147672552166934,10.0,0.0,29.452,1.0,1.0,0,0.0,1.0
48,oracle,none,0.15,99,0.99,8.892,522.6921551020408,0.05589911290523535,0.49689795918367347,7.056274620146314,10.0,0.0,27.416,1.0,1.0,0,0.0,1.0
49,oracle,none,0.15,100,1.0,9.348,523.6683272727273,0.05456954246651216,0.5116363636363637,7.096457765667575,10.0,0.0,28.26,1.0,1.0,0,0.0,1.0
0,oracle,none,0.2,99,0.99,10.236,533.1983020408164,0.06408682451335512,0.656,8.477019639603158,12.0,0.0,34.688,1.0,1.0,0,0.0,1.0
1,oracle,none,0.2,100,1.0,10.728,537.4454545454546,0.0672339496642527,0.7202020202020202,9.318341242005364,13.0,0.0,37.704,1.0,1.0,0,0.0,1.0
2,oracle,none,0.2,100,1.0,10.968,535.328985858586,0.06277011159435401,0.6885656565656566,8.867581752119499,12.0,0.0,37.328,1.0,1.0,0,0.0,1.0
3,oracle,none,0.2,99,0.99,10.092,533.0612775510205,0.06471008334069557,0.6542448979591836,7.523770491803279,11.0,0.0,35.436,1.0,1.0,0,0.0,1.0
4,oracle,none,0.2,100,1.0,9.896,534.1806060606062,0.06771540233055384,0.6707070707070707,8.399274047186934,12.0,0.0,35.28,1.0,1.0,0,0.0,1.0
5,oracle,none,0.2,97,0.97,10.716,533.8171500000001,0.06189531695156695,0.66575,8.208298230834036,12.0,0.0,35.376,1.0,1.0,0,0.0,1.0
6,oracle,none,0.2,100,1.0,10.392,534.6831919191919,0.06526306353579082,0.6785858585858586,8.43245947568541,12.0,0.0,36.344,1.0,1.0,0,0.0,1.0
7,oracle,none,0.2,100,1.0,9.384,531.5622868686869,0.06731949655282987,0.6314343434343435,7.336641685233948,10.0,0.0,34.456,1.0,1.0,0,0.0,1.0
8,oracle,none,0.2,100,1.0,11.072,531.1586787878788,0.0565581869309142,0.6256161616161616,8.291632818846466,12.0,0.0,34.956,1.0,1.0,0,0.0,1.0
9,oracle,none,0.2,100,1.0,10.068,531.7552121212121,0.06307157074126771,0.6341414141414141,8.430441898527006,12.0,0.0,34.02,1.0,1.0,0,0.0,1.0
10,oracle,none,0.2,100,1.0,10.448,535.4632202020202,0.0663350527138406,0.6899393939393939,8.884225466342254,13.0,0.0,35.668,1.0,1.0,0,0.0,1.0
11,oracle,none,0.2,100,1.0,11.392,533.1711030303031,0.05751341066341067,0.6559191919191919,8.996548924076329,12.0,0.0,35.904,1.0,1.0,0,0.0,1.0
12,oracle,none,0.2,100,1.0,9.924,534.0080404040403,0.06728252376131164,0.6684848484848485,7.686778176025488,11.0,0.0,36.2,1.0,1.0,0,0.0,1.0
13,oracle,none,0.2,100,1.0,10.572,533.6659555555557,0.0625973166003469,0.6633131313131313,8.314390095392733,12.0,0.0,35.984,1.0,1.0,0,0.0,1.0
14,oracle,none,0.2,100,1.0,9.968,532.7329131313131,0.0650156380095774,0.6492121212121212,7.6824512534818945,11.0,0.0,35.408,1.0,1.0,0,0.0,1.0
15,oracle,none,0.2,100,1.0,9.956,534.1634505050506,0.06740672032793245,0.6709898989898989,7.850681414181316,11.0,0.0,36.712,1.0,1.0,0,0.0,1.0
16,oracle,none,0.2,82,0.82,9.896,533.2671802469135,0.06624429452577602,0.6571358024691358,7.943184649887865,11.0,0.0,28.912,1.0,1.0,0,0.0,1.0
17,oracle,none,0.2,97,0.97,11.2,534.7737250000001,0.06064602133977134,0.6802916666666667,8.387931034482758,12.0,0.0,36.168,1.0,1.0,0,0.0,1.0
18,oracle,none,0.2,100,1.0,11.08,533.1235191919193,0.059173239442936405,0.6552727272727272,8.219789132197892,12.0,0.0,36.068,1.0,1.0,0,0.0,1.0
19,oracle,none,0.2,100,1.0,10.832,533.4531393939394,0.06093264154476276,0.6602424242424243,8.248355590990633,12.0,0.0,36.24,1.0,1.0,0,0.0,1.0
20,oracle,none,0.2,100,1.0,9.936,534.4318303030303,0.06783341350008015,0.6747070707070708,8.009274193548388,11.0,0.0,35.976,1.0,1.0,0,0.0,1.0
21,oracle,none,0.2,100,1.0,10.144,535.6262828282829,0.06831206156357672,0.6925252525252524,8.9818401937046,12.0,0.0,36.092,1.0,1.0,0,0.0,1.0
22,oracle,none,0.2,97,0.97,10.048,532.6557791666668,0.06432355850168349,0.64775,8.123073675321933,11.0,0.0,33.524,1.0,1.0,0,0.0,1.0
23,oracle,none,0.2,97,0.97,11.2,536.6890291666667,0.06300650171587671,0.7087916666666667,9.69483080755657,12.0,0.0,36.164,1.0,1.0,0,0.0,1.0
24,oracle,none,0.2,100,1.0,9.92,533.8898464646466,0.06708382347170226,0.6665050505050506,8.062713567839197,11.0,0.0,35.612,1.0,1.0,0,0.0,1.0
25,oracle,none,0.2,99,0.99,10.384,531.9950163265306,0.061316377273520135,0.6380408163265306,7.950696900353651,11.0,0.0,34.548,1.0,1.0,0,0.0,1.0
26,oracle,none,0.2,100,1.0,11.88,532.4148121212122,0.05412599936539331,0.6445656565656566,8.859609455292908,13.0,0.0,35.64,1.0,1.0,0,0.0,1.0
27,oracle,none,0.2,100,1.0,10.172,535.9283676767677,0.06852428861822801,0.6976969696969697,7.862725248025916,11.0,0.0,37.892,1.0,1.0,0,0.0,1.0
28,oracle,none,0.2,100,1.0,10.2,531.9304767676767,0.06237265271204665,0.6371313131313132,7.8449817147501015,11.0,0.0,35.036,1.0,1.0,0,0.0,1.0
29,oracle,none,0.2,100,1.0,10.936,534.6286141414141,0.061859901490204525,0.6780202020202021,8.306467862180133,12.0,0.0,37.0,1.0,1.0,0,0.0,1.0
30,oracle,none,0.2,93,0.93,8.988,534.1285347826088,0.07430440115440115,0.6697391304347826,8.136726331679965,10.0,0.0,32.308,1.0,1.0,0,0.0,1.0
31,oracle,none,0.2,100,1.0,9.632,533.1563878787879,0.0680386578629003,0.6554747474747475,7.952006452913894,11.0,0.0,35.304,1.0,1.0,0,0.0,1.0
32,oracle,none,0.2,100,1.0,10.9,533.568488888889,0.06053134934650086,0.6619393939393938,8.22449388655041,12.0,0.0,36.188,1.0,1.0,0,0.0,1.0
33,oracle,none,0.2,100,1.0,11.144,536.0839757575758,0.06266526301980847,0.6998787878787879,8.955852156057494,12.0,0.0,37.536,1.0,1.0,0,0.0,1.0
34,oracle,none,0.2,100,1.0,10.556,534.846593939394,0.0644568540326116,0.6810505050505051,8.768463073852296,12.0,0.0,36.432,1.0,1.0,0,0.0,1.0
35,oracle,none,0.2,100,1.0,12.656,531.6599030303032,0.05025470731157006,0.6336565656565656,8.927041228779304,14.0,0.0,36.504,1.0,1.0,0,0.0,1.0
36,oracle,none,0.2,97,0.97,10.596,530.1191708333334,0.0575107788045288,0.6097083333333333,8.344127111826227,12.0,0.0,32.764,1.0,1.0,0,0.0,1.0
37,oracle,none,0.2,96,0.96,11.296,537.61872,0.06386740020213705,0.7228631578947369,9.57187696170747,13.0,0.0,36.392,1.0,1.0,0,0.0,1.0
38,oracle,none,0.2,100,1.0,9.712,533.3424686868688,0.06771835089713878,0.6581010101010102,8.290244881573665,11.0,0.0,34.924,1.0,1.0,0,0.0,1.0
39,oracle,none,0.2,100,1.0,10.192,532.862888888889,0.06381241575484,0.6513131313131313,7.715466827989514,11.0,0.0,35.852,1.0,1.0,0,0.0,1.0
40,oracle,none,0.2,100,1.0,9.924,535.4381535353536,0.06957945713097229,0.6896565656565656,8.71607178866707,11.0,0.0,35.908,1.0,1.0,0,0.0,1.0
41,oracle,none,0.2,100,1.0,9.944,531.717894949495,0.06364739413224263,0.6336161616161616,8.01950426655831,11.0,0.0,34.1,1.0,1.0,0,0.0,1.0
42,oracle,none,0.2,100,1.0,9.824,534.3380727272728,0.0684553176341055,0.673090909090909,8.326709893327756,11.0,0.0,35.388,1.0,1.0,0,0.0,1.0
43,oracle,none,0.2,96,0.96,9.36,532.68784,0.06934735615261932,0.6482526315789473,7.720050441361916,11.0,0.0,33.24,1.0,1.0,0,0.0,1.0
44,oracle,none,0.2,100,1.0,9.992,532.1050787878788,0.06391464046615561,0.6396363636363637,7.975945017182131,11.0,0.0,34.788,1.0,1.0,0,0.0,1.0
45,oracle,none,0.2,100,1.0,9.896,535.5213656565658,0.06975715776927899,0.6910707070707071,8.225993212218007,11.0,0.0,36.376,1.0,1.0,0,0.0,1.0
46,oracle,none,0.2,99,0.99,10.432,532.4375224489796,0.06168039715386654,0.6446530612244898,8.333826013513514,12.0,0.0,34.62,1.0,1.0,0,0.0,1.0
47,oracle,none,0.2,100,1.0,10.316,532.1339878787878,0.06201822498489165,0.6402424242424243,7.8553243079409985,11.0,0.0,35.256,1.0,1.0,0,0.0,1.0
48,oracle,none,0.2,99,0.99,10.016,530.8468530612246,0.06208385967773723,0.6206938775510205,7.979924717691342,11.0,0.0,33.86,1.0,1.0,0,0.0,1.0
49,oracle,none,0.2,100,1.0,10.352,531.2516727272728,0.060451470975713406,0.6267474747474747,7.890576883596798,11.0,0.0,34.284,1.0,1.0,0,0.0,1.0
0,oracle,none,0.3,99,0.99,12.092,546.8998163265306,0.071564472099196,0.8638775510204082,9.956580917381244,13.0,0.0,45.188,1.0,1.0,0,0.0,1.0
1,oracle,none,0.3,100,1.0,12.4,551.8061454545455,0.07575272679060557,0.9381010101010099,10.807933478735006,14.0,0.0,48.876,1.0,1.0,0,0.0,1.0
2,oracle,none,0.3,100,1.0,12.72,548.3039474747476,0.06975313519252914,0.8854949494949494,10.400350829847524,14.0,0.0,47.572,1.0,1.0,0,0.0,1.0
3,oracle,none,0.3,99,0.99,11.512,546.2134530612246,0.07415525517566335,0.853795918367347,8.752701408836,12.0,0.0,45.536,1.0,1.0,0,0.0,1.0
4,oracle,none,0.3,100,1.0,11.328,547.7977212121212,0.0775129698584244,0.8772929292929293,9.677004333694475,13.0,0.0,45.792,1.0,1.0,0,0.0,1.0
5,oracle,none,0.3,97,0.97,12.296,547.1582875,0.07059525335775337,0.8682083333333334,9.493832293832293,13.0,0.0,45.516,1.0,1.0,0,0.0,1.0
6,oracle,none,0.3,100,1.0,11.872,548.5606343434345,0.07498195900620143,0.889131313131313,9.720090896938911,13.0,0.0,47.084,1.0,1.0,0,0.0,1.0
7,oracle,none,0.3,100,1.0,10.836,545.1034545454546,0.07739218290127381,0.836969696969697,8.61984588346627,12.0,0.0,45.18,1.0,1.0,0,0.0,1.0
8,oracle,none,0.3,100,1.0,13.184,545.8682505050507,0.06460814820288974,0.848929292929293,10.078716036228023,14.0,0.0,46.72,1.0,1.0,0,0.0,1.0
9,oracle,none,0.3,100,1.0,11.816,546.1387111111111,0.07236870480809875,0.8524444444444443,9.89669197396963,14.0,0.0,45.364,1.0,1.0,0,0.0,1.0
10,oracle,none,0.3,100,1.0,12.04,548.8225212121213,0.07447659456144305,0.8926060606060605,10.081230603157469,14.0,0.0,45.96,1.0,1.0,0,0.0,1.0
11,oracle,none,0.3,100,1.0,13.268,547.5752242424243,0.06605395503684273,0.8745050505050506,10.639913816321034,14.0,0.0,47.184,1.0,1.0,0,0.0,1.0
12,oracle,none,0.3,100,1.0,11.304,547.5578707070708,0.07748483256362045,0.87410101010101,8.881342494714588,12.0,0.0,46.796,1.0,1.0,0,0.0,1.0
13,oracle,none,0.3,100,1.0,12.172,546.5377656565656,0.07060745898321656,0.8586262626262626,9.669930640554876,13.0,0.0,46.012,1.0,1.0,0,0.0,1.0
14,oracle,none,0.3,100,1.0,11.516,546.7171434343435,0.07481890421587391,0.8613737373737375,9.03866965817606,12.0,0.0,46.22,1.0,1.0,0,0.0,1.0
15,oracle,none,0.3,100,1.0,11.448,548.2125171717172,0.07738086582329007,0.8842020202020201,9.160898282694848,12.0,0.0,47.752,1.0,1.0,0,0.0,1.0
16,oracle,none,0.3,82,0.82,11.4,547.2813037037037,0.07636414929377892,0.8697283950617284,9.18494623655914,12.0,0.0,37.728,1.0,1.0,0,0.0,1.0
17,oracle,none,0.3,97,0.97,12.968,549.1050375000001,0.06922224164724164,0.8977916666666668,9.854512484307435,14.0,0.0,47.1,1.0,1.0,0,0.0,1.0
18,oracle,none,0.3,100,1.0,12.776,546.4496202020202,0.06720378308560128,0.8574949494949494,9.634149659863946,14.0,0.0,46.492,1.0,1.0,0,0.0,1.0
19,oracle,none,0.3,100,1.0,12.584,547.0079070707071,0.06886249934128723,0.8658989898989898,9.748470337855812,13.0,0.0,46.748,1.0,1.0,0,0.0,1.0
20,oracle,none,0.3,100,1.0,11.28,547.7331030303031,0.0778252833586167,0.8765252525252525,9.114063338701019,12.0,0.0,46.308,1.0,1.0,0,0.0,1.0
21,oracle,none,0.3,100,1.0,11.516,548.9592404040405,0.07788529270953513,0.8947878787878788,10.163243388374278,13.0,0.0,46.352,1.0,1.0,0,0.0,1.0
22,oracle,none,0.3,97,0.97,11.404,546.2539958333333,0.07479565503940504,0.8540416666666666,9.355739545326971,12.0,0.0,43.684,1.0,1.0,0,0.0,1.0
23,oracle,none,0.3,97,0.97,12.74,550.1885416666668,0.07156992798867799,0.9135416666666667,11.107396573338905,14.0,0.0,46.136,1.0,1.0,0,0.0,1.0
24,oracle,none,0.3,100,1.0,11.368,547.5074787878789,0.0768780124477094,0.8730505050505051,9.388971482632789,12.0,0.0,45.996,1.0,1.0,0,0.0,1.0
25,oracle,none,0.3,99,0.99,12.216,546.2378326530612,0.06984074055196504,0.8541632653061224,9.401103448275862,13.0,0.0,45.548,1.0,1.0,0,0.0,1.0
26,oracle,none,0.3,100,1.0,13.74,546.8414626262628,0.06285660816703598,0.8634747474747474,10.385273739980981,15.0,0.0,46.888,1.0,1.0,0,0.0,1.0
27,oracle,none,0.3,100,1.0,11.496,549.2451111111111,0.07829290395351002,0.8997979797979798,8.901796568958531,12.0,0.0,48.364,1.0,1.0,0,0.0,1.0
28,oracle,none,0.3,100,1.0,11.74,545.7442464646465,0.0721583552250219,0.8467878787878788,9.158474348643567,13.0,0.0,45.932,1.0,1.0,0,0.0,1.0
29,oracle,none,0.3,100,1.0,12.472,548.9731272727274,0.07184745961109598,0.8956363636363636,9.584520290244559,13.0,0.0,48.06,1.0,1.0,0,0.0,1.0
30,oracle,none,0.3,93,0.93,10.316,547.6912956521741,0.08488949335688466,0.8753913043478261,9.408245639325356,12.0,0.0,41.768,1.0,1.0,0,0.0,1.0
31,oracle,none,0.3,100,1.0,11.044,547.4519151515153,0.07899702631823843,0.8724040404040404,9.224866310160428,12.0,0.0,46.476,1.0,1.0,0,0.0,1.0
32,oracle,none,0.3,100,1.0,12.448,546.9703111111112,0.0695604895104895,0.8652929292929293,9.506724045185583,13.0,0.0,46.624,1.0,1.0,0,0.0,1.0
33,oracle,none,0.3,100,1.0,12.688,549.9316646464646,0.0717078046532592,0.909939393939394,10.307839649746887,13.0,0.0,48.164,1.0,1.0,0,0.0,1.0
34,oracle,none,0.3,100,1.0,11.956,549.2199757575759,0.075208489602429,0.8990707070707071,10.077956631634962,13.0,0.0,47.424,1.0,1.0,0,0.0,1.0
35,oracle,none,0.3,100,1.0,15.02,544.940290909091,0.05585286890802887,0.8353939393939394,10.86653088934148,16.0,0.0,47.448,1.0,1.0,0,0.0,1.0
36,oracle,none,0.3,97,0.97,12.308,542.8035958333335,0.06525175628769378,0.80225,9.801517409565099,14.0,0.0,42.532,1.0,1.0,0,0.0,1.0
37,oracle,none,0.3,96,0.96,13.156,552.4355957894737,0.07209343831606989,0.9476631578947369,11.102432955487973,15.0,0.0,47.4,1.0,1.0,0,0.0,1.0
38,oracle,none,0.3,100,1.0,11.044,546.6683919191919,0.07790356360810907,0.8602424242424243,9.495401677035433,12.0,0.0,45.14,1.0,1.0,0,0.0,1.0
39,oracle,none,0.3,100,1.0,11.78,546.7809333333333,0.07339523327402116,0.8625454545454545,9.05,12.0,0.0,46.812,1.0,1.0,0,0.0,1.0
40,oracle,none,0.3,100,1.0,11.316,549.4517575757577,0.07992058267209783,0.9022222222222221,10.004967776584317,13.0,0.0,46.632,1.0,1.0,0,0.0,1.0
41,oracle,none,0.3,100,1.0,11.62,545.6405858585861,0.07270092982214195,0.8448484848484848,9.585063359396063,13.0,0.0,44.876,1.0,1.0,0,0.0,1.0
42,oracle,none,0.3,100,1.0,11.38,548.1265333333334,0.07761983381377321,0.8822626262626263,9.614423076923076,13.0,0.0,45.996,1.0,1.0,0,0.0,1.0
43,oracle,none,0.3,96,0.96,10.816,545.8004715789474,0.07872167516693833,0.8472000000000001,8.752509760178471,13.0,0.0,42.992,1.0,1.0,0,0.0,1.0
44,oracle,none,0.3,100,1.0,11.764,545.6629535353535,0.07190895883017094,0.8453737373737374,9.5080372821829,13.0,0.0,45.388,1.0,1.0,0,0.0,1.0
45,oracle,none,0.3,100,1.0,11.308,549.3369898989899,0.0797021645021645,0.9006060606060606,9.429422669491526,12.0,0.0,46.876,1.0,1.0,0,0.0,1.0
46,oracle,none,0.3,99,0.99,12.152,546.7235224489796,0.07091767688094218,0.8613877551020409,9.88166089965398,13.0,0.0,45.54,1.0,1.0,0,0.0,1.0
47,oracle,none,0.3,100,1.0,11.756,544.8408565656566,0.07092550816187179,0.8331717171717172,9.082974137931034,13.0,0.0,45.472,1.0,1.0,0,0.0,1.0
48,oracle,none,0.3,99,0.99,11.864,545.6087102040817,0.07143989808377563,0.8447755102040817,9.596262975778547,13.0,0.0,45.48,1.0,1.0,0,0.0,1.0
49,oracle,none,0.3,100,1.0,11.936,544.8061131313133,0.06981578085214449,0.8324848484848485,9.210994341147938,12.0,0.0,45.02,1.0,1.0,0,0.0,1.0
0,oracle,none,0.4,99,0.99,13.636,559.1403265306124,0.07728538613913764,1.049591836734694,11.167597765363128,15.0,0.0,54.576,1.0,1.0,0,0.0,1.0
1,oracle,none,0.4,100,1.0,13.616,563.4718303030303,0.08204395083031446,1.1151111111111114,11.97301975157809,15.0,0.0,57.96,1.0,1.0,0,0.0,1.0
2,oracle,none,0.4,100,1.0,14.092,560.3340323232323,0.07595554809618982,1.0680404040404041,11.599819331526648,15.0,0.0,56.956,1.0,1.0,0,0.0,1.0
3,oracle,none,0.4,99,0.99,12.648,558.1440448979592,0.08190118894710732,1.0348163265306123,9.74693376941946,13.0,0.0,54.708,1.0,1.0,0,0.0,1.0
4,oracle,none,0.4,100,1.0,12.656,559.8076000000001,0.08401611848242864,1.0595151515151515,10.805891315388521,14.0,0.0,55.116,1.0,1.0,0,0.0,1.0
5,oracle,none,0.4,97,0.97,13.48,558.4019958333333,0.0771074925074925,1.0388333333333335,10.456887596093912,14.0,0.0,54.052,1.0,1.0,0,0.0,1.0
6,oracle,none,0.4,100,1.0,13.204,560.1307070707071,0.08084654195082004,1.0646464646464646,10.86714560356167,15.0,0.0,55.976,1.0,1.0,0,0.0,1.0
7,oracle,none,0.4,100,1.0,11.98,556.5308121212121,0.0844496520314702,1.0104242424242424,9.653175655010704,13.0,0.0,54.24,1.0,1.0,0,0.0,1.0
8,oracle,none,0.4,100,1.0,14.844,557.6404969696971,0.0694234615268155,1.0276363636363635,11.600301053687907,16.0,0.0,56.1,1.0,1.0,0,0.0,1.0
9,oracle,none,0.4,100,1.0,13.316,557.9584282828284,0.07785838766106146,1.0318383838383838,11.209314123376624,15.0,0.0,54.692,1.0,1.0,0,0.0,1.0
10,oracle,none,0.4,100,1.0,13.54,560.6444727272728,0.07954565949004451,1.071959595959596,11.234098228663447,16.0,0.0,55.092,1.0,1.0,0,0.0,1.0
11,oracle,none,0.4,100,1.0,14.72,559.5668040404041,0.07194847440141558,1.0564444444444443,11.99779094286575,16.0,0.0,56.48,1.0,1.0,0,0.0,1.0
12,oracle,none,0.4,100,1.0,12.488,559.2658868686868,0.0845287937651574,1.0517575757575757,9.89431137724551,14.0,0.0,55.924,1.0,1.0,0,0.0,1.0
13,oracle,none,0.4,100,1.0,13.208,558.0132,0.07830089153270971,1.0327676767676768,10.56669386090149,14.0,0.0,54.996,1.0,1.0,0,0.0,1.0
14,oracle,none,0.4,100,1.0,12.788,558.8680080808082,0.08190681977954704,1.0456969696969696,10.145441961637335,14.0,0.0,55.552,1.0,1.0,0,0.0,1.0
15,oracle,none,0.4,100,1.0,12.556,559.6829252525254,0.08450152137424866,1.0582626262626262,10.19604695495134,13.0,0.0,56.72,1.0,1.0,0,0.0,1.0
16,oracle,none,0.4,82,0.82,12.78,559.584701234568,0.08279649404093849,1.0563456790123456,10.332962550982574,14.0,0.0,45.416,1.0,1.0,0,0.0,1.0
17,oracle,none,0.4,97,0.97,14.256,561.2591916666667,0.07593101711401343,1.0822083333333334,11.018380062305296,15.0,0.0,56.264,1.0,1.0,0,0.0,1.0
18,oracle,none,0.4,100,1.0,14.156,558.0447111111112,0.0731102693965439,1.0334545454545454,10.817829061574594,15.0,0.0,55.576,1.0,1.0,0,0.0,1.0
19,oracle,none,0.4,100,1.0,13.992,558.9401696969697,0.07490067844613299,1.046909090909091,11.014384177404855,15.0,0.0,55.92,1.0,1.0,0,0.0,1.0
20,oracle,none,0.4,100,1.0,12.572,559.6258383838385,0.08422781360054087,1.056969696969697,10.195826645264848,14.0,0.0,55.54,1.0,1.0,0,0.0,1.0
21,oracle,none,0.4,100,1.0,12.632,560.5560606060607,0.08496724521269977,1.0707070707070707,11.1211324570273,14.0,0.0,55.26,1.0,1.0,0,0.0,1.0
22,oracle,none,0.4,97,0.97,12.588,558.7841583333335,0.082980284992785,1.044125,10.508399004562422,13.0,0.0,53.032,1.0,1.0,0,0.0,1.0
23,oracle,none,0.4,97,0.97,14.024,562.2104041666666,0.07810997405372405,1.095875,12.267106779838626,15.0,0.0,55.004,1.0,1.0,0,0.0,1.0
24,oracle,none,0.4,100,1.0,12.644,559.8578505050505,0.0839980221237797,1.0603636363636364,10.599858213489973,13.0,0.0,55.384,1.0,1.0,0,0.0,1.0
25,oracle,none,0.4,99,0.99,13.432,558.3279061224491,0.07724266413858251,1.037591836734694,10.467981821937617,14.0,0.0,54.812,1.0,1.0,0,0.0,1.0
26,oracle,none,0.4,100,1.0,14.976,558.6534626262627,0.06971180285351407,1.0426666666666664,11.466079114572658,16.0,0.0,55.984,1.0,1.0,0,0.0,1.0
27,oracle,none,0.4,100,1.0,12.608,560.9492,0.08560947364182658,1.0774141414141414,9.832507332861333,14.0,0.0,57.54,1.0,1.0,0,0.0,1.0
28,oracle,none,0.4,100,1.0,12.936,557.224101010101,0.07899923662196388,1.021010101010101,10.18947581052419,14.0,0.0,54.956,1.0,1.0,0,0.0,1.0
29,oracle,none,0.4,100,1.0,13.668,560.9654262626264,0.07890722610722611,1.0775353535353538,10.642987065481002,14.0,0.0,57.22,1.0,1.0,0,0.0,1.0
30,oracle,none,0.4,93,0.93,11.584,559.9809347826088,0.09182848721326982,1.0617391304347825,10.598941456038022,13.0,0.0,50.34,1.0,1.0,0,0.0,1.0
31,oracle,none,0.4,100,1.0,12.072,559.2425979797981,0.08716814633178271,1.0512727272727274,10.195973290165925,13.0,0.0,55.556,1.0,1.0,0,0.0,1.0
32,oracle,none,0.4,100,1.0,13.708,558.3692404040404,0.07587146528786456,1.0382222222222222,10.647364135965805,15.0,0.0,55.412,1.0,1.0,0,0.0,1.0
33,oracle,none,0.4,100,1.0,13.932,561.9976767676768,0.0785189847189847,1.0929292929292929,11.427682578539372,15.0,0.0,57.308,1.0,1.0,0,0.0,1.0
34,oracle,none,0.4,100,1.0,13.096,561.0652646464647,0.08244041816769089,1.0787474747474748,11.145483773736562,14.0,0.0,56.492,1.0,1.0,0,0.0,1.0
35,oracle,none,0.4,100,1.0,16.9,556.602404040404,0.060131357000603645,1.0125252525252524,12.486651101411024,18.0,0.0,56.996,1.0,1.0,0,0.0,1.0
36,oracle,none,0.4,97,0.97,13.736,554.0147333333334,0.07090476449612479,0.9724166666666666,11.07629986668034,15.0,0.0,51.136,1.0,1.0,0,0.0,1.0
37,oracle,none,0.4,96,0.96,14.696,564.7477726315791,0.07737805350480274,1.134442105263158,12.38044955567172,16.0,0.0,56.496,1.0,1.0,0,0.0,1.0
38,oracle,none,0.4,100,1.0,12.352,558.8412808080809,0.08461885157491218,1.044888888888889,10.692276587141125,13.0,0.0,54.46,1.0,1.0,0,0.0,1.0
39,oracle,none,0.4,100,1.0,13.092,559.6191636363637,0.08084399674399674,1.0573333333333332,10.224187906046977,14.0,0.0,56.772,1.0,1.0,0,0.0,1.0
40,oracle,none,0.4,100,1.0,12.644,562.0196202020203,0.08666660014574452,1.092848484848485,11.201530869171116,14.0,0.0,56.224,1.0,1.0,0,0.0,1.0
41,oracle,none,0.4,100,1.0,13.056,557.6518787878788,0.07875225649771105,1.0270707070707072,10.890401218892839,14.0,0.0,54.144,1.0,1.0,0,0.0,1.0
42,oracle,none,0.4,100,1.0,12.564,559.9109777777778,0.08454669976488158,1.0610505050505048,10.656811415665743,14.0,0.0,55.108,1.0,1.0,0,0.0,1.0
43,oracle,none,0.4,96,0.96,12.216,557.4784757894738,0.08444071180281705,1.0243789473684213,9.757601086615818,14.0,0.0,51.672,1.0,1.0,0,0.0,1.0
44,oracle,none,0.4,100,1.0,13.132,557.6374343434344,0.07831928240110059,1.027070707070707,10.686591440479821,14.0,0.0,54.716,1.0,1.0,0,0.0,1.0
45,oracle,none,0.4,100,1.0,12.396,560.7312080808082,0.08667037407037406,1.0734141414141414,10.462468765617192,13.0,0.0,55.528,1.0,1.0,0,0.0,1.0
46,oracle,none,0.4,99,0.99,13.572,558.8813632653062,0.07715640430997572,1.045795918367347,11.2568390626613,15.0,0.0,54.728,1.0,1.0,0,0.0,1.0
47,oracle,none,0.4,100,1.0,12.956,556.0090747474749,0.07750068790389644,1.0027474747474747,10.178492239467849,14.0,0.0,54.472,1.0,1.0,0,0.0,1.0
48,oracle,none,0.4,99,0.99,13.352,558.1089265306123,0.07777511738961318,1.0345306122448978,10.852914157395121,15.0,0.0,55.332,1.0,1.0,0,0.0,1.0
49,oracle,none,0.4,100,1.0,13.004,555.8589171717172,0.07704814908798867,1.0002424242424242,10.229828109201213,14.0,0.0,53.752,1.0,1.0,0,0.0,1.0
0,oracle,none,0.5,99,0.99,14.892,570.1411755102042,0.0820463699495607,1.2164897959183671,12.13537437063505,16.0,0.0,62.992,1.0,1.0,0,0.0,1.0
1,oracle,none,0.5,100,1.0,14.596,574.1634666666667,0.08769699446259162,1.2773333333333332,12.924080375952034,16.0,0.0,66.264,1.0,1.0,0,0.0,1.0
2,oracle,none,0.5,100,1.0,15.256,570.9436202020203,0.08065451034078484,1.229010101010101,12.589846252402307,16.0,0.0,65.176,1.0,1.0,0,0.0,1.0
3,oracle,none,0.5,99,0.99,13.684,569.3361673469389,0.08811931805689309,1.204612244897959,10.67000488519785,14.0,0.0,63.26,1.0,1.0,0,0.0,1.0
4,oracle,none,0.5,100,1.0,13.892,571.0868606060607,0.08886732311393629,1.2306666666666666,11.786335103814583,15.0,0.0,63.912,1.0,1.0,0,0.0,1.0
5,oracle,none,0.5,97,0.97,14.38,568.230175,0.08276360484899088,1.1879583333333332,11.271354254069475,15.0,0.0,61.464,1.0,1.0,0,0.0,1.0
6,oracle,none,0.5,100,1.0,14.432,570.8256767676768,0.08528915877185883,1.2268686868686869,11.985548429000568,16.0,0.0,64.148,1.0,1.0,0,0.0,1.0
7,oracle,none,0.5,100,1.0,13.096,567.5158383838384,0.0900542292724111,1.177171717171717,10.654234527687297,14.0,0.0,62.968,1.0,1.0,0,0.0,1.0
8,oracle,none,0.5,100,1.0,16.32,568.2647353535353,0.07309041946472287,1.188929292929293,12.90696923201163,17.0,0.0,64.6,1.0,1.0,0,0.0,1.0
9,oracle,none,0.5,100,1.0,14.816,569.1578383838385,0.0814744325290718,1.201818181818182,12.430832593071147,17.0,0.0,63.532,1.0,1.0,0,0.0,1.0
10,oracle,none,0.5,100,1.0,14.98,571.5952363636364,0.08295582917063825,1.2381010101010101,12.259330604382374,17.0,0.0,63.564,1.0,1.0,0,0.0,1.0
11,oracle,none,0.5,100,1.0,16.072,570.3872525252525,0.07606522612425605,1.2206060606060607,13.234963462619449,17.0,0.0,64.844,1.0,1.0,0,0.0,1.0
12,oracle,none,0.5,100,1.0,13.544,569.4295191919192,0.08942297475746673,1.2059797979797982,10.81720602371035,15.0,0.0,63.848,1.0,1.0,0,0.0,1.0
13,oracle,none,0.5,100,1.0,14.26,568.7078424242425,0.08391639692254665,1.195070707070707,11.486409736308316,15.0,0.0,63.396,1.0,1.0,0,0.0,1.0
14,oracle,none,0.5,100,1.0,13.696,569.3079676767678,0.08805474786651257,1.2040808080808083,10.986391290425873,15.0,0.0,63.608,1.0,1.0,0,0.0,1.0
15,oracle,none,0.5,100,1.0,13.496,570.1843111111112,0.09047267160448978,1.2176161616161616,11.078545454545454,14.0,0.0,64.924,1.0,1.0,0,0.0,1.0
16,oracle,none,0.5,82,0.82,14.052,570.7267209876544,0.08737086422413219,1.2253333333333334,11.453396524486571,15.0,0.0,52.348,1.0,1.0,0,0.0,1.0
17,oracle,none,0.5,97,0.97,15.364,571.5551416666667,0.08064648857406212,1.2384166666666665,12.004317860998091,16.0,0.0,63.992,1.0,1.0,0,0.0,1.0
18,oracle,none,0.5,100,1.0,15.296,568.6670666666668,0.07824539781206448,1.1946262626262625,11.785481770833334,16.0,0.0,63.828,1.0,1.0,0,0.0,1.0
19,oracle,none,0.5,100,1.0,15.108,569.6694262626264,0.0801548563636799,1.2096565656565659,12.079910500239732,16.0,0.0,64.132,1.0,1.0,0,0.0,1.0
20,oracle,none,0.5,100,1.0,13.452,570.2754464646466,0.09078219289128381,1.2185454545454546,10.968094510970023,14.0,0.0,63.788,1.0,1.0,0,0.0,1.0
21,oracle,none,0.5,100,1.0,13.76,571.6761616161617,0.09037319145500963,1.2393939393939395,12.09504998387617,15.0,0.0,63.8,1.0,1.0,0,0.0,1.0
22,oracle,none,0.5,97,0.97,13.492,569.9656666666667,0.08999685592185593,1.21375,11.330274470899472,14.0,0.0,61.376,1.0,1.0,0,0.0,1.0
23,oracle,none,0.5,97,0.97,15.056,573.1932416666667,0.08386517195019035,1.2624583333333335,13.241192185673736,16.0,0.0,63.128,1.0,1.0,0,0.0,1.0
24,oracle,none,0.5,100,1.0,13.796,571.0262303030305,0.08930257873439691,1.2297373737373736,11.723955793921665,15.0,0.0,63.84,1.0,1.0,0,0.0,1.0
25,oracle,none,0.5,99,0.99,14.464,569.3440897959184,0.0833221801707696,1.2047346938775512,11.36315185306658,15.0,0.0,63.272,1.0,1.0,0,0.0,1.0
26,oracle,none,0.5,100,1.0,16.036,570.3362585858587,0.07619019629607865,1.219878787878788,12.388933895009721,17.0,0.0,64.928,1.0,1.0,0,0.0,1.0
27,oracle,none,0.5,100,1.0,13.608,571.124387878788,0.09068597517554738,1.2318383838383837,10.579443046196314,14.0,0.0,65.544,1.0,1.0,0,0.0,1.0
28,oracle,none,0.5,100,1.0,13.868,567.5861171717172,0.08511427764155037,1.1782626262626263,11.068680651170325,15.0,0.0,63.088,1.0,1.0,0,0.0,1.0
29,oracle,none,0.5,100,1.0,14.432,571.2856404040405,0.08560157050647245,1.234060606060606,11.382579754850232,15.0,0.0,65.072,1.0,1.0,0,0.0,1.0
30,oracle,none,0.5,93,0.93,12.78,570.9114304347828,0.09631182585530412,1.2274782608695651,11.6842425295344,14.0,0.0,57.964,1.0,1.0,0,0.0,1.0
31,oracle,none,0.5,100,1.0,13.092,569.8987474747476,0.092787579928489,1.2129292929292927,11.17742850198493,14.0,0.0,63.76,1.0,1.0,0,0.0,1.0
32,oracle,none,0.5,100,1.0,14.92,569.3319757575758,0.08085282045478123,1.2045252525252526,11.698759023440669,16.0,0.0,63.84,1.0,1.0,0,0.0,1.0
33,oracle,none,0.5,100,1.0,14.992,572.8839070707071,0.08401808180925828,1.2580202020202018,12.432745224991907,16.0,0.0,65.54,1.0,1.0,0,0.0,1.0
34,oracle,none,0.5,100,1.0,14.06,572.1302666666667,0.08877447737447738,1.2465858585858587,12.061255619781631,15.0,0.0,64.956,1.0,1.0,0,0.0,1.0
35,oracle,none,0.5,100,1.0,18.668,567.1616686868689,0.06310532790726524,1.1728888888888889,14.06916916107111,20.0,0.0,65.596,1.0,1.0,0,0.0,1.0
36,oracle,none,0.5,97,0.97,14.852,564.1213250000001,0.07599937287317801,1.1257916666666667,12.129808492922564,16.0,0.0,58.824,1.0,1.0,0,0.0,1.0
37,oracle,none,0.5,96,0.96,15.956,575.1972673684211,0.08122692469842542,1.2929684210526315,13.402306535183019,18.0,0.0,64.228,1.0,1.0,0,0.0,1.0
38,oracle,none,0.5,100,1.0,13.36,569.9618868686869,0.0909500395227668,1.2135757575757578,11.602517550229969,14.0,0.0,62.98,1.0,1.0,0,0.0,1.0
39,oracle,none,0.5,100,1.0,14.232,570.4360888888889,0.08596665539847358,1.2214545454545456,11.305722288915566,15.0,0.0,65.168,1.0,1.0,0,0.0,1.0
40,oracle,none,0.5,100,1.0,13.68,572.9596363636365,0.09229733160481823,1.258787878787879,12.078156637239815,15.0,0.0,64.584,1.0,1.0,0,0.0,1.0
41,oracle,none,0.5,100,1.0,14.132,568.7606141414142,0.08469570962806255,1.1955959595959595,11.946567989590111,15.0,0.0,62.704,1.0,1.0,0,0.0,1.0
42,oracle,none,0.5,100,1.0,13.576,570.8077414141414,0.09052614153523246,1.2263838383838384,11.542094958394518,15.0,0.0,63.568,1.0,1.0,0,0.0,1.0
43,oracle,none,0.5,96,0.96,13.42,567.8430863157895,0.08865707603370143,1.1816421052631578,10.623015539689206,15.0,0.0,59.404,1.0,1.0,0,0.0,1.0
44,oracle,none,0.5,100,1.0,14.356,568.4696404040404,0.08310950354854099,1.1914343434343435,11.771881349045104,15.0,0.0,63.152,1.0,1.0,0,0.0,1.0
45,oracle,none,0.5,100,1.0,13.416,571.3472484848485,0.09216150987060077,1.2344242424242424,11.381282775312625,15.0,0.0,63.6,1.0,1.0,0,0.0,1.0
46,oracle,none,0.5,99,0.99,14.928,570.2131673469389,0.08169839111468764,1.2176734693877551,12.536888598069687,16.0,0.0,63.288,1.0,1.0,0,0.0,1.0
47,oracle,none,0.5,100,1.0,14.076,566.0599595959596,0.08223301122525721,1.1553535353535354,11.184426890214413,15.0,0.0,62.56,1.0,1.0,0,0.0,1.0
48,oracle,none,0.5,99,0.99,14.496,569.0136612244899,0.08306224733982838,1.2000408163265306,11.860746061545996,16.0,0.0,63.86,1.0,1.0,0,0.0,1.0
49,oracle,none,0.5,100,1.0,14.096,566.8910101010101,0.08298794669382906,1.1676767676767676,11.275823202640689,15.0,0.0,62.444,1.0,1.0,0,0.0,1.0
0,oracle,none,0.6,99,0.99,16.192,580.0399918367348,0.08480445974611167,1.3666938775510202,13.139471718612073,18.0,0.0,70.632,1.0,1.0,0,0.0,1.0
1,oracle,none,0.6,100,1.0,15.528,583.6834666666668,0.09170583305583305,1.4217777777777776,13.78966240443813,17.0,0.0,73.656,1.0,1.0,0,0.0,1.0
2,oracle,none,0.6,100,1.0,16.264,580.2712606060608,0.08438427121172219,1.3705454545454547,13.547801019039957,17.0,0.0,72.444,1.0,1.0,0,0.0,1.0
3,oracle,none,0.6,99,0.99,14.644,579.3832897959184,0.0927888655095738,1.357061224489796,11.535467713550833,15.0,0.0,71.0,1.0,1.0,0,0.0,1.0
4,oracle,none,0.6,100,1.0,14.928,580.8029333333334,0.09258321645674587,1.3781010101010103,12.650380240931423,16.0,0.0,71.496,1.0,1.0,0,0.0,1.0
5,oracle,none,0.6,97,0.97,15.332,578.1410916666667,0.08746176975597932,1.338375,12.052587646076795,16.0,0.0,69.032,1.0,1.0,0,0.0,1.0
6,oracle,none,0.6,100,1.0,15.684,581.1154181818182,0.08848696497669667,1.3829494949494947,13.055589327929754,17.0,0.0,72.024,1.0,1.0,0,0.0,1.0
7,oracle,none,0.6,100,1.0,14.036,577.3698545454546,0.09472091982091982,1.3267474747474748,11.481526593585059,15.0,0.0,70.788,1.0,1.0,0,0.0,1.0
8,oracle,none,0.6,100,1.0,17.58,577.7991959595961,0.07608790229187545,1.3336565656565655,14.06170341897633,18.0,0.0,72.172,1.0,1.0,0,0.0,1.0
9,oracle,none,0.6,100,1.0,16.084,579.109991919192,0.08455403633556367,1.3528888888888893,13.459920447650509,18.0,0.0,71.444,1.0,1.0,0,0.0,1.0
10,oracle,none,0.6,100,1.0,16.356,581.2729050505052,0.08505259824263951,1.384929292929293,13.27727242099589,18.0,0.0,71.056,1.0,1.0,0,0.0,1.0
11,oracle,none,0.6,100,1.0,17.176,579.8954949494951,0.07958674156176736,1.3648484848484848,14.244420543156762,18.0,0.0,72.164,1.0,1.0,0,0.0,1.0
12,oracle,none,0.6,100,1.0,14.54,579.1594707070708,0.09342746327746328,1.3536161616161617,11.744608399545971,16.0,0.0,71.42,1.0,1.0,0,0.0,1.0
13,oracle,none,0.6,100,1.0,15.22,578.6881575757576,0.08860166764970687,1.3465454545454545,12.31864726488817,16.0,0.0,71.268,1.0,1.0,0,0.0,1.0
14,oracle,none,0.6,100,1.0,14.44,579.1146505050507,0.09381188528247353,1.352848484848485,11.681812071514988,15.0,0.0,71.152,1.0,1.0,0,0.0,1.0
15,oracle,none,0.6,100,1.0,14.504,579.7966141414141,0.09426006575124223,1.3634747474747473,12.08279780829331,15.0,0.0,72.424,1.0,1.0,0,0.0,1.0
16,oracle,none,0.6,82,0.82,15.068,580.8397185185186,0.09168552634729105,1.378716049382716,12.344708209693373,16.0,0.0,58.644,1.0,1.0,0,0.0,1.0
17,oracle,none,0.6,97,0.97,16.3,581.3705708333333,0.08521354548032663,1.3873333333333335,12.826473629782834,17.0,0.0,71.356,1.0,1.0,0,0.0,1.0
18,oracle,none,0.6,100,1.0,16.328,578.7244161616162,0.08264598099030504,1.3472323232323233,12.714884412599703,17.0,0.0,71.66,1.0,1.0,0,0.0,1.0
19,oracle,none,0.6,100,1.0,16.16,579.6520767676768,0.08430658439523248,1.361090909090909,13.030226364846872,17.0,0.0,71.804,1.0,1.0,0,0.0,1.0
20,oracle,none,0.6,100,1.0,14.42,579.8465292929294,0.09472785341020637,1.3637575757575755,11.79588948787062,15.0,0.0,71.2,1.0,1.0,0,0.0,1.0
21,oracle,none,0.6,100,1.0,14.748,581.5493090909091,0.09446537155654804,1.3891717171717173,12.9272100567721,16.0,0.0,71.4,1.0,1.0,0,0.0,1.0
22,oracle,none,0.6,97,0.97,14.34,580.3583666666667,0.09572776251526252,1.3714166666666667,12.17679025933824,15.0,0.0,69.152,1.0,1.0,0,0.0,1.0
23,oracle,none,0.6,97,0.97,15.972,583.2613875000001,0.08865457273187052,1.4151666666666665,14.161303744798891,17.0,0.0,70.572,1.0,1.0,0,0.0,1.0
24,oracle,none,0.6,100,1.0,14.908,581.3009939393942,0.0931591572552357,1.3855757575757575,12.793248088762601,16.0,0.0,71.664,1.0,1.0,0,0.0,1.0
25,oracle,none,0.6,99,0.99,15.424,579.3997469387755,0.0880639516246059,1.3573061224489797,12.216168357964994,16.0,0.0,71.0,1.0,1.0,0,0.0,1.0
26,oracle,none,0.6,100,1.0,17.02,580.7914101010102,0.0811125579843846,1.3784646464646464,13.293734470485528,18.0,0.0,72.92,1.0,1.0,0,0.0,1.0
27,oracle,none,0.6,100,1.0,14.616,580.4019434343435,0.0941885123591006,1.3726464646464647,11.348101265822784,16.0,0.0,72.86,1.0,1.0,0,0.0,1.0
28,oracle,none,0.6,100,1.0,14.888,577.4835757575759,0.08938121889004241,1.3284848484848486,12.002225819506274,16.0,0.0,70.908,1.0,1.0,0,0.0,1.0
29,oracle,none,0.6,100,1.0,15.336,581.0220444444444,0.09020056276330786,1.3817373737373737,12.187339026704622,16.0,0.0,72.496,1.0,1.0,0,0.0,1.0
30,oracle,none,0.6,93,0.93,13.952,581.4806347826088,0.09982294963135756,1.3877391304347826,12.76158510177566,15.0,0.0,65.336,1.0,1.0,0,0.0,1.0
31,oracle,none,0.6,100,1.0,13.928,579.6441939393941,0.09787175787175786,1.3607676767676766,12.019901171055304,15.0,0.0,71.256,1.0,1.0,0,0.0,1.0
32,oracle,none,0.6,100,1.0,15.824,578.8329818181819,0.08541039365977447,1.3486464646464646,12.511864406779662,17.0,0.0,71.124,1.0,1.0,0,0.0,1.0
33,oracle,none,0.6,100,1.0,15.812,582.7554626262628,0.08919136379234419,1.4077171717171717,13.172604962477182,16.0,0.0,72.988,1.0,1.0,0,0.0,1.0
34,oracle,none,0.6,100,1.0,14.912,582.1725494949496,0.09394013481072304,1.398909090909091,12.879852497485752,16.0,0.0,72.632,1.0,1.0,0,0.0,1.0
35,oracle,none,0.6,100,1.0,20.148,577.0378989898991,0.06584775851268405,1.322828282828283,15.413890571370887,21.0,0.0,73.504,1.0,1.0,0,0.0,1.0
36,oracle,none,0.6,97,0.97,16.124,574.6709041666668,0.0798794619742859,1.285875,13.287961743710582,17.0,0.0,66.812,1.0,1.0,0,0.0,1.0
37,oracle,none,0.6,96,0.96,17.148,584.4393094736843,0.08373053704953819,1.433178947368421,14.390640256660623,19.0,0.0,71.072,1.0,1.0,0,0.0,1.0
38,oracle,none,0.6,100,1.0,14.3,580.2894383838384,0.09600067818891349,1.3702222222222222,12.47433389544688,15.0,0.0,70.864,1.0,1.0,0,0.0,1.0
39,oracle,none,0.6,100,1.0,15.22,580.3082262626264,0.09021095153938291,1.3712323232323234,12.216380519740797,16.0,0.0,72.808,1.0,1.0,0,0.0,1.0
40,oracle,none,0.6,100,1.0,14.752,583.1161454545455,0.09609153711212536,1.412848484848485,12.957452538036893,16.0,0.0,72.36,1.0,1.0,0,0.0,1.0
41,oracle,none,0.6,100,1.0,15.26,579.1446666666667,0.08880503679327209,1.3531313131313132,13.041734417344173,16.0,0.0,70.716,1.0,1.0,0,0.0,1.0
42,oracle,none,0.6,100,1.0,14.46,580.5965171717172,0.09528746982864629,1.374909090909091,12.278468119779996,16.0,0.0,71.176,1.0,1.0,0,0.0,1.0
43,oracle,none,0.6,96,0.96,14.692,577.7508336842106,0.09121847554198378,1.331957894736842,11.481101587747647,16.0,0.0,66.756,1.0,1.0,0,0.0,1.0
44,oracle,none,0.6,100,1.0,15.42,578.7063797979798,0.0874387722299487,1.3467474747474748,12.777132437360708,16.0,0.0,71.084,1.0,1.0,0,0.0,1.0
45,oracle,none,0.6,100,1.0,14.432,581.710602020202,0.0965636726019079,1.3915959595959595,12.296129552479506,15.0,0.0,71.464,1.0,1.0,0,0.0,1.0
46,oracle,none,0.6,99,0.99,15.908,580.5017632653063,0.08648008467123114,1.3737142857142859,13.491175468483815,17.0,0.0,71.024,1.0,1.0,0,0.0,1.0
47,oracle,none,0.6,100,1.0,15.096,575.7802262626262,0.0864643782869273,1.3029494949494949,12.142637009245611,16.0,0.0,70.408,1.0,1.0,0,0.0,1.0
48,oracle,none,0.6,99,0.99,15.396,578.6421714285715,0.08772888074643777,1.3461632653061224,12.663987466793815,16.0,0.0,71.344,1.0,1.0,0,0.0,1.0
49,oracle,none,0.6,100,1.0,15.04,576.5989252525254,0.08758837709131827,1.315030303030303,12.189582071471834,15.0,0.0,70.136,1.0,1.0,0,0.0,1.0
0,oracle,none,0.7,99,0.99,17.3,589.7379918367349,0.08790882897018457,1.5138367346938777,13.944315545243619,19.0,0.0,78.08,1.0,1.0,0,0.0,1.0
1,oracle,none,0.7,100,1.0,16.444,592.788387878788,0.09502778992975072,1.5599191919191921,14.71364161849711,18.0,0.0,80.712,1.0,1.0,0,0.0,1.0
2,oracle,none,0.7,100,1.0,17.14,589.3592848484849,0.08815129296801123,1.5084444444444443,14.297485071198897,18.0,0.0,79.524,1.0,1.0,0,0.0,1.0
3,oracle,none,0.7,99,0.99,15.488,588.5131591836736,0.0966787624573639,1.4955918367346939,12.28668802796388,16.0,0.0,78.032,1.0,1.0,0,0.0,1.0
4,oracle,none,0.7,100,1.0,15.936,590.1780323232324,0.09563565993117076,1.5203636363636366,13.491886585436276,17.0,0.0,78.82,1.0,1.0,0,0.0,1.0
5,oracle,none,0.7,97,0.97,16.224,587.2975291666668,0.0912682248076356,1.4773333333333334,12.821464751802633,17.0,0.0,76.004,1.0,1.0,0,0.0,1.0
6,oracle,none,0.7,100,1.0,16.948,590.4973737373739,0.09029715328626577,1.525252525252525,14.091983317886932,18.0,0.0,79.184,1.0,1.0,0,0.0,1.0
7,oracle,none,0.7,100,1.0,14.972,586.8467030303032,0.09841993398758105,1.4705858585858587,12.353265602322207,16.0,0.0,78.276,1.0,1.0,0,0.0,1.0
8,oracle,none,0.7,100,1.0,18.852,587.1325575757576,0.07841088519792433,1.4753131313131311,15.238147485130218,19.0,0.0,79.536,1.0,1.0,0,0.0,1.0
9,oracle,none,0.7,100,1.0,17.36,588.3219797979799,0.08631958431432114,1.4927272727272727,14.497049294144874,19.0,0.0,78.776,1.0,1.0,0,0.0,1.0
10,oracle,none,0.7,100,1.0,17.708,590.9045171717172,0.0867623050992504,1.5310707070707072,14.243639300755783,20.0,0.0,78.544,1.0,1.0,0,0.0,1.0
11,oracle,none,0.7,100,1.0,18.204,589.2689010101011,0.08293207781783633,1.507030303030303,15.121762704043375,19.0,0.0,79.34,1.0,1.0,0,0.0,1.0
12,oracle,none,0.7,100,1.0,15.444,588.3647393939395,0.09693025761457133,1.4932929292929293,12.596346087556014,16.0,0.0,78.588,1.0,1.0,0,0.0,1.0
13,oracle,none,0.7,100,1.0,16.024,587.8008080808081,0.09282208673297423,1.4848484848484846,13.045853545853547,17.0,0.0,78.448,1.0,1.0,0,0.0,1.0
14,oracle,none,0.7,100,1.0,15.224,588.6889535353537,0.09852376523258875,1.4981010101010102,12.446539792387544,16.0,0.0,78.544,1.0,1.0,0,0.0,1.0
15,oracle,none,0.7,100,1.0,15.348,588.8392888888889,0.0979761467290879,1.5006868686868686,12.922274991312406,16.0,0.0,79.472,1.0,1.0,0,0.0,1.0
16,oracle,none,0.7,82,0.82,16.308,590.2957086419755,0.09349316925817326,1.5221234567901234,13.492690888447346,17.0,0.0,64.508,1.0,1.0,0,0.0,1.0
17,oracle,none,0.7,97,0.97,16.996,589.9867750000002,0.08946129403881437,1.5180416666666667,13.432427632747292,17.0,0.0,77.784,1.0,1.0,0,0.0,1.0
18,oracle,none,0.7,100,1.0,17.208,588.3261616161617,0.0868824074942754,1.4929292929292928,13.484248788368337,18.0,0.0,79.148,1.0,1.0,0,0.0,1.0
19,oracle,none,0.7,100,1.0,17.028,588.9637414141415,0.08830666260124466,1.502343434343434,13.827788312359939,18.0,0.0,78.952,1.0,1.0,0,0.0,1.0
20,oracle,none,0.7,100,1.0,15.272,589.2556242424242,0.09875124646595233,1.5065050505050506,12.541493055555556,16.0,0.0,78.468,1.0,1.0,0,0.0,1.0
21,oracle,none,0.7,100,1.0,15.604,590.8623757575758,0.09832102124455065,1.5304646464646465,13.636463259891567,17.0,0.0,78.6,1.0,1.0,0,0.0,1.0
22,oracle,none,0.7,97,0.97,15.156,589.3673666666667,0.09959046092796092,1.5080833333333334,12.93496079828938,16.0,0.0,75.872,1.0,1.0,0,0.0,1.0
23,oracle,none,0.7,97,0.97,16.78,592.1457541666667,0.09244138770639834,1.5499166666666666,14.948314874359891,18.0,0.0,77.132,1.0,1.0,0,0.0,1.0
24,oracle,none,0.7,100,1.0,16.008,590.855898989899,0.0957998995557819,1.5305050505050506,13.867462202398192,17.0,0.0,78.964,1.0,1.0,0,0.0,1.0
25,oracle,none,0.7,99,0.99,16.172,588.5397714285715,0.09258435945806895,1.496,12.89167056621432,16.0,0.0,78.064,1.0,1.0,0,0.0,1.0
26,oracle,none,0.7,100,1.0,17.78,589.9260080808081,0.08542356120544975,1.5170101010101011,13.957398843930635,18.0,0.0,79.876,1.0,1.0,0,0.0,1.0
27,oracle,none,0.7,100,1.0,15.556,589.3975515151516,0.09728670589625182,1.5091717171717172,12.048707639287766,17.0,0.0,79.944,1.0,1.0,0,0.0,1.0
28,oracle,none,0.7,100,1.0,15.72,586.9850626262627,0.09379731840418114,1.4726868686868688,12.792778740612363,16.0,0.0,78.388,1.0,1.0,0,0.0,1.0
29,oracle,none,0.7,100,1.0,16.136,590.3801696969698,0.09457050716168362,1.5236767676767677,12.945437659623868,16.0,0.0,79.632,1.0,1.0,0,0.0,1.0
30,oracle,none,0.7,93,0.93,15.16,591.4935652173914,0.10199413851000708,1.5395652173913044,13.826807322370462,16.0,0.0,72.32,1.0,1.0,0,0.0,1.0
31,oracle,none,0.7,100,1.0,14.648,588.7661131313132,0.10251050039285335,1.4991515151515151,12.722864277832628,16.0,0.0,78.284,1.0,1.0,0,0.0,1.0
32,oracle,none,0.7,100,1.0,16.948,588.5327757575759,0.08846929752585067,1.49579797979798,13.459545244690673,18.0,0.0,78.6,1.0,1.0,0,0.0,1.0
33,oracle,none,0.7,100,1.0,16.596,591.9711111111112,0.09340592725128329,1.5474747474747474,13.939717134245305,17.0,0.0,79.96,1.0,1.0,0,0.0,1.0
34,oracle,none,0.7,100,1.0,15.684,591.7056323232325,0.09858053108837421,1.5435151515151515,13.637216530447796,16.0,0.0,79.936,1.0,1.0,0,0.0,1.0
35,oracle,none,0.7,100,1.0,21.332,585.6026303030304,0.06826819923072609,1.452848484848485,16.526109057301294,22.0,0.0,80.34,1.0,1.0,0,0.0,1.0
36,oracle,none,0.7,97,0.97,17.336,585.1708125000001,0.08353787210059463,1.4452083333333334,14.371834319526627,18.0,0.0,74.772,1.0,1.0,0,0.0,1.0
37,oracle,none,0.7,96,0.96,18.244,593.5408378947369,0.08633481122827709,1.5712421052631578,15.257028352673764,20.0,0.0,77.772,1.0,1.0,0,0.0,1.0
38,oracle,none,0.7,100,1.0,15.184,590.2286585858586,0.10033402751932163,1.520969696969697,13.304515831362824,16.0,0.0,78.428,1.0,1.0,0,0.0,1.0
39,oracle,none,0.7,100,1.0,16.084,589.6616161616162,0.09421670769317828,1.513131313131313,13.091632326007327,16.0,0.0,80.024,1.0,1.0,0,0.0,1.0
40,oracle,none,0.7,100,1.0,15.708,592.9851757575758,0.09977501957011763,1.5625454545454545,13.795394358088659,17.0,0.0,79.908,1.0,1.0,0,0.0,1.0
41,oracle,none,0.7,100,1.0,16.22,588.8598424242425,0.09260741400937479,1.5005252525252526,13.994435750304294,17.0,0.0,78.228,1.0,1.0,0,0.0,1.0
42,oracle,none,0.7,100,1.0,15.236,589.9433656565657,0.099765792704028,1.516727272727273,12.967266395821243,16.0,0.0,78.436,1.0,1.0,0,0.0,1.0
43,oracle,none,0.7,96,0.96,15.968,587.8431031578948,0.09338721893843126,1.4850947368421052,12.314234125789948,18.0,0.0,74.3,1.0,1.0,0,0.0,1.0
44,oracle,none,0.7,100,1.0,16.328,588.0475959595962,0.09124555546124173,1.4884848484848485,13.672099878619733,17.0,0.0,78.352,1.0,1.0,0,0.0,1.0
45,oracle,none,0.7,100,1.0,15.228,591.5406222222224,0.1012887454593337,1.5406868686868689,13.068743163106685,16.0,0.0,78.944,1.0,1.0,0,0.0,1.0
46,oracle,none,0.7,99,0.99,16.888,590.2363510204083,0.09019404942428098,1.52134693877551,14.460996623588311,18.0,0.0,78.328,1.0,1.0,0,0.0,1.0
47,oracle,none,0.7,100,1.0,16.116,585.1218101010102,0.08981752177035975,1.4448080808080808,13.072657414841151,17.0,0.0,77.984,1.0,1.0,0,0.0,1.0
48,oracle,none,0.7,99,0.99,16.144,588.0107469387756,0.09245194722770543,1.4883265306122448,13.340791236963234,17.0,0.0,78.588,1.0,1.0,0,0.0,1.0
49,oracle,none,0.7,100,1.0,15.92,586.0865333333335,0.09182438106555753,1.459030303030303,13.03674389046161,16.0,0.0,77.628,1.0,1.0,0,0.0,1.0
0,oracle,none,0.8,99,0.99,18.34,599.0247020408165,0.09054973842350793,1.6547346938775511,14.73467214361783,19.0,0.0,85.2,1.0,1.0,0,0.0,1.0
1,oracle,none,0.8,100,1.0,17.228,601.1905494949497,0.09803800700503487,1.6873939393939394,15.475865554713167,18.0,0.0,87.212,1.0,1.0,0,0.0,1.0
2,oracle,none,0.8,100,1.0,18.12,598.1390181818183,0.09071315754726487,1.6416565656565658,15.139069182389937,19.0,0.0,86.34,1.0,1.0,0,0.0,1.0
3,oracle,none,0.8,99,0.99,16.332,597.7537510204082,0.10025955667981477,1.635795918367347,13.05335505549333,17.0,0.0,85.132,1.0,1.0,0,0.0,1.0
4,oracle,none,0.8,100,1.0,16.948,599.0445373737374,0.09783291951903923,1.6549090909090909,14.354320363820111,18.0,0.0,85.748,1.0,1.0,0,0.0,1.0
5,oracle,none,0.8,97,0.97,17.06,596.1654875,0.09466103532421741,1.6119166666666667,13.541025507276617,18.0,0.0,82.764,1.0,1.0,0,0.0,1.0
6,oracle,none,0.8,100,1.0,18.188,599.2535919191921,0.09142210497525255,1.658060606060606,15.100430270817515,19.0,0.0,85.856,1.0,1.0,0,0.0,1.0
7,oracle,none,0.8,100,1.0,15.96,595.9225535353536,0.10096589111687151,1.6083232323232324,13.28142589118199,17.0,0.0,85.408,1.0,1.0,0,0.0,1.0
8,oracle,none,0.8,100,1.0,19.984,595.8821090909091,0.0806542113426885,1.608121212121212,16.330387800444356,21.0,0.0,86.472,1.0,1.0,0,0.0,1.0
9,oracle,none,0.8,100,1.0,18.588,597.377006060606,0.0879176318196958,1.6301818181818182,15.495792391030486,20.0,0.0,85.98,1.0,1.0,0,0.0,1.0
10,oracle,none,0.8,100,1.0,18.908,599.6961090909092,0.08827155782197531,1.6644848484848485,15.063095962669912,21.0,0.0,85.428,1.0,1.0,0,0.0,1.0
11,oracle,none,0.8,100,1.0,19.312,598.5573414141414,0.08547945885167013,1.6479191919191922,16.113637506916845,20.0,0.0,86.44,1.0,1.0,0,0.0,1.0
12,oracle,none,0.8,100,1.0,16.452,597.515907070707,0.09937630270963604,1.6321616161616161,13.592277486910994,17.0,0.0,85.748,1.0,1.0,0,0.0,1.0
13,oracle,none,0.8,100,1.0,16.728,596.6521212121213,0.09697298752923107,1.619191919191919,13.715074740309095,17.0,0.0,85.44,1.0,1.0,0,0.0,1.0
14,oracle,none,0.8,100,1.0,15.876,597.5383717171719,0.10294632411887314,1.6323636363636365,13.109703572333418,16.0,0.0,85.396,1.0,1.0,0,0.0,1.0
15,oracle,none,0.8,100,1.0,16.232,597.3966949494951,0.10064703241565985,1.6305454545454545,13.823154379395842,17.0,0.0,86.168,1.0,1.0,0,0.0,1.0
16,oracle,none,0.8,82,0.82,17.352,599.8532148148148,0.09621419856224925,1.667061728395062,14.429840799703813,18.0,0.0,70.416,1.0,1.0,0,0.0,1.0
17,oracle,none,0.8,97,0.97,17.936,598.3521374999999,0.09189960583648664,1.6449583333333335,14.092926563068447,18.0,0.0,84.06,1.0,1.0,0,0.0,1.0
18,oracle,none,0.8,100,1.0,18.128,597.0444565656567,0.08977369237611757,1.6252121212121213,14.36791211016606,19.0,0.0,85.924,1.0,1.0,0,0.0,1.0
19,oracle,none,0.8,100,1.0,18.024,598.073195959596,0.09109867995399472,1.6405252525252527,14.859674739439102,19.0,0.0,85.936,1.0,1.0,0,0.0,1.0
20,oracle,none,0.8,100,1.0,16.156,598.1395313131314,0.10170672638907934,1.6412929292929295,13.31696791226645,17.0,0.0,85.352,1.0,1.0,0,0.0,1.0
21,oracle,none,0.8,100,1.0,16.596,600.1823757575758,0.10092675070028011,1.671878787878788,14.37467270896274,18.0,0.0,85.848,1.0,1.0,0,0.0,1.0
22,oracle,none,0.8,97,0.97,15.888,598.5651916666669,0.10378773828976035,1.647625,13.603847356897091,16.0,0.0,82.76,1.0,1.0,0,0.0,1.0
23,oracle,none,0.8,97,0.97,17.572,601.3570708333334,0.09619960709064326,1.689625,15.769258758706727,18.0,0.0,83.932,1.0,1.0,0,0.0,1.0
24,oracle,none,0.8,100,1.0,16.964,599.8924606060607,0.09843928709176387,1.6675555555555557,14.838159963483289,18.0,0.0,85.824,1.0,1.0,0,0.0,1.0
25,oracle,none,0.8,99,0.99,16.96,597.4133551020408,0.09622364612511672,1.6306530612244896,13.68040395797205,17.0,0.0,84.928,1.0,1.0,0,0.0,1.0
26,oracle,none,0.8,100,1.0,18.616,598.6637252525253,0.08869708922732658,1.6495353535353536,14.682313580372078,19.0,0.0,86.528,1.0,1.0,0,0.0,1.0
27,oracle,none,0.8,100,1.0,16.504,597.6811555555556,0.09938440750091937,1.6348686868686868,12.657942511346445,17.0,0.0,86.408,1.0,1.0,0,0.0,1.0
28,oracle,none,0.8,100,1.0,16.628,596.2095272727273,0.09710006271869018,1.6126868686868687,13.664897381457891,17.0,0.0,85.656,1.0,1.0,0,0.0,1.0
29,oracle,none,0.8,100,1.0,16.812,599.1608242424244,0.09865496798045817,1.656848484848485,13.575906670048187,17.0,0.0,86.304,1.0,1.0,0,0.0,1.0
30,oracle,none,0.8,93,0.93,16.32,601.1968173913044,0.10373342325253754,1.686695652173913,14.80500651607298,17.0,0.0,79.088,1.0,1.0,0,0.0,1.0
31,oracle,none,0.8,100,1.0,15.476,598.3549010101012,0.10647264852068773,1.6446060606060604,13.546338006782406,16.0,0.0,85.64,1.0,1.0,0,0.0,1.0
32,oracle,none,0.8,100,1.0,18.064,597.5833050505051,0.09062161206144695,1.633090909090909,14.412368008892033,19.0,0.0,85.552,1.0,1.0,0,0.0,1.0
33,oracle,none,0.8,100,1.0,17.352,600.5364848484849,0.09684231913215402,1.6773737373737374,14.611248673505482,18.0,0.0,86.448,1.0,1.0,0,0.0,1.0
34,oracle,none,0.8,100,1.0,16.412,600.7264969696971,0.1025286398060908,1.6803636363636365,14.336719810893728,17.0,0.0,86.88,1.0,1.0,0,0.0,1.0
35,oracle,none,0.8,100,1.0,22.48,593.8894303030304,0.07037739818131053,1.5786666666666667,17.58772461134666,23.0,0.0,87.0,1.0,1.0,0,0.0,1.0
36,oracle,none,0.8,97,0.97,18.452,594.9615625,0.08647865476599997,1.59375,15.38096223486808,19.0,0.0,82.116,1.0,1.0,0,0.0,1.0
37,oracle,none,0.8,96,0.96,19.256,601.5926147368423,0.08809347592407231,1.6933894736842103,16.025730071033937,21.0,0.0,83.72,1.0,1.0,0,0.0,1.0
38,oracle,none,0.8,100,1.0,15.892,599.5067434343434,0.10474119957747409,1.6616969696969697,13.965756196256955,17.0,0.0,85.508,1.0,1.0,0,0.0,1.0
39,oracle,none,0.8,100,1.0,16.788,598.0913333333335,0.09789848814946854,1.641010101010101,13.78677619311596,17.0,0.0,86.508,1.0,1.0,0,0.0,1.0
40,oracle,none,0.8,100,1.0,16.512,601.3196727272727,0.1025146224146224,1.688969696969697,14.513789787966196,18.0,0.0,86.292,1.0,1.0,0,0.0,1.0
41,oracle,none,0.8,100,1.0,17.12,598.1390262626264,0.09599573182808477,1.6412929292929292,14.86424328577956,18.0,0.0,85.372,1.0,1.0,0,0.0,1.0
42,oracle,none,0.8,100,1.0,15.868,599.1545696969698,0.10459266332795744,1.6564848484848484,13.656130900960415,17.0,0.0,85.584,1.0,1.0,0,0.0,1.0
43,oracle,none,0.8,96,0.96,17.18,597.2955536842106,0.09510089281511312,1.6285052631578947,13.114882643932217,19.0,0.0,81.32,1.0,1.0,0,0.0,1.0
44,oracle,none,0.8,100,1.0,17.124,597.1557252525254,0.09510061902131045,1.6267070707070708,14.411957618567104,18.0,0.0,85.496,1.0,1.0,0,0.0,1.0
45,oracle,none,0.8,100,1.0,15.964,600.5098101010101,0.10515430023861395,1.676727272727273,13.796734405014659,17.0,0.0,85.784,1.0,1.0,0,0.0,1.0
46,oracle,none,0.8,99,0.99,17.816,599.3329224489797,0.0932360449442935,1.6593061224489798,15.384889885807505,19.0,0.0,85.16,1.0,1.0,0,0.0,1.0
47,oracle,none,0.8,100,1.0,16.996,593.6164404040405,0.09272171491314939,1.5738181818181818,13.92284417549168,18.0,0.0,84.908,1.0,1.0,0,0.0,1.0
48,oracle,none,0.8,99,0.99,16.784,596.5310367346939,0.09665234269146256,1.6176326530612246,13.922622081761647,18.0,0.0,85.216,1.0,1.0,0,0.0,1.0
49,oracle,none,0.8,100,1.0,16.892,595.3122989898992,0.0948174708905359,1.599070707070707,13.96564423367975,17.0,0.0,84.952,1.0,1.0,0,0.0,1.0
0,oracle,none,0.9,99,0.99,19.156,607.6687265306123,0.09346255881254302,1.7858775510204081,15.288810620428068,20.0,0.0,91.816,1.0,1.0,0,0.0,1.0
1,oracle,none,0.9,100,1.0,17.864,608.7652686868687,0.10101746619966434,1.80230303030303,16.126113160025188,19.0,0.0,93.04,1.0,1.0,0,0.0,1.0
2,oracle,none,0.9,100,1.0,19.048,606.5164404040404,0.09294094644414562,1.768767676767677,15.953530097784157,20.0,0.0,92.852,1.0,1.0,0,0.0,1.0
3,oracle,none,0.9,99,0.99,17.016,606.0783020408164,0.10366053087901826,1.762122448979592,13.657666651540591,17.0,0.0,91.584,1.0,1.0,0,0.0,1.0
4,oracle,none,0.9,100,1.0,17.916,607.5288363636364,0.09969208458857583,1.7836767676767677,15.10632661308428,19.0,0.0,92.436,1.0,1.0,0,0.0,1.0
5,oracle,none,0.9,97,0.97,17.976,604.9564000000001,0.09723411431458548,1.7453333333333334,14.298321852896306,19.0,0.0,89.472,1.0,1.0,0,0.0,1.0
6,oracle,none,0.9,100,1.0,19.564,608.0147353535355,0.09173313170031436,1.7909494949494948,16.17155056179775,21.0,0.0,92.548,1.0,1.0,0,0.0,1.0
7,oracle,none,0.9,100,1.0,16.852,604.3954868686869,0.10320424506502938,1.7369292929292928,14.195074647061476,18.0,0.0,92.116,1.0,1.0,0,0.0,1.0
8,oracle,none,0.9,100,1.0,20.96,603.9364404040405,0.08267273011450255,1.7303838383838384,17.29878923766816,21.0,0.0,92.876,1.0,1.0,0,0.0,1.0
9,oracle,none,0.9,100,1.0,19.72,605.5665777777778,0.08912016563492313,1.7545050505050503,16.48210838234634,21.0,0.0,92.512,1.0,1.0,0,0.0,1.0
10,oracle,none,0.9,100,1.0,20.384,608.648387878788,0.0885196394787824,1.8003232323232323,16.093682602444286,22.0,0.0,92.4,1.0,1.0,0,0.0,1.0
11,oracle,none,0.9,100,1.0,20.5,606.9571030303032,0.08673207337290272,1.7753131313131312,17.028070018355194,21.0,0.0,92.82,1.0,1.0,0,0.0,1.0
12,oracle,none,0.9,100,1.0,17.468,606.1714505050506,0.10107917531003187,1.7635151515151515,14.66448665113779,18.0,0.0,92.536,1.0,1.0,0,0.0,1.0
13,oracle,none,0.9,100,1.0,17.448,605.1063515151516,0.10028444923955761,1.7475151515151512,14.369697516115945,18.0,0.0,92.136,1.0,1.0,0,0.0,1.0
14,oracle,none,0.9,100,1.0,16.6,606.4386707070709,0.10656880900508352,1.7673939393939395,13.863152217877849,17.0,0.0,92.276,1.0,1.0,0,0.0,1.0
15,oracle,none,0.9,100,1.0,17.196,605.7620444444444,0.10234317373945856,1.7574949494949494,14.794018590866227,18.0,0.0,92.728,1.0,1.0,0,0.0,1.0
16,oracle,none,0.9,82,0.82,18.528,608.5832493827162,0.09723451715102328,1.7994567901234568,15.430716125143828,19.0,0.0,75.824,1.0,1.0,0,0.0,1.0
17,oracle,none,0.9,97,0.97,18.728,606.2314833333334,0.09439960350733861,1.7645,14.53505312485501,19.0,0.0,89.968,1.0,1.0,0,0.0,1.0
18,oracle,none,0.9,100,1.0,18.876,605.2841131313132,0.09281154510359878,1.7502626262626262,15.107289181036423,19.0,0.0,92.408,1.0,1.0,0,0.0,1.0
19,oracle,none,0.9,100,1.0,18.824,606.6659111111113,0.09414137244477803,1.770868686868687,15.684997306518225,19.0,0.0,92.524,1.0,1.0,0,0.0,1.0
20,oracle,none,0.9,100,1.0,16.868,606.9917656565657,0.10532121542219582,1.7755959595959596,14.067276496034607,17.0,0.0,92.2,1.0,1.0,0,0.0,1.0
21,oracle,none,0.9,100,1.0,17.408,608.7595959595961,0.10360854294579785,1.8020202020202019,14.944929482874413,18.0,0.0,92.512,1.0,1.0,0,0.0,1.0
22,oracle,none,0.9,97,0.97,16.408,607.2973291666667,0.10856647263071896,1.7800833333333335,14.11174532460903,17.0,0.0,89.252,1.0,1.0,0,0.0,1.0
23,oracle,none,0.9,97,0.97,18.16,609.2940833333334,0.09971845975232199,1.81,16.445114595898673,19.0,0.0,89.776,1.0,1.0,0,0.0,1.0
24,oracle,none,0.9,100,1.0,17.752,608.739276767677,0.10157729600789456,1.8017373737373736,15.628190699140143,18.0,0.0,92.564,1.0,1.0,0,0.0,1.0
25,oracle,none,0.9,99,0.99,17.66,606.0535142857144,0.09981167730249994,1.7617551020408164,14.342118394193694,18.0,0.0,91.588,1.0,1.0,0,0.0,1.0
26,oracle,none,0.9,100,1.0,19.316,607.0689171717173,0.09208055174577362,1.7770101010101007,15.281860758353599,20.0,0.0,92.908,1.0,1.0,0,0.0,1.0
27,oracle,none,0.9,100,1.0,17.6,605.5915070707072,0.09994006056436396,1.754909090909091,13.29267415730337,18.0,0.0,92.6,1.0,1.0,0,0.0,1.0
28,oracle,none,0.9,100,1.0,17.376,605.0850747474749,0.1006776010882822,1.7473939393939395,14.386186509002956,18.0,0.0,92.656,1.0,1.0,0,0.0,1.0
29,oracle,none,0.9,100,1.0,17.544,607.5599797979798,0.10183467527007259,1.784242424242424,14.296343001261034,18.0,0.0,92.708,1.0,1.0,0,0.0,1.0
30,oracle,none,0.9,93,0.93,17.64,610.7509652173915,0.1040656081273089,1.8315652173913044,15.935777606475236,19.0,0.0,85.752,1.0,1.0,0,0.0,1.0
31,oracle,none,0.9,100,1.0,16.204,607.0115676767678,0.10976637853794716,1.775919191919192,14.289866174018835,17.0,0.0,92.276,1.0,1.0,0,0.0,1.0
32,oracle,none,0.9,100,1.0,19.012,606.5435393939396,0.0931795332061586,1.7690101010101011,15.352408287738811,20.0,0.0,92.424,1.0,1.0,0,0.0,1.0
33,oracle,none,0.9,100,1.0,18.104,608.9480161616162,0.0998216878103359,1.8049292929292928,15.318791194009775,18.0,0.0,92.792,1.0,1.0,0,0.0,1.0
34,oracle,none,0.9,100,1.0,17.2,609.0893454545455,0.1051511025285535,1.807232323232323,15.078048125950442,18.0,0.0,93.324,1.0,1.0,0,0.0,1.0
35,oracle,none,0.9,100,1.0,23.304,601.765482828283,0.07296538184403796,1.698222222222222,18.377385603305044,24.0,0.0,93.26,1.0,1.0,0,0.0,1.0
36,oracle,none,0.9,97,0.97,19.652,604.2463833333334,0.08837882615034318,1.734625,16.503094402364678,20.0,0.0,89.104,1.0,1.0,0,0.0,1.0
37,oracle,none,0.9,96,0.96,20.276,609.4616463157895,0.08951543585485904,1.812757894736842,16.86068791475839,21.0,0.0,89.516,1.0,1.0,0,0.0,1.0
38,oracle,none,0.9,100,1.0,16.532,608.6753252525253,0.10907295504060209,1.8007676767676766,14.501746842246709,17.0,0.0,92.516,1.0,1.0,0,0.0,1.0
39,oracle,none,0.9,100,1.0,17.504,606.3542383838385,0.10106282553779974,1.7663434343434343,14.520105915088411,18.0,0.0,92.824,1.0,1.0,0,0.0,1.0
40,oracle,none,0.9,100,1.0,17.308,609.8635151515152,0.10518971743579586,1.8185858585858585,15.281457548016514,18.0,0.0,92.88,1.0,1.0,0,0.0,1.0
41,oracle,none,0.9,100,1.0,17.968,607.3307313131313,0.09925132560555677,1.7807272727272725,15.713958604588516,18.0,0.0,92.432,1.0,1.0,0,0.0,1.0
42,oracle,none,0.9,100,1.0,16.452,607.89277979798,0.10887928632732553,1.789050505050505,14.331652408824853,17.0,0.0,92.324,1.0,1.0,0,0.0,1.0
43,oracle,none,0.9,96,0.96,18.344,606.4184421052632,0.09651574783191208,1.7669473684210528,13.859732109404272,20.0,0.0,88.176,1.0,1.0,0,0.0,1.0
44,oracle,none,0.9,100,1.0,17.916,606.200004040404,0.09854765317433017,1.763959595959596,15.224517167381974,19.0,0.0,92.588,1.0,1.0,0,0.0,1.0
45,oracle,none,0.9,100,1.0,16.688,609.3216323232324,0.10857101076120684,1.8103838383838384,14.607165304839723,17.0,0.0,92.512,1.0,1.0,0,0.0,1.0
46,oracle,none,0.9,99,0.99,18.648,608.0258204081633,0.09614010797301376,1.7911428571428571,16.177709203122163,19.0,0.0,91.688,1.0,1.0,0,0.0,1.0
47,oracle,none,0.9,100,1.0,17.82,602.2086141414142,0.0957361349998089,1.7042828282828282,14.783186635530807,18.0,0.0,91.84,1.0,1.0,0,0.0,1.0
48,oracle,none,0.9,99,0.99,17.264,604.8475632653061,0.10120239674817295,1.7438367346938777,14.352783944185203,18.0,0.0,91.66,1.0,1.0,0,0.0,1.0
49,oracle,none,0.9,100,1.0,17.752,604.142092929293,0.09772796072176877,1.733090909090909,14.800359793118957,18.0,0.0,91.936,1.0,1.0,0,0.0,1.0
0,oracle,none,1.0,99,0.99,19.0,615.7285714285716,0.10042964554242752,1.9081632653061225,15.081632653061224,19.0,0.0,98.0,nan,1.0,0,0.0,1.0
1,oracle,none,1.0,100,1.0,18.0,616.469696969697,0.10662177328843996,1.9191919191919191,16.363636363636363,18.0,0.0,99.0,nan,1.0,0,0.0,1.0
2,oracle,none,1.0,100,1.0,20.0,614.4333333333334,0.09444444444444446,1.888888888888889,17.01010101010101,20.0,0.0,99.0,nan,1.0,0,0.0,1.0
3,oracle,none,1.0,99,0.99,18.0,614.357142857143,0.10487528344671201,1.8877551020408165,14.510204081632653,18.0,0.0,98.0,nan,1.0,0,0.0,1.0
4,oracle,none,1.0,100,1.0,19.0,615.7909090909092,0.10047846889952151,1.9090909090909096,15.8989898989899,19.0,0.0,99.0,nan,1.0,0,0.0,1.0
5,oracle,none,1.0,97,0.97,19.0,613.5000000000001,0.09868421052631579,1.875,14.458333333333334,19.0,0.0,96.0,nan,1.0,0,0.0,1.0
6,oracle,none,1.0,100,1.0,21.0,616.469696969697,0.09139009139009138,1.9191919191919191,17.272727272727273,21.0,0.0,99.0,nan,1.0,0,0.0,1.0
7,oracle,none,1.0,100,1.0,18.0,613.0757575757577,0.10381593714927047,1.8686868686868687,15.393939393939394,18.0,0.0,99.0,nan,1.0,0,0.0,1.0
8,oracle,none,1.0,100,1.0,22.0,611.7181818181817,0.0840220385674931,1.848484848484848,18.2020202020202,22.0,0.0,99.0,nan,1.0,0,0.0,1.0
9,oracle,none,1.0,100,1.0,21.0,613.7545454545456,0.08946608946608947,1.878787878787879,17.858585858585858,21.0,0.0,99.0,nan,1.0,0,0.0,1.0
10,oracle,none,1.0,100,1.0,22.0,617.148484848485,0.08769513314967861,1.9292929292929295,17.22222222222222,22.0,0.0,99.0,nan,1.0,0,0.0,1.0
11,oracle,none,1.0,100,1.0,22.0,615.1121212121213,0.08631772268135904,1.8989898989898992,17.88888888888889,22.0,0.0,99.0,nan,1.0,0,0.0,1.0
12,oracle,none,1.0,100,1.0,19.0,614.4333333333334,0.09941520467836255,1.888888888888889,16.2020202020202,19.0,0.0,99.0,nan,1.0,0,0.0,1.0
13,oracle,none,1.0,100,1.0,18.0,613.7545454545456,0.10437710437710439,1.878787878787879,14.626262626262626,18.0,0.0,99.0,nan,1.0,0,0.0,1.0
14,oracle,none,1.0,100,1.0,18.0,615.1121212121213,0.10549943883277214,1.8989898989898992,15.252525252525253,18.0,0.0,99.0,nan,1.0,0,0.0,1.0
15,oracle,none,1.0,100,1.0,18.0,613.7545454545456,0.10437710437710439,1.878787878787879,15.636363636363637,18.0,0.0,99.0,nan,1.0,0,0.0,1.0
16,oracle,none,1.0,82,0.82,20.0,616.9222222222222,0.09629629629629631,1.925925925925926,16.604938271604937,20.0,0.0,81.0,nan,1.0,0,0.0,1.0
17,oracle,none,1.0,97,0.97,20.0,614.2000000000002,0.09427083333333332,1.885416666666667,14.760416666666666,20.0,0.0,96.0,nan,1.0,0,0.0,1.0
18,oracle,none,1.0,100,1.0,20.0,613.7545454545456,0.09393939393939393,1.878787878787879,15.909090909090908,20.0,0.0,99.0,nan,1.0,0,0.0,1.0
19,oracle,none,1.0,100,1.0,19.0,615.1121212121213,0.09994683678894202,1.8989898989898992,16.0,19.0,0.0,99.0,nan,1.0,0,0.0,1.0
20,oracle,none,1.0,100,1.0,18.0,615.7909090909092,0.10606060606060605,1.9090909090909096,15.373737373737374,18.0,0.0,99.0,nan,1.0,0,0.0,1.0
21,oracle,none,1.0,100,1.0,18.0,617.148484848485,0.10718294051627385,1.9292929292929295,15.333333333333334,18.0,0.0,99.0,nan,1.0,0,0.0,1.0
22,oracle,none,1.0,97,0.97,17.0,616.3,0.1127450980392157,1.916666666666667,14.822916666666666,17.0,0.0,96.0,nan,1.0,0,0.0,1.0
23,oracle,none,1.0,97,0.97,19.0,617.7000000000002,0.10197368421052631,1.9375,17.479166666666668,19.0,0.0,96.0,nan,1.0,0,0.0,1.0
24,oracle,none,1.0,100,1.0,18.0,617.148484848485,0.10718294051627385,1.9292929292929295,15.97979797979798,18.0,0.0,99.0,nan,1.0,0,0.0,1.0
25,oracle,none,1.0,99,0.99,18.0,614.357142857143,0.10487528344671201,1.8877551020408165,14.316326530612244,18.0,0.0,98.0,nan,1.0,0,0.0,1.0
26,oracle,none,1.0,100,1.0,20.0,615.1121212121213,0.09494949494949495,1.8989898989898992,15.969696969696969,20.0,0.0,99.0,nan,1.0,0,0.0,1.0
27,oracle,none,1.0,100,1.0,19.0,613.7545454545456,0.09888357256778309,1.878787878787879,14.151515151515152,19.0,0.0,99.0,nan,1.0,0,0.0,1.0
28,oracle,none,1.0,100,1.0,18.0,613.0757575757577,0.10381593714927047,1.8686868686868687,14.969696969696969,18.0,0.0,99.0,nan,1.0,0,0.0,1.0
29,oracle,none,1.0,100,1.0,18.0,615.7909090909092,0.10606060606060605,1.9090909090909096,14.909090909090908,18.0,0.0,99.0,nan,1.0,0,0.0,1.0
30,oracle,none,1.0,93,0.93,19.0,619.708695652174,0.10354691075514875,1.9673913043478264,17.358695652173914,19.0,0.0,92.0,nan,1.0,0,0.0,1.0
31,oracle,none,1.0,100,1.0,17.0,615.7909090909092,0.11229946524064173,1.9090909090909096,15.202020202020202,17.0,0.0,99.0,nan,1.0,0,0.0,1.0
32,oracle,none,1.0,100,1.0,20.0,615.1121212121213,0.09494949494949495,1.8989898989898992,16.626262626262626,20.0,0.0,99.0,nan,1.0,0,0.0,1.0
33,oracle,none,1.0,100,1.0,19.0,617.148484848485,0.10154173312068049,1.9292929292929295,16.494949494949495,19.0,0.0,99.0,nan,1.0,0,0.0,1.0
34,oracle,none,1.0,100,1.0,18.0,616.469696969697,0.10662177328843996,1.9191919191919191,15.727272727272727,18.0,0.0,99.0,nan,1.0,0,0.0,1.0
35,oracle,none,1.0,100,1.0,24.0,609.0030303030305,0.07533670033670034,1.8080808080808084,18.939393939393938,24.0,0.0,99.0,nan,1.0,0,0.0,1.0
36,oracle,none,1.0,97,0.97,21.0,613.5000000000001,0.08928571428571427,1.875,17.854166666666668,21.0,0.0,96.0,nan,1.0,0,0.0,1.0
37,oracle,none,1.0,96,0.96,21.0,616.9484210526316,0.09172932330827069,1.926315789473684,17.42105263157895,21.0,0.0,95.0,nan,1.0,0,0.0,1.0
38,oracle,none,1.0,100,1.0,17.0,617.148484848485,0.1134878193701723,1.9292929292929295,14.727272727272727,17.0,0.0,99.0,nan,1.0,0,0.0,1.0
39,oracle,none,1.0,100,1.0,19.0,614.4333333333334,0.09941520467836255,1.888888888888889,15.83838383838384,19.0,0.0,99.0,nan,1.0,0,0.0,1.0
40,oracle,none,1.0,100,1.0,18.0,617.8272727272727,0.10774410774410773,1.939393939393939,15.97979797979798,18.0,0.0,99.0,nan,1.0,0,0.0,1.0
41,oracle,none,1.0,100,1.0,19.0,615.7909090909092,0.10047846889952151,1.9090909090909096,16.696969696969695,19.0,0.0,99.0,nan,1.0,0,0.0,1.0
42,oracle,none,1.0,100,1.0,17.0,616.469696969697,0.11289364230540701,1.9191919191919191,15.191919191919192,17.0,0.0,99.0,nan,1.0,0,0.0,1.0
43,oracle,none,1.0,96,0.96,20.0,615.5336842105263,0.09526315789473686,1.9052631578947365,15.063157894736841,20.0,0.0,95.0,nan,1.0,0,0.0,1.0
44,oracle,none,1.0,100,1.0,19.0,614.4333333333334,0.09941520467836255,1.888888888888889,16.292929292929294,19.0,0.0,99.0,nan,1.0,0,0.0,1.0
45,oracle,none,1.0,100,1.0,17.0,617.8272727272727,0.11408199643493756,1.939393939393939,15.131313131313131,17.0,0.0,99.0,nan,1.0,0,0.0,1.0
46,oracle,none,1.0,99,0.99,19.0,616.4142857142859,0.10096670247046188,1.9183673469387759,16.46938775510204,19.0,0.0,98.0,nan,1.0,0,0.0,1.0
47,oracle,none,1.0,100,1.0,19.0,611.039393939394,0.09675704412546517,1.8383838383838382,16.02020202020202,19.0,0.0,99.0,nan,1.0,0,0.0,1.0
48,oracle,none,1.0,99,0.99,18.0,612.9857142857143,0.10374149659863943,1.8673469387755106,15.0,18.0,0.0,98.0,nan,1.0,0,0.0,1.0
49,oracle,none,1.0,100,1.0,18.0,613.0757575757577,0.10381593714927047,1.8686868686868687,15.121212121212121,18.0,0.0,99.0,nan,1.0,0,0.0,1.0
