net,scheme,overhead,p,nodes,reachable,frame_len,energy_uC,duty_b,radio_on,latency,latency_p95,wasted,granted,removal,service,failed,delayed,pdr
0,bsps,ack,0.0,99,0.99,9.5,576.7255102040816,0.023899033297529536,0.4540816326530611,nan,nan,49.0,49.0,0.5,nan,0,nan,nan
1,bsps,ack,0.0,100,1.0,9.0,576.9626262626263,0.0255331088664422,0.45959595959595956,nan,nan,49.5,49.5,0.5,nan,0,nan,nan
2,bsps,ack,0.0,100,1.0,10.0,576.311111111111,0.022222222222222223,0.4444444444444446,nan,nan,49.5,49.5,0.5,nan,0,nan,nan
3,bsps,ack,0.0,99,0.99,9.0,576.2867346938775,0.02465986394557823,0.4438775510204082,nan,nan,49.0,49.0,0.5,nan,0,nan,nan
4,bsps,ack,0.0,100,1.0,9.5,576.7454545454544,0.02392344497607656,0.45454545454545453,nan,nan,49.5,49.5,0.5,nan,0,nan,nan
5,bsps,ack,0.0,97,0.97,9.5,576.0125,0.02302631578947368,0.4375,nan,nan,48.0,48.0,0.5,nan,0,nan,nan
6,bsps,ack,0.0,100,1.0,10.5,576.9626262626263,0.02188552188552189,0.45959595959595956,nan,nan,49.5,49.5,0.5,nan,0,nan,nan
7,bsps,ack,0.0,100,1.0,9.0,575.8767676767677,0.02413019079685746,0.4343434343434343,nan,nan,49.5,49.5,0.5,nan,0,nan,nan
8,bsps,ack,0.0,100,1.0,11.0,575.4424242424243,0.019283746556473826,0.4242424242424242,nan,nan,49.5,49.5,0.5,nan,0,nan,nan
9,bsps,ack,0.0,100,1.0,10.5,576.0939393939392,0.020923520923520917,0.4393939393939394,nan,nan,49.5,49.5,0.5,nan,0,nan,nan
10,bsps,ack,0.0,100,1.0,11.0,577.179797979798,0.021120293847566578,0.4646464646464646,nan,nan,49.5,49.5,0.5,nan,0,nan,nan
11,bsps,ack,0.0,100,1.0,11.0,576.5282828282828,0.020431588613406795,0.44949494949494956,nan,nan,49.5,49.5,0.5,nan,0,nan,nan
12,bsps,ack,0.0,100,1.0,9.5,576.311111111111,0.02339181286549707,0.4444444444444446,nan,nan,49.5,49.5,0.5,nan,0,nan,nan
13,bsps,ack,0.0,100,1.0,9.0,576.0939393939392,0.024410774410774414,0.4393939393939394,nan,nan,49.5,49.5,0.5,nan,0,nan,nan
14,bsps,ack,0.0,100,1.0,9.0,576.5282828282828,0.024971941638608306,0.44949494949494956,nan,nan,49.5,49.5,0.5,nan,0,nan,nan
15,bsps,ack,0.0,100,1.0,9.0,576.0939393939392,0.024410774410774414,0.4393939393939394,nan,nan,49.5,49.5,0.5,nan,0,nan,nan
16,bsps,ack,0.0,82,0.82,10.0,577.1074074074073,0.023148148148148147,0.46296296296296285,nan,nan,40.5,40.5,0.5,nan,0,nan,nan
17,bsps,ack,0.0,97,0.97,10.0,576.2364583333333,0.022135416666666664,0.44270833333333337,nan,nan,48.0,48.0,0.5,nan,0,nan,nan
18,bsps,ack,0.0,100,1.0,10.0,576.0939393939392,0.02196969696969697,0.4393939393939394,nan,nan,49.5,49.5,0.5,nan,0,nan,nan
19,bsps,ack,0.0,100,1.0,9.5,576.5282828282828,0.02365762892078682,0.44949494949494956,nan,nan,49.5,49.5,0.5,nan,0,nan,nan
20,bsps,ack,0.0,100,1.0,9.0,576.7454545454544,0.025252525252525252,0.45454545454545453,nan,nan,49.5,49.5,0.5,nan,0,nan,nan
21,bsps,ack,0.0,100,1.0,9.0,577.179797979798,0.025813692480359144,0.4646464646464646,nan,nan,49.5,49.5,0.5,nan,0,nan,nan
22,bsps,ack,0.0,97,0.97,8.5,576.9083333333333,0.0269607843137255,0.4583333333333333,nan,nan,48.0,48.0,0.5,nan,0,nan,nan
23,bsps,ack,0.0,97,0.97,9.5,577.35625,0.024671052631578948,0.46875,nan,nan,48.0,48.0,0.5,nan,0,nan,nan
24,bsps,ack,0.0,100,1.0,9.0,577.179797979798,0.025813692480359144,0.4646464646464646,nan,nan,49.5,49.5,0.5,nan,0,nan,nan
25,bsps,ack,0.0,99,0.99,9.0,576.2867346938775,0.02465986394557823,0.4438775510204082,nan,nan,49.0,49.0,0.5,nan,0,nan,nan
26,bsps,ack,0.0,100,1.0,10.0,576.5282828282828,0.022474747474747477,0.44949494949494956,nan,nan,49.5,49.5,0.5,nan,0,nan,nan
27,bsps,ack,0.0,100,1.0,9.5,576.0939393939392,0.023125996810207335,0.4393939393939394,nan,nan,49.5,49.5,0.5,nan,0,nan,nan
28,bsps,ack,0.0,100,1.0,9.0,575.8767676767677,0.02413019079685746,0.4343434343434343,nan,nan,49.5,49.5,0.5,nan,0,nan,nan
29,bsps,ack,0.0,100,1.0,9.0,576.7454545454544,0.025252525252525252,0.45454545454545453,nan,nan,49.5,49.5,0.5,nan,0,nan,nan
30,bsps,ack,0.0,93,0.93,9.5,577.9989130434783,0.02545766590389015,0.483695652173913,nan,nan,46.0,46.0,0.5,nan,0,nan,nan
31,bsps,ack,0.0,100,1.0,8.5,576.7454545454544,0.0267379679144385,0.45454545454545453,nan,nan,49.5,49.5,0.5,nan,0,nan,nan
32,bsps,ack,0.0,100,1.0,10.0,576.5282828282828,0.022474747474747477,0.44949494949494956,nan,nan,49.5,49.5,0.5,nan,0,nan,nan
33,bsps,ack,0.0,100,1.0,9.5,577.179797979798,0.02445507708665604,0.4646464646464646,nan,nan,49.5,49.5,0.5,nan,0,nan,nan
34,bsps,ack,0.0,100,1.0,9.0,576.9626262626263,0.0255331088664422,0.45959595959595956,nan,nan,49.5,49.5,0.5,nan,0,nan,nan
35,bsps,ack,0.0,100,1.0,12.0,574.5737373737373,0.016835016835016838,0.40404040404040403,nan,nan,49.5,49.5,0.5,nan,0,nan,nan
36,bsps,ack,0.0,97,0.97,10.5,576.0125,0.02083333333333333,0.4375,nan,nan,48.0,48.0,0.5,nan,0,nan,nan
37,bsps,ack,0.0,96,0.96,10.5,577.1157894736842,0.02205513784461153,0.4631578947368421,nan,nan,47.5,47.5,0.5,nan,0,nan,nan
38,bsps,ack,0.0,100,1.0,8.5,577.179797979798,0.0273321449792038,0.4646464646464646,nan,nan,49.5,49.5,0.5,nan,0,nan,nan
39,bsps,ack,0.0,100,1.0,9.5,576.311111111111,0.02339181286549707,0.4444444444444446,nan,nan,49.5,49.5,0.5,nan,0,nan,nan
40,bsps,ack,0.0,100,1.0,9.0,577.3969696969696,0.026094276094276097,0.4696969696969697,nan,nan,49.5,49.5,0.5,nan,0,nan,nan
41,bsps,ack,0.0,100,1.0,9.5,576.7454545454544,0.02392344497607656,0.45454545454545453,nan,nan,49.5,49.5,0.5,nan,0,nan,nan
42,bsps,ack,0.0,100,1.0,8.5,576.9626262626263,0.027035056446821144,0.45959595959595956,nan,nan,49.5,49.5,0.5,nan,0,nan,nan
43,bsps,ack,0.0,96,0.96,10.0,576.6631578947369,0.022631578947368426,0.45263157894736844,nan,nan,47.5,47.5,0.5,nan,0,nan,nan
44,bsps,ack,0.0,100,1.0,9.5,576.311111111111,0.02339181286549707,0.4444444444444446,nan,nan,49.5,49.5,0.5,nan,0,nan,nan
45,bsps,ack,0.0,100,1.0,8.5,577.3969696969696,0.027629233511586453,0.4696969696969697,nan,nan,49.5,49.5,0.5,nan,0,nan,nan
46,bsps,ack,0.0,99,0.99,9.5,576.9448979591837,0.024167561761546722,0.4591836734693878,nan,nan,49.0,49.0,0.5,nan,0,nan,nan
47,bsps,ack,0.0,100,1.0,9.5,575.2252525252525,0.022062732589048374,0.4191919191919193,nan,nan,49.5,49.5,0.5,nan,0,nan,nan
48,bsps,ack,0.0,99,0.99,9.0,575.8479591836737,0.02409297052154195,0.4336734693877551,nan,nan,49.0,49.0,0.5,nan,0,nan,nan
49,bsps,ack,0.0,100,1.0,9.0,575.8767676767677,0.02413019079685746,0.4343434343434343,nan,nan,49.5,49.5,0.5,nan,0,nan,nan
0,bsps,ack,0.02,99,0.99,14.428,580.9584775510205,0.041000123635867934,0.5891428571428571,52.4340770791075,115.0,53.36,58.828,0.4951596023024594,0.6688311688311688,0,0.4056795131845842,1.0
1,bsps,ack,0.02,100,1.0,13.784,582.8083474747476,0.046072947640594705,0.6355151515151515,52.03680981595092,115.0,55.404,61.884,0.4939846354544137,0.6504424778761062,0,0.3987730061349693,1.0
2,bsps,ack,0.02,100,1.0,14.792,581.440395959596,0.0409970556214763,0.6047272727272728,49.6804979253112,116.0,55.584,61.928,0.49438354310461496,0.6716101694915254,0,0.37344398340248963,1.0
3,bsps,ack,0.02,99,0.99,13.496,580.6055020408164,0.04305762505801522,0.5810204081632653,50.81528662420382,114.0,54.74,60.116,0.4946513725995618,0.6659751037344398,0,0.4033970276008493,1.0
4,bsps,ack,0.02,100,1.0,13.316,581.3816444444444,0.04533092877611594,0.6008484848484849,49.704819277108435,114.0,53.42,59.48,0.49467072706509324,0.6700819672131147,0,0.3815261044176707,1.0
5,bsps,ack,0.02,97,0.97,14.116,580.9843833333334,0.04205553244073465,0.591875,51.17391304347826,115.0,54.672,60.264,0.49463321689425216,0.6613861386138614,0,0.3995859213250518,1.0
6,bsps,ack,0.02,100,1.0,14.436,581.6168767676768,0.04246635175084373,0.6091717171717171,53.24063116370809,115.0,54.052,60.464,0.49434163227266675,0.6610878661087866,0,0.4161735700197239,1.0
7,bsps,ack,0.02,100,1.0,12.784,580.1513212121212,0.04469643386916114,0.5705858585858586,54.51093439363817,113.0,54.376,59.888,0.4943456162642948,0.6549019607843137,0,0.4393638170974155,1.0
8,bsps,ack,0.02,100,1.0,15.904,579.6083555555556,0.03509476988248919,0.556,47.2635814889336,116.0,55.736,60.752,0.495203998919211,0.6860986547085202,0,0.34808853118712274,1.0
9,bsps,ack,0.02,100,1.0,14.328,580.6285090909091,0.040416361917609694,0.5795555555555555,51.2085020242915,115.0,54.748,60.012,0.4954995499549955,0.6883408071748879,0,0.38866396761133604,1.0
10,bsps,ack,0.02,100,1.0,14.92,582.769701010101,0.04271580916607655,0.6333737373737374,48.44282744282744,116.0,54.696,60.964,0.4950859950859951,0.6808510638297872,0,0.3596673596673597,1.0
11,bsps,ack,0.02,100,1.0,15.148,580.6382464646465,0.038208495618970335,0.5796363636363636,50.571739130434786,116.0,55.2,60.344,0.49519198885867766,0.66270783847981,0,0.3804347826086957,1.0
12,bsps,ack,0.02,100,1.0,13.116,580.6282060606061,0.0443036906019972,0.578989898989899,49.190582959641254,113.0,55.096,60.212,0.4955444605953359,0.6885245901639344,0,0.38565022421524664,1.0
13,bsps,ack,0.02,100,1.0,14.196,581.4054303030305,0.0425419112477936,0.6037575757575757,48.675196850393704,114.0,55.856,62.096,0.49515301273522144,0.6809421841541756,0,0.3720472440944882,1.0
14,bsps,ack,0.02,100,1.0,13.424,581.1743313131313,0.04438788215151851,0.5954747474747475,50.53861003861004,114.0,55.704,61.34,0.49417901902156625,0.6666666666666666,0,0.39768339768339767,1.0
15,bsps,ack,0.02,100,1.0,13.124,580.8814787878788,0.04498081077171986,0.5895757575757575,49.037109375,114.0,55.82,61.62,0.4941066790970234,0.6645962732919255,0,0.3828125,1.0
16,bsps,ack,0.02,82,0.82,13.768,581.0880740740741,0.04306492252603364,0.5925432098765432,52.49604221635884,114.0,44.176,48.764,0.4949967721110394,0.6620111731843575,0,0.41424802110817943,1.0
17,bsps,ack,0.02,97,0.97,15.136,581.1508500000001,0.039253691404305756,0.59375,47.67307692307692,115.0,55.296,60.592,0.4952919020715631,0.6682808716707022,0,0.358974358974359,1.0
18,bsps,ack,0.02,100,1.0,14.664,580.7063717171717,0.039843047224776273,0.5833939393939394,50.80204081632653,115.0,55.78,61.272,0.49447170428524695,0.6516129032258065,0,0.39591836734693875,1.0
19,bsps,ack,0.02,100,1.0,14.592,581.0075555555557,0.04047375772375772,0.5907474747474748,48.81428571428572,114.0,55.924,61.404,0.49498263218834426,0.6784140969162996,0,0.37142857142857144,1.0
20,bsps,ack,0.02,100,1.0,13.168,581.8094909090909,0.04684111006838279,0.6157979797979799,51.169946332737034,114.0,54.116,60.848,0.49385908209437623,0.6584905660377358,0,0.40250447227191416,1.0
21,bsps,ack,0.02,100,1.0,13.504,582.4939070707071,0.046891522114249386,0.6316767676767676,51.12301587301587,114.0,53.384,60.472,0.49493907549481014,0.6707566462167689,0,0.39285714285714285,1.0
22,bsps,ack,0.02,97,0.97,13.192,581.5018375000002,0.04539031385281385,0.599875,49.26741573033708,113.0,53.456,58.548,0.4952509305609036,0.6650717703349283,0,0.38202247191011235,1.0
23,bsps,ack,0.02,97,0.97,14.42,582.7140958333334,0.043916975732600734,0.6342916666666666,45.2521186440678,115.0,53.496,59.708,0.49557460450205587,0.683291770573566,0,0.326271186440678,1.0
24,bsps,ack,0.02,100,1.0,13.252,581.3295797979799,0.045177201922656465,0.5981010101010101,49.52663934426229,113.0,53.996,59.608,0.49524885374443484,0.6784922394678492,0,0.3831967213114754,1.0
25,bsps,ack,0.02,99,0.99,14.044,580.4404244897959,0.04099196915529448,0.5742857142857142,50.62150537634409,114.0,54.78,59.724,0.4953325935113258,0.6612529002320185,0,0.3978494623655914,1.0
26,bsps,ack,0.02,100,1.0,15.504,580.3637737373738,0.03699020797648249,0.5736161616161617,53.151982378854626,116.0,55.116,60.228,0.49533479692645443,0.6745283018867925,0,0.4118942731277533,1.0
27,bsps,ack,0.02,100,1.0,13.308,581.5264888888888,0.04566201475292385,0.6069494949494949,44.40079365079365,113.0,56.428,62.716,0.4950817493021401,0.6828193832599119,0,0.3392857142857143,1.0
28,bsps,ack,0.02,100,1.0,13.588,579.8000161616162,0.041265666992939716,0.559878787878788,47.28448275862069,114.0,54.796,59.86,0.49540989921037426,0.6761229314420804,0,0.3620689655172414,1.0
29,bsps,ack,0.02,100,1.0,14.012,581.4520282828285,0.04286444666444666,0.5996767676767677,52.92407809110629,114.0,56.7,61.976,0.4948015122873346,0.6529680365296804,0,0.41865509761388287,1.0
30,bsps,ack,0.02,93,0.93,12.696,582.9496695652175,0.05031737175867611,0.6369130434782607,47.82142857142857,114.0,50.54,56.068,0.4949905048785279,0.6868475991649269,0,0.36134453781512604,1.0
31,bsps,ack,0.02,100,1.0,12.84,581.0627272727273,0.046100083081901264,0.5907070707070706,50.514583333333334,113.0,54.952,60.372,0.49533792039097163,0.6592427616926503,0,0.3958333333333333,1.0
32,bsps,ack,0.02,100,1.0,14.648,580.7592000000001,0.0400450720666407,0.5843232323232324,48.88912579957356,114.0,55.232,60.696,0.4949654866696219,0.6753812636165577,0,0.3773987206823028,1.0
33,bsps,ack,0.02,100,1.0,14.684,582.9711838383839,0.04367989113283231,0.641010101010101,45.111545988258314,114.0,57.18,63.556,0.4951003581807123,0.6865342163355408,0,0.3287671232876712,1.0
34,bsps,ack,0.02,100,1.0,13.624,581.7027515151516,0.04497482197936743,0.6119191919191919,51.18994413407821,114.0,54.284,60.696,0.4941687944241253,0.6699410609037328,0,0.3947858472998138,1.0
35,bsps,ack,0.02,100,1.0,17.276,578.2414747474747,0.03050015325995718,0.5246868686868688,57.046938775510206,118.0,55.488,60.508,0.4939907326962062,0.6484018264840182,0,0.4387755102040816,1.0
36,bsps,ack,0.02,97,0.97,14.644,579.8411458333334,0.038407863119995465,0.5622916666666667,51.736170212765956,115.0,52.384,57.468,0.4951351996657315,0.6780684104627767,0,0.39787234042553193,1.0
37,bsps,ack,0.02,96,0.96,15.248,582.8383031578948,0.04168725819072568,0.6344421052631579,52.86767895878525,116.0,53.64,59.476,0.4944857078550529,0.6579572446555819,0,0.39913232104121477,1.0
38,bsps,ack,0.02,100,1.0,12.968,581.5528727272728,0.04683811071083799,0.6067070707070706,48.740671641791046,113.0,53.26,59.436,0.49458528951486697,0.6819047619047619,0,0.375,1.0
39,bsps,ack,0.02,100,1.0,13.696,580.7275878787879,0.04266256730989352,0.5842020202020203,47.07171314741036,113.0,55.536,61.0,0.49513250405624665,0.6790393013100436,0,0.36254980079681276,1.0
40,bsps,ack,0.02,100,1.0,13.672,582.3997131313132,0.04591748583825233,0.6234747474747476,50.524109014675055,114.0,54.36,60.292,0.49517315871194223,0.6727688787185355,0,0.389937106918239,1.0
41,bsps,ack,0.02,100,1.0,13.632,580.837494949495,0.04320326373962738,0.589050505050505,52.518095238095235,114.0,53.4,59.304,0.49442259333290345,0.6639511201629328,0,0.4114285714285714,1.0
42,bsps,ack,0.02,100,1.0,13.348,581.6582666666667,0.045359680050589136,0.6046060606060606,51.425,114.0,54.336,59.884,0.4953108941418294,0.6736111111111112,0,0.4022727272727273,1.0
43,bsps,ack,0.02,96,0.96,13.228,581.66808,0.04632057363688942,0.6089263157894736,48.46526315789474,114.0,52.416,58.396,0.49450949463083177,0.6769825918762089,0,0.37684210526315787,1.0
44,bsps,ack,0.02,100,1.0,14.036,580.9351393939395,0.04187637406166817,0.5873131313131315,49.758762886597935,114.0,56.012,61.224,0.4950668165355314,0.6810699588477366,0,0.3835051546391753,1.0
45,bsps,ack,0.02,100,1.0,13.128,582.1865212121212,0.0472712358348722,0.6195555555555555,47.96049896049896,114.0,54.396,60.372,0.4953673915840947,0.6790393013100436,0,0.367983367983368,1.0
46,bsps,ack,0.02,99,0.99,14.08,581.2407795918367,0.04212751215371263,0.593469387755102,47.04385964912281,115.0,54.652,59.768,0.4960911620511462,0.6970443349753694,0,0.3508771929824561,1.0
47,bsps,ack,0.02,100,1.0,14.044,580.2866707070707,0.04089419878002765,0.5743030303030302,43.266666666666666,114.0,56.168,61.812,0.4957731595632265,0.6974248927038627,0,0.32083333333333336,1.0
48,bsps,ack,0.02,99,0.99,13.868,580.1772693877552,0.04127570593672034,0.5711836734693877,52.44532803180915,115.0,54.924,60.256,0.49404326123128117,0.6505263157894737,0,0.4115308151093439,1.0
49,bsps,ack,0.02,100,1.0,13.912,580.339402020202,0.041142570738827426,0.5745858585858586,50.40040650406504,114.0,55.232,60.592,0.4946334364198654,0.6640471512770137,0,0.3943089430894309,1.0
0,bsps,ack,0.05,99,0.99,14.66,583.0485387755101,0.046691573488851876,0.6806938775510205,52.32808811959087,115.0,48.672,61.032,0.48613208842509953,0.660472972972973,0,0.4036191974822974,1.0
1,bsps,ack,0.05,100,1.0,13.964,584.7374303030305,0.05182138401309524,0.7216565656565656,48.32311516155758,115.0,49.548,63.26,0.4874337623012869,0.6740384615384616,0,0.3587406793703397,1.0
2,bsps,ack,0.05,100,1.0,14.968,583.0131636363637,0.04589059165235636,0.6857373737373736,48.851670741646295,115.0,49.696,63.08,0.48645390070921984,0.6765217391304348,0,0.36267318663406684,1.0
3,bsps,ack,0.05,99,0.99,13.632,582.3625020408165,0.04907322422475484,0.6674693877551021,49.67673469387755,114.0,49.372,61.704,0.4865010799136069,0.6680743243243243,0,0.39102040816326533,1.0
4,bsps,ack,0.05,100,1.0,13.576,583.5483636363638,0.051130336241298806,0.6937777777777777,51.31491712707182,114.0,48.48,61.656,0.4856685775229969,0.6578525641025641,0,0.39700078926598265,1.0
5,bsps,ack,0.05,97,0.97,14.596,582.8195583333334,0.04671065233785822,0.6802916666666667,47.13262815296989,115.0,49.3,61.852,0.486660900805003,0.6735028712059065,0,0.3563873067534581,1.0
6,bsps,ack,0.05,100,1.0,14.284,583.3077333333333,0.04827607940682808,0.6875555555555557,49.716902581182346,115.0,49.172,61.932,0.48788110285436487,0.6721162579473207,0,0.37885095753538717,1.0
7,bsps,ack,0.05,100,1.0,13.204,581.9276,0.049679031406304135,0.6543838383838383,48.07655116841257,114.0,49.536,61.772,0.4871368742936914,0.6777133388566694,0,0.37308622078968573,1.0
8,bsps,ack,0.05,100,1.0,15.916,580.9303797979799,0.03965903959970007,0.6286868686868687,50.54042904290429,116.0,50.572,61.88,0.48711795016587844,0.6685133887349953,0,0.3787128712871287,1.0
9,bsps,ack,0.05,100,1.0,14.84,582.1829494949495,0.0444118036298588,0.6526464646464647,50.791217895608945,116.0,50.12,61.44,0.4878196500672948,0.6798245614035088,0,0.3835956917978459,1.0
10,bsps,ack,0.05,100,1.0,15.108,584.7341454545455,0.04755865172257422,0.7164040404040404,48.84502446982056,116.0,49.66,62.592,0.4872174640994269,0.674037674037674,0,0.3646003262642741,1.0
11,bsps,ack,0.05,100,1.0,15.536,582.6967717171717,0.04343294005043231,0.673010101010101,47.69140950792327,115.0,50.372,62.592,0.488077083044503,0.680633147113594,0,0.3502919099249375,1.0
12,bsps,ack,0.05,100,1.0,13.256,582.5494585858586,0.05045149866968049,0.6665050505050506,45.77303754266212,113.0,50.3,62.2,0.4884427420420024,0.6796028880866426,0,0.34897610921501704,1.0
13,bsps,ack,0.05,100,1.0,14.256,582.9446383838383,0.048061449008507826,0.684969696969697,49.3732057416268,114.0,49.612,63.052,0.4869328734412311,0.6635434412265758,0,0.3803827751196172,1.0
14,bsps,ack,0.05,100,1.0,13.456,582.5491232323234,0.04966086473439414,0.6675959595959596,46.59116465863454,114.0,50.456,62.312,0.48708927978758715,0.6776371308016877,0,0.3566265060240964,1.0
15,bsps,ack,0.05,100,1.0,13.432,582.8221333333335,0.05063582074491166,0.67979797979798,45.3522110162917,114.0,50.96,63.704,0.4866448148406444,0.6770025839793282,0,0.34367726920093095,1.0
16,bsps,ack,0.05,82,0.82,13.956,583.2426666666668,0.04926188338410561,0.686716049382716,47.48720573183214,114.0,40.324,50.668,0.4879284146547358,0.6858407079646017,0,0.3602865916069601,1.0
17,bsps,ack,0.05,97,0.97,15.048,582.8656083333334,0.04504335485796883,0.677125,46.757705479452056,115.0,50.248,62.056,0.487701627618422,0.67302192564347,0,0.3501712328767123,1.0
18,bsps,ack,0.05,100,1.0,15.032,582.3628808080808,0.04439734161798145,0.6671919191919191,45.85901639344262,115.0,50.24,62.74,0.48867821579593507,0.6838235294117647,0,0.34262295081967215,1.0
19,bsps,ack,0.05,100,1.0,14.904,582.7225414141416,0.045480964569199867,0.6774545454545455,49.78439259855189,115.0,50.192,62.876,0.4863476615301433,0.665282392026578,0,0.37892196299275943,1.0
20,bsps,ack,0.05,100,1.0,13.288,583.8405292929293,0.05314068776341503,0.7057373737373737,49.586074980872226,114.0,49.04,62.812,0.48560590665853826,0.65642683912692,0,0.3863810252486611,1.0
21,bsps,ack,0.05,100,1.0,13.748,584.5631272727273,0.052572139298609884,0.7211717171717171,49.670597484276726,115.0,47.976,62.224,0.48692479221569024,0.6736053288925895,0,0.37657232704402516,1.0
22,bsps,ack,0.05,97,0.97,13.312,583.517725,0.05203967091935841,0.6924166666666668,46.46110210696921,113.0,47.992,60.288,0.48716393774004446,0.6729939603106126,0,0.35089141004862234,1.0
23,bsps,ack,0.05,97,0.97,14.808,584.8456416666667,0.049154544975041306,0.728375,48.60967472894078,115.0,48.072,61.52,0.487594862813777,0.6730401529636711,0,0.35529608006672225,1.0
24,bsps,ack,0.05,100,1.0,13.652,583.2204202020204,0.050311060250899826,0.685090909090909,48.7992,114.0,48.868,61.364,0.4875860630085541,0.6797502230151651,0,0.372,1.0
25,bsps,ack,0.05,99,0.99,14.436,582.3478734693879,0.04573310025308825,0.6600816326530612,47.634309623430966,114.0,50.656,61.98,0.4875315980050557,0.6702605570530099,0,0.36401673640167365,1.0
26,bsps,ack,0.05,100,1.0,15.62,582.1686262626264,0.0423522875454248,0.6606464646464647,49.24285714285714,115.0,50.2,62.172,0.48694526361217005,0.6727438468550593,0,0.37142857142857144,1.0
27,bsps,ack,0.05,100,1.0,13.62,583.2089373737373,0.050912545367090827,0.6927272727272727,46.94440031771247,114.0,50.016,63.728,0.48653926628539546,0.6660929432013769,0,0.36298649722001586,1.0
28,bsps,ack,0.05,100,1.0,13.476,581.6077535353536,0.04778030061639687,0.644848484848485,46.48989898989899,114.0,49.924,61.6,0.4883456128600134,0.6785046728971963,0,0.3560606060606061,1.0
29,bsps,ack,0.05,100,1.0,14.456,583.1487393939395,0.047280120641885345,0.6831515151515152,47.37080536912752,114.0,51.568,63.596,0.4869786152868939,0.666049953746531,0,0.35906040268456374,1.0
30,bsps,ack,0.05,93,0.93,12.864,584.6891739130434,0.055648133750307666,0.714304347826087,50.226003490401396,114.0,45.948,57.332,0.4866607228585145,0.6680923866552609,0,0.3830715532286213,1.0
31,bsps,ack,0.05,100,1.0,13.096,583.078602020202,0.05205148857876131,0.6805656565656566,49.16816326530612,114.0,50.136,62.464,0.4869880976397014,0.662533215234721,0,0.3795918367346939,1.0
32,bsps,ack,0.05,100,1.0,14.648,582.6257010101011,0.04595283384008874,0.6712727272727272,49.08360927152318,114.0,50.372,62.616,0.486857825567503,0.6663851351351351,0,0.3758278145695364,1.0
33,bsps,ack,0.05,100,1.0,14.916,584.5470262626263,0.048359484633014045,0.7207272727272728,47.32244897959184,114.0,51.216,64.532,0.48713962690785756,0.6666666666666666,0,0.34938775510204084,1.0
34,bsps,ack,0.05,100,1.0,13.86,583.5472888888889,0.05051131436398816,0.6994343434343434,51.02947845804989,114.0,48.52,62.168,0.48586136890951276,0.6688741721854304,0,0.3900226757369615,1.0
35,bsps,ack,0.05,100,1.0,17.856,579.8018464646465,0.033919785658532264,0.6035151515151514,49.27115858668858,118.0,51.504,62.772,0.48779750661125804,0.6758620689655173,0,0.35661462612982747,1.0
36,bsps,ack,0.05,97,0.97,14.984,581.4426125,0.04302088289909981,0.6425,50.41887417218543,115.0,47.64,59.092,0.4871410736579276,0.6739837398373983,0,0.3832781456953642,1.0
37,bsps,ack,0.05,96,0.96,15.468,584.8461136842105,0.046970786131653,0.7256842105263158,50.37910699241786,116.0,47.94,61.02,0.4869196323356116,0.6748285994123409,0,0.37152485256950296,1.0
38,bsps,ack,0.05,100,1.0,13.18,583.3929333333333,0.052194769876588054,0.6872727272727273,50.1245011971269,114.0,48.828,61.24,0.48698495748855464,0.6735537190082644,0,0.38786911412609737,1.0
39,bsps,ack,0.05,100,1.0,13.972,582.3288,0.04756019992089511,0.6625858585858586,47.115606936416185,114.0,50.62,62.476,0.48689509007417875,0.6703196347031963,0,0.3592072667217176,1.0
40,bsps,ack,0.05,100,1.0,13.536,584.7237171717172,0.05330741785447668,0.7189494949494949,48.51292407108239,114.0,49.528,62.64,0.4873117975542518,0.6727107887579329,0,0.3651050080775444,1.0
41,bsps,ack,0.05,100,1.0,13.828,582.5527919191919,0.04847239444057626,0.6709090909090909,51.662460567823345,114.0,48.2,60.792,0.4868145949956161,0.6675191815856778,0,0.3998422712933754,1.0
42,bsps,ack,0.05,100,1.0,13.616,583.9931636363636,0.051403332189695825,0.6985454545454545,49.408145580589256,114.0,50.388,62.604,0.4879194630872483,0.6772727272727272,0,0.37954939341421146,1.0
43,bsps,ack,0.05,96,0.96,13.596,583.3209684210527,0.05097836108164282,0.6905263157894738,48.87244480784955,114.0,46.652,59.428,0.48684544992374174,0.6653481012658228,0,0.3802125919869174,1.0
44,bsps,ack,0.05,100,1.0,14.032,582.5915353535354,0.04760921906376452,0.6672323232323232,46.20280296784831,114.0,51.08,62.748,0.48789401553220646,0.6898895497026338,0,0.34707337180544107,1.0
45,bsps,ack,0.05,100,1.0,13.16,584.2935474747475,0.054103527448981996,0.7113131313131313,46.79454253611557,114.0,49.24,62.348,0.48812327568804253,0.6830553116769096,0,0.3547351524879615,1.0
46,bsps,ack,0.05,99,0.99,14.688,583.0924448979592,0.04634991003394365,0.6802857142857144,48.70118845500849,115.0,49.892,61.792,0.4873163293595786,0.6697761194029851,0,0.3633276740237691,1.0
47,bsps,ack,0.05,100,1.0,14.296,581.7278707070708,0.04571150063048458,0.652040404040404,48.17922948073702,114.0,50.364,62.86,0.4876342436330163,0.6680497925311203,0,0.3685092127303183,1.0
48,bsps,ack,0.05,99,0.99,14.272,581.8491632653062,0.045599527943045344,0.6488163265306123,47.55112219451372,115.0,50.66,61.968,0.48698858892290564,0.6728723404255319,0,0.3574397339983375,1.0
49,bsps,ack,0.05,100,1.0,14.116,581.999187878788,0.046375718725718724,0.6536969696969698,47.11055276381909,114.0,50.504,62.22,0.48858620254761004,0.6733800350262698,0,0.35845896147403683,1.0
0,bsps,ack,0.1,99,0.99,14.896,585.5284775510205,0.05286654716831787,0.7840408163265306,48.64570737605804,115.0,43.128,63.388,0.47305389221556887,0.672514619883041,0,0.3651753325272068,1.0
1,bsps,ack,0.1,100,1.0,14.336,587.4108202020202,0.05808289862247081,0.8305050505050505,45.65917761763459,115.0,43.648,65.848,0.4748476229175132,0.6832904884318766,0,0.3293768545994065,1.0
2,bsps,ack,0.1,100,1.0,15.252,585.8617737373737,0.05309635993174317,0.8077171717171718,47.7708,116.0,43.168,65.932,0.471385658168374,0.6713718570798412,0,0.3508,1.0
3,bsps,ack,0.1,99,0.99,13.916,584.8880081632655,0.05599824942964199,0.7781632653061225,45.44073319755601,114.0,43.42,64.196,0.4733085718447309,0.6817981489643015,0,0.3446028513238289,1.0
4,bsps,ack,0.1,100,1.0,13.988,586.0997737373738,0.057232491582491586,0.7985858585858585,49.3946098149638,114.0,42.692,64.02,0.4721601959230714,0.6696239966201943,0,0.37610619469026546,1.0
5,bsps,ack,0.1,97,0.97,14.764,585.2541583333333,0.05386956467075953,0.7935,45.3941908713693,115.0,42.524,63.98,0.4732495511669659,0.6778494623655914,0,0.3390041493775934,1.0
6,bsps,ack,0.1,100,1.0,14.888,586.0434181818182,0.05412363194654216,0.8027474747474748,48.2522159548751,116.0,42.916,64.556,0.4718999547988549,0.6657681940700808,0,0.3589846897663175,1.0
7,bsps,ack,0.1,100,1.0,13.424,584.2107474747474,0.05642968091524241,0.7559191919191919,45.90596238495398,114.0,43.736,63.976,0.47323094588775655,0.6809153713298791,0,0.34973989595838334,1.0
8,bsps,ack,0.1,100,1.0,16.3,583.3332767676768,0.04527923197278203,0.7356767676767677,49.29299627020307,116.0,45.204,64.636,0.47303157093952075,0.6636579572446556,0,0.3626191462909242,1.0
9,bsps,ack,0.1,100,1.0,15.26,584.8644444444445,0.05027664606036404,0.7615757575757576,49.28684101286841,117.0,44.796,64.228,0.47390547984923165,0.6710526315789473,0,0.36488169364881695,1.0
10,bsps,ack,0.1,100,1.0,15.368,587.3933010101011,0.053740776200064136,0.8224646464646465,47.92507204610951,117.0,43.572,64.86,0.4730068178655906,0.6712962962962963,0,0.35364347468093865,1.0
11,bsps,ack,0.1,100,1.0,16.084,585.3181616161617,0.0490647707316954,0.7869090909090909,47.19732576985413,116.0,44.544,65.476,0.4729567307692308,0.6736745886654479,0,0.3395461912479741,1.0
12,bsps,ack,0.1,100,1.0,13.912,585.1391313131314,0.05642121033386631,0.7814141414141414,44.61252045826514,114.0,43.536,64.62,0.47443222396800455,0.6841637010676157,0,0.3342880523731588,1.0
13,bsps,ack,0.1,100,1.0,14.544,585.4604080808081,0.05477770747770748,0.7962424242424242,46.031312725812924,115.0,43.136,65.404,0.47269991401547723,0.6708805579773321,0,0.3436370935367322,1.0
14,bsps,ack,0.1,100,1.0,13.78,585.0650464646466,0.05667019647019647,0.7799191919191919,45.64750499001996,114.0,43.932,64.648,0.47308822475453305,0.675663909447105,0,0.3445109780439122,1.0
15,bsps,ack,0.1,100,1.0,13.608,585.1762262626262,0.05794679848770758,0.7866666666666665,44.670967741935485,114.0,44.36,65.776,0.4735931387300632,0.6807065217391305,0,0.3342741935483871,1.0
16,bsps,ack,0.1,82,0.82,14.216,585.8332148148148,0.05626363961222349,0.7980246913580247,46.01324503311258,115.0,35.344,52.72,0.47433676725316803,0.6833239752947782,0,0.3433520122261844,1.0
17,bsps,ack,0.1,97,0.97,15.392,585.5959208333334,0.05197882202560511,0.7995416666666666,44.92937735060593,115.0,43.572,64.704,0.47383743803603745,0.6766291033806957,0,0.32720434600919346,1.0
18,bsps,ack,0.1,100,1.0,15.332,584.705292929293,0.05053816074992546,0.7734949494949496,45.224937862468934,115.0,44.12,65.056,0.47496139422016326,0.6843328684332869,0,0.33305716652858325,1.0
19,bsps,ack,0.1,100,1.0,15.284,585.2107515151516,0.0516015109931331,0.7883636363636364,47.24158653846154,115.0,43.848,65.22,0.4721917708104948,0.6689684937419076,0,0.3505608974358974,1.0
20,bsps,ack,0.1,100,1.0,13.572,586.4403474747476,0.06018251087395472,0.8153535353535354,45.83720930232558,114.0,42.884,65.244,0.4730569569350004,0.6784330606973741,0,0.34647221127315725,1.0
21,bsps,ack,0.1,100,1.0,14.004,587.2487151515152,0.0593980859900646,0.8286464646464646,48.574939564867044,115.0,42.164,64.696,0.4724047306176084,0.6715899218071243,0,0.36341659951651895,1.0
22,bsps,ack,0.1,97,0.97,13.636,585.870075,0.05811122835497836,0.792125,46.25554161438728,114.0,42.42,62.356,0.4740156340474812,0.6758241758241759,0,0.3467168548724383,1.0
23,bsps,ack,0.1,97,0.97,15.04,587.4957375,0.055814546860410826,0.8394583333333334,45.67359667359668,116.0,41.68,63.676,0.47471092582395974,0.6818851251840943,0,0.32432432432432434,1.0
24,bsps,ack,0.1,100,1.0,13.992,585.9838101010101,0.05727355329360677,0.8002020202020201,47.42965627498002,114.0,42.972,64.144,0.4733594220349187,0.6821880650994575,0,0.35531574740207833,1.0
25,bsps,ack,0.1,99,0.99,14.612,584.8214653061226,0.05297598509933444,0.7740408163265307,45.15343698854337,114.0,43.792,64.204,0.47405764966740577,0.6864864864864865,0,0.33797054009819966,1.0
26,bsps,ack,0.1,100,1.0,16.024,584.7455515151515,0.048483662750123016,0.7757171717171717,47.15752285951787,116.0,44.068,64.852,0.473782046317094,0.6768788894207755,0,0.34663341645885287,1.0
27,bsps,ack,0.1,100,1.0,13.804,585.6718747474748,0.05819140796814593,0.8012121212121213,43.7520325203252,114.0,43.88,66.172,0.4738817172020414,0.6764705882352942,0,0.3288617886178862,1.0
28,bsps,ack,0.1,100,1.0,13.932,583.9948080808081,0.05417678322865489,0.7538989898989898,47.055350553505534,114.0,43.692,64.032,0.473965866358114,0.6685082872928176,0,0.35834358343583433,1.0
29,bsps,ack,0.1,100,1.0,14.644,585.6850262626263,0.054596570858335566,0.7987474747474749,44.793760129659645,114.0,44.348,65.7,0.4742661075104842,0.6852459016393443,0,0.33144246353322526,1.0
30,bsps,ack,0.1,93,0.93,13.16,587.4191652173913,0.0627069546892437,0.8223478260869566,47.78481012658228,114.0,40.592,59.624,0.47321627028228497,0.677762982689747,0,0.35704932343954604,1.0
31,bsps,ack,0.1,100,1.0,13.404,585.7325050505052,0.059233681974591064,0.7927676767676767,44.858289843436374,114.0,43.856,64.892,0.4739560599447112,0.6805678793256433,0,0.33360096346848656,1.0
32,bsps,ack,0.1,100,1.0,15.12,585.1488,0.05197123373181634,0.7834343434343434,45.55378323108384,115.0,44.18,65.132,0.4745084018591348,0.6794701986754967,0,0.3361963190184049,1.0
33,bsps,ack,0.1,100,1.0,15.092,587.2434424242425,0.055567129783796444,0.8377777777777778,44.006152584085314,115.0,44.256,66.856,0.47476976938884236,0.6830885836096636,0,0.31460213289581623,1.0
34,bsps,ack,0.1,100,1.0,14.056,586.2284848484849,0.05766773075409439,0.8096565656565656,46.44774951076321,114.0,43.0,64.888,0.47315096251266464,0.6814200092208391,0,0.34285714285714286,1.0
35,bsps,ack,0.1,100,1.0,18.416,582.0600242424243,0.039086046509529015,0.7158383838383838,49.38013136288998,118.0,45.18,65.388,0.47307692307692306,0.6729064039408867,0,0.35344827586206895,1.0
36,bsps,ack,0.1,97,0.97,15.408,583.6767833333334,0.04857567381305771,0.7465,49.559918200409,116.0,41.776,61.328,0.4729410174988177,0.6749693752552062,0,0.37014314928425357,1.0
37,bsps,ack,0.1,96,0.96,16.0,587.7912842105263,0.052914313540459855,0.844378947368421,47.41934139224677,117.0,41.892,63.732,0.47227891156462587,0.6738693467336684,0,0.338474364318466,1.0
38,bsps,ack,0.1,100,1.0,13.496,586.0979717171718,0.059044562340016885,0.796,46.83098591549296,114.0,43.612,64.068,0.47358757062146895,0.6790598290598291,0,0.3517102615694165,1.0
39,bsps,ack,0.1,100,1.0,14.172,584.9256242424243,0.05506173413633307,0.7793939393939395,45.480176211453745,114.0,44.128,65.128,0.4734949896733726,0.6830500689021589,0,0.34120945134160996,1.0
40,bsps,ack,0.1,100,1.0,13.82,587.3861171717173,0.06000972197736904,0.826060606060606,46.86114445778311,114.0,43.472,64.944,0.4729316409236886,0.6758747697974218,0,0.3465386154461785,1.0
41,bsps,ack,0.1,100,1.0,14.164,585.1161212121214,0.05484591954886072,0.7757575757575758,47.19927536231884,114.0,43.004,63.428,0.47462426486604226,0.6856757970363718,0,0.3522544283413849,1.0
42,bsps,ack,0.1,100,1.0,13.816,586.5009454545456,0.05829977844496561,0.8037171717171717,47.555650319829425,114.0,44.084,64.732,0.47457258765575194,0.6753187613843351,0,0.35863539445629,1.0
43,bsps,ack,0.1,96,0.96,13.864,585.784345263158,0.05780536610276548,0.7961684210526316,45.0008173273396,115.0,40.828,61.596,0.47390081624254066,0.6836018174308137,0,0.3408255006129955,1.0
44,bsps,ack,0.1,100,1.0,14.504,584.9713818181818,0.053328052666287956,0.7724848484848486,45.66803784450843,115.0,44.996,65.016,0.4750421822272216,0.6845342706502636,0,0.3364870423693953,1.0
45,bsps,ack,0.1,100,1.0,13.564,587.0839636363636,0.060936134908862176,0.825090909090909,46.741640127388536,114.0,43.028,64.888,0.4725098439550824,0.6723534558180227,0,0.3515127388535032,1.0
46,bsps,ack,0.1,99,0.99,14.904,585.5609265306123,0.05294773960866398,0.7873469387755101,48.38530161427358,115.0,44.02,64.144,0.4741405082212257,0.6745283018867925,0,0.35811384876805435,1.0
47,bsps,ack,0.1,100,1.0,14.52,584.04957979798,0.052341425168876146,0.7584242424242423,44.73716632443532,114.0,43.956,65.064,0.4751651254953765,0.6851694915254237,0,0.3322381930184805,1.0
48,bsps,ack,0.1,99,0.99,14.5,583.9114244897959,0.05152057239812342,0.7444489795918368,47.672172808132146,115.0,45.12,64.06,0.47362119284591786,0.6710341600374357,0,0.3570520965692503,1.0
49,bsps,ack,0.1,100,1.0,14.296,584.5648242424243,0.05391750852633206,0.7691313131313131,46.14831189710611,114.0,43.692,64.636,0.47359781121751027,0.6756302521008404,0,0.34686495176848875,1.0
0,bsps,ack,0.15,99,0.99,15.472,587.8071795918369,0.056689984198807726,0.8736734693877551,45.612972972972976,116.0,38.828,65.696,0.4591657343774972,0.6829419035846724,0,0.33054054054054055,1.0
1,bsps,ack,0.15,100,1.0,14.728,589.8061010101012,0.06285505361147072,0.9237979797979798,45.38520971302428,116.0,39.04,68.248,0.458719646799117,0.6813675213675213,0,0.32229580573951433,1.0
2,bsps,ack,0.15,100,1.0,15.54,587.9625777777778,0.057734357182396404,0.8953131313131314,45.49100188020414,116.0,38.32,67.904,0.4565814669885938,0.678604507564063,0,0.32527531560569434,1.0
3,bsps,ack,0.15,99,0.99,14.168,587.0595836734694,0.061471445501277436,0.8696326530612246,43.11880108991826,114.0,38.66,66.364,0.45958048550553854,0.6884744726383369,0,0.3198910081743869,1.0
4,bsps,ack,0.15,100,1.0,14.168,588.3052121212122,0.06245282335674493,0.8823030303030303,45.777152051488336,115.0,38.972,66.372,0.4578378798476723,0.6780963641738103,0,0.33681952266023063,1.0
5,bsps,ack,0.15,97,0.97,14.928,587.1896916666668,0.0589119377932797,0.8775416666666667,44.82859531772575,115.0,37.744,65.696,0.45802593771841266,0.6780314260302401,0,0.33082497212931994,1.0
6,bsps,ack,0.15,100,1.0,15.104,588.3685777777778,0.05947141512294434,0.8957575757575758,46.122003196590306,116.0,38.376,66.948,0.45720591841739555,0.6776859504132231,0,0.33564198188598826,1.0
7,bsps,ack,0.15,100,1.0,13.732,586.3793050505051,0.061639099274660776,0.844,45.1055900621118,114.0,39.628,66.42,0.45775359502526236,0.6815361890694239,0,0.33918444504455847,1.0
8,bsps,ack,0.15,100,1.0,16.784,585.5473858585859,0.04981029548939766,0.831959595959596,45.45055540503928,116.0,40.216,67.064,0.4600279352559362,0.6823644040272816,0,0.3207802763478732,1.0
9,bsps,ack,0.15,100,1.0,15.512,586.8989252525253,0.05477465185313483,0.8451313131313132,46.52078713968958,117.0,40.38,66.26,0.46051602814698983,0.684423676012461,0,0.3353658536585366,1.0
10,bsps,ack,0.15,100,1.0,15.78,589.7074747474747,0.05807761290041992,0.9116363636363637,45.40677966101695,117.0,38.944,67.016,0.4597718402882017,0.6859311150029188,0,0.32586112629852376,1.0
11,bsps,ack,0.15,100,1.0,16.44,587.4070505050506,0.05339835715253672,0.8748282828282828,45.516163793103445,117.0,39.688,67.46,0.4590776226047418,0.6868718592964824,0,0.3203125,1.0
12,bsps,ack,0.15,100,1.0,14.032,587.3638222222223,0.062332133453791204,0.8718383838383839,42.81854730635219,114.0,39.172,67.02,0.46023166023166023,0.69,0,0.3146609488072903,1.0
13,bsps,ack,0.15,100,1.0,14.864,587.4421010101012,0.059213936172759704,0.8783838383838384,44.25890928725702,115.0,38.64,67.296,0.45874255664681773,0.6800241036456764,0,0.32370410367170627,1.0
14,bsps,ack,0.15,100,1.0,14.16,587.4247757575758,0.06187088695618107,0.8752323232323233,43.03602419142782,114.0,39.344,67.128,0.45933758357953663,0.6921487603305785,0,0.316066263476203,1.0
15,bsps,ack,0.15,100,1.0,13.996,587.482985858586,0.06334388983961176,0.8835151515151515,42.19684625492773,114.0,39.296,68.124,0.4582889016487573,0.691145361136295,0,0.3061760840998686,1.0
16,bsps,ack,0.15,82,0.82,14.58,588.173387654321,0.06115712015733801,0.8899753086419753,44.943295530353566,115.0,31.74,54.68,0.45824665676077264,0.6828625235404896,0,0.3295530353569046,1.0
17,bsps,ack,0.15,97,0.97,15.724,587.6769416666666,0.05666344845349296,0.8896666666666665,42.658618753509266,115.0,38.54,66.564,0.46132994493858537,0.6886247877758913,0,0.30235822571588994,1.0
18,bsps,ack,0.15,100,1.0,15.616,586.9167111111111,0.055672616892581246,0.867959595959596,44.50459459459459,115.0,39.148,67.34,0.4585268214571657,0.6809815950920245,0,0.32432432432432434,1.0
19,bsps,ack,0.15,100,1.0,15.552,587.3694545454546,0.056579305879305875,0.879070707070707,44.26195593766792,115.0,39.132,67.404,0.458974966437653,0.6892418339826191,0,0.3186458893068243,1.0
20,bsps,ack,0.15,100,1.0,13.768,588.3662585858586,0.06495887984069802,0.8934141414141413,43.67129877071085,114.0,38.6,67.028,0.45983053506982585,0.6843884449907806,0,0.32282202030999463,1.0
21,bsps,ack,0.15,100,1.0,14.268,589.4163434343436,0.06415323484200489,0.9124040404040404,45.28259698275862,115.0,38.1,66.856,0.4598080855749567,0.6865489957395009,0,0.3286637931034483,1.0
22,bsps,ack,0.15,97,0.97,13.96,588.0496291666668,0.06297590534465534,0.8788333333333334,44.24287311347121,114.0,38.108,64.416,0.4605232331120656,0.6826291079812207,0,0.3242034656232532,1.0
23,bsps,ack,0.15,97,0.97,15.324,589.8480625000001,0.060620396107160815,0.9292916666666667,44.003921568627455,116.0,37.516,65.92,0.4609203180510912,0.6837431693989071,0,0.30392156862745096,1.0
24,bsps,ack,0.15,100,1.0,14.204,588.2706141414142,0.06267763025249656,0.8884040404040404,43.50754716981132,114.0,38.8,66.444,0.4609337007618739,0.6963946869070209,0,0.3137466307277628,1.0
25,bsps,ack,0.15,99,0.99,14.952,586.9223755102041,0.05753867371124274,0.859591836734694,44.48222100656455,114.0,39.552,66.328,0.45850655580428523,0.6813695249845774,0,0.3276805251641138,1.0
26,bsps,ack,0.15,100,1.0,16.404,586.8840444444446,0.05267667321403133,0.8641212121212122,45.086824696802644,116.0,39.704,67.108,0.45978742991045274,0.6860045886594559,0,0.32331863285556783,1.0
27,bsps,ack,0.15,100,1.0,14.104,587.8041414141414,0.06335470658607914,0.892040404040404,42.721368903260576,114.0,38.892,68.272,0.4586686174103877,0.6818892711917423,0,0.31689571544058204,1.0
28,bsps,ack,0.15,100,1.0,14.292,586.2874464646466,0.059544620194620194,0.849090909090909,44.66351095482824,114.0,38.904,66.436,0.45933841439459416,0.6834708218759548,0,0.331890722207195,1.0
29,bsps,ack,0.15,100,1.0,14.944,588.0713575757577,0.060090252449075975,0.897090909090909,42.714361420243776,114.0,39.164,68.016,0.45990546479807615,0.6953932936383579,0,0.307631160572337,1.0
30,bsps,ack,0.15,93,0.93,13.46,589.8029347826089,0.06796666810384842,0.9115217391304348,45.450536698578475,114.0,36.564,61.712,0.45944866160607273,0.6853168469860896,0,0.3307223672758921,1.0
31,bsps,ack,0.15,100,1.0,13.492,587.8948686868688,0.06542842696024513,0.8816969696969696,43.30487804878049,114.0,39.3,67.1,0.4597565763643502,0.6857580398162327,0,0.3176151761517615,1.0
32,bsps,ack,0.15,100,1.0,15.356,587.3956686868687,0.05718651823275146,0.8762828282828283,42.91477885652643,115.0,39.488,67.44,0.4607471575527883,0.6934658235471244,0,0.307982740021575,1.0
33,bsps,ack,0.15,100,1.0,15.492,589.5558303030305,0.0601604868261731,0.9312323232323233,44.38106861947383,115.0,39.324,69.036,0.4571333995365773,0.6743524952621605,0,0.3148901545972335,1.0
34,bsps,ack,0.15,100,1.0,14.388,588.4776686868687,0.062476367858720794,0.8982626262626262,44.240912708941366,115.0,38.708,67.16,0.4591682101363866,0.6896220371556694,0,0.31759087291058635,1.0
35,bsps,ack,0.15,100,1.0,18.96,584.1562181818183,0.04303200072807957,0.8128080808080809,46.53798323871317,119.0,40.22,67.884,0.45894960588079003,0.6853666779317337,0,0.32089753987564207,1.0
36,bsps,ack,0.15,97,0.97,15.72,585.5802041666666,0.05274819427236707,0.8272083333333333,45.587932900432904,116.0,37.804,63.328,0.4607535893885285,0.6919807310852932,0,0.32765151515151514,1.0
37,bsps,ack,0.15,96,0.96,16.18,589.9558189473686,0.05754629007224738,0.9286315789473684,44.873363688104725,117.0,37.912,65.82,0.45908841295991215,0.6813031161473088,0,0.3118952760387023,1.0
38,bsps,ack,0.15,100,1.0,13.74,588.2759474747475,0.0643470279769745,0.8821414141414141,45.30251202565473,114.0,39.204,66.176,0.4588899916024124,0.6830344016465746,0,0.33431320149652594,1.0
39,bsps,ack,0.15,100,1.0,14.588,586.9892000000001,0.05969986941163412,0.8686464646464647,43.69634764062916,114.0,39.292,67.248,0.45952420287460766,0.6876590330788804,0,0.3199146894161557,1.0
40,bsps,ack,0.15,100,1.0,14.26,589.8302262626262,0.0646886755582834,0.9185050505050505,45.9876244283024,115.0,39.28,67.468,0.457145225464191,0.674827369742624,0,0.3346785041700296,1.0
41,bsps,ack,0.15,100,1.0,14.54,587.2655555555555,0.059338366354052624,0.8613333333333333,44.96667569764291,114.0,38.88,65.676,0.4603832616347282,0.6855365474339036,0,0.32646979138444865,1.0
42,bsps,ack,0.15,100,1.0,14.016,588.7804323232324,0.06387499961911727,0.8932929292929292,44.858580212409166,114.0,39.312,66.836,0.460093896713615,0.6838509316770186,0,0.3303521520402459,1.0
43,bsps,ack,0.15,96,0.96,14.204,587.7852547368421,0.06200263434192226,0.8755368421052631,43.8127600554785,115.0,36.976,63.496,0.46022937476877546,0.6898134863701578,0,0.3264909847434119,1.0
44,bsps,ack,0.15,100,1.0,14.716,587.1212606060608,0.05866683229624406,0.8621818181818183,45.28098951331003,115.0,40.032,67.032,0.45753487659052583,0.6797915460335843,0,0.3310029577843506,1.0
45,bsps,ack,0.15,100,1.0,13.784,589.3562707070707,0.06637039153162148,0.9130505050505051,45.20182992465016,114.0,38.596,67.056,0.4579365703942709,0.6753720012146979,0,0.3353067814854682,1.0
46,bsps,ack,0.15,99,0.99,15.22,587.706130612245,0.057665794341642575,0.8765306122448979,46.051520270270274,115.44999999999982,39.32,66.232,0.4591622189875465,0.6799617102744097,0,0.3322072072072072,1.0
47,bsps,ack,0.15,100,1.0,14.732,586.0702141414142,0.05757665446390937,0.8468282828282828,44.26672017121455,114.0,38.912,67.056,0.4582045568892403,0.6799553944800669,0,0.32504012841091495,1.0
48,bsps,ack,0.15,99,0.99,14.76,586.005248979592,0.056650043533897076,0.833591836734694,44.59932470455824,115.0,40.564,66.284,0.46022268839761177,0.6838377334191886,0,0.3241418120427687,1.0
49,bsps,ack,0.15,100,1.0,14.62,586.4315353535354,0.05815686045980163,0.8486868686868687,44.58882833787466,114.0,39.192,66.428,0.46041682008984464,0.6843028354282373,0,0.32779291553133516,1.0
0,bsps,ack,0.2,99,0.99,15.704,589.8327224489797,0.060883528319752814,0.9513469387755101,43.82486333265843,116.0,35.416,67.868,0.4437716262975779,0.6897374701670644,0,0.31038671795910105,1.0
1,bsps,ack,0.2,100,1.0,15.008,591.85578989899,0.06710607765509727,1.0045252525252524,43.06787703734268,116.0,35.008,70.328,0.4450586105022396,0.6915091828586638,0,0.2972972972972973,1.0
2,bsps,ack,0.2,100,1.0,15.94,589.8815878787879,0.061094221441899466,0.9725252525252526,41.52402099313686,116.0,34.836,70.096,0.44547729710404005,0.7006400787789266,0,0.2823980621719822,1.0
3,bsps,ack,0.2,99,0.99,14.308,588.864318367347,0.06591713773421456,0.9410204081632653,41.9233606557377,114.0,35.104,68.128,0.4442556084296397,0.6897448015122873,0,0.30655737704918035,1.0
4,bsps,ack,0.2,100,1.0,14.584,590.4077090909091,0.06607694074262702,0.9606060606060606,43.80883242589232,115.0,35.568,68.6,0.44258010118043845,0.6881548974943053,0,0.313571284533172,1.0
5,bsps,ack,0.2,97,0.97,15.268,588.9236500000002,0.06230459266055725,0.9485416666666666,41.9726200505476,115.0,33.988,67.276,0.444816333361225,0.6929518492672715,0,0.30054759898904804,1.0
6,bsps,ack,0.2,100,1.0,15.296,590.2933818181818,0.06351749959133861,0.9690101010101009,43.38983390034021,115.0,35.224,69.04,0.44398449885502905,0.6939218523878437,0,0.30518310986591957,1.0
7,bsps,ack,0.2,100,1.0,13.868,588.1620161616162,0.06619158170013785,0.9154343434343434,43.35304840996557,114.0,36.2,68.324,0.4420857552017522,0.6864580954555835,0,0.31962730403078793,1.0
8,bsps,ack,0.2,100,1.0,17.064,587.3423676767677,0.053298688764891036,0.9074343434343434,43.33123476848091,117.0,36.536,69.112,0.4453138893828917,0.6928071928071928,0,0.2971161657189277,1.0
9,bsps,ack,0.2,100,1.0,15.768,588.839886868687,0.05885768517306185,0.9236363636363636,45.16530278232406,116.0,36.612,68.388,0.4437266235974158,0.6848441926345609,0,0.3199672667757774,1.0
10,bsps,ack,0.2,100,1.0,16.04,591.654977777778,0.061778182246603294,0.98610101010101,42.65673154906732,117.0,35.44,69.02,0.44585262815825816,0.7009682503940554,0,0.2962287104622871,1.0
11,bsps,ack,0.2,100,1.0,16.748,589.2568363636365,0.05677055326472251,0.9487676767676768,43.952090946000816,117.0,36.264,69.516,0.4444541714085617,0.6904586705911209,0,0.30105562322371093,1.0
12,bsps,ack,0.2,100,1.0,14.2,589.3436161616163,0.06711803523274112,0.9511111111111111,42.152927120669055,114.0,35.116,68.992,0.4428896569164629,0.6913608388420333,0,0.30605336519315013,1.0
13,bsps,ack,0.2,100,1.0,15.04,589.3477858585859,0.063508176609157,0.9541818181818181,41.70286178201746,115.0,35.064,69.348,0.44515859766277127,0.6932084309133489,0,0.29632636492794806,1.0
14,bsps,ack,0.2,100,1.0,14.18,589.1735353535354,0.06676710315827962,0.9452121212121213,41.7258257063271,114.0,35.908,68.932,0.4434255909817448,0.6928718771487509,0,0.30202944687624356,1.0
15,bsps,ack,0.2,100,1.0,14.164,589.3657050505051,0.06780973721267838,0.957939393939394,40.853446573177955,114.0,35.86,70.18,0.4417194328012129,0.6941917424772568,0,0.2907367173612483,1.0
16,bsps,ack,0.2,82,0.82,14.8,590.0096345679012,0.06509081615552204,0.9606913580246912,42.4091701968602,115.0,29.064,56.212,0.44588836812952704,0.6983938132064248,0,0.3017692499377025,1.0
17,bsps,ack,0.2,97,0.97,15.912,589.5824833333334,0.060851214586711874,0.96725,41.50883095037847,115.25,34.532,68.34,0.44492540062626634,0.6921891058581706,0,0.28973927670311184,1.0
18,bsps,ack,0.2,100,1.0,15.988,588.7602828282828,0.05907492123936912,0.9430707070707071,41.85644768856448,115.0,35.604,69.38,0.44467442863303147,0.6936221419975933,0,0.29501216545012166,1.0
19,bsps,ack,0.2,100,1.0,15.836,589.297498989899,0.060392237319688305,0.9555151515151515,41.95614909308352,115.0,35.432,69.38,0.44423569598633644,0.6995337995337996,0,0.2928044648196133,1.0
20,bsps,ack,0.2,100,1.0,14.064,590.3495434343436,0.06902109170290989,0.9692121212121211,40.60282258064516,114.0,35.148,69.116,0.4474284266531543,0.6999278672757875,0,0.2899193548387097,1.0
21,bsps,ack,0.2,100,1.0,14.536,591.3463959595961,0.06802056699160086,0.985010101010101,44.23103309120258,115.0,34.732,68.792,0.44334301828747225,0.6865984178687762,0,0.3155770782889427,1.0
22,bsps,ack,0.2,97,0.97,14.144,589.8525125000001,0.06711692612942613,0.9485,43.08887481528394,114.0,34.96,66.244,0.44570994684889903,0.6872437906920665,0,0.3113785096052354,1.0
23,bsps,ack,0.2,97,0.97,15.648,591.9538791666666,0.06443413281979457,1.0080833333333332,43.1027610545983,116.0,34.096,68.02,0.4429505479325905,0.6820868671292727,0,0.29209051276728254,1.0
24,bsps,ack,0.2,100,1.0,14.488,590.2253414141414,0.06651821446527328,0.9623434343434344,43.6172864321608,114.0,35.524,68.492,0.44304466566822304,0.6890817064352857,0,0.31236180904522615,1.0
25,bsps,ack,0.2,99,0.99,15.184,588.790555102041,0.06160365574801349,0.9348571428571429,42.428749739962555,115.0,35.896,68.24,0.4441758051981694,0.6903334132885585,0,0.30517994591221137,1.0
26,bsps,ack,0.2,100,1.0,16.54,588.8045373737374,0.05692200837040878,0.9406464646464645,42.49311408016444,116.0,36.176,69.18,0.44633992237566567,0.6977811782708493,0,0.2961973278520041,1.0
27,bsps,ack,0.2,100,1.0,14.364,589.8114060606061,0.06803933567917525,0.9740606060606061,41.56873861105487,114.0,34.584,70.268,0.44145583666222815,0.687603305785124,0,0.3043126138894513,1.0
28,bsps,ack,0.2,100,1.0,14.492,588.1393777777779,0.06372247295188473,0.9226262626262627,42.44087769199513,114.0,35.52,68.464,0.44413289149460444,0.690144173954148,0,0.30780170662332385,1.0
29,bsps,ack,0.2,100,1.0,15.14,590.0658989898991,0.06448808965181514,0.9754747474747475,41.72033044529518,115.0,35.612,70.164,0.4425612052730697,0.6882166382044401,0,0.29619181946403383,1.0
30,bsps,ack,0.2,93,0.93,13.784,591.7800260869566,0.07170724802690916,0.9851304347826088,43.429156782402416,114.0,33.2,63.416,0.44506920415224915,0.6971360381861575,0,0.30838904464093164,1.0
31,bsps,ack,0.2,100,1.0,13.644,589.8731111111113,0.07034605798242163,0.9584646464646465,40.97378503730591,114.0,35.804,69.184,0.4457841555574425,0.6983187307601232,0,0.29219600725952816,1.0
32,bsps,ack,0.2,100,1.0,15.656,589.2241373737376,0.06093543240958101,0.950909090909091,42.01022248947685,116.0,35.572,69.204,0.44483538577532045,0.6946440992348714,0,0.29585087191822007,1.0
33,bsps,ack,0.2,100,1.0,15.512,591.4523474747476,0.06499567999175843,1.0061414141414142,40.43408624229979,115.0,35.256,70.72,0.4468689018981728,0.6994466800804829,0,0.2751540041067762,1.0
34,bsps,ack,0.2,100,1.0,14.58,590.3944484848486,0.06668003728297844,0.9713131313131315,43.34650698602795,115.0,35.412,69.164,0.44237612920886943,0.6894333085869834,0,0.3069860279441118,1.0
35,bsps,ack,0.2,100,1.0,19.336,585.9206181818183,0.046185777667465726,0.8907070707070707,44.24656426839127,119.0,36.36,69.956,0.4444444444444444,0.6925720327782183,0,0.2940582053354891,1.0
36,bsps,ack,0.2,97,0.97,15.984,587.3752041666668,0.056407420884176884,0.899625,44.38334674175382,116.0,34.5,65.264,0.44463846337010876,0.6989894646312621,0,0.31234915526950924,1.0
37,bsps,ack,0.2,96,0.96,16.664,592.3118231578948,0.061277838523434096,1.018778947368421,42.934295877798704,117.0,33.936,68.184,0.4425510712506228,0.6901749663526245,0,0.28897258840761664,1.0
38,bsps,ack,0.2,100,1.0,14.088,590.3597818181819,0.06828348546877959,0.9600404040404041,43.32657567242072,114.0,35.8,68.36,0.4433774834437086,0.6891402714932127,0,0.31112003211561623,1.0
39,bsps,ack,0.2,100,1.0,14.856,588.9305171717173,0.06376195648940747,0.9454141414141414,41.11090945755193,114.0,35.68,69.324,0.4458990114881111,0.6983337478239244,0,0.2917927001411575,1.0
40,bsps,ack,0.2,100,1.0,14.56,591.8732727272727,0.06866528541439414,0.9957575757575757,42.73099415204678,115.0,35.568,69.468,0.4441960293328564,0.6932153392330384,0,0.30046380318612625,1.0
41,bsps,ack,0.2,100,1.0,14.716,589.1109575757577,0.06339599104599106,0.9311919191919191,44.09264526615197,115.0,35.86,67.668,0.444839255499154,0.6882775119617225,0,0.3161316537992686,1.0
42,bsps,ack,0.2,100,1.0,14.16,590.683107070707,0.06836258371258372,0.9665858585858587,41.69253294289898,114.0,35.768,68.756,0.4479359730412805,0.7,0,0.2972181551976574,1.0
43,bsps,ack,0.2,96,0.96,14.492,589.5589431578948,0.0655788550458829,0.9448421052631579,42.294871794871796,115.0,33.792,65.252,0.4447198017427452,0.6911600979737252,0,0.30958385876418665,1.0
44,bsps,ack,0.2,100,1.0,15.076,589.0514989898991,0.06232213244272068,0.9383434343434344,42.42995755003032,115.0,36.46,69.092,0.44519476241455985,0.694514574248336,0,0.29917121487770365,1.0
45,bsps,ack,0.2,100,1.0,14.024,591.3328404040404,0.07058772002408367,0.9888888888888889,41.67219005789579,114.0,34.856,68.968,0.4447936130456939,0.691670610506389,0,0.29766420443202235,1.0
46,bsps,ack,0.2,99,0.99,15.592,589.7497959183675,0.061363384144866744,0.9558367346938776,44.18559966216216,116.0,35.644,68.316,0.44584316810910046,0.6939177542477223,0,0.31017736486486486,1.0
47,bsps,ack,0.2,100,1.0,14.936,587.6569373737376,0.06140714049929736,0.9151919191919192,41.57688421903415,115.0,35.232,68.728,0.4459803845856823,0.6947923533289387,0,0.2964235199030107,1.0
48,bsps,ack,0.2,99,0.99,15.052,587.9842938775511,0.06090082175727434,0.9141224489795918,42.60685905478879,115.0,36.784,68.44,0.4458620990998864,0.6950948977076657,0,0.30154746967795903,1.0
49,bsps,ack,0.2,100,1.0,14.872,588.1332000000001,0.06176930836048484,0.917010101010101,42.637240812974746,114.0,35.948,68.28,0.4462724527102209,0.6935264825712992,0,0.30650790392116606,1.0
0,bsps,ack,0.3,99,0.99,16.268,593.1942081632653,0.06660139872798937,1.078326530612245,40.409418810398805,116.0,30.032,71.508,0.41038167938931297,0.7036286919831224,0,0.2722199537226079,1.0
1,bsps,ack,0.3,100,1.0,15.536,595.3553171717173,0.07343372020136726,1.1383030303030304,39.05684296619411,116.0,29.16,74.156,0.41056314185757814,0.7069957320467619,0,0.25231733914940024,1.0
2,bsps,ack,0.3,100,1.0,16.384,592.9731838383839,0.06689023504493062,1.0938585858585859,40.57401160437188,116.0,29.176,73.38,0.4080161170607571,0.7023543564186286,0,0.2689245715827823,1.0
3,bsps,ack,0.3,99,0.99,14.816,592.2677102040817,0.07232299744073453,1.070204081632653,37.903296402680894,114.0,29.708,71.872,0.41501345827933406,0.7141899815714525,0,0.26152373136369855,1.0
4,bsps,ack,0.3,100,1.0,15.096,593.7898626262627,0.07222501742991941,1.087030303030303,39.737811484290354,115.0,30.272,72.324,0.411087969850243,0.7103940327549862,0,0.26909534127843987,1.0
5,bsps,ack,0.3,97,0.97,15.588,592.1637000000001,0.06912803929798414,1.0752916666666665,38.913374913374916,115.0,28.332,70.668,0.4112519809825674,0.7081572960675984,0,0.26638946638946637,1.0
6,bsps,ack,0.3,100,1.0,16.044,593.856298989899,0.06896277803012017,1.1022626262626263,39.53388584413848,116.0,29.688,72.944,0.4112936772046589,0.7114208021753909,0,0.2621307311856704,1.0
7,bsps,ack,0.3,100,1.0,14.42,591.5214383838384,0.07276118739648152,1.0465858585858587,39.349060429904014,114.0,30.556,72.196,0.41094261076419863,0.7078396364226587,0,0.2751115317020414,1.0
8,bsps,ack,0.3,100,1.0,17.64,590.8644727272728,0.05962833348021921,1.047919191919192,40.37480021310602,117.0,30.104,73.028,0.4097178018247401,0.7082760989010989,0,0.26172083111347894,1.0
9,bsps,ack,0.3,100,1.0,16.376,592.2542505050505,0.06477359733680683,1.0564040404040405,41.066296095444685,117.0,30.916,72.312,0.41011461894228834,0.7033366369342583,0,0.27413232104121477,1.0
10,bsps,ack,0.3,100,1.0,16.524,594.8657050505051,0.06733498953173876,1.107030303030303,40.39778707326946,117.0,30.104,72.448,0.4112794935737579,0.7073055028462998,0,0.27013898259344216,1.0
11,bsps,ack,0.3,100,1.0,17.28,592.829280808081,0.06313651940308287,1.0884848484848484,39.60921088068947,117.0,29.828,73.336,0.4143034568412337,0.7166837958204865,0,0.25316455696202533,1.0
12,bsps,ack,0.3,100,1.0,14.724,592.668290909091,0.07343647510804374,1.078060606060606,39.02920190274841,114.0,29.688,72.688,0.4067373050779688,0.702529618956132,0,0.27048097251585623,1.0
13,bsps,ack,0.3,100,1.0,15.376,592.1902181818183,0.06933546921488098,1.0644444444444443,39.57296341629267,115.0,29.928,72.356,0.41229356005081597,0.7033405351504072,0,0.27199782401740785,1.0
14,bsps,ack,0.3,100,1.0,14.656,592.6643353535354,0.07369250161603103,1.0783030303030303,37.92173683515903,114.0,29.96,72.636,0.41080489503531986,0.7101145346023552,0,0.2603932954995381,1.0
15,bsps,ack,0.3,100,1.0,14.692,592.7183111111112,0.0743957319369084,1.089171717171717,37.908586525759574,115.0,29.884,73.836,0.40700978844332175,0.7056176029338223,0,0.2564068692206077,1.0
16,bsps,ack,0.3,82,0.82,15.328,593.5408296296297,0.07138361708089377,1.0916049382716049,39.09346567411084,115.0,24.616,59.32,0.41287973889028373,0.7111204013377926,0,0.2643507030603805,1.0
17,bsps,ack,0.3,97,0.97,16.304,592.9113916666668,0.06741103719265484,1.0977916666666667,38.147021899846564,116.0,28.716,71.82,0.412472885032538,0.7070524412296564,0,0.25303389594085646,1.0
18,bsps,ack,0.3,100,1.0,16.46,592.1552727272727,0.0653125524992914,1.0737777777777777,38.943673469387754,116.0,29.836,73.092,0.41122448979591836,0.7082352941176471,0,0.26136054421768706,1.0
19,bsps,ack,0.3,100,1.0,16.308,592.6163070707071,0.06648539170381275,1.0831515151515152,39.442537909018355,116.0,29.672,72.904,0.4101814516129032,0.7074013157894737,0,0.26310188880021285,1.0
20,bsps,ack,0.3,100,1.0,14.484,593.5590585858587,0.07554614546673372,1.0923636363636362,38.09769189479334,114.0,29.776,72.676,0.413707102952913,0.7093373493975904,0,0.26154052603327965,1.0
21,bsps,ack,0.3,100,1.0,14.948,594.7424727272729,0.07449940382783521,1.1107474747474748,40.2565445026178,115.0,29.632,72.56,0.4094162718015929,0.7044893931919092,0,0.27198281648543426,1.0
22,bsps,ack,0.3,97,0.97,14.58,593.2823791666666,0.07401630934425052,1.0780416666666668,39.86359809149593,114.0,29.42,69.792,0.4121863799283154,0.7044996642041639,0,0.27490878473196745,1.0
23,bsps,ack,0.3,97,0.97,16.032,595.236375,0.07053804267967871,1.130375,39.94846078841064,116.0,28.756,71.268,0.4117583603020496,0.7031021897810219,0,0.2572781724474161,1.0
24,bsps,ack,0.3,100,1.0,15.032,593.7965050505052,0.07291286959228135,1.093939393939394,39.96350858224084,115.0,30.008,72.292,0.4105459442660313,0.7042927997263554,0,0.27057710501419113,1.0
25,bsps,ack,0.3,99,0.99,15.536,592.2000367346939,0.06872109272280341,1.0671020408163265,39.66606896551724,115.0,29.848,71.796,0.41001836359926547,0.7035978480161399,0,0.2736551724137931,1.0
26,bsps,ack,0.3,100,1.0,17.016,592.4199919191921,0.06351883481728683,1.0796363636363635,39.60888466241,116.0,30.152,73.144,0.4108576935432059,0.7078254725313549,0,0.2630077435131096,1.0
27,bsps,ack,0.3,100,1.0,14.816,593.0361090909091,0.07447893112697034,1.0999595959595958,36.88774821018506,114.0,28.864,73.804,0.41234542242543903,0.712608473711077,0,0.254356342023504,1.0
28,bsps,ack,0.3,100,1.0,15.008,591.4898222222223,0.07034345360521832,1.0533333333333332,39.26658608648939,115.0,29.972,72.344,0.4110854503464203,0.7068366164542295,0,0.2708836959441311,1.0
29,bsps,ack,0.3,100,1.0,15.568,593.4827797979799,0.07109581623895349,1.1055757575757574,38.66729373824241,115.0,29.708,73.708,0.4074782239218186,0.701507882111035,0,0.2620263370061811,1.0
30,bsps,ack,0.3,93,0.93,14.252,595.3154347826088,0.07838437622393908,1.1124347826086958,40.29998558454663,115.0,28.192,66.768,0.4129414166156358,0.712869623655914,0,0.272452068617558,1.0
31,bsps,ack,0.3,100,1.0,14.152,593.2659797979799,0.07716373180196709,1.0895353535353536,37.872058823529414,114.0,29.972,72.86,0.4135647637202769,0.7137410906679927,0,0.2565508021390374,1.0
32,bsps,ack,0.3,100,1.0,16.144,592.5733414141415,0.067060276097789,1.0792323232323233,38.587278106508876,116.0,29.88,72.792,0.4143923031612016,0.712565963060686,0,0.2575309306078537,1.0
33,bsps,ack,0.3,100,1.0,15.932,594.8934707070708,0.07148746854758206,1.1370101010101012,38.48009303598303,115.0,29.056,74.136,0.41285938316779924,0.7055408970976254,0,0.251744424681899,1.0
34,bsps,ack,0.3,100,1.0,14.988,594.1452121212121,0.0741312746077452,1.1095757575757574,39.61221231874418,115.0,29.62,73.172,0.408796196239464,0.7051862164984337,0,0.26606358919781825,1.0
35,bsps,ack,0.3,100,1.0,19.916,588.9055232323233,0.05131846596058754,1.0183434343434343,40.48839103869654,119.0,30.364,73.528,0.41506910387873386,0.7140962485790072,0,0.25186693822131706,1.0
36,bsps,ack,0.3,97,0.97,16.492,590.4176458333334,0.06190645499259083,1.01875,41.540983606557376,116.0,29.656,68.74,0.4111817501869858,0.7097955447055233,0,0.2796369055683512,1.0
37,bsps,ack,0.3,96,0.96,17.168,595.7312084210527,0.06720313360801385,1.1508210526315787,39.69159524467791,117.0,27.868,71.548,0.40630555884793174,0.7028044419348767,0,0.25269560409178876,1.0
38,bsps,ack,0.3,100,1.0,14.488,593.6588080808082,0.07488187248481366,1.0829494949494949,39.492426291587776,114.34999999999945,30.596,71.928,0.41410032926593066,0.7128279883381924,0,0.26900189342710307,1.0
39,bsps,ack,0.3,100,1.0,15.268,592.214509090909,0.07053265543461622,1.0748686868686868,38.03059299191375,115.0,29.956,73.032,0.4136169325409238,0.7071920834069624,0,0.2568733153638814,1.0
40,bsps,ack,0.3,100,1.0,14.912,595.314492929293,0.07563880825057297,1.1237575757575757,39.86734693877551,115.0,29.916,73.04,0.4089227191034993,0.7019513037471939,0,0.26745435016111707,1.0
41,bsps,ack,0.3,100,1.0,15.42,592.7651919191919,0.06935578310578311,1.0682828282828283,40.47209490428687,115.0,30.356,71.824,0.41361727654469105,0.7129043014338112,0,0.27298463197627393,1.0
42,bsps,ack,0.3,100,1.0,14.62,594.0617535353535,0.0749876312866509,1.0935353535353536,39.46565934065934,115.0,30.232,72.384,0.4135188866799205,0.7058922558922559,0,0.2706043956043956,1.0
43,bsps,ack,0.3,96,0.96,15.044,592.6866442105265,0.07121210777182913,1.063621052631579,39.92136084774121,116.0,28.868,68.54,0.40989198408186467,0.7036922122246354,0,0.28192972671500277,1.0
44,bsps,ack,0.3,100,1.0,15.564,592.2427191919193,0.06839191208210818,1.0632727272727271,39.69053086586519,115.0,30.6,72.468,0.41256300891818537,0.7077943078913325,0,0.26759421856004323,1.0
45,bsps,ack,0.3,100,1.0,14.472,594.8172121212122,0.07728799533799534,1.1174949494949495,39.88135593220339,115.0,29.196,72.548,0.40810126582278483,0.7017142857142857,0,0.2751588983050847,1.0
46,bsps,ack,0.3,99,0.99,16.056,593.2981102040817,0.06799789597736146,1.0895102040816325,40.6323875432526,116.0,29.812,72.0,0.4115392583385125,0.7073212452959289,0,0.27017301038062286,1.0
47,bsps,ack,0.3,100,1.0,15.32,590.5131757575758,0.06750532902101529,1.0318383838383838,39.63860452586207,115.0,29.828,72.048,0.4113559477004663,0.7053176900807557,0,0.2730334051724138,1.0
48,bsps,ack,0.3,99,0.99,15.46,591.4071591836736,0.06811316926037814,1.0502448979591836,39.23349480968858,115.0,30.684,72.236,0.41343375980189845,0.7102272727272727,0,0.2644982698961938,1.0
49,bsps,ack,0.3,100,1.0,15.356,591.3814787878788,0.06818741766584904,1.045010101010101,39.0673672864457,114.0,30.268,71.98,0.4142601824851848,0.7129847699795886,0,0.26596604688763137,1.0
0,bsps,ack,0.4,99,0.99,16.916,596.2997959183674,0.07094829745663447,1.194,37.49913661757237,116.0,25.464,75.0,0.37093620141774625,0.7215909090909091,0,0.23809040121889283,1.0
1,bsps,ack,0.4,100,1.0,15.928,598.284383838384,0.07860290399506087,1.2494141414141413,35.43687639991855,116.0,24.584,77.5,0.38017080330931413,0.7344582593250444,0,0.21207493382203219,1.0
2,bsps,ack,0.4,100,1.0,16.768,595.8265494949496,0.07184681256518201,1.202020202020202,37.176151761517616,117.0,24.676,76.576,0.36954868154158216,0.7201847324096713,0,0.23215898825654924,1.0
3,bsps,ack,0.4,99,0.99,15.148,595.1452857142858,0.0778685139990062,1.1785714285714284,35.59515535568275,114.0,25.364,75.128,0.37207628643396906,0.7219104789247032,0,0.23609975470155356,1.0
4,bsps,ack,0.4,100,1.0,15.468,596.7884808080807,0.0777166745210605,1.1990303030303031,36.58943626206196,116.0,25.828,75.768,0.3751328374070138,0.7301118108212312,0,0.23362112747587607,1.0
5,bsps,ack,0.4,97,0.97,15.888,594.9000416666667,0.07442978770455551,1.18025,35.37190941200914,115.0,24.072,73.712,0.37671957671957673,0.7304067140090381,0,0.22844379804695616,1.0
6,bsps,ack,0.4,100,1.0,16.492,596.7400727272727,0.073662809531179,1.2094949494949496,36.35242335323282,116.0,25.4,76.184,0.3788212276840303,0.7305381043430756,0,0.22644945866639685,1.0
7,bsps,ack,0.4,100,1.0,14.624,594.345983838384,0.07918885907121201,1.155919191919192,35.64756855948619,114.0,26.184,75.62,0.37729196050775743,0.7301730818909843,0,0.23559995922112345,1.0
8,bsps,ack,0.4,100,1.0,18.336,593.8704646464647,0.06378989592357169,1.1662626262626263,36.94390366281987,118.0,25.212,76.644,0.37536507936507935,0.7336949152542372,0,0.2210737581535374,1.0
9,bsps,ack,0.4,100,1.0,16.992,595.1883393939396,0.06923465094130728,1.1694949494949494,37.732041396103895,117.0,26.124,75.676,0.37582128777923784,0.7261764320356534,0,0.23579545454545456,1.0
10,bsps,ack,0.4,100,1.0,17.172,597.8057131313133,0.07121493747241942,1.2177373737373736,37.78150161030596,118.0,25.376,75.672,0.3731308948700253,0.7259185700099305,0,0.2393317230273752,1.0
11,bsps,ack,0.4,100,1.0,17.764,595.8052040404041,0.06771707432574306,1.2005656565656564,37.33477256752686,117.0,25.052,76.556,0.37588740814547267,0.7325659215633784,0,0.22572547444522542,1.0
12,bsps,ack,0.4,100,1.0,15.252,595.6308242424243,0.07831794937089055,1.1910707070707072,36.430439121756486,115.0,25.092,76.136,0.3664618720636068,0.7218518052585231,0,0.23962075848303394,1.0
13,bsps,ack,0.4,100,1.0,15.74,595.1462909090909,0.07486426471132353,1.176080808080808,35.8930246787681,115.0,25.448,75.78,0.3787174721189591,0.7275582308296258,0,0.23210279420762797,1.0
14,bsps,ack,0.4,100,1.0,15.004,595.7873696969698,0.07958261651202826,1.1925252525252525,35.40211587897963,114.0,25.46,76.108,0.37076627432140286,0.7285461887935386,0,0.23195570496341705,1.0
15,bsps,ack,0.4,100,1.0,15.028,595.6354626262628,0.08014463368875134,1.2012929292929293,35.04715561352463,115.0,25.036,77.088,0.3711456505389822,0.7262696091465036,0,0.2245409852513294,1.0
16,bsps,ack,0.4,82,0.82,15.804,596.7106666666667,0.07657401577281751,1.207358024691358,35.978865406006676,116.0,20.856,62.152,0.3760119940029985,0.7284539473684211,0,0.22901989865282413,1.0
17,bsps,ack,0.4,97,0.97,16.724,596.0178875,0.07291747874588432,1.2178333333333335,35.13219106957425,116.0,23.512,75.084,0.3741986131100353,0.7291402842268186,0,0.21921079958463136,1.0
18,bsps,ack,0.4,100,1.0,16.872,594.8856808080808,0.07000943284632655,1.1790707070707072,36.39038088430512,116.0,25.38,76.212,0.37472740489459655,0.7251867662753468,0,0.23179822322066782,1.0
19,bsps,ack,0.4,100,1.0,16.7,595.5610020202021,0.071478271485805,1.192767676767677,36.68544600938967,116.0,25.176,76.152,0.37114150829197434,0.724899857862773,0,0.2319448606532814,1.0
20,bsps,ack,0.4,100,1.0,14.936,596.4626949494949,0.08053557292380822,1.2011313131313133,35.15469502407705,114.0,25.404,75.992,0.376906577693041,0.7276550998948476,0,0.22873194221508827,1.0
21,bsps,ack,0.4,100,1.0,15.344,597.6092727272728,0.07959906730887123,1.2167272727272727,36.59979777553084,116.0,25.384,75.764,0.37837516355418105,0.7300144870275254,0,0.23225480283114258,1.0
22,bsps,ack,0.4,97,0.97,14.856,596.3277666666668,0.08025046965901746,1.1910833333333333,36.93280796350062,114.0,24.908,73.044,0.3716994719155065,0.7205268648930621,0,0.24315636665284115,1.0
23,bsps,ack,0.4,97,0.97,16.444,598.4033708333335,0.07579256195533769,1.2457083333333334,36.68280414963848,116.0,24.2,74.572,0.3769309989701339,0.7268690919507305,0,0.22068531908204966,1.0
24,bsps,ack,0.4,100,1.0,15.528,597.0837333333334,0.07820702888251908,1.212121212121212,36.79511849301195,115.0,25.52,75.936,0.37425668979187315,0.7277867528271406,0,0.23425156977921816,1.0
25,bsps,ack,0.4,99,0.99,15.868,595.2470040816327,0.07454083824005794,1.1813469387755102,35.94649865730221,115.0,25.268,75.204,0.374634858812074,0.726041943190868,0,0.23290642429250155,1.0
26,bsps,ack,0.4,100,1.0,17.436,595.4697535353536,0.06855625658025039,1.194020202020202,35.56210288993646,116.0,25.424,76.52,0.3824937027707809,0.7362606232294617,0,0.2194097151055544,1.0
27,bsps,ack,0.4,100,1.0,15.212,595.7771030303031,0.07956753464400523,1.2058989898989898,34.13745322140184,114.0,24.336,76.932,0.37465770475479215,0.7286364854004822,0,0.22342469909982807,1.0
28,bsps,ack,0.4,100,1.0,15.392,594.3311474747475,0.07557266404619346,1.1616969696969697,35.94950005049995,115.0,25.704,75.732,0.37489539748953976,0.7271774721676489,0,0.2344207655792344,1.0
29,bsps,ack,0.4,100,1.0,15.824,596.702682828283,0.07747812478008556,1.2243232323232323,34.75212206952304,115.0,24.744,77.152,0.3740834386852086,0.7280653950953678,0,0.22140258690379952,1.0
30,bsps,ack,0.4,93,0.93,14.684,598.4080565217391,0.08357465969665458,1.2226086956521738,37.87297472456254,115.0,24.128,69.804,0.37344398340248963,0.7249867654843832,0,0.2440051847051199,1.0
31,bsps,ack,0.4,100,1.0,14.468,596.2427878787879,0.08310052365934718,1.200121212121212,35.5287333063537,114.0,25.472,76.144,0.37540453074433655,0.727438944756432,0,0.22946175637393768,1.0
32,bsps,ack,0.4,100,1.0,16.556,595.5017010101011,0.07196209286833641,1.18820202020202,35.99603093832689,116.0,25.48,76.06,0.37816011235955055,0.729820918764599,0,0.22847547323427642,1.0
33,bsps,ack,0.4,100,1.0,16.328,597.751991919192,0.07616158503805563,1.241090909090909,36.35230518155855,116.0,24.748,77.148,0.37309708010980785,0.7180762852404643,0,0.2270501835985312,1.0
34,bsps,ack,0.4,100,1.0,15.424,597.2853414141415,0.07948736666383725,1.224969696969697,36.515723902341,115.0,24.976,76.632,0.3707008016550297,0.7243325075695017,0,0.2312870491309153,1.0
35,bsps,ack,0.4,100,1.0,20.64,591.7732848484849,0.05535172684297449,1.1377373737373737,37.909044767028725,119.0,25.172,77.092,0.3781837578343779,0.7298178047696637,0,0.2193685920211146,1.0
36,bsps,ack,0.4,97,0.97,16.988,593.2321708333334,0.0664881433606956,1.127125,38.459850271766996,117.0,25.56,72.076,0.37509744960463304,0.7288115100955145,0,0.24459029843093016,1.0
37,bsps,ack,0.4,96,0.96,17.8,598.8187831578948,0.07128117213241379,1.2660210526315792,36.74553058024046,118.0,23.156,74.736,0.36935529679068446,0.7248062015503876,0,0.21787767903815997,1.0
38,bsps,ack,0.4,100,1.0,14.932,596.8033373737375,0.08040458278105338,1.1985858585858586,36.56095835018196,115.0,25.916,75.38,0.3764351153890757,0.7299733401041005,0,0.2357460574201375,1.0
39,bsps,ack,0.4,100,1.0,15.688,595.3448080808082,0.07613558373362295,1.1923636363636365,35.520539730134935,115.0,25.04,76.472,0.37327945447657535,0.7259582594461874,0,0.22818590704647676,1.0
40,bsps,ack,0.4,100,1.0,15.296,598.6098303030303,0.08161567959999332,1.2437171717171716,36.07281700070501,115.0,25.252,76.712,0.37471554993678885,0.7295640326975477,0,0.22600463289354417,1.0
41,bsps,ack,0.4,100,1.0,15.768,595.7465454545454,0.07478454196493411,1.1778181818181819,37.784560690705945,115.0,26.148,75.228,0.37498506749492294,0.7253899593655787,0,0.2425596749619096,1.0
42,bsps,ack,0.4,100,1.0,14.96,597.1237656565658,0.08087743465684642,1.2080404040404042,35.92259521609691,115.0,25.5,75.796,0.3790408525754885,0.7307743216412972,0,0.23159839852171235,1.0
43,bsps,ack,0.4,96,0.96,15.624,595.6309810526317,0.0755708557274746,1.173136842105263,37.180127468394105,116.0,24.728,71.776,0.36857142857142855,0.7215757575757575,0,0.25148887263608816,1.0
44,bsps,ack,0.4,100,1.0,16.02,595.1357737373737,0.07331929142027181,1.1737373737373737,36.43610856968588,116.0,25.896,75.704,0.37865530739120423,0.7304837471205529,0,0.23055809698078683,1.0
45,bsps,ack,0.4,100,1.0,14.812,597.8572444444445,0.08291335396629515,1.2266666666666666,35.80119940029985,115.0,25.056,75.92,0.3763078773301263,0.7315549772283669,0,0.23128435782108944,1.0
46,bsps,ack,0.4,99,0.99,16.52,596.2976734693879,0.07282612220326726,1.201142857142857,37.78414369773924,116.0,25.22,75.22,0.3741546784704291,0.7221392697163024,0,0.23691545370083616,1.0
47,bsps,ack,0.4,100,1.0,15.772,593.2035313131313,0.07237500400833732,1.1393535353535353,36.71658939729893,115.0,25.332,75.372,0.37331284977504664,0.725408370096578,0,0.23956863535577505,1.0
48,bsps,ack,0.4,99,0.99,15.888,594.4773714285715,0.0740283401754764,1.172448979591837,36.45636419312034,116.0,25.352,75.728,0.3717788341255942,0.7272848387956302,0,0.23262223129529447,1.0
49,bsps,ack,0.4,100,1.0,15.752,594.1318101010102,0.07322739144622528,1.1511111111111114,36.49221435793731,115.0,25.872,75.188,0.3782087209954041,0.7299170689441763,0,0.23629929221435794,1.0
0,bsps,ack,0.5,99,0.99,17.392,599.2202448979593,0.07520265503558453,1.3023673469387753,34.04352769205782,117.0,21.344,78.36,0.33075089392133494,0.7490595264439035,0,0.19952899139191166,1.0
1,bsps,ack,0.5,100,1.0,16.34,601.1175838383839,0.08312386333996241,1.3556767676767676,32.66804407713499,116.0,20.296,80.704,0.3387781770663182,0.7577509842519685,0,0.1800356506238859,1.0
2,bsps,ack,0.5,100,1.0,17.28,598.6005535353536,0.0756301431931979,1.3046464646464646,33.810137732222934,117.0,20.82,79.824,0.3310810810810811,0.7489127946898604,0,0.19378603459320948,1.0
3,bsps,ack,0.5,99,0.99,15.528,598.1012612244899,0.08301610116574101,1.28734693877551,32.49723172121804,115.0,21.152,78.436,0.3284596071481317,0.7493769639180843,0,0.2014329913694838,1.0
4,bsps,ack,0.5,100,1.0,15.972,599.6976444444444,0.0820994262989619,1.3079191919191921,33.58474167069049,116.0,21.616,79.188,0.3323649041255084,0.754537689515268,0,0.2002253339771447,1.0
5,bsps,ack,0.5,97,0.97,16.316,597.4503208333333,0.07838075458253478,1.275625,32.94411814062762,116.0,20.42,76.568,0.33604336043360433,0.7517047299491287,0,0.20003356267830172,1.0
6,bsps,ack,0.5,100,1.0,17.148,599.5817535353535,0.07689250455808763,1.3134141414141414,33.94763335227734,117.0,21.384,79.384,0.3337821663674446,0.7493194192377496,0,0.19728830072257855,1.0
7,bsps,ack,0.5,100,1.0,15.176,596.9401131313131,0.08297875592091279,1.2567272727272725,33.34706840390879,115.0,22.088,78.728,0.33247274813539873,0.7476826902349645,0,0.20798045602605864,1.0
8,bsps,ack,0.5,100,1.0,18.872,596.4368121212123,0.06731079730782329,1.2667474747474747,34.95501897763062,118.0,21.208,79.804,0.32856698787690397,0.75,0,0.19664055560041993,1.0
9,bsps,ack,0.5,100,1.0,17.476,597.9268808080808,0.07327938133608927,1.2753535353535352,35.030202697246224,118.0,21.908,78.984,0.32912692589875275,0.745890038105607,0,0.20439311959945086,1.0
10,bsps,ack,0.5,100,1.0,17.724,600.5630262626263,0.0746908150749224,1.3192323232323233,34.91267356930733,118.0,21.484,78.84,0.3297244094488189,0.7485992944594314,0,0.20675816678706155,1.0
11,bsps,ack,0.5,100,1.0,18.372,598.6365656565657,0.07123204411079916,1.3066262626262626,34.508552156106965,117.0,20.968,79.864,0.3337878787878788,0.7546067415730338,0,0.1917610214406167,1.0
12,bsps,ack,0.5,100,1.0,15.608,598.1201535353536,0.0825684132497858,1.285252525252525,33.35549503364307,115.0,21.364,79.052,0.32752360203340597,0.7468232781633742,0,0.20594360781800705,1.0
13,bsps,ack,0.5,100,1.0,16.048,597.7819232323233,0.0796961347237405,1.2766060606060605,33.23853955375254,115.0,21.52,78.952,0.3352757248436612,0.7492945517690471,0,0.20154158215010143,1.0
14,bsps,ack,0.5,100,1.0,15.3,598.4592646464647,0.08446423522011758,1.291030303030303,33.03009926352866,115.0,21.64,79.152,0.324667737695341,0.7454004041263427,0,0.2052513608709574,1.0
15,bsps,ack,0.5,100,1.0,15.432,598.2248121212123,0.08439354294942529,1.2994747474747474,32.712161616161616,115.0,20.94,80.016,0.32682926829268294,0.745413870246085,0,0.19692929292929293,1.0
16,bsps,ack,0.5,82,0.82,16.416,599.7590271604939,0.08033825164460413,1.3163456790123456,33.100612164297,116.0,17.552,64.932,0.3368074602303895,0.7558027743441835,0,0.1950039494470774,1.0
17,bsps,ack,0.5,97,0.97,17.104,598.7820041666666,0.0773716061241748,1.32025,32.4738852445404,116.0,19.54,78.08,0.32782943251042,0.7480028195488722,0,0.18973677655069335,1.0
18,bsps,ack,0.5,100,1.0,17.236,597.6154181818182,0.0743790456781685,1.2800808080808082,33.716064453125,116.0,21.42,79.316,0.3316590338306988,0.7462420665850128,0,0.20149739583333334,1.0
19,bsps,ack,0.5,100,1.0,17.096,598.2825212121212,0.0756084208094012,1.2916363636363635,34.14839379894518,116.0,21.348,79.18,0.3276420370915514,0.7456006951987834,0,0.2024132971072399,1.0
20,bsps,ack,0.5,100,1.0,15.268,599.1931030303032,0.08538964978376742,1.302060606060606,32.823917061801815,115.0,21.424,79.084,0.33046270617428114,0.7462017706853208,0,0.20236277425058266,1.0
21,bsps,ack,0.5,100,1.0,15.776,600.4716000000001,0.08395880840292604,1.320242424242424,34.44453402128346,116.0,21.528,79.02,0.32591391509433965,0.7435980902777778,0,0.20743308610125766,1.0
22,bsps,ack,0.5,97,0.97,15.16,599.3156666666667,0.08584730392156863,1.3002916666666666,33.26579034391534,114.0,20.924,76.372,0.33260137607963697,0.7505725815247029,0,0.20345568783068782,1.0
23,bsps,ack,0.5,97,0.97,16.812,601.2551083333334,0.08034819365611742,1.3499583333333336,34.04191016864251,117.0,20.136,77.6,0.3337002673376317,0.7481825765701346,0,0.19051594590081816,1.0
24,bsps,ack,0.5,100,1.0,16.02,600.0476565656567,0.08248024234298744,1.3183030303030305,33.97724687144483,115.0,21.488,79.204,0.33418636158362186,0.7518347070114034,0,0.2010401430196652,1.0
25,bsps,ack,0.5,99,0.99,16.26,598.164942857143,0.07940266344633091,1.2899591836734694,33.109790095113155,115.0,21.04,78.516,0.330187265917603,0.7495316804407713,0,0.2012955067235159,1.0
26,bsps,ack,0.5,100,1.0,17.88,598.4663434343436,0.07304343816562599,1.304,33.36373946856772,116.0,21.06,79.836,0.33493938451973887,0.752860144758347,0,0.19337329876863255,1.0
27,bsps,ack,0.5,100,1.0,15.588,598.3705333333335,0.08389737687874943,1.3042020202020201,31.366485345457498,115.0,20.4,79.948,0.3335350173952503,0.7519406007424907,0,0.19322887066655842,1.0
28,bsps,ack,0.5,100,1.0,15.816,596.9732727272727,0.07989869375359572,1.2617373737373736,33.252368996517376,115.0,21.824,78.884,0.3328985507246377,0.7472527472527473,0,0.2034502308253017,1.0
29,bsps,ack,0.5,100,1.0,16.244,599.3293575757576,0.08138770619358854,1.3204040404040405,32.18329409854696,115.0,20.772,79.956,0.33631539044730857,0.7493934142114385,0,0.19141164055523988,1.0
30,bsps,ack,0.5,93,0.93,15.284,601.3274652173914,0.08704429070988837,1.3254347826086954,34.91269979152189,115.0,20.612,72.776,0.33259554375092226,0.7465730524908057,0,0.2098679638637943,1.0
31,bsps,ack,0.5,100,1.0,14.744,599.0602383838384,0.08860020012667073,1.3042828282828283,32.414810013772986,115.0,21.408,79.348,0.3379380543841791,0.7554532500274033,0,0.195576440087499,1.0
32,bsps,ack,0.5,100,1.0,17.0,598.3717454545455,0.07631607628697412,1.2939797979797982,33.3220050287939,116.0,21.304,79.276,0.33628951509083105,0.7527810778701803,0,0.19815070159785872,1.0
33,bsps,ack,0.5,100,1.0,16.672,600.6680040404041,0.08095435034903559,1.3471919191919193,32.867999352541275,116.0,20.412,80.264,0.3342469925384498,0.7485891972820454,0,0.1891388798964066,1.0
34,bsps,ack,0.5,100,1.0,15.724,600.0502181818183,0.08441400654537909,1.326020202020202,33.83413615928067,115.0,21.044,79.736,0.3250236667718523,0.7432463634264604,0,0.20134874759152216,1.0
35,bsps,ack,0.5,100,1.0,21.208,594.3104525252525,0.05870176889836414,1.2404444444444445,35.25289216082841,119.0,20.94,80.272,0.33739639200390054,0.7528714338643943,0,0.18784887954049026,1.0
36,bsps,ack,0.5,97,0.97,17.464,595.7153583333334,0.07004755163030123,1.2204583333333332,36.32964196502914,117.0,22.164,74.972,0.3333333333333333,0.7460414751251405,0,0.21881765195670275,1.0
37,bsps,ack,0.5,96,0.96,18.172,601.4382021052633,0.07515881067477775,1.3630736842105262,33.652014039779374,118.0,19.436,77.56,0.33150591057049855,0.7509162138253507,0,0.1845228146414842,1.0
38,bsps,ack,0.5,100,1.0,15.244,599.726383838384,0.08571026119849648,1.3045656565656563,33.77963366416525,115.0,21.844,78.644,0.33375688267683185,0.7506636933205905,0,0.2047930283224401,1.0
39,bsps,ack,0.5,100,1.0,16.12,598.3020565656567,0.08095973837346386,1.3030303030303032,32.3968787515006,115.0,20.776,79.94,0.33033498759305213,0.7510793001590548,0,0.1923969587835134,1.0
40,bsps,ack,0.5,100,1.0,15.692,601.3670101010102,0.08589911192656291,1.3444040404040403,33.37369401474042,116.0,21.256,79.756,0.3333842161502061,0.7488217036440971,0,0.1959180367700656,1.0
41,bsps,ack,0.5,100,1.0,16.248,598.6938060606061,0.07926612037391191,1.2862222222222222,34.08214053350683,116.0,22.048,78.636,0.3405880657249928,0.7561244758331495,0,0.20095966167859466,1.0
42,bsps,ack,0.5,100,1.0,15.296,599.9513010101011,0.08601180703827764,1.3132525252525251,32.989720998531574,115.0,21.396,79.064,0.3361026089491328,0.7540212277054382,0,0.19970631424375918,1.0
43,bsps,ack,0.5,96,0.96,16.14,598.2861263157895,0.07925444547504348,1.2717473684210527,34.26669466610668,116.0,21.132,74.768,0.32750485706355814,0.7461711251786808,0,0.21889962200755986,1.0
44,bsps,ack,0.5,100,1.0,16.404,597.9333777777779,0.07801081355100963,1.2783434343434343,33.694514425030476,116.0,21.776,78.924,0.3368715083798883,0.7497858672376874,0,0.19967492889069485,1.0
45,bsps,ack,0.5,100,1.0,15.272,600.5849414141414,0.08682722179781004,1.3243636363636364,33.44856797095603,115.0,21.436,78.984,0.3320666471791874,0.7498362087792094,0,0.20306575231948365,1.0
46,bsps,ack,0.5,99,0.99,16.928,599.2425632653062,0.07737458843186397,1.308,34.45043350237199,116.0,21.188,78.484,0.33368357850495345,0.7488119484046164,0,0.19965646981841975,1.0
47,bsps,ack,0.5,100,1.0,16.176,595.7051717171718,0.07661638938403643,1.2375757575757578,33.620344994357566,115.0,21.456,78.504,0.33502673796791443,0.7536926147704591,0,0.2049814605835886,1.0
48,bsps,ack,0.5,99,0.99,16.304,597.1599510204082,0.07854248641812614,1.2766938775510202,33.28536446004408,116.0,21.096,78.84,0.33115996967399547,0.7507018528916339,0,0.1978613990694637,1.0
49,bsps,ack,0.5,100,1.0,16.124,596.9329292929293,0.07821988368624076,1.2577373737373736,33.32879800338137,115.0,21.704,78.552,0.3383077765607886,0.7558787128712872,0,0.20127203928830206,1.0
0,bsps,ack,0.6,99,0.99,17.896,601.9137755102041,0.0787348420571236,1.4031020408163268,31.357506620492973,116.0,17.524,81.504,0.28177210437394407,0.7772234481435287,0,0.16934881510151423,1.0
1,bsps,ack,0.6,100,1.0,16.792,603.7013858585858,0.08658734333357657,1.4516363636363638,30.21967390568974,117.0,16.596,83.696,0.2916157916157916,0.781491002570694,0,0.15174886678844463,1.0
2,bsps,ack,0.6,100,1.0,17.608,601.1913858585859,0.0797374084845705,1.4017373737373737,30.775744167337088,117.0,17.2,82.944,0.2878672262495231,0.7785771382893685,0,0.16063287744703675,1.0
3,bsps,ack,0.6,99,0.99,15.892,600.8519714285715,0.08753435612340175,1.3892653061224491,29.33863544063896,115.0,17.424,81.684,0.2819416031244188,0.7800056481219995,0,0.1669148504128875,1.0
4,bsps,ack,0.6,100,1.0,16.412,602.3839434343436,0.0859455918961595,1.408,30.8738138501918,116.0,17.72,82.304,0.28388980113118045,0.7797381372457981,0,0.16945958678242143,1.0
5,bsps,ack,0.6,97,0.97,16.672,600.1188833333333,0.08272218119338379,1.3758333333333335,29.88953811908737,116.0,16.824,79.72,0.2901245712222423,0.7828400709550929,0,0.16722314969393434,1.0
6,bsps,ack,0.6,100,1.0,17.64,602.4441696969698,0.08064631014553615,1.4175353535353536,31.140222897669705,117.0,17.496,82.656,0.2873281867821503,0.7789773284915105,0,0.1651469098277609,1.0
7,bsps,ack,0.6,100,1.0,15.564,599.6054747474748,0.08751653575182988,1.359191919191919,30.23940993368521,115.0,18.168,82.012,0.2839705618380901,0.7744170802509598,0,0.17343348220327515,1.0
8,bsps,ack,0.6,100,1.0,19.352,598.8890545454547,0.07054998715207193,1.3617777777777778,32.32746645087329,118.0,17.48,82.812,0.27993025958930645,0.7755749405233942,0,0.16609346550677725,1.0
9,bsps,ack,0.6,100,1.0,18.068,600.6439757575758,0.0766519985594805,1.3794343434343435,32.10887885121014,118.0,17.912,82.32,0.2825765965300849,0.7766017766017766,0,0.16995887548034788,1.0
10,bsps,ack,0.6,100,1.0,18.404,603.344496969697,0.07750832230109836,1.4216565656565656,31.70985782629203,118.0,17.652,82.096,0.28789473684210526,0.7809049773755656,0,0.1698672596186241,1.0
11,bsps,ack,0.6,100,1.0,18.836,601.1481737373738,0.07436993923211674,1.3988282828282828,32.277225060500136,118.0,17.48,82.748,0.28288729739917073,0.7743770845595448,0,0.16583759075020166,1.0
12,bsps,ack,0.6,100,1.0,16.076,600.9270303030303,0.08658832772166104,1.3888888888888888,30.062629365026375,115.0,17.556,82.388,0.28264823572208075,0.7785528273809523,0,0.16839153368498364,1.0
13,bsps,ack,0.6,100,1.0,16.428,600.476993939394,0.08401561330539659,1.378060606060606,30.431554836971166,115.0,17.736,82.232,0.28412156087034707,0.7763120965478529,0,0.17023713284828887,1.0
14,bsps,ack,0.6,100,1.0,15.628,601.2264606060606,0.0892074540927482,1.3926868686868685,29.684097324909263,115.0,17.756,82.328,0.28387213948419904,0.7784810126582279,0,0.1683694044898508,1.0
15,bsps,ack,0.6,100,1.0,15.772,600.7357090909093,0.08862875169397356,1.394181818181818,29.941757424068186,115.0,17.188,82.94,0.2803809523809524,0.7740487804878049,0,0.1660014881959007,1.0
16,bsps,ack,0.6,82,0.82,16.888,602.6067753086421,0.08417079387527157,1.4187654320987653,30.262693702604682,116.0,14.456,67.568,0.2920091324200913,0.7830346475507766,0,0.1629574678536103,1.0
17,bsps,ack,0.6,97,0.97,17.516,601.4134375,0.08103905640838206,1.4174166666666665,29.442881764908652,116.0,15.956,81.04,0.2822774659182037,0.7779143618111043,0,0.15629093416063428,1.0
18,bsps,ack,0.6,100,1.0,17.68,600.218892929293,0.07802818901085155,1.3777777777777778,30.961403271596595,116.0,17.704,82.416,0.28210838901262064,0.7740783632503377,0,0.17006894687035284,1.0
19,bsps,ack,0.6,100,1.0,17.568,601.0691030303032,0.07936929598704626,1.3932525252525252,31.539214380825566,116.0,17.608,82.42,0.2729139443718499,0.771962792445739,0,0.17157123834886817,1.0
20,bsps,ack,0.6,100,1.0,15.736,601.8872565656567,0.08923055673447831,1.4020202020202022,29.939487870619946,115.0,17.68,82.264,0.2860787172011662,0.7764459665144596,0,0.16920485175202157,1.0
21,bsps,ack,0.6,100,1.0,16.164,603.1327111111112,0.0878888299427515,1.4174141414141412,31.439443092727764,116.0,17.94,82.116,0.28110178766873406,0.7718197375926983,0,0.17403352257366855,1.0
22,bsps,ack,0.6,97,0.97,15.584,602.2284458333335,0.09035898984593838,1.4069583333333335,30.157529063768315,115.0,17.132,79.688,0.2853953488372093,0.7829647058823529,0,0.1685354612368439,1.0
23,bsps,ack,0.6,97,0.97,17.128,604.1031791666667,0.0848398742976723,1.4522083333333335,30.99854368932039,117.0,16.48,80.724,0.29145332808192204,0.7811207609594706,0,0.15665742024965326,1.0
24,bsps,ack,0.6,100,1.0,16.372,602.7851353535355,0.08669407930486364,1.4166868686868688,31.43352953115486,116.0,17.824,82.284,0.27990158970476914,0.7722200469851214,0,0.17224815641702185,1.0
25,bsps,ack,0.6,99,0.99,16.58,600.749693877551,0.08362320070885497,1.3853061224489798,30.62228427433086,115.0,17.476,81.496,0.27731881336838154,0.7723522640061397,0,0.17339780698767282,1.0
26,bsps,ack,0.6,100,1.0,18.308,601.3827232323233,0.07712013803572111,1.4102222222222223,30.24189107514606,116.0,17.06,83.156,0.28801255640572887,0.7819852569928305,0,0.15835068161977034,1.0
27,bsps,ack,0.6,100,1.0,16.024,600.9194666666668,0.08775499947058255,1.4021414141414141,28.455898195529223,115.0,16.696,83.112,0.28595955742083173,0.7816338467537531,0,0.16119041206571505,1.0
28,bsps,ack,0.6,100,1.0,16.148,599.5344040404042,0.08428415669298021,1.3589898989898987,30.506272764063134,115.0,18.096,81.98,0.2849090909090909,0.7748571428571429,0,0.17307432888169433,1.0
29,bsps,ack,0.6,100,1.0,16.46,602.0027191919194,0.08617196196571843,1.4167272727272726,29.4705164701098,115.0,17.172,82.968,0.2878411910669975,0.7765457996204176,0,0.16232885997017757,1.0
30,bsps,ack,0.6,93,0.93,15.708,604.3624173913043,0.09150761213480288,1.4323478260869564,32.02887252778981,115.0,16.952,75.864,0.2824427480916031,0.7744484054340495,0,0.1769164140320485,1.0
31,bsps,ack,0.6,100,1.0,15.108,601.6654747474747,0.0927613771849066,1.3987878787878787,30.029987138698978,115.0,17.888,82.316,0.2893263500090302,0.7775016725604511,0,0.1683476612739457,1.0
32,bsps,ack,0.6,100,1.0,17.496,600.857696969697,0.07928151223275062,1.3839595959595958,31.040677966101693,116.0,17.908,82.068,0.2885292047853624,0.77295097482491,0,0.17064406779661018,1.0
33,bsps,ack,0.6,100,1.0,16.984,603.3647797979798,0.08512367396010327,1.4431919191919191,30.1991075654114,115.0,16.772,83.208,0.2871531736982136,0.775830997196636,0,0.15901561760530053,1.0
34,bsps,ack,0.6,100,1.0,16.108,602.8550909090909,0.088731136292901,1.427313131313131,30.556687898089173,116.0,17.3,82.936,0.2793185419968304,0.776225884244373,0,0.16480053637277908,1.0
35,bsps,ack,0.6,100,1.0,21.84,596.9535474747476,0.06180404545986543,1.3459797979797978,32.58732081566727,120.0,16.744,83.62,0.2867540029112082,0.7829679059421671,0,0.15546133656369876,1.0
36,bsps,ack,0.6,97,0.97,17.96,598.5281916666668,0.07399612465600276,1.3268333333333335,33.018088571626585,117.0,18.372,78.332,0.28904271484045246,0.7792001412554075,0,0.18144015524291357,1.0
37,bsps,ack,0.6,96,0.96,18.696,604.1240084210527,0.0783750099190184,1.462821052631579,30.896498814339516,118.0,15.736,80.552,0.28504072010287185,0.7779612505504183,0,0.15239224438554888,1.0
38,bsps,ack,0.6,100,1.0,15.596,602.6967797979798,0.09067936838034876,1.4122424242424243,30.721618887015175,115.0,17.852,82.048,0.28737067427755975,0.7815311180466312,0,0.17005059021922428,1.0
39,bsps,ack,0.6,100,1.0,16.38,600.9633252525252,0.08571173594016733,1.4021414141414144,29.404235419867728,115.0,17.04,83.084,0.282904984423676,0.7796124184298991,0,0.16019774200013362,1.0
40,bsps,ack,0.6,100,1.0,16.152,604.181187878788,0.08982206660441955,1.446949494949495,30.489430456442708,116.0,17.364,82.956,0.28596187175043325,0.7791587948692453,0,0.16339033257035143,1.0
41,bsps,ack,0.6,100,1.0,16.68,601.5537131313132,0.08347621700815715,1.390909090909091,31.394376693766937,116.0,18.164,81.964,0.2904692615496544,0.7806132165301847,0,0.16964769647696476,1.0
42,bsps,ack,0.6,100,1.0,15.576,602.5866181818182,0.09074539396696259,1.4111515151515153,30.26278264412304,115.0,17.772,82.212,0.28886458902861306,0.7788452392276229,0,0.1692130101174713,1.0
43,bsps,ack,0.6,96,0.96,16.64,600.9481347368422,0.08258176971761785,1.3686736842105265,31.32801742307152,117.0,17.804,77.788,0.2774406103693428,0.7720110389032315,0,0.18596318673598428,1.0
44,bsps,ack,0.6,100,1.0,16.78,600.6611676767677,0.08227817389582096,1.3792727272727272,31.095765516309854,116.0,17.928,82.092,0.28696873902353354,0.7754950953174162,0,0.1701222394813264,1.0
45,bsps,ack,0.6,100,1.0,15.624,603.4545252525252,0.09144099045471595,1.4266666666666667,30.531380190834565,115.0,17.768,82.252,0.28212187958883994,0.775587566338135,0,0.17054159387179144,1.0
46,bsps,ack,0.6,99,0.99,17.384,602.1602489795919,0.0813374321658488,1.4121632653061225,31.435366269165247,117.0,17.4,81.716,0.2876247880956866,0.7789225787459523,0,0.16497444633730834,1.0
47,bsps,ack,0.6,100,1.0,16.56,598.1239070707071,0.08059716107956562,1.3322424242424242,30.746951628031624,116.0,17.948,81.656,0.2887548181665829,0.7814098673372063,0,0.17238375988208496,1.0
48,bsps,ack,0.6,99,0.99,16.556,599.7747142857144,0.08332103252328502,1.375714285714286,30.242217832572713,116.0,17.324,81.928,0.28232840348881305,0.7761588108742421,0,0.1653157141884068,1.0
49,bsps,ack,0.6,100,1.0,16.496,599.3900646464648,0.08209940212484074,1.3515151515151516,30.88471633353523,115.0,18.16,81.58,0.29067984324416424,0.7791752762555026,0,0.1730937478968975,1.0
0,bsps,ack,0.7,99,0.99,18.316,604.7334163265307,0.08257194206687003,1.5072244897959186,28.262877030162414,115.0,13.76,84.844,0.2223608684801597,0.8106105765136677,0,0.136368909512761,1.0
1,bsps,ack,0.7,100,1.0,17.184,606.3587434343435,0.09036613294972429,1.5507474747474748,27.752832369942197,117.0,12.884,86.864,0.22880434782608697,0.8112582781456954,0,0.1230057803468208,1.0
2,bsps,ack,0.7,100,1.0,18.04,603.8228242424243,0.08322674787086552,1.4992323232323232,27.980879650895726,116.0,13.604,86.08,0.23271543086172344,0.8108012080298455,0,0.1290767110702802,1.0
3,bsps,ack,0.7,99,0.99,16.328,603.5360530612245,0.09125356237733188,1.488122448979592,26.429944654820858,114.0,13.848,84.844,0.23103030303030303,0.8135578947368421,0,0.13399359161083602,1.0
4,bsps,ack,0.7,100,1.0,16.828,605.1241818181819,0.08989608798685166,1.5098181818181817,27.804527343073282,116.0,14.06,85.648,0.22920650095602293,0.8127797115862755,0,0.13535831841542992,1.0
5,bsps,ack,0.7,97,0.97,17.08,602.7770208333335,0.08651956645596835,1.4747916666666665,26.912579703235803,116.0,13.44,82.916,0.23756248512258987,0.8174122333803635,0,0.1338418449436863,1.0
6,bsps,ack,0.7,100,1.0,18.22,605.2480161616162,0.08358838212584342,1.5187070707070707,28.374710379981465,117.0,13.776,85.856,0.23242574257425744,0.8118673647469459,0,0.13287766450417052,1.0
7,bsps,ack,0.7,100,1.0,15.972,602.2921898989899,0.09170587607744471,1.461939393939394,27.184150943396226,115.0,14.316,85.344,0.22993389990557128,0.8091393374396537,0,0.13875181422351235,1.0
8,bsps,ack,0.7,100,1.0,19.824,601.5509616161618,0.0739918743568519,1.463919191919192,29.168504937344807,118.0,13.636,86.128,0.2292197858235594,0.8125882768361582,0,0.12998787318819657,1.0
9,bsps,ack,0.7,100,1.0,18.58,603.3129292929293,0.08002106658009651,1.4819797979797982,29.020597084008333,118.0,14.012,85.628,0.2319262493934983,0.8130156592018858,0,0.13515389956028698,1.0
10,bsps,ack,0.7,100,1.0,18.916,606.0513575757576,0.08065071270787566,1.5212121212121212,29.016500317313795,119.0,14.092,85.352,0.2270081490104773,0.811561621838619,0,0.13915652224081232,1.0
11,bsps,ack,0.7,100,1.0,19.28,604.0274262626264,0.07816357332229365,1.503959595959596,29.083290073253735,117.0,13.58,86.068,0.23224520308995764,0.8128318969269609,0,0.13018399953855916,1.0
12,bsps,ack,0.7,100,1.0,16.496,603.5736161616163,0.09034444613216543,1.4869898989898989,27.266287487073424,115.0,13.972,85.564,0.22818311874105865,0.811877903118779,0,0.13615994484660462,1.0
13,bsps,ack,0.7,100,1.0,16.764,603.1999272727272,0.0884108226845585,1.4798383838383837,27.193866943866944,115.0,14.016,85.552,0.23497397065783246,0.8145375914836993,0,0.13473088473088474,1.0
14,bsps,ack,0.7,100,1.0,15.872,603.922682828283,0.09403165549047901,1.490989898989899,26.79031141868512,114.0,14.136,85.464,0.22976810222432562,0.810129740518962,0,0.1370242214532872,1.0
15,bsps,ack,0.7,100,1.0,16.2,603.4041454545455,0.09238461647285177,1.4938989898989898,26.77985636511062,115.0,13.444,86.132,0.23197804938887504,0.8128100252371421,0,0.1300243252635237,1.0
16,bsps,ack,0.7,82,0.82,17.336,605.4095308641977,0.08777858089304598,1.5189135802469136,27.683153562304852,116.0,11.48,70.16,0.2352589045196049,0.8128387713890955,0,0.13248651717286403,1.0
17,bsps,ack,0.7,97,0.97,17.816,604.0148375,0.0850464752823644,1.512625,26.55472680992127,116.0,12.516,83.968,0.2286015275217277,0.8120149730667398,0,0.12543657136091874,1.0
18,bsps,ack,0.7,100,1.0,18.036,603.0421494949496,0.08236279443905861,1.4832323232323232,27.53548349873067,116.0,13.816,85.832,0.23184152604548788,0.8127947860389332,0,0.1325294253404108,1.0
19,bsps,ack,0.7,100,1.0,17.928,603.9320969696971,0.08358858606706904,1.4972525252525253,28.26799977015457,116.0,13.8,85.736,0.22385861561119294,0.8111688747274861,0,0.13583864850887778,1.0
20,bsps,ack,0.7,100,1.0,16.036,604.7776808080808,0.0941202538928029,1.5075959595959596,26.483680555555555,114.0,13.888,85.688,0.239770279971285,0.8159208188816512,0,0.13217592592592592,1.0
21,bsps,ack,0.7,100,1.0,16.616,606.0530141414142,0.09190746352413019,1.5242424242424242,27.93926635136694,116.0,14.052,85.56,0.23237410071942446,0.8112426035502959,0,0.13536740108432346,1.0
22,bsps,ack,0.7,97,0.97,15.852,604.8492125000001,0.09485354808590102,1.502375,27.402114516512235,115.0,13.828,82.696,0.2311046511627907,0.8128369272237197,0,0.13821572820147304,1.0
23,bsps,ack,0.7,97,0.97,17.492,606.8101541666667,0.08863567394794175,1.5494583333333334,28.487971894724307,117.0,12.988,83.688,0.23355006501950584,0.8123796423658872,0,0.12772418720971776,1.0
24,bsps,ack,0.7,100,1.0,16.904,605.8311232323232,0.0904130421865716,1.525777777777778,28.32213404390894,116.0,13.932,85.792,0.22505040322580644,0.8107873742629206,0,0.1353183108382089,1.0
25,bsps,ack,0.7,99,0.99,17.016,603.5660163265308,0.08760526019931783,1.4894285714285715,27.293051006083296,115.0,13.736,84.848,0.22711614173228348,0.8102858120828341,0,0.13599672437997193,1.0
26,bsps,ack,0.7,100,1.0,18.672,604.2457333333334,0.08114303440319952,1.5132929292929291,27.256589595375722,116.0,13.324,86.44,0.2367810162496776,0.8170457610356918,0,0.1254913294797688,1.0
27,bsps,ack,0.7,100,1.0,16.476,603.4940686868688,0.09124356509217191,1.4987474747474747,25.654623779437106,114.0,13.22,86.3,0.2240102171136654,0.8137246439361243,0,0.12975301550832855,1.0
28,bsps,ack,0.7,100,1.0,16.492,602.3341090909091,0.08894392147431364,1.4645252525252526,27.05476603119584,115.0,14.24,85.44,0.23651551312649163,0.8137171888230313,0,0.13535528596187174,1.0
29,bsps,ack,0.7,100,1.0,16.872,604.8422545454545,0.09009105954627111,1.5184242424242425,26.62630601346645,115.0,13.54,86.236,0.22996957403651117,0.810896868919158,0,0.12996285117250986,1.0
30,bsps,ack,0.7,93,0.93,16.372,607.5126000000001,0.09458806512190043,1.5425652173913045,28.710890474713,115.0,13.364,79.14,0.23372781065088757,0.814862322558577,0,0.1386906608749612,1.0
31,bsps,ack,0.7,100,1.0,15.448,604.3861696969697,0.09719074549270627,1.4987070707070707,27.12253905569429,115.0,14.168,85.484,0.23596304193319118,0.8109347143220986,0,0.13583831813694175,1.0
32,bsps,ack,0.7,100,1.0,17.996,603.7045575757576,0.08290217308968599,1.4882020202020203,28.00305863342567,116.0,14.104,85.416,0.234375,0.8096472161845846,0,0.13613804247460756,1.0
33,bsps,ack,0.7,100,1.0,17.36,606.1252323232324,0.08891207134989385,1.5414141414141416,27.467308138186876,115.0,13.232,86.332,0.23204837490551777,0.811984753124723,0,0.1281010897287271,1.0
34,bsps,ack,0.7,100,1.0,16.404,605.8329454545456,0.0936638127304794,1.5346666666666668,27.27529641993784,115.0,13.404,86.364,0.22502628811777076,0.8130582350839586,0,0.12915851272015655,1.0
35,bsps,ack,0.7,100,1.0,22.328,599.3472444444445,0.06457810782529179,1.4385050505050505,30.160293438077634,119.0,13.196,86.584,0.22823721436343852,0.8112351049744657,0,0.12673290203327173,1.0
36,bsps,ack,0.7,97,0.97,18.44,601.5444708333334,0.07819441984761741,1.4395833333333332,30.001952662721894,117.0,14.456,81.932,0.22829067641681902,0.8152866242038217,0,0.14644970414201183,1.0
37,bsps,ack,0.7,96,0.96,19.284,606.9947031578948,0.08141600435557417,1.5674105263157894,27.692427323842566,118.0,12.016,83.728,0.23929183323814962,0.8211358313817331,0,0.11592295729154205,1.0
38,bsps,ack,0.7,100,1.0,15.916,605.6560686868687,0.09554254732195909,1.5179797979797982,27.569410000576735,115.0,14.084,85.44,0.23118788452437292,0.8153006354896529,0,0.13587865505507815,1.0
39,bsps,ack,0.7,100,1.0,16.824,603.7073131313132,0.08944731647399345,1.502787878787879,26.678800366300365,115.0,13.356,86.316,0.2231748506105482,0.81308657135339,0,0.12872023809523808,1.0
40,bsps,ack,0.7,100,1.0,16.552,607.2052121212122,0.09416858406662328,1.5557979797979797,27.395048934945308,116.0,13.376,86.408,0.22664941785252263,0.814580588493632,0,0.12832469775474956,1.0
41,bsps,ack,0.7,100,1.0,17.056,604.3377414141415,0.08763917364216642,1.4926868686868688,28.88187561583493,116.0,14.508,85.264,0.22676937891189214,0.8086273847712308,0,0.1407291485538747,1.0
42,bsps,ack,0.7,100,1.0,15.872,605.3056161616163,0.09539922379726301,1.5115151515151515,27.370922809053976,115.0,14.104,85.456,0.23330129745314754,0.8113701638790336,0,0.13720255368543238,1.0
43,bsps,ack,0.7,96,0.96,17.188,603.8371242105263,0.08610562751046862,1.4746526315789474,27.95052663256094,116.0,14.212,81.136,0.22257916475447453,0.8090492010757792,0,0.1485404754739693,1.0
44,bsps,ack,0.7,100,1.0,17.144,603.3845656565657,0.08639569829703989,1.479878787878788,28.29137044101497,116.0,14.212,85.316,0.2305729529111575,0.8092542456313069,0,0.13866250505751113,1.0
45,bsps,ack,0.7,100,1.0,15.988,606.5449494949495,0.09622608625941959,1.536929292929293,27.177327422419253,115.0,13.848,85.796,0.22875336762184667,0.8145506419400856,0,0.13339858368357418,1.0
46,bsps,ack,0.7,99,0.99,17.792,605.1014979591838,0.08537267538594387,1.5171428571428571,28.398300151356388,116.0,13.632,85.012,0.23917371826779493,0.8170179411252395,0,0.13016649202468272,1.0
47,bsps,ack,0.7,100,1.0,17.008,600.7826989898991,0.08460100593134648,1.436929292929293,27.709886454868677,116.0,14.112,85.176,0.2345540328016176,0.8194497662656143,0,0.1375157701571281,1.0
48,bsps,ack,0.7,99,0.99,16.792,602.549636734694,0.08825352509424823,1.4789795918367348,27.02173279729651,116.0,13.524,85.2,0.22731854838709678,0.812955254942768,0,0.13109596224436287,1.0
49,bsps,ack,0.7,100,1.0,16.872,602.0303111111112,0.08619367067401124,1.4516363636363636,28.143566930498583,115.0,14.584,84.92,0.23270440251572327,0.8102486452024227,0,0.14177595470564447,1.0
0,bsps,ack,0.8,99,0.99,18.86,607.858493877551,0.08624474143040675,1.6211428571428572,24.920279933059486,115.0,9.8,88.548,0.1526491293071508,0.856486093019692,0,0.09807799584157412,1.0
1,bsps,ack,0.8,100,1.0,17.536,609.1515070707071,0.0943847385099707,1.6533333333333335,24.887389436441747,116.0,9.156,90.172,0.1560369033293221,0.8536191205239432,0,0.09067475360121303,1.0
2,bsps,ack,0.8,100,1.0,18.588,606.7862101010103,0.08662431817313138,1.6085252525252527,24.89091823899371,115.0,9.688,89.652,0.16906077348066298,0.8567211806940567,0,0.09343396226415095,1.0
3,bsps,ack,0.8,99,0.99,16.7,606.605436734694,0.09594538815526209,1.6008163265306121,23.294674676713164,114.0,9.876,88.5,0.15395840933965707,0.8573044724338186,0,0.09912432542510946,1.0
4,bsps,ack,0.8,100,1.0,17.424,608.142795959596,0.0931661089741585,1.6210505050505053,24.552703385548256,116.0,10.068,89.284,0.16672504378283712,0.8583053378126166,0,0.09813036887316827,1.0
5,bsps,ack,0.8,97,0.97,17.532,605.6423416666668,0.09036144704592362,1.5812916666666665,23.851859579573315,114.0,9.796,86.348,0.17397355601948503,0.8598983253588517,0,0.09889937927077357,1.0
6,bsps,ack,0.8,100,1.0,18.856,608.3379030303031,0.08657047456232184,1.6290909090909091,25.34902556314857,117.0,9.86,89.408,0.1677465802735781,0.8552114447413929,0,0.09724120475828904,1.0
7,bsps,ack,0.8,100,1.0,16.448,605.268080808081,0.09581616161616162,1.5738181818181818,24.004005882054663,115.0,10.268,89.02,0.16198404439819633,0.8542679733672477,0,0.10192180923888242,1.0
8,bsps,ack,0.8,100,1.0,20.464,604.4679676767679,0.07715659091175434,1.5755555555555556,26.175671581498687,117.0,9.556,89.82,0.16122913505311076,0.858332012050103,0,0.09356695617047062,1.0
9,bsps,ack,0.8,100,1.0,19.188,606.2677090909092,0.08329379573910017,1.594949494949495,25.75283446712018,117.0,9.872,89.36,0.1654081265731751,0.8583100083213556,0,0.09735449735449736,1.0
10,bsps,ack,0.8,100,1.0,19.612,609.0964565656566,0.08353821534155526,1.63410101010101,25.485240413877055,118.0,10.096,89.092,0.17350050830227043,0.8603521994347416,0,0.09925948468249138,1.0
11,bsps,ack,0.8,100,1.0,19.928,607.172096969697,0.08132375045357501,1.6176969696969699,25.881885406710598,117.0,9.552,89.76,0.16343283582089552,0.8594383775351014,0,0.09326424870466321,1.0
12,bsps,ack,0.8,100,1.0,17.012,606.6824444444445,0.09432334038701427,1.602141414141414,23.785894079742246,114.0,9.876,89.36,0.1707231040564374,0.8614237793514722,0,0.09635521546516311,1.0
13,bsps,ack,0.8,100,1.0,17.092,605.9837535353536,0.09286224143742203,1.5848888888888888,24.08249303268305,115.0,10.268,89.056,0.16820829051044878,0.8554497036981472,0,0.1003800354699772,1.0
14,bsps,ack,0.8,100,1.0,16.272,606.9289212121213,0.09851302568165313,1.6012121212121213,23.45148213833291,114.0,10.24,89.088,0.17300445357999314,0.8567999399894982,0,0.09941727894603496,1.0
15,bsps,ack,0.8,100,1.0,16.592,606.2053333333333,0.09650827839553329,1.5982626262626263,23.699590143196883,115.0,9.676,89.548,0.17033561891014073,0.8565480399088695,0,0.09517785761271062,1.0
16,bsps,ack,0.8,82,0.82,17.988,608.7762271604938,0.09117847511540896,1.6377283950617285,24.40892262125139,116.0,8.044,73.268,0.17264276228419656,0.8596892574587742,0,0.09440947797112181,1.0
17,bsps,ack,0.8,97,0.97,18.364,606.7977833333334,0.08808683637197569,1.6147083333333334,23.6508497479341,115.0,9.0,87.216,0.15844660194174756,0.8556878850102669,0,0.09261472896419105,1.0
18,bsps,ack,0.8,100,1.0,18.504,605.9989575757577,0.08613506965075593,1.592121212121212,24.36538072093965,115.0,9.924,89.396,0.1717530163236338,0.8574079802041448,0,0.09624341838801134,1.0
19,bsps,ack,0.8,100,1.0,18.396,607.0184848484848,0.08748889618580022,1.6083636363636364,25.079552892603594,115.0,9.92,89.372,0.15757137694253703,0.8565706944759314,0,0.09863551684205227,1.0
20,bsps,ack,0.8,100,1.0,16.5,607.543082828283,0.09763332012939856,1.6092525252525252,23.78655564581641,114.0,10.288,89.02,0.1702200825309491,0.8533455545371219,0,0.10062956945572706,1.0
21,bsps,ack,0.8,100,1.0,17.076,609.1867434343435,0.09612079289628309,1.6390707070707071,24.50453172205438,116.0,9.96,89.316,0.16357804704205275,0.8568288616037593,0,0.09798590130916415,1.0
22,bsps,ack,0.8,97,0.97,16.228,607.8772166666668,0.09941267069327732,1.612,24.321030132415807,115.0,10.088,86.168,0.1618679775280899,0.8533302919708029,0,0.10374309248253571,1.0
23,bsps,ack,0.8,97,0.97,17.864,609.8577625,0.0928711748222681,1.6582916666666665,25.599750493814327,117.0,9.22,87.072,0.15363565285379202,0.854740813648294,0,0.09496829192223724,1.0
24,bsps,ack,0.8,100,1.0,17.38,609.0136080808081,0.0944053486359988,1.6391111111111112,24.989755033727242,116.0,9.9,89.428,0.1652014652014652,0.8568519968676586,0,0.09717502662676877,1.0
25,bsps,ack,0.8,99,0.99,17.324,606.5502530612246,0.09240938041883419,1.5998775510204082,23.721972865449352,114.0,9.804,88.428,0.1706618962432916,0.8575067541489773,0,0.09696011425073957,1.0
26,bsps,ack,0.8,100,1.0,18.996,607.2160202020203,0.08536222413828193,1.6199191919191922,24.137932782480863,115.0,9.504,89.852,0.17466266866566715,0.8590658449562115,0,0.09139757692502662,1.0
27,bsps,ack,0.8,100,1.0,16.98,606.196905050505,0.0944483057266855,1.5989898989898992,22.537065052950076,113.0,9.64,89.592,0.16152716593245228,0.855275516593613,0,0.09581442259203228,1.0
28,bsps,ack,0.8,100,1.0,17.012,605.4235151515152,0.09302088202284281,1.580686868686869,23.74042058436963,115.0,10.08,89.296,0.17269217269217269,0.8585658885255875,0,0.09720958447073097,1.0
29,bsps,ack,0.8,100,1.0,17.152,607.8979191919193,0.09502730191491801,1.6275555555555556,23.29688054780624,114.0,9.628,89.728,0.16771799628942485,0.8568697729988053,0,0.09383717981232564,1.0
30,bsps,ack,0.8,93,0.93,16.996,610.8083608695653,0.09786973996692498,1.6578695652173912,25.731157688966118,115.0,9.612,82.568,0.15984052192823486,0.8548995458394273,0,0.10360556038227628,1.0
31,bsps,ack,0.8,100,1.0,15.832,607.5985494949497,0.10216210706504825,1.6145858585858586,23.836716100622564,114.0,10.088,89.26,0.16147308781869688,0.855191256830601,0,0.09910411499721618,1.0
32,bsps,ack,0.8,100,1.0,18.552,606.7591393939396,0.0863517995573207,1.5989090909090908,24.956348203910473,115.0,10.184,89.02,0.16779891304347827,0.85292349316098,0,0.10079320972060829,1.0
33,bsps,ack,0.8,100,1.0,17.696,609.1533414141414,0.0933200923927962,1.6483636363636365,24.349386022537775,115.0,9.472,89.768,0.16269545793000745,0.8560967844635466,0,0.09404214462580221,1.0
34,bsps,ack,0.8,100,1.0,16.796,608.845595959596,0.09802147431363117,1.6444040404040403,24.09832520243424,115.0,9.42,89.896,0.15181388012618297,0.8576700898587933,0,0.09384901674797566,1.0
35,bsps,ack,0.8,100,1.0,22.844,601.9921656565657,0.06761648014114417,1.5422626262626262,27.04956591964466,118.0,9.328,90.028,0.1630043947263284,0.8561334808887375,0,0.09105592570159499,1.0
36,bsps,ack,0.8,97,0.97,19.112,604.8391000000001,0.08175125313283207,1.5607083333333334,26.335644076564925,117.0,10.368,85.824,0.17373872368860674,0.8631549414322789,0,0.10372478013450595,1.0
37,bsps,ack,0.8,96,0.96,19.812,609.6725431578949,0.08417495226244616,1.664884210526316,25.082241515390688,115.0,8.62,86.728,0.1742549668874172,0.860772895712017,0,0.08592475664298868,1.0
38,bsps,ack,0.8,100,1.0,16.26,608.8456484848484,0.10052561280404416,1.632121212121212,24.22149721800708,115.0,10.124,89.172,0.16626086956521738,0.8592293577981651,0,0.09934243803743045,1.0
39,bsps,ack,0.8,100,1.0,17.212,606.5454262626263,0.0934469912402317,1.6063838383838382,23.685430630449027,115.0,9.652,89.68,0.15842696629213482,0.8552464228934817,0,0.09499571637353223,1.0
40,bsps,ack,0.8,100,1.0,16.948,610.0874303030304,0.09808624966555823,1.6595555555555555,24.3266029047113,115.0,9.632,89.732,0.16598436918496465,0.8570405158003661,0,0.09402358180254036,1.0
41,bsps,ack,0.8,100,1.0,17.5,607.4125616161616,0.09183428714388467,1.6048888888888888,25.568665278976493,116.0,10.5,88.912,0.16001388406803194,0.85105572071042,0,0.10326445651622075,1.0
42,bsps,ack,0.8,100,1.0,16.148,608.3851636363637,0.10078488526723822,1.6247676767676766,23.871385741145385,115.0,10.076,89.172,0.1719187675070028,0.8565124771758977,0,0.09909040093500686,1.0
43,bsps,ack,0.8,96,0.96,17.82,607.0962189473685,0.08969771966034798,1.5940631578947368,24.143037574992107,113.0,10.236,84.948,0.16408355795148247,0.8577537058152793,0,0.10619934743711189,1.0
44,bsps,ack,0.8,100,1.0,17.64,606.4149616161617,0.09040845329803018,1.592969696969697,24.848234106962664,116.0,10.192,89.068,0.17346938775510204,0.8584070796460177,0,0.09924318869828457,1.0
45,bsps,ack,0.8,100,1.0,16.34,609.5697575757575,0.10075319865319864,1.644808080808081,24.069204327166112,115.0,10.044,89.28,0.16452991452991453,0.8573377804730139,0,0.0986755636437165,1.0
46,bsps,ack,0.8,99,0.99,18.3,608.2153836734695,0.08906773912572546,1.628204081632653,25.519728792822185,116.0,9.74,88.552,0.16740088105726872,0.8580932999373826,0,0.09660481239804242,1.0
47,bsps,ack,0.8,100,1.0,17.476,603.3957494949495,0.08826896501999701,1.5404040404040404,24.5071104387292,115.0,10.432,88.736,0.1775549805950841,0.86188228761799,0,0.10136157337367625,1.0
48,bsps,ack,0.8,99,0.99,17.132,605.3025918367348,0.0925419873212443,1.5822448979591837,23.97033336731573,115.0,9.8,88.54,0.16021897810218977,0.8543887147335423,0,0.09756346212661841,1.0
49,bsps,ack,0.8,100,1.0,17.396,604.9767474747475,0.09005145625501663,1.5642828282828283,24.873675713853295,115.0,10.504,88.668,0.16666666666666666,0.85552853669003,0,0.10422762587024519,1.0
0,bsps,ack,0.9,99,0.99,19.284,611.4159061224491,0.09100509496120163,1.7511836734693877,20.694120834462204,106.75,5.28,92.788,0.08857142857142856,0.9195121951219513,0,0.053147295222613564,1.0
1,bsps,ack,0.9,100,1.0,17.964,612.3695797979799,0.09865887721383078,1.7704242424242425,21.2229918143384,19.0,5.088,94.044,0.09368029739776952,0.9154591243703991,0,0.04992354052352253,1.0
2,bsps,ack,0.9,100,1.0,19.184,610.2148040404041,0.09049717957003818,1.7344646464646463,21.238674082712837,107.0,5.272,93.816,0.10091743119266056,0.9183112846092677,0,0.05140396519242846,1.0
3,bsps,ack,0.9,99,0.99,17.172,609.9677877551021,0.10057429638522075,1.7253061224489799,19.345419067931207,110.0,5.532,92.588,0.08636052090472926,0.917337184512757,0,0.05554295049235377,1.0
4,bsps,ack,0.9,100,1.0,18.036,611.5419191919193,0.09703202649126283,1.74820202020202,20.711283732207804,107.0,5.58,93.528,0.0966022651565623,0.918028340904468,0,0.05486956131291815,1.0
5,bsps,ack,0.9,97,0.97,18.116,609.0697291666668,0.09447131027118451,1.709041666666667,20.08339882575933,110.0,5.532,90.536,0.08975217682518419,0.9172596056108965,0,0.05681660579723545,1.0
6,bsps,ack,0.9,100,1.0,19.752,611.8978101010101,0.08909470576818358,1.7566060606060605,21.736404494382022,109.0,5.484,93.612,0.09465020576131687,0.915752741774676,0,0.05420224719101124,1.0
7,bsps,ack,0.9,100,1.0,16.992,608.6613252525253,0.10024223278537002,1.7016161616161616,20.023093229894908,109.0,5.768,93.304,0.10402042118698149,0.9155485936116597,0,0.05687609940913806,1.0
8,bsps,ack,0.9,100,1.0,21.12,607.6702747474748,0.08048898324783492,1.6975757575757577,22.620896860986548,109.0,5.196,93.904,0.09018181818181818,0.9188468468468468,0,0.05147982062780269,1.0
9,bsps,ack,0.9,100,1.0,19.916,609.5541414141416,0.08651640906584146,1.7202424242424246,22.013154940959907,108.0,5.46,93.596,0.10094850948509485,0.9184109060864776,0,0.05392178871279127,1.0
10,bsps,ack,0.9,100,1.0,20.624,612.6158383838384,0.08569740363471728,1.7636363636363634,21.905868080517614,111.0,5.628,93.428,0.08929743926460933,0.917974650292244,0,0.056479151689432065,1.0
11,bsps,ack,0.9,100,1.0,20.696,610.5922828282829,0.08418143123342486,1.7394747474747474,22.47450418587993,111.0,5.372,93.74,0.08852691218130311,0.9173764906303237,0,0.05318529793615973,1.0
12,bsps,ack,0.9,100,1.0,17.636,610.1251111111111,0.09818933851761509,1.7294141414141413,20.21604551155707,111.0,5.46,93.616,0.10006761325219743,0.92011373637533,0,0.053664217882099984,1.0
13,bsps,ack,0.9,100,1.0,17.524,609.3371636363637,0.09778376124506155,1.7116767676767677,20.17342108822071,111.0,5.788,93.316,0.09673286354900705,0.9147661515419702,0,0.05720596853446333,1.0
14,bsps,ack,0.9,100,1.0,16.748,610.5501696969698,0.10358397042318612,1.733212121212121,19.516021751831378,111.0,5.64,93.452,0.10553745928338762,0.9177709819911655,0,0.055053705451440386,1.0
15,bsps,ack,0.9,100,1.0,17.344,609.57458989899,0.09949777704808664,1.7235151515151514,20.23310431541605,108.0,5.304,93.74,0.09603340292275574,0.9171585010310744,0,0.05285374287125601,1.0
16,bsps,ack,0.9,82,0.82,18.728,612.3829777777778,0.09439196384206702,1.7654814814814814,20.901539641663472,109.0,4.42,76.664,0.09499575911789652,0.9180710396681359,0,0.05303818968823626,1.0
17,bsps,ack,0.9,97,0.97,18.888,609.9937083333335,0.09179434393274855,1.7308333333333332,19.875098594163227,104.0,5.108,90.948,0.09626436781609195,0.9160053900284474,0,0.0523824989560618,1.0
18,bsps,ack,0.9,100,1.0,19.004,609.2939595959597,0.0903431626203556,1.7153939393939395,20.75165458556571,112.0,5.564,93.504,0.096579476861167,0.9158426257100778,0,0.0552879203998019,1.0
19,bsps,ack,0.9,100,1.0,18.884,610.5095515151515,0.09187240829346092,1.733939393939394,21.283219608547316,113.0,5.572,93.5,0.08992562542258282,0.9164658081399353,0,0.05557550727240079,1.0
20,bsps,ack,0.9,100,1.0,16.976,611.1142626262626,0.10252680398758829,1.7395959595959594,19.840257750540736,111.0,5.744,93.328,0.10682110682110682,0.9153398864737644,0,0.056281542898341745,1.0
21,bsps,ack,0.9,100,1.0,17.588,612.6735353535354,0.10052112629563609,1.7667474747474747,20.54125811506604,110.0,5.508,93.548,0.0918918918918919,0.9168732782369146,0,0.054846653234833224,1.0
22,bsps,ack,0.9,97,0.97,16.496,611.4863208333335,0.1056781352124183,1.7421666666666664,20.09350781938837,111.0,5.72,90.324,0.0940337224383917,0.9131968460367962,0,0.05912107290361502,1.0
23,bsps,ack,0.9,97,0.97,18.252,613.1548583333336,0.09732322124756335,1.7755416666666666,22.04217314651573,114.0,5.304,90.792,0.08695652173913043,0.9133887765040833,0,0.054746218799294796,1.0
24,bsps,ack,0.9,100,1.0,17.916,612.5764767676769,0.09864417133147783,1.7660202020202018,21.33601944807095,113.0,5.512,93.576,0.08484005563282336,0.915090314322287,0,0.055553054517624816,1.0
25,bsps,ack,0.9,99,0.99,17.76,609.9565795918369,0.0972096285882774,1.7256326530612243,19.89339986391472,112.0,5.492,92.596,0.09864864864864865,0.9169586545199719,0,0.05461555908369245,1.0
26,bsps,ack,0.9,100,1.0,19.4,610.6933010101011,0.08994598677323136,1.7435151515151515,20.523281995856976,107.0,5.216,93.872,0.09489575844716032,0.9168197516349474,0,0.0516977393497253,1.0
27,bsps,ack,0.9,100,1.0,17.776,609.4599636363638,0.09694537688546975,1.7191919191919192,18.817213483146066,105.0,5.468,93.6,0.09754433833560709,0.9157047171155764,0,0.054112359550561796,1.0
28,bsps,ack,0.9,100,1.0,17.472,608.8956444444444,0.0980128130288089,1.7105050505050505,19.978455612290603,107.0,5.504,93.632,0.07788595271210014,0.9169756901524516,0,0.05504792618471737,1.0
29,bsps,ack,0.9,100,1.0,17.712,611.3513898989901,0.09895751373382954,1.750787878787879,19.777247342821113,111.0,5.36,93.756,0.08937368050668543,0.9157567430761443,0,0.053053503873176006,1.0
30,bsps,ack,0.9,93,0.93,17.832,614.7556782608696,0.10090526895350055,1.795304347826087,21.78941029100019,115.0,5.304,86.736,0.09236111111111112,0.9178197064989518,0,0.05694738870687994,1.0
31,bsps,ack,0.9,100,1.0,16.36,611.1196202020203,0.1066333498382518,1.7418181818181817,20.04258099400712,111.0,5.668,93.444,0.09319233311302048,0.9150272658245323,0,0.05600865137656018,1.0
32,bsps,ack,0.9,100,1.0,19.156,610.4854505050507,0.09059486366937348,1.733050505050505,21.0680778545161,111.0,5.584,93.46,0.09504950495049505,0.9166610111978283,0,0.055610368642927614,1.0
33,bsps,ack,0.9,100,1.0,18.228,612.6651070707072,0.09730258102177607,1.7716363636363635,20.683360982827423,111.0,5.268,93.788,0.09359605911330049,0.9164798611613276,0,0.05241447338923015,1.0
34,bsps,ack,0.9,100,1.0,17.28,612.4406343434343,0.10275628663657559,1.7742626262626264,20.04973611235352,19.0,4.932,94.184,0.08444096950742767,0.922454631586619,0,0.04893103139815726,1.0
35,bsps,ack,0.9,100,1.0,23.392,605.1759393939394,0.07117086452707005,1.6627474747474749,23.42875746553505,25.0,5.08,94.076,0.08785332314744079,0.9166215902944131,0,0.04988998158875567,1.0
36,bsps,ack,0.9,97,0.97,19.856,608.5276791666666,0.08551789973299262,1.696,22.726676519490116,114.0,5.836,90.192,0.0907928388746803,0.918334820859365,0,0.060271568446332906,1.0
37,bsps,ack,0.9,96,0.96,20.42,612.8639663157896,0.08730378063556489,1.780842105263158,21.85166838022245,22.0,4.688,90.36,0.09272581934452438,0.9180734458756701,0,0.04864940648658753,1.0
38,bsps,ack,0.9,100,1.0,16.612,612.5809616161617,0.10646233907704496,1.7661818181818183,20.008599838753025,112.0,5.5,93.58,0.08831521739130435,0.9194836305562949,0,0.054779181223685386,1.0
39,bsps,ack,0.9,100,1.0,17.616,610.0413171717173,0.09845373671354062,1.7317979797979797,19.929404900816802,109.0,5.312,93.784,0.08416547788873038,0.9157279029462738,0,0.05304730275558747,1.0
40,bsps,ack,0.9,100,1.0,17.448,613.6344727272727,0.10257775467089192,1.788242424242424,20.395261173936458,18.0,5.148,93.972,0.10397111913357401,0.9210241615578796,0,0.049856399210195655,1.0
41,bsps,ack,0.9,100,1.0,18.104,611.1580404040405,0.09623718697119109,1.7397171717171716,21.700130202487316,114.0,5.792,93.324,0.07343124165554073,0.9120810922631362,0,0.05854622188299735,1.0
42,bsps,ack,0.9,100,1.0,16.56,611.9324282828283,0.10598583877995643,1.753131313131313,20.073795587573166,112.0,5.648,93.416,0.09794837855724686,0.9158672096072883,0,0.056145880234128774,1.0
43,bsps,ack,0.9,96,0.96,18.584,610.7614484210527,0.09322059402893199,1.729221052631579,20.034001498688646,110.0,5.756,89.292,0.09137380191693291,0.9171363783608681,0,0.060134881978269016,1.0
44,bsps,ack,0.9,100,1.0,18.028,610.0409131313132,0.09592754862001507,1.7277979797979799,20.794930257510728,111.0,5.496,93.584,0.09054054054054055,0.9194407456724367,0,0.05454220314735336,1.0
45,bsps,ack,0.9,100,1.0,16.792,613.1658707070708,0.10568591140159768,1.7734545454545454,20.340845829217923,111.0,5.616,93.508,0.08076659822039699,0.9158126418598252,0,0.0562539283469516,1.0
46,bsps,ack,0.9,99,0.99,18.756,611.7697877551021,0.09359838180886389,1.754122448979592,21.835677981484842,112.0,5.484,92.636,0.08047585724282715,0.9149314192310426,0,0.05554547104737702,1.0
47,bsps,ack,0.9,100,1.0,17.98,606.7307111111112,0.09295715323166304,1.669737373737374,20.71726243937489,110.0,5.872,93.156,0.10913549969343961,0.9194656248030751,0,0.05761631040057481,1.0
48,bsps,ack,0.9,99,0.99,17.316,608.7500734693879,0.0988793524427315,1.7094285714285713,19.807094640511032,106.0,5.372,92.708,0.08819444444444445,0.9160028449502133,0,0.05413854029810175,1.0
49,bsps,ack,0.9,100,1.0,17.904,608.4866141414142,0.0948282454750463,1.6964040404040404,20.845828648527096,113.0,5.92,93.14,0.09643080776455855,0.9159903914821788,0,0.05891612322914324,1.0
0,bsps,ack,1.0,99,0.99,19.0,615.7285714285716,0.10042964554242752,1.9081632653061225,15.081632653061224,19.0,0.0,98.0,nan,1.0,0,0.0,1.0
1,bsps,ack,1.0,100,1.0,18.0,616.469696969697,0.10662177328843996,1.9191919191919191,16.363636363636363,18.0,0.0,99.0,nan,1.0,0,0.0,1.0
2,bsps,ack,1.0,100,1.0,20.0,614.4333333333334,0.09444444444444446,1.888888888888889,17.01010101010101,20.0,0.0,99.0,nan,1.0,0,0.0,1.0
3,bsps,ack,1.0,99,0.99,18.0,614.357142857143,0.10487528344671201,1.8877551020408165,14.510204081632653,18.0,0.0,98.0,nan,1.0,0,0.0,1.0
4,bsps,ack,1.0,100,1.0,19.0,615.7909090909092,0.10047846889952151,1.9090909090909096,15.8989898989899,19.0,0.0,99.0,nan,1.0,0,0.0,1.0
5,bsps,ack,1.0,97,0.97,19.0,613.5000000000001,0.09868421052631579,1.875,14.458333333333334,19.0,0.0,96.0,nan,1.0,0,0.0,1.0
6,bsps,ack,1.0,100,1.0,21.0,616.469696969697,0.09139009139009138,1.9191919191919191,17.272727272727273,21.0,0.0,99.0,nan,1.0,0,0.0,1.0
7,bsps,ack,1.0,100,1.0,18.0,613.0757575757577,0.10381593714927047,1.8686868686868687,15.393939393939394,18.0,0.0,99.0,nan,1.0,0,0.0,1.0
8,bsps,ack,1.0,100,1.0,22.0,611.7181818181817,0.0840220385674931,1.848484848484848,18.2020202020202,22.0,0.0,99.0,nan,1.0,0,0.0,1.0
9,bsps,ack,1.0,100,1.0,21.0,613.7545454545456,0.08946608946608947,1.878787878787879,17.858585858585858,21.0,0.0,99.0,nan,1.0,0,0.0,1.0
10,bsps,ack,1.0,100,1.0,22.0,617.148484848485,0.08769513314967861,1.9292929292929295,17.22222222222222,22.0,0.0,99.0,nan,1.0,0,0.0,1.0
11,bsps,ack,1.0,100,1.0,22.0,615.1121212121213,0.08631772268135904,1.8989898989898992,17.88888888888889,22.0,0.0,99.0,nan,1.0,0,0.0,1.0
12,bsps,ack,1.0,100,1.0,19.0,614.4333333333334,0.09941520467836255,1.888888888888889,16.2020202020202,19.0,0.0,99.0,nan,1.0,0,0.0,1.0
13,bsps,ack,1.0,100,1.0,18.0,613.7545454545456,0.10437710437710439,1.878787878787879,14.626262626262626,18.0,0.0,99.0,nan,1.0,0,0.0,1.0
14,bsps,ack,1.0,100,1.0,18.0,615.1121212121213,0.10549943883277214,1.8989898989898992,15.252525252525253,18.0,0.0,99.0,nan,1.0,0,0.0,1.0
15,bsps,ack,1.0,100,1.0,18.0,613.7545454545456,0.10437710437710439,1.878787878787879,15.636363636363637,18.0,0.0,99.0,nan,1.0,0,0.0,1.0
16,bsps,ack,1.0,82,0.82,20.0,616.9222222222222,0.09629629629629631,1.925925925925926,16.604938271604937,20.0,0.0,81.0,nan,1.0,0,0.0,1.0
17,bsps,ack,1.0,97,0.97,20.0,614.2000000000002,0.09427083333333332,1.885416666666667,14.760416666666666,20.0,0.0,96.0,nan,1.0,0,0.0,1.0
18,bsps,ack,1.0,100,1.0,20.0,613.7545454545456,0.09393939393939393,1.878787878787879,15.909090909090908,20.0,0.0,99.0,nan,1.0,0,0.0,1.0
19,bsps,ack,1.0,100,1.0,19.0,615.1121212121213,0.09994683678894202,1.8989898989898992,16.0,19.0,0.0,99.0,nan,1.0,0,0.0,1.0
20,bsps,ack,1.0,100,1.0,18.0,615.7909090909092,0.10606060606060605,1.9090909090909096,15.373737373737374,18.0,0.0,99.0,nan,1.0,0,0.0,1.0
21,bsps,ack,1.0,100,1.0,18.0,617.148484848485,0.10718294051627385,1.9292929292929295,15.333333333333334,18.0,0.0,99.0,nan,1.0,0,0.0,1.0
22,bsps,ack,1.0,97,0.97,17.0,616.3,0.1127450980392157,1.916666666666667,14.822916666666666,17.0,0.0,96.0,nan,1.0,0,0.0,1.0
23,bsps,ack,1.0,97,0.97,19.0,617.7000000000002,0.10197368421052631,1.9375,17.479166666666668,19.0,0.0,96.0,nan,1.0,0,0.0,1.0
24,bsps,ack,1.0,100,1.0,18.0,617.148484848485,0.10718294051627385,1.9292929292929295,15.97979797979798,18.0,0.0,99.0,nan,1.0,0,0.0,1.0
25,bsps,ack,1.0,99,0.99,18.0,614.357142857143,0.10487528344671201,1.8877551020408165,14.316326530612244,18.0,0.0,98.0,nan,1.0,0,0.0,1.0
26,bsps,ack,1.0,100,1.0,20.0,615.1121212121213,0.09494949494949495,1.8989898989898992,15.969696969696969,20.0,0.0,99.0,nan,1.0,0,0.0,1.0
27,bsps,ack,1.0,100,1.0,19.0,613.7545454545456,0.09888357256778309,1.878787878787879,14.151515151515152,19.0,0.0,99.0,nan,1.0,0,0.0,1.0
28,bsps,ack,1.0,100,1.0,18.0,613.0757575757577,0.10381593714927047,1.8686868686868687,14.969696969696969,18.0,0.0,99.0,nan,1.0,0,0.0,1.0
29,bsps,ack,1.0,100,1.0,18.0,615.7909090909092,0.10606060606060605,1.9090909090909096,14.909090909090908,18.0,0.0,99.0,nan,1.0,0,0.0,1.0
30,bsps,ack,1.0,93,0.93,19.0,619.708695652174,0.10354691075514875,1.9673913043478264,17.358695652173914,19.0,0.0,92.0,nan,1.0,0,0.0,1.0
31,bsps,ack,1.0,100,1.0,17.0,615.7909090909092,0.11229946524064173,1.9090909090909096,15.202020202020202,17.0,0.0,99.0,nan,1.0,0,0.0,1.0
32,bsps,ack,1.0,100,1.0,20.0,615.1121212121213,0.09494949494949495,1.8989898989898992,16.626262626262626,20.0,0.0,99.0,nan,1.0,0,0.0,1.0
33,bsps,ack,1.0,100,1.0,19.0,617.148484848485,0.10154173312068049,1.9292929292929295,16.494949494949495,19.0,0.0,99.0,nan,1.0,0,0.0,1.0
34,bsps,ack,1.0,100,1.0,18.0,616.469696969697,0.10662177328843996,1.9191919191919191,15.727272727272727,18.0,0.0,99.0,nan,1.0,0,0.0,1.0
35,bsps,ack,1.0,100,1.0,24.0,609.0030303030305,0.07533670033670034,1.8080808080808084,18.939393939393938,24.0,0.0,99.0,nan,1.0,0,0.0,1.0
36,bsps,ack,1.0,97,0.97,21.0,613.5000000000001,0.08928571428571427,1.875,17.854166666666668,21.0,0.0,96.0,nan,1.0,0,0.0,1.0
37,bsps,ack,1.0,96,0.96,21.0,616.9484210526316,0.09172932330827069,1.926315789473684,17.42105263157895,21.0,0.0,95.0,nan,1.0,0,0.0,1.0
38,bsps,ack,1.0,100,1.0,17.0,617.148484848485,0.1134878193701723,1.9292929292929295,14.727272727272727,17.0,0.0,99.0,nan,1.0,0,0.0,1.0
39,bsps,ack,1.0,100,1.0,19.0,614.4333333333334,0.09941520467836255,1.888888888888889,15.83838383838384,19.0,0.0,99.0,nan,1.0,0,0.0,1.0
40,bsps,ack,1.0,100,1.0,18.0,617.8272727272727,0.10774410774410773,1.939393939393939,15.97979797979798,18.0,0.0,99.0,nan,1.0,0,0.0,1.0
41,bsps,ack,1.0,100,1.0,19.0,615.7909090909092,0.10047846889952151,1.9090909090909096,16.696969696969695,19.0,0.0,99.0,nan,1.0,0,0.0,1.0
42,bsps,ack,1.0,100,1.0,17.0,616.469696969697,0.11289364230540701,1.9191919191919191,15.191919191919192,17.0,0.0,99.0,nan,1.0,0,0.0,1.0
43,bsps,ack,1.0,96,0.96,20.0,615.5336842105263,0.09526315789473686,1.9052631578947365,15.063157894736841,20.0,0.0,95.0,nan,1.0,0,0.0,1.0
44,bsps,ack,1.0,100,1.0,19.0,614.4333333333334,0.09941520467836255,1.888888888888889,16.292929292929294,19.0,0.0,99.0,nan,1.0,0,0.0,1.0
45,bsps,ack,1.0,100,1.0,17.0,617.8272727272727,0.11408199643493756,1.939393939393939,15.131313131313131,17.0,0.0,99.0,nan,1.0,0,0.0,1.0
46,bsps,ack,1.0,99,0.99,19.0,616.4142857142859,0.10096670247046188,1.9183673469387759,16.46938775510204,19.0,0.0,98.0,nan,1.0,0,0.0,1.0
47,bsps,ack,1.0,100,1.0,19.0,611.039393939394,0.09675704412546517,1.8383838383838382,16.02020202020202,19.0,0.0,99.0,nan,1.0,0,0.0,1.0
48,bsps,ack,1.0,99,0.99,18.0,612.9857142857143,0.10374149659863943,1.8673469387755106,15.0,18.0,0.0,98.0,nan,1.0,0,0.0,1.0
49,bsps,ack,1.0,100,1.0,18.0,613.0757575757577,0.10381593714927047,1.8686868686868687,15.121212121212121,18.0,0.0,99.0,nan,1.0,0,0.0,1.0
0,bsps,flood,0.0,99,0.99,9.5,599.8326530612246,0.023899033297529536,0.4540816326530611,nan,nan,49.0,49.0,0.5,nan,0,nan,nan
1,bsps,flood,0.0,100,1.0,9.0,604.4111111111113,0.0255331088664422,0.45959595959595956,nan,nan,49.5,49.5,0.5,nan,0,nan,nan
2,bsps,flood,0.0,100,1.0,10.0,601.1454545454546,0.022222222222222223,0.4444444444444446,nan,nan,49.5,49.5,0.5,nan,0,nan,nan
3,bsps,flood,0.0,99,0.99,9.0,598.7336734693879,0.02465986394557823,0.4438775510204082,nan,nan,49.0,49.0,0.5,nan,0,nan,nan
4,bsps,flood,0.0,100,1.0,9.5,598.9656565656566,0.02392344497607656,0.45454545454545453,nan,nan,49.5,49.5,0.5,nan,0,nan,nan
5,bsps,flood,0.0,97,0.97,9.5,596.9052083333335,0.02302631578947368,0.4375,nan,nan,48.0,48.0,0.5,nan,0,nan,nan
6,bsps,flood,0.0,100,1.0,10.5,601.1434343434345,0.02188552188552189,0.45959595959595956,nan,nan,49.5,49.5,0.5,nan,0,nan,nan
7,bsps,flood,0.0,100,1.0,9.0,598.0969696969697,0.02413019079685746,0.4343434343434343,nan,nan,49.5,49.5,0.5,nan,0,nan,nan
8,bsps,flood,0.0,100,1.0,11.0,600.2767676767678,0.019283746556473826,0.4242424242424242,nan,nan,49.5,49.5,0.5,nan,0,nan,nan
9,bsps,flood,0.0,100,1.0,10.5,598.9676767676768,0.020923520923520917,0.4393939393939394,nan,nan,49.5,49.5,0.5,nan,0,nan,nan
10,bsps,flood,0.0,100,1.0,11.0,598.0929292929294,0.021120293847566578,0.4646464646464646,nan,nan,49.5,49.5,0.5,nan,0,nan,nan
11,bsps,flood,0.0,100,1.0,11.0,600.709090909091,0.020431588613406795,0.44949494949494956,nan,nan,49.5,49.5,0.5,nan,0,nan,nan
12,bsps,flood,0.0,100,1.0,9.5,598.5313131313133,0.02339181286549707,0.4444444444444446,nan,nan,49.5,49.5,0.5,nan,0,nan,nan
13,bsps,flood,0.0,100,1.0,9.0,598.3141414141415,0.024410774410774414,0.4393939393939394,nan,nan,49.5,49.5,0.5,nan,0,nan,nan
14,bsps,flood,0.0,100,1.0,9.0,598.7484848484848,0.024971941638608306,0.44949494949494956,nan,nan,49.5,49.5,0.5,nan,0,nan,nan
15,bsps,flood,0.0,100,1.0,9.0,600.2747474747475,0.024410774410774414,0.4393939393939394,nan,nan,49.5,49.5,0.5,nan,0,nan,nan
16,bsps,flood,0.0,82,0.82,10.0,601.0703703703706,0.023148148148148147,0.46296296296296285,nan,nan,40.5,40.5,0.5,nan,0,nan,nan
17,bsps,flood,0.0,97,0.97,10.0,601.1729166666667,0.022135416666666664,0.44270833333333337,nan,nan,48.0,48.0,0.5,nan,0,nan,nan
18,bsps,flood,0.0,100,1.0,10.0,599.6212121212122,0.02196969696969697,0.4393939393939394,nan,nan,49.5,49.5,0.5,nan,0,nan,nan
19,bsps,flood,0.0,100,1.0,9.5,599.4020202020201,0.02365762892078682,0.44949494949494956,nan,nan,49.5,49.5,0.5,nan,0,nan,nan
20,bsps,flood,0.0,100,1.0,9.0,599.619191919192,0.025252525252525252,0.45454545454545453,nan,nan,49.5,49.5,0.5,nan,0,nan,nan
21,bsps,flood,0.0,100,1.0,9.0,600.0535353535354,0.025813692480359144,0.4646464646464646,nan,nan,49.5,49.5,0.5,nan,0,nan,nan
22,bsps,flood,0.0,97,0.97,8.5,598.4750000000001,0.0269607843137255,0.4583333333333333,nan,nan,48.0,48.0,0.5,nan,0,nan,nan
23,bsps,flood,0.0,97,0.97,9.5,602.2927083333334,0.024671052631578948,0.46875,nan,nan,48.0,48.0,0.5,nan,0,nan,nan
24,bsps,flood,0.0,100,1.0,9.0,601.3606060606061,0.025813692480359144,0.4646464646464646,nan,nan,49.5,49.5,0.5,nan,0,nan,nan
25,bsps,flood,0.0,99,0.99,9.0,599.3938775510205,0.02465986394557823,0.4438775510204082,nan,nan,49.0,49.0,0.5,nan,0,nan,nan
26,bsps,flood,0.0,100,1.0,10.0,602.0161616161618,0.022474747474747477,0.44949494949494956,nan,nan,49.5,49.5,0.5,nan,0,nan,nan
27,bsps,flood,0.0,100,1.0,9.5,600.2747474747475,0.023125996810207335,0.4393939393939394,nan,nan,49.5,49.5,0.5,nan,0,nan,nan
28,bsps,flood,0.0,100,1.0,9.0,598.750505050505,0.02413019079685746,0.4343434343434343,nan,nan,49.5,49.5,0.5,nan,0,nan,nan
29,bsps,flood,0.0,100,1.0,9.0,601.5797979797981,0.025252525252525252,0.45454545454545453,nan,nan,49.5,49.5,0.5,nan,0,nan,nan
30,bsps,flood,0.0,93,0.93,9.5,598.3934782608698,0.02545766590389015,0.483695652173913,nan,nan,46.0,46.0,0.5,nan,0,nan,nan
31,bsps,flood,0.0,100,1.0,8.5,599.619191919192,0.0267379679144385,0.45454545454545453,nan,nan,49.5,49.5,0.5,nan,0,nan,nan
32,bsps,flood,0.0,100,1.0,10.0,598.7484848484848,0.022474747474747477,0.44949494949494956,nan,nan,49.5,49.5,0.5,nan,0,nan,nan
33,bsps,flood,0.0,100,1.0,9.5,602.0141414141415,0.02445507708665604,0.4646464646464646,nan,nan,49.5,49.5,0.5,nan,0,nan,nan
34,bsps,flood,0.0,100,1.0,9.0,602.4505050505051,0.0255331088664422,0.45959595959595956,nan,nan,49.5,49.5,0.5,nan,0,nan,nan
35,bsps,flood,0.0,100,1.0,12.0,602.0222222222224,0.016835016835016838,0.40404040404040403,nan,nan,49.5,49.5,0.5,nan,0,nan,nan
36,bsps,flood,0.0,97,0.97,10.5,594.209375,0.02083333333333333,0.4375,nan,nan,48.0,48.0,0.5,nan,0,nan,nan
37,bsps,flood,0.0,96,0.96,10.5,604.357894736842,0.02205513784461153,0.4631578947368421,nan,nan,47.5,47.5,0.5,nan,0,nan,nan
38,bsps,flood,0.0,100,1.0,8.5,598.7464646464647,0.0273321449792038,0.4646464646464646,nan,nan,49.5,49.5,0.5,nan,0,nan,nan
39,bsps,flood,0.0,100,1.0,9.5,601.1454545454546,0.02339181286549707,0.4444444444444446,nan,nan,49.5,49.5,0.5,nan,0,nan,nan
40,bsps,flood,0.0,100,1.0,9.0,602.2313131313132,0.026094276094276097,0.4696969696969697,nan,nan,49.5,49.5,0.5,nan,0,nan,nan
41,bsps,flood,0.0,100,1.0,9.5,599.619191919192,0.02392344497607656,0.45454545454545453,nan,nan,49.5,49.5,0.5,nan,0,nan,nan
42,bsps,flood,0.0,100,1.0,8.5,599.8363636363638,0.027035056446821144,0.45959595959595956,nan,nan,49.5,49.5,0.5,nan,0,nan,nan
43,bsps,flood,0.0,96,0.96,10.0,595.0515789473686,0.022631578947368426,0.45263157894736844,nan,nan,47.5,47.5,0.5,nan,0,nan,nan
44,bsps,flood,0.0,100,1.0,9.5,597.8777777777779,0.02339181286549707,0.4444444444444446,nan,nan,49.5,49.5,0.5,nan,0,nan,nan
45,bsps,flood,0.0,100,1.0,8.5,600.2707070707072,0.027629233511586453,0.4696969696969697,nan,nan,49.5,49.5,0.5,nan,0,nan,nan
46,bsps,flood,0.0,99,0.99,9.5,600.7122448979592,0.024167561761546722,0.4591836734693878,nan,nan,49.0,49.0,0.5,nan,0,nan,nan
47,bsps,flood,0.0,100,1.0,9.5,594.1777777777779,0.022062732589048374,0.4191919191919193,nan,nan,49.5,49.5,0.5,nan,0,nan,nan
48,bsps,flood,0.0,99,0.99,9.0,599.6153061224489,0.02409297052154195,0.4336734693877551,nan,nan,49.0,49.0,0.5,nan,0,nan,nan
49,bsps,flood,0.0,100,1.0,9.0,596.1363636363637,0.02413019079685746,0.4343434343434343,nan,nan,49.5,49.5,0.5,nan,0,nan,nan
0,bsps,flood,0.02,99,0.99,14.428,607.815106122449,0.041000123635867934,0.5891428571428571,52.4340770791075,115.0,53.36,58.828,0.4951596023024594,0.6688311688311688,0,0.4056795131845842,1.0
1,bsps,flood,0.02,100,1.0,13.784,614.6553777777779,0.046072947640594705,0.6355151515151515,52.03680981595092,115.0,55.404,61.884,0.4939846354544137,0.6504424778761062,0,0.3987730061349693,1.0
2,bsps,flood,0.02,100,1.0,14.792,610.5809696969698,0.0409970556214763,0.6047272727272728,49.6804979253112,116.0,55.584,61.928,0.49438354310461496,0.6716101694915254,0,0.37344398340248963,1.0
3,bsps,flood,0.02,99,0.99,13.496,606.7388408163267,0.04305762505801522,0.5810204081632653,50.81528662420382,114.0,54.74,60.116,0.4946513725995618,0.6659751037344398,0,0.4033970276008493,1.0
4,bsps,flood,0.02,100,1.0,13.316,607.7153010101011,0.04533092877611594,0.6008484848484849,49.704819277108435,114.0,53.42,59.48,0.49467072706509324,0.6700819672131147,0,0.3815261044176707,1.0
5,bsps,flood,0.02,97,0.97,14.116,605.7914916666667,0.04205553244073465,0.591875,51.17391304347826,115.0,54.672,60.264,0.49463321689425216,0.6613861386138614,0,0.3995859213250518,1.0
6,bsps,flood,0.02,100,1.0,14.436,610.1500727272728,0.04246635175084373,0.6091717171717171,53.24063116370809,115.0,54.052,60.464,0.49434163227266675,0.6610878661087866,0,0.4161735700197239,1.0
7,bsps,flood,0.02,100,1.0,12.784,606.113002020202,0.04469643386916114,0.5705858585858586,54.51093439363817,113.0,54.376,59.888,0.4943456162642948,0.6549019607843137,0,0.4393638170974155,1.0
8,bsps,flood,0.02,100,1.0,15.904,607.8474989898989,0.03509476988248919,0.556,47.2635814889336,116.0,55.736,60.752,0.495203998919211,0.6860986547085202,0,0.34808853118712274,1.0
9,bsps,flood,0.02,100,1.0,14.328,607.0753858585858,0.040416361917609694,0.5795555555555555,51.2085020242915,115.0,54.748,60.012,0.4954995499549955,0.6883408071748879,0,0.38866396761133604,1.0
10,bsps,flood,0.02,100,1.0,14.92,607.9374747474749,0.04271580916607655,0.6333737373737374,48.44282744282744,116.0,54.696,60.964,0.4950859950859951,0.6808510638297872,0,0.3596673596673597,1.0
11,bsps,flood,0.02,100,1.0,15.148,608.3107393939395,0.038208495618970335,0.5796363636363636,50.571739130434786,116.0,55.2,60.344,0.49519198885867766,0.66270783847981,0,0.3804347826086957,1.0
12,bsps,flood,0.02,100,1.0,13.116,606.321086868687,0.0443036906019972,0.578989898989899,49.190582959641254,113.0,55.096,60.212,0.4955444605953359,0.6885245901639344,0,0.38565022421524664,1.0
13,bsps,flood,0.02,100,1.0,14.196,607.8612686868687,0.0425419112477936,0.6037575757575757,48.675196850393704,114.0,55.856,62.096,0.49515301273522144,0.6809421841541756,0,0.3720472440944882,1.0
14,bsps,flood,0.02,100,1.0,13.424,607.2201818181819,0.04438788215151851,0.5954747474747475,50.53861003861004,114.0,55.704,61.34,0.49417901902156625,0.6666666666666666,0,0.39768339768339767,1.0
15,bsps,flood,0.02,100,1.0,13.124,608.9992565656567,0.04498081077171986,0.5895757575757575,49.037109375,114.0,55.82,61.62,0.4941066790970234,0.6645962732919255,0,0.3828125,1.0
16,bsps,flood,0.02,82,0.82,13.768,608.8573777777779,0.04306492252603364,0.5925432098765432,52.49604221635884,114.0,44.176,48.764,0.4949967721110394,0.6620111731843575,0,0.41424802110817943,1.0
17,bsps,flood,0.02,97,0.97,15.136,609.7945083333334,0.039253691404305756,0.59375,47.67307692307692,115.0,55.296,60.592,0.4952919020715631,0.6682808716707022,0,0.358974358974359,1.0
18,bsps,flood,0.02,100,1.0,14.664,607.9615474747475,0.039843047224776273,0.5833939393939394,50.80204081632653,115.0,55.78,61.272,0.49447170428524695,0.6516129032258065,0,0.39591836734693875,1.0
19,bsps,flood,0.02,100,1.0,14.592,607.6010505050506,0.04047375772375772,0.5907474747474748,48.81428571428572,114.0,55.924,61.404,0.49498263218834426,0.6784140969162996,0,0.37142857142857144,1.0
20,bsps,flood,0.02,100,1.0,13.168,609.2528282828283,0.04684111006838279,0.6157979797979799,51.169946332737034,114.0,54.116,60.848,0.49385908209437623,0.6584905660377358,0,0.40250447227191416,1.0
21,bsps,flood,0.02,100,1.0,13.504,610.1788929292929,0.046891522114249386,0.6316767676767676,51.12301587301587,114.0,53.384,60.472,0.49493907549481014,0.6707566462167689,0,0.39285714285714285,1.0
22,bsps,flood,0.02,97,0.97,13.192,606.6329041666668,0.04539031385281385,0.599875,49.26741573033708,113.0,53.456,58.548,0.4952509305609036,0.6650717703349283,0,0.38202247191011235,1.0
23,bsps,flood,0.02,97,0.97,14.42,611.9989541666666,0.043916975732600734,0.6342916666666666,45.2521186440678,115.0,53.496,59.708,0.49557460450205587,0.683291770573566,0,0.326271186440678,1.0
24,bsps,flood,0.02,100,1.0,13.252,609.3197454545455,0.045177201922656465,0.5981010101010101,49.52663934426229,113.0,53.996,59.608,0.49524885374443484,0.6784922394678492,0,0.3831967213114754,1.0
25,bsps,flood,0.02,99,0.99,14.044,606.9377387755103,0.04099196915529448,0.5742857142857142,50.62150537634409,114.0,54.78,59.724,0.4953325935113258,0.6612529002320185,0,0.3978494623655914,1.0
26,bsps,flood,0.02,100,1.0,15.504,609.3216161616162,0.03699020797648249,0.5736161616161617,53.151982378854626,116.0,55.116,60.228,0.49533479692645443,0.6745283018867925,0,0.4118942731277533,1.0
27,bsps,flood,0.02,100,1.0,13.308,609.9755151515153,0.04566201475292385,0.6069494949494949,44.40079365079365,113.0,56.428,62.716,0.4950817493021401,0.6828193832599119,0,0.3392857142857143,1.0
28,bsps,flood,0.02,100,1.0,13.588,606.1111353535354,0.041265666992939716,0.559878787878788,47.28448275862069,114.0,54.796,59.86,0.49540989921037426,0.6761229314420804,0,0.3620689655172414,1.0
29,bsps,flood,0.02,100,1.0,14.012,609.8676565656566,0.04286444666444666,0.5996767676767677,52.92407809110629,114.0,56.7,61.976,0.4948015122873346,0.6529680365296804,0,0.41865509761388287,1.0
30,bsps,flood,0.02,93,0.93,12.696,607.3820782608695,0.05031737175867611,0.6369130434782607,47.82142857142857,114.0,50.54,56.068,0.4949905048785279,0.6868475991649269,0,0.36134453781512604,1.0
31,bsps,flood,0.02,100,1.0,12.84,607.615494949495,0.046100083081901264,0.5907070707070706,50.514583333333334,113.0,54.952,60.372,0.49533792039097163,0.6592427616926503,0,0.3958333333333333,1.0
32,bsps,flood,0.02,100,1.0,14.648,606.6882989898991,0.0400450720666407,0.5843232323232324,48.88912579957356,114.0,55.232,60.696,0.4949654866696219,0.6753812636165577,0,0.3773987206823028,1.0
33,bsps,flood,0.02,100,1.0,14.684,612.133478787879,0.04367989113283231,0.641010101010101,45.111545988258314,114.0,57.18,63.556,0.4951003581807123,0.6865342163355408,0,0.3287671232876712,1.0
34,bsps,flood,0.02,100,1.0,13.624,611.5430181818183,0.04497482197936743,0.6119191919191919,51.18994413407821,114.0,54.284,60.696,0.4941687944241253,0.6699410609037328,0,0.3947858472998138,1.0
35,bsps,flood,0.02,100,1.0,17.276,609.0974747474747,0.03050015325995718,0.5246868686868688,57.046938775510206,118.0,55.488,60.508,0.4939907326962062,0.6484018264840182,0,0.4387755102040816,1.0
36,bsps,flood,0.02,97,0.97,14.644,601.5968208333334,0.038407863119995465,0.5622916666666667,51.736170212765956,115.0,52.384,57.468,0.4951351996657315,0.6780684104627767,0,0.39787234042553193,1.0
37,bsps,flood,0.02,96,0.96,15.248,614.2086105263159,0.04168725819072568,0.6344421052631579,52.86767895878525,116.0,53.64,59.476,0.4944857078550529,0.6579572446555819,0,0.39913232104121477,1.0
38,bsps,flood,0.02,100,1.0,12.968,607.3117333333334,0.04683811071083799,0.6067070707070706,48.740671641791046,113.0,53.26,59.436,0.49458528951486697,0.6819047619047619,0,0.375,1.0
39,bsps,flood,0.02,100,1.0,13.696,609.2708282828285,0.04266256730989352,0.5842020202020203,47.07171314741036,113.0,55.536,61.0,0.49513250405624665,0.6790393013100436,0,0.36254980079681276,1.0
40,bsps,flood,0.02,100,1.0,13.672,611.2606262626264,0.04591748583825233,0.6234747474747476,50.524109014675055,114.0,54.36,60.292,0.49517315871194223,0.6727688787185355,0,0.389937106918239,1.0
41,bsps,flood,0.02,100,1.0,13.632,607.718795959596,0.04320326373962738,0.589050505050505,52.518095238095235,114.0,53.4,59.304,0.49442259333290345,0.6639511201629328,0,0.4114285714285714,1.0
42,bsps,flood,0.02,100,1.0,13.348,608.2979191919193,0.045359680050589136,0.6046060606060606,51.425,114.0,54.336,59.884,0.4953108941418294,0.6736111111111112,0,0.4022727272727273,1.0
43,bsps,flood,0.02,96,0.96,13.228,604.2865642105264,0.04632057363688942,0.6089263157894736,48.46526315789474,114.0,52.416,58.396,0.49450949463083177,0.6769825918762089,0,0.37684210526315787,1.0
44,bsps,flood,0.02,100,1.0,14.036,606.0396484848486,0.04187637406166817,0.5873131313131315,49.758762886597935,114.0,56.012,61.224,0.4950668165355314,0.6810699588477366,0,0.3835051546391753,1.0
45,bsps,flood,0.02,100,1.0,13.128,609.116694949495,0.0472712358348722,0.6195555555555555,47.96049896049896,114.0,54.396,60.372,0.4953673915840947,0.6790393013100436,0,0.367983367983368,1.0
46,bsps,flood,0.02,99,0.99,14.08,608.5162408163266,0.04212751215371263,0.593469387755102,47.04385964912281,115.0,54.652,59.768,0.4960911620511462,0.6970443349753694,0,0.3508771929824561,1.0
47,bsps,flood,0.02,100,1.0,14.044,603.0702747474749,0.04089419878002765,0.5743030303030302,43.266666666666666,114.0,56.168,61.812,0.4957731595632265,0.6974248927038627,0,0.32083333333333336,1.0
48,bsps,flood,0.02,99,0.99,13.868,607.6008448979592,0.04127570593672034,0.5711836734693877,52.44532803180915,115.0,54.924,60.256,0.49404326123128117,0.6505263157894737,0,0.4115308151093439,1.0
49,bsps,flood,0.02,100,1.0,13.912,604.2373010101011,0.041142570738827426,0.5745858585858586,50.40040650406504,114.0,55.232,60.592,0.4946334364198654,0.6640471512770137,0,0.3943089430894309,1.0
0,bsps,flood,0.05,99,0.99,14.66,614.6311102040818,0.046691573488851876,0.6806938775510205,52.32808811959087,115.0,48.672,61.032,0.48613208842509953,0.660472972972973,0,0.4036191974822974,1.0
1,bsps,flood,0.05,100,1.0,13.964,621.4934545454546,0.05182138401309524,0.7216565656565656,48.32311516155758,115.0,49.548,63.26,0.4874337623012869,0.6740384615384616,0,0.3587406793703397,1.0
2,bsps,flood,0.05,100,1.0,14.968,616.9324040404041,0.04589059165235636,0.6857373737373736,48.851670741646295,115.0,49.696,63.08,0.48645390070921984,0.6765217391304348,0,0.36267318663406684,1.0
3,bsps,flood,0.05,99,0.99,13.632,613.2656693877552,0.04907322422475484,0.6674693877551021,49.67673469387755,114.0,49.372,61.704,0.4865010799136069,0.6680743243243243,0,0.39102040816326533,1.0
4,bsps,flood,0.05,100,1.0,13.576,614.7122747474748,0.051130336241298806,0.6937777777777777,51.31491712707182,114.0,48.48,61.656,0.4856685775229969,0.6578525641025641,0,0.39700078926598265,1.0
5,bsps,flood,0.05,97,0.97,14.596,612.4986666666667,0.04671065233785822,0.6802916666666667,47.13262815296989,115.0,49.3,61.852,0.486660900805003,0.6735028712059065,0,0.3563873067534581,1.0
6,bsps,flood,0.05,100,1.0,14.284,616.1498747474748,0.04827607940682808,0.6875555555555557,49.716902581182346,115.0,49.172,61.932,0.48788110285436487,0.6721162579473207,0,0.37885095753538717,1.0
7,bsps,flood,0.05,100,1.0,13.204,612.4534505050505,0.049679031406304135,0.6543838383838383,48.07655116841257,114.0,49.536,61.772,0.4871368742936914,0.6777133388566694,0,0.37308622078968573,1.0
8,bsps,flood,0.05,100,1.0,15.916,613.4404565656567,0.03965903959970007,0.6286868686868687,50.54042904290429,116.0,50.572,61.88,0.48711795016587844,0.6685133887349953,0,0.3787128712871287,1.0
9,bsps,flood,0.05,100,1.0,14.84,612.7405656565658,0.0444118036298588,0.6526464646464647,50.791217895608945,116.0,50.12,61.44,0.4878196500672948,0.6798245614035088,0,0.3835956917978459,1.0
10,bsps,flood,0.05,100,1.0,15.108,614.4253616161618,0.04755865172257422,0.7164040404040404,48.84502446982056,116.0,49.66,62.592,0.4872174640994269,0.674037674037674,0,0.3646003262642741,1.0
11,bsps,flood,0.05,100,1.0,15.536,615.1723676767677,0.04343294005043231,0.673010101010101,47.69140950792327,115.0,50.372,62.592,0.488077083044503,0.680633147113594,0,0.3502919099249375,1.0
12,bsps,flood,0.05,100,1.0,13.256,612.8472363636364,0.05045149866968049,0.6665050505050506,45.77303754266212,113.0,50.3,62.2,0.4884427420420024,0.6796028880866426,0,0.34897610921501704,1.0
13,bsps,flood,0.05,100,1.0,14.256,614.2877494949495,0.048061449008507826,0.684969696969697,49.3732057416268,114.0,49.612,63.052,0.4869328734412311,0.6635434412265758,0,0.3803827751196172,1.0
14,bsps,flood,0.05,100,1.0,13.456,612.8170343434343,0.04966086473439414,0.6675959595959596,46.59116465863454,114.0,50.456,62.312,0.48708927978758715,0.6776371308016877,0,0.3566265060240964,1.0
15,bsps,flood,0.05,100,1.0,13.432,615.6534141414143,0.05063582074491166,0.67979797979798,45.3522110162917,114.0,50.96,63.704,0.4866448148406444,0.6770025839793282,0,0.34367726920093095,1.0
16,bsps,flood,0.05,82,0.82,13.956,615.7873185185185,0.04926188338410561,0.686716049382716,47.48720573183214,114.0,40.324,50.668,0.4879284146547358,0.6858407079646017,0,0.3602865916069601,1.0
17,bsps,flood,0.05,97,0.97,15.048,616.0676666666667,0.04504335485796883,0.677125,46.757705479452056,115.0,50.248,62.056,0.487701627618422,0.67302192564347,0,0.3501712328767123,1.0
18,bsps,flood,0.05,100,1.0,15.032,614.3750020202021,0.04439734161798145,0.6671919191919191,45.85901639344262,115.0,50.24,62.74,0.48867821579593507,0.6838235294117647,0,0.34262295081967215,1.0
19,bsps,flood,0.05,100,1.0,14.904,614.2060242424244,0.045480964569199867,0.6774545454545455,49.78439259855189,115.0,50.192,62.876,0.4863476615301433,0.665282392026578,0,0.37892196299275943,1.0
20,bsps,flood,0.05,100,1.0,13.288,616.0625333333335,0.05314068776341503,0.7057373737373737,49.586074980872226,114.0,49.04,62.812,0.48560590665853826,0.65642683912692,0,0.3863810252486611,1.0
21,bsps,flood,0.05,100,1.0,13.748,617.1082343434344,0.052572139298609884,0.7211717171717171,49.670597484276726,115.0,47.976,62.224,0.48692479221569024,0.6736053288925895,0,0.37657232704402516,1.0
22,bsps,flood,0.05,97,0.97,13.312,613.6915916666668,0.05203967091935841,0.6924166666666668,46.46110210696921,113.0,47.992,60.288,0.48716393774004446,0.6729939603106126,0,0.35089141004862234,1.0
23,bsps,flood,0.05,97,0.97,14.808,619.1957000000001,0.049154544975041306,0.728375,48.60967472894078,115.0,48.072,61.52,0.487594862813777,0.6730401529636711,0,0.35529608006672225,1.0
24,bsps,flood,0.05,100,1.0,13.652,615.8833616161617,0.050311060250899826,0.685090909090909,48.7992,114.0,48.868,61.364,0.4875860630085541,0.6797502230151651,0,0.372,1.0
25,bsps,flood,0.05,99,0.99,14.436,613.2200448979593,0.04573310025308825,0.6600816326530612,47.634309623430966,114.0,50.656,61.98,0.4875315980050557,0.6702605570530099,0,0.36401673640167365,1.0
26,bsps,flood,0.05,100,1.0,15.62,615.7829535353535,0.0423522875454248,0.6606464646464647,49.24285714285714,115.0,50.2,62.172,0.48694526361217005,0.6727438468550593,0,0.37142857142857144,1.0
27,bsps,flood,0.05,100,1.0,13.62,616.6972848484849,0.050912545367090827,0.6927272727272727,46.94440031771247,114.0,50.016,63.728,0.48653926628539546,0.6660929432013769,0,0.36298649722001586,1.0
28,bsps,flood,0.05,100,1.0,13.476,612.4070181818183,0.04778030061639687,0.644848484848485,46.48989898989899,114.0,49.924,61.6,0.4883456128600134,0.6785046728971963,0,0.3560606060606061,1.0
29,bsps,flood,0.05,100,1.0,14.456,616.1475434343436,0.047280120641885345,0.6831515151515152,47.37080536912752,114.0,51.568,63.596,0.4869786152868939,0.666049953746531,0,0.35906040268456374,1.0
30,bsps,flood,0.05,93,0.93,12.864,613.3990086956522,0.055648133750307666,0.714304347826087,50.226003490401396,114.0,45.948,57.332,0.4866607228585145,0.6680923866552609,0,0.3830715532286213,1.0
31,bsps,flood,0.05,100,1.0,13.096,614.3204363636365,0.05205148857876131,0.6805656565656566,49.16816326530612,114.0,50.136,62.464,0.4869880976397014,0.662533215234721,0,0.3795918367346939,1.0
32,bsps,flood,0.05,100,1.0,14.648,613.156981818182,0.04595283384008874,0.6712727272727272,49.08360927152318,114.0,50.372,62.616,0.486857825567503,0.6663851351351351,0,0.3758278145695364,1.0
33,bsps,flood,0.05,100,1.0,14.916,618.4201090909091,0.048359484633014045,0.7207272727272728,47.32244897959184,114.0,51.216,64.532,0.48713962690785756,0.6666666666666666,0,0.34938775510204084,1.0
34,bsps,flood,0.05,100,1.0,13.86,618.2992646464647,0.05051131436398816,0.6994343434343434,51.02947845804989,114.0,48.52,62.168,0.48586136890951276,0.6688741721854304,0,0.3900226757369615,1.0
35,bsps,flood,0.05,100,1.0,17.856,614.8989131313133,0.033919785658532264,0.6035151515151514,49.27115858668858,118.0,51.504,62.772,0.48779750661125804,0.6758620689655173,0,0.35661462612982747,1.0
36,bsps,flood,0.05,97,0.97,14.984,607.6558875000002,0.04302088289909981,0.6425,50.41887417218543,115.0,47.64,59.092,0.4871410736579276,0.6739837398373983,0,0.3832781456953642,1.0
37,bsps,flood,0.05,96,0.96,15.468,621.340597894737,0.046970786131653,0.7256842105263158,50.37910699241786,116.0,47.94,61.02,0.4869196323356116,0.6748285994123409,0,0.37152485256950296,1.0
38,bsps,flood,0.05,100,1.0,13.18,613.3847151515153,0.052194769876588054,0.6872727272727273,50.1245011971269,114.0,48.828,61.24,0.48698495748855464,0.6735537190082644,0,0.38786911412609737,1.0
39,bsps,flood,0.05,100,1.0,13.972,615.2108525252526,0.04756019992089511,0.6625858585858586,47.115606936416185,114.0,50.62,62.476,0.48689509007417875,0.6703196347031963,0,0.3592072667217176,1.0
40,bsps,flood,0.05,100,1.0,13.536,618.4583272727274,0.05330741785447668,0.7189494949494949,48.51292407108239,114.0,49.528,62.64,0.4873117975542518,0.6727107887579329,0,0.3651050080775444,1.0
41,bsps,flood,0.05,100,1.0,13.828,613.9738262626263,0.04847239444057626,0.6709090909090909,51.662460567823345,114.0,48.2,60.792,0.4868145949956161,0.6675191815856778,0,0.3998422712933754,1.0
42,bsps,flood,0.05,100,1.0,13.616,615.1589737373737,0.051403332189695825,0.6985454545454545,49.408145580589256,114.0,50.388,62.604,0.4879194630872483,0.6772727272727272,0,0.37954939341421146,1.0
43,bsps,flood,0.05,96,0.96,13.596,610.7467284210527,0.05097836108164282,0.6905263157894738,48.87244480784955,114.0,46.652,59.428,0.48684544992374174,0.6653481012658228,0,0.3802125919869174,1.0
44,bsps,flood,0.05,100,1.0,14.032,612.078298989899,0.04760921906376452,0.6672323232323232,46.20280296784831,114.0,51.08,62.748,0.48789401553220646,0.6898895497026338,0,0.34707337180544107,1.0
45,bsps,flood,0.05,100,1.0,13.16,616.0648363636365,0.054103527448981996,0.7113131313131313,46.79454253611557,114.0,49.24,62.348,0.48812327568804253,0.6830553116769096,0,0.3547351524879615,1.0
46,bsps,flood,0.05,99,0.99,14.688,615.0197918367347,0.04634991003394365,0.6802857142857144,48.70118845500849,115.0,49.892,61.792,0.4873163293595786,0.6697761194029851,0,0.3633276740237691,1.0
47,bsps,flood,0.05,100,1.0,14.296,609.1625292929294,0.04571150063048458,0.652040404040404,48.17922948073702,114.0,50.364,62.86,0.4876342436330163,0.6680497925311203,0,0.3685092127303183,1.0
48,bsps,flood,0.05,99,0.99,14.272,613.3705673469389,0.045599527943045344,0.6488163265306123,47.55112219451372,115.0,50.66,61.968,0.48698858892290564,0.6728723404255319,0,0.3574397339983375,1.0
49,bsps,flood,0.05,100,1.0,14.116,610.2114626262627,0.046375718725718724,0.6536969696969698,47.11055276381909,114.0,50.504,62.22,0.48858620254761004,0.6733800350262698,0,0.35845896147403683,1.0
0,bsps,flood,0.1,99,0.99,14.896,622.5281918367348,0.05286654716831787,0.7840408163265306,48.64570737605804,115.0,43.128,63.388,0.47305389221556887,0.672514619883041,0,0.3651753325272068,1.0
1,bsps,flood,0.1,100,1.0,14.336,629.9283959595962,0.05808289862247081,0.8305050505050505,45.65917761763459,115.0,43.648,65.848,0.4748476229175132,0.6832904884318766,0,0.3293768545994065,1.0
2,bsps,flood,0.1,100,1.0,15.252,626.1480444444445,0.05309635993174317,0.8077171717171718,47.7708,116.0,43.168,65.932,0.471385658168374,0.6713718570798412,0,0.3508,1.0
3,bsps,flood,0.1,99,0.99,13.916,621.5813469387756,0.05599824942964199,0.7781632653061225,45.44073319755601,114.0,43.42,64.196,0.4733085718447309,0.6817981489643015,0,0.3446028513238289,1.0
4,bsps,flood,0.1,100,1.0,13.988,622.7971636363637,0.057232491582491586,0.7985858585858585,49.3946098149638,114.0,42.692,64.02,0.4721601959230714,0.6696239966201943,0,0.37610619469026546,1.0
5,bsps,flood,0.1,97,0.97,14.764,621.1660666666667,0.05386956467075953,0.7935,45.3941908713693,115.0,42.524,63.98,0.4732495511669659,0.6778494623655914,0,0.3390041493775934,1.0
6,bsps,flood,0.1,100,1.0,14.888,624.913195959596,0.05412363194654216,0.8027474747474748,48.2522159548751,116.0,42.916,64.556,0.4718999547988549,0.6657681940700808,0,0.3589846897663175,1.0
7,bsps,flood,0.1,100,1.0,13.424,620.1696161616163,0.05642968091524241,0.7559191919191919,45.90596238495398,114.0,43.736,63.976,0.47323094588775655,0.6809153713298791,0,0.34973989595838334,1.0
8,bsps,flood,0.1,100,1.0,16.3,621.3578262626263,0.04527923197278203,0.7356767676767677,49.29299627020307,116.0,45.204,64.636,0.47303157093952075,0.6636579572446556,0,0.3626191462909242,1.0
9,bsps,flood,0.1,100,1.0,15.26,620.9283878787879,0.05027664606036404,0.7615757575757576,49.28684101286841,117.0,44.796,64.228,0.47390547984923165,0.6710526315789473,0,0.36488169364881695,1.0
10,bsps,flood,0.1,100,1.0,15.368,622.7564686868687,0.053740776200064136,0.8224646464646465,47.92507204610951,117.0,43.572,64.86,0.4730068178655906,0.6712962962962963,0,0.35364347468093865,1.0
11,bsps,flood,0.1,100,1.0,16.084,623.7073575757577,0.0490647707316954,0.7869090909090909,47.19732576985413,116.0,44.544,65.476,0.4729567307692308,0.6736745886654479,0,0.3395461912479741,1.0
12,bsps,flood,0.1,100,1.0,13.912,621.670896969697,0.05642121033386631,0.7814141414141414,44.61252045826514,114.0,43.536,64.62,0.47443222396800455,0.6841637010676157,0,0.3342880523731588,1.0
13,bsps,flood,0.1,100,1.0,14.544,622.7958585858586,0.05477770747770748,0.7962424242424242,46.031312725812924,115.0,43.136,65.404,0.47269991401547723,0.6708805579773321,0,0.3436370935367322,1.0
14,bsps,flood,0.1,100,1.0,13.78,621.3470181818183,0.05667019647019647,0.7799191919191919,45.64750499001996,114.0,43.932,64.648,0.47308822475453305,0.675663909447105,0,0.3445109780439122,1.0
15,bsps,flood,0.1,100,1.0,13.608,623.8939555555556,0.05794679848770758,0.7866666666666665,44.670967741935485,114.0,44.36,65.776,0.4735931387300632,0.6807065217391305,0,0.3342741935483871,1.0
16,bsps,flood,0.1,82,0.82,14.216,624.2118222222224,0.05626363961222349,0.7980246913580247,46.01324503311258,115.0,35.344,52.72,0.47433676725316803,0.6833239752947782,0,0.3433520122261844,1.0
17,bsps,flood,0.1,97,0.97,15.392,625.3247791666666,0.05197882202560511,0.7995416666666666,44.92937735060593,115.0,43.572,64.704,0.47383743803603745,0.6766291033806957,0,0.32720434600919346,1.0
18,bsps,flood,0.1,100,1.0,15.332,622.4436686868688,0.05053816074992546,0.7734949494949496,45.224937862468934,115.0,44.12,65.056,0.47496139422016326,0.6843328684332869,0,0.33305716652858325,1.0
19,bsps,flood,0.1,100,1.0,15.284,622.5915434343435,0.0516015109931331,0.7883636363636364,47.24158653846154,115.0,43.848,65.22,0.4721917708104948,0.6689684937419076,0,0.3505608974358974,1.0
20,bsps,flood,0.1,100,1.0,13.572,624.4917818181818,0.06018251087395472,0.8153535353535354,45.83720930232558,114.0,42.884,65.244,0.4730569569350004,0.6784330606973741,0,0.34647221127315725,1.0
21,bsps,flood,0.1,100,1.0,14.004,625.4169010101011,0.0593980859900646,0.8286464646464646,48.574939564867044,115.0,42.164,64.696,0.4724047306176084,0.6715899218071243,0,0.36341659951651895,1.0
22,bsps,flood,0.1,97,0.97,13.636,621.3919416666668,0.05811122835497836,0.792125,46.25554161438728,114.0,42.42,62.356,0.4740156340474812,0.6758241758241759,0,0.3467168548724383,1.0
23,bsps,flood,0.1,97,0.97,15.04,627.8293958333335,0.055814546860410826,0.8394583333333334,45.67359667359668,116.0,41.68,63.676,0.47471092582395974,0.6818851251840943,0,0.32432432432432434,1.0
24,bsps,flood,0.1,100,1.0,13.992,624.5359151515153,0.05727355329360677,0.8002020202020201,47.42965627498002,114.0,42.972,64.144,0.4733594220349187,0.6821880650994575,0,0.35531574740207833,1.0
25,bsps,flood,0.1,99,0.99,14.612,621.9254081632654,0.05297598509933444,0.7740408163265307,45.15343698854337,114.0,43.792,64.204,0.47405764966740577,0.6864864864864865,0,0.33797054009819966,1.0
26,bsps,flood,0.1,100,1.0,16.024,624.3413575757577,0.048483662750123016,0.7757171717171717,47.15752285951787,116.0,44.068,64.852,0.473782046317094,0.6768788894207755,0,0.34663341645885287,1.0
27,bsps,flood,0.1,100,1.0,13.804,624.9842222222223,0.05819140796814593,0.8012121212121213,43.7520325203252,114.0,43.88,66.172,0.4738817172020414,0.6764705882352942,0,0.3288617886178862,1.0
28,bsps,flood,0.1,100,1.0,13.932,620.675090909091,0.05417678322865489,0.7538989898989898,47.055350553505534,114.0,43.692,64.032,0.473965866358114,0.6685082872928176,0,0.35834358343583433,1.0
29,bsps,flood,0.1,100,1.0,14.644,625.0128484848486,0.054596570858335566,0.7987474747474749,44.793760129659645,114.0,44.348,65.7,0.4742661075104842,0.6852459016393443,0,0.33144246353322526,1.0
30,bsps,flood,0.1,93,0.93,13.16,621.7153652173914,0.0627069546892437,0.8223478260869566,47.78481012658228,114.0,40.592,59.624,0.47321627028228497,0.677762982689747,0,0.35704932343954604,1.0
31,bsps,flood,0.1,100,1.0,13.404,622.8852242424243,0.059233681974591064,0.7927676767676767,44.858289843436374,114.0,43.856,64.892,0.4739560599447112,0.6805678793256433,0,0.33360096346848656,1.0
32,bsps,flood,0.1,100,1.0,15.12,621.5909656565657,0.05197123373181634,0.7834343434343434,45.55378323108384,115.0,44.18,65.132,0.4745084018591348,0.6794701986754967,0,0.3361963190184049,1.0
33,bsps,flood,0.1,100,1.0,15.092,627.418391919192,0.055567129783796444,0.8377777777777778,44.006152584085314,115.0,44.256,66.856,0.47476976938884236,0.6830885836096636,0,0.31460213289581623,1.0
34,bsps,flood,0.1,100,1.0,14.056,626.5736727272729,0.05766773075409439,0.8096565656565656,46.44774951076321,114.0,43.0,64.888,0.47315096251266464,0.6814200092208391,0,0.34285714285714286,1.0
35,bsps,flood,0.1,100,1.0,18.416,623.2254545454546,0.039086046509529015,0.7158383838383838,49.38013136288998,118.0,45.18,65.388,0.47307692307692306,0.6729064039408867,0,0.35344827586206895,1.0
36,bsps,flood,0.1,97,0.97,15.408,615.5600583333335,0.04857567381305771,0.7465,49.559918200409,116.0,41.776,61.328,0.4729410174988177,0.6749693752552062,0,0.37014314928425357,1.0
37,bsps,flood,0.1,96,0.96,16.0,630.4823157894738,0.052914313540459855,0.844378947368421,47.41934139224677,117.0,41.892,63.732,0.47227891156462587,0.6738693467336684,0,0.338474364318466,1.0
38,bsps,flood,0.1,100,1.0,13.496,621.5499232323233,0.059044562340016885,0.796,46.83098591549296,114.0,43.612,64.068,0.47358757062146895,0.6790598290598291,0,0.3517102615694165,1.0
39,bsps,flood,0.1,100,1.0,14.172,624.0145131313132,0.05506173413633307,0.7793939393939395,45.480176211453745,114.0,44.128,65.128,0.4734949896733726,0.6830500689021589,0,0.34120945134160996,1.0
40,bsps,flood,0.1,100,1.0,13.82,626.795393939394,0.06000972197736904,0.826060606060606,46.86114445778311,114.0,43.472,64.944,0.4729316409236886,0.6758747697974218,0,0.3465386154461785,1.0
41,bsps,flood,0.1,100,1.0,14.164,621.8534222222222,0.05484591954886072,0.7757575757575758,47.19927536231884,114.0,43.004,63.428,0.47462426486604226,0.6856757970363718,0,0.3522544283413849,1.0
42,bsps,flood,0.1,100,1.0,13.816,623.390294949495,0.05829977844496561,0.8037171717171717,47.555650319829425,114.0,44.084,64.732,0.47457258765575194,0.6753187613843351,0,0.35863539445629,1.0
43,bsps,flood,0.1,96,0.96,13.864,618.8633936842106,0.05780536610276548,0.7961684210526316,45.0008173273396,115.0,40.828,61.596,0.47390081624254066,0.6836018174308137,0,0.3408255006129955,1.0
44,bsps,flood,0.1,100,1.0,14.504,620.1273818181819,0.053328052666287956,0.7724848484848486,45.66803784450843,115.0,44.996,65.016,0.4750421822272216,0.6845342706502636,0,0.3364870423693953,1.0
45,bsps,flood,0.1,100,1.0,13.564,624.7960040404041,0.060936134908862176,0.825090909090909,46.741640127388536,114.0,43.028,64.888,0.4725098439550824,0.6723534558180227,0,0.3515127388535032,1.0
46,bsps,flood,0.1,99,0.99,14.904,623.1275877551021,0.05294773960866398,0.7873469387755101,48.38530161427358,115.0,44.02,64.144,0.4741405082212257,0.6745283018867925,0,0.35811384876805435,1.0
47,bsps,flood,0.1,100,1.0,14.52,617.3299595959596,0.052341425168876146,0.7584242424242423,44.73716632443532,114.0,43.956,65.064,0.4751651254953765,0.6851694915254237,0,0.3322381930184805,1.0
48,bsps,flood,0.1,99,0.99,14.5,620.6662000000001,0.05152057239812342,0.7444489795918368,47.672172808132146,115.0,45.12,64.06,0.47362119284591786,0.6710341600374357,0,0.3570520965692503,1.0
49,bsps,flood,0.1,100,1.0,14.296,619.0409535353535,0.05391750852633206,0.7691313131313131,46.14831189710611,114.0,43.692,64.636,0.47359781121751027,0.6756302521008404,0,0.34686495176848875,1.0
0,bsps,flood,0.15,99,0.99,15.472,629.3380938775512,0.056689984198807726,0.8736734693877551,45.612972972972976,116.0,38.828,65.696,0.4591657343774972,0.6829419035846724,0,0.33054054054054055,1.0
1,bsps,flood,0.15,100,1.0,14.728,637.0806222222224,0.06285505361147072,0.9237979797979798,45.38520971302428,116.0,39.04,68.248,0.458719646799117,0.6813675213675213,0,0.32229580573951433,1.0
2,bsps,flood,0.15,100,1.0,15.54,632.8781818181819,0.057734357182396404,0.8953131313131314,45.49100188020414,116.0,38.32,67.904,0.4565814669885938,0.678604507564063,0,0.32527531560569434,1.0
3,bsps,flood,0.15,99,0.99,14.168,628.5035510204082,0.061471445501277436,0.8696326530612246,43.11880108991826,114.0,38.66,66.364,0.45958048550553854,0.6884744726383369,0,0.3198910081743869,1.0
4,bsps,flood,0.15,100,1.0,14.168,629.1242020202021,0.06245282335674493,0.8823030303030303,45.777152051488336,115.0,38.972,66.372,0.4578378798476723,0.6780963641738103,0,0.33681952266023063,1.0
5,bsps,flood,0.15,97,0.97,14.928,627.6488,0.0589119377932797,0.8775416666666667,44.82859531772575,115.0,37.744,65.696,0.45802593771841266,0.6780314260302401,0,0.33082497212931994,1.0
6,bsps,flood,0.15,100,1.0,15.104,631.9437131313132,0.05947141512294434,0.8957575757575758,46.122003196590306,116.0,38.376,66.948,0.45720591841739555,0.6776859504132231,0,0.33564198188598826,1.0
7,bsps,flood,0.15,100,1.0,13.732,626.785591919192,0.061639099274660776,0.844,45.1055900621118,114.0,39.628,66.42,0.45775359502526236,0.6815361890694239,0,0.33918444504455847,1.0
8,bsps,flood,0.15,100,1.0,16.784,628.6058262626264,0.04981029548939766,0.831959595959596,45.45055540503928,116.0,40.216,67.064,0.4600279352559362,0.6823644040272816,0,0.3207802763478732,1.0
9,bsps,flood,0.15,100,1.0,15.512,627.339692929293,0.05477465185313483,0.8451313131313132,46.52078713968958,117.0,40.38,66.26,0.46051602814698983,0.684423676012461,0,0.3353658536585366,1.0
10,bsps,flood,0.15,100,1.0,15.78,629.6755393939395,0.05807761290041992,0.9116363636363637,45.40677966101695,117.0,38.944,67.016,0.4597718402882017,0.6859311150029188,0,0.32586112629852376,1.0
11,bsps,flood,0.15,100,1.0,16.44,630.4391555555555,0.05339835715253672,0.8748282828282828,45.516163793103445,117.0,39.688,67.46,0.4590776226047418,0.6868718592964824,0,0.3203125,1.0
12,bsps,flood,0.15,100,1.0,14.032,628.4869090909092,0.062332133453791204,0.8718383838383839,42.81854730635219,114.0,39.172,67.02,0.46023166023166023,0.69,0,0.3146609488072903,1.0
13,bsps,flood,0.15,100,1.0,14.864,629.1136484848486,0.059213936172759704,0.8783838383838384,44.25890928725702,115.0,38.64,67.296,0.45874255664681773,0.6800241036456764,0,0.32370410367170627,1.0
14,bsps,flood,0.15,100,1.0,14.16,628.5044202020204,0.06187088695618107,0.8752323232323233,43.03602419142782,114.0,39.344,67.128,0.45933758357953663,0.6921487603305785,0,0.316066263476203,1.0
15,bsps,flood,0.15,100,1.0,13.996,631.231890909091,0.06334388983961176,0.8835151515151515,42.19684625492773,114.0,39.296,68.124,0.4582889016487573,0.691145361136295,0,0.3061760840998686,1.0
16,bsps,flood,0.15,82,0.82,14.58,631.1680543209878,0.06115712015733801,0.8899753086419753,44.943295530353566,115.0,31.74,54.68,0.45824665676077264,0.6828625235404896,0,0.3295530353569046,1.0
17,bsps,flood,0.15,97,0.97,15.724,632.2302000000001,0.05666344845349296,0.8896666666666665,42.658618753509266,115.0,38.54,66.564,0.46132994493858537,0.6886247877758913,0,0.30235822571588994,1.0
18,bsps,flood,0.15,100,1.0,15.616,629.5803717171717,0.055672616892581246,0.867959595959596,44.50459459459459,115.0,39.148,67.34,0.4585268214571657,0.6809815950920245,0,0.32432432432432434,1.0
19,bsps,flood,0.15,100,1.0,15.552,629.4338828282829,0.056579305879305875,0.879070707070707,44.26195593766792,115.0,39.132,67.404,0.458974966437653,0.6892418339826191,0,0.3186458893068243,1.0
20,bsps,flood,0.15,100,1.0,13.768,630.5365777777778,0.06495887984069802,0.8934141414141413,43.67129877071085,114.0,38.6,67.028,0.45983053506982585,0.6843884449907806,0,0.32282202030999463,1.0
21,bsps,flood,0.15,100,1.0,14.268,631.8093050505053,0.06415323484200489,0.9124040404040404,45.28259698275862,115.0,38.1,66.856,0.4598080855749567,0.6865489957395009,0,0.3286637931034483,1.0
22,bsps,flood,0.15,97,0.97,13.96,628.0318958333334,0.06297590534465534,0.8788333333333334,44.24287311347121,114.0,38.108,64.416,0.4605232331120656,0.6826291079812207,0,0.3242034656232532,1.0
23,bsps,flood,0.15,97,0.97,15.324,634.6673208333334,0.060620396107160815,0.9292916666666667,44.003921568627455,116.0,37.516,65.92,0.4609203180510912,0.6837431693989071,0,0.30392156862745096,1.0
24,bsps,flood,0.15,100,1.0,14.204,631.2158343434345,0.06267763025249656,0.8884040404040404,43.50754716981132,114.0,38.8,66.444,0.4609337007618739,0.6963946869070209,0,0.3137466307277628,1.0
25,bsps,flood,0.15,99,0.99,14.952,628.3902040816326,0.05753867371124274,0.859591836734694,44.48222100656455,114.0,39.552,66.328,0.45850655580428523,0.6813695249845774,0,0.3276805251641138,1.0
26,bsps,flood,0.15,100,1.0,16.404,630.9734262626263,0.05267667321403133,0.8641212121212122,45.086824696802644,116.0,39.704,67.108,0.45978742991045274,0.6860045886594559,0,0.32331863285556783,1.0
27,bsps,flood,0.15,100,1.0,14.104,631.9277373737374,0.06335470658607914,0.892040404040404,42.721368903260576,114.0,38.892,68.272,0.4586686174103877,0.6818892711917423,0,0.31689571544058204,1.0
28,bsps,flood,0.15,100,1.0,14.292,627.8495717171718,0.059544620194620194,0.849090909090909,44.66351095482824,114.0,38.904,66.436,0.45933841439459416,0.6834708218759548,0,0.331890722207195,1.0
29,bsps,flood,0.15,100,1.0,14.944,632.490088888889,0.060090252449075975,0.897090909090909,42.714361420243776,114.0,39.164,68.016,0.45990546479807615,0.6953932936383579,0,0.307631160572337,1.0
30,bsps,flood,0.15,93,0.93,13.46,628.5664739130435,0.06796666810384842,0.9115217391304348,45.450536698578475,114.0,36.564,61.712,0.45944866160607273,0.6853168469860896,0,0.3307223672758921,1.0
31,bsps,flood,0.15,100,1.0,13.492,629.6389090909091,0.06542842696024513,0.8816969696969696,43.30487804878049,114.0,39.3,67.1,0.4597565763643502,0.6857580398162327,0,0.3176151761517615,1.0
32,bsps,flood,0.15,100,1.0,15.356,628.5893494949496,0.05718651823275146,0.8762828282828283,42.91477885652643,115.0,39.488,67.44,0.4607471575527883,0.6934658235471244,0,0.307982740021575,1.0
33,bsps,flood,0.15,100,1.0,15.492,634.5583191919193,0.0601604868261731,0.9312323232323233,44.38106861947383,115.0,39.324,69.036,0.4571333995365773,0.6743524952621605,0,0.3148901545972335,1.0
34,bsps,flood,0.15,100,1.0,14.388,633.2784202020204,0.062476367858720794,0.8982626262626262,44.240912708941366,115.0,38.708,67.16,0.4591682101363866,0.6896220371556694,0,0.31759087291058635,1.0
35,bsps,flood,0.15,100,1.0,18.96,630.3826909090909,0.04303200072807957,0.8128080808080809,46.53798323871317,119.0,40.22,67.884,0.45894960588079003,0.6853666779317337,0,0.32089753987564207,1.0
36,bsps,flood,0.15,97,0.97,15.72,621.6438791666668,0.05274819427236707,0.8272083333333333,45.587932900432904,116.0,37.804,63.328,0.4607535893885285,0.6919807310852932,0,0.32765151515151514,1.0
37,bsps,flood,0.15,96,0.96,16.18,636.9391621052632,0.05754629007224738,0.9286315789473684,44.873363688104725,117.0,37.912,65.82,0.45908841295991215,0.6813031161473088,0,0.3118952760387023,1.0
38,bsps,flood,0.15,100,1.0,13.74,628.1508808080807,0.0643470279769745,0.8821414141414141,45.30251202565473,114.0,39.204,66.176,0.4588899916024124,0.6830344016465746,0,0.33431320149652594,1.0
39,bsps,flood,0.15,100,1.0,14.588,630.7997373737373,0.05969986941163412,0.8686464646464647,43.69634764062916,114.0,39.292,67.248,0.45952420287460766,0.6876590330788804,0,0.3199146894161557,1.0
40,bsps,flood,0.15,100,1.0,14.26,633.7982424242424,0.0646886755582834,0.9185050505050505,45.9876244283024,115.0,39.28,67.468,0.457145225464191,0.674827369742624,0,0.3346785041700296,1.0
41,bsps,flood,0.15,100,1.0,14.54,628.3280929292929,0.059338366354052624,0.8613333333333333,44.96667569764291,114.0,38.88,65.676,0.4603832616347282,0.6855365474339036,0,0.32646979138444865,1.0
42,bsps,flood,0.15,100,1.0,14.016,630.3371272727275,0.06387499961911727,0.8932929292929292,44.858580212409166,114.0,39.312,66.836,0.460093896713615,0.6838509316770186,0,0.3303521520402459,1.0
43,bsps,flood,0.15,96,0.96,14.204,624.9330863157895,0.06200263434192226,0.8755368421052631,43.8127600554785,115.0,36.976,63.496,0.46022937476877546,0.6898134863701578,0,0.3264909847434119,1.0
44,bsps,flood,0.15,100,1.0,14.716,627.0152000000002,0.05866683229624406,0.8621818181818183,45.28098951331003,115.0,40.032,67.032,0.45753487659052583,0.6797915460335843,0,0.3310029577843506,1.0
45,bsps,flood,0.15,100,1.0,13.784,631.5483111111112,0.06637039153162148,0.9130505050505051,45.20182992465016,114.0,38.596,67.056,0.4579365703942709,0.6753720012146979,0,0.3353067814854682,1.0
46,bsps,flood,0.15,99,0.99,15.22,629.9274204081635,0.057665794341642575,0.8765306122448979,46.051520270270274,115.44999999999982,39.32,66.232,0.4591622189875465,0.6799617102744097,0,0.3322072072072072,1.0
47,bsps,flood,0.15,100,1.0,14.732,624.1265454545456,0.05757665446390937,0.8468282828282828,44.26672017121455,114.0,38.912,67.056,0.4582045568892403,0.6799553944800669,0,0.32504012841091495,1.0
48,bsps,flood,0.15,99,0.99,14.76,627.4091673469388,0.056650043533897076,0.833591836734694,44.59932470455824,115.0,40.564,66.284,0.46022268839761177,0.6838377334191886,0,0.3241418120427687,1.0
49,bsps,flood,0.15,100,1.0,14.62,625.1785979797979,0.05815686045980163,0.8486868686868687,44.58882833787466,114.0,39.192,66.428,0.46041682008984464,0.6843028354282373,0,0.32779291553133516,1.0
0,bsps,flood,0.2,99,0.99,15.704,635.1926653061225,0.060883528319752814,0.9513469387755101,43.82486333265843,116.0,35.416,67.868,0.4437716262975779,0.6897374701670644,0,0.31038671795910105,1.0
1,bsps,flood,0.2,100,1.0,15.008,643.2790626262627,0.06710607765509727,1.0045252525252524,43.06787703734268,116.0,35.008,70.328,0.4450586105022396,0.6915091828586638,0,0.2972972972972973,1.0
2,bsps,flood,0.2,100,1.0,15.94,638.6499919191921,0.061094221441899466,0.9725252525252526,41.52402099313686,116.0,34.836,70.096,0.44547729710404005,0.7006400787789266,0,0.2823980621719822,1.0
3,bsps,flood,0.2,99,0.99,14.308,633.9562857142857,0.06591713773421456,0.9410204081632653,41.9233606557377,114.0,35.104,68.128,0.4442556084296397,0.6897448015122873,0,0.30655737704918035,1.0
4,bsps,flood,0.2,100,1.0,14.584,635.0496323232325,0.06607694074262702,0.9606060606060606,43.80883242589232,115.0,35.568,68.6,0.44258010118043845,0.6881548974943053,0,0.313571284533172,1.0
5,bsps,flood,0.2,97,0.97,15.268,633.1179583333335,0.06230459266055725,0.9485416666666666,41.9726200505476,115.0,33.988,67.276,0.444816333361225,0.6929518492672715,0,0.30054759898904804,1.0
6,bsps,flood,0.2,100,1.0,15.296,637.4280808080808,0.06351749959133861,0.9690101010101009,43.38983390034021,115.0,35.224,69.04,0.44398449885502905,0.6939218523878437,0,0.30518310986591957,1.0
7,bsps,flood,0.2,100,1.0,13.868,632.1876000000001,0.06619158170013785,0.9154343434343434,43.35304840996557,114.0,36.2,68.324,0.4420857552017522,0.6864580954555835,0,0.31962730403078793,1.0
8,bsps,flood,0.2,100,1.0,17.064,634.2889050505052,0.053298688764891036,0.9074343434343434,43.33123476848091,117.0,36.536,69.112,0.4453138893828917,0.6928071928071928,0,0.2971161657189277,1.0
9,bsps,flood,0.2,100,1.0,15.768,633.282787878788,0.05885768517306185,0.9236363636363636,45.16530278232406,116.0,36.612,68.388,0.4437266235974158,0.6848441926345609,0,0.3199672667757774,1.0
10,bsps,flood,0.2,100,1.0,16.04,635.3618060606061,0.061778182246603294,0.98610101010101,42.65673154906732,117.0,35.44,69.02,0.44585262815825816,0.7009682503940554,0,0.2962287104622871,1.0
11,bsps,flood,0.2,100,1.0,16.748,636.008698989899,0.05677055326472251,0.9487676767676768,43.952090946000816,117.0,36.264,69.516,0.4444541714085617,0.6904586705911209,0,0.30105562322371093,1.0
12,bsps,flood,0.2,100,1.0,14.2,634.5584363636365,0.06711803523274112,0.9511111111111111,42.152927120669055,114.0,35.116,68.992,0.4428896569164629,0.6913608388420333,0,0.30605336519315013,1.0
13,bsps,flood,0.2,100,1.0,15.04,634.8395515151515,0.063508176609157,0.9541818181818181,41.70286178201746,115.0,35.064,69.348,0.44515859766277127,0.6932084309133489,0,0.29632636492794806,1.0
14,bsps,flood,0.2,100,1.0,14.18,633.8100282828284,0.06676710315827962,0.9452121212121213,41.7258257063271,114.0,35.908,68.932,0.4434255909817448,0.6928718771487509,0,0.30202944687624356,1.0
15,bsps,flood,0.2,100,1.0,14.164,636.8425131313131,0.06780973721267838,0.957939393939394,40.853446573177955,114.0,35.86,70.18,0.4417194328012129,0.6941917424772568,0,0.2907367173612483,1.0
16,bsps,flood,0.2,82,0.82,14.8,636.4953827160494,0.06509081615552204,0.9606913580246912,42.4091701968602,115.0,29.064,56.212,0.44588836812952704,0.6983938132064248,0,0.3017692499377025,1.0
17,bsps,flood,0.2,97,0.97,15.912,638.1845416666667,0.060851214586711874,0.96725,41.50883095037847,115.25,34.532,68.34,0.44492540062626634,0.6921891058581706,0,0.28973927670311184,1.0
18,bsps,flood,0.2,100,1.0,15.988,635.214294949495,0.05907492123936912,0.9430707070707071,41.85644768856448,115.0,35.604,69.38,0.44467442863303147,0.6936221419975933,0,0.29501216545012166,1.0
19,bsps,flood,0.2,100,1.0,15.836,635.2147272727274,0.060392237319688305,0.9555151515151515,41.95614909308352,115.0,35.432,69.38,0.44423569598633644,0.6995337995337996,0,0.2928044648196133,1.0
20,bsps,flood,0.2,100,1.0,14.064,636.2803474747476,0.06902109170290989,0.9692121212121211,40.60282258064516,114.0,35.148,69.116,0.4474284266531543,0.6999278672757875,0,0.2899193548387097,1.0
21,bsps,flood,0.2,100,1.0,14.536,637.3396484848487,0.06802056699160086,0.985010101010101,44.23103309120258,115.0,34.732,68.792,0.44334301828747225,0.6865984178687762,0,0.3155770782889427,1.0
22,bsps,flood,0.2,97,0.97,14.144,633.3179791666668,0.06711692612942613,0.9485,43.08887481528394,114.0,34.96,66.244,0.44570994684889903,0.6872437906920665,0,0.3113785096052354,1.0
23,bsps,flood,0.2,97,0.97,15.648,640.6371375000002,0.06443413281979457,1.0080833333333332,43.1027610545983,116.0,34.096,68.02,0.4429505479325905,0.6820868671292727,0,0.29209051276728254,1.0
24,bsps,flood,0.2,100,1.0,14.488,636.7844282828285,0.06651821446527328,0.9623434343434344,43.6172864321608,114.0,35.524,68.492,0.44304466566822304,0.6890817064352857,0,0.31236180904522615,1.0
25,bsps,flood,0.2,99,0.99,15.184,634.0764408163267,0.06160365574801349,0.9348571428571429,42.428749739962555,115.0,35.896,68.24,0.4441758051981694,0.6903334132885585,0,0.30517994591221137,1.0
26,bsps,flood,0.2,100,1.0,16.54,636.6951313131315,0.05692200837040878,0.9406464646464645,42.49311408016444,116.0,36.176,69.18,0.44633992237566567,0.6977811782708493,0,0.2961973278520041,1.0
27,bsps,flood,0.2,100,1.0,14.364,638.214080808081,0.06803933567917525,0.9740606060606061,41.56873861105487,114.0,34.584,70.268,0.44145583666222815,0.687603305785124,0,0.3043126138894513,1.0
28,bsps,flood,0.2,100,1.0,14.492,633.3751030303031,0.06372247295188473,0.9226262626262627,42.44087769199513,114.0,35.52,68.464,0.44413289149460444,0.690144173954148,0,0.30780170662332385,1.0
29,bsps,flood,0.2,100,1.0,15.14,638.3537212121213,0.06448808965181514,0.9754747474747475,41.72033044529518,115.0,35.612,70.164,0.4425612052730697,0.6882166382044401,0,0.29619181946403383,1.0
30,bsps,flood,0.2,93,0.93,13.784,634.2454086956523,0.07170724802690916,0.9851304347826088,43.429156782402416,114.0,33.2,63.416,0.44506920415224915,0.6971360381861575,0,0.30838904464093164,1.0
31,bsps,flood,0.2,100,1.0,13.644,635.4047878787879,0.07034605798242163,0.9584646464646465,40.97378503730591,114.0,35.804,69.184,0.4457841555574425,0.6983187307601232,0,0.29219600725952816,1.0
32,bsps,flood,0.2,100,1.0,15.656,634.2733333333335,0.06093543240958101,0.950909090909091,42.01022248947685,116.0,35.572,69.204,0.44483538577532045,0.6946440992348714,0,0.29585087191822007,1.0
33,bsps,flood,0.2,100,1.0,15.512,640.3592242424244,0.06499567999175843,1.0061414141414142,40.43408624229979,115.0,35.256,70.72,0.4468689018981728,0.6994466800804829,0,0.2751540041067762,1.0
34,bsps,flood,0.2,100,1.0,14.58,638.7927757575759,0.06668003728297844,0.9713131313131315,43.34650698602795,115.0,35.412,69.164,0.44237612920886943,0.6894333085869834,0,0.3069860279441118,1.0
35,bsps,flood,0.2,100,1.0,19.336,636.1736606060607,0.046185777667465726,0.8907070707070707,44.24656426839127,119.0,36.36,69.956,0.4444444444444444,0.6925720327782183,0,0.2940582053354891,1.0
36,bsps,flood,0.2,97,0.97,15.984,627.1068791666668,0.056407420884176884,0.899625,44.38334674175382,116.0,34.5,65.264,0.44463846337010876,0.6989894646312621,0,0.31234915526950924,1.0
37,bsps,flood,0.2,96,0.96,16.664,643.7798821052631,0.061277838523434096,1.018778947368421,42.934295877798704,117.0,33.936,68.184,0.4425510712506228,0.6901749663526245,0,0.28897258840761664,1.0
38,bsps,flood,0.2,100,1.0,14.088,634.027781818182,0.06828348546877959,0.9600404040404041,43.32657567242072,114.0,35.8,68.36,0.4433774834437086,0.6891402714932127,0,0.31112003211561623,1.0
39,bsps,flood,0.2,100,1.0,14.856,636.6020000000001,0.06376195648940747,0.9454141414141414,41.11090945755193,114.0,35.68,69.324,0.4458990114881111,0.6983337478239244,0,0.2917927001411575,1.0
40,bsps,flood,0.2,100,1.0,14.56,639.7185252525253,0.06866528541439414,0.9957575757575757,42.73099415204678,115.0,35.568,69.468,0.4441960293328564,0.6932153392330384,0,0.30046380318612625,1.0
41,bsps,flood,0.2,100,1.0,14.716,633.5755797979799,0.06339599104599106,0.9311919191919191,44.09264526615197,115.0,35.86,67.668,0.444839255499154,0.6882775119617225,0,0.3161316537992686,1.0
42,bsps,flood,0.2,100,1.0,14.16,635.9486989898992,0.06836258371258372,0.9665858585858587,41.69253294289898,114.0,35.768,68.756,0.4479359730412805,0.7,0,0.2972181551976574,1.0
43,bsps,flood,0.2,96,0.96,14.492,630.2011747368422,0.0655788550458829,0.9448421052631579,42.294871794871796,115.0,33.792,65.252,0.4447198017427452,0.6911600979737252,0,0.30958385876418665,1.0
44,bsps,flood,0.2,100,1.0,15.076,632.7683717171717,0.06232213244272068,0.9383434343434344,42.42995755003032,115.0,36.46,69.092,0.44519476241455985,0.694514574248336,0,0.29917121487770365,1.0
45,bsps,flood,0.2,100,1.0,14.024,637.3613898989901,0.07058772002408367,0.9888888888888889,41.67219005789579,114.0,34.856,68.968,0.4447936130456939,0.691670610506389,0,0.29766420443202235,1.0
46,bsps,flood,0.2,99,0.99,15.592,635.9208000000001,0.061363384144866744,0.9558367346938776,44.18559966216216,116.0,35.644,68.316,0.44584316810910046,0.6939177542477223,0,0.31017736486486486,1.0
47,bsps,flood,0.2,100,1.0,14.936,629.3461414141415,0.06140714049929736,0.9151919191919192,41.57688421903415,115.0,35.232,68.728,0.4459803845856823,0.6947923533289387,0,0.2964235199030107,1.0
48,bsps,flood,0.2,99,0.99,15.052,633.4586122448981,0.06090082175727434,0.9141224489795918,42.60685905478879,115.0,36.784,68.44,0.4458620990998864,0.6950948977076657,0,0.30154746967795903,1.0
49,bsps,flood,0.2,100,1.0,14.872,630.3393656565656,0.06176930836048484,0.917010101010101,42.637240812974746,114.0,35.948,68.28,0.4462724527102209,0.6935264825712992,0,0.30650790392116606,1.0
0,bsps,flood,0.3,99,0.99,16.268,644.7420367346939,0.06660139872798937,1.078326530612245,40.409418810398805,116.0,30.032,71.508,0.41038167938931297,0.7036286919831224,0,0.2722199537226079,1.0
1,bsps,flood,0.3,100,1.0,15.536,653.3465414141415,0.07343372020136726,1.1383030303030304,39.05684296619411,116.0,29.16,74.156,0.41056314185757814,0.7069957320467619,0,0.25231733914940024,1.0
2,bsps,flood,0.3,100,1.0,16.384,647.8126666666667,0.06689023504493062,1.0938585858585859,40.57401160437188,116.0,29.176,73.38,0.4080161170607571,0.7023543564186286,0,0.2689245715827823,1.0
3,bsps,flood,0.3,99,0.99,14.816,643.627106122449,0.07232299744073453,1.070204081632653,37.903296402680894,114.0,29.708,71.872,0.41501345827933406,0.7141899815714525,0,0.26152373136369855,1.0
4,bsps,flood,0.3,100,1.0,15.096,644.5544525252526,0.07222501742991941,1.087030303030303,39.737811484290354,115.0,30.272,72.324,0.411087969850243,0.7103940327549862,0,0.26909534127843987,1.0
5,bsps,flood,0.3,97,0.97,15.588,642.6916083333334,0.06912803929798414,1.0752916666666665,38.913374913374916,115.0,28.332,70.668,0.4112519809825674,0.7081572960675984,0,0.26638946638946637,1.0
6,bsps,flood,0.3,100,1.0,16.044,647.3987555555557,0.06896277803012017,1.1022626262626263,39.53388584413848,116.0,29.688,72.944,0.4112936772046589,0.7114208021753909,0,0.2621307311856704,1.0
7,bsps,flood,0.3,100,1.0,14.42,642.0063676767678,0.07276118739648152,1.0465858585858587,39.349060429904014,114.0,30.556,72.196,0.41094261076419863,0.7078396364226587,0,0.2751115317020414,1.0
8,bsps,flood,0.3,100,1.0,17.64,644.8351070707072,0.05962833348021921,1.047919191919192,40.37480021310602,117.0,30.104,73.028,0.4097178018247401,0.7082760989010989,0,0.26172083111347894,1.0
9,bsps,flood,0.3,100,1.0,16.376,643.2270909090911,0.06477359733680683,1.0564040404040405,41.066296095444685,117.0,30.916,72.312,0.41011461894228834,0.7033366369342583,0,0.27413232104121477,1.0
10,bsps,flood,0.3,100,1.0,16.524,644.5214303030305,0.06733498953173876,1.107030303030303,40.39778707326946,117.0,30.104,72.448,0.4112794935737579,0.7073055028462998,0,0.27013898259344216,1.0
11,bsps,flood,0.3,100,1.0,17.28,646.5427919191919,0.06313651940308287,1.0884848484848484,39.60921088068947,117.0,29.828,73.336,0.4143034568412337,0.7166837958204865,0,0.25316455696202533,1.0
12,bsps,flood,0.3,100,1.0,14.724,644.0763717171717,0.07343647510804374,1.078060606060606,39.02920190274841,114.0,29.688,72.688,0.4067373050779688,0.702529618956132,0,0.27048097251585623,1.0
13,bsps,flood,0.3,100,1.0,15.376,643.2100323232324,0.06933546921488098,1.0644444444444443,39.57296341629267,115.0,29.928,72.356,0.41229356005081597,0.7033405351504072,0,0.27199782401740785,1.0
14,bsps,flood,0.3,100,1.0,14.656,643.852488888889,0.07369250161603103,1.0783030303030303,37.92173683515903,114.0,29.96,72.636,0.41080489503531986,0.7101145346023552,0,0.2603932954995381,1.0
15,bsps,flood,0.3,100,1.0,14.692,646.7332040404042,0.0743957319369084,1.089171717171717,37.908586525759574,115.0,29.884,73.836,0.40700978844332175,0.7056176029338223,0,0.2564068692206077,1.0
16,bsps,flood,0.3,82,0.82,15.328,646.2952592592594,0.07138361708089377,1.0916049382716049,39.09346567411084,115.0,24.616,59.32,0.41287973889028373,0.7111204013377926,0,0.2643507030603805,1.0
17,bsps,flood,0.3,97,0.97,16.304,648.0206500000002,0.06741103719265484,1.0977916666666667,38.147021899846564,116.0,28.716,71.82,0.412472885032538,0.7070524412296564,0,0.25303389594085646,1.0
18,bsps,flood,0.3,100,1.0,16.46,645.0441939393941,0.0653125524992914,1.0737777777777777,38.943673469387754,116.0,29.836,73.092,0.41122448979591836,0.7082352941176471,0,0.26136054421768706,1.0
19,bsps,flood,0.3,100,1.0,16.308,644.8354020202021,0.06648539170381275,1.0831515151515152,39.442537909018355,116.0,29.672,72.904,0.4101814516129032,0.7074013157894737,0,0.26310188880021285,1.0
20,bsps,flood,0.3,100,1.0,14.484,645.5527959595961,0.07554614546673372,1.0923636363636362,38.09769189479334,114.0,29.776,72.676,0.413707102952913,0.7093373493975904,0,0.26154052603327965,1.0
21,bsps,flood,0.3,100,1.0,14.948,646.7552161616163,0.07449940382783521,1.1107474747474748,40.2565445026178,115.0,29.632,72.56,0.4094162718015929,0.7044893931919092,0,0.27198281648543426,1.0
22,bsps,flood,0.3,97,0.97,14.58,643.1094458333333,0.07401630934425052,1.0780416666666668,39.86359809149593,114.0,29.42,69.792,0.4121863799283154,0.7044996642041639,0,0.27490878473196745,1.0
23,bsps,flood,0.3,97,0.97,16.032,649.9312333333334,0.07053804267967871,1.130375,39.94846078841064,116.0,28.756,71.268,0.4117583603020496,0.7031021897810219,0,0.2572781724474161,1.0
24,bsps,flood,0.3,100,1.0,15.032,646.6791797979799,0.07291286959228135,1.093939393939394,39.96350858224084,115.0,30.008,72.292,0.4105459442660313,0.7042927997263554,0,0.27057710501419113,1.0
25,bsps,flood,0.3,99,0.99,15.536,644.0715224489796,0.06872109272280341,1.0671020408163265,39.66606896551724,115.0,29.848,71.796,0.41001836359926547,0.7035978480161399,0,0.2736551724137931,1.0
26,bsps,flood,0.3,100,1.0,17.016,647.0903191919194,0.06351883481728683,1.0796363636363635,39.60888466241,116.0,30.152,73.144,0.4108576935432059,0.7078254725313549,0,0.2630077435131096,1.0
27,bsps,flood,0.3,100,1.0,14.816,647.7216444444446,0.07447893112697034,1.0999595959595958,36.88774821018506,114.0,28.864,73.804,0.41234542242543903,0.712608473711077,0,0.254356342023504,1.0
28,bsps,flood,0.3,100,1.0,15.008,643.1251595959598,0.07034345360521832,1.0533333333333332,39.26658608648939,115.0,29.972,72.344,0.4110854503464203,0.7068366164542295,0,0.2708836959441311,1.0
29,bsps,flood,0.3,100,1.0,15.568,648.18378989899,0.07109581623895349,1.1055757575757574,38.66729373824241,115.0,29.708,73.708,0.4074782239218186,0.701507882111035,0,0.2620263370061811,1.0
30,bsps,flood,0.3,93,0.93,14.252,643.8872521739132,0.07838437622393908,1.1124347826086958,40.29998558454663,115.0,28.192,66.768,0.4129414166156358,0.712869623655914,0,0.272452068617558,1.0
31,bsps,flood,0.3,100,1.0,14.152,645.2515717171718,0.07716373180196709,1.0895353535353536,37.872058823529414,114.0,29.972,72.86,0.4135647637202769,0.7137410906679927,0,0.2565508021390374,1.0
32,bsps,flood,0.3,100,1.0,16.144,643.9216888888891,0.067060276097789,1.0792323232323233,38.587278106508876,116.0,29.88,72.792,0.4143923031612016,0.712565963060686,0,0.2575309306078537,1.0
33,bsps,flood,0.3,100,1.0,15.932,650.3275717171718,0.07148746854758206,1.1370101010101012,38.48009303598303,115.0,29.056,74.136,0.41285938316779924,0.7055408970976254,0,0.251744424681899,1.0
34,bsps,flood,0.3,100,1.0,14.988,649.1956606060608,0.0741312746077452,1.1095757575757574,39.61221231874418,115.0,29.62,73.172,0.408796196239464,0.7051862164984337,0,0.26606358919781825,1.0
35,bsps,flood,0.3,100,1.0,19.916,645.6532080808082,0.05131846596058754,1.0183434343434343,40.48839103869654,119.0,30.364,73.528,0.41506910387873386,0.7140962485790072,0,0.25186693822131706,1.0
36,bsps,flood,0.3,97,0.97,16.492,635.9733208333334,0.06190645499259083,1.01875,41.540983606557376,116.0,29.656,68.74,0.4111817501869858,0.7097955447055233,0,0.2796369055683512,1.0
37,bsps,flood,0.3,96,0.96,17.168,653.8711663157895,0.06720313360801385,1.1508210526315787,39.69159524467791,117.0,27.868,71.548,0.40630555884793174,0.7028044419348767,0,0.25269560409178876,1.0
38,bsps,flood,0.3,100,1.0,14.488,643.2811353535354,0.07488187248481366,1.0829494949494949,39.492426291587776,114.34999999999945,30.596,71.928,0.41410032926593066,0.7128279883381924,0,0.26900189342710307,1.0
39,bsps,flood,0.3,100,1.0,15.268,646.2883191919193,0.07053265543461622,1.0748686868686868,38.03059299191375,115.0,29.956,73.032,0.4136169325409238,0.7071920834069624,0,0.2568733153638814,1.0
40,bsps,flood,0.3,100,1.0,14.912,649.420884848485,0.07563880825057297,1.1237575757575757,39.86734693877551,115.0,29.916,73.04,0.4089227191034993,0.7019513037471939,0,0.26745435016111707,1.0
41,bsps,flood,0.3,100,1.0,15.42,643.7869050505052,0.06935578310578311,1.0682828282828283,40.47209490428687,115.0,30.356,71.824,0.41361727654469105,0.7129043014338112,0,0.27298463197627393,1.0
42,bsps,flood,0.3,100,1.0,14.62,645.5477575757577,0.0749876312866509,1.0935353535353536,39.46565934065934,115.0,30.232,72.384,0.4135188866799205,0.7058922558922559,0,0.2706043956043956,1.0
43,bsps,flood,0.3,96,0.96,15.044,639.1377852631579,0.07121210777182913,1.063621052631579,39.92136084774121,116.0,28.868,68.54,0.40989198408186467,0.7036922122246354,0,0.28192972671500277,1.0
44,bsps,flood,0.3,100,1.0,15.564,642.2288767676768,0.06839191208210818,1.0632727272727271,39.69053086586519,115.0,30.6,72.468,0.41256300891818537,0.7077943078913325,0,0.26759421856004323,1.0
45,bsps,flood,0.3,100,1.0,14.472,647.1177616161617,0.07728799533799534,1.1174949494949495,39.88135593220339,115.0,29.196,72.548,0.40810126582278483,0.7017142857142857,0,0.2751588983050847,1.0
46,bsps,flood,0.3,99,0.99,16.056,645.9943714285715,0.06799789597736146,1.0895102040816325,40.6323875432526,116.0,29.812,72.0,0.4115392583385125,0.7073212452959289,0,0.27017301038062286,1.0
47,bsps,flood,0.3,100,1.0,15.32,638.1241252525255,0.06750532902101529,1.0318383838383838,39.63860452586207,115.0,29.828,72.048,0.4113559477004663,0.7053176900807557,0,0.2730334051724138,1.0
48,bsps,flood,0.3,99,0.99,15.46,643.667306122449,0.06811316926037814,1.0502448979591836,39.23349480968858,115.0,30.684,72.236,0.41343375980189845,0.7102272727272727,0,0.2644982698961938,1.0
49,bsps,flood,0.3,100,1.0,15.356,639.9546747474748,0.06818741766584904,1.045010101010101,39.0673672864457,114.0,30.268,71.98,0.4142601824851848,0.7129847699795886,0,0.26596604688763137,1.0
0,bsps,flood,0.4,99,0.99,16.916,653.3744816326532,0.07094829745663447,1.194,37.49913661757237,116.0,25.464,75.0,0.37093620141774625,0.7215909090909091,0,0.23809040121889283,1.0
1,bsps,flood,0.4,100,1.0,15.928,661.6516080808082,0.07860290399506087,1.2494141414141413,35.43687639991855,116.0,24.584,77.5,0.38017080330931413,0.7344582593250444,0,0.21207493382203219,1.0
2,bsps,flood,0.4,100,1.0,16.768,655.889983838384,0.07184681256518201,1.202020202020202,37.176151761517616,117.0,24.676,76.576,0.36954868154158216,0.7201847324096713,0,0.23215898825654924,1.0
3,bsps,flood,0.4,99,0.99,15.148,651.7161102040817,0.0778685139990062,1.1785714285714284,35.59515535568275,114.0,25.364,75.128,0.37207628643396906,0.7219104789247032,0,0.23609975470155356,1.0
4,bsps,flood,0.4,100,1.0,15.468,652.9073494949497,0.0777166745210605,1.1990303030303031,36.58943626206196,116.0,25.828,75.768,0.3751328374070138,0.7301118108212312,0,0.23362112747587607,1.0
5,bsps,flood,0.4,97,0.97,15.888,650.5407500000001,0.07442978770455551,1.18025,35.37190941200914,115.0,24.072,73.712,0.37671957671957673,0.7304067140090381,0,0.22844379804695616,1.0
6,bsps,flood,0.4,100,1.0,16.492,655.3924444444445,0.073662809531179,1.2094949494949496,36.35242335323282,116.0,25.4,76.184,0.3788212276840303,0.7305381043430756,0,0.22644945866639685,1.0
7,bsps,flood,0.4,100,1.0,14.624,650.1227434343435,0.07918885907121201,1.155919191919192,35.64756855948619,114.0,26.184,75.62,0.37729196050775743,0.7301730818909843,0,0.23559995922112345,1.0
8,bsps,flood,0.4,100,1.0,18.336,653.6162262626265,0.06378989592357169,1.1662626262626263,36.94390366281987,118.0,25.212,76.644,0.37536507936507935,0.7336949152542372,0,0.2210737581535374,1.0
9,bsps,flood,0.4,100,1.0,16.992,651.6973737373738,0.06923465094130728,1.1694949494949494,37.732041396103895,117.0,26.124,75.676,0.37582128777923784,0.7261764320356534,0,0.23579545454545456,1.0
10,bsps,flood,0.4,100,1.0,17.172,652.8591595959597,0.07121493747241942,1.2177373737373736,37.78150161030596,118.0,25.376,75.672,0.3731308948700253,0.7259185700099305,0,0.2393317230273752,1.0
11,bsps,flood,0.4,100,1.0,17.764,654.9463030303032,0.06771707432574306,1.2005656565656564,37.33477256752686,117.0,25.052,76.556,0.37588740814547267,0.7325659215633784,0,0.22572547444522542,1.0
12,bsps,flood,0.4,100,1.0,15.252,652.4990747474749,0.07831794937089055,1.1910707070707072,36.430439121756486,115.0,25.092,76.136,0.3664618720636068,0.7218518052585231,0,0.23962075848303394,1.0
13,bsps,flood,0.4,100,1.0,15.74,651.5312444444445,0.07486426471132353,1.176080808080808,35.8930246787681,115.0,25.448,75.78,0.3787174721189591,0.7275582308296258,0,0.23210279420762797,1.0
14,bsps,flood,0.4,100,1.0,15.004,652.3868202020202,0.07958261651202826,1.1925252525252525,35.40211587897963,114.0,25.46,76.108,0.37076627432140286,0.7285461887935386,0,0.23195570496341705,1.0
15,bsps,flood,0.4,100,1.0,15.028,655.1485373737376,0.08014463368875134,1.2012929292929293,35.04715561352463,115.0,25.036,77.088,0.3711456505389822,0.7262696091465036,0,0.2245409852513294,1.0
16,bsps,flood,0.4,82,0.82,15.804,654.9340148148149,0.07657401577281751,1.207358024691358,35.978865406006676,116.0,20.856,62.152,0.3760119940029985,0.7284539473684211,0,0.22901989865282413,1.0
17,bsps,flood,0.4,97,0.97,16.724,657.0547458333333,0.07291747874588432,1.2178333333333335,35.13219106957425,116.0,23.512,75.084,0.3741986131100353,0.7291402842268186,0,0.21921079958463136,1.0
18,bsps,flood,0.4,100,1.0,16.872,652.9170989898992,0.07000943284632655,1.1790707070707072,36.39038088430512,116.0,25.38,76.212,0.37472740489459655,0.7251867662753468,0,0.23179822322066782,1.0
19,bsps,flood,0.4,100,1.0,16.7,653.0366303030304,0.071478271485805,1.192767676767677,36.68544600938967,116.0,25.176,76.152,0.37114150829197434,0.724899857862773,0,0.2319448606532814,1.0
20,bsps,flood,0.4,100,1.0,14.936,653.6749535353536,0.08053557292380822,1.2011313131313133,35.15469502407705,114.0,25.404,75.992,0.376906577693041,0.7276550998948476,0,0.22873194221508827,1.0
21,bsps,flood,0.4,100,1.0,15.344,654.6803434343435,0.07959906730887123,1.2167272727272727,36.59979777553084,116.0,25.384,75.764,0.37837516355418105,0.7300144870275254,0,0.23225480283114258,1.0
22,bsps,flood,0.4,97,0.97,14.856,651.5896333333334,0.08025046965901746,1.1910833333333333,36.93280796350062,114.0,24.908,73.044,0.3716994719155065,0.7205268648930621,0,0.24315636665284115,1.0
23,bsps,flood,0.4,97,0.97,16.444,658.6002291666667,0.07579256195533769,1.2457083333333334,36.68280414963848,116.0,24.2,74.572,0.3769309989701339,0.7268690919507305,0,0.22068531908204966,1.0
24,bsps,flood,0.4,100,1.0,15.528,655.4863111111111,0.07820702888251908,1.212121212121212,36.79511849301195,115.0,25.52,75.936,0.37425668979187315,0.7277867528271406,0,0.23425156977921816,1.0
25,bsps,flood,0.4,99,0.99,15.868,652.5959755102042,0.07454083824005794,1.1813469387755102,35.94649865730221,115.0,25.268,75.204,0.374634858812074,0.726041943190868,0,0.23290642429250155,1.0
26,bsps,flood,0.4,100,1.0,17.436,655.640977777778,0.06855625658025039,1.194020202020202,35.56210288993646,116.0,25.424,76.52,0.3824937027707809,0.7362606232294617,0,0.2194097151055544,1.0
27,bsps,flood,0.4,100,1.0,15.212,655.6594383838384,0.07956753464400523,1.2058989898989898,34.13745322140184,114.0,24.336,76.932,0.37465770475479215,0.7286364854004822,0,0.22342469909982807,1.0
28,bsps,flood,0.4,100,1.0,15.392,651.1632848484849,0.07557266404619346,1.1616969696969697,35.94950005049995,115.0,25.704,75.732,0.37489539748953976,0.7271774721676489,0,0.2344207655792344,1.0
29,bsps,flood,0.4,100,1.0,15.824,657.1109414141415,0.07747812478008556,1.2243232323232323,34.75212206952304,115.0,24.744,77.152,0.3740834386852086,0.7280653950953678,0,0.22140258690379952,1.0
30,bsps,flood,0.4,93,0.93,14.684,652.1659608695654,0.08357465969665458,1.2226086956521738,37.87297472456254,115.0,24.128,69.804,0.37344398340248963,0.7249867654843832,0,0.2440051847051199,1.0
31,bsps,flood,0.4,100,1.0,14.468,653.5120646464648,0.08310052365934718,1.200121212121212,35.5287333063537,114.0,25.472,76.144,0.37540453074433655,0.727438944756432,0,0.22946175637393768,1.0
32,bsps,flood,0.4,100,1.0,16.556,652.054993939394,0.07196209286833641,1.18820202020202,35.99603093832689,116.0,25.48,76.06,0.37816011235955055,0.729820918764599,0,0.22847547323427642,1.0
33,bsps,flood,0.4,100,1.0,16.328,658.1548202020203,0.07616158503805563,1.241090909090909,36.35230518155855,116.0,24.748,77.148,0.37309708010980785,0.7180762852404643,0,0.2270501835985312,1.0
34,bsps,flood,0.4,100,1.0,15.424,657.8366868686869,0.07948736666383725,1.224969696969697,36.515723902341,115.0,24.976,76.632,0.3707008016550297,0.7243325075695017,0,0.2312870491309153,1.0
35,bsps,flood,0.4,100,1.0,20.64,654.4644363636365,0.05535172684297449,1.1377373737373737,37.909044767028725,119.0,25.172,77.092,0.3781837578343779,0.7298178047696637,0,0.2193685920211146,1.0
36,bsps,flood,0.4,97,0.97,16.988,643.9902458333335,0.0664881433606956,1.127125,38.459850271766996,117.0,25.56,72.076,0.37509744960463304,0.7288115100955145,0,0.24459029843093016,1.0
37,bsps,flood,0.4,96,0.96,17.8,662.5469515789475,0.07128117213241379,1.2660210526315792,36.74553058024046,118.0,23.156,74.736,0.36935529679068446,0.7248062015503876,0,0.21787767903815997,1.0
38,bsps,flood,0.4,100,1.0,14.932,651.9455676767677,0.08040458278105338,1.1985858585858586,36.56095835018196,115.0,25.916,75.38,0.3764351153890757,0.7299733401041005,0,0.2357460574201375,1.0
39,bsps,flood,0.4,100,1.0,15.688,655.0905696969699,0.07613558373362295,1.1923636363636365,35.520539730134935,115.0,25.04,76.472,0.37327945447657535,0.7259582594461874,0,0.22818590704647676,1.0
40,bsps,flood,0.4,100,1.0,15.296,658.3745979797981,0.08161567959999332,1.2437171717171716,36.07281700070501,115.0,25.252,76.712,0.37471554993678885,0.7295640326975477,0,0.22600463289354417,1.0
41,bsps,flood,0.4,100,1.0,15.768,651.935191919192,0.07478454196493411,1.1778181818181819,37.784560690705945,115.0,26.148,75.228,0.37498506749492294,0.7253899593655787,0,0.2425596749619096,1.0
42,bsps,flood,0.4,100,1.0,14.96,654.1378181818184,0.08087743465684642,1.2080404040404042,35.92259521609691,115.0,25.5,75.796,0.3790408525754885,0.7307743216412972,0,0.23159839852171235,1.0
43,bsps,flood,0.4,96,0.96,15.624,647.2996715789475,0.0755708557274746,1.173136842105263,37.180127468394105,116.0,24.728,71.776,0.36857142857142855,0.7215757575757575,0,0.25148887263608816,1.0
44,bsps,flood,0.4,100,1.0,16.02,650.5115070707071,0.07331929142027181,1.1737373737373737,36.43610856968588,116.0,25.896,75.704,0.37865530739120423,0.7304837471205529,0,0.23055809698078683,1.0
45,bsps,flood,0.4,100,1.0,14.812,655.2568484848487,0.08291335396629515,1.2266666666666666,35.80119940029985,115.0,25.056,75.92,0.3763078773301263,0.7315549772283669,0,0.23128435782108944,1.0
46,bsps,flood,0.4,99,0.99,16.52,654.3507346938776,0.07282612220326726,1.201142857142857,37.78414369773924,116.0,25.22,75.22,0.3741546784704291,0.7221392697163024,0,0.23691545370083616,1.0
47,bsps,flood,0.4,100,1.0,15.772,646.1226020202021,0.07237500400833732,1.1393535353535353,36.71658939729893,115.0,25.332,75.372,0.37331284977504664,0.725408370096578,0,0.23956863535577505,1.0
48,bsps,flood,0.4,99,0.99,15.888,652.7882612244899,0.0740283401754764,1.172448979591837,36.45636419312034,116.0,25.352,75.728,0.3717788341255942,0.7272848387956302,0,0.23262223129529447,1.0
49,bsps,flood,0.4,100,1.0,15.752,647.8665090909093,0.07322739144622528,1.1511111111111114,36.49221435793731,115.0,25.872,75.188,0.3782087209954041,0.7299170689441763,0,0.23629929221435794,1.0
0,bsps,flood,0.5,99,0.99,17.392,661.4240734693878,0.07520265503558453,1.3023673469387753,34.04352769205782,117.0,21.344,78.36,0.33075089392133494,0.7490595264439035,0,0.19952899139191166,1.0
1,bsps,flood,0.5,100,1.0,16.34,669.570286868687,0.08312386333996241,1.3556767676767676,32.66804407713499,116.0,20.296,80.704,0.3387781770663182,0.7577509842519685,0,0.1800356506238859,1.0
2,bsps,flood,0.5,100,1.0,17.28,663.4860969696971,0.0756301431931979,1.3046464646464646,33.810137732222934,117.0,20.82,79.824,0.3310810810810811,0.7489127946898604,0,0.19378603459320948,1.0
3,bsps,flood,0.5,99,0.99,15.528,659.8286571428572,0.08301610116574101,1.28734693877551,32.49723172121804,115.0,21.152,78.436,0.3284596071481317,0.7493769639180843,0,0.2014329913694838,1.0
4,bsps,flood,0.5,100,1.0,15.972,660.9970222222223,0.0820994262989619,1.3079191919191921,33.58474167069049,116.0,21.616,79.188,0.3323649041255084,0.754537689515268,0,0.2002253339771447,1.0
5,bsps,flood,0.5,97,0.97,16.316,657.6466291666668,0.07838075458253478,1.275625,32.94411814062762,116.0,20.42,76.568,0.33604336043360433,0.7517047299491287,0,0.20003356267830172,1.0
6,bsps,flood,0.5,100,1.0,17.148,663.1322585858586,0.07689250455808763,1.3134141414141414,33.94763335227734,117.0,21.384,79.384,0.3337821663674446,0.7493194192377496,0,0.19728830072257855,1.0
7,bsps,flood,0.5,100,1.0,15.176,657.6068606060609,0.08297875592091279,1.2567272727272725,33.34706840390879,115.0,22.088,78.728,0.33247274813539873,0.7476826902349645,0,0.20798045602605864,1.0
8,bsps,flood,0.5,100,1.0,18.872,661.0454101010102,0.06731079730782329,1.2667474747474747,34.95501897763062,118.0,21.208,79.804,0.32856698787690397,0.75,0,0.19664055560041993,1.0
9,bsps,flood,0.5,100,1.0,17.476,659.5431151515153,0.07327938133608927,1.2753535353535352,35.030202697246224,118.0,21.908,78.984,0.32912692589875275,0.745890038105607,0,0.20439311959945086,1.0
10,bsps,flood,0.5,100,1.0,17.724,660.4087151515153,0.0746908150749224,1.3192323232323233,34.91267356930733,118.0,21.484,78.84,0.3297244094488189,0.7485992944594314,0,0.20675816678706155,1.0
11,bsps,flood,0.5,100,1.0,18.372,662.7952646464647,0.07123204411079916,1.3066262626262626,34.508552156106965,117.0,20.968,79.864,0.3337878787878788,0.7546067415730338,0,0.1917610214406167,1.0
12,bsps,flood,0.5,100,1.0,15.608,659.4982707070709,0.0825684132497858,1.285252525252525,33.35549503364307,115.0,21.364,79.052,0.32752360203340597,0.7468232781633742,0,0.20594360781800705,1.0
13,bsps,flood,0.5,100,1.0,16.048,658.9862707070708,0.0796961347237405,1.2766060606060605,33.23853955375254,115.0,21.52,78.952,0.3352757248436612,0.7492945517690471,0,0.20154158215010143,1.0
14,bsps,flood,0.5,100,1.0,15.3,659.7179151515153,0.08446423522011758,1.291030303030303,33.03009926352866,115.0,21.64,79.152,0.324667737695341,0.7454004041263427,0,0.2052513608709574,1.0
15,bsps,flood,0.5,100,1.0,15.432,662.505692929293,0.08439354294942529,1.2994747474747474,32.712161616161616,115.0,20.94,80.016,0.32682926829268294,0.745413870246085,0,0.19692929292929293,1.0
16,bsps,flood,0.5,82,0.82,16.416,663.0298419753087,0.08033825164460413,1.3163456790123456,33.100612164297,116.0,17.552,64.932,0.3368074602303895,0.7558027743441835,0,0.1950039494470774,1.0
17,bsps,flood,0.5,97,0.97,17.104,664.6964625000002,0.0773716061241748,1.32025,32.4738852445404,116.0,19.54,78.08,0.32782943251042,0.7480028195488722,0,0.18973677655069335,1.0
18,bsps,flood,0.5,100,1.0,17.236,660.4417939393941,0.0743790456781685,1.2800808080808082,33.716064453125,116.0,21.42,79.316,0.3316590338306988,0.7462420665850128,0,0.20149739583333334,1.0
19,bsps,flood,0.5,100,1.0,17.096,660.4119191919193,0.0756084208094012,1.2916363636363635,34.14839379894518,116.0,21.348,79.18,0.3276420370915514,0.7456006951987834,0,0.2024132971072399,1.0
20,bsps,flood,0.5,100,1.0,15.268,661.2057494949496,0.08538964978376742,1.302060606060606,32.823917061801815,115.0,21.424,79.084,0.33046270617428114,0.7462017706853208,0,0.20236277425058266,1.0
21,bsps,flood,0.5,100,1.0,15.776,662.3702101010102,0.08395880840292604,1.320242424242424,34.44453402128346,116.0,21.528,79.02,0.32591391509433965,0.7435980902777778,0,0.20743308610125766,1.0
22,bsps,flood,0.5,97,0.97,15.16,659.6959333333334,0.08584730392156863,1.3002916666666666,33.26579034391534,114.0,20.924,76.372,0.33260137607963697,0.7505725815247029,0,0.20345568783068782,1.0
23,bsps,flood,0.5,97,0.97,16.812,666.4163666666667,0.08034819365611742,1.3499583333333336,34.04191016864251,117.0,20.136,77.6,0.3337002673376317,0.7481825765701346,0,0.19051594590081816,1.0
24,bsps,flood,0.5,100,1.0,16.02,663.405385858586,0.08248024234298744,1.3183030303030305,33.97724687144483,115.0,21.488,79.204,0.33418636158362186,0.7518347070114034,0,0.2010401430196652,1.0
25,bsps,flood,0.5,99,0.99,16.26,660.6842000000001,0.07940266344633091,1.2899591836734694,33.109790095113155,115.0,21.04,78.516,0.330187265917603,0.7495316804407713,0,0.2012955067235159,1.0
26,bsps,flood,0.5,100,1.0,17.88,663.8506585858588,0.07304343816562599,1.304,33.36373946856772,116.0,21.06,79.836,0.33493938451973887,0.752860144758347,0,0.19337329876863255,1.0
27,bsps,flood,0.5,100,1.0,15.588,662.9718020202021,0.08389737687874943,1.3042020202020201,31.366485345457498,115.0,20.4,79.948,0.3335350173952503,0.7519406007424907,0,0.19322887066655842,1.0
28,bsps,flood,0.5,100,1.0,15.816,658.5786464646466,0.07989869375359572,1.2617373737373736,33.252368996517376,115.0,21.824,78.884,0.3328985507246377,0.7472527472527473,0,0.2034502308253017,1.0
29,bsps,flood,0.5,100,1.0,16.244,664.337082828283,0.08138770619358854,1.3204040404040405,32.18329409854696,115.0,20.772,79.956,0.33631539044730857,0.7493934142114385,0,0.19141164055523988,1.0
30,bsps,flood,0.5,93,0.93,15.284,659.8244304347828,0.08704429070988837,1.3254347826086954,34.91269979152189,115.0,20.612,72.776,0.33259554375092226,0.7465730524908057,0,0.2098679638637943,1.0
31,bsps,flood,0.5,100,1.0,14.744,661.2629454545455,0.08860020012667073,1.3042828282828283,32.414810013772986,115.0,21.408,79.348,0.3379380543841791,0.7554532500274033,0,0.195576440087499,1.0
32,bsps,flood,0.5,100,1.0,17.0,659.9426383838385,0.07631607628697412,1.2939797979797982,33.3220050287939,116.0,21.304,79.276,0.33628951509083105,0.7527810778701803,0,0.19815070159785872,1.0
33,bsps,flood,0.5,100,1.0,16.672,666.1291595959597,0.08095435034903559,1.3471919191919193,32.867999352541275,116.0,20.412,80.264,0.3342469925384498,0.7485891972820454,0,0.1891388798964066,1.0
34,bsps,flood,0.5,100,1.0,15.724,665.3775151515154,0.08441400654537909,1.326020202020202,33.83413615928067,115.0,21.044,79.736,0.3250236667718523,0.7432463634264604,0,0.20134874759152216,1.0
35,bsps,flood,0.5,100,1.0,21.208,662.0327797979799,0.05870176889836414,1.2404444444444445,35.25289216082841,119.0,20.94,80.272,0.33739639200390054,0.7528714338643943,0,0.18784887954049026,1.0
36,bsps,flood,0.5,97,0.97,17.464,650.8778333333335,0.07004755163030123,1.2204583333333332,36.32964196502914,117.0,22.164,74.972,0.3333333333333333,0.7460414751251405,0,0.21881765195670275,1.0
37,bsps,flood,0.5,96,0.96,18.172,669.7953894736844,0.07515881067477775,1.3630736842105262,33.652014039779374,118.0,19.436,77.56,0.33150591057049855,0.7509162138253507,0,0.1845228146414842,1.0
38,bsps,flood,0.5,100,1.0,15.244,659.8482020202022,0.08571026119849648,1.3045656565656563,33.77963366416525,115.0,21.844,78.644,0.33375688267683185,0.7506636933205905,0,0.2047930283224401,1.0
39,bsps,flood,0.5,100,1.0,16.12,663.2962060606062,0.08095973837346386,1.3030303030303032,32.3968787515006,115.0,20.776,79.94,0.33033498759305213,0.7510793001590548,0,0.1923969587835134,1.0
40,bsps,flood,0.5,100,1.0,15.692,665.9104444444446,0.08589911192656291,1.3444040404040403,33.37369401474042,116.0,21.256,79.756,0.3333842161502061,0.7488217036440971,0,0.1959180367700656,1.0
41,bsps,flood,0.5,100,1.0,16.248,659.9787919191921,0.07926612037391191,1.2862222222222222,34.08214053350683,116.0,22.048,78.636,0.3405880657249928,0.7561244758331495,0,0.20095966167859466,1.0
42,bsps,flood,0.5,100,1.0,15.296,661.9693777777778,0.08601180703827764,1.3132525252525251,32.989720998531574,115.0,21.396,79.064,0.3361026089491328,0.7540212277054382,0,0.19970631424375918,1.0
43,bsps,flood,0.5,96,0.96,16.14,654.6149600000001,0.07925444547504348,1.2717473684210527,34.26669466610668,116.0,21.132,74.768,0.32750485706355814,0.7461711251786808,0,0.21889962200755986,1.0
44,bsps,flood,0.5,100,1.0,16.404,658.2914141414142,0.07801081355100963,1.2783434343434343,33.694514425030476,116.0,21.776,78.924,0.3368715083798883,0.7497858672376874,0,0.19967492889069485,1.0
45,bsps,flood,0.5,100,1.0,15.272,662.5215636363637,0.08682722179781004,1.3243636363636364,33.44856797095603,115.0,21.436,78.984,0.3320666471791874,0.7498362087792094,0,0.20306575231948365,1.0
46,bsps,flood,0.5,99,0.99,16.928,662.2985959183674,0.07737458843186397,1.308,34.45043350237199,116.0,21.188,78.484,0.33368357850495345,0.7488119484046164,0,0.19965646981841975,1.0
47,bsps,flood,0.5,100,1.0,16.176,653.381187878788,0.07661638938403643,1.2375757575757578,33.620344994357566,115.0,21.456,78.504,0.33502673796791443,0.7536926147704591,0,0.2049814605835886,1.0
48,bsps,flood,0.5,99,0.99,16.304,660.5231836734695,0.07854248641812614,1.2766938775510202,33.28536446004408,116.0,21.096,78.84,0.33115996967399547,0.7507018528916339,0,0.1978613990694637,1.0
49,bsps,flood,0.5,100,1.0,16.124,655.7802585858587,0.07821988368624076,1.2577373737373736,33.32879800338137,115.0,21.704,78.552,0.3383077765607886,0.7558787128712872,0,0.20127203928830206,1.0
0,bsps,flood,0.6,99,0.99,17.896,668.8929183673471,0.0787348420571236,1.4031020408163268,31.357506620492973,116.0,17.524,81.504,0.28177210437394407,0.7772234481435287,0,0.16934881510151423,1.0
1,bsps,flood,0.6,100,1.0,16.792,676.6965373737374,0.08658734333357657,1.4516363636363638,30.21967390568974,117.0,16.596,83.696,0.2916157916157916,0.781491002570694,0,0.15174886678844463,1.0
2,bsps,flood,0.6,100,1.0,17.608,670.6519595959596,0.0797374084845705,1.4017373737373737,30.775744167337088,117.0,17.2,82.944,0.2878672262495231,0.7785771382893685,0,0.16063287744703675,1.0
3,bsps,flood,0.6,99,0.99,15.892,667.3629102040818,0.08753435612340175,1.3892653061224491,29.33863544063896,115.0,17.424,81.684,0.2819416031244188,0.7800056481219995,0,0.1669148504128875,1.0
4,bsps,flood,0.6,100,1.0,16.412,668.4429818181819,0.0859455918961595,1.408,30.8738138501918,116.0,17.72,82.304,0.28388980113118045,0.7797381372457981,0,0.16945958678242143,1.0
5,bsps,flood,0.6,97,0.97,16.672,665.0387916666667,0.08272218119338379,1.3758333333333335,29.88953811908737,116.0,16.824,79.72,0.2901245712222423,0.7828400709550929,0,0.16722314969393434,1.0
6,bsps,flood,0.6,100,1.0,17.64,670.854795959596,0.08064631014553615,1.4175353535353536,31.140222897669705,117.0,17.496,82.656,0.2873281867821503,0.7789773284915105,0,0.1651469098277609,1.0
7,bsps,flood,0.6,100,1.0,15.564,665.1622101010103,0.08751653575182988,1.359191919191919,30.23940993368521,115.0,18.168,82.012,0.2839705618380901,0.7744170802509598,0,0.17343348220327515,1.0
8,bsps,flood,0.6,100,1.0,19.352,668.0699676767679,0.07054998715207193,1.3617777777777778,32.32746645087329,118.0,17.48,82.812,0.27993025958930645,0.7755749405233942,0,0.16609346550677725,1.0
9,bsps,flood,0.6,100,1.0,18.068,667.2370828282831,0.0766519985594805,1.3794343434343435,32.10887885121014,118.0,17.912,82.32,0.2825765965300849,0.7766017766017766,0,0.16995887548034788,1.0
10,bsps,flood,0.6,100,1.0,18.404,668.0014343434344,0.07750832230109836,1.4216565656565656,31.70985782629203,118.0,17.652,82.096,0.28789473684210526,0.7809049773755656,0,0.1698672596186241,1.0
11,bsps,flood,0.6,100,1.0,18.836,669.6321090909092,0.07436993923211674,1.3988282828282828,32.277225060500136,118.0,17.48,82.748,0.28288729739917073,0.7743770845595448,0,0.16583759075020166,1.0
12,bsps,flood,0.6,100,1.0,16.076,667.1544080808081,0.08658832772166104,1.3888888888888888,30.062629365026375,115.0,17.556,82.388,0.28264823572208075,0.7785528273809523,0,0.16839153368498364,1.0
13,bsps,flood,0.6,100,1.0,16.428,666.4762989898992,0.08401561330539659,1.378060606060606,30.431554836971166,115.0,17.736,82.232,0.28412156087034707,0.7763120965478529,0,0.17023713284828887,1.0
14,bsps,flood,0.6,100,1.0,15.628,667.2773535353537,0.0892074540927482,1.3926868686868685,29.684097324909263,115.0,17.756,82.328,0.28387213948419904,0.7784810126582279,0,0.1683694044898508,1.0
15,bsps,flood,0.6,100,1.0,15.772,669.5481777777779,0.08862875169397356,1.394181818181818,29.941757424068186,115.0,17.188,82.94,0.2803809523809524,0.7740487804878049,0,0.1660014881959007,1.0
16,bsps,flood,0.6,82,0.82,16.888,670.633027160494,0.08417079387527157,1.4187654320987653,30.262693702604682,116.0,14.456,67.568,0.2920091324200913,0.7830346475507766,0,0.1629574678536103,1.0
17,bsps,flood,0.6,97,0.97,17.516,671.9086958333335,0.08103905640838206,1.4174166666666665,29.442881764908652,116.0,15.956,81.04,0.2822774659182037,0.7779143618111043,0,0.15629093416063428,1.0
18,bsps,flood,0.6,100,1.0,17.68,667.671886868687,0.07802818901085155,1.3777777777777778,30.961403271596595,116.0,17.704,82.416,0.28210838901262064,0.7740783632503377,0,0.17006894687035284,1.0
19,bsps,flood,0.6,100,1.0,17.568,667.9364404040405,0.07936929598704626,1.3932525252525252,31.539214380825566,116.0,17.608,82.42,0.2729139443718499,0.771962792445739,0,0.17157123834886817,1.0
20,bsps,flood,0.6,100,1.0,15.736,668.5998303030304,0.08923055673447831,1.4020202020202022,29.939487870619946,115.0,17.68,82.264,0.2860787172011662,0.7764459665144596,0,0.16920485175202157,1.0
21,bsps,flood,0.6,100,1.0,16.164,669.5683393939395,0.0878888299427515,1.4174141414141412,31.439443092727764,116.0,17.94,82.116,0.28110178766873406,0.7718197375926983,0,0.17403352257366855,1.0
22,bsps,flood,0.6,97,0.97,15.584,667.5843125000001,0.09035898984593838,1.4069583333333335,30.157529063768315,115.0,17.132,79.688,0.2853953488372093,0.7829647058823529,0,0.1685354612368439,1.0
23,bsps,flood,0.6,97,0.97,17.128,674.0104375000001,0.0848398742976723,1.4522083333333335,30.99854368932039,117.0,16.48,80.724,0.29145332808192204,0.7811207609594706,0,0.15665742024965326,1.0
24,bsps,flood,0.6,100,1.0,16.372,670.7206101010102,0.08669407930486364,1.4166868686868688,31.43352953115486,116.0,17.824,82.284,0.27990158970476914,0.7722200469851214,0,0.17224815641702185,1.0
25,bsps,flood,0.6,99,0.99,16.58,667.7562653061226,0.08362320070885497,1.3853061224489798,30.62228427433086,115.0,17.476,81.496,0.27731881336838154,0.7723522640061397,0,0.17339780698767282,1.0
26,bsps,flood,0.6,100,1.0,18.308,671.7357656565658,0.07712013803572111,1.4102222222222223,30.24189107514606,116.0,17.06,83.156,0.28801255640572887,0.7819852569928305,0,0.15835068161977034,1.0
27,bsps,flood,0.6,100,1.0,16.024,670.1826505050506,0.08775499947058255,1.4021414141414141,28.455898195529223,115.0,16.696,83.112,0.28595955742083173,0.7816338467537531,0,0.16119041206571505,1.0
28,bsps,flood,0.6,100,1.0,16.148,665.7718262626263,0.08428415669298021,1.3589898989898987,30.506272764063134,115.0,18.096,81.98,0.2849090909090909,0.7748571428571429,0,0.17307432888169433,1.0
29,bsps,flood,0.6,100,1.0,16.46,671.49858989899,0.08617196196571843,1.4167272727272726,29.4705164701098,115.0,17.172,82.968,0.2878411910669975,0.7765457996204176,0,0.16232885997017757,1.0
30,bsps,flood,0.6,93,0.93,15.708,667.7883565217393,0.09150761213480288,1.4323478260869564,32.02887252778981,115.0,16.952,75.864,0.2824427480916031,0.7744484054340495,0,0.1769164140320485,1.0
31,bsps,flood,0.6,100,1.0,15.108,668.2721575757575,0.0927613771849066,1.3987878787878787,30.029987138698978,115.0,17.888,82.316,0.2893263500090302,0.7775016725604511,0,0.1683476612739457,1.0
32,bsps,flood,0.6,100,1.0,17.496,666.6289292929293,0.07928151223275062,1.3839595959595958,31.040677966101693,116.0,17.908,82.068,0.2885292047853624,0.77295097482491,0,0.17064406779661018,1.0
33,bsps,flood,0.6,100,1.0,16.984,673.2950747474749,0.08512367396010327,1.4431919191919191,30.1991075654114,115.0,16.772,83.208,0.2871531736982136,0.775830997196636,0,0.15901561760530053,1.0
34,bsps,flood,0.6,100,1.0,16.108,672.895890909091,0.088731136292901,1.427313131313131,30.556687898089173,116.0,17.3,82.936,0.2793185419968304,0.776225884244373,0,0.16480053637277908,1.0
35,bsps,flood,0.6,100,1.0,21.84,669.7966505050506,0.06180404545986543,1.3459797979797978,32.58732081566727,120.0,16.744,83.62,0.2867540029112082,0.7829679059421671,0,0.15546133656369876,1.0
36,bsps,flood,0.6,97,0.97,17.96,658.6970666666667,0.07399612465600276,1.3268333333333335,33.018088571626585,117.0,18.372,78.332,0.28904271484045246,0.7792001412554075,0,0.18144015524291357,1.0
37,bsps,flood,0.6,96,0.96,18.696,677.214905263158,0.0783750099190184,1.462821052631579,30.896498814339516,118.0,15.736,80.552,0.28504072010287185,0.7779612505504183,0,0.15239224438554888,1.0
38,bsps,flood,0.6,100,1.0,15.596,667.8389131313132,0.09067936838034876,1.4122424242424243,30.721618887015175,115.0,17.852,82.048,0.28737067427755975,0.7815311180466312,0,0.17005059021922428,1.0
39,bsps,flood,0.6,100,1.0,16.38,670.6275353535356,0.08571173594016733,1.4021414141414144,29.404235419867728,115.0,17.04,83.084,0.282904984423676,0.7796124184298991,0,0.16019774200013362,1.0
40,bsps,flood,0.6,100,1.0,16.152,673.5385858585859,0.08982206660441955,1.446949494949495,30.489430456442708,116.0,17.364,82.956,0.28596187175043325,0.7791587948692453,0,0.16339033257035143,1.0
41,bsps,flood,0.6,100,1.0,16.68,667.7341171717172,0.08347621700815715,1.390909090909091,31.394376693766937,116.0,18.164,81.964,0.2904692615496544,0.7806132165301847,0,0.16964769647696476,1.0
42,bsps,flood,0.6,100,1.0,15.576,669.2014464646466,0.09074539396696259,1.4111515151515153,30.26278264412304,115.0,17.772,82.212,0.28886458902861306,0.7788452392276229,0,0.1692130101174713,1.0
43,bsps,flood,0.6,96,0.96,16.64,661.7673431578947,0.08258176971761785,1.3686736842105265,31.32801742307152,117.0,17.804,77.788,0.2774406103693428,0.7720110389032315,0,0.18596318673598428,1.0
44,bsps,flood,0.6,100,1.0,16.78,665.7815797979799,0.08227817389582096,1.3792727272727272,31.095765516309854,116.0,17.928,82.092,0.28696873902353354,0.7754950953174162,0,0.1701222394813264,1.0
45,bsps,flood,0.6,100,1.0,15.624,670.0992202020203,0.09144099045471595,1.4266666666666667,30.531380190834565,115.0,17.768,82.252,0.28212187958883994,0.775587566338135,0,0.17054159387179144,1.0
46,bsps,flood,0.6,99,0.99,17.384,670.0299959183674,0.0813374321658488,1.4121632653061225,31.435366269165247,117.0,17.4,81.716,0.2876247880956866,0.7789225787459523,0,0.16497444633730834,1.0
47,bsps,flood,0.6,100,1.0,16.56,660.3206505050506,0.08059716107956562,1.3322424242424242,30.746951628031624,116.0,17.948,81.656,0.2887548181665829,0.7814098673372063,0,0.17238375988208496,1.0
48,bsps,flood,0.6,99,0.99,16.556,667.8419469387755,0.08332103252328502,1.375714285714286,30.242217832572713,116.0,17.324,81.928,0.28232840348881305,0.7761588108742421,0,0.1653157141884068,1.0
49,bsps,flood,0.6,100,1.0,16.496,662.698387878788,0.08209940212484074,1.3515151515151516,30.88471633353523,115.0,18.16,81.58,0.29067984324416424,0.7791752762555026,0,0.1730937478968975,1.0
0,bsps,flood,0.7,99,0.99,18.316,676.5838734693879,0.08257194206687003,1.5072244897959186,28.262877030162414,115.0,13.76,84.844,0.2223608684801597,0.8106105765136677,0,0.136368909512761,1.0
1,bsps,flood,0.7,100,1.0,17.184,684.0239555555556,0.09036613294972429,1.5507474747474748,27.752832369942197,117.0,12.884,86.864,0.22880434782608697,0.8112582781456954,0,0.1230057803468208,1.0
2,bsps,flood,0.7,100,1.0,18.04,677.8529979797981,0.08322674787086552,1.4992323232323232,27.980879650895726,116.0,13.604,86.08,0.23271543086172344,0.8108012080298455,0,0.1290767110702802,1.0
3,bsps,flood,0.7,99,0.99,16.328,674.6659632653062,0.09125356237733188,1.488122448979592,26.429944654820858,114.0,13.848,84.844,0.23103030303030303,0.8135578947368421,0,0.13399359161083602,1.0
4,bsps,flood,0.7,100,1.0,16.828,675.9374505050506,0.08989608798685166,1.5098181818181817,27.804527343073282,116.0,14.06,85.648,0.22920650095602293,0.8127797115862755,0,0.13535831841542992,1.0
5,bsps,flood,0.7,97,0.97,17.08,672.3029291666668,0.08651956645596835,1.4747916666666665,26.912579703235803,116.0,13.44,82.916,0.23756248512258987,0.8174122333803635,0,0.1338418449436863,1.0
6,bsps,flood,0.7,100,1.0,18.22,678.3558545454546,0.08358838212584342,1.5187070707070707,28.374710379981465,117.0,13.776,85.856,0.23242574257425744,0.8118673647469459,0,0.13287766450417052,1.0
7,bsps,flood,0.7,100,1.0,15.972,672.7253373737375,0.09170587607744471,1.461939393939394,27.184150943396226,115.0,14.316,85.344,0.22993389990557128,0.8091393374396537,0,0.13875181422351235,1.0
8,bsps,flood,0.7,100,1.0,19.824,675.591995959596,0.0739918743568519,1.463919191919192,29.168504937344807,118.0,13.636,86.128,0.2292197858235594,0.8125882768361582,0,0.12998787318819657,1.0
9,bsps,flood,0.7,100,1.0,18.58,674.7987393939395,0.08002106658009651,1.4819797979797982,29.020597084008333,118.0,14.012,85.628,0.2319262493934983,0.8130156592018858,0,0.13515389956028698,1.0
10,bsps,flood,0.7,100,1.0,18.916,675.3349131313133,0.08065071270787566,1.5212121212121212,29.016500317313795,119.0,14.092,85.352,0.2270081490104773,0.811561621838619,0,0.13915652224081232,1.0
11,bsps,flood,0.7,100,1.0,19.28,677.4122101010103,0.07816357332229365,1.503959595959596,29.083290073253735,117.0,13.58,86.068,0.23224520308995764,0.8128318969269609,0,0.13018399953855916,1.0
12,bsps,flood,0.7,100,1.0,16.496,674.3896000000001,0.09034444613216543,1.4869898989898989,27.266287487073424,115.0,13.972,85.564,0.22818311874105865,0.811877903118779,0,0.13615994484660462,1.0
13,bsps,flood,0.7,100,1.0,16.764,673.9778989898991,0.0884108226845585,1.4798383838383837,27.193866943866944,115.0,14.016,85.552,0.23497397065783246,0.8145375914836993,0,0.13473088473088474,1.0
14,bsps,flood,0.7,100,1.0,15.872,674.5594666666668,0.09403165549047901,1.490989898989899,26.79031141868512,114.0,14.136,85.464,0.22976810222432562,0.810129740518962,0,0.1370242214532872,1.0
15,bsps,flood,0.7,100,1.0,16.2,676.924686868687,0.09238461647285177,1.4938989898989898,26.77985636511062,115.0,13.444,86.132,0.23197804938887504,0.8128100252371421,0,0.1300243252635237,1.0
16,bsps,flood,0.7,82,0.82,17.336,678.0551604938272,0.08777858089304598,1.5189135802469136,27.683153562304852,116.0,11.48,70.16,0.2352589045196049,0.8128387713890955,0,0.13248651717286403,1.0
17,bsps,flood,0.7,97,0.97,17.816,678.9676958333334,0.0850464752823644,1.512625,26.55472680992127,116.0,12.516,83.968,0.2286015275217277,0.8120149730667398,0,0.12543657136091874,1.0
18,bsps,flood,0.7,100,1.0,18.036,675.4530101010102,0.08236279443905861,1.4832323232323232,27.53548349873067,116.0,13.816,85.832,0.23184152604548788,0.8127947860389332,0,0.1325294253404108,1.0
19,bsps,flood,0.7,100,1.0,17.928,675.6351191919192,0.08358858606706904,1.4972525252525253,28.26799977015457,116.0,13.8,85.736,0.22385861561119294,0.8111688747274861,0,0.13583864850887778,1.0
20,bsps,flood,0.7,100,1.0,16.036,676.388387878788,0.0941202538928029,1.5075959595959596,26.483680555555555,114.0,13.888,85.688,0.239770279971285,0.8159208188816512,0,0.13217592592592592,1.0
21,bsps,flood,0.7,100,1.0,16.616,677.4655151515153,0.09190746352413019,1.5242424242424242,27.93926635136694,116.0,14.052,85.56,0.23237410071942446,0.8112426035502959,0,0.13536740108432346,1.0
22,bsps,flood,0.7,97,0.97,15.852,674.6234791666667,0.09485354808590102,1.502375,27.402114516512235,115.0,13.828,82.696,0.2311046511627907,0.8128369272237197,0,0.13821572820147304,1.0
23,bsps,flood,0.7,97,0.97,17.492,681.2366125000003,0.08863567394794175,1.5494583333333334,28.487971894724307,117.0,12.988,83.688,0.23355006501950584,0.8123796423658872,0,0.12772418720971776,1.0
24,bsps,flood,0.7,100,1.0,16.904,678.7896282828285,0.0904130421865716,1.525777777777778,28.32213404390894,116.0,13.932,85.792,0.22505040322580644,0.8107873742629206,0,0.1353183108382089,1.0
25,bsps,flood,0.7,99,0.99,17.016,675.4356734693879,0.08760526019931783,1.4894285714285715,27.293051006083296,115.0,13.736,84.848,0.22711614173228348,0.8102858120828341,0,0.13599672437997193,1.0
26,bsps,flood,0.7,100,1.0,18.672,679.3638666666667,0.08114303440319952,1.5132929292929291,27.256589595375722,116.0,13.324,86.44,0.2367810162496776,0.8170457610356918,0,0.1254913294797688,1.0
27,bsps,flood,0.7,100,1.0,16.476,677.280694949495,0.09124356509217191,1.4987474747474747,25.654623779437106,114.0,13.22,86.3,0.2240102171136654,0.8137246439361243,0,0.12975301550832855,1.0
28,bsps,flood,0.7,100,1.0,16.492,673.5375434343435,0.08894392147431364,1.4645252525252526,27.05476603119584,115.0,14.24,85.44,0.23651551312649163,0.8137171888230313,0,0.13535528596187174,1.0
29,bsps,flood,0.7,100,1.0,16.872,679.0217616161618,0.09009105954627111,1.5184242424242425,26.62630601346645,115.0,13.54,86.236,0.22996957403651117,0.810896868919158,0,0.12996285117250986,1.0
30,bsps,flood,0.7,93,0.93,16.372,675.952243478261,0.09458806512190043,1.5425652173913045,28.710890474713,115.0,13.364,79.14,0.23372781065088757,0.814862322558577,0,0.1386906608749612,1.0
31,bsps,flood,0.7,100,1.0,15.448,675.6683434343436,0.09719074549270627,1.4987070707070707,27.12253905569429,115.0,14.168,85.484,0.23596304193319118,0.8109347143220986,0,0.13583831813694175,1.0
32,bsps,flood,0.7,100,1.0,17.996,674.3304808080809,0.08290217308968599,1.4882020202020203,28.00305863342567,116.0,14.104,85.416,0.234375,0.8096472161845846,0,0.13613804247460756,1.0
33,bsps,flood,0.7,100,1.0,17.36,680.5789696969697,0.08891207134989385,1.5414141414141416,27.467308138186876,115.0,13.232,86.332,0.23204837490551777,0.811984753124723,0,0.1281010897287271,1.0
34,bsps,flood,0.7,100,1.0,16.404,680.845187878788,0.0936638127304794,1.5346666666666668,27.27529641993784,115.0,13.404,86.364,0.22502628811777076,0.8130582350839586,0,0.12915851272015655,1.0
35,bsps,flood,0.7,100,1.0,22.328,676.6106141414143,0.06457810782529179,1.4385050505050505,30.160293438077634,119.0,13.196,86.584,0.22823721436343852,0.8112351049744657,0,0.12673290203327173,1.0
36,bsps,flood,0.7,97,0.97,18.44,666.9745458333334,0.07819441984761741,1.4395833333333332,30.001952662721894,117.0,14.456,81.932,0.22829067641681902,0.8152866242038217,0,0.14644970414201183,1.0
37,bsps,flood,0.7,96,0.96,19.284,684.963612631579,0.08141600435557417,1.5674105263157894,27.692427323842566,118.0,12.016,83.728,0.23929183323814962,0.8211358313817331,0,0.11592295729154205,1.0
38,bsps,flood,0.7,100,1.0,15.916,675.6583232323234,0.09554254732195909,1.5179797979797982,27.569410000576735,115.0,14.084,85.44,0.23118788452437292,0.8153006354896529,0,0.13587865505507815,1.0
39,bsps,flood,0.7,100,1.0,16.824,678.0660202020205,0.08944731647399345,1.502787878787879,26.678800366300365,115.0,13.356,86.316,0.2231748506105482,0.81308657135339,0,0.12872023809523808,1.0
40,bsps,flood,0.7,100,1.0,16.552,681.6127919191921,0.09416858406662328,1.5557979797979797,27.395048934945308,116.0,13.376,86.408,0.22664941785252263,0.814580588493632,0,0.12832469775474956,1.0
41,bsps,flood,0.7,100,1.0,17.056,675.2397939393941,0.08763917364216642,1.4926868686868688,28.88187561583493,116.0,14.508,85.264,0.22676937891189214,0.8086273847712308,0,0.1407291485538747,1.0
42,bsps,flood,0.7,100,1.0,15.872,676.6122262626263,0.09539922379726301,1.5115151515151515,27.370922809053976,115.0,14.104,85.456,0.23330129745314754,0.8113701638790336,0,0.13720255368543238,1.0
43,bsps,flood,0.7,96,0.96,17.188,669.5654694736844,0.08610562751046862,1.4746526315789474,27.95052663256094,116.0,14.212,81.136,0.22257916475447453,0.8090492010757792,0,0.1485404754739693,1.0
44,bsps,flood,0.7,100,1.0,17.144,673.2157656565657,0.08639569829703989,1.479878787878788,28.29137044101497,116.0,14.212,85.316,0.2305729529111575,0.8092542456313069,0,0.13866250505751113,1.0
45,bsps,flood,0.7,100,1.0,15.988,678.2561171717174,0.09622608625941959,1.536929292929293,27.177327422419253,115.0,13.848,85.796,0.22875336762184667,0.8145506419400856,0,0.13339858368357418,1.0
46,bsps,flood,0.7,99,0.99,17.792,677.8151306122451,0.08537267538594387,1.5171428571428571,28.398300151356388,116.0,13.632,85.012,0.23917371826779493,0.8170179411252395,0,0.13016649202468272,1.0
47,bsps,flood,0.7,100,1.0,17.008,667.9726060606062,0.08460100593134648,1.436929292929293,27.709886454868677,116.0,14.112,85.176,0.2345540328016176,0.8194497662656143,0,0.1375157701571281,1.0
48,bsps,flood,0.7,99,0.99,16.792,675.4662408163267,0.08825352509424823,1.4789795918367348,27.02173279729651,116.0,13.524,85.2,0.22731854838709678,0.812955254942768,0,0.13109596224436287,1.0
49,bsps,flood,0.7,100,1.0,16.872,670.0331313131314,0.08619367067401124,1.4516363636363636,28.143566930498583,115.0,14.584,84.92,0.23270440251572327,0.8102486452024227,0,0.14177595470564447,1.0
0,bsps,flood,0.8,99,0.99,18.86,684.9642653061226,0.08624474143040675,1.6211428571428572,24.920279933059486,115.0,9.8,88.548,0.1526491293071508,0.856486093019692,0,0.09807799584157412,1.0
1,bsps,flood,0.8,100,1.0,17.536,691.592670707071,0.0943847385099707,1.6533333333333335,24.887389436441747,116.0,9.156,90.172,0.1560369033293221,0.8536191205239432,0,0.09067475360121303,1.0
2,bsps,flood,0.8,100,1.0,18.588,685.8991474747476,0.08662431817313138,1.6085252525252527,24.89091823899371,115.0,9.688,89.652,0.16906077348066298,0.8567211806940567,0,0.09343396226415095,1.0
3,bsps,flood,0.8,99,0.99,16.7,682.9659755102042,0.09594538815526209,1.6008163265306121,23.294674676713164,114.0,9.876,88.5,0.15395840933965707,0.8573044724338186,0,0.09912432542510946,1.0
4,bsps,flood,0.8,100,1.0,17.424,684.1338585858587,0.0931661089741585,1.6210505050505053,24.552703385548256,116.0,10.068,89.284,0.16672504378283712,0.8583053378126166,0,0.09813036887316827,1.0
5,bsps,flood,0.8,97,0.97,17.532,680.1214500000002,0.09036144704592362,1.5812916666666665,23.851859579573315,114.0,9.796,86.348,0.17397355601948503,0.8598983253588517,0,0.09889937927077357,1.0
6,bsps,flood,0.8,100,1.0,18.856,686.5149292929294,0.08657047456232184,1.6290909090909091,25.34902556314857,117.0,9.86,89.408,0.1677465802735781,0.8552114447413929,0,0.09724120475828904,1.0
7,bsps,flood,0.8,100,1.0,16.448,680.9441858585859,0.09581616161616162,1.5738181818181818,24.004005882054663,115.0,10.268,89.02,0.16198404439819633,0.8542679733672477,0,0.10192180923888242,1.0
8,bsps,flood,0.8,100,1.0,20.464,683.7845414141415,0.07715659091175434,1.5755555555555556,26.175671581498687,117.0,9.556,89.82,0.16122913505311076,0.858332012050103,0,0.09356695617047062,1.0
9,bsps,flood,0.8,100,1.0,19.188,683.0969373737375,0.08329379573910017,1.594949494949495,25.75283446712018,117.0,9.872,89.36,0.1654081265731751,0.8583100083213556,0,0.09735449735449736,1.0
10,bsps,flood,0.8,100,1.0,19.612,683.6311151515152,0.08353821534155526,1.63410101010101,25.485240413877055,118.0,10.096,89.092,0.17350050830227043,0.8603521994347416,0,0.09925948468249138,1.0
11,bsps,flood,0.8,100,1.0,19.928,685.7971232323233,0.08132375045357501,1.6176969696969699,25.881885406710598,117.0,9.552,89.76,0.16343283582089552,0.8594383775351014,0,0.09326424870466321,1.0
12,bsps,flood,0.8,100,1.0,17.012,682.8554222222223,0.09432334038701427,1.602141414141414,23.785894079742246,114.0,9.876,89.36,0.1707231040564374,0.8614237793514722,0,0.09635521546516311,1.0
13,bsps,flood,0.8,100,1.0,17.092,681.684294949495,0.09286224143742203,1.5848888888888888,24.08249303268305,115.0,10.268,89.056,0.16820829051044878,0.8554497036981472,0,0.1003800354699772,1.0
14,bsps,flood,0.8,100,1.0,16.272,682.6701898989901,0.09851302568165313,1.6012121212121213,23.45148213833291,114.0,10.24,89.088,0.17300445357999314,0.8567999399894982,0,0.09941727894603496,1.0
15,bsps,flood,0.8,100,1.0,16.592,684.602286868687,0.09650827839553329,1.5982626262626263,23.699590143196883,115.0,9.676,89.548,0.17033561891014073,0.8565480399088695,0,0.09517785761271062,1.0
16,bsps,flood,0.8,82,0.82,17.988,686.8509530864198,0.09117847511540896,1.6377283950617285,24.40892262125139,116.0,8.044,73.268,0.17264276228419656,0.8596892574587742,0,0.09440947797112181,1.0
17,bsps,flood,0.8,97,0.97,18.364,686.4854416666669,0.08808683637197569,1.6147083333333334,23.6508497479341,115.0,9.0,87.216,0.15844660194174756,0.8556878850102669,0,0.09261472896419105,1.0
18,bsps,flood,0.8,100,1.0,18.504,683.4708606060607,0.08613506965075593,1.592121212121212,24.36538072093965,115.0,9.924,89.396,0.1717530163236338,0.8574079802041448,0,0.09624341838801134,1.0
19,bsps,flood,0.8,100,1.0,18.396,683.8232767676769,0.08748889618580022,1.6083636363636364,25.079552892603594,115.0,9.92,89.372,0.15757137694253703,0.8565706944759314,0,0.09863551684205227,1.0
20,bsps,flood,0.8,100,1.0,16.5,683.8591474747476,0.09763332012939856,1.6092525252525252,23.78655564581641,114.0,10.288,89.02,0.1702200825309491,0.8533455545371219,0,0.10062956945572706,1.0
21,bsps,flood,0.8,100,1.0,17.076,685.9263717171718,0.09612079289628309,1.6390707070707071,24.50453172205438,116.0,9.96,89.316,0.16357804704205275,0.8568288616037593,0,0.09798590130916415,1.0
22,bsps,flood,0.8,97,0.97,16.228,682.6998833333336,0.09941267069327732,1.612,24.321030132415807,115.0,10.088,86.168,0.1618679775280899,0.8533302919708029,0,0.10374309248253571,1.0
23,bsps,flood,0.8,97,0.97,17.864,689.2906208333335,0.0928711748222681,1.6582916666666665,25.599750493814327,117.0,9.22,87.072,0.15363565285379202,0.854740813648294,0,0.09496829192223724,1.0
24,bsps,flood,0.8,100,1.0,17.38,687.1770585858586,0.0944053486359988,1.6391111111111112,24.989755033727242,116.0,9.9,89.428,0.1652014652014652,0.8568519968676586,0,0.09717502662676877,1.0
25,bsps,flood,0.8,99,0.99,17.324,683.5709959183674,0.09240938041883419,1.5998775510204082,23.721972865449352,114.0,9.804,88.428,0.1706618962432916,0.8575067541489773,0,0.09696011425073957,1.0
26,bsps,flood,0.8,100,1.0,18.996,687.2431474747476,0.08536222413828193,1.6199191919191922,24.137932782480863,115.0,9.504,89.852,0.17466266866566715,0.8590658449562115,0,0.09139757692502662,1.0
27,bsps,flood,0.8,100,1.0,16.98,684.6481616161617,0.0944483057266855,1.5989898989898992,22.537065052950076,113.0,9.64,89.592,0.16152716593245228,0.855275516593613,0,0.09581442259203228,1.0
28,bsps,flood,0.8,100,1.0,17.012,682.0681131313133,0.09302088202284281,1.580686868686869,23.74042058436963,115.0,10.08,89.296,0.17269217269217269,0.8585658885255875,0,0.09720958447073097,1.0
29,bsps,flood,0.8,100,1.0,17.152,687.1031717171718,0.09502730191491801,1.6275555555555556,23.29688054780624,114.0,9.628,89.728,0.16771799628942485,0.8568697729988053,0,0.09383717981232564,1.0
30,bsps,flood,0.8,93,0.93,16.996,684.4925260869566,0.09786973996692498,1.6578695652173912,25.731157688966118,115.0,9.612,82.568,0.15984052192823486,0.8548995458394273,0,0.10360556038227628,1.0
31,bsps,flood,0.8,100,1.0,15.832,684.2132808080809,0.10216210706504825,1.6145858585858586,23.836716100622564,114.0,10.088,89.26,0.16147308781869688,0.855191256830601,0,0.09910411499721618,1.0
32,bsps,flood,0.8,100,1.0,18.552,682.4922626262628,0.0863517995573207,1.5989090909090908,24.956348203910473,115.0,10.184,89.02,0.16779891304347827,0.85292349316098,0,0.10079320972060829,1.0
33,bsps,flood,0.8,100,1.0,17.696,688.4916363636364,0.0933200923927962,1.6483636363636365,24.349386022537775,115.0,9.472,89.768,0.16269545793000745,0.8560967844635466,0,0.09404214462580221,1.0
34,bsps,flood,0.8,100,1.0,16.796,688.9596080808082,0.09802147431363117,1.6444040404040403,24.09832520243424,115.0,9.42,89.896,0.15181388012618297,0.8576700898587933,0,0.09384901674797566,1.0
35,bsps,flood,0.8,100,1.0,22.844,684.2188323232324,0.06761648014114417,1.5422626262626262,27.04956591964466,118.0,9.328,90.028,0.1630043947263284,0.8561334808887375,0,0.09105592570159499,1.0
36,bsps,flood,0.8,97,0.97,19.112,675.855175,0.08175125313283207,1.5607083333333334,26.335644076564925,117.0,10.368,85.824,0.17373872368860674,0.8631549414322789,0,0.10372478013450595,1.0
37,bsps,flood,0.8,96,0.96,19.812,692.1657810526318,0.08417495226244616,1.664884210526316,25.082241515390688,115.0,8.62,86.728,0.1742549668874172,0.860772895712017,0,0.08592475664298868,1.0
38,bsps,flood,0.8,100,1.0,16.26,684.0691393939395,0.10052561280404416,1.632121212121212,24.22149721800708,115.0,10.124,89.172,0.16626086956521738,0.8592293577981651,0,0.09934243803743045,1.0
39,bsps,flood,0.8,100,1.0,17.212,685.7018060606061,0.0934469912402317,1.6063838383838382,23.685430630449027,115.0,9.652,89.68,0.15842696629213482,0.8552464228934817,0,0.09499571637353223,1.0
40,bsps,flood,0.8,100,1.0,16.948,689.292682828283,0.09808624966555823,1.6595555555555555,24.3266029047113,115.0,9.632,89.732,0.16598436918496465,0.8570405158003661,0,0.09402358180254036,1.0
41,bsps,flood,0.8,100,1.0,17.5,683.5114141414142,0.09183428714388467,1.6048888888888888,25.568665278976493,116.0,10.5,88.912,0.16001388406803194,0.85105572071042,0,0.10326445651622075,1.0
42,bsps,flood,0.8,100,1.0,16.148,684.9483070707072,0.10078488526723822,1.6247676767676766,23.871385741145385,115.0,10.076,89.172,0.1719187675070028,0.8565124771758977,0,0.09909040093500686,1.0
43,bsps,flood,0.8,96,0.96,17.82,678.3335494736843,0.08969771966034798,1.5940631578947368,24.143037574992107,113.0,10.236,84.948,0.16408355795148247,0.8577537058152793,0,0.10619934743711189,1.0
44,bsps,flood,0.8,100,1.0,17.64,681.5217010101011,0.09040845329803018,1.592969696969697,24.848234106962664,116.0,10.192,89.068,0.17346938775510204,0.8584070796460177,0,0.09924318869828457,1.0
45,bsps,flood,0.8,100,1.0,16.34,686.2279313131314,0.10075319865319864,1.644808080808081,24.069204327166112,115.0,10.044,89.28,0.16452991452991453,0.8573377804730139,0,0.0986755636437165,1.0
46,bsps,flood,0.8,99,0.99,18.3,686.0252448979593,0.08906773912572546,1.628204081632653,25.519728792822185,116.0,9.74,88.552,0.16740088105726872,0.8580932999373826,0,0.09660481239804242,1.0
47,bsps,flood,0.8,100,1.0,17.476,675.500080808081,0.08826896501999701,1.5404040404040404,24.5071104387292,115.0,10.432,88.736,0.1775549805950841,0.86188228761799,0,0.10136157337367625,1.0
48,bsps,flood,0.8,99,0.99,17.132,683.0630816326532,0.0925419873212443,1.5822448979591837,23.97033336731573,115.0,9.8,88.54,0.16021897810218977,0.8543887147335423,0,0.09756346212661841,1.0
49,bsps,flood,0.8,100,1.0,17.396,678.2931191919193,0.09005145625501663,1.5642828282828283,24.873675713853295,115.0,10.504,88.668,0.16666666666666666,0.85552853669003,0,0.10422762587024519,1.0
0,bsps,flood,0.9,99,0.99,19.284,694.5285346938778,0.09100509496120163,1.7511836734693877,20.694120834462204,106.75,5.28,92.788,0.08857142857142856,0.9195121951219513,0,0.053147295222613564,1.0
1,bsps,flood,0.9,100,1.0,17.964,700.2003191919194,0.09865887721383078,1.7704242424242425,21.2229918143384,19.0,5.088,94.044,0.09368029739776952,0.9154591243703991,0,0.04992354052352253,1.0
2,bsps,flood,0.9,100,1.0,19.184,695.1517414141415,0.09049717957003818,1.7344646464646463,21.238674082712837,107.0,5.272,93.816,0.10091743119266056,0.9183112846092677,0,0.05140396519242846,1.0
3,bsps,flood,0.9,99,0.99,17.172,692.1102693877554,0.10057429638522075,1.7253061224489799,19.345419067931207,110.0,5.532,92.588,0.08636052090472926,0.917337184512757,0,0.05554295049235377,1.0
4,bsps,flood,0.9,100,1.0,18.036,693.4601575757578,0.09703202649126283,1.74820202020202,20.711283732207804,107.0,5.58,93.528,0.0966022651565623,0.918028340904468,0,0.05486956131291815,1.0
5,bsps,flood,0.9,97,0.97,18.116,689.4652375000001,0.09447131027118451,1.709041666666667,20.08339882575933,110.0,5.532,90.536,0.08975217682518419,0.9172596056108965,0,0.05681660579723545,1.0
6,bsps,flood,0.9,100,1.0,19.752,695.8988363636365,0.08909470576818358,1.7566060606060605,21.736404494382022,109.0,5.484,93.612,0.09465020576131687,0.915752741774676,0,0.05420224719101124,1.0
7,bsps,flood,0.9,100,1.0,16.992,690.2999030303032,0.10024223278537002,1.7016161616161616,20.023093229894908,109.0,5.768,93.304,0.10402042118698149,0.9155485936116597,0,0.05687609940913806,1.0
8,bsps,flood,0.9,100,1.0,21.12,692.7185333333334,0.08048898324783492,1.6975757575757577,22.620896860986548,109.0,5.196,93.904,0.09018181818181818,0.9188468468468468,0,0.05147982062780269,1.0
9,bsps,flood,0.9,100,1.0,19.916,692.2535272727273,0.08651640906584146,1.7202424242424246,22.013154940959907,108.0,5.46,93.596,0.10094850948509485,0.9184109060864776,0,0.05392178871279127,1.0
10,bsps,flood,0.9,100,1.0,20.624,693.1265454545456,0.08569740363471728,1.7636363636363634,21.905868080517614,111.0,5.628,93.428,0.08929743926460933,0.917974650292244,0,0.056479151689432065,1.0
11,bsps,flood,0.9,100,1.0,20.696,694.7562181818182,0.08418143123342486,1.7394747474747474,22.47450418587993,111.0,5.372,93.74,0.08852691218130311,0.9173764906303237,0,0.05318529793615973,1.0
12,bsps,flood,0.9,100,1.0,17.636,692.1845373737374,0.09818933851761509,1.7294141414141413,20.21604551155707,111.0,5.46,93.616,0.10006761325219743,0.92011373637533,0,0.053664217882099984,1.0
13,bsps,flood,0.9,100,1.0,17.524,690.9703111111112,0.09778376124506155,1.7116767676767677,20.17342108822071,111.0,5.788,93.316,0.09673286354900705,0.9147661515419702,0,0.05720596853446333,1.0
14,bsps,flood,0.9,100,1.0,16.748,692.376092929293,0.10358397042318612,1.733212121212121,19.516021751831378,111.0,5.64,93.452,0.10553745928338762,0.9177709819911655,0,0.055053705451440386,1.0
15,bsps,flood,0.9,100,1.0,17.344,693.7846828282829,0.09949777704808664,1.7235151515151514,20.23310431541605,108.0,5.304,93.74,0.09603340292275574,0.9171585010310744,0,0.05285374287125601,1.0
16,bsps,flood,0.9,82,0.82,18.728,696.2817037037038,0.09439196384206702,1.7654814814814814,20.901539641663472,109.0,4.42,76.664,0.09499575911789652,0.9180710396681359,0,0.05303818968823626,1.0
17,bsps,flood,0.9,97,0.97,18.888,695.0181666666667,0.09179434393274855,1.7308333333333332,19.875098594163227,104.0,5.108,90.948,0.09626436781609195,0.9160053900284474,0,0.0523824989560618,1.0
18,bsps,flood,0.9,100,1.0,19.004,692.5138383838386,0.0903431626203556,1.7153939393939395,20.75165458556571,112.0,5.564,93.504,0.096579476861167,0.9158426257100778,0,0.0552879203998019,1.0
19,bsps,flood,0.9,100,1.0,18.884,693.0677494949496,0.09187240829346092,1.733939393939394,21.283219608547316,113.0,5.572,93.5,0.08992562542258282,0.9164658081399353,0,0.05557550727240079,1.0
20,bsps,flood,0.9,100,1.0,16.976,693.4389575757577,0.10252680398758829,1.7395959595959594,19.840257750540736,111.0,5.744,93.328,0.10682110682110682,0.9153398864737644,0,0.056281542898341745,1.0
21,bsps,flood,0.9,100,1.0,17.588,695.3077575757578,0.10052112629563609,1.7667474747474747,20.54125811506604,110.0,5.508,93.548,0.0918918918918919,0.9168732782369146,0,0.054846653234833224,1.0
22,bsps,flood,0.9,97,0.97,16.496,692.2757875000001,0.1056781352124183,1.7421666666666664,20.09350781938837,111.0,5.72,90.324,0.0940337224383917,0.9131968460367962,0,0.05912107290361502,1.0
23,bsps,flood,0.9,97,0.97,18.252,697.9329166666668,0.09732322124756335,1.7755416666666666,22.04217314651573,114.0,5.304,90.792,0.08695652173913043,0.9133887765040833,0,0.054746218799294796,1.0
24,bsps,flood,0.9,100,1.0,17.916,696.5340606060607,0.09864417133147783,1.7660202020202018,21.33601944807095,113.0,5.512,93.576,0.08484005563282336,0.915090314322287,0,0.055553054517624816,1.0
25,bsps,flood,0.9,99,0.99,17.76,692.7921795918369,0.0972096285882774,1.7256326530612243,19.89339986391472,112.0,5.492,92.596,0.09864864864864865,0.9169586545199719,0,0.05461555908369245,1.0
26,bsps,flood,0.9,100,1.0,19.4,696.3597979797981,0.08994598677323136,1.7435151515151515,20.523281995856976,107.0,5.216,93.872,0.09489575844716032,0.9168197516349474,0,0.0516977393497253,1.0
27,bsps,flood,0.9,100,1.0,17.776,693.4637050505053,0.09694537688546975,1.7191919191919192,18.817213483146066,105.0,5.468,93.6,0.09754433833560709,0.9157047171155764,0,0.054112359550561796,1.0
28,bsps,flood,0.9,100,1.0,17.472,691.5896000000001,0.0980128130288089,1.7105050505050505,19.978455612290603,107.0,5.504,93.632,0.07788595271210014,0.9169756901524516,0,0.05504792618471737,1.0
29,bsps,flood,0.9,100,1.0,17.712,696.1878666666668,0.09895751373382954,1.750787878787879,19.777247342821113,111.0,5.36,93.756,0.08937368050668543,0.9157567430761443,0,0.053053503873176006,1.0
30,bsps,flood,0.9,93,0.93,17.832,694.6310086956523,0.10090526895350055,1.795304347826087,21.78941029100019,115.0,5.304,86.736,0.09236111111111112,0.9178197064989518,0,0.05694738870687994,1.0
31,bsps,flood,0.9,100,1.0,16.36,693.5746424242426,0.1066333498382518,1.7418181818181817,20.04258099400712,111.0,5.668,93.444,0.09319233311302048,0.9150272658245323,0,0.05600865137656018,1.0
32,bsps,flood,0.9,100,1.0,19.156,692.3548161616162,0.09059486366937348,1.733050505050505,21.0680778545161,111.0,5.584,93.46,0.09504950495049505,0.9166610111978283,0,0.055610368642927614,1.0
33,bsps,flood,0.9,100,1.0,18.228,697.5857535353537,0.09730258102177607,1.7716363636363635,20.683360982827423,111.0,5.268,93.788,0.09359605911330049,0.9164798611613276,0,0.05241447338923015,1.0
34,bsps,flood,0.9,100,1.0,17.28,698.511688888889,0.10275628663657559,1.7742626262626264,20.04973611235352,19.0,4.932,94.184,0.08444096950742767,0.922454631586619,0,0.04893103139815726,1.0
35,bsps,flood,0.9,100,1.0,23.392,693.0338303030305,0.07117086452707005,1.6627474747474749,23.42875746553505,25.0,5.08,94.076,0.08785332314744079,0.9166215902944131,0,0.04988998158875567,1.0
36,bsps,flood,0.9,97,0.97,19.856,685.7737541666668,0.08551789973299262,1.696,22.726676519490116,114.0,5.836,90.192,0.0907928388746803,0.918334820859365,0,0.060271568446332906,1.0
37,bsps,flood,0.9,96,0.96,20.42,700.7077389473687,0.08730378063556489,1.780842105263158,21.85166838022245,22.0,4.688,90.36,0.09272581934452438,0.9180734458756701,0,0.04864940648658753,1.0
38,bsps,flood,0.9,100,1.0,16.612,693.9352646464648,0.10646233907704496,1.7661818181818183,20.008599838753025,112.0,5.5,93.58,0.08831521739130435,0.9194836305562949,0,0.054779181223685386,1.0
39,bsps,flood,0.9,100,1.0,17.616,694.9293818181819,0.09845373671354062,1.7317979797979797,19.929404900816802,109.0,5.312,93.784,0.08416547788873038,0.9157279029462738,0,0.05304730275558747,1.0
40,bsps,flood,0.9,100,1.0,17.448,698.7614707070709,0.10257775467089192,1.788242424242424,20.395261173936458,18.0,5.148,93.972,0.10397111913357401,0.9210241615578796,0,0.049856399210195655,1.0
41,bsps,flood,0.9,100,1.0,18.104,693.4474383838385,0.09623718697119109,1.7397171717171716,21.700130202487316,114.0,5.792,93.324,0.07343124165554073,0.9120810922631362,0,0.05854622188299735,1.0
42,bsps,flood,0.9,100,1.0,16.56,694.3820202020204,0.10598583877995643,1.753131313131313,20.073795587573166,112.0,5.648,93.416,0.09794837855724686,0.9158672096072883,0,0.056145880234128774,1.0
43,bsps,flood,0.9,96,0.96,18.584,688.2405978947369,0.09322059402893199,1.729221052631579,20.034001498688646,110.0,5.756,89.292,0.09137380191693291,0.9171363783608681,0,0.060134881978269016,1.0
44,bsps,flood,0.9,100,1.0,18.028,691.4006464646466,0.09592754862001507,1.7277979797979799,20.794930257510728,111.0,5.496,93.584,0.09054054054054055,0.9194407456724367,0,0.05454220314735336,1.0
45,bsps,flood,0.9,100,1.0,16.792,695.6996323232324,0.10568591140159768,1.7734545454545454,20.340845829217923,111.0,5.616,93.508,0.08076659822039699,0.9158126418598252,0,0.0562539283469516,1.0
46,bsps,flood,0.9,99,0.99,18.756,695.2985061224492,0.09359838180886389,1.754122448979592,21.835677981484842,112.0,5.484,92.636,0.08047585724282715,0.9149314192310426,0,0.05554547104737702,1.0
47,bsps,flood,0.9,100,1.0,17.98,684.9305575757576,0.09295715323166304,1.669737373737374,20.71726243937489,110.0,5.872,93.156,0.10913549969343961,0.9194656248030751,0,0.05761631040057481,1.0
48,bsps,flood,0.9,99,0.99,17.316,692.4049632653062,0.0988793524427315,1.7094285714285713,19.807094640511032,106.0,5.372,92.708,0.08819444444444445,0.9160028449502133,0,0.05413854029810175,1.0
49,bsps,flood,0.9,100,1.0,17.904,687.950088888889,0.0948282454750463,1.6964040404040404,20.845828648527096,113.0,5.92,93.14,0.09643080776455855,0.9159903914821788,0,0.05891612322914324,1.0
0,bsps,flood,1.0,99,0.99,19.0,706.0357142857146,0.10042964554242752,1.9081632653061225,15.081632653061224,19.0,0.0,98.0,nan,1.0,0,0.0,1.0
1,bsps,flood,1.0,100,1.0,18.0,711.1181818181819,0.10662177328843996,1.9191919191919191,16.363636363636363,18.0,0.0,99.0,nan,1.0,0,0.0,1.0
2,bsps,flood,1.0,100,1.0,20.0,706.4676767676771,0.09444444444444446,1.888888888888889,17.01010101010101,20.0,0.0,99.0,nan,1.0,0,0.0,1.0
3,bsps,flood,1.0,99,0.99,18.0,704.004081632653,0.10487528344671201,1.8877551020408165,14.510204081632653,18.0,0.0,98.0,nan,1.0,0,0.0,1.0
4,bsps,flood,1.0,100,1.0,19.0,705.2111111111112,0.10047846889952151,1.9090909090909096,15.8989898989899,19.0,0.0,99.0,nan,1.0,0,0.0,1.0
5,bsps,flood,1.0,97,0.97,19.0,701.5927083333335,0.09868421052631579,1.875,14.458333333333334,19.0,0.0,96.0,nan,1.0,0,0.0,1.0
6,bsps,flood,1.0,100,1.0,21.0,707.8505050505053,0.09139009139009138,1.9191919191919191,17.272727272727273,21.0,0.0,99.0,nan,1.0,0,0.0,1.0
7,bsps,flood,1.0,100,1.0,18.0,702.4959595959597,0.10381593714927047,1.8686868686868687,15.393939393939394,18.0,0.0,99.0,nan,1.0,0,0.0,1.0
8,bsps,flood,1.0,100,1.0,22.0,703.7525252525255,0.0840220385674931,1.848484848484848,18.2020202020202,22.0,0.0,99.0,nan,1.0,0,0.0,1.0
9,bsps,flood,1.0,100,1.0,21.0,703.8282828282828,0.08946608946608947,1.878787878787879,17.858585858585858,21.0,0.0,99.0,nan,1.0,0,0.0,1.0
10,bsps,flood,1.0,100,1.0,22.0,705.2616161616163,0.08769513314967861,1.9292929292929295,17.22222222222222,22.0,0.0,99.0,nan,1.0,0,0.0,1.0
11,bsps,flood,1.0,100,1.0,22.0,706.4929292929294,0.08631772268135904,1.8989898989898992,17.88888888888889,22.0,0.0,99.0,nan,1.0,0,0.0,1.0
12,bsps,flood,1.0,100,1.0,19.0,703.8535353535354,0.09941520467836255,1.888888888888889,16.2020202020202,19.0,0.0,99.0,nan,1.0,0,0.0,1.0
13,bsps,flood,1.0,100,1.0,18.0,703.1747474747477,0.10437710437710439,1.878787878787879,14.626262626262626,18.0,0.0,99.0,nan,1.0,0,0.0,1.0
14,bsps,flood,1.0,100,1.0,18.0,704.5323232323233,0.10549943883277214,1.8989898989898992,15.252525252525253,18.0,0.0,99.0,nan,1.0,0,0.0,1.0
15,bsps,flood,1.0,100,1.0,18.0,705.1353535353537,0.10437710437710439,1.878787878787879,15.636363636363637,18.0,0.0,99.0,nan,1.0,0,0.0,1.0
16,bsps,flood,1.0,82,0.82,20.0,708.0851851851854,0.09629629629629631,1.925925925925926,16.604938271604937,20.0,0.0,81.0,nan,1.0,0,0.0,1.0
17,bsps,flood,1.0,97,0.97,20.0,706.3364583333333,0.09427083333333332,1.885416666666667,14.760416666666666,20.0,0.0,96.0,nan,1.0,0,0.0,1.0
18,bsps,flood,1.0,100,1.0,20.0,704.4818181818183,0.09393939393939393,1.878787878787879,15.909090909090908,20.0,0.0,99.0,nan,1.0,0,0.0,1.0
19,bsps,flood,1.0,100,1.0,19.0,705.1858585858588,0.09994683678894202,1.8989898989898992,16.0,19.0,0.0,99.0,nan,1.0,0,0.0,1.0
20,bsps,flood,1.0,100,1.0,18.0,705.8646464646464,0.10606060606060605,1.9090909090909096,15.373737373737374,18.0,0.0,99.0,nan,1.0,0,0.0,1.0
21,bsps,flood,1.0,100,1.0,18.0,707.2222222222225,0.10718294051627385,1.9292929292929295,15.333333333333334,18.0,0.0,99.0,nan,1.0,0,0.0,1.0
22,bsps,flood,1.0,97,0.97,17.0,705.0666666666667,0.1127450980392157,1.916666666666667,14.822916666666666,17.0,0.0,96.0,nan,1.0,0,0.0,1.0
23,bsps,flood,1.0,97,0.97,19.0,709.8364583333333,0.10197368421052631,1.9375,17.479166666666668,19.0,0.0,96.0,nan,1.0,0,0.0,1.0
24,bsps,flood,1.0,100,1.0,18.0,708.5292929292929,0.10718294051627385,1.9292929292929295,15.97979797979798,18.0,0.0,99.0,nan,1.0,0,0.0,1.0
25,bsps,flood,1.0,99,0.99,18.0,704.6642857142859,0.10487528344671201,1.8877551020408165,14.316326530612244,18.0,0.0,98.0,nan,1.0,0,0.0,1.0
26,bsps,flood,1.0,100,1.0,20.0,707.8,0.09494949494949495,1.8989898989898992,15.969696969696969,20.0,0.0,99.0,nan,1.0,0,0.0,1.0
27,bsps,flood,1.0,100,1.0,19.0,705.1353535353537,0.09888357256778309,1.878787878787879,14.151515151515152,19.0,0.0,99.0,nan,1.0,0,0.0,1.0
28,bsps,flood,1.0,100,1.0,18.0,703.1494949494952,0.10381593714927047,1.8686868686868687,14.969696969696969,18.0,0.0,99.0,nan,1.0,0,0.0,1.0
29,bsps,flood,1.0,100,1.0,18.0,707.8252525252526,0.10606060606060605,1.9090909090909096,14.909090909090908,18.0,0.0,99.0,nan,1.0,0,0.0,1.0
30,bsps,flood,1.0,93,0.93,19.0,707.3032608695654,0.10354691075514875,1.9673913043478264,17.358695652173914,19.0,0.0,92.0,nan,1.0,0,0.0,1.0
31,bsps,flood,1.0,100,1.0,17.0,705.8646464646464,0.11229946524064173,1.9090909090909096,15.202020202020202,17.0,0.0,99.0,nan,1.0,0,0.0,1.0
32,bsps,flood,1.0,100,1.0,20.0,704.5323232323233,0.09494949494949495,1.8989898989898992,16.626262626262626,20.0,0.0,99.0,nan,1.0,0,0.0,1.0
33,bsps,flood,1.0,100,1.0,19.0,709.1828282828285,0.10154173312068049,1.9292929292929295,16.494949494949495,19.0,0.0,99.0,nan,1.0,0,0.0,1.0
34,bsps,flood,1.0,100,1.0,18.0,709.1575757575758,0.10662177328843996,1.9191919191919191,15.727272727272727,18.0,0.0,99.0,nan,1.0,0,0.0,1.0
35,bsps,flood,1.0,100,1.0,24.0,703.6515151515152,0.07533670033670034,1.8080808080808084,18.939393939393938,24.0,0.0,99.0,nan,1.0,0,0.0,1.0
36,bsps,flood,1.0,97,0.97,21.0,698.8968750000003,0.08928571428571427,1.875,17.854166666666668,21.0,0.0,96.0,nan,1.0,0,0.0,1.0
37,bsps,flood,1.0,96,0.96,21.0,711.3905263157897,0.09172932330827069,1.926315789473684,17.42105263157895,21.0,0.0,95.0,nan,1.0,0,0.0,1.0
38,bsps,flood,1.0,100,1.0,17.0,705.9151515151517,0.1134878193701723,1.9292929292929295,14.727272727272727,17.0,0.0,99.0,nan,1.0,0,0.0,1.0
39,bsps,flood,1.0,100,1.0,19.0,706.4676767676771,0.09941520467836255,1.888888888888889,15.83838383838384,19.0,0.0,99.0,nan,1.0,0,0.0,1.0
40,bsps,flood,1.0,100,1.0,18.0,709.8616161616163,0.10774410774410773,1.939393939393939,15.97979797979798,18.0,0.0,99.0,nan,1.0,0,0.0,1.0
41,bsps,flood,1.0,100,1.0,19.0,705.8646464646464,0.10047846889952151,1.9090909090909096,16.696969696969695,19.0,0.0,99.0,nan,1.0,0,0.0,1.0
42,bsps,flood,1.0,100,1.0,17.0,706.5434343434347,0.11289364230540701,1.9191919191919191,15.191919191919192,17.0,0.0,99.0,nan,1.0,0,0.0,1.0
43,bsps,flood,1.0,96,0.96,20.0,701.1221052631582,0.09526315789473686,1.9052631578947365,15.063157894736841,20.0,0.0,95.0,nan,1.0,0,0.0,1.0
44,bsps,flood,1.0,100,1.0,19.0,703.2,0.09941520467836255,1.888888888888889,16.292929292929294,19.0,0.0,99.0,nan,1.0,0,0.0,1.0
45,bsps,flood,1.0,100,1.0,17.0,707.9010101010101,0.11408199643493756,1.939393939393939,15.131313131313131,17.0,0.0,99.0,nan,1.0,0,0.0,1.0
46,bsps,flood,1.0,99,0.99,19.0,707.3816326530613,0.10096670247046188,1.9183673469387759,16.46938775510204,19.0,0.0,98.0,nan,1.0,0,0.0,1.0
47,bsps,flood,1.0,100,1.0,19.0,697.1919191919194,0.09675704412546517,1.8383838383838382,16.02020202020202,19.0,0.0,99.0,nan,1.0,0,0.0,1.0
48,bsps,flood,1.0,99,0.99,18.0,703.9530612244897,0.10374149659863943,1.8673469387755106,15.0,18.0,0.0,98.0,nan,1.0,0,0.0,1.0
49,bsps,flood,1.0,100,1.0,18.0,700.5353535353536,0.10381593714927047,1.8686868686868687,15.121212121212121,18.0,0.0,99.0,nan,1.0,0,0.0,1.0
