net,sigma,scheme,p,reachable,nodes,delta_T,depth,tree_frame,frame_len,energy_uC,duty_b,radio_on,latency,latency_p95,wasted,granted,removal,service,failed,delayed,pdr
0,6,rand_st_A,0.2,0.96,96,8,7,15,15.0,566.001797894737,0.08959157894736842,1.3438736842105263,158.85065339141258,305.0,55.332,95.0,0.0,1.0,0,0.0,1.0
1,6,rand_st_A,0.2,0.85,85,7,10,15,13.0,566.8565238095238,0.10507692307692307,1.366,170.90638099673964,403.0,49.256,84.0,0.0,1.0,0,0.0,1.0
2,6,rand_st_A,0.2,0.96,96,7,14,18,12.0,571.1832463157896,0.11739298245614035,1.4087157894736841,250.95158944525244,503.0,50.172,95.0,0.0,1.0,0,0.0,1.0
3,6,rand_st_A,0.2,0.92,92,8,9,17,14.0,569.7285846153846,0.10055572998430143,1.4077802197802198,196.7782844733985,307.0,51.892,91.0,0.0,1.0,0,0.0,1.0
4,6,rand_st_A,0.2,1.0,100,8,10,16,13.0,566.1281898989898,0.10326961926961926,1.3425050505050504,162.31555374592833,305.0,57.092,99.0,0.0,1.0,0,0.0,1.0
5,6,rand_st_A,0.2,0.99,99,7,11,17,12.0,567.2013795918368,0.11320408163265307,1.3584489795918366,211.41200489995916,403.0,55.872,98.0,0.0,1.0,0,0.0,1.0
6,6,rand_st_A,0.2,0.97,97,7,10,16,12.0,568.3972625000001,0.11561458333333333,1.387375,203.04547350855236,401.0,54.812,96.0,0.0,1.0,0,0.0,1.0
7,6,rand_st_A,0.2,0.66,66,8,9,15,13.0,562.1285046153846,0.09871715976331362,1.2833230769230768,115.33143939393939,403.0,38.584,65.0,0.0,1.0,0,0.0,1.0
8,6,rand_st_A,0.2,1.0,100,6,15,18,12.0,570.4014747474749,0.11705387205387205,1.4046464646464647,179.12510187449064,411.0,53.94,99.0,0.0,1.0,0,0.0,1.0
9,6,rand_st_A,0.2,0.91,91,9,10,17,14.0,564.8836,0.09507301587301586,1.3310222222222223,244.41092016532522,403.0,53.208,90.0,0.0,1.0,0,0.0,1.0
10,6,rand_st_A,0.2,0.75,75,8,9,14,12.0,564.0096756756758,0.10995495495495496,1.3194594594594595,175.58583400919167,307.0,44.36,74.0,0.0,1.0,0,0.0,1.0
11,6,rand_st_A,0.2,0.87,87,10,17,22,15.0,563.1692325581396,0.08610542635658915,1.2915813953488373,248.2820032763866,606.0,50.924,86.0,0.0,1.0,0,0.0,1.0
12,6,rand_st_A,0.2,0.98,98,6,9,15,11.0,568.4427298969073,0.12533833177132148,1.378721649484536,169.14581624282198,308.0,54.264,97.0,0.0,1.0,0,0.0,1.0
13,6,rand_st_A,0.2,0.65,65,9,6,14,14.0,559.1519750000001,0.0887142857142857,1.242,71.85906040268456,211.0,39.512,64.0,0.0,1.0,0,0.0,1.0
14,6,rand_st_A,0.2,0.89,89,8,10,16,13.0,569.2273681818182,0.10744405594405594,1.3967727272727273,259.70372836218377,504.0,50.084,88.0,0.0,1.0,0,0.0,1.0
15,6,rand_st_A,0.2,1.0,100,8,12,16,12.0,567.6318303030305,0.1134141414141414,1.360969696969697,216.61333065649467,502.0,55.264,99.0,0.0,1.0,0,0.0,1.0
16,6,rand_st_A,0.2,0.74,74,8,7,13,12.0,561.9641150684931,0.10745662100456621,1.2894794520547945,104.62472466960352,211.0,43.868,73.0,0.0,1.0,0,0.0,1.0
17,6,rand_st_A,0.2,0.94,94,7,10,15,12.0,567.7991354838709,0.11465591397849463,1.3758709677419356,168.46647677475897,403.0,53.044,93.0,0.0,1.0,0,0.0,1.0
18,6,rand_st_A,0.2,0.71,71,6,6,14,14.0,562.9174457142858,0.0934408163265306,1.3081714285714285,130.7251712328767,308.0,42.428,70.0,0.0,1.0,0,0.0,1.0
19,6,rand_st_A,0.2,0.79,79,8,9,13,11.0,564.9807282051282,0.12038228438228438,1.3242051282051281,134.88456680980045,310.0,44.712,78.0,0.0,1.0,0,0.0,1.0
20,6,rand_st_A,0.2,0.72,72,9,10,15,14.0,564.1334929577465,0.09459557344064386,1.324338028169014,234.67030201342283,502.0,42.972,71.0,0.0,1.0,0,0.0,1.0
21,6,rand_st_A,0.2,0.99,99,6,9,15,11.0,568.2358489795919,0.12518367346938775,1.3770204081632653,177.7677562550444,307.0,55.052,98.0,0.0,1.0,0,0.0,1.0
22,6,rand_st_A,0.2,0.6,60,7,8,15,15.0,563.6662711864407,0.08712768361581921,1.3069152542372882,123.95939952234733,301.0,34.892,59.0,0.0,1.0,0,0.0,1.0
23,6,rand_st_A,0.2,1.0,100,7,16,21,12.0,570.2542747474748,0.1172828282828283,1.4073939393939394,387.55512533115956,703.0,55.668,99.0,0.0,1.0,0,0.0,1.0
24,6,rand_st_A,0.2,0.89,89,10,7,16,16.0,560.4433409090909,0.07903693181818182,1.264590909090909,98.02178352620831,212.0,54.716,88.0,0.0,1.0,0,0.0,1.0
25,6,rand_st_A,0.2,1.0,100,7,9,16,13.0,569.3531595959596,0.10738461538461538,1.396,184.08376545672118,310.0,54.796,99.0,0.0,1.0,0,0.0,1.0
26,6,rand_st_A,0.2,0.99,99,6,12,18,13.0,568.2183632653063,0.10560439560439559,1.3728571428571432,251.91859296482411,408.0,55.46,98.0,0.0,1.0,0,0.0,1.0
27,6,rand_st_A,0.2,0.94,94,7,11,18,12.0,567.3639956989248,0.11305734767025089,1.3566881720430108,293.78883701188454,607.0,52.828,93.0,0.0,1.0,0,0.0,1.0
28,6,rand_st_A,0.2,0.97,97,7,17,21,11.0,569.8591041666667,0.1277386363636364,1.405125,224.54621149042464,503.0,54.108,96.0,0.0,1.0,0,0.0,1.0
29,6,rand_st_A,0.2,0.98,98,9,9,15,13.0,565.3401278350514,0.10251229183187946,1.332659793814433,134.37310924369748,310.0,56.732,97.0,0.0,1.0,0,0.0,1.0
30,6,rand_st_A,0.2,0.91,91,8,9,15,12.0,566.1894444444445,0.11178148148148148,1.3413777777777778,178.19435325016414,309.0,51.276,90.0,0.0,1.0,0,0.0,1.0
31,6,rand_st_A,0.2,0.66,66,6,8,14,12.0,568.4166215384616,0.11470256410256412,1.3764307692307693,208.09193245778613,303.0,36.532,65.0,0.0,1.0,0,0.0,1.0
32,6,rand_st_A,0.2,0.73,73,8,8,13,12.0,564.3433722222222,0.10945833333333331,1.3135,158.07896947633716,406.0,41.428,72.0,0.0,1.0,0,0.0,1.0
33,6,rand_st_A,0.2,0.97,97,9,7,15,14.0,567.0170041666667,0.09786607142857141,1.370125,183.78003696857672,404.0,56.468,96.0,0.0,1.0,0,0.0,1.0
34,6,rand_st_A,0.2,0.98,98,8,9,16,12.0,565.8848742268041,0.11165635738831617,1.3398762886597937,215.4614765640716,402.0,56.032,97.0,0.0,1.0,0,0.0,1.0
35,6,rand_st_A,0.2,0.95,95,7,8,15,10.0,570.6684170212767,0.14159148936170216,1.4159148936170214,150.0252100840336,303.0,51.904,94.0,0.0,1.0,0,0.0,1.0
36,6,rand_st_A,0.2,0.81,81,6,9,14,11.0,565.6982650000001,0.1223590909090909,1.34595,163.10220286885246,401.0,46.324,80.0,0.0,1.0,0,0.0,1.0
37,6,rand_st_A,0.2,0.87,87,11,10,15,14.0,563.5612093023257,0.09261129568106313,1.2965581395348837,132.86862698600902,309.0,49.496,86.0,0.0,1.0,0,0.0,1.0
38,6,rand_st_A,0.2,0.81,81,6,9,16,15.0,564.983425,0.08887,1.3330500000000003,135.46130577262414,306.0,47.356,80.0,0.0,1.0,0,0.0,1.0
39,6,rand_st_A,0.2,0.95,95,8,11,15,14.0,564.8864978723404,0.0948662613981763,1.328127659574468,179.02658227848102,405.0,55.156,94.0,0.0,1.0,0,0.0,1.0
0,6,rand_st,0.2,0.96,96,8,7,15,14.0,565.9531368421053,0.09595187969924814,1.3433263157894737,153.19954366314042,404.0,55.384,95.0,0.0,1.0,0,0.0,1.0
1,6,rand_st,0.2,0.85,85,7,10,15,12.0,567.0085476190477,0.11398015873015875,1.3677619047619045,158.395668374476,310.0,49.108,84.0,0.0,1.0,0,0.0,1.0
2,6,rand_st,0.2,0.96,96,7,14,18,12.0,571.1121263157896,0.1173263157894737,1.407915789473684,249.9599002701018,503.0,50.248,95.0,0.0,1.0,0,0.0,1.0
3,6,rand_st,0.2,0.92,92,8,9,17,12.0,569.877076923077,0.11745421245421246,1.4094505494505496,193.2256243213898,308.0,51.74,91.0,0.0,1.0,0,0.0,1.0
4,6,rand_st,0.2,1.0,100,8,10,16,12.0,566.1389656565657,0.11188552188552188,1.3426262626262626,185.53135179153094,401.0,57.08,99.0,0.0,1.0,0,0.0,1.0
5,6,rand_st,0.2,0.99,99,7,11,17,11.0,567.1723510204083,0.1234656771799629,1.3581224489795918,208.96488362596978,403.0,55.904,98.0,0.0,1.0,0,0.0,1.0
6,6,rand_st,0.2,0.97,97,7,10,16,10.0,568.3770541666668,0.13871250000000002,1.387125,197.64288694201085,401.0,54.836,96.0,0.0,1.0,0,0.0,1.0
7,6,rand_st,0.2,0.66,66,8,9,15,13.0,562.1578646153847,0.09875029585798817,1.283753846153846,109.73106060606061,404.0,38.556,65.0,0.0,1.0,0,0.0,1.0
8,6,rand_st,0.2,1.0,100,6,15,18,11.0,570.3972242424244,0.12768778696051422,1.4045656565656566,177.43663406682967,410.0,53.948,99.0,0.0,1.0,0,0.0,1.0
9,6,rand_st,0.2,0.91,91,9,10,17,12.0,564.932088888889,0.11096296296296296,1.3315555555555556,247.48205351316076,403.0,53.16,90.0,0.0,1.0,0,0.0,1.0
10,6,rand_st,0.2,0.75,75,8,9,14,10.0,564.0083675675676,0.13194594594594594,1.3194594594594593,173.55258177885915,307.0,44.36,74.0,0.0,1.0,0,0.0,1.0
11,6,rand_st,0.2,0.87,87,10,17,22,11.0,563.1744930232559,0.11742071881606765,1.2916279069767442,246.27615258600514,606.0,50.92,86.0,0.0,1.0,0,0.0,1.0
12,6,rand_st,0.2,0.98,98,6,9,15,10.0,568.427068041237,0.13785567010309277,1.3785567010309279,172.10582444626743,307.0,54.28,97.0,0.0,1.0,0,0.0,1.0
13,6,rand_st,0.2,0.65,65,9,6,14,13.0,559.0903312500001,0.09547596153846154,1.2411875,63.848833493128794,113.0,39.564,64.0,0.0,1.0,0,0.0,1.0
14,6,rand_st,0.2,0.89,89,8,10,16,11.0,569.14655,0.126896694214876,1.3958636363636365,248.76276076342654,504.0,50.164,88.0,0.0,1.0,0,0.0,1.0
15,6,rand_st,0.2,1.0,100,8,12,16,11.0,567.5671757575758,0.12365840220385675,1.3602424242424243,214.5360369403734,408.0,55.336,99.0,0.0,1.0,0,0.0,1.0
16,6,rand_st,0.2,0.74,74,8,7,13,11.0,562.0535835616438,0.11732503113325032,1.2905753424657536,83.62637665198238,210.0,43.788,73.0,0.0,1.0,0,0.0,1.0
17,6,rand_st,0.2,0.94,94,7,10,15,11.0,567.8363311827958,0.12511827956989244,1.3763010752688174,181.63978965819456,402.0,53.004,93.0,0.0,1.0,0,0.0,1.0
18,6,rand_st,0.2,0.71,71,6,6,14,13.0,563.0033542857143,0.10070769230769232,1.3092000000000001,140.24400684931507,306.0,42.356,70.0,0.0,1.0,0,0.0,1.0
19,6,rand_st,0.2,0.79,79,8,9,13,10.0,564.9351384615386,0.13236923076923074,1.3236923076923077,154.35337206365244,309.0,44.752,78.0,0.0,1.0,0,0.0,1.0
20,6,rand_st,0.2,0.72,72,9,10,15,12.0,564.1398647887324,0.11036619718309859,1.324394366197183,192.94770693512305,402.0,42.968,71.0,0.0,1.0,0,0.0,1.0
21,6,rand_st,0.2,0.99,99,6,9,15,10.0,568.1579959183673,0.13761224489795915,1.3761224489795918,170.4774011299435,305.0,55.14,98.0,0.0,1.0,0,0.0,1.0
22,6,rand_st,0.2,0.6,60,7,8,15,14.0,563.5336745762712,0.09324455205811139,1.305423728813559,122.22483793926988,301.0,34.98,59.0,0.0,1.0,0,0.0,1.0
23,6,rand_st,0.2,1.0,100,7,16,21,11.0,570.2542747474748,0.12794490358126723,1.4073939393939394,355.29875687792946,603.0,55.668,99.0,0.0,1.0,0,0.0,1.0
24,6,rand_st,0.2,0.89,89,10,7,16,14.0,560.3746454545455,0.09027272727272728,1.263818181818182,115.55026094849104,211.0,54.784,88.0,0.0,1.0,0,0.0,1.0
25,6,rand_st,0.2,1.0,100,7,9,16,11.0,569.2842545454546,0.1268356290174472,1.395191919191919,173.44535301156762,309.0,54.876,99.0,0.0,1.0,0,0.0,1.0
26,6,rand_st,0.2,0.99,99,6,12,18,11.0,568.0949918367348,0.12467903525046381,1.371469387755102,210.41105527638192,408.0,55.596,98.0,0.0,1.0,0,0.0,1.0
27,6,rand_st,0.2,0.94,94,7,11,18,11.0,567.2492860215053,0.12321798631476048,1.3553978494623657,250.04775042444822,407.0,52.948,93.0,0.0,1.0,0,0.0,1.0
28,6,rand_st,0.2,0.97,97,7,17,21,10.0,569.9527166666668,0.14061666666666667,1.4061666666666666,224.23397169025813,503.0,54.008,96.0,0.0,1.0,0,0.0,1.0
29,6,rand_st,0.2,0.98,98,9,9,15,12.0,565.3081319587628,0.1110240549828179,1.3322886597938146,140.82899159663864,309.0,56.768,97.0,0.0,1.0,0,0.0,1.0
30,6,rand_st,0.2,0.91,91,8,9,15,12.0,566.1427333333334,0.11172962962962962,1.3407555555555557,186.98730575618296,309.0,51.332,90.0,0.0,1.0,0,0.0,1.0
31,6,rand_st,0.2,0.66,66,6,8,14,11.0,568.4056800000001,0.12511888111888111,1.3763076923076922,209.71794871794873,303.0,36.54,65.0,0.0,1.0,0,0.0,1.0
32,6,rand_st,0.2,0.73,73,8,8,13,10.0,564.3074555555555,0.1313111111111111,1.3131111111111113,172.67208064967795,406.0,41.456,72.0,0.0,1.0,0,0.0,1.0
33,6,rand_st,0.2,0.97,97,9,7,15,12.0,567.0095958333335,0.11417013888888888,1.3700416666666668,163.15855411788868,308.0,56.476,96.0,0.0,1.0,0,0.0,1.0
34,6,rand_st,0.2,0.98,98,8,9,16,10.0,565.8702103092784,0.13397113402061853,1.3397113402061855,214.33494266747132,402.0,56.048,97.0,0.0,1.0,0,0.0,1.0
35,6,rand_st,0.2,0.95,95,7,8,15,10.0,570.7072765957448,0.1416340425531915,1.416340425531915,169.1955882352941,307.0,51.864,94.0,0.0,1.0,0,0.0,1.0
36,6,rand_st,0.2,0.81,81,6,9,14,9.0,565.7710150000001,0.14964999999999998,1.3468499999999999,143.61501024590163,401.0,46.252,80.0,0.0,1.0,0,0.0,1.0
37,6,rand_st,0.2,0.87,87,11,10,15,12.0,563.4690930232559,0.10794961240310076,1.2953953488372094,139.18520275077069,309.0,49.596,86.0,0.0,1.0,0,0.0,1.0
38,6,rand_st,0.2,0.81,81,6,9,16,13.0,565.0177750000001,0.10257307692307693,1.33345,135.62112427527097,306.0,47.324,80.0,0.0,1.0,0,0.0,1.0
39,6,rand_st,0.2,0.95,95,8,11,15,12.0,564.9979276595744,0.1107836879432624,1.329404255319149,175.8860759493671,404.0,55.036,94.0,0.0,1.0,0,0.0,1.0
0,6,rand_dt,0.2,0.96,96,8,7,15,13.52,562.4173684210526,0.09651326778484673,1.3024421052631578,172.2821941289908,405.0,59.268,95.0,0.0,1.0,0,0.0,1.0
1,6,rand_dt,0.2,0.85,85,7,10,15,11.812,563.9569238095238,0.11306504210075638,1.3324761904761904,187.30032925682033,412.0,52.072,84.0,0.0,1.0,0,0.0,1.0
2,6,rand_dt,0.2,0.96,96,7,14,18,11.528,565.5963915789474,0.1168914208598419,1.3437052631578947,279.3765312701483,702.0,56.348,95.0,0.0,1.0,0,0.0,1.0
3,6,rand_dt,0.2,0.92,92,8,9,17,12.34,567.0748043956044,0.11178295696977016,1.3773186813186813,249.11498708010336,503.0,54.664,91.0,0.0,1.0,0,0.0,1.0
4,6,rand_dt,0.2,1.0,100,8,10,16,12.408,563.4173656565657,0.10581030081030082,1.3106262626262626,183.71402623612514,409.0,60.248,99.0,0.0,1.0,0,0.0,1.0
5,6,rand_dt,0.2,0.99,99,7,11,17,11.896,564.0076693877551,0.11138618184536553,1.3211020408163265,280.28388538914857,605.0,59.532,98.0,0.0,1.0,0,0.0,1.0
6,6,rand_dt,0.2,0.97,97,7,10,16,10.604,565.3892291666667,0.12784292929292929,1.3520416666666666,202.54849568693456,408.0,58.204,96.0,0.0,1.0,0,0.0,1.0
7,6,rand_dt,0.2,0.66,66,8,9,15,12.756,559.8065230769232,0.09873538359076821,1.2548923076923078,132.13308223477716,312.0,40.432,65.0,0.0,1.0,0,0.0,1.0
8,6,rand_dt,0.2,1.0,100,6,15,18,10.468,566.2699070707072,0.13003607795122946,1.3569292929292929,301.77084595194833,708.0,58.664,99.0,0.0,1.0,0,0.0,1.0
9,6,rand_dt,0.2,0.91,91,9,10,17,12.384,562.1627066666667,0.10505669515669516,1.2981777777777779,202.22305323361198,408.0,56.164,90.0,0.0,1.0,0,0.0,1.0
10,6,rand_dt,0.2,0.75,75,8,9,14,10.228,561.3344756756758,0.12607755937755938,1.2873513513513513,207.16122994652406,406.0,46.736,74.0,0.0,1.0,0,0.0,1.0
11,6,rand_dt,0.2,0.87,87,10,17,22,11.308,559.3417069767443,0.11056258470211959,1.2477674418604652,362.26155688622754,909.0,54.692,86.0,0.0,1.0,0,0.0,1.0
12,6,rand_dt,0.2,0.98,98,6,9,15,9.84,565.4076824742267,0.1368465687805894,1.3428865979381444,203.29105987055016,408.0,57.74,97.0,0.0,1.0,0,0.0,1.0
13,6,rand_dt,0.2,0.65,65,9,6,14,13.092,557.5311187500001,0.0935196771978022,1.2210625,130.55663329161453,310.0,40.852,64.0,0.0,1.0,0,0.0,1.0
14,6,rand_dt,0.2,0.89,89,8,10,16,11.736,566.5138954545455,0.11665423969969424,1.3651363636363636,255.62943262411346,506.0,52.868,88.0,0.0,1.0,0,0.0,1.0
15,6,rand_dt,0.2,1.0,100,8,12,16,10.856,563.3021656565656,0.12105607591062136,1.3097373737373739,226.42321792260694,507.0,60.336,99.0,0.0,1.0,0,0.0,1.0
16,6,rand_dt,0.2,0.74,74,8,7,13,10.796,559.2468000000001,0.11674574192930358,1.2559452054794522,131.89650310208685,309.75,46.316,73.0,0.0,1.0,0,0.0,1.0
17,6,rand_dt,0.2,0.94,94,7,10,15,10.476,565.4845032258066,0.12919216983733112,1.3481720430107524,199.11882251826387,501.0,55.62,93.0,0.0,1.0,0,0.0,1.0
18,6,rand_dt,0.2,0.71,71,6,6,14,12.616,561.179742857143,0.10220136054421769,1.2865714285714287,144.57807981492192,306.0,43.94,70.0,0.0,1.0,0,0.0,1.0
19,6,rand_dt,0.2,0.79,79,8,9,13,10.376,561.7604410256412,0.12434853465622697,1.2855384615384615,179.25558695093758,409.0,47.728,78.0,0.0,1.0,0,0.0,1.0
20,6,rand_dt,0.2,0.72,72,9,10,15,12.044,561.7278197183099,0.10760707836764175,1.2957746478873242,232.93405963302752,502.0,45.0,71.0,0.0,1.0,0,0.0,1.0
21,6,rand_dt,0.2,0.99,99,6,9,15,10.124,565.155530612245,0.1327896928468357,1.3404489795918366,191.6914423463238,407.0,58.636,98.0,0.0,1.0,0,0.0,1.0
22,6,rand_dt,0.2,0.6,60,7,8,15,12.844,560.7641423728815,0.09927795368473334,1.2722033898305085,153.36925675675676,401.0,36.94,59.0,0.0,1.0,0,0.0,1.0
23,6,rand_dt,0.2,1.0,100,7,16,21,11.264,566.834686868687,0.1216525629252902,1.3684444444444444,450.5066340069402,805.0,59.524,99.0,0.0,1.0,0,0.0,1.0
24,6,rand_dt,0.2,0.89,89,10,7,16,13.976,558.3340272727273,0.0888509324009324,1.238909090909091,148.13563218390806,309.0,56.976,88.0,0.0,1.0,0,0.0,1.0
25,6,rand_dt,0.2,1.0,100,7,9,16,10.816,565.8473616161616,0.12561993360175178,1.3541010101010102,209.9626522867985,502.0,58.944,99.0,0.0,1.0,0,0.0,1.0
26,6,rand_dt,0.2,0.99,99,6,12,18,11.252,564.3389346938776,0.11840659816374102,1.3282857142857143,266.7148117839607,508.0,59.828,98.0,0.0,1.0,0,0.0,1.0
27,6,rand_dt,0.2,0.94,94,7,11,18,10.796,563.7143139784946,0.12210739654610622,1.3145806451612903,272.28259486962054,511.0,56.744,93.0,0.0,1.0,0,0.0,1.0
28,6,rand_dt,0.2,0.97,97,7,17,21,10.064,566.1400166666667,0.13565441919191917,1.3626666666666665,382.70178759200843,1003.0,58.184,96.0,0.0,1.0,0,0.0,1.0
29,6,rand_dt,0.2,0.98,98,9,9,15,12.584,562.8517608247423,0.1038588421887391,1.3036701030927833,183.62329615861213,411.0,59.544,97.0,0.0,1.0,0,0.0,1.0
30,6,rand_dt,0.2,0.91,91,8,9,15,12.004,562.60148,0.10820569800569801,1.2988888888888892,197.94772827525364,409.0,55.1,90.0,0.0,1.0,0,0.0,1.0
31,6,rand_dt,0.2,0.66,66,6,8,14,11.388,564.7161600000002,0.11735872332795409,1.3334153846153844,238.175855513308,406.0,39.328,65.0,0.0,1.0,0,0.0,1.0
32,6,rand_dt,0.2,0.73,73,8,8,13,10.392,561.630711111111,0.12357382154882154,1.281111111111111,157.12195804195804,405.0,43.76,72.0,0.0,1.0,0,0.0,1.0
33,6,rand_dt,0.2,0.97,97,9,7,15,12.156,564.2211791666667,0.1101116452991453,1.3375416666666664,203.72546201232032,406.0,59.596,96.0,0.0,1.0,0,0.0,1.0
34,6,rand_dt,0.2,0.98,98,8,9,16,10.056,563.2883999999999,0.13022268041237112,1.3089072164948452,216.80199401794616,505.0,59.036,97.0,0.0,1.0,0,0.0,1.0
35,6,rand_dt,0.2,0.95,95,7,8,15,10.172,567.4908595744681,0.13577491940683428,1.3789787234042556,226.83718487394958,406.0,55.376,94.0,0.0,1.0,0,0.0,1.0
36,6,rand_dt,0.2,0.81,81,6,9,14,10.232,562.8627450000001,0.1285841414141414,1.31155,145.98495281815863,401.0,49.076,80.0,0.0,1.0,0,0.0,1.0
37,6,rand_dt,0.2,0.87,87,11,10,15,12.436,560.9365860465118,0.10196690131573852,1.264186046511628,176.73361722261652,412.0,52.28,86.0,0.0,1.0,0,0.0,1.0
38,6,rand_dt,0.2,0.81,81,6,9,16,13.556,562.449895,0.09633198717948718,1.3028499999999998,186.5371756487026,410.0,49.772,80.0,0.0,1.0,0,0.0,1.0
39,6,rand_dt,0.2,0.95,95,8,11,15,12.06,561.5451787234043,0.10717548763293445,1.2889787234042551,169.13254564983887,410.0,58.836,94.0,0.0,1.0,0,0.0,1.0
0,6,static,0.2,0.96,96,8,7,15,15.0,565.5676126315791,0.08927438596491229,1.3391157894736843,13.967587783087472,15.0,55.784,95.0,0.0,1.0,0,0.0,1.0
1,6,static,0.2,0.85,85,7,10,15,15.0,567.2325857142857,0.09137460317460318,1.3706190476190476,13.071146245059289,15.0,48.868,84.0,0.0,1.0,0,0.0,1.0
2,6,static,0.2,0.96,96,7,14,18,18.0,571.346572631579,0.07836023391812866,1.410484210526316,15.387988362427265,18.0,50.004,95.0,0.0,1.0,0,0.0,1.0
3,6,static,0.2,0.92,92,8,9,17,17.0,569.9395999999999,0.0829502262443439,1.410153846153846,15.96203080928618,17.0,51.676,91.0,0.0,1.0,0,0.0,1.0
4,6,static,0.2,1.0,100,8,10,16,16.0,566.3456404040404,0.08405050505050506,1.344808080808081,14.204642638973732,16.0,56.864,99.0,0.0,1.0,0,0.0,1.0
5,6,static,0.2,0.99,99,7,11,17,17.0,567.2103102040817,0.07992316926770707,1.3586938775510207,14.724729426179293,17.0,55.848,98.0,0.0,1.0,0,0.0,1.0
6,6,static,0.2,0.97,97,7,10,16,16.0,568.4700083333333,0.086765625,1.38825,14.469315581443729,16.0,54.728,96.0,0.0,1.0,0,0.0,1.0
7,6,static,0.2,0.66,66,8,9,15,15.0,561.8539938461539,0.08535794871794872,1.280369230769231,12.758914484064373,15.0,38.776,65.0,0.0,1.0,0,0.0,1.0
8,6,static,0.2,1.0,100,6,15,18,18.0,570.5758222222222,0.07813692480359148,1.4064646464646464,15.277189409368635,18.0,53.76,99.0,0.0,1.0,0,0.0,1.0
9,6,static,0.2,0.91,91,9,10,17,17.0,564.9504400000001,0.0783503267973856,1.3319555555555558,14.943695652173913,17.0,53.124,90.0,0.0,1.0,0,0.0,1.0
10,6,static,0.2,0.75,75,8,9,14,14.0,563.8170864864865,0.09411969111969111,1.3176756756756756,12.10275824770146,14.0,44.492,74.0,0.0,1.0,0,0.0,1.0
11,6,static,0.2,0.87,87,10,17,22,22.0,562.8791488372094,0.05858985200845666,1.2889767441860465,18.624443924139545,22.0,51.148,86.0,0.0,1.0,0,0.0,1.0
12,6,static,0.2,0.98,98,6,9,15,15.0,569.2119546391755,0.09250584192439862,1.3875876288659792,12.66748717948718,15.0,53.404,97.0,0.0,1.0,0,0.0,1.0
13,6,static,0.2,0.65,65,9,6,14,14.0,559.1458,0.08866071428571427,1.24125,11.568789808917197,14.0,39.56,64.0,0.0,1.0,0,0.0,1.0
14,6,static,0.2,0.89,89,8,10,16,16.0,569.1311045454545,0.08722443181818182,1.395590909090909,15.441274793848898,16.0,50.188,88.0,0.0,1.0,0,0.0,1.0
15,6,static,0.2,1.0,100,8,12,16,16.0,567.0384646464647,0.08462626262626263,1.3540202020202021,13.361116690098413,16.0,55.952,99.0,0.0,1.0,0,0.0,1.0
16,6,static,0.2,0.74,74,8,7,13,13.0,561.9978356164385,0.09924973656480506,1.290246575342466,10.748758963044677,13.0,43.812,73.0,0.0,1.0,0,0.0,1.0
17,6,static,0.2,0.94,94,7,10,15,15.0,568.4425505376345,0.09220645161290324,1.3830967741935483,13.124125874125873,15.0,52.372,93.0,0.0,1.0,0,0.0,1.0
18,6,static,0.2,0.71,71,6,6,14,14.0,563.1820857142858,0.09366122448979593,1.3112571428571427,11.104047890535918,14.0,42.212,70.0,0.0,1.0,0,0.0,1.0
19,6,static,0.2,0.79,79,8,9,13,13.0,564.7296051282053,0.10166074950690336,1.3215897435897437,11.229251012145749,13.0,44.916,78.0,0.0,1.0,0,0.0,1.0
20,6,static,0.2,0.72,72,9,10,15,15.0,564.0643492957747,0.08826291079812207,1.3239436619718308,13.656004489337823,15.0,43.0,71.0,0.0,1.0,0,0.0,1.0
21,6,static,0.2,0.99,99,6,9,15,15.0,568.2044816326531,0.09176598639455781,1.3764897959183673,12.803427419354838,15.0,55.104,98.0,0.0,1.0,0,0.0,1.0
22,6,static,0.2,0.6,60,7,8,15,15.0,563.2278644067796,0.08677062146892654,1.3015593220338983,13.562521411442274,15.0,35.208,59.0,0.0,1.0,0,0.0,1.0
23,6,static,0.2,1.0,100,7,16,21,21.0,570.5514060606063,0.06717267917267918,1.4106262626262627,20.60342717258262,21.0,55.348,99.0,0.0,1.0,0,0.0,1.0
24,6,static,0.2,0.89,89,10,7,16,16.0,560.7202318181819,0.07919602272727272,1.2671363636363635,14.125707814269536,16.0,54.492,88.0,0.0,1.0,0,0.0,1.0
25,6,static,0.2,1.0,100,7,9,16,16.0,569.1062747474748,0.08706818181818181,1.393090909090909,13.705823494096459,16.0,55.084,99.0,0.0,1.0,0,0.0,1.0
26,6,static,0.2,0.99,99,6,12,18,18.0,567.8333714285716,0.07601814058956916,1.3683265306122447,15.605321507760532,18.0,55.904,98.0,0.0,1.0,0,0.0,1.0
27,6,static,0.2,0.94,94,7,11,18,18.0,567.1745548387098,0.07525448028673835,1.3545806451612903,16.022292993630572,18.0,53.024,93.0,0.0,1.0,0,0.0,1.0
28,6,static,0.2,0.97,97,7,17,21,21.0,570.2558,0.06712698412698413,1.4096666666666666,16.820250521920666,21.0,53.672,96.0,0.0,1.0,0,0.0,1.0
29,6,static,0.2,0.98,98,9,9,15,15.0,565.4767670103092,0.08894570446735395,1.3341855670103093,13.27282244556114,15.0,56.584,97.0,0.0,1.0,0,0.0,1.0
30,6,static,0.2,0.91,91,8,9,15,15.0,565.8094355555556,0.08914666666666667,1.3372,13.013593510195133,15.0,51.652,90.0,0.0,1.0,0,0.0,1.0
31,6,static,0.2,0.66,66,6,8,14,14.0,568.0387138461538,0.09804395604395603,1.3726153846153846,13.194053208137715,14.0,36.78,65.0,0.0,1.0,0,0.0,1.0
32,6,static,0.2,0.73,73,8,8,13,13.0,564.7066833333333,0.10138888888888889,1.3180555555555558,10.826281871672737,13.0,41.1,72.0,0.0,1.0,0,0.0,1.0
33,6,static,0.2,0.97,97,9,7,15,15.0,567.0631416666669,0.09137777777777778,1.3706666666666667,12.901171152660776,15.0,56.416,96.0,0.0,1.0,0,0.0,1.0
34,6,static,0.2,0.98,98,8,9,16,16.0,565.3746309278349,0.08338144329896907,1.3341030927835051,13.446812789060928,16.0,56.592,97.0,0.0,1.0,0,0.0,1.0
35,6,static,0.2,0.95,95,7,8,15,15.0,570.8651319148936,0.0945418439716312,1.418127659574468,13.115400755350398,15.0,51.696,94.0,0.0,1.0,0,0.0,1.0
36,6,static,0.2,0.81,81,6,9,14,14.0,565.5887700000001,0.09605714285714285,1.3448000000000002,12.084481878509443,14.0,46.416,80.0,0.0,1.0,0,0.0,1.0
37,6,static,0.2,0.87,87,11,10,15,15.0,563.9509906976745,0.08671937984496123,1.3007906976744186,12.456986692015208,15.0,49.132,86.0,0.0,1.0,0,0.0,1.0
38,6,static,0.2,0.81,81,6,9,16,16.0,564.7208250000001,0.08315312500000001,1.3304500000000001,14.001769911504425,16.0,47.564,80.0,0.0,1.0,0,0.0,1.0
39,6,static,0.2,0.95,95,8,11,15,15.0,564.8537744680852,0.08849645390070922,1.3274468085106381,12.766988255033556,15.0,55.22,94.0,0.0,1.0,0,0.0,1.0
0,6,bsps,0.2,0.96,96,8,7,15,12.344,552.04384,0.08539055681160945,1.0531789473684212,38.54851444005818,113.0,32.22,68.828,0.4440775897647544,0.6922428330522765,0,0.27301059630168295,1.0
1,6,bsps,0.2,0.85,85,7,10,15,13.108,553.3044333333333,0.08210352663209806,1.074904761904762,38.822831899558246,113.0,28.3,61.152,0.44281045751633985,0.6923318667504714,0,0.2727272727272727,1.0
2,6,bsps,0.2,0.96,96,7,14,18,15.96,559.2130905263158,0.0721145628777827,1.1501052631578947,38.133000831255195,116.0,28.46,71.472,0.44358154408405664,0.6951294697903823,0,0.24584372402327515,1.0
3,6,bsps,0.2,0.92,92,8,9,17,14.996,556.3959384615385,0.07477188271758407,1.1199120879120879,39.80711651117379,115.0,29.48,66.696,0.44470179502026635,0.692776886035313,0,0.2597092644825342,1.0
4,6,bsps,0.2,1.0,100,8,10,16,13.596,553.3465010101011,0.07878231398231397,1.0704242424242425,39.276114844227244,114.0,33.04,72.54,0.4425625920471281,0.686033199771036,0,0.27468947261250254,1.0
5,6,bsps,0.2,0.99,99,7,11,17,14.844,554.5955102040816,0.07346140071413182,1.087591836734694,40.431692873187664,115.0,31.916,71.988,0.4423461231015188,0.6905398182789952,0,0.27731264039207676,1.0
6,6,bsps,0.2,0.97,97,7,10,16,13.576,554.6537750000001,0.08090289224664224,1.097125,39.01560224672353,114.0,32.264,70.792,0.44128553770086526,0.6875559534467324,0,0.27106303307676305,1.0
7,6,bsps,0.2,0.66,66,8,9,15,12.524,549.1781292307693,0.08063995901534364,1.0094769230769232,37.84569264752288,112.0,22.556,47.268,0.44521604938271603,0.6859030837004405,0,0.2757967813190281,1.0
8,6,bsps,0.2,1.0,100,6,15,18,16.364,557.5205171717173,0.06939599097344196,1.1317979797979796,38.3091649694501,117.0,31.564,74.052,0.44551175886054983,0.6908863138114626,0,0.24908350305498983,1.0
9,6,bsps,0.2,0.91,91,9,10,17,13.384,551.5205911111112,0.07797697265697265,1.0433777777777777,39.46739130434783,113.05000000000018,29.912,64.708,0.4445173998686802,0.6977989292088043,0,0.2797826086956522,1.0
10,6,bsps,0.2,0.75,75,8,9,14,11.756,550.8002810810812,0.08801384741384742,1.0332972972972974,37.29772850189291,112.0,24.864,53.048,0.4470768505421971,0.6999336870026526,0,0.27122769064359115,1.0
11,6,bsps,0.2,0.87,87,10,17,22,20.612,550.4049674418604,0.04945298235016717,1.0182325581395348,45.271130882697264,121.0,28.328,61.528,0.44458372506006477,0.6927341698278378,0,0.2858815265745727,1.0
12,6,bsps,0.2,0.98,98,6,9,15,13.524,556.3381030927836,0.08278962824117463,1.1161649484536083,35.629128205128204,114.0,31.444,72.452,0.44691932624113473,0.7021078735275883,0,0.24225641025641026,1.0
13,6,bsps,0.2,0.65,65,9,6,14,12.024,546.1343625000001,0.08014072281884782,0.96275,37.99140127388535,112.0,22.76,45.648,0.44821236765382844,0.6963725929243171,0,0.28121019108280254,1.0
14,6,bsps,0.2,0.89,89,8,10,16,14.604,556.1926772727273,0.07662694180819182,1.118272727272727,40.44216625807889,115.0,29.276,65.136,0.44130434782608696,0.6855828220858896,0,0.2663249387118342,1.0
15,6,bsps,0.2,1.0,100,8,12,16,13.328,554.5090666666667,0.08153547933547933,1.086181818181818,37.2835910825467,113.0,32.24,73.056,0.44543846874024756,0.6920578683200472,0,0.2584856396866841,1.0
16,6,bsps,0.2,0.74,74,8,7,13,11.36,548.9550630136987,0.08888582984747367,1.0087123287671234,36.69498069498069,111.0,25.58,53.16,0.44571428571428573,0.6964,0,0.2738554881412024,1.0
17,6,bsps,0.2,0.94,94,7,10,15,12.96,555.3897290322582,0.08534534211308406,1.1054193548387097,36.47115384615385,113.0,30.708,69.052,0.44479130535322003,0.691067397613673,0,0.25327797202797203,1.0
18,6,bsps,0.2,0.71,71,6,6,14,11.436,549.8365142857143,0.09009178599178598,1.0264571428571427,37.03135689851767,112.0,24.916,50.956,0.44313890054553084,0.6893502499038832,0,0.27708095781071834,1.0
19,6,bsps,0.2,0.79,79,8,9,13,11.672,551.9557384615384,0.08979965931504393,1.0477948717948717,36.9121963562753,112.0,25.808,57.124,0.44192900200937707,0.6904847396768402,0,0.2725202429149798,1.0
20,6,bsps,0.2,0.72,72,9,10,15,12.472,550.5856676056338,0.08278355634975353,1.031887323943662,40.41161616161616,113.0,24.136,50.664,0.4425287356321839,0.6919831223628692,0,0.2909652076318743,1.0
21,6,bsps,0.2,0.99,99,6,9,15,13.156,555.1341387755102,0.0836559501722767,1.099673469387755,37.84737903225806,113.0,32.204,72.572,0.44216417910447764,0.6865407319952774,0,0.267741935483871,1.0
22,6,bsps,0.2,0.6,60,7,8,15,12.304,549.9749220338983,0.08322812216032555,1.0219661016949153,37.477903391572454,113.0,20.588,42.752,0.4471279373368146,0.6960414703110274,0,0.26515930113052416,1.0
23,6,bsps,0.2,1.0,100,7,16,21,18.792,557.9541858585859,0.060597004791638424,1.1380606060606062,44.191758465932274,120.0,31.364,73.112,0.4461432235154863,0.696843853820598,0,0.2572419420644635,1.0
24,6,bsps,0.2,0.89,89,10,7,16,13.148,547.3560045454547,0.07464654133745043,0.9803181818181818,40.34903737259343,113.0,30.752,62.22,0.44503703703703706,0.6954482758620689,0,0.2892412231030578,1.0
25,6,bsps,0.2,1.0,100,7,9,16,14.328,556.3001737373737,0.07816246901246902,1.1169292929292929,37.45947568541125,114.0,31.812,73.688,0.44621598639455784,0.6968880909634949,0,0.2537522513508105,1.0
26,6,bsps,0.2,0.99,99,6,12,18,15.392,555.0341224489796,0.07136135450517203,1.0957551020408163,39.91030034267285,116.0,32.36,72.096,0.4428617328906501,0.6864928215646059,0,0.26627696029026404,1.0
27,6,bsps,0.2,0.94,94,7,11,18,14.652,554.4099225806452,0.07421278085538048,1.0834408602150538,40.45392781316348,115.0,30.364,68.064,0.4428239272880998,0.6938948558507632,0,0.27176220806794055,1.0
28,6,bsps,0.2,0.97,97,7,17,21,20.28,556.8956458333334,0.05546758992140184,1.1243333333333334,42.10083507306889,121.0,30.584,70.62,0.445631275368511,0.6971664698937426,0,0.2617954070981211,1.0
29,6,bsps,0.2,0.98,98,9,9,15,12.472,552.5986391752576,0.08523945813636535,1.0615670103092785,36.96105527638191,113.0,33.252,71.148,0.4468849840255591,0.6946039035591275,0,0.2600502512562814,1.0
30,6,bsps,0.2,0.91,91,8,9,15,13.98,552.7933244444446,0.0767053445247563,1.0614666666666668,37.15917561938171,113.0,30.016,65.968,0.44449589072809353,0.6936676309868209,0,0.26068844551633413,1.0
31,6,bsps,0.2,0.66,66,6,8,14,12.112,555.4172923076924,0.09141779246394631,1.1067692307692307,36.3471048513302,112.0,22.112,48.632,0.44582427817447995,0.695840554592721,0,0.25039123630672927,1.0
32,6,bsps,0.2,0.73,73,8,8,13,11.228,551.9984555555557,0.0935599715099715,1.0499444444444443,34.79602129448025,111.0,24.28,53.216,0.4466586754569973,0.6969045571797077,0,0.25553376295881197,1.0
33,6,bsps,0.2,0.97,97,9,7,15,12.36,552.9105583333334,0.08668970543345543,1.0682083333333334,39.06636531744401,113.0,31.824,68.984,0.4424150177574835,0.6880658436213992,0,0.2812821039654818,1.0
34,6,bsps,0.2,0.98,98,8,9,16,13.436,552.4848536082474,0.07884105327662028,1.056577319587629,39.46893223406394,113.0,32.228,70.512,0.4409795102448776,0.684913217623498,0,0.28091695153830687,1.0
35,6,bsps,0.2,0.95,95,7,8,15,12.94,557.287255319149,0.08774041844680143,1.133659574468085,37.42047838858581,113.0,30.468,70.016,0.4434589800443459,0.6944357120402389,0,0.2591271506504406,1.0
36,6,bsps,0.2,0.81,81,6,9,14,12.32,552.3781000000001,0.08640084082584082,1.06335,35.64573762123533,112.0,27.448,59.056,0.4461209606437822,0.692885234179478,0,0.25472179683512,1.0
37,6,bsps,0.2,0.87,87,11,10,15,12.86,551.9217720930234,0.08117513726583493,1.0428372093023257,37.2587927756654,113.0,28.432,63.428,0.4431804130085322,0.6845176793683487,0,0.27043726235741444,1.0
38,6,bsps,0.2,0.81,81,6,9,16,13.544,551.3658350000001,0.07713987803862804,1.0436999999999999,39.594943109987355,114.0,27.068,57.68,0.4448809798936908,0.6912144702842378,0,0.2781289506953224,1.0
39,6,bsps,0.2,0.95,95,8,11,15,13.356,552.0287446808511,0.07891752786220871,1.0523404255319149,37.540058724832214,114.0,31.96,68.636,0.44575371549893844,0.6921921921921922,0,0.26426174496644295,1.0
0,6,baps,0.2,0.96,96,8,7,15,11.0,543.5460210526317,0.07227829573934838,0.9045894736842106,50.15188032412217,115.0,26.76,58.848,0.556642473966551,0.6438685546353192,0,0.3714938707666736,1.0
1,6,baps,0.2,0.85,85,7,10,15,11.0,543.9360333333334,0.07176916099773242,0.9103333333333332,50.75540571960009,115.0,22.532,51.0,0.5586239733365076,0.6470588235294118,0,0.3852592420367356,1.0
2,6,baps,0.2,0.96,96,7,14,18,14.0,549.3087915789475,0.06421052631578948,0.9873684210526317,49.939941812136325,118.0,24.76,61.56,0.5572162540868753,0.6426076833527358,0,0.35619285120532,1.0
3,6,baps,0.2,0.92,92,8,9,17,12.844,545.5766285714286,0.06375989370107017,0.9355604395604395,54.22282490778911,117.0,24.328,55.732,0.553562945368171,0.6354354354354355,0,0.3920590149707095,1.0
4,6,baps,0.2,1.0,100,8,10,16,11.5,542.6834383838384,0.06619336219336219,0.8869898989898989,52.33211158623498,116.0,26.744,60.028,0.5571382671093499,0.6456456456456456,0,0.39014457340663816,1.0
5,6,baps,0.2,0.99,99,7,11,17,13.5,544.3904489795918,0.0599968787515006,0.9119183673469388,53.26934858076373,117.0,25.92,60.144,0.5567545556347349,0.6419658772599949,0,0.39330202164590566,1.0
6,6,baps,0.2,0.97,97,7,10,16,11.5,544.8667750000001,0.06973139880952381,0.9242916666666667,51.430622009569376,116.0,26.076,59.404,0.5583067092651757,0.6465863453815262,0,0.37965467027251926,1.0
7,6,baps,0.2,0.66,66,8,9,15,11.0,539.9348984615386,0.0660254945054945,0.8452923076923077,51.379299463553174,115.0,18.408,39.676,0.5502121640735502,0.6338500209467951,0,0.39697065320290315,1.0
8,6,baps,0.2,1.0,100,6,15,18,14.5,548.2246626262627,0.060781961024385274,0.9710707070707072,50.82606924643584,118.0,25.864,63.0,0.5530644434429923,0.6395969176052163,0,0.364969450101833,1.0
9,6,baps,0.2,0.91,91,9,10,17,12.0,541.4182266666667,0.061371802054154996,0.8679555555555555,54.06673913043478,117.0,24.1,53.608,0.5573056300268097,0.6445885005636979,0,0.4,1.0
10,6,baps,0.2,0.75,75,8,9,14,10.0,540.5580864864866,0.07267438867438866,0.856,49.99053542455381,114.0,20.484,44.164,0.5567121320890165,0.6508593252705284,0,0.3866955110870741,1.0
11,6,baps,0.2,0.87,87,10,17,22,18.5,543.2406558139536,0.04423326286116983,0.891953488372093,57.262233668929994,122.0,23.292,53.0,0.5539961431326333,0.6374795417348609,0,0.3949894638258019,1.0
12,6,baps,0.2,0.98,98,6,9,15,11.5,545.0735835051547,0.07021958762886599,0.922639175257732,50.259076923076925,115.0,25.568,60.032,0.5564259763851045,0.6443927948866938,0,0.3833846153846154,1.0
13,6,baps,0.2,0.65,65,9,6,14,9.536,535.481175,0.06397529761904762,0.7728125,54.887898089171976,114.0,17.576,36.536,0.5491365777080063,0.6315126050420168,0,0.4388535031847134,1.0
14,6,baps,0.2,0.89,89,8,10,16,12.5,546.597990909091,0.06781344696969697,0.95,51.87252061511032,116.0,23.556,54.828,0.5575468404515304,0.645142353977106,0,0.3737463784265656,1.0
15,6,baps,0.2,1.0,100,8,12,16,12.5,544.7049252525254,0.06548821548821547,0.9187474747474746,49.674030929905605,116.0,27.044,62.0,0.5561672842773955,0.6492264416315049,0,0.37035549307089777,1.0
16,6,baps,0.2,0.74,74,8,7,13,9.5,539.149693150685,0.07360238847910079,0.8344109589041097,49.907335907335906,113.0,20.588,44.0,0.5546806649168854,0.6419379258137774,0,0.3982349696635411,1.0
17,6,baps,0.2,0.94,94,7,10,15,11.0,543.7065634408602,0.07017593445980544,0.901978494623656,52.06993006993007,115.0,24.32,56.352,0.5538026842477043,0.6403562653562653,0,0.3977272727272727,1.0
18,6,baps,0.2,0.71,71,6,6,14,9.5,538.9304857142857,0.07094367346938776,0.8302857142857142,53.227194982896236,114.0,18.932,40.776,0.5537688442211055,0.6344703770197486,0,0.427594070695553,1.0
19,6,baps,0.2,0.79,79,8,9,13,10.0,542.825158974359,0.0778500986193294,0.8874358974358975,49.17054655870445,113.0,20.948,48.084,0.5587392550143266,0.6473810338925026,0,0.38638663967611336,1.0
20,6,baps,0.2,0.72,72,9,10,15,11.0,542.2692169014085,0.06993695506371563,0.8846760563380281,53.5993265993266,115.0,19.688,43.0,0.5558960692871419,0.6400667779632722,0,0.40712682379349047,1.0
21,6,baps,0.2,0.99,99,6,9,15,11.544,544.2199632653062,0.06910113378684808,0.9116734693877552,49.608467741935485,115.0,26.288,60.316,0.5571157918199041,0.6453076268783668,0,0.37641129032258064,1.0
22,6,baps,0.2,0.6,60,7,8,15,10.5,538.4205016949154,0.06373333333333332,0.820542372881356,54.10003425830764,115.0,16.028,34.22,0.5549651278644968,0.6485637342908438,0,0.41212744090441933,1.0
23,6,baps,0.2,1.0,100,7,16,21,17.54,549.4890424242425,0.05199037999037999,0.9887272727272728,56.175846593227256,121.0,25.196,62.54,0.5574083375188348,0.6505928853754941,0,0.36474908200734396,1.0
24,6,baps,0.2,0.89,89,10,7,16,11.704,538.5931454545455,0.06006087662337663,0.8275909090909092,54.023329558323894,116.0,25.376,52.352,0.5550268300091121,0.6403304931577588,0,0.40679501698754245,1.0
25,6,baps,0.2,1.0,100,7,9,16,12.248,546.1061131313131,0.06848322109988778,0.9435151515151515,49.01440864518711,116.0,27.088,62.748,0.5561956521739131,0.6456338028169014,0,0.36221733039823895,1.0
26,6,baps,0.2,0.99,99,6,12,18,13.0,544.3985224489796,0.060975623582766446,0.911795918367347,52.759927433985084,118.0,25.644,59.5,0.5564726324934839,0.6468097120271034,0,0.38137472283813745,1.0
27,6,baps,0.2,0.94,94,7,11,18,13.0,543.7283354838711,0.06001732377538829,0.8991827956989247,54.79193205944798,118.0,24.092,56.108,0.5574123989218329,0.6429530201342282,0,0.39681528662420384,1.0
28,6,baps,0.2,0.97,97,7,17,21,18.5,548.9308083333334,0.04989818948412699,0.9837083333333333,52.26388308977035,121.0,25.064,61.0,0.555858310626703,0.6433566433566433,0,0.3605427974947808,1.0
29,6,baps,0.2,0.98,98,9,9,15,11.5,543.9713979381444,0.06997972508591065,0.9077113402061855,49.983458961474035,115.0,26.46,60.004,0.5553282879934547,0.645351961311123,0,0.37479061976549416,1.0
30,6,baps,0.2,0.91,91,8,9,15,11.0,542.92824,0.06977608465608466,0.8882666666666666,51.35672001754001,115.0,23.556,54.5,0.5557662676306744,0.6420162994265016,0,0.39180004385003286,1.0
31,6,baps,0.2,0.66,66,6,8,14,10.5,545.0873600000001,0.07749450549450548,0.9249846153846154,49.178403755868544,114.0,17.396,40.26,0.5594394583530152,0.657357232180075,0,0.36838810641627545,1.0
32,6,baps,0.2,0.73,73,8,8,13,9.5,541.0716611111112,0.07671866096866098,0.8592222222222222,49.253852619781455,113.0,19.408,43.636,0.5542463657230299,0.6438133874239351,0,0.3908657887363407,1.0
33,6,baps,0.2,0.97,97,9,7,15,11.0,543.3912083333335,0.0711063492063492,0.9045,51.81631395109924,115.0,26.668,58.5,0.5556016167478495,0.6393144637756427,0,0.3965481816313951,1.0
34,6,baps,0.2,0.98,98,8,9,16,12.0,543.1491381443299,0.0654819587628866,0.8960824742268041,51.529861250754074,116.0,26.58,59.5,0.5549658058589364,0.636225651403997,0,0.3891011461894229,1.0
35,6,baps,0.2,0.95,95,7,8,15,11.5,546.4023234042553,0.07253971631205676,0.9475744680851064,49.85858161980697,115.0,25.144,58.608,0.5572346501665874,0.643753735803945,0,0.3747377255560218,1.0
36,6,baps,0.2,0.81,81,6,9,14,11.0,543.073385,0.07193482142857141,0.898,48.31955079122001,114.0,22.66,50.0,0.5561675419495324,0.6489976214746856,0,0.3708524757529352,1.0
37,6,baps,0.2,0.87,87,11,10,15,11.0,541.1757023255815,0.06676633444075304,0.8581860465116279,50.497148288973385,115.0,22.696,52.0,0.5553327484647199,0.6461436610393909,0,0.38854562737642584,1.0
38,6,baps,0.2,0.81,81,6,9,16,11.5,540.9944800000001,0.06354955357142858,0.8627,52.76738305941846,116.0,21.884,47.7,0.555412068560695,0.6460396039603961,0,0.39570164348925413,1.0
39,6,baps,0.2,0.95,95,8,11,15,11.556,541.9459234042554,0.06554018912529551,0.8735319148936171,51.075713087248324,115.0,25.152,56.632,0.555458989679522,0.6440056417489421,0,0.3911493288590604,1.0
0,6,lt,0.2,0.96,96,8,7,15,12.2,548.734412631579,0.07882277815751498,0.9932210526315789,42.15728236027426,114.0,29.808,64.892,0.538936571069709,0.6582792207792207,0,0.3031373363806358,1.0
1,6,lt,0.2,0.85,85,7,10,15,13.088,552.1962,0.07952027417027416,1.053142857142857,40.42245989304813,115.0,27.328,59.896,0.5323689826891155,0.6577201447527141,0,0.2845849802371542,1.0
2,6,lt,0.2,0.96,96,7,14,18,15.556,557.8704842105263,0.07179977999296884,1.1211789473684213,41.312344139650875,117.0,26.54,69.356,0.5347157502329916,0.6469555035128806,0,0.279093931837074,1.0
3,6,lt,0.2,0.92,92,8,9,17,14.948,553.7246461538463,0.07105853761622993,1.0719120879120878,44.30939466261662,117.0,27.52,63.532,0.5484252900781434,0.6386198547215496,0,0.30505532653504014,1.0
4,6,lt,0.2,1.0,100,8,10,16,13.208,552.0720848484849,0.07878670218670218,1.0475555555555556,40.263286499694566,114.0,32.532,71.4,0.5279410193396731,0.653117275473771,0,0.2873141926287925,1.0
5,6,lt,0.2,0.99,99,7,11,17,14.34,552.1743346938777,0.0710696068637245,1.0433469387755103,42.8803348989177,117.0,30.104,69.056,0.5432048681541582,0.6506426735218509,0,0.2981417194200531,1.0
6,6,lt,0.2,0.97,97,7,10,16,13.544,553.6921458333334,0.07941361416361417,1.0735,41.22321614312461,114.0,29.752,68.404,0.5363801728058208,0.6485234510712218,0,0.29353026835864365,1.0
7,6,lt,0.2,0.66,66,8,9,15,12.732,548.378473846154,0.07749651681651681,0.9932307692307693,38.691385295045755,113.0,21.884,46.436,0.5285603112840467,0.6541935483870968,0,0.280530135689492,1.0
8,6,lt,0.2,1.0,100,6,15,18,16.0,557.1506424242425,0.06961552782729254,1.1223838383838383,39.58716904276986,117.0,30.512,73.088,0.5249467429083978,0.6523566496547584,0,0.2633401221995927,1.0
9,6,lt,0.2,0.91,91,9,10,17,13.236,549.6857733333335,0.075742479002479,1.008488888888889,41.83521739130435,114.0,28.392,62.572,0.5358057690165943,0.6532235160465777,0,0.30217391304347824,1.0
10,6,lt,0.2,0.75,75,8,9,14,11.268,548.0504270270271,0.08541778701778702,0.9802702702702702,41.55029745808545,113.0,22.656,50.068,0.5357398995935931,0.6573069559668155,0,0.31151974040021635,1.0
11,6,lt,0.2,0.87,87,10,17,22,19.828,548.8937162790697,0.049616161512266346,0.9873488372093022,47.53266214001405,121.0,26.848,59.692,0.5001590499416817,0.6612496497618381,0,0.31163661905876844,1.0
12,6,lt,0.2,0.98,98,6,9,15,13.088,553.8084659793815,0.08005929397063417,1.0717525773195875,40.213743589743586,115.0,29.848,69.508,0.543626448534424,0.6473317865429234,0,0.2875897435897436,1.0
13,6,lt,0.2,0.65,65,9,6,14,12.26,544.4321937500001,0.07399840506715506,0.9311875,40.71273885350318,114.0,22.504,44.892,0.5378976918278229,0.6424294268605646,0,0.29936305732484075,1.0
14,6,lt,0.2,0.89,89,8,10,16,14.108,554.0813590909091,0.07621576756576758,1.0786363636363638,43.23200356585692,115.0,27.368,62.452,0.5407329598506069,0.6416083916083916,0,0.2977490528192556,1.0
15,6,lt,0.2,1.0,100,8,12,16,13.0,553.6045494949495,0.0818994116994117,1.0682424242424242,38.27595902791725,113.0,31.112,71.624,0.5377298668357641,0.6526286037309215,0,0.2697328780879695,1.0
16,6,lt,0.2,0.74,74,8,7,13,11.116,547.165183561644,0.08747150961671508,0.974958904109589,38.97876447876448,111.0,24.728,51.776,0.5362445414847161,0.6471482889733841,0,0.2970215113072256,1.0
17,6,lt,0.2,0.94,94,7,10,15,12.284,553.9514924731184,0.08707566268856592,1.0796559139784945,37.97989510489511,113.0,29.64,67.304,0.5380021079751728,0.6521332918094052,0,0.2714160839160839,1.0
18,6,lt,0.2,0.71,71,6,6,14,11.048,546.51652,0.08426190476190476,0.9669714285714286,42.109179019384264,114.0,23.228,48.072,0.5455714285714286,0.6447272727272727,0,0.3198403648802737,1.0
19,6,lt,0.2,0.79,79,8,9,13,11.648,550.0803076923078,0.08609403900942363,1.0123076923076924,39.639929149797574,113.0,24.516,55.236,0.5313603040999185,0.6553398058252428,0,0.2973178137651822,1.0
20,6,lt,0.2,0.72,72,9,10,15,12.112,548.4550647887324,0.08042785946447918,0.9847887323943663,45.04489337822671,114.0,21.556,47.94,0.5365007340184171,0.645826405054872,0,0.3386644219977553,1.0
21,6,lt,0.2,0.99,99,6,9,15,12.968,553.1818897959184,0.08094769855994347,1.0626122448979591,40.489314516129035,114.0,30.144,69.74,0.5440026803663167,0.6460800902425268,0,0.29375,1.0
22,6,lt,0.2,0.6,60,7,8,15,11.712,547.8460610169492,0.08366862628896526,0.9824406779661016,42.045906132237064,112.0,19.408,41.016,0.5361787262420807,0.6407637655417406,0,0.31517643028434394,1.0
23,6,lt,0.2,1.0,100,7,16,21,18.364,555.1294909090909,0.05836657046657046,1.0863030303030303,48.15667074663403,121.0,28.908,69.368,0.542914371557336,0.6549800796812749,0,0.29294165646674825,1.0
24,6,lt,0.2,0.89,89,10,7,16,12.564,544.3082136363636,0.07163970801925347,0.9218181818181818,45.20090600226501,114.0,27.832,58.212,0.5382987300947389,0.6460292580982236,0,0.3381653454133635,1.0
25,6,lt,0.2,1.0,100,7,9,16,13.92,553.6093333333333,0.07604499742681561,1.067919191919192,40.42305383229938,115.0,29.476,70.1,0.5406253380936925,0.6512688907898488,0,0.28357014208525116,1.0
26,6,lt,0.2,0.99,99,6,12,18,14.828,553.2077551020409,0.07063209239739852,1.0611428571428574,41.127796815158234,116.0,30.688,69.736,0.5361003026372676,0.6558033161806747,0,0.2817980245918162,1.0
27,6,lt,0.2,0.94,94,7,11,18,14.228,551.3248129032258,0.07115856381653346,1.0293333333333332,44.10997876857749,117.0,28.832,64.972,0.5263891868697704,0.6557911908646004,0,0.3038216560509554,1.0
28,6,lt,0.2,0.97,97,7,17,21,19.86,555.8073250000001,0.05536304824561404,1.1000416666666666,44.47348643006263,120.0,28.732,68.668,0.5219184027777778,0.6610073571024335,0,0.2878914405010438,1.0
29,6,lt,0.2,0.98,98,9,9,15,12.052,550.1732329896907,0.0829551294066758,1.0174432989690723,41.12730318257957,113.0,31.432,68.212,0.5315536463127749,0.6497448294386248,0,0.3027638190954774,1.0
30,6,lt,0.2,0.91,91,8,9,15,12.112,549.9984133333335,0.081143088023088,1.0109333333333332,41.0,114.0,28.312,63.036,0.5416666666666666,0.645366444579043,0,0.3016882262661697,1.0
31,6,lt,0.2,0.66,66,6,8,14,11.5,552.7468984615386,0.08994792899408284,1.0575384615384615,39.70923317683881,113.0,20.768,46.5,0.5388976377952756,0.6575,0,0.28450704225352114,1.0
32,6,lt,0.2,0.73,73,8,8,13,11.312,551.3973333333334,0.09134898989898989,1.0345555555555555,36.45727094424208,111.0,22.992,52.08,0.5348872638634978,0.6518883415435139,0,0.27150462314373774,1.0
33,6,lt,0.2,0.97,97,9,7,15,11.892,549.8327083333334,0.08343571567321567,1.0077916666666666,45.03739469899322,114.0,28.164,64.316,0.5455206062493512,0.6384794414274632,0,0.3388124101088967,1.0
34,6,lt,0.2,0.98,98,8,9,16,13.1,550.2986927835052,0.07683970634176819,1.0114226804123712,40.811783631610695,115.0,29.9,67.72,0.5308704453441295,0.6602067183462532,0,0.2970038206314096,1.0
35,6,lt,0.2,0.95,95,7,8,15,12.788,555.3891234042553,0.08420722114764667,1.097872340425532,40.348300461603024,115.0,28.584,67.392,0.5526409495548962,0.6442105263157895,0,0.28472513638271085,1.0
36,6,lt,0.2,0.81,81,6,9,14,11.94,551.7863900000001,0.08721521561771561,1.0485499999999999,36.544410413476264,112.0,26.288,57.976,0.5331125827814569,0.6656314699792961,0,0.2669729453802961,1.0
37,6,lt,0.2,0.87,87,11,10,15,12.5,550.6049162790698,0.08101693267972337,1.0204651162790699,38.02851711026616,113.0,28.332,62.68,0.5209588353413654,0.6530343007915568,0,0.2799429657794677,1.0
38,6,lt,0.2,0.81,81,6,9,16,13.488,550.1295550000001,0.07511518897768897,1.0125,42.20328697850822,114.0,24.448,55.252,0.5307530402245089,0.6522826766729206,0,0.3031605562579014,1.0
39,6,lt,0.2,0.95,95,8,11,15,13.668,551.5577744680853,0.07585819499649288,1.037744680851064,39.138422818791945,114.0,30.324,67.344,0.5317194423430239,0.6551329711181012,0,0.27684563758389263,1.0
0,6,ewma,0.2,0.96,96,8,7,15,12.084,551.3893515789474,0.08591782953888218,1.0366736842105262,39.77207562850613,112.0,30.28,66.996,0.49148494288681205,0.6740331491712708,0,0.2879700810305423,1.0
1,6,ewma,0.2,0.85,85,7,10,15,12.856,552.4070142857144,0.08213667205810063,1.0547619047619048,40.977447105324345,113.0,26.788,59.568,0.48773551368645574,0.6671700392630625,0,0.2962101836782144,1.0
2,6,ewma,0.2,0.96,96,7,14,18,15.84,558.4032378947369,0.07159963880288957,1.1328421052631577,40.22152950955943,116.0,27.108,69.976,0.4907621247113164,0.6706586826347305,0,0.26766417290108063,1.0
3,6,ewma,0.2,0.92,92,8,9,17,14.84,555.5135956043957,0.07425882376619287,1.1006593406593406,42.84985897157735,115.0,27.944,65.052,0.49002113172106126,0.661200495049505,0,0.2920373182903016,1.0
4,6,ewma,0.2,1.0,100,8,10,16,13.308,552.9380242424243,0.07959985536349173,1.0589494949494949,40.63306862146202,113.0,31.38,71.04,0.4911387031730871,0.6698350573105954,0,0.2905721848910609,1.0
5,6,ewma,0.2,0.99,99,7,11,17,14.636,553.9751632653062,0.07348282334911987,1.0726122448979591,42.062691443741066,115.0,30.248,70.356,0.48824775547261173,0.6658848058378942,0,0.2960996528486829,1.0
6,6,ewma,0.2,0.97,97,7,10,16,13.32,554.1201958333336,0.08126798548673549,1.0825416666666667,39.76908674849178,114.0,30.456,69.188,0.489376130198915,0.670487948265726,0,0.28042438111087997,1.0
7,6,ewma,0.2,0.66,66,8,9,15,12.336,548.3541230769232,0.0803990245651784,0.9915692307692306,39.41211738718839,112.0,21.368,46.012,0.49387501938285006,0.6671012603215993,0,0.2925213000946671,1.0
8,6,ewma,0.2,1.0,100,6,15,18,16.272,556.505296969697,0.06846028492204963,1.1112323232323231,40.328513238289204,117.0,30.08,72.292,0.4894138622687765,0.6608669108669109,0,0.27128309572301423,1.0
9,6,ewma,0.2,0.91,91,9,10,17,13.22,550.3944666666667,0.07718028286528285,1.02,41.23065217391304,113.0,28.212,62.752,0.49208269188475917,0.6729301233118027,0,0.29978260869565215,1.0
10,6,ewma,0.2,0.75,75,8,9,14,11.58,549.666291891892,0.08728733068733069,1.0096216216216216,39.53839913466739,112.0,23.392,51.368,0.4940059347181009,0.6734959349593496,0,0.2950243374797188,1.0
11,6,ewma,0.2,0.87,87,10,17,22,20.404,549.4715860465117,0.048930600461689816,0.9973023255813954,46.20861624912199,121.0,26.416,59.564,0.49401386263390046,0.6820011500862565,0,0.29758838679466165,1.0
12,6,ewma,0.2,0.98,98,6,9,15,13.42,555.4654845360826,0.08207905015946253,1.0991752577319585,37.983384615384615,114.0,30.312,71.024,0.49175916582576523,0.6694686280396277,0,0.26687179487179485,1.0
13,6,ewma,0.2,0.65,65,9,6,14,11.892,545.830325,0.0801771645021645,0.95275,38.83949044585987,112.0,21.652,44.684,0.4946020974706971,0.6769638128861429,0,0.2910828025477707,1.0
14,6,ewma,0.2,0.89,89,8,10,16,14.428,555.3330454545454,0.07623144771894771,1.0995454545454546,41.84644528638288,115.0,27.792,63.552,0.48961458573736444,0.671865626874625,0,0.28170269667929576,1.0
15,6,ewma,0.2,1.0,100,8,12,16,13.124,553.8611797979797,0.08163532763532765,1.0703838383838384,39.049206668005624,113.0,30.364,71.252,0.49364295471261954,0.6709732988802756,0,0.2789716810604539,1.0
16,6,ewma,0.2,0.74,74,8,7,13,11.024,547.6310958904111,0.0891238368936999,0.983068493150685,38.28736900165472,111.0,24.5,51.688,0.4952558941920644,0.672562893081761,0,0.2926089354660783,1.0
17,6,ewma,0.2,0.94,94,7,10,15,12.804,554.1186838709679,0.08449227116969052,1.0811182795698924,38.27840909090909,113.0,29.312,67.2,0.4934974454249884,0.6739961759082218,0,0.2729458041958042,1.0
18,6,ewma,0.2,0.71,71,6,6,14,11.264,549.0550342857142,0.08981160236588806,1.0088,38.572690992018245,112.0,23.728,49.732,0.48996608253250423,0.6649214659685864,0,0.29418472063854045,1.0
19,6,ewma,0.2,0.79,79,8,9,13,11.512,550.9979743589744,0.089208547008547,1.0270769230769228,38.95192307692308,112.0,24.38,55.576,0.4894019171054408,0.6623285262047134,0,0.2942813765182186,1.0
20,6,ewma,0.2,0.72,72,9,10,15,12.292,549.2148507042253,0.08185463362928153,1.0049577464788733,42.810044893378226,113.0,22.804,48.988,0.4906505135633395,0.6665519614590503,0,0.3170594837261504,1.0
21,6,ewma,0.2,0.99,99,6,9,15,13.028,554.2250612244899,0.08297869477461314,1.08,39.459879032258065,113.0,30.448,70.696,0.4910980869180582,0.6624240671102112,0,0.2854838709677419,1.0
22,6,ewma,0.2,0.6,60,7,8,15,12.068,549.6926711864407,0.08396733661818408,1.0109152542372881,39.378896882494004,113.0,19.328,41.74,0.49440052700922266,0.6753902662993572,0,0.28639945186707777,1.0
23,6,ewma,0.2,1.0,100,7,16,21,18.616,556.8162383838385,0.05992315823724493,1.1147474747474748,46.67278661770706,120.0,29.564,71.024,0.4916351324437363,0.6709816612729234,0,0.2835577315381477,1.0
24,6,ewma,0.2,0.89,89,10,7,16,12.856,546.2665454545455,0.07457643114461297,0.9577272727272728,41.63035107587769,113.0,28.972,60.22,0.49284294234592446,0.6783197831978319,0,0.3048697621744054,1.0
25,6,ewma,0.2,1.0,100,7,9,16,14.056,555.5266828282829,0.07837645132645134,1.0986666666666665,38.770662397438464,114.0,29.944,71.856,0.49523197257044893,0.6760316066725197,0,0.2679607764658795,1.0
26,6,ewma,0.2,0.99,99,6,12,18,15.188,554.4444612244898,0.07142064712331819,1.0813061224489795,40.75125982664785,116.0,30.656,70.468,0.49101667563206025,0.6714905933429812,0,0.27675871800040314,1.0
27,6,ewma,0.2,0.94,94,7,11,18,14.464,553.8025075268818,0.07416024470996008,1.0684301075268818,43.46624203821656,115.0,28.648,66.404,0.4862601975096608,0.6644951140065146,0,0.30339702760084925,1.0
28,6,ewma,0.2,0.97,97,7,17,21,20.26,556.3644250000001,0.05476279034075087,1.1095,45.06534446764092,121.0,28.728,68.968,0.48893709327548807,0.6637393767705383,0,0.2920668058455115,1.0
29,6,ewma,0.2,0.98,98,9,9,15,12.304,551.8658474226803,0.08501840770912936,1.044659793814433,39.48073701842546,112.0,31.412,69.3,0.4936247723132969,0.6674958540630183,0,0.28664154103852596,1.0
30,6,ewma,0.2,0.91,91,8,9,15,13.436,552.6810044444444,0.07917584723555311,1.0529777777777776,37.89190966893225,113.0,28.08,64.576,0.4923579512308949,0.6778861277131173,0,0.27099320324490245,1.0
31,6,ewma,0.2,0.66,66,6,8,14,11.956,555.0669723076923,0.09152521017444096,1.0937230769230768,37.62503912363067,112.0,20.592,47.404,0.4929906542056075,0.6789699570815451,0,0.2644757433489828,1.0
32,6,ewma,0.2,0.73,73,8,8,13,11.164,551.3155388888889,0.09264455667789001,1.0342222222222222,36.910899411599885,111.0,23.024,51.964,0.49303452453058755,0.669449081803005,0,0.27710843373493976,1.0
33,6,ewma,0.2,0.97,97,9,7,15,12.108,551.959,0.08664014735264734,1.0464583333333333,41.275323607972055,112.0,29.772,66.9,0.4897708674304419,0.667561761546724,0,0.3053215533182659,1.0
34,6,ewma,0.2,0.98,98,8,9,16,13.084,551.8167422680413,0.07965842353522766,1.0396288659793813,40.51276895234265,113.0,30.244,68.652,0.48993963782696176,0.6719160104986877,0,0.2933842750854615,1.0
35,6,ewma,0.2,0.95,95,7,8,15,12.728,557.1159191489363,0.08853059351995524,1.1257446808510638,39.448384389425094,113.0,29.036,68.928,0.487012987012987,0.660670731707317,0,0.2813680234997902,1.0
36,6,ewma,0.2,0.81,81,6,9,14,12.176,551.8118400000001,0.08620527389277391,1.04835,37.404798366513525,112.0,25.916,57.676,0.49416243654822334,0.6759581881533101,0,0.27411944869831545,1.0
37,6,ewma,0.2,0.87,87,11,10,15,12.748,551.1460930232558,0.08060475570940687,1.0271162790697674,38.40874524714829,113.0,27.312,62.136,0.49222733490859344,0.6691449814126395,0,0.28374524714828897,1.0
38,6,ewma,0.2,0.81,81,6,9,16,13.308,550.6439550000001,0.07724363990176489,1.0268499999999998,41.16308470290771,114.0,25.612,56.216,0.4933162850168546,0.667302192564347,0,0.2960809102402023,1.0
39,6,ewma,0.2,0.95,95,8,11,15,13.228,550.9960085106384,0.07808654891208085,1.0313617021276595,39.08913590604027,114.0,30.44,66.84,0.492776886035313,0.6716593245227607,0,0.28083053691275167,1.0
0,6,oracle,0.2,0.96,96,8,7,15,9.58,541.7772968421053,0.08188824485456066,0.7858526315789474,8.496156243507167,11.0,0.0,39.216,1.0,1.0,0,0.0,1.0
1,6,oracle,0.2,0.85,85,7,10,15,10.576,542.6632047619049,0.07555291732077447,0.7992380952380952,9.193443385259242,12.0,0.0,35.132,1.0,1.0,0,0.0,1.0
2,6,oracle,0.2,0.96,96,7,14,18,13.804,549.5731831578948,0.06548001875317665,0.9041263157894737,11.38715710723192,15.0,0.0,44.996,1.0,1.0,0,0.0,1.0
3,6,oracle,0.2,0.92,92,8,9,17,12.064,545.5212703296704,0.06980479447292634,0.8422857142857142,11.09720112822738,14.0,0.0,39.324,1.0,1.0,0,0.0,1.0
4,6,oracle,0.2,1.0,100,8,10,16,10.848,543.3150141414142,0.07426085485782455,0.8092121212121213,9.216045611891671,12.0,0.0,42.136,1.0,1.0,0,0.0,1.0
5,6,oracle,0.2,0.99,99,7,11,17,12.176,544.0780653061225,0.06751813152833562,0.820734693877551,10.303042679191341,14.0,0.0,42.152,1.0,1.0,0,0.0,1.0
6,6,oracle,0.2,0.97,97,7,10,16,10.496,544.0460083333335,0.07801567680005181,0.82025,8.949656750572082,12.0,0.0,41.272,1.0,1.0,0,0.0,1.0
7,6,oracle,0.2,0.66,66,8,9,15,9.72,538.4381784615385,0.07511317485932871,0.7358153846153845,7.5938781950142005,11.0,0.0,26.224,1.0,1.0,0,0.0,1.0
8,6,oracle,0.2,1.0,100,6,15,18,14.092,547.8388121212123,0.06282161343970613,0.8776969696969698,11.19511201629328,16.0,0.0,45.24,1.0,1.0,0,0.0,1.0
9,6,oracle,0.2,0.91,91,9,10,17,10.524,540.9048399999999,0.07324910817577485,0.7727555555555555,8.758478260869564,11.0,0.0,36.876,1.0,1.0,0,0.0,1.0
10,6,oracle,0.2,0.75,75,8,9,14,9.26,539.4140054054055,0.08089120354120354,0.7501621621621621,7.8848025959978365,10.0,0.0,29.508,1.0,1.0,0,0.0,1.0
11,6,oracle,0.2,0.87,87,10,17,22,17.548,540.2651488372095,0.04354207703920786,0.7630697674418605,13.758604542261766,19.0,0.0,34.852,1.0,1.0,0,0.0,1.0
12,6,oracle,0.2,0.98,98,6,9,15,10.94,546.2721195876289,0.07822366636799626,0.8541030927835052,9.072615384615384,13.0,0.0,43.596,1.0,1.0,0,0.0,1.0
13,6,oracle,0.2,0.65,65,9,6,14,8.944,535.4931125,0.07687091901154401,0.6911875,7.1369426751592355,10.0,0.0,24.44,1.0,1.0,0,0.0,1.0
14,6,oracle,0.2,0.89,89,8,10,16,11.78,545.0041954545455,0.07072780767212584,0.8345,10.94049476264765,13.0,0.0,37.812,1.0,1.0,0,0.0,1.0
15,6,oracle,0.2,1.0,100,8,12,16,11.236,544.1798383838385,0.07320713898895717,0.8224242424242425,9.086161879895561,12.0,0.0,43.048,1.0,1.0,0,0.0,1.0
16,6,oracle,0.2,0.74,74,8,7,13,8.604,537.6421643835617,0.08403100278716717,0.723835616438356,6.704633204633205,10.0,0.0,29.188,1.0,1.0,0,0.0,1.0
17,6,oracle,0.2,0.94,94,7,10,15,10.444,544.6159268817204,0.07922110505981474,0.828989247311828,8.649475524475525,11.0,0.0,40.628,1.0,1.0,0,0.0,1.0
18,6,oracle,0.2,0.71,71,6,6,14,8.284,538.4091714285714,0.08860524840239127,0.7351428571428572,6.8172748004561,10.0,0.0,27.788,1.0,1.0,0,0.0,1.0
19,6,oracle,0.2,0.79,79,8,9,13,9.468,541.5934000000001,0.08265598105598106,0.7835384615384616,7.48254048582996,10.0,0.0,33.084,1.0,1.0,0,0.0,1.0
20,6,oracle,0.2,0.72,72,9,10,15,9.724,539.3326873239437,0.07694754181655591,0.7487887323943662,8.729517396184063,11.0,0.0,28.0,1.0,1.0,0,0.0,1.0
21,6,oracle,0.2,0.99,99,6,9,15,10.624,544.7475428571429,0.07803084217369931,0.8309795918367346,8.744153225806452,11.0,0.0,42.896,1.0,1.0,0,0.0,1.0
22,6,oracle,0.2,0.6,60,7,8,15,9.072,539.7221694915255,0.08283121774647198,0.7549152542372881,7.982185680027406,10.0,0.0,23.792,1.0,1.0,0,0.0,1.0
23,6,oracle,0.2,1.0,100,7,16,21,16.136,547.2028404040404,0.05373924567959656,0.8676363636363637,15.943900448796409,18.0,0.0,43.652,1.0,1.0,0,0.0,1.0
24,6,oracle,0.2,0.89,89,10,7,16,9.82,536.7692318181819,0.07218984979666797,0.7101363636363638,8.24960362400906,11.0,0.0,33.508,1.0,1.0,0,0.0,1.0
25,6,oracle,0.2,1.0,100,7,9,16,11.264,545.2955676767677,0.07464345744042714,0.8393535353535353,9.495497298379027,12.0,0.0,43.916,1.0,1.0,0,0.0,1.0
26,6,oracle,0.2,0.99,99,6,12,18,12.568,544.6554938775511,0.06624450821287556,0.8293061224489795,10.751662971175167,15.0,0.0,42.096,1.0,1.0,0,0.0,1.0
27,6,oracle,0.2,0.94,94,7,11,18,11.664,544.4687053763441,0.07095981151465022,0.8265376344086021,10.554352441613588,13.0,0.0,39.976,1.0,1.0,0,0.0,1.0
28,6,oracle,0.2,0.97,97,7,17,21,18.068,546.4965083333334,0.04751103815935956,0.857125,13.879123173277662,20.0,0.0,42.328,1.0,1.0,0,0.0,1.0
29,6,oracle,0.2,0.98,98,9,9,15,10.116,542.1308701030929,0.07816356587284423,0.7912577319587629,8.822445561139029,11.0,0.0,40.416,1.0,1.0,0,0.0,1.0
30,6,oracle,0.2,0.91,91,8,9,15,10.816,542.7365911111111,0.07469156485489817,0.8006222222222221,8.473361105020828,12.0,0.0,38.348,1.0,1.0,0,0.0,1.0
31,6,oracle,0.2,0.66,66,6,8,14,9.716,544.7340369230769,0.08533625485625485,0.8306461538461539,9.019405320813771,11.0,0.0,28.22,1.0,1.0,0,0.0,1.0
32,6,oracle,0.2,0.73,73,8,8,13,8.896,541.9740166666668,0.08827699615199615,0.7893888888888889,7.02857943401513,10.0,0.0,30.9,1.0,1.0,0,0.0,1.0
33,6,oracle,0.2,0.97,97,9,7,15,9.332,542.1607666666667,0.084799791990417,0.7915416666666666,8.424286007807684,10.0,0.0,39.584,1.0,1.0,0,0.0,1.0
34,6,oracle,0.2,0.98,98,8,9,16,10.604,541.8567340206184,0.07428848619879547,0.7871752577319587,8.856223607480395,12.0,0.0,40.408,1.0,1.0,0,0.0,1.0
35,6,oracle,0.2,0.95,95,7,8,15,10.536,547.2187914893618,0.08233261336771974,0.8682127659574468,9.364036928241712,11.0,0.0,42.304,1.0,1.0,0,0.0,1.0
36,6,oracle,0.2,0.81,81,6,9,14,9.744,541.1884200000002,0.07951965367965368,0.77735,7.599795814190914,11.0,0.0,33.584,1.0,1.0,0,0.0,1.0
37,6,oracle,0.2,0.87,87,11,10,15,10.26,541.9349906976745,0.07659037280548908,0.7887906976744187,7.78398288973384,11.0,0.0,36.868,1.0,1.0,0,0.0,1.0
38,6,oracle,0.2,0.81,81,6,9,16,10.48,540.4279750000001,0.0728352195027195,0.7655,8.661694058154236,11.0,0.0,32.436,1.0,1.0,0,0.0,1.0
39,6,oracle,0.2,0.95,95,8,11,15,10.644,541.1873063829788,0.07289992973929144,0.777063829787234,8.62038590604027,12.0,0.0,38.78,1.0,1.0,0,0.0,1.0
0,6,csma,0.2,0.96,96,8,7,15,15.0,1289.9228757894737,1.0,15.0,50.41428571428571,202.0,nan,nan,nan,nan,0,0.0,0.8560945780676722
1,6,csma,0.2,0.85,85,7,10,15,15.0,1287.2679761904765,1.0,15.0,55.53819989534275,206.0,nan,nan,nan,nan,0,0.0,0.9209638554216868
2,6,csma,0.2,0.96,96,7,14,18,18.0,1443.0991031578951,1.0,18.0,42.015709261430246,115.0,nan,nan,nan,nan,0,0.0,0.9148434148434148
3,6,csma,0.2,0.92,92,8,9,17,17.0,1395.6524219780222,1.0,17.0,50.815432994678275,201.0,nan,nan,nan,nan,0,0.0,0.9032117107275508
4,6,csma,0.2,1.0,100,8,10,16,16.0,1331.0372565656567,1.0,16.0,43.99416705552963,115.0,nan,nan,nan,nan,0,0.0,0.8795403242355838
5,6,csma,0.2,0.99,99,7,11,17,17.0,1393.5755959183675,1.0,17.0,48.14745945945946,117.0,nan,nan,nan,nan,0,0.0,0.9434924520603836
6,6,csma,0.2,0.97,97,7,10,16,16.0,1342.7442625,1.0,16.0,50.23790412486065,201.0,nan,nan,nan,nan,0,0.0,0.9128841848157948
7,6,csma,0.2,0.66,66,8,9,15,15.0,1280.1356184615386,1.0,15.0,32.37266042780749,112.0,nan,nan,nan,nan,0,0.0,0.9208987380732533
8,6,csma,0.2,1.0,100,6,15,18,18.0,1438.1039272727276,1.0,18.0,41.75806092950856,116.0,nan,nan,nan,nan,0,0.0,0.9088520614389652
9,6,csma,0.2,0.91,91,9,10,17,17.0,1390.047413333334,1.0,17.0,37.33841028081866,115.0,nan,nan,nan,nan,0,0.0,0.9310879680921782
10,6,csma,0.2,0.75,75,8,9,14,14.0,1234.2042378378383,1.0,14.0,45.741126070991434,114.0,nan,nan,nan,nan,0,0.0,0.8834820221681535
11,6,csma,0.2,0.87,87,10,17,22,22.0,1638.495939534884,1.0,22.0,32.27511133102425,115.0,nan,nan,nan,nan,0,0.0,0.944613227389577
12,6,csma,0.2,0.98,98,6,9,15,15.0,1283.5237979381445,1.0,15.0,50.799687825182104,202.0,nan,nan,nan,nan,0,0.0,0.7995008319467554
13,6,csma,0.2,0.65,65,9,6,14,14.0,1250.32005625,1.0,14.0,43.62951705504897,202.0,nan,nan,nan,nan,0,0.0,0.9325984251968504
14,6,csma,0.2,0.89,89,8,10,16,16.0,1344.3497772727274,1.0,16.0,56.13283582089552,204.0,nan,nan,nan,nan,0,0.0,0.8887906256909132
15,6,csma,0.2,1.0,100,8,12,16,16.0,1335.2234828282833,1.0,16.0,47.02084704849682,115.0,nan,nan,nan,nan,0,0.0,0.9338114754098361
16,6,csma,0.2,0.74,74,8,7,13,13.0,1184.7048438356164,1.0,13.0,53.9312383322962,207.0,nan,nan,nan,nan,0,0.0,0.876944065484311
17,6,csma,0.2,0.94,94,7,10,15,15.0,1293.6390279569896,1.0,15.0,46.82305066946705,115.0,nan,nan,nan,nan,0,0.0,0.8244588744588744
18,6,csma,0.2,0.71,71,6,6,14,14.0,1226.0671942857143,1.0,14.0,40.37585266030014,201.0,nan,nan,nan,nan,0,0.0,0.8508415554265816
19,6,csma,0.2,0.79,79,8,9,13,13.0,1195.3391333333336,1.0,13.0,54.66039510818438,205.0,nan,nan,nan,nan,0,0.0,0.8365687303252886
20,6,csma,0.2,0.72,72,9,10,15,15.0,1286.255233802817,1.0,15.0,48.155080213903744,204.0,nan,nan,nan,nan,0,0.0,0.9233226837060703
21,6,csma,0.2,0.99,99,6,9,15,15.0,1285.730110204082,1.0,15.0,49.48008289201013,201.0,nan,nan,nan,nan,0,0.0,0.8938053097345132
22,6,csma,0.2,0.6,60,7,8,15,15.0,1283.668705084746,1.0,15.0,34.86626030835425,112.0,nan,nan,nan,nan,0,0.0,0.9284287616511319
23,6,csma,0.2,1.0,100,7,16,21,21.0,1603.0198424242428,1.0,21.0,60.06675906675907,121.0,nan,nan,nan,nan,0,0.0,0.8784496753246753
24,6,csma,0.2,0.89,89,10,7,16,16.0,1340.2667863636366,1.0,16.0,41.7727626459144,115.0,nan,nan,nan,nan,0,0.0,0.8624161073825504
25,6,csma,0.2,1.0,100,7,9,16,16.0,1343.828468686869,1.0,16.0,46.8026159334126,116.0,nan,nan,nan,nan,0,0.0,0.8482953399233407
26,6,csma,0.2,0.99,99,6,12,18,18.0,1428.7682938775513,1.0,18.0,43.67551813471503,117.0,nan,nan,nan,nan,0,0.0,0.9391727493917275
27,6,csma,0.2,0.94,94,7,11,18,18.0,1439.1533634408606,1.0,18.0,42.31242899341059,116.0,nan,nan,nan,nan,0,0.0,0.9275026343519495
28,6,csma,0.2,0.97,97,7,17,21,21.0,1590.422504166667,1.0,21.0,35.1022454763462,115.0,nan,nan,nan,nan,0,0.0,0.955824130027089
29,6,csma,0.2,0.98,98,9,9,15,15.0,1288.3054474226806,1.0,15.0,53.13228271251194,205.0,nan,nan,nan,nan,0,0.0,0.8645747316267548
30,6,csma,0.2,0.91,91,8,9,15,15.0,1281.0832133333338,1.0,15.0,52.84735516372796,204.0,nan,nan,nan,nan,0,0.0,0.883793410507569
31,6,csma,0.2,0.66,66,6,8,14,14.0,1239.726307692308,1.0,14.0,50.218113975576664,201.0,nan,nan,nan,nan,0,0.0,0.9343898573692552
32,6,csma,0.2,0.73,73,8,8,13,13.0,1189.3746833333337,1.0,13.0,50.26040626040626,205.0,nan,nan,nan,nan,0,0.0,0.8341666666666666
33,6,csma,0.2,0.97,97,9,7,15,15.0,1283.8414458333334,1.0,15.0,44.22818791946309,115.0,nan,nan,nan,nan,0,0.0,0.863768115942029
34,6,csma,0.2,0.98,98,8,9,16,16.0,1331.0313113402062,1.0,16.0,42.702926941691636,115.0,nan,nan,nan,nan,0,0.0,0.8665867785100859
35,6,csma,0.2,0.95,95,7,8,15,15.0,1276.6739148936172,1.0,15.0,48.477036695130394,115.0,nan,nan,nan,nan,0,0.0,0.9187871077184054
36,6,csma,0.2,0.81,81,6,9,14,14.0,1233.5755050000002,1.0,14.0,46.00403225806452,114.0,nan,nan,nan,nan,0,0.0,0.8879795396419438
37,6,csma,0.2,0.87,87,11,10,15,15.0,1283.1859255813956,1.0,15.0,49.494773519163765,205.0,nan,nan,nan,nan,0,0.0,0.8782956685499058
38,6,csma,0.2,0.81,81,6,9,16,16.0,1340.6398600000002,1.0,16.0,37.62444690265487,114.0,nan,nan,nan,nan,0,0.0,0.9186991869918699
39,6,csma,0.2,0.95,95,8,11,15,15.0,1284.0522,1.0,15.0,49.06916890080429,201.0,nan,nan,nan,nan,0,0.0,0.8059636992221262
0,8,rand_st_A,0.2,1.0,100,10,9,16,15.0,567.3728404040404,0.09209966329966329,1.3814949494949493,237.04728789986092,404.0,59.232,99.0,0.0,1.0,0,0.0,1.0
1,8,rand_st_A,0.2,0.93,93,9,9,19,17.0,565.3829739130437,0.0799386189258312,1.3589565217391302,199.4625212947189,305.0,56.976,92.0,0.0,1.0,0,0.0,1.0
2,8,rand_st_A,0.2,0.97,97,9,11,17,14.0,566.4816791666667,0.09703869047619049,1.3585416666666665,159.21189055749846,307.0,55.58,96.0,0.0,1.0,0,0.0,1.0
3,8,rand_st_A,0.2,0.98,98,8,9,17,17.0,565.1626556701032,0.07921892055791388,1.3467216494845362,144.73186055938388,208.0,58.368,97.0,0.0,1.0,0,0.0,1.0
4,8,rand_st_A,0.2,0.93,93,8,9,18,20.0,567.0728521739131,0.06876086956521739,1.3752173913043477,150.04933128699847,306.0,54.48,92.0,0.0,1.0,0,0.0,1.0
5,8,rand_st_A,0.2,1.0,100,7,7,16,14.0,565.3383878787879,0.09635497835497836,1.3489696969696967,118.35292925197649,208.0,59.452,99.0,0.0,1.0,0,0.0,1.0
6,8,rand_st_A,0.2,0.97,97,10,8,18,16.0,563.0833541666667,0.0819140625,1.310625,172.4845640383813,502.0,58.18,96.0,0.0,1.0,0,0.0,1.0
7,8,rand_st_A,0.2,1.0,100,9,10,16,16.0,562.5163555555557,0.08136868686868687,1.30189898989899,142.20144181256435,304.0,61.112,99.0,0.0,1.0,0,0.0,1.0
8,8,rand_st_A,0.2,1.0,100,13,9,17,16.0,559.7990909090909,0.07798737373737373,1.2477979797979797,136.74266503667482,304.0,61.468,99.0,0.0,1.0,0,0.0,1.0
9,8,rand_st_A,0.2,1.0,100,13,6,17,17.0,558.6735111111111,0.07288413547237077,1.2390303030303031,90.93919457735247,208.0,62.336,99.0,0.0,1.0,0,0.0,1.0
10,8,rand_st_A,0.2,0.98,98,9,10,20,18.0,562.6305195876289,0.07258419243986253,1.3065154639175258,199.76873706004142,503.0,60.268,97.0,0.0,1.0,0,0.0,1.0
11,8,rand_st_A,0.2,0.98,98,9,6,18,17.0,561.1765855670103,0.07569678593086718,1.2868453608247423,128.28046501972182,212.0,60.176,97.0,0.0,1.0,0,0.0,1.0
12,8,rand_st_A,0.2,1.0,100,7,7,19,16.0,563.181696969697,0.08209090909090908,1.3134545454545452,161.55472986543484,306.0,60.968,99.0,0.0,1.0,0,0.0,1.0
13,8,rand_st_A,0.2,1.0,100,10,10,18,17.0,562.7732363636363,0.07613547237076648,1.2943030303030303,149.36213734084743,313.0,59.864,99.0,0.0,1.0,0,0.0,1.0
14,8,rand_st_A,0.2,0.87,87,9,10,15,18.0,562.4711069767443,0.07173126614987078,1.2911627906976744,163.65710351159055,406.0,51.96,86.0,0.0,1.0,0,0.0,1.0
15,8,rand_st_A,0.2,0.99,99,6,11,20,16.0,566.9118163265307,0.08491071428571428,1.3585714285714285,221.78254707430654,509.0,56.86,98.0,0.0,1.0,0,0.0,1.0
16,8,rand_st_A,0.2,0.98,98,10,6,18,16.0,560.2251051546391,0.07957216494845361,1.2731546391752577,97.59853095487932,205.0,60.504,97.0,0.0,1.0,0,0.0,1.0
17,8,rand_st_A,0.2,1.0,100,11,8,16,16.0,562.3974303030303,0.08058080808080809,1.2892929292929294,130.58171006766455,307.0,59.36,99.0,0.0,1.0,0,0.0,1.0
18,8,rand_st_A,0.2,0.99,99,9,9,16,17.0,562.8408693877552,0.07656902761104441,1.3016734693877552,190.99918166939443,403.0,59.436,98.0,0.0,1.0,0,0.0,1.0
19,8,rand_st_A,0.2,0.96,96,11,8,18,17.0,560.7265094736842,0.07453622291021672,1.2671157894736844,118.88816480975404,303.0,58.624,95.0,0.0,1.0,0,0.0,1.0
20,8,rand_st_A,0.2,0.97,97,10,8,17,17.0,559.4931250000001,0.07392647058823529,1.25675,119.83403010033445,308.0,61.352,96.0,0.0,1.0,0,0.0,1.0
21,8,rand_st_A,0.2,1.0,100,7,8,16,14.0,564.6244161616162,0.0955007215007215,1.337010101010101,170.80331800919447,305.0,59.636,99.0,0.0,1.0,0,0.0,1.0
22,8,rand_st_A,0.2,1.0,100,9,11,18,15.0,566.937381818182,0.09150168350168351,1.3725252525252525,199.11131203536266,407.0,59.12,99.0,0.0,1.0,0,0.0,1.0
23,8,rand_st_A,0.2,0.99,99,8,7,18,15.0,563.7745836734695,0.08821496598639456,1.3232244897959182,150.5159090909091,303.0,59.324,98.0,0.0,1.0,0,0.0,1.0
24,8,rand_st_A,0.2,1.0,100,7,8,18,17.0,563.0534101010103,0.07730718954248365,1.3142222222222222,131.7682065765584,304.0,60.892,99.0,0.0,1.0,0,0.0,1.0
25,8,rand_st_A,0.2,0.99,99,10,7,18,16.0,565.5812000000002,0.08493877551020408,1.3590204081632653,176.14726649182973,307.0,59.816,98.0,0.0,1.0,0,0.0,1.0
26,8,rand_st_A,0.2,0.89,89,11,7,18,16.0,561.6600000000001,0.08085227272727273,1.2936363636363637,153.25679893000446,304.0,54.16,88.0,0.0,1.0,0,0.0,1.0
27,8,rand_st_A,0.2,1.0,100,12,6,18,15.0,561.8384121212122,0.08534141414141415,1.280121212121212,154.2614,312.0,59.268,99.0,0.0,1.0,0,0.0,1.0
28,8,rand_st_A,0.2,0.98,98,9,8,18,15.0,560.498437113402,0.08517113402061856,1.2775670103092784,139.95776679027605,212.0,61.076,97.0,0.0,1.0,0,0.0,1.0
29,8,rand_st_A,0.2,0.92,92,8,6,19,17.0,563.2394593406594,0.07786683904330963,1.323736263736264,134.64666368114644,206.0,56.54,91.0,0.0,1.0,0,0.0,1.0
30,8,rand_st_A,0.2,0.99,99,10,8,18,17.0,560.9763714285714,0.07513325330132051,1.2772653061224486,141.39452495974234,304.0,60.828,98.0,0.0,1.0,0,0.0,1.0
31,8,rand_st_A,0.2,0.8,80,10,6,18,16.0,558.5854683544305,0.07734177215189873,1.2374683544303797,123.55124223602485,213.0,50.24,79.0,0.0,1.0,0,0.0,1.0
32,8,rand_st_A,0.2,1.0,100,7,7,20,17.0,563.9372161616161,0.07831016042780749,1.3312727272727274,184.70545680033072,309.0,61.204,99.0,0.0,1.0,0,0.0,1.0
33,8,rand_st_A,0.2,1.0,100,11,13,18,18.0,566.3501090909091,0.07495398428731763,1.3491717171717172,218.7701012507445,602.0,57.432,99.0,0.0,1.0,0,0.0,1.0
34,8,rand_st_A,0.2,1.0,100,8,8,16,14.0,569.2749616161616,0.10022222222222223,1.403111111111111,194.04034810126583,305.0,57.092,99.0,0.0,1.0,0,0.0,1.0
35,8,rand_st_A,0.2,0.96,96,11,7,18,16.0,561.8408968421053,0.08021315789473683,1.2834105263157893,121.34497090606817,402.0,57.076,95.0,0.0,1.0,0,0.0,1.0
36,8,rand_st_A,0.2,1.0,100,10,10,17,15.0,567.0095232323232,0.09167676767676768,1.375151515151515,195.28556722256536,406.0,58.86,99.0,0.0,1.0,0,0.0,1.0
37,8,rand_st_A,0.2,1.0,100,9,7,17,19.0,562.6967878787879,0.0685826687931951,1.3030707070707068,132.52671598849156,213.0,60.996,99.0,0.0,1.0,0,0.0,1.0
38,8,rand_st_A,0.2,0.78,78,9,9,19,13.0,564.9813610389609,0.10324075924075923,1.34212987012987,235.45812679363422,507.0,46.656,77.0,0.0,1.0,0,0.0,1.0
39,8,rand_st_A,0.2,0.78,78,8,7,16,17.0,562.0841298701299,0.0758533231474408,1.2895064935064933,155.08025974025975,306.0,46.708,77.0,0.0,1.0,0,0.0,1.0
0,8,rand_st,0.2,1.0,100,10,9,16,13.0,567.5413414141415,0.10641802641802642,1.3834343434343435,226.41744486389828,404.0,59.04,99.0,0.0,1.0,0,0.0,1.0
1,8,rand_st,0.2,0.93,93,9,9,19,16.0,565.2824782608697,0.0848641304347826,1.3578260869565215,198.8236797274276,305.0,57.08,92.0,0.0,1.0,0,0.0,1.0
2,8,rand_st,0.2,0.97,97,9,11,17,13.0,566.46855,0.10449358974358976,1.3584166666666666,159.0654186381403,311.0,55.592,96.0,0.0,1.0,0,0.0,1.0
3,8,rand_st,0.2,0.98,98,8,9,17,14.0,565.1589896907216,0.09619145802650957,1.346680412371134,141.8486015403324,303.0,58.372,97.0,0.0,1.0,0,0.0,1.0
4,8,rand_st,0.2,0.93,93,8,9,18,16.0,566.9744608695653,0.08588043478260869,1.374086956521739,146.31221223415918,302.0,54.584,92.0,0.0,1.0,0,0.0,1.0
5,8,rand_st,0.2,1.0,100,7,7,16,12.0,565.3455717171717,0.11242087542087544,1.349050505050505,110.07419420231096,209.0,59.444,99.0,0.0,1.0,0,0.0,1.0
6,8,rand_st,0.2,0.97,97,10,8,18,13.0,563.0591125000001,0.10079807692307692,1.310375,170.74030037546933,502.0,58.204,96.0,0.0,1.0,0,0.0,1.0
7,8,rand_st,0.2,1.0,100,9,10,16,14.0,562.488597979798,0.09296969696969697,1.3015757575757576,146.83295571575695,304.0,61.144,99.0,0.0,1.0,0,0.0,1.0
8,8,rand_st,0.2,1.0,100,13,9,17,16.0,559.9068484848485,0.07806313131313132,1.2490101010101011,146.40036674816625,313.0,61.348,99.0,0.0,1.0,0,0.0,1.0
9,8,rand_st,0.2,1.0,100,13,6,17,16.0,558.6232242424244,0.07740404040404042,1.2384646464646467,98.6694577352472,210.0,62.392,99.0,0.0,1.0,0,0.0,1.0
10,8,rand_st,0.2,0.98,98,9,10,20,16.0,562.6711711340207,0.08168298969072164,1.3069278350515463,176.67432712215322,404.0,60.228,97.0,0.0,1.0,0,0.0,1.0
11,8,rand_st,0.2,0.98,98,9,6,18,14.0,561.2552412371135,0.0919823269513991,1.2877525773195875,123.1453186630683,209.0,60.088,97.0,0.0,1.0,0,0.0,1.0
12,8,rand_st,0.2,1.0,100,7,7,19,15.0,563.1960646464646,0.08757441077441078,1.3136161616161615,163.19401486242216,306.0,60.952,99.0,0.0,1.0,0,0.0,1.0
13,8,rand_st,0.2,1.0,100,10,10,18,15.0,562.7634383838384,0.08627878787878789,1.2941818181818183,149.90482154038824,313.0,59.876,99.0,0.0,1.0,0,0.0,1.0
14,8,rand_st,0.2,0.87,87,9,10,15,14.0,562.4699813953489,0.09222591362126246,1.2911627906976744,153.91898095019508,407.0,51.96,86.0,0.0,1.0,0,0.0,1.0
15,8,rand_st,0.2,0.99,99,6,11,20,13.0,566.8973020408164,0.10449293563579277,1.358408163265306,219.42518728487548,508.0,56.876,98.0,0.0,1.0,0,0.0,1.0
16,8,rand_st,0.2,0.98,98,10,6,18,14.0,560.2304206185566,0.09093667157584684,1.2731134020618555,89.67471143756558,204.0,60.508,97.0,0.0,1.0,0,0.0,1.0
17,8,rand_st,0.2,1.0,100,11,8,16,15.0,562.351393939394,0.08592053872053873,1.2888080808080808,144.59995899118312,307.0,59.408,99.0,0.0,1.0,0,0.0,1.0
18,8,rand_st,0.2,0.99,99,9,9,16,15.0,562.9134408163266,0.0868326530612245,1.3024897959183672,180.74243044189853,403.0,59.356,98.0,0.0,1.0,0,0.0,1.0
19,8,rand_st,0.2,0.96,96,11,8,18,14.0,560.6696757894738,0.09046015037593987,1.2664421052631578,108.27580407820055,212.0,58.688,95.0,0.0,1.0,0,0.0,1.0
20,8,rand_st,0.2,0.97,97,10,8,17,14.0,559.4709,0.08975,1.2565,109.69544314381271,307.0,61.376,96.0,0.0,1.0,0,0.0,1.0
21,8,rand_st,0.2,1.0,100,7,8,16,12.0,564.6195272727274,0.1114175084175084,1.3370101010101012,166.5328802718369,305.0,59.636,99.0,0.0,1.0,0,0.0,1.0
22,8,rand_st,0.2,1.0,100,9,11,18,13.0,566.9481575757576,0.1055881895881896,1.3726464646464647,194.6077958609604,407.0,59.108,99.0,0.0,1.0,0,0.0,1.0
23,8,rand_st,0.2,0.99,99,8,7,18,13.0,563.7782122448981,0.10178963893249607,1.3232653061224489,163.725826446281,306.0,59.32,98.0,0.0,1.0,0,0.0,1.0
24,8,rand_st,0.2,1.0,100,7,8,18,15.0,562.9472888888889,0.08753670033670033,1.313050505050505,111.45249142626588,211.0,61.008,99.0,0.0,1.0,0,0.0,1.0
25,8,rand_st,0.2,0.99,99,10,7,18,15.0,565.6646571428572,0.09066394557823128,1.3599591836734695,151.58805729271737,304.0,59.724,98.0,0.0,1.0,0,0.0,1.0
26,8,rand_st,0.2,0.89,89,11,7,18,16.0,561.6985681818182,0.0808778409090909,1.2940454545454545,130.1103432902363,204.0,54.124,88.0,0.0,1.0,0,0.0,1.0
27,8,rand_st,0.2,1.0,100,12,6,18,13.0,561.9135232323233,0.09853923853923854,1.2810101010101012,165.1732,312.0,59.18,99.0,0.0,1.0,0,0.0,1.0
28,8,rand_st,0.2,0.98,98,9,8,18,14.0,560.3481113402063,0.09112518409425627,1.2757525773195875,117.19200659250103,208.0,61.252,97.0,0.0,1.0,0,0.0,1.0
29,8,rand_st,0.2,0.92,92,8,6,19,16.0,563.2376791208792,0.08273076923076925,1.323692307692308,163.85356023287056,303.0,56.544,91.0,0.0,1.0,0,0.0,1.0
30,8,rand_st,0.2,0.99,99,10,8,18,16.0,561.0476326530613,0.07988265306122448,1.2781224489795917,137.3486312399356,304.0,60.744,98.0,0.0,1.0,0,0.0,1.0
31,8,rand_st,0.2,0.8,80,10,6,18,13.0,558.5924202531646,0.09519376825705939,1.237518987341772,117.16589026915113,210.0,50.236,79.0,0.0,1.0,0,0.0,1.0
32,8,rand_st,0.2,1.0,100,7,7,20,17.0,563.9408080808081,0.07831253713606656,1.3313131313131314,181.85861926415873,302.0,61.2,99.0,0.0,1.0,0,0.0,1.0
33,8,rand_st,0.2,1.0,100,11,13,18,14.0,566.4209696969697,0.09642712842712842,1.3499797979797976,243.1083978558666,702.0,57.352,99.0,0.0,1.0,0,0.0,1.0
34,8,rand_st,0.2,1.0,100,8,8,16,12.0,569.3288404040404,0.11697643097643097,1.403717171717172,194.36036392405063,307.0,57.032,99.0,0.0,1.0,0,0.0,1.0
35,8,rand_st,0.2,0.96,96,11,7,18,14.0,561.8480505263158,0.09168120300751881,1.283536842105263,145.32772236076477,401.0,57.064,95.0,0.0,1.0,0,0.0,1.0
36,8,rand_st,0.2,1.0,100,10,10,17,14.0,566.9269090909091,0.09815873015873015,1.3742222222222222,183.11982705373688,308.0,58.952,99.0,0.0,1.0,0,0.0,1.0
37,8,rand_st,0.2,1.0,100,9,7,17,16.0,562.8179353535354,0.08152777777777777,1.3044444444444443,123.58055898068228,213.0,60.86,99.0,0.0,1.0,0,0.0,1.0
38,8,rand_st,0.2,0.78,78,9,9,19,13.0,564.9616311688311,0.10322477522477522,1.3419220779220782,144.64101226193583,312.0,46.672,77.0,0.0,1.0,0,0.0,1.0
39,8,rand_st,0.2,0.78,78,8,7,16,14.0,562.0207324675325,0.09205565862708721,1.2887792207792206,161.24441558441558,304.0,46.764,77.0,0.0,1.0,0,0.0,1.0
0,8,rand_dt,0.2,1.0,100,10,9,16,13.836,564.7222020202021,0.09782127502127502,1.350909090909091,221.26768796613587,501.0,62.26,99.0,0.0,1.0,0,0.0,1.0
1,8,rand_dt,0.2,0.93,93,9,9,19,16.356,562.9379652173915,0.08145639741403808,1.3309565217391306,211.05706102665786,405.0,59.552,92.0,0.0,1.0,0,0.0,1.0
2,8,rand_dt,0.2,0.97,97,9,11,17,12.616,562.6895541666668,0.10441536935286935,1.3134583333333332,179.2936457673633,407.0,59.908,96.0,0.0,1.0,0,0.0,1.0
3,8,rand_dt,0.2,0.98,98,8,9,17,14.0,562.3919463917525,0.09387039764359352,1.314185567010309,163.60199714693294,402.0,61.524,97.0,0.0,1.0,0,0.0,1.0
4,8,rand_dt,0.2,0.93,93,8,9,18,15.924,563.8616913043479,0.0842097821012463,1.337782608695652,169.68862675272646,408.0,57.924,92.0,0.0,1.0,0,0.0,1.0
5,8,rand_dt,0.2,1.0,100,7,7,16,12.892,564.2106626262627,0.10387068487068486,1.335151515151515,170.3357734540551,313.0,60.82,99.0,0.0,1.0,0,0.0,1.0
6,8,rand_dt,0.2,0.97,97,10,8,18,13.464,560.4526916666666,0.09521786477411477,1.2788333333333333,174.11676835682727,407.0,61.232,96.0,0.0,1.0,0,0.0,1.0
7,8,rand_dt,0.2,1.0,100,9,10,16,14.128,560.3116727272728,0.09054015059015061,1.2757575757575754,182.06658420944134,407.0,63.7,99.0,0.0,1.0,0,0.0,1.0
8,8,rand_dt,0.2,1.0,100,13,9,17,16.396,557.7679191919193,0.07479355647983099,1.2243232323232323,163.8538259640622,405.0,63.792,99.0,0.0,1.0,0,0.0,1.0
9,8,rand_dt,0.2,1.0,100,13,6,17,14.22,557.1688727272729,0.08604152753564517,1.2204444444444444,106.94899781702719,214.0,64.176,99.0,0.0,1.0,0,0.0,1.0
10,8,rand_dt,0.2,0.98,98,9,10,20,16.312,561.1606639175258,0.07912084942495719,1.2891958762886597,197.18957055214725,510.0,61.948,97.0,0.0,1.0,0,0.0,1.0
11,8,rand_dt,0.2,0.98,98,9,6,18,14.948,558.8812494845362,0.08438480397710234,1.2584329896907216,124.57214765100672,306.0,62.932,97.0,0.0,1.0,0,0.0,1.0
12,8,rand_dt,0.2,1.0,100,7,7,19,15.0,560.6827959595961,0.0855973063973064,1.283959595959596,168.79565746753246,312.0,63.888,99.0,0.0,1.0,0,0.0,1.0
13,8,rand_dt,0.2,1.0,100,10,10,18,14.648,560.2188808080808,0.0864893684746626,1.2645252525252526,202.95265660533389,413.0,62.812,99.0,0.0,1.0,0,0.0,1.0
14,8,rand_dt,0.2,0.87,87,9,10,15,13.052,559.7408418604653,0.09684296788482834,1.2597674418604652,161.4593181818182,408.0,54.66,86.0,0.0,1.0,0,0.0,1.0
15,8,rand_dt,0.2,0.99,99,6,11,20,12.656,563.3889551020409,0.10442064737983105,1.3178775510204082,271.11354705274044,606.0,60.848,98.0,0.0,1.0,0,0.0,1.0
16,8,rand_dt,0.2,0.98,98,10,6,18,13.972,558.2983835051547,0.08963059363317094,1.2489896907216493,118.15130616509927,306.0,62.848,97.0,0.0,1.0,0,0.0,1.0
17,8,rand_dt,0.2,1.0,100,11,8,16,13.576,560.1521575757575,0.09318926998926999,1.2621010101010102,160.72240128928283,403.0,62.052,99.0,0.0,1.0,0,0.0,1.0
18,8,rand_dt,0.2,0.99,99,9,9,16,14.624,560.6997469387755,0.08743556708397646,1.276,175.179786797868,408.0,61.952,98.0,0.0,1.0,0,0.0,1.0
19,8,rand_dt,0.2,0.96,96,11,8,18,14.652,558.5521473684211,0.08491941947629254,1.2410526315789474,138.88619957537156,310.0,61.1,95.0,0.0,1.0,0,0.0,1.0
20,8,rand_dt,0.2,0.97,97,10,8,17,14.444,557.5314166666667,0.0855313988095238,1.2335833333333333,153.64117771658547,403.0,63.576,96.0,0.0,1.0,0,0.0,1.0
21,8,rand_dt,0.2,1.0,100,7,8,16,12.32,562.2348282828283,0.10646483819211092,1.3082828282828283,169.2543017206883,403.0,62.48,99.0,0.0,1.0,0,0.0,1.0
22,8,rand_dt,0.2,1.0,100,9,11,18,13.024,564.0050181818182,0.10304491064491064,1.3392323232323233,216.6796370967742,506.0,62.416,99.0,0.0,1.0,0,0.0,1.0
23,8,rand_dt,0.2,0.99,99,8,7,18,13.264,561.3390816326531,0.09764280481423339,1.2934285714285716,177.61903770047905,402.0,62.244,98.0,0.0,1.0,0,0.0,1.0
24,8,rand_dt,0.2,1.0,100,7,8,18,14.768,561.0093454545456,0.08754283733695499,1.2896565656565655,143.15795819935693,309.0,63.324,99.0,0.0,1.0,0,0.0,1.0
25,8,rand_dt,0.2,0.99,99,10,7,18,14.44,563.4817877551021,0.0925575315840622,1.3346938775510204,155.93880837359097,313.0,62.2,98.0,0.0,1.0,0,0.0,1.0
26,8,rand_dt,0.2,0.89,89,11,7,18,16.132,559.5197045454546,0.07856205436720143,1.2668636363636365,138.3011401743796,304.0,56.516,88.0,0.0,1.0,0,0.0,1.0
27,8,rand_dt,0.2,1.0,100,12,6,18,12.544,559.4790545454547,0.09993282273282274,1.250909090909091,153.19230769230768,312.0,62.16,99.0,0.0,1.0,0,0.0,1.0
28,8,rand_dt,0.2,0.98,98,9,8,18,13.92,558.583855670103,0.09026691779011367,1.2543917525773194,134.99542999584546,310.0,63.324,97.0,0.0,1.0,0,0.0,1.0
29,8,rand_dt,0.2,0.92,92,8,6,19,15.02,561.5539384615386,0.08693422138086004,1.3033406593406593,167.56005308560054,307.0,58.396,91.0,0.0,1.0,0,0.0,1.0
30,8,rand_dt,0.2,0.99,99,10,8,18,16.016,558.7395551020409,0.0780720454848606,1.250326530612245,157.41675137223012,403.0,63.468,98.0,0.0,1.0,0,0.0,1.0
31,8,rand_dt,0.2,0.8,80,10,6,18,13.372,556.542465822785,0.09092469977280103,1.213012658227848,145.16793692509856,309.0,52.172,79.0,0.0,1.0,0,0.0,1.0
32,8,rand_dt,0.2,1.0,100,7,7,20,16.184,562.049701010101,0.08094939591998414,1.3092929292929294,172.37818181818182,402.0,63.38,99.0,0.0,1.0,0,0.0,1.0
33,8,rand_dt,0.2,1.0,100,11,13,18,14.516,562.3981171717173,0.08994427609427609,1.3033535353535353,231.94237012987014,607.0,61.968,99.0,0.0,1.0,0,0.0,1.0
34,8,rand_dt,0.2,1.0,100,8,8,16,11.844,566.8020040404041,0.11638202874566511,1.3747878787878787,224.0514705882353,407.0,59.896,99.0,0.0,1.0,0,0.0,1.0
35,8,rand_dt,0.2,0.96,96,11,7,18,13.7,560.0263747368423,0.09224971659919029,1.2602947368421051,140.62579847517,312.0,59.272,95.0,0.0,1.0,0,0.0,1.0
36,8,rand_dt,0.2,1.0,100,10,10,17,13.812,564.6755313131315,0.09776786361786363,1.3475555555555556,228.1827452580053,501.0,61.592,99.0,0.0,1.0,0,0.0,1.0
37,8,rand_dt,0.2,1.0,100,9,7,17,15.792,560.4729696969697,0.08104521357364496,1.2774949494949495,166.9676163148186,401.0,63.528,99.0,0.0,1.0,0,0.0,1.0
38,8,rand_dt,0.2,0.78,78,9,9,19,13.104,562.2862649350651,0.1000784929356358,1.3107532467532468,228.3196335078534,508.0,49.072,77.0,0.0,1.0,0,0.0,1.0
39,8,rand_dt,0.2,0.78,78,8,7,16,12.416,560.0248,0.1019782511860434,1.2635844155844156,157.1307531380753,402.0,48.704,77.0,0.0,1.0,0,0.0,1.0
0,8,static,0.2,1.0,100,10,9,16,16.0,567.5821494949495,0.08648989898989899,1.3838383838383839,15.439270853972657,16.0,59.0,99.0,0.0,1.0,0,0.0,1.0
1,8,static,0.2,0.93,93,9,9,19,19.0,565.5105260869566,0.0715995423340961,1.360391304347826,17.99003181336161,19.0,56.844,92.0,0.0,1.0,0,0.0,1.0
2,8,static,0.2,0.97,97,9,11,17,17.0,566.1362041666666,0.07969362745098038,1.3547916666666668,13.706620065789474,17.0,55.94,96.0,0.0,1.0,0,0.0,1.0
3,8,static,0.2,0.98,98,8,9,17,17.0,564.9350391752578,0.07907095209217707,1.3442061855670104,15.619712608783647,17.0,58.612,97.0,0.0,1.0,0,0.0,1.0
4,8,static,0.2,0.93,93,8,9,18,18.0,566.8163304347827,0.07623671497584542,1.3722608695652174,16.791703248463566,18.0,54.752,92.0,0.0,1.0,0,0.0,1.0
5,8,static,0.2,1.0,100,7,7,16,16.0,565.2019151515153,0.08422222222222223,1.3475555555555556,13.946761133603239,16.0,59.592,99.0,0.0,1.0,0,0.0,1.0
6,8,static,0.2,0.97,97,10,8,18,18.0,563.1267958333334,0.07284027777777778,1.311125,14.99771167048055,18.0,58.132,96.0,0.0,1.0,0,0.0,1.0
7,8,static,0.2,1.0,100,9,10,16,16.0,562.5500404040404,0.08141161616161617,1.3025858585858587,14.628471507920182,16.0,61.044,99.0,0.0,1.0,0,0.0,1.0
8,8,static,0.2,1.0,100,13,9,17,17.0,559.8379838383838,0.07343790849673201,1.2484444444444442,14.50122199592668,17.0,61.404,99.0,0.0,1.0,0,0.0,1.0
9,8,static,0.2,1.0,100,13,6,17,17.0,558.4772727272729,0.0727581699346405,1.236888888888889,14.277412935323383,17.0,62.548,99.0,0.0,1.0,0,0.0,1.0
10,8,static,0.2,0.98,98,9,10,20,20.0,562.5961608247421,0.06529690721649482,1.305938144329897,16.628541882109616,20.0,60.324,97.0,0.0,1.0,0,0.0,1.0
11,8,static,0.2,0.98,98,9,6,18,18.0,561.2951793814433,0.07154868270332188,1.2878762886597939,14.411372630701937,18.0,60.076,97.0,0.0,1.0,0,0.0,1.0
12,8,static,0.2,1.0,100,7,7,19,19.0,563.0997212121213,0.06907602339181287,1.3124444444444443,17.58098307816277,19.0,61.068,99.0,0.0,1.0,0,0.0,1.0
13,8,static,0.2,1.0,100,10,10,18,18.0,563.1203555555556,0.07212570145903478,1.2982626262626262,15.758563074352548,18.0,59.472,99.0,0.0,1.0,0,0.0,1.0
14,8,static,0.2,0.87,87,9,10,15,15.0,561.5851395348839,0.08542325581395349,1.2813488372093025,13.210791037951532,15.0,52.804,86.0,0.0,1.0,0,0.0,1.0
15,8,static,0.2,0.99,99,6,11,20,20.0,566.5044285714287,0.06769999999999998,1.354,18.039854339469958,20.0,57.308,98.0,0.0,1.0,0,0.0,1.0
16,8,static,0.2,0.98,98,10,6,18,18.0,560.1168371134021,0.07067812142038946,1.2722061855670102,14.793002304630212,18.0,60.596,97.0,0.0,1.0,0,0.0,1.0
17,8,static,0.2,1.0,100,11,8,16,16.0,562.4235717171717,0.08060606060606061,1.2896969696969698,14.07749077490775,16.0,59.32,99.0,0.0,1.0,0,0.0,1.0
18,8,static,0.2,0.99,99,9,9,16,16.0,563.0948693877551,0.08153316326530612,1.3045306122448979,14.015996718621821,16.0,59.156,98.0,0.0,1.0,0,0.0,1.0
19,8,static,0.2,0.96,96,11,8,18,18.0,560.9218400000001,0.07051929824561404,1.2693473684210526,14.663297536323437,18.0,58.412,95.0,0.0,1.0,0,0.0,1.0
20,8,static,0.2,0.97,97,10,8,17,17.0,559.1220500000001,0.07368627450980392,1.2526666666666666,14.80973358506398,17.0,61.744,96.0,0.0,1.0,0,0.0,1.0
21,8,static,0.2,1.0,100,7,8,16,16.0,564.8183595959597,0.08369191919191919,1.339070707070707,14.265643682742128,16.0,59.432,99.0,0.0,1.0,0,0.0,1.0
22,8,static,0.2,1.0,100,9,11,18,18.0,566.7653090909092,0.07614814814814816,1.3706666666666665,17.249698189134808,18.0,59.304,99.0,0.0,1.0,0,0.0,1.0
23,8,static,0.2,0.99,99,8,7,18,18.0,563.9468,0.0736281179138322,1.3253061224489795,15.608641720074427,18.0,59.12,98.0,0.0,1.0,0,0.0,1.0
24,8,static,0.2,1.0,100,7,8,18,18.0,563.127183838384,0.07305050505050505,1.3149090909090908,14.907295445384925,18.0,60.824,99.0,0.0,1.0,0,0.0,1.0
25,8,static,0.2,0.99,99,10,7,18,18.0,565.676530612245,0.07556009070294784,1.3600816326530611,16.453008653652645,18.0,59.712,98.0,0.0,1.0,0,0.0,1.0
26,8,static,0.2,0.89,89,11,7,18,18.0,561.7282681818183,0.07189141414141414,1.2940454545454545,15.91677792612372,18.0,54.124,88.0,0.0,1.0,0,0.0,1.0
27,8,static,0.2,1.0,100,12,6,18,18.0,561.3894424242425,0.07084399551066217,1.2751919191919192,14.409793297210516,18.0,59.756,99.0,0.0,1.0,0,0.0,1.0
28,8,static,0.2,0.98,98,9,8,18,18.0,560.4658927835052,0.07099427262313858,1.2778969072164947,15.207886044591246,18.0,61.044,97.0,0.0,1.0,0,0.0,1.0
29,8,static,0.2,0.92,92,8,6,19,19.0,563.3616835164835,0.06974898785425102,1.325230769230769,14.909823226672634,19.0,56.404,91.0,0.0,1.0,0,0.0,1.0
30,8,static,0.2,0.99,99,10,8,18,18.0,561.3085265306123,0.07115873015873016,1.280857142857143,15.095631165693577,18.0,60.476,98.0,0.0,1.0,0,0.0,1.0
31,8,static,0.2,0.8,80,10,6,18,18.0,559.1988658227848,0.06913080168776373,1.2443544303797467,15.049638055842813,18.0,49.696,79.0,0.0,1.0,0,0.0,1.0
32,8,static,0.2,1.0,100,7,7,20,20.0,564.029288888889,0.06661212121212122,1.3322424242424242,16.53307151715585,20.0,61.108,99.0,0.0,1.0,0,0.0,1.0
33,8,static,0.2,1.0,100,11,13,18,18.0,566.3321494949495,0.07494276094276094,1.348969696969697,15.252084160381104,18.0,57.452,99.0,0.0,1.0,0,0.0,1.0
34,8,static,0.2,1.0,100,8,8,16,16.0,569.1815717171717,0.08762878787878788,1.402060606060606,14.811130846654825,16.0,57.196,99.0,0.0,1.0,0,0.0,1.0
35,8,static,0.2,0.96,96,11,7,18,18.0,562.3557894736842,0.07163508771929825,1.2894315789473683,15.318936877076412,18.0,56.504,95.0,0.0,1.0,0,0.0,1.0
36,8,static,0.2,1.0,100,10,10,17,17.0,566.6852727272728,0.08067736185383245,1.3715151515151516,15.052936311000828,17.0,59.22,99.0,0.0,1.0,0,0.0,1.0
37,8,static,0.2,1.0,100,9,7,17,17.0,562.9841616161617,0.07684848484848485,1.3064242424242425,15.357991803278688,17.0,60.664,99.0,0.0,1.0,0,0.0,1.0
38,8,static,0.2,0.78,78,9,9,19,19.0,564.5799896103896,0.0703978127136022,1.3375584415584414,16.657172720146328,19.0,47.008,77.0,0.0,1.0,0,0.0,1.0
39,8,static,0.2,0.78,78,8,7,16,16.0,561.9144363636365,0.08044480519480518,1.2871168831168829,13.268153526970954,16.0,46.892,77.0,0.0,1.0,0,0.0,1.0
0,8,bsps,0.2,1.0,100,10,9,16,14.388,553.6365131313131,0.07526525435348964,1.0817373737373737,41.675847037844264,115.0,33.196,71.144,0.44228538283062646,0.6935483870967742,0,0.27818506043193975,1.0
1,8,bsps,0.2,0.93,93,9,9,19,15.152,551.0540565217391,0.06932522827619576,1.0479565217391305,44.85323435843054,116.0,32.196,65.304,0.43954263935207244,0.684394506866417,0,0.30625662778366913,1.0
2,8,bsps,0.2,0.97,97,9,11,17,14.204,552.7038291666669,0.07526141012786233,1.0662916666666664,39.147615131578945,114.0,32.22,70.088,0.4427457730079984,0.688379795749379,0,0.2752878289473684,1.0
3,8,bsps,0.2,0.98,98,8,9,17,13.952,550.9736123711341,0.07473095238095237,1.0414845360824743,40.85893543817041,114.0,32.844,69.232,0.4435693188937617,0.6907039489820946,0,0.28577211090872295,1.0
4,8,bsps,0.2,0.93,93,8,9,18,15.52,552.6446217391305,0.06900508788242163,1.0693478260869564,42.47805092186128,116.0,31.484,66.432,0.4427371440278631,0.6826261467889908,0,0.28424056189640035,1.0
5,8,bsps,0.2,1.0,100,7,7,16,14.112,551.2364484848484,0.0742013505013505,1.046141414141414,40.5414979757085,114.0,33.724,70.944,0.4452916130309932,0.6962476033963297,0,0.2819838056680162,1.0
6,8,bsps,0.2,0.97,97,10,8,18,14.336,549.5393583333334,0.07114966590802987,1.018,40.734553775743706,114.0,33.024,68.76,0.44262458803555377,0.690928552314691,0,0.28832951945080093,1.0
7,8,bsps,0.2,1.0,100,9,10,16,13.604,548.9289131313132,0.07418713912350276,1.0085656565656567,40.51758897346225,114.0,34.472,70.24,0.44604253835425384,0.6943892750744787,0,0.28553795515326064,1.0
8,8,bsps,0.2,1.0,100,13,9,17,13.128,546.6439878787879,0.0739809912408843,0.968,39.34338085539715,113.0,34.844,69.872,0.4477437875661613,0.6973786659745653,0,0.2808553971486762,1.0
9,8,bsps,0.2,1.0,100,13,6,17,13.124,544.6940121212122,0.07184246124246124,0.9416161616161616,40.15024875621891,113.0,35.264,69.208,0.44384685505925253,0.6935483870967742,0,0.2953233830845771,1.0
10,8,bsps,0.2,0.98,98,9,10,20,15.856,548.7702474226805,0.06366905963381499,1.0061030927835053,43.082936918304036,117.0,33.592,68.252,0.44476198981870146,0.6935603256846781,0,0.2990692864529473,1.0
11,8,bsps,0.2,0.98,98,9,6,18,15.304,547.3490226804125,0.06465761900319207,0.9889896907216494,41.304936471568425,115.0,34.76,69.256,0.4447677146879399,0.6928478543563069,0,0.28993959591751717,1.0
12,8,bsps,0.2,1.0,100,7,7,19,15.044,549.2297050505051,0.06753419790086457,1.014707070707071,42.79955680902498,115.0,34.62,70.212,0.44303350970017635,0.6899038461538461,0,0.29411764705882354,1.0
13,8,bsps,0.2,1.0,100,10,10,18,14.832,550.2813616161617,0.06917503814268519,1.0238383838383838,42.34252297410192,115.0,34.192,71.372,0.44216540226655426,0.6798325922050745,0,0.29490392648287383,1.0
14,8,bsps,0.2,0.87,87,9,10,15,13.244,548.2534093023257,0.0753575945372457,0.9954883720930231,40.25285779606767,113.0,29.956,61.128,0.4434635984923626,0.6878407851690295,0,0.2910379515317787,1.0
15,8,bsps,0.2,0.99,99,6,11,20,17.34,553.6482040816327,0.062111119415956074,1.0746938775510204,43.29759255512847,118.0,32.276,71.092,0.4424055051361324,0.6900349180768197,0,0.27938498887315394,1.0
16,8,bsps,0.2,0.98,98,10,6,18,14.488,545.9737649484537,0.06695109790149208,0.9676701030927837,40.89231091556673,114.0,34.744,68.832,0.4432067028468057,0.682412596744062,0,0.2943641315734339,1.0
17,8,bsps,0.2,1.0,100,11,8,16,14.496,549.5743070707072,0.0699056314056314,1.0134545454545454,39.54551045510455,114.0,33.816,71.324,0.4456838021338506,0.6983739837398374,0,0.2726527265272653,1.0
18,8,bsps,0.2,0.99,99,9,9,16,14.08,550.0427755102041,0.07282536882885023,1.0232653061224488,38.91570959803117,114.0,33.84,70.576,0.44612653023081955,0.6993945775204001,0,0.2686628383921247,1.0
19,8,bsps,0.2,0.96,96,11,8,18,14.14,547.2441557894738,0.06942633667673916,0.9789894736842104,41.49547273110129,114.0,32.968,67.044,0.443763973947701,0.6900080797199031,0,0.2981680353758686,1.0
20,8,bsps,0.2,0.97,97,10,8,17,13.488,545.1797166666666,0.070934088174897,0.9509583333333333,42.157751206209355,114.0,34.168,66.328,0.44452119851480876,0.6939313984168866,0,0.30711139081183136,1.0
21,8,bsps,0.2,1.0,100,7,8,16,14.052,550.8632686868688,0.07405868205868206,1.0404040404040404,40.04543642885612,114.0,34.184,71.34,0.444201964090864,0.6911965113109839,0,0.27620565962534877,1.0
22,8,bsps,0.2,1.0,100,9,11,18,14.852,552.7759313131312,0.0720386239033298,1.0682424242424242,42.8374245472837,115.0,33.356,70.904,0.44300235977491376,0.6858362631843294,0,0.2887323943661972,1.0
23,8,bsps,0.2,0.99,99,8,7,18,14.7,550.4360326530613,0.07035752388867636,1.032734693877551,40.347942939838745,115.0,33.656,70.512,0.4467946328736489,0.695859872611465,0,0.2784783956998139,1.0
24,8,bsps,0.2,1.0,100,7,8,18,14.456,549.1526424242426,0.0706954242131651,1.0157171717171718,39.771664651350264,115.0,34.82,70.576,0.445420094278584,0.6993131518697533,0,0.279322853688029,1.0
25,8,bsps,0.2,0.99,99,10,7,18,15.38,551.2915877551021,0.0684862679870483,1.0520816326530613,42.203662708794525,116.0,34.4,70.252,0.4439440848109579,0.690445196563395,0,0.28416180317971423,1.0
26,8,bsps,0.2,0.89,89,11,7,18,14.62,547.3696863636364,0.06757970718007482,0.9858636363636365,42.22051624388073,115.0,30.552,62.188,0.4422798726974636,0.6923473331615563,0,0.29728526924788606,1.0
27,8,bsps,0.2,1.0,100,12,6,18,14.36,548.9630545454547,0.07002849070121797,1.0041212121212122,38.87818583182822,114.0,33.92,71.416,0.445254192642023,0.6981269764047677,0,0.27533614288581176,1.0
28,8,bsps,0.2,0.98,98,9,8,18,13.876,546.4480783505155,0.07039699304132294,0.9737319587628867,41.75701899256813,114.0,34.348,68.2,0.4447918527782741,0.6960059171597633,0,0.3014037985136251,1.0
29,8,bsps,0.2,0.92,92,8,6,19,14.684,548.6544175824176,0.06911462741887332,1.0101098901098902,40.7867531886328,115.0,32.04,64.264,0.4467626603976883,0.6918949449308105,0,0.2866413067800403,1.0
30,8,bsps,0.2,0.99,99,10,8,18,14.072,547.5778,0.07014284735872371,0.9853061224489796,41.49708073283672,114.0,33.856,69.084,0.4440810393386027,0.6919609316303531,0,0.2955506341856251,1.0
31,8,bsps,0.2,0.8,80,10,6,18,13.984,546.0015544303798,0.0688903416803268,0.9585316455696202,42.35470527404343,114.0,27.492,55.176,0.4449646275488972,0.6862455726092089,0,0.30584281282316444,1.0
32,8,bsps,0.2,1.0,100,7,7,20,15.088,549.5870545454546,0.06825710055946008,1.0244848484848486,43.550640760644896,116.0,35.068,70.332,0.4432183908045977,0.6810322580645162,0,0.30384456386936753,1.0
33,8,bsps,0.2,1.0,100,11,13,18,16.232,553.2579555555557,0.06601475793632657,1.0675151515151515,40.9055180627233,116.0,32.244,71.652,0.4421631000578369,0.6893704850361198,0,0.28066693132195314,1.0
34,8,bsps,0.2,1.0,100,8,8,16,14.704,555.427692929293,0.07553105652517417,1.1087272727272728,40.28162620880205,115.0,33.076,72.42,0.44281583408116465,0.6925557645794141,0,0.26583777383066903,1.0
35,8,bsps,0.2,0.96,96,11,7,18,13.94,549.1684084210526,0.0725789126662811,1.0098526315789476,39.683347176079735,114.0,32.92,68.892,0.4412967581047382,0.6851006711409396,0,0.2821843853820598,1.0
36,8,bsps,0.2,1.0,100,10,10,17,15.368,552.8224727272727,0.06986907058083529,1.0729292929292928,42.77357320099256,116.0,34.084,71.652,0.4434520920299,0.6850500135171668,0,0.29280397022332505,1.0
37,8,bsps,0.2,1.0,100,9,7,17,14.704,549.5796888888889,0.06927675059145648,1.0176565656565657,41.06803278688525,115.0,34.36,70.524,0.4467970087395261,0.6967444245065367,0,0.2786885245901639,1.0
38,8,bsps,0.2,0.78,78,9,9,19,14.688,550.4992311688312,0.07098754879451474,1.0337142857142858,41.180036582179255,116.0,26.452,54.692,0.44742575392730194,0.6962693958402113,0,0.28063757512411813,1.0
39,8,bsps,0.2,0.78,78,8,7,16,13.296,548.5107844155846,0.07528982705606083,0.9998441558441556,38.5625,114.0,26.84,55.088,0.4461756373937677,0.6968295904887715,0,0.2743775933609959,1.0
0,8,baps,0.2,1.0,100,10,9,16,12.5,545.0964727272728,0.06593602693602695,0.9314747474747476,53.40558747770953,116.0,27.536,60.876,0.5579238208012631,0.6426141885325559,0,0.3877551020408163,1.0
1,8,baps,0.2,0.93,93,9,9,19,13.0,541.2564173913044,0.05547270349787512,0.871,59.28632025450689,119.0,24.9,53.516,0.5600271528316525,0.647803247373448,0,0.4220572640509014,1.0
2,8,baps,0.2,0.97,97,9,11,17,13.0,543.8680458333334,0.06154057734204793,0.9090416666666666,51.58079769736842,116.0,26.488,59.628,0.5552112385084186,0.6399581042157633,0,0.3871299342105263,1.0
3,8,baps,0.2,0.98,98,8,9,17,12.0,540.6830103092784,0.060173611712726324,0.8617731958762886,55.34486945962356,117.0,26.908,57.5,0.5553422904670505,0.6405198421907635,0,0.40760979558793764,1.0
4,8,baps,0.2,0.93,93,8,9,18,13.5,543.8231521739131,0.05908212560386474,0.9144347826086956,54.94139596136962,118.0,26.208,56.668,0.5532339353212936,0.6360708534621579,0,0.3915715539947322,1.0
5,8,baps,0.2,1.0,100,7,7,16,12.052,540.6211838383839,0.060205667789001126,0.8606060606060605,54.3746963562753,116.0,27.404,58.552,0.5560182833925851,0.6412291933418695,0,0.4117408906882591,1.0
6,8,baps,0.2,0.97,97,10,8,18,13.0,540.9737416666667,0.05716840277777777,0.8665833333333333,52.02267526523819,118.0,27.612,58.652,0.5581253804017042,0.6472250770811921,0,0.38007073018514664,1.0
7,8,baps,0.2,1.0,100,9,10,16,11.664,539.0691717171718,0.05995743145743146,0.8340606060606062,55.62456284715079,116.0,27.256,57.664,0.5533012991635522,0.640544345377757,0,0.41781526434889943,1.0
8,8,baps,0.2,1.0,100,13,9,17,12.008,538.9907232323233,0.0599935064935065,0.8323636363636364,53.04419551934827,117.0,28.612,59.508,0.5526074182886522,0.6394839337877313,0,0.39531568228105907,1.0
9,8,baps,0.2,1.0,100,13,6,17,11.624,536.6955272727273,0.056696601873072454,0.798141414141414,55.02089552238806,117.0,28.608,58.124,0.5557004470938898,0.6402439024390244,0,0.4165174129353234,1.0
10,8,baps,0.2,0.98,98,9,10,20,14.5,540.1959670103092,0.05003184421534937,0.8531134020618557,57.544157187176836,120.0,27.272,57.512,0.5558099075176266,0.6407946407946408,0,0.41820062047569806,1.0
11,8,baps,0.2,0.98,98,9,6,18,12.648,537.6253113402062,0.05245475372279496,0.8131958762886597,55.27598416996459,118.0,27.416,56.648,0.5553223960320488,0.6444223107569721,0,0.41553842949385544,1.0
12,8,baps,0.2,1.0,100,7,7,19,13.0,539.1901292929293,0.05315774284195336,0.8372525252525252,58.87550362610798,119.0,27.64,57.764,0.5556657351482918,0.640117994100295,0,0.42244157937147464,1.0
13,8,baps,0.2,1.0,100,10,10,18,13.0,541.2168484848485,0.05756734006734007,0.8652525252525253,54.88763575605681,118.0,27.34,59.5,0.5550593824228028,0.6457861635220126,0,0.40058479532163743,1.0
14,8,baps,0.2,0.87,87,9,10,15,12.0,541.3358325581396,0.06502118863049096,0.871906976744186,50.27251943301326,115.0,25.016,53.0,0.5554093715211011,0.6415094339622641,0,0.3790580704160951,1.0
15,8,baps,0.2,0.99,99,6,11,20,15.3,544.9161959183675,0.05350055658627088,0.9222448979591839,54.973902488367386,120.0,26.22,60.3,0.558026195552848,0.6465008972058447,0,0.3805381347359903,1.0
16,8,baps,0.2,0.98,98,10,6,18,13.148,537.3208041237115,0.051164375715922104,0.8110103092783505,54.32893358474754,118.0,28.552,57.86,0.5541630234139706,0.6408895628001011,0,0.40435784621831133,1.0
17,8,baps,0.2,1.0,100,11,8,16,12.012,539.1245292929294,0.05850953984287317,0.8303030303030302,54.07441574415744,116.0,26.86,58.28,0.5560941828254847,0.64568345323741,0,0.4071340713407134,1.0
18,8,baps,0.2,0.99,99,9,9,16,11.088,539.3841551020408,0.062458090379008735,0.8360816326530612,53.93580803937654,116.0,26.384,57.16,0.5567196875892942,0.6488377905523619,0,0.40709598031173094,1.0
19,8,baps,0.2,0.96,96,11,8,18,13.0,539.0345347368421,0.054495321637426895,0.8336,53.97241524531481,118.0,27.332,57.012,0.5550039714058776,0.6410386965376782,0,0.40176879343019584,1.0
20,8,baps,0.2,0.97,97,10,8,17,11.5,536.5692875,0.056388071895424836,0.7955833333333333,56.071323683658484,117.0,27.124,55.0,0.5573035682896819,0.6491308325709058,0,0.420599958044892,1.0
21,8,baps,0.2,1.0,100,7,8,16,11.568,541.2231434343435,0.0633953823953824,0.8686868686868686,54.144479872459144,116.0,27.176,59.088,0.5538227848101266,0.6371612903225806,0,0.40753288162614587,1.0
22,8,baps,0.2,1.0,100,9,11,18,13.008,543.0415191919193,0.059249719416386085,0.8972525252525252,56.011670020120725,118.0,26.688,59.008,0.5556069578090304,0.643368320610687,0,0.3983903420523139,1.0
23,8,baps,0.2,0.99,99,8,7,18,13.0,540.2249265306123,0.05556462585034014,0.8558775510204082,53.80793880504445,118.0,28.124,59.0,0.5541413373860182,0.6435045317220544,0,0.3919784990696713,1.0
24,8,baps,0.2,1.0,100,7,8,18,12.5,539.6320080808081,0.05633830367163701,0.8458989898989899,54.49979846835953,118.0,27.964,58.604,0.5568364357932534,0.6443484521238301,0,0.40447400241837966,1.0
25,8,baps,0.2,0.99,99,10,7,18,13.0,541.0383387755103,0.05610997732426303,0.8713061224489795,55.38498691889716,118.0,27.708,58.048,0.5564570010499189,0.6470295799154859,0,0.3984705172066814,1.0
26,8,baps,0.2,0.89,89,11,7,18,13.5,539.0799318181819,0.05285606060606061,0.8394545454545453,54.5781041388518,118.0,26.128,53.5,0.5594509184278096,0.6459747817652765,0,0.3965287049399199,1.0
27,8,baps,0.2,1.0,100,12,6,18,12.5,539.3282747474748,0.05723745390412057,0.8384646464646465,52.95083283162754,118.0,28.548,60.028,0.5551450711839971,0.6390277146751476,0,0.3967489464178206,1.0
28,8,baps,0.2,0.98,98,9,8,18,12.0,536.333513402062,0.052050400916380295,0.7923298969072166,58.92382328654005,118.0,27.144,55.5,0.5529810422199836,0.6335719233433387,0,0.44508670520231214,1.0
29,8,baps,0.2,0.92,92,8,6,19,13.016,539.9062373626374,0.05550082624142774,0.8563076923076922,54.709330946520474,119.0,26.976,54.7,0.5516342490475236,0.6363877118644068,0,0.4061311255314388,1.0
30,8,baps,0.2,0.99,99,10,8,18,12.0,539.0535836734695,0.05878004535147392,0.8328979591836734,54.86329776525066,118.0,27.376,58.0,0.5549052396878483,0.6395184135977338,0,0.40769075900946244,1.0
31,8,baps,0.2,0.8,80,10,6,18,12.5,537.464982278481,0.0551697809925658,0.8127594936708861,54.56928645294726,118.0,23.684,47.196,0.5543130990415336,0.6412742382271468,0,0.4046018614270941,1.0
32,8,baps,0.2,1.0,100,7,7,20,13.5,540.8485737373738,0.054657142857142856,0.866909090909091,57.244109136006614,120.0,28.176,59.0,0.5527228418783391,0.6378338642489586,0,0.41690781314592806,1.0
33,8,baps,0.2,1.0,100,11,13,18,14.0,544.0203515151516,0.05740561167227834,0.9075959595959596,52.27649861055975,118.0,26.588,60.72,0.5567222767419038,0.6423645320197044,0,0.3799126637554585,1.0
34,8,baps,0.2,1.0,100,8,8,16,12.5,545.1703070707072,0.06545763187429854,0.9308282828282828,52.86915334517466,116.0,26.848,60.5,0.556439278066687,0.6403753487192493,0,0.387606078547464,1.0
35,8,baps,0.2,0.96,96,11,7,18,12.5,538.7055368421053,0.05456608187134503,0.8256421052631578,54.19725913621262,118.0,26.22,56.328,0.5562094155844156,0.6422701592193117,0,0.39867109634551495,1.0
36,8,baps,0.2,1.0,100,10,10,17,13.08,545.0150101010103,0.06322669835611011,0.9322828282828284,51.86600496277916,117.0,28.008,61.652,0.5544622650792089,0.6442533229085223,0,0.3775847808105873,1.0
37,8,baps,0.2,1.0,100,9,7,17,11.5,539.523098989899,0.061389185977421275,0.8416161616161617,56.87786885245902,117.0,27.692,58.256,0.5525975226474394,0.6360593017694883,0,0.42438524590163934,1.0
38,8,baps,0.2,0.78,78,9,9,19,13.34,541.9502077922078,0.05719216873352212,0.8833766233766234,55.73242748889469,119.0,21.744,46.388,0.5536092170232777,0.6405672009864365,0,0.4008361640972041,1.0
39,8,baps,0.2,0.78,78,8,7,16,11.5,539.2384987012988,0.06195037105751391,0.8393246753246754,53.09751037344398,116.0,22.136,46.132,0.5528997816064062,0.6338244321669736,0,0.40689834024896265,1.0
0,8,lt,0.2,1.0,100,10,9,16,13.984,551.3379797979799,0.07338565138565138,1.0329292929292928,46.21636615811373,115.0,29.268,66.764,0.54542769957673,0.6521632852603275,0,0.3255399247077472,1.0
1,8,lt,0.2,0.93,93,9,9,19,14.54,549.2429086956523,0.06810913159730296,1.0070434782608695,47.01272534464475,117.0,28.64,61.644,0.5505704892670663,0.6515151515151515,0,0.32916224814422057,1.0
2,8,lt,0.2,0.97,97,9,11,17,14.128,551.9596250000001,0.07401074238261739,1.0505833333333332,39.65481085526316,114.0,31.096,68.816,0.5285553163129294,0.6527888977848946,0,0.2816611842105263,1.0
3,8,lt,0.2,0.98,98,8,9,17,13.264,548.8308412371135,0.07503409992069786,0.9985979381443298,42.77109896782028,113.0,30.052,65.792,0.5355488967583765,0.6549445362284635,0,0.31066585711394457,1.0
4,8,lt,0.2,0.93,93,8,9,18,14.956,551.3143130434784,0.06878738008581359,1.0395217391304346,45.52041264266901,116.0,28.94,63.788,0.5377062878629622,0.6425462459194777,0,0.31672519754170325,1.0
5,8,lt,0.2,1.0,100,7,7,16,13.412,547.7905414141416,0.07240390720390721,0.9836767676767678,45.4417004048583,114.0,30.936,66.46,0.545841784989858,0.6452442159383034,0,0.3340080971659919,1.0
6,8,lt,0.2,0.97,97,10,8,18,13.656,547.6170750000002,0.07088772702991454,0.9791666666666666,43.39255252756397,115.0,30.364,65.572,0.5422478269658378,0.6517116182572614,0,0.3145412939463283,1.0
7,8,lt,0.2,1.0,100,9,10,16,13.612,547.1852444444445,0.07057244354971627,0.971878787878788,43.41308372762806,115.0,31.952,67.368,0.5320971302428256,0.6591616766467066,0,0.3114585476239457,1.0
8,8,lt,0.2,1.0,100,13,9,17,12.984,544.815503030303,0.07157111558475193,0.9322828282828283,42.209979633401225,113.0,32.872,67.292,0.5238873751135331,0.6631578947368421,0,0.310183299389002,1.0
9,8,lt,0.2,1.0,100,13,6,17,12.988,542.8511717171718,0.06900829355829356,0.9039191919191919,43.24955223880597,113.0,33.408,66.884,0.5301484230055659,0.6507109004739337,0,0.3265671641791045,1.0
10,8,lt,0.2,0.98,98,9,10,20,15.7,546.6797195876289,0.06153614541243407,0.9665979381443299,45.99565667011375,118.0,31.38,65.212,0.5311421826765934,0.6581680830972616,0,0.32637021716649434,1.0
11,8,lt,0.2,0.98,98,9,6,18,14.74,544.8322226804124,0.06340973528190022,0.9404948453608247,43.849614663611746,115.0,32.192,65.736,0.5476281196418366,0.6474262868565717,0,0.3213913767965007,1.0
12,8,lt,0.2,1.0,100,7,7,19,14.048,545.9054868686869,0.06596373996373997,0.9512323232323233,47.76027397260274,116.0,30.932,65.22,0.5460111651359626,0.6431497496586254,0,0.34548751007252215,1.0
13,8,lt,0.2,1.0,100,10,10,18,14.768,548.5051636363638,0.06706973396973397,0.9867878787878788,44.186299081035926,115.0,31.876,68.676,0.5299307466084812,0.6547107855519071,0,0.31265664160401,1.0
14,8,lt,0.2,0.87,87,9,10,15,13.344,545.9089441860467,0.07047348484848485,0.9521395348837209,43.22222222222222,115.0,28.532,58.808,0.5170095333667838,0.6554821664464994,0,0.3152720621856424,1.0
15,8,lt,0.2,0.99,99,6,11,20,16.276,550.6816040816327,0.062083458718152594,1.022734693877551,45.079304066356464,120.0,30.8,68.084,0.5476550680786687,0.6542372881355932,0,0.29172567266842,1.0
16,8,lt,0.2,0.98,98,10,6,18,14.868,544.3623051546392,0.06196371945553267,0.9325360824742268,42.88413995390739,115.0,32.472,66.324,0.5400057909468198,0.6538956029827719,0,0.3084014246804945,1.0
17,8,lt,0.2,1.0,100,11,8,16,14.32,547.1442020202021,0.06719057239057238,0.967030303030303,43.51312013120131,114.0,31.032,67.6,0.5320216428922774,0.6617992177314211,0,0.3124231242312423,1.0
18,8,lt,0.2,0.99,99,9,9,16,13.664,548.2059673469388,0.07191265605143156,0.9837959183673469,43.625922887612795,114.0,31.108,67.548,0.5348348921549914,0.6484336151168573,0,0.316447908121411,1.0
19,8,lt,0.2,0.96,96,11,8,18,14.252,545.543452631579,0.06486275332510627,0.9486315789473686,43.628553379658875,116.0,31.824,65.008,0.5338464574699033,0.6544231764097258,0,0.3133291219204043,1.0
20,8,lt,0.2,0.97,97,10,8,17,13.368,544.0118083333333,0.06797265557155262,0.9236666666666666,45.711139081183134,116.0,31.836,64.012,0.5311897669528649,0.6570571955719557,0,0.3327040067128173,1.0
21,8,lt,0.2,1.0,100,7,8,16,13.784,549.379595959596,0.07253913308913308,1.0105454545454546,43.05360701474691,115.0,32.32,68.984,0.5461452740350522,0.6395978344934261,0,0.30589876444798725,1.0
22,8,lt,0.2,1.0,100,9,11,18,14.212,550.3903393939395,0.07079908816673523,1.021979797979798,46.19859154929578,117.0,30.76,67.468,0.543301258327165,0.6455152671755725,0,0.3199195171026157,1.0
23,8,lt,0.2,0.99,99,8,7,18,13.952,547.0551142857145,0.06764828204008876,0.9699591836734694,45.6410998552822,116.0,30.596,65.904,0.5477773556231003,0.6407351460221551,0,0.32706222865412443,1.0
24,8,lt,0.2,1.0,100,7,8,18,14.016,547.7861171717173,0.06995597104420634,0.9877171717171717,42.187625957275294,115.0,32.88,68.296,0.5319108938810039,0.660423254682559,0,0.3041112454655381,1.0
25,8,lt,0.2,0.99,99,10,7,18,14.676,547.8313142857144,0.06481528534157585,0.9873061224489795,46.994163815657075,117.0,30.972,65.364,0.5488901645618064,0.6427865612648221,0,0.3288388005634937,1.0
26,8,lt,0.2,0.89,89,11,7,18,14.404,545.8533454545454,0.06544336704961705,0.9480909090909091,46.36159323542501,116.0,26.712,58.616,0.5449255350626294,0.6489905132571151,0,0.3386737872719181,1.0
27,8,lt,0.2,1.0,100,12,6,18,13.492,546.0475636363637,0.06916394363212544,0.9473131313131313,43.57575757575758,115.0,30.724,67.116,0.5400447427293065,0.6501734104046243,0,0.32189444109973914,1.0
28,8,lt,0.2,0.98,98,9,8,18,14.028,544.8752742268041,0.0664491405804626,0.941360824742268,44.93971924029727,115.0,32.392,65.904,0.5181818181818182,0.6527058823529411,0,0.3278282411230388,1.0
29,8,lt,0.2,0.92,92,8,6,19,14.008,545.8941406593407,0.06660455720749839,0.9528351648351648,46.324681136719626,116.0,28.024,59.692,0.5491901619676065,0.6430096051227321,0,0.3416871783396733,1.0
30,8,lt,0.2,0.99,99,10,8,18,13.472,545.3943591836735,0.06849600518529089,0.9430204081632653,43.7245822428025,115.0,31.752,66.232,0.5377167097012172,0.651106833493744,0,0.31608616871350914,1.0
31,8,lt,0.2,0.8,80,10,6,18,13.276,542.1548151898736,0.06428751250404265,0.889367088607595,47.60806618407446,117.0,25.572,51.676,0.5259698961204156,0.6528323051037577,0,0.34979317476732164,1.0
32,8,lt,0.2,1.0,100,7,7,20,13.964,546.7320080808082,0.0675429587247769,0.9709494949494949,46.919388176932614,116.0,32.164,66.212,0.544003733084461,0.6463444857496902,0,0.33939644481190573,1.0
33,8,lt,0.2,1.0,100,11,13,18,15.48,551.840804040404,0.0672997742997743,1.0444848484848486,42.03890432711393,118.0,32.1,70.6,0.5184169278996865,0.6558634339435923,0,0.2911869789599047,1.0
34,8,lt,0.2,1.0,100,8,8,16,14.188,553.3814747474747,0.07487324527324528,1.0645252525252524,44.560094730609826,115.0,29.332,68.36,0.552484503607357,0.6446661550268611,0,0.30886125912768897,1.0
35,8,lt,0.2,0.96,96,11,7,18,13.888,547.2102610526317,0.06982460960092539,0.9717473684210527,40.57537375415282,114.0,31.508,66.848,0.5290198849298475,0.6554774915430653,0,0.292358803986711,1.0
36,8,lt,0.2,1.0,100,10,10,17,14.86,551.5555959595961,0.06947598752010516,1.0429494949494948,44.35421836228288,117.0,31.02,68.636,0.5441595441595442,0.6506150222454855,0,0.30727874276261374,1.0
37,8,lt,0.2,1.0,100,9,7,17,13.856,546.1957050505051,0.06662291231248449,0.9590707070707071,46.80245901639344,116.0,32.36,66.644,0.5313765182186235,0.6473862536302033,0,0.3348360655737705,1.0
38,8,lt,0.2,0.78,78,9,9,19,14.0,547.9442441558442,0.06870418470418471,0.9849870129870131,45.71596550823099,118.0,24.48,51.972,0.5471433578689099,0.6502663741773739,0,0.31643585053566764,1.0
39,8,lt,0.2,0.78,78,8,7,16,12.356,546.1193506493506,0.07600839939281497,0.9523636363636365,42.81898340248963,113.0,24.792,52.468,0.5342086244278487,0.6447779862414009,0,0.320798755186722,1.0
0,8,ewma,0.2,1.0,100,10,9,16,14.34,552.6241818181819,0.07394074444074444,1.059070707070707,43.377650089161875,115.0,31.144,68.996,0.49031441643142215,0.6773950213728941,0,0.29601743610065384,1.0
1,8,ewma,0.2,0.93,93,9,9,19,14.66,550.1489565217393,0.07014471546143541,1.026304347826087,45.99300106044539,115.0,30.1,63.26,0.48948227835942754,0.6671557838102226,0,0.32195121951219513,1.0
2,8,ewma,0.2,0.97,97,9,11,17,13.936,551.6727083333334,0.07510645222832722,1.0435833333333335,39.41447368421053,114.0,30.224,67.984,0.4929506035094837,0.680307607800055,0,0.28042763157894735,1.0
3,8,ewma,0.2,0.98,98,8,9,17,13.552,549.5973030927836,0.07491347123666711,1.0136494845360824,42.42015786278081,114.0,30.892,66.884,0.4909009009009009,0.6698795180722892,0,0.3058085407812184,1.0
4,8,ewma,0.2,0.93,93,8,9,18,15.076,552.0458565217393,0.06989357846260019,1.0521304347826086,43.325724319578576,116.0,29.324,64.56,0.4918539905135079,0.670045045045045,0,0.29653204565408253,1.0
5,8,ewma,0.2,1.0,100,7,7,16,14.048,550.1315757575758,0.07285996444632808,1.0226666666666668,43.171052631578945,114.0,31.784,68.796,0.49154069476424067,0.6703004520074448,0,0.3089068825910931,1.0
6,8,ewma,0.2,0.97,97,10,8,18,14.044,548.384075,0.07097192785768153,0.995,41.94279176201373,114.0,31.408,66.792,0.4913335337140567,0.6755107455558503,0,0.3028916163927606,1.0
7,8,ewma,0.2,1.0,100,9,10,16,13.476,547.4386303030303,0.07270366266729902,0.9793939393939394,42.70705616128369,113.0,32.488,67.724,0.49606023463491505,0.6728788621873467,0,0.3089899197695947,1.0
8,8,ewma,0.2,1.0,100,13,9,17,12.868,545.8135353535354,0.07402417531962988,0.9492525252525252,41.79226069246436,113.0,32.776,67.76,0.4922729326705829,0.6716645489199492,0,0.3083503054989817,1.0
9,8,ewma,0.2,1.0,100,13,6,17,12.988,544.0387717171718,0.0712847657393112,0.9248888888888889,42.98885572139304,113.0,33.192,67.272,0.4892537588783323,0.6633806203414282,0,0.3255721393034826,1.0
10,8,ewma,0.2,0.98,98,9,10,20,15.36,547.6648453608249,0.06419174720906072,0.9822680412371134,44.934850051706306,116.0,31.46,65.952,0.49184170197421795,0.6730815491941304,0,0.3218200620475698,1.0
11,8,ewma,0.2,0.98,98,9,6,18,15.18,546.5577525773197,0.06387919840418324,0.9691546391752577,43.373255571755884,115.0,32.404,67.064,0.4924156238149412,0.6682692307692307,0,0.3118100395750885,1.0
12,8,ewma,0.2,1.0,100,7,7,19,14.636,548.2748767676768,0.06784104707928236,0.9926060606060605,46.173247381144236,115.0,32.312,67.888,0.48771114487443024,0.6571561122709348,0,0.3311845286059629,1.0
13,8,ewma,0.2,1.0,100,10,10,18,14.608,549.9590060606062,0.06946299571887807,1.0124444444444445,43.054302422723474,115.0,32.104,69.656,0.4926879894329654,0.6659830812612151,0,0.30409356725146197,1.0
14,8,ewma,0.2,0.87,87,9,10,15,13.04,547.6704279069768,0.0752829201805946,0.9786511627906976,40.47965249199817,113.0,27.772,59.204,0.49307424015944196,0.6796769851951547,0,0.2958390489254687,1.0
15,8,ewma,0.2,0.99,99,6,11,20,17.112,552.6724163265308,0.06172215236971982,1.0543673469387753,44.19643940926563,117.0,30.636,69.22,0.4922907488986784,0.6754385964912281,0,0.28970260975116324,1.0
16,8,ewma,0.2,0.98,98,10,6,18,14.268,544.6584041237114,0.06601469268552349,0.9407835051546393,42.501152315105806,114.0,32.96,66.644,0.4917010457641754,0.6647504572772407,0,0.3130106851037084,1.0
17,8,ewma,0.2,1.0,100,11,8,16,14.328,548.7860323232323,0.06950546675546676,0.9953131313131314,43.226322263222634,114.0,31.844,69.328,0.48901586050635404,0.6609508963367108,0,0.3111931119311193,1.0
18,8,ewma,0.2,0.99,99,9,9,16,13.816,549.204248979592,0.07285189215546359,1.0039183673469387,41.18683347005742,114.0,31.82,68.544,0.492162417374882,0.6739130434782609,0,0.2940935192780968,1.0
19,8,ewma,0.2,0.96,96,11,8,18,14.004,546.5019578947368,0.06884606919396392,0.9615157894736842,43.38639713623921,114.0,30.992,65.068,0.4915370989962606,0.667274622199062,0,0.3179616761423458,1.0
20,8,ewma,0.2,0.97,97,10,8,17,13.052,544.2288791666666,0.07148109095765347,0.9295833333333333,44.72666247115586,113.0,31.952,64.052,0.4912326616069092,0.6673664567296478,0,0.33627019089574156,1.0
21,8,ewma,0.2,1.0,100,7,8,16,13.756,550.0149575757576,0.07426420986420985,1.0206868686868686,40.86707851733758,114.0,32.284,69.42,0.491369849346503,0.6745371612557016,0,0.28756476683937826,1.0
22,8,ewma,0.2,1.0,100,9,11,18,14.44,551.8023757575759,0.07246430649960062,1.0454949494949495,42.735211267605635,115.0,31.084,68.644,0.49576695493855255,0.6782067247820672,0,0.29114688128772637,1.0
23,8,ewma,0.2,0.99,99,8,7,18,14.472,549.3387959183673,0.06984501492904854,1.009265306122449,42.396113293363655,115.0,31.66,68.328,0.49323181049069376,0.6719316416364578,0,0.30121976431672526,1.0
24,8,ewma,0.2,1.0,100,7,8,18,14.004,548.1680323232324,0.07137396732797802,0.994828282828283,42.68802902055623,114.0,33.024,68.6,0.4886640434701143,0.6670755642787046,0,0.31136638452237003,1.0
25,8,ewma,0.2,0.99,99,10,7,18,15.152,550.8048816326531,0.0685690657581714,1.0368163265306123,43.086335278728114,115.0,32.192,68.4,0.49229605822856604,0.6720224432542719,0,0.29623666733749243,1.0
26,8,ewma,0.2,0.89,89,11,7,18,14.46,546.6934454545456,0.0670700065865507,0.9679545454545454,44.25456163773921,115.0,28.488,60.344,0.4883879781420765,0.6701649175412294,0,0.319537160658656,1.0
27,8,ewma,0.2,1.0,100,12,6,18,14.048,547.8721494949497,0.06990873538226479,0.9810505050505051,40.72386112783464,114.0,31.884,69.152,0.4945181255526083,0.6732696897374701,0,0.29660846879389924,1.0
28,8,ewma,0.2,0.98,98,9,8,18,13.588,545.3140536082475,0.07006548829177695,0.9494432989690722,43.42072667217176,114.0,32.18,65.908,0.49118070554355653,0.6718221362977284,0,0.3212221304706854,1.0
29,8,ewma,0.2,0.92,92,8,6,19,14.24,547.8318241758242,0.06982651272450885,0.9904175824175824,42.905347952562096,115.0,30.056,62.368,0.4950455806579469,0.6700382722799344,0,0.31058402327142537,1.0
30,8,ewma,0.2,0.99,99,10,8,18,13.652,546.4062816326532,0.07049978444924423,0.9606938775510204,42.85302999798671,114.0,31.78,66.76,0.4934673366834171,0.6700369913686807,0,0.3126635796255285,1.0
31,8,ewma,0.2,0.8,80,10,6,18,13.644,544.5739139240508,0.06844222249579658,0.930379746835443,44.96794208893485,114.0,25.732,53.036,0.49136842105263157,0.6617142857142857,0,0.3345398138572906,1.0
32,8,ewma,0.2,1.0,100,7,7,20,14.668,549.1386989898991,0.06910313307836527,1.0086464646464646,43.74638280281108,115.0,32.42,68.188,0.4920869967607589,0.667680608365019,0,0.30983877635386525,1.0
33,8,ewma,0.2,1.0,100,11,13,18,15.92,552.2480121212121,0.06599013085679753,1.0461414141414143,42.915244144501784,116.0,30.376,69.588,0.4901197313345663,0.665074176514961,0,0.3034934497816594,1.0
34,8,ewma,0.2,1.0,100,8,8,16,14.508,554.8963515151517,0.07545937047701753,1.0943434343434344,42.037497533057035,115.0,31.276,70.808,0.48880822746521474,0.6693632567849687,0,0.2851786066706138,1.0
35,8,ewma,0.2,0.96,96,11,7,18,13.584,548.5999747368421,0.07339971782603362,0.9950315789473684,40.83056478405316,113.0,31.116,67.22,0.49016064257028114,0.6699208443271768,0,0.2973421926910299,1.0
36,8,ewma,0.2,1.0,100,10,10,17,15.192,552.5379353535354,0.06989715273832921,1.0616565656565657,42.857940446650126,115.0,32.096,70.1,0.4921768042245257,0.6714361420243773,0,0.2954921422663358,1.0
37,8,ewma,0.2,1.0,100,9,7,17,14.412,548.6363595959596,0.06926111851111849,0.9964040404040404,43.014754098360655,115.0,32.208,68.3,0.49455732946298986,0.6790744466800804,0,0.3012295081967213,1.0
38,8,ewma,0.2,0.78,78,9,9,19,14.22,549.6577038961038,0.07175924869741564,1.013922077922078,42.50979879801411,115.0,24.864,53.12,0.4966497227356747,0.6787330316742082,0,0.29736085706819965,1.0
39,8,ewma,0.2,0.78,78,8,7,16,13.088,547.7857350649351,0.07512368843277935,0.9825974025974026,41.33817427385892,113.0,25.276,53.556,0.4912175887202772,0.6710316192909613,0,0.3039419087136929,1.0
0,8,oracle,0.2,1.0,100,10,9,16,11.308,541.9923717171719,0.0696811457902367,0.7887272727272727,10.816326530612244,13.0,0.0,40.0,1.0,1.0,0,0.0,1.0
1,8,oracle,0.2,0.93,93,9,9,19,10.74,538.9421347826087,0.06905544648588126,0.7425217391304347,10.070625662778367,12.0,0.0,35.156,1.0,1.0,0,0.0,1.0
2,8,oracle,0.2,0.97,97,9,11,17,10.956,541.5043708333334,0.07117321104821105,0.7819583333333333,8.80016447368421,12.0,0.0,40.06,1.0,1.0,0,0.0,1.0
3,8,oracle,0.2,0.98,98,8,9,17,10.168,539.3371835051548,0.07355280343940138,0.7489072164948453,8.429467719085206,11.0,0.0,38.388,1.0,1.0,0,0.0,1.0
4,8,oracle,0.2,0.93,93,8,9,18,11.512,541.251895652174,0.06741766434049043,0.7777391304347825,10.571773485513608,13.0,0.0,37.248,1.0,1.0,0,0.0,1.0
5,8,oracle,0.2,1.0,100,7,7,16,10.86,539.688581818182,0.0693707931798841,0.7542222222222221,9.253643724696357,12.0,0.0,39.408,1.0,1.0,0,0.0,1.0
6,8,oracle,0.2,0.97,97,10,8,18,10.532,538.2602541666666,0.06948440980315979,0.7328333333333332,8.526315789473685,12.0,0.0,37.868,1.0,1.0,0,0.0,1.0
7,8,oracle,0.2,1.0,100,9,10,16,10.196,537.6291515151516,0.07081185492397614,0.723030303030303,8.420078173215387,11.0,0.0,37.956,1.0,1.0,0,0.0,1.0
8,8,oracle,0.2,1.0,100,13,9,17,9.728,536.5467515151515,0.0724813182328334,0.7067878787878787,8.04663951120163,11.0,0.0,37.596,1.0,1.0,0,0.0,1.0
9,8,oracle,0.2,1.0,100,13,6,17,9.292,534.0967070707071,0.07186087279723642,0.66989898989899,7.148656716417911,10.0,0.0,36.452,1.0,1.0,0,0.0,1.0
10,8,oracle,0.2,0.98,98,9,10,20,11.456,537.3334391752579,0.06297809086675066,0.7184329896907217,9.470941054808687,13.0,0.0,36.676,1.0,1.0,0,0.0,1.0
11,8,oracle,0.2,0.98,98,9,6,18,11.072,535.8888288659796,0.06296153445637982,0.6970309278350515,8.786294521974588,12.0,0.0,36.924,1.0,1.0,0,0.0,1.0
12,8,oracle,0.2,1.0,100,7,7,19,10.532,537.9772969696971,0.06914712773197622,0.7282020202020203,9.202054794520548,12.0,0.0,37.932,1.0,1.0,0,0.0,1.0
13,8,oracle,0.2,1.0,100,10,10,18,11.272,539.799587878788,0.06707481508390599,0.7559191919191919,9.61236424394319,13.0,0.0,39.528,1.0,1.0,0,0.0,1.0
14,8,oracle,0.2,0.87,87,9,10,15,10.12,537.4971395348838,0.07130989230407835,0.7211627906976744,7.963877457704618,11.0,0.0,33.196,1.0,1.0,0,0.0,1.0
15,8,oracle,0.2,0.99,99,6,11,20,13.168,542.612224489796,0.06079689171372845,0.7983673469387755,11.515476431317014,15.0,0.0,40.692,1.0,1.0,0,0.0,1.0
16,8,oracle,0.2,0.98,98,10,6,18,10.376,534.4640123711341,0.06517841574233327,0.6756288659793813,7.779803058872826,11.0,0.0,36.404,1.0,1.0,0,0.0,1.0
17,8,oracle,0.2,1.0,100,11,8,16,11.128,538.8943191919192,0.06654127286854561,0.7425050505050504,8.954489544895448,12.0,0.0,39.68,1.0,1.0,0,0.0,1.0
18,8,oracle,0.2,0.99,99,9,9,16,10.436,538.9674816326532,0.07132340301421934,0.7434285714285714,8.777891714520099,12.0,0.0,38.844,1.0,1.0,0,0.0,1.0
19,8,oracle,0.2,0.96,96,11,8,18,10.28,537.0844505263157,0.06964487360592624,0.7149894736842104,8.39229311433986,12.0,0.0,36.588,1.0,1.0,0,0.0,1.0
20,8,oracle,0.2,0.97,97,10,8,17,9.504,533.9527166666667,0.0701416260822511,0.6673333333333332,8.093140339836376,11.0,0.0,34.256,1.0,1.0,0,0.0,1.0
21,8,oracle,0.2,1.0,100,7,8,16,10.552,539.6438141414142,0.07124801864801865,0.7536161616161615,9.03866082104424,12.0,0.0,39.568,1.0,1.0,0,0.0,1.0
22,8,oracle,0.2,1.0,100,9,11,18,11.536,541.2832484848485,0.06755423364514275,0.778060606060606,10.544668008048289,14.0,0.0,39.696,1.0,1.0,0,0.0,1.0
23,8,oracle,0.2,0.99,99,8,7,18,10.684,538.854106122449,0.06949854272711416,0.7417551020408164,8.970022741368616,12.0,0.0,38.88,1.0,1.0,0,0.0,1.0
24,8,oracle,0.2,1.0,100,7,8,18,10.064,537.7702141414143,0.07200351074290469,0.7252121212121212,8.35167271261588,11.0,0.0,38.176,1.0,1.0,0,0.0,1.0
25,8,oracle,0.2,0.99,99,10,7,18,11.12,539.4781224489797,0.06756126481228523,0.7508163265306123,9.776615013081102,13.0,0.0,38.288,1.0,1.0,0,0.0,1.0
26,8,oracle,0.2,0.89,89,11,7,18,10.472,536.3739045454547,0.06736026221253495,0.7044090909090909,8.569870939029817,12.0,0.0,33.876,1.0,1.0,0,0.0,1.0
27,8,oracle,0.2,1.0,100,12,6,18,10.652,537.735098989899,0.06795525103403892,0.725090909090909,8.184427051976721,12.0,0.0,39.244,1.0,1.0,0,0.0,1.0
28,8,oracle,0.2,0.98,98,9,8,18,9.792,534.7332742268043,0.06940025049406492,0.6794639175257733,7.905862923203964,11.0,0.0,35.956,1.0,1.0,0,0.0,1.0
29,8,oracle,0.2,0.92,92,8,6,19,10.056,537.1647604395605,0.07135304914865355,0.716,8.605504587155963,12.0,0.0,34.596,1.0,1.0,0,0.0,1.0
30,8,oracle,0.2,0.99,99,10,8,18,9.98,536.7739551020409,0.07104484087341231,0.7102857142857143,8.294141332796457,11.0,0.0,37.524,1.0,1.0,0,0.0,1.0
31,8,oracle,0.2,0.8,80,10,6,18,9.72,535.221194936709,0.07075324352159795,0.6867341772151899,8.120734229576009,11.0,0.0,29.304,1.0,1.0,0,0.0,1.0
32,8,oracle,0.2,1.0,100,7,7,20,10.344,538.1928040404041,0.07079636009332979,0.7313939393939394,9.130012401818933,12.0,0.0,37.892,1.0,1.0,0,0.0,1.0
33,8,oracle,0.2,1.0,100,11,13,18,13.092,542.7542505050507,0.06161050339374761,0.8006464646464647,9.778086542278682,15.0,0.0,41.548,1.0,1.0,0,0.0,1.0
34,8,oracle,0.2,1.0,100,8,8,16,11.488,544.3388646464648,0.07170604479695387,0.8243232323232323,10.748963883955003,13.0,0.0,41.804,1.0,1.0,0,0.0,1.0
35,8,oracle,0.2,0.96,96,11,7,18,10.36,538.7573894736843,0.07143750611961139,0.7406315789473684,8.098006644518273,11.0,0.0,38.496,1.0,1.0,0,0.0,1.0
36,8,oracle,0.2,1.0,100,10,10,17,12.08,540.9634545454546,0.06385684551139097,0.7733333333333333,10.190239867659223,13.0,0.0,39.78,1.0,1.0,0,0.0,1.0
37,8,oracle,0.2,1.0,100,9,7,17,10.684,538.3933737373738,0.06867974640398881,0.7345454545454546,9.382377049180327,12.0,0.0,38.336,1.0,1.0,0,0.0,1.0
38,8,oracle,0.2,0.78,78,9,9,19,10.46,539.1172883116883,0.07131749801425126,0.7454025974025974,9.52181865691142,13.0,0.0,29.992,1.0,1.0,0,0.0,1.0
39,8,oracle,0.2,0.78,78,8,7,16,9.772,537.7450857142858,0.07398108731095744,0.7250389610389611,7.991701244813278,11.0,0.0,30.108,1.0,1.0,0,0.0,1.0
0,8,csma,0.2,1.0,100,10,9,16,16.0,1353.013555555556,1.0,16.0,85.79352997145575,214.0,nan,nan,nan,nan,0,0.0,0.8344581183009131
1,8,csma,0.2,0.93,93,9,9,19,19.0,1487.8864695652176,1.0,19.0,36.24788533834587,114.0,nan,nan,nan,nan,0,0.0,0.9222101841820152
2,8,csma,0.2,0.97,97,9,11,17,17.0,1385.8897583333335,1.0,17.0,37.49783653846154,115.0,nan,nan,nan,nan,0,0.0,0.8813559322033898
3,8,csma,0.2,0.98,98,8,9,17,17.0,1387.8554804123712,1.0,17.0,37.11374832064487,114.0,nan,nan,nan,nan,0,0.0,0.9013118062563068
4,8,csma,0.2,0.93,93,8,9,18,18.0,1445.6358695652177,1.0,18.0,37.75836431226766,115.0,nan,nan,nan,nan,0,0.0,0.8911219081272085
5,8,csma,0.2,1.0,100,7,7,16,16.0,1343.4473292929295,1.0,16.0,47.7727170742652,201.0,nan,nan,nan,nan,0,0.0,0.8836241078509119
6,8,csma,0.2,0.97,97,10,8,18,18.0,1438.8153375000004,1.0,18.0,35.029777256740914,114.0,nan,nan,nan,nan,0,0.0,0.8844877644131066
7,8,csma,0.2,1.0,100,9,10,16,16.0,1347.5007434343436,1.0,16.0,41.92822857142857,115.0,nan,nan,nan,nan,0,0.0,0.8727308996608817
8,8,csma,0.2,1.0,100,13,9,17,17.0,1389.8890141414145,1.0,17.0,40.25153653539722,116.0,nan,nan,nan,nan,0,0.0,0.8815974312663054
9,8,csma,0.2,1.0,100,13,6,17,17.0,1384.9736525252526,1.0,17.0,36.95693904020752,116.0,nan,nan,nan,nan,0,0.0,0.7844932844932845
10,8,csma,0.2,0.98,98,9,10,20,20.0,1537.2496494845363,1.0,20.0,30.20181456074353,115.0,nan,nan,nan,nan,0,0.0,0.9442122858336816
11,8,csma,0.2,0.98,98,9,6,18,18.0,1433.987002061856,1.0,18.0,34.04823073194377,114.0,nan,nan,nan,nan,0,0.0,0.8688144872604759
12,8,csma,0.2,1.0,100,7,7,19,19.0,1486.8540040404043,1.0,19.0,32.606617647058826,113.0,nan,nan,nan,nan,0,0.0,0.9176423893629688
13,8,csma,0.2,1.0,100,10,10,18,18.0,1437.6042424242423,1.0,18.0,42.53855222824806,118.0,nan,nan,nan,nan,0,0.0,0.8637474541751528
14,8,csma,0.2,0.87,87,9,10,15,15.0,1302.384558139535,1.0,15.0,50.747799067840496,204.0,nan,nan,nan,nan,0,0.0,0.8745471014492754
15,8,csma,0.2,0.99,99,6,11,20,20.0,1548.2785102040818,1.0,20.0,37.00563502384048,115.0,nan,nan,nan,nan,0,0.0,0.9351438994730442
16,8,csma,0.2,0.98,98,10,6,18,18.0,1429.5778185567012,1.0,18.0,31.949261083743842,114.0,nan,nan,nan,nan,0,0.0,0.8267155365506007
17,8,csma,0.2,1.0,100,11,8,16,16.0,1347.1246787878792,1.0,16.0,48.515628728227156,202.0,nan,nan,nan,nan,0,0.0,0.8492401215805471
18,8,csma,0.2,0.99,99,9,9,16,16.0,1350.1648897959187,1.0,16.0,52.877245508982035,206.0,nan,nan,nan,nan,0,0.0,0.8952577319587629
19,8,csma,0.2,0.96,96,11,8,18,18.0,1435.0013894736844,1.0,18.0,32.45697758496023,115.0,nan,nan,nan,nan,0,0.0,0.8792116973935156
20,8,csma,0.2,0.97,97,10,8,17,17.0,1389.9715291666669,1.0,17.0,38.86226330027051,116.0,nan,nan,nan,nan,0,0.0,0.9266764152914142
21,8,csma,0.2,1.0,100,7,8,16,16.0,1339.7939595959601,1.0,16.0,48.65895823978446,201.0,nan,nan,nan,nan,0,0.0,0.8934804413239719
22,8,csma,0.2,1.0,100,9,11,18,18.0,1446.9527838383842,1.0,18.0,38.200311942959004,114.0,nan,nan,nan,nan,0,0.0,0.9026548672566371
23,8,csma,0.2,0.99,99,8,7,18,18.0,1436.3400734693878,1.0,18.0,36.70231687339106,114.0,nan,nan,nan,nan,0,0.0,0.880849309420738
24,8,csma,0.2,1.0,100,7,8,18,18.0,1433.6759838383841,1.0,18.0,28.842093441150045,111.0,nan,nan,nan,nan,0,0.0,0.9024934117170079
25,8,csma,0.2,0.99,99,10,7,18,18.0,1448.8607142857145,1.0,18.0,39.46440677966102,116.0,nan,nan,nan,nan,0,0.0,0.9125592905753763
26,8,csma,0.2,0.89,89,11,7,18,18.0,1429.0553181818184,1.0,18.0,24.847905759162305,110.04999999999973,nan,nan,nan,nan,0,0.0,0.880184331797235
27,8,csma,0.2,1.0,100,12,6,18,18.0,1430.6620242424244,1.0,18.0,34.699514226231784,114.0,nan,nan,nan,nan,0,0.0,0.8557007125890737
28,8,csma,0.2,0.98,98,9,8,18,18.0,1438.2062845360829,1.0,18.0,32.997650927883484,114.0,nan,nan,nan,nan,0,0.0,0.8872446852855357
29,8,csma,0.2,0.92,92,8,6,19,19.0,1474.3978901098903,1.0,19.0,25.263171487603305,111.0,nan,nan,nan,nan,0,0.0,0.8671892497200447
30,8,csma,0.2,0.99,99,10,8,18,18.0,1448.2625020408166,1.0,18.0,32.92551622418879,113.0,nan,nan,nan,nan,0,0.0,0.8310520939734423
31,8,csma,0.2,0.8,80,10,6,18,18.0,1433.8120759493672,1.0,18.0,25.182692307692307,111.0,nan,nan,nan,nan,0,0.0,0.9198751300728408
32,8,csma,0.2,1.0,100,7,7,20,20.0,1527.6620646464648,1.0,20.0,26.051877577599306,111.0,nan,nan,nan,nan,0,0.0,0.9243579454253612
33,8,csma,0.2,1.0,100,11,13,18,18.0,1448.8625050505052,1.0,18.0,40.91901565995526,115.0,nan,nan,nan,nan,0,0.0,0.9019370460048426
34,8,csma,0.2,1.0,100,8,8,16,16.0,1344.7701252525253,1.0,16.0,63.54256553003943,206.0,nan,nan,nan,nan,0,0.0,0.870733185215108
35,8,csma,0.2,0.96,96,11,7,18,18.0,1431.7401936842105,1.0,18.0,33.59799118079373,114.0,nan,nan,nan,nan,0,0.0,0.8465367067606803
36,8,csma,0.2,1.0,100,10,10,17,17.0,1399.8583111111113,1.0,17.0,65.12407891609223,208.0,nan,nan,nan,nan,0,0.0,0.8528278937766065
37,8,csma,0.2,1.0,100,9,7,17,17.0,1399.7848363636367,1.0,17.0,38.87415130940834,116.0,nan,nan,nan,nan,0,0.0,0.8600625651720543
38,8,csma,0.2,0.78,78,9,9,19,19.0,1483.2854753246754,1.0,19.0,33.5149359886202,115.0,nan,nan,nan,nan,0,0.0,0.9146500130106687
39,8,csma,0.2,0.78,78,8,7,16,16.0,1342.0260103896107,1.0,16.0,32.99100145137881,113.0,nan,nan,nan,nan,0,0.0,0.889261744966443
0,10,rand_st_A,0.2,1.0,100,10,5,18,19.0,559.5419757575759,0.06646464646464646,1.2628282828282829,97.5237432942579,214.0,62.98,99.0,0.0,1.0,0,0.0,1.0
1,10,rand_st_A,0.2,1.0,100,12,5,18,18.0,557.9482626262626,0.06865319865319865,1.235757575757576,89.98493259318002,207.0,63.66,99.0,0.0,1.0,0,0.0,1.0
2,10,rand_st_A,0.2,1.0,100,10,6,18,19.0,559.6062262626264,0.06637533227006912,1.261131313131313,107.73939151321056,206.0,63.148,99.0,0.0,1.0,0,0.0,1.0
3,10,rand_st_A,0.2,1.0,100,11,7,19,21.0,560.673705050505,0.0603982683982684,1.2683636363636366,132.8825862752876,302.0,61.432,99.0,0.0,1.0,0,0.0,1.0
4,10,rand_st_A,0.2,0.99,99,11,6,18,18.0,558.6909673469388,0.06956235827664399,1.252122448979592,109.9486019736842,208.0,62.292,98.0,0.0,1.0,0,0.0,1.0
5,10,rand_st_A,0.2,1.0,100,8,6,19,19.0,562.5181212121213,0.06876980329611908,1.3066262626262624,131.1364281370363,207.0,60.644,99.0,0.0,1.0,0,0.0,1.0
6,10,rand_st_A,0.2,0.99,99,13,6,20,19.0,559.0879102040818,0.06554242749731472,1.2453061224489796,104.85428571428571,213.0,60.96,98.0,0.0,1.0,0,0.0,1.0
7,10,rand_st_A,0.2,1.0,100,11,7,20,21.0,559.2971434343435,0.0596960076960077,1.2536161616161616,131.50092687950567,301.0,62.892,99.0,0.0,1.0,0,0.0,1.0
8,10,rand_st_A,0.2,1.0,100,8,6,19,20.0,560.0684282828283,0.06385454545454546,1.277090909090909,91.73023634881825,207.0,63.568,99.0,0.0,1.0,0,0.0,1.0
9,10,rand_st_A,0.2,1.0,100,12,6,18,18.0,558.6312444444445,0.06903479236812571,1.2426262626262625,104.05861244019138,209.0,62.98,99.0,0.0,1.0,0,0.0,1.0
10,10,rand_st_A,0.2,1.0,100,12,9,17,16.0,561.0089696969698,0.08070707070707071,1.2913131313131314,101.85844287158746,310.0,63.16,99.0,0.0,1.0,0,0.0,1.0
11,10,rand_st_A,0.2,1.0,100,9,6,17,18.0,559.2126505050504,0.07005836139169473,1.2610505050505048,117.7248730964467,212.0,64.156,99.0,0.0,1.0,0,0.0,1.0
12,10,rand_st_A,0.2,1.0,100,9,6,18,19.0,558.0763676767677,0.06572036150983519,1.2486868686868688,96.47881100622615,211.0,65.38,99.0,0.0,1.0,0,0.0,1.0
13,10,rand_st_A,0.2,1.0,100,11,9,18,19.0,560.0116929292931,0.06632642211589579,1.2602020202020203,157.8522229179712,408.0,62.24,99.0,0.0,1.0,0,0.0,1.0
14,10,rand_st_A,0.2,0.94,94,8,5,16,18.0,560.9525462365592,0.07146236559139786,1.2863225806451615,91.59704904405652,217.0,58.372,93.0,0.0,1.0,0,0.0,1.0
15,10,rand_st_A,0.2,1.0,100,12,6,19,20.0,559.2121252525253,0.06264444444444445,1.2528888888888892,73.83416984541257,304.0,61.964,99.0,0.0,1.0,0,0.0,1.0
16,10,rand_st_A,0.2,1.0,100,9,7,19,19.0,559.446391919192,0.06669643806485913,1.2672323232323233,102.11024269847799,213.0,63.544,99.0,0.0,1.0,0,0.0,1.0
17,10,rand_st_A,0.2,0.98,98,12,5,19,19.0,559.3771711340206,0.06642647856755289,1.2621030927835049,102.59147869674186,215.0,62.576,97.0,0.0,1.0,0,0.0,1.0
18,10,rand_st_A,0.2,1.0,100,12,7,19,18.0,560.1737575757577,0.07008978675645343,1.2616161616161616,164.57082066869302,303.0,61.1,99.0,0.0,1.0,0,0.0,1.0
19,10,rand_st_A,0.2,1.0,100,13,6,18,17.0,559.546484848485,0.07339512774806893,1.2477171717171718,123.2776323736662,303.0,61.476,99.0,0.0,1.0,0,0.0,1.0
20,10,rand_st_A,0.2,1.0,100,10,6,19,21.0,560.258981818182,0.060498316498316496,1.2704646464646467,134.0099371324275,301.0,62.224,99.0,0.0,1.0,0,0.0,1.0
21,10,rand_st_A,0.2,1.0,100,13,6,23,24.0,558.5619676767676,0.051688552188552186,1.2405252525252524,115.69378372976215,301.0,62.188,99.0,0.0,1.0,0,0.0,1.0
22,10,rand_st_A,0.2,1.0,100,9,9,18,19.0,560.2011717171717,0.06708771929824561,1.2746666666666668,141.65822784810126,408.0,62.808,99.0,0.0,1.0,0,0.0,1.0
23,10,rand_st_A,0.2,1.0,100,14,5,19,19.0,555.1698545454548,0.0629090909090909,1.1952727272727273,127.67230487059302,306.0,65.668,99.0,0.0,1.0,0,0.0,1.0
24,10,rand_st_A,0.2,1.0,100,12,5,18,20.0,559.3436202020202,0.06323232323232324,1.2646464646464646,102.03671575549728,304.0,63.8,99.0,0.0,1.0,0,0.0,1.0
25,10,rand_st_A,0.2,0.99,99,10,6,18,19.0,559.4419306122448,0.06635230934479054,1.2606938775510206,117.41396005648578,212.0,62.452,98.0,0.0,1.0,0,0.0,1.0
26,10,rand_st_A,0.2,1.0,100,8,5,21,18.0,563.410206060606,0.07374635241301908,1.3274343434343432,150.1639376996805,303.0,61.584,99.0,0.0,1.0,0,0.0,1.0
27,10,rand_st_A,0.2,1.0,100,9,6,18,18.0,559.3077818181819,0.07026262626262626,1.2647272727272727,122.7576,205.0,63.792,99.0,0.0,1.0,0,0.0,1.0
28,10,rand_st_A,0.2,0.95,95,7,6,18,20.0,561.1660468085107,0.06465744680851064,1.2931489361702126,106.61006155805562,206.0,59.444,94.0,0.0,1.0,0,0.0,1.0
29,10,rand_st_A,0.2,1.0,100,14,6,20,22.0,557.7221737373739,0.05566207529843894,1.2245656565656566,96.61604584527221,218.0,62.768,99.0,0.0,1.0,0,0.0,1.0
30,10,rand_st_A,0.2,1.0,100,7,6,19,17.0,563.1891313131314,0.07787522281639929,1.323878787878788,141.61002396166134,304.0,60.936,99.0,0.0,1.0,0,0.0,1.0
31,10,rand_st_A,0.2,1.0,100,8,6,18,19.0,561.8245575757576,0.06877618288144603,1.3067474747474748,127.59913526868438,209.0,62.632,99.0,0.0,1.0,0,0.0,1.0
32,10,rand_st_A,0.2,1.0,100,12,8,19,20.0,558.8958707070707,0.06231919191919192,1.2463838383838384,118.8170731707317,209.0,62.608,99.0,0.0,1.0,0,0.0,1.0
33,10,rand_st_A,0.2,1.0,100,9,5,19,20.0,561.4075717171718,0.06500606060606061,1.3001212121212122,137.4647607702998,302.0,63.288,99.0,0.0,1.0,0,0.0,1.0
34,10,rand_st_A,0.2,0.99,99,12,6,19,18.0,558.6952530612244,0.06906802721088436,1.2432244897959184,117.7117027617723,301.0,62.164,98.0,0.0,1.0,0,0.0,1.0
35,10,rand_st_A,0.2,1.0,100,10,7,18,16.0,560.9457575757577,0.07991161616161617,1.2785858585858587,159.76154458598725,401.0,61.42,99.0,0.0,1.0,0,0.0,1.0
36,10,rand_st_A,0.2,1.0,100,12,5,19,19.0,556.3134383838385,0.06401701222753854,1.2163232323232323,109.56001647107267,209.0,65.584,99.0,0.0,1.0,0,0.0,1.0
37,10,rand_st_A,0.2,1.0,100,11,7,19,20.0,557.9777979797981,0.062094949494949495,1.2418989898989898,95.1354295108919,211.0,64.052,99.0,0.0,1.0,0,0.0,1.0
38,10,rand_st_A,0.2,1.0,100,16,5,19,17.0,556.3359353535353,0.0706215092097445,1.2005656565656564,112.16768665850674,214.0,63.144,99.0,0.0,1.0,0,0.0,1.0
39,10,rand_st_A,0.2,1.0,100,13,6,17,19.0,556.9678464646465,0.06415311004784689,1.218909090909091,120.55597685092796,202.0,64.328,99.0,0.0,1.0,0,0.0,1.0
0,10,rand_st,0.2,1.0,100,10,5,18,16.0,559.5540484848486,0.07893181818181819,1.262909090909091,87.10947744883767,203.0,62.972,99.0,0.0,1.0,0,0.0,1.0
1,10,rand_st,0.2,1.0,100,12,5,18,15.0,558.0207595959597,0.08244040404040405,1.2366060606060605,103.62589214908803,206.0,63.576,99.0,0.0,1.0,0,0.0,1.0
2,10,rand_st,0.2,1.0,100,10,6,18,15.0,559.6042707070707,0.08407542087542089,1.261131313131313,117.39691753402722,206.0,63.148,99.0,0.0,1.0,0,0.0,1.0
3,10,rand_st,0.2,1.0,100,11,7,19,17.0,560.5662666666667,0.07453594771241831,1.2671111111111113,137.3141610472035,302.0,61.556,99.0,0.0,1.0,0,0.0,1.0
4,10,rand_st,0.2,0.99,99,11,6,18,15.0,558.8265755102041,0.08358911564625851,1.2538367346938777,95.80612664473684,207.0,62.124,98.0,0.0,1.0,0,0.0,1.0
5,10,rand_st,0.2,1.0,100,8,6,19,15.0,562.5285777777779,0.08711919191919192,1.3067878787878786,127.94486113926617,304.0,60.628,99.0,0.0,1.0,0,0.0,1.0
6,10,rand_st,0.2,0.99,99,13,6,20,16.0,559.1248612244899,0.07785969387755103,1.2457551020408164,104.47122448979592,211.0,60.916,98.0,0.0,1.0,0,0.0,1.0
7,10,rand_st,0.2,1.0,100,11,7,20,18.0,559.4029454545456,0.06971268237934905,1.2548282828282828,117.9880535530381,208.0,62.772,99.0,0.0,1.0,0,0.0,1.0
8,10,rand_st,0.2,1.0,100,8,6,19,17.0,560.0318505050506,0.07509685086155675,1.2766464646464646,92.12632436837816,213.0,63.612,99.0,0.0,1.0,0,0.0,1.0
9,10,rand_st,0.2,1.0,100,12,6,18,17.0,558.7207232323233,0.07315745692216281,1.2436767676767677,103.80023923444976,208.0,62.876,99.0,0.0,1.0,0,0.0,1.0
10,10,rand_st,0.2,1.0,100,12,9,17,15.0,561.0677373737375,0.08612794612794614,1.291919191919192,100.25116279069768,309.0,63.1,99.0,0.0,1.0,0,0.0,1.0
11,10,rand_st,0.2,1.0,100,9,6,17,14.0,559.1822787878788,0.09004906204906206,1.2606868686868689,114.63776649746193,210.0,64.192,99.0,0.0,1.0,0,0.0,1.0
12,10,rand_st,0.2,1.0,100,9,6,18,15.0,557.993094949495,0.08318114478114479,1.2477171717171718,100.82506527415144,211.0,65.476,99.0,0.0,1.0,0,0.0,1.0
13,10,rand_st,0.2,1.0,100,11,9,18,15.0,559.9173252525253,0.08394343434343435,1.2591515151515151,136.5011479858067,360.0,62.344,99.0,0.0,1.0,0,0.0,1.0
14,10,rand_st,0.2,0.94,94,8,5,16,15.0,560.9960086021506,0.0857921146953405,1.2868817204301077,96.18620116375727,214.0,58.32,93.0,0.0,1.0,0,0.0,1.0
15,10,rand_st,0.2,1.0,100,12,6,19,15.0,559.2885333333335,0.08358249158249159,1.2537373737373736,65.16000803051595,209.0,61.88,99.0,0.0,1.0,0,0.0,1.0
16,10,rand_st,0.2,1.0,100,9,7,19,16.0,559.4261575757577,0.0791919191919192,1.2670707070707072,104.48807075277664,215.0,63.56,99.0,0.0,1.0,0,0.0,1.0
17,10,rand_st,0.2,0.98,98,12,5,19,17.0,559.4271711340207,0.07427774408732564,1.2627216494845361,101.49352548036758,217.0,62.516,97.0,0.0,1.0,0,0.0,1.0
18,10,rand_st,0.2,1.0,100,12,7,19,17.0,560.1819191919193,0.0742174688057041,1.2616969696969695,164.53292806484296,303.0,61.092,99.0,0.0,1.0,0,0.0,1.0
19,10,rand_st,0.2,1.0,100,13,6,18,14.0,559.5824040404042,0.08915151515151516,1.2481212121212122,105.94483591705254,303.0,61.436,99.0,0.0,1.0,0,0.0,1.0
20,10,rand_st,0.2,1.0,100,10,6,19,16.0,560.2694383838384,0.07941414141414141,1.2706262626262625,128.43419184749544,301.0,62.208,99.0,0.0,1.0,0,0.0,1.0
21,10,rand_st,0.2,1.0,100,13,6,23,20.0,558.456505050505,0.061969696969696966,1.2393939393939395,95.33359984009594,211.0,62.3,99.0,0.0,1.0,0,0.0,1.0
22,10,rand_st,0.2,1.0,100,9,9,18,14.0,560.2028080808082,0.09105050505050505,1.274707070707071,136.27185051235685,407.0,62.804,99.0,0.0,1.0,0,0.0,1.0
23,10,rand_st,0.2,1.0,100,14,5,19,17.0,555.2501939393941,0.07036720142602496,1.1962424242424243,104.21133075198696,211.0,65.572,99.0,0.0,1.0,0,0.0,1.0
24,10,rand_st,0.2,1.0,100,12,5,18,17.0,559.3965212121212,0.07442661913250148,1.265252525252525,102.47266491829735,207.0,63.74,99.0,0.0,1.0,0,0.0,1.0
25,10,rand_st,0.2,0.99,99,10,6,18,16.0,559.5422204081633,0.0788673469387755,1.261877551020408,99.67197901956828,208.0,62.336,98.0,0.0,1.0,0,0.0,1.0
26,10,rand_st,0.2,1.0,100,8,5,21,17.0,563.3801535353534,0.07806060606060607,1.327030303030303,139.25259584664536,303.0,61.624,99.0,0.0,1.0,0,0.0,1.0
27,10,rand_st,0.2,1.0,100,9,6,18,15.0,559.3587272727273,0.08435555555555557,1.2653333333333332,114.5132,204.0,63.732,99.0,0.0,1.0,0,0.0,1.0
28,10,rand_st,0.2,0.95,95,7,6,18,16.0,561.1701659574468,0.08082180851063829,1.2931489361702126,107.49734663553386,208.0,59.444,94.0,0.0,1.0,0,0.0,1.0
29,10,rand_st,0.2,1.0,100,14,6,20,19.0,557.7806222222223,0.06448484848484848,1.2252121212121212,107.82808022922636,301.0,62.704,99.0,0.0,1.0,0,0.0,1.0
30,10,rand_st,0.2,1.0,100,7,6,19,16.0,563.2270262626263,0.08277525252525252,1.3244040404040403,139.55890575079871,303.0,60.884,99.0,0.0,1.0,0,0.0,1.0
31,10,rand_st,0.2,1.0,100,8,6,18,17.0,561.7755676767677,0.0768318478906714,1.306141414141414,113.95491043854231,206.0,62.692,99.0,0.0,1.0,0,0.0,1.0
32,10,rand_st,0.2,1.0,100,12,8,19,17.0,558.8945535353537,0.07331194295900179,1.2463030303030302,128.15874328234807,207.0,62.616,99.0,0.0,1.0,0,0.0,1.0
33,10,rand_st,0.2,1.0,100,9,5,19,16.0,561.4363070707071,0.08127777777777777,1.3004444444444443,118.363510025809,214.0,63.256,99.0,0.0,1.0,0,0.0,1.0
34,10,rand_st,0.2,0.99,99,12,6,19,15.0,558.7051510204082,0.08288979591836734,1.24334693877551,119.30935823564475,302.0,62.152,98.0,0.0,1.0,0,0.0,1.0
35,10,rand_st,0.2,1.0,100,10,7,18,15.0,561.0042262626264,0.0852902356902357,1.2793535353535352,160.86046974522293,304.0,61.344,99.0,0.0,1.0,0,0.0,1.0
36,10,rand_st,0.2,1.0,100,12,5,19,18.0,556.3248727272728,0.06758249158249159,1.2164848484848485,104.36895202800082,206.0,65.568,99.0,0.0,1.0,0,0.0,1.0
37,10,rand_st,0.2,1.0,100,11,7,19,18.0,557.9268525252526,0.06896071829405162,1.2412929292929293,92.65844636251542,210.0,64.112,99.0,0.0,1.0,0,0.0,1.0
38,10,rand_st,0.2,1.0,100,16,5,19,16.0,556.1990828282828,0.07492676767676767,1.1988282828282828,96.5826193390453,208.0,63.316,99.0,0.0,1.0,0,0.0,1.0
39,10,rand_st,0.2,1.0,100,13,6,17,16.0,556.9982181818183,0.07620454545454546,1.2192727272727273,121.58990221512673,204.0,64.292,99.0,0.0,1.0,0,0.0,1.0
0,10,rand_dt,0.2,1.0,100,10,5,18,15.496,557.9791878787879,0.08044168104952419,1.2434343434343433,122.67486393872203,303.0,64.9,99.0,0.0,1.0,0,0.0,1.0
1,10,rand_dt,0.2,1.0,100,12,5,18,15.3,556.1024121212121,0.07948711626064568,1.2134545454545456,107.67155365506007,215.0,65.868,99.0,0.0,1.0,0,0.0,1.0
2,10,rand_dt,0.2,1.0,100,10,6,18,15.04,557.4208404040404,0.08243210068798305,1.2353939393939395,119.81019187126057,303.0,65.696,99.0,0.0,1.0,0,0.0,1.0
3,10,rand_dt,0.2,1.0,100,11,7,19,17.08,558.1242181818183,0.07261498455487103,1.2384646464646467,135.90437764777081,313.0,64.392,99.0,0.0,1.0,0,0.0,1.0
4,10,rand_dt,0.2,0.99,99,11,6,18,15.588,557.4037877551021,0.07945729101164276,1.2355102040816328,97.20269993863776,215.0,63.92,98.0,0.0,1.0,0,0.0,1.0
5,10,rand_dt,0.2,1.0,100,8,6,19,15.328,561.5885090909092,0.08461172509407804,1.2944646464646465,139.0394914274706,308.0,61.848,99.0,0.0,1.0,0,0.0,1.0
6,10,rand_dt,0.2,0.99,99,13,6,20,17.188,557.261424489796,0.07130511678355551,1.222816326530612,113.86092046830844,307.0,63.164,98.0,0.0,1.0,0,0.0,1.0
7,10,rand_dt,0.2,1.0,100,11,7,20,17.184,557.6671676767678,0.07193513740778963,1.233939393939394,127.72686044114616,311.0,64.84,99.0,0.0,1.0,0,0.0,1.0
8,10,rand_dt,0.2,1.0,100,8,6,19,15.672,559.112795959596,0.08098232400172545,1.2652525252525253,110.92873006258833,302.0,64.74,99.0,0.0,1.0,0,0.0,1.0
9,10,rand_dt,0.2,1.0,100,12,6,18,16.1,557.214808080808,0.07623384828678945,1.2252525252525253,101.33756697757491,215.0,64.7,99.0,0.0,1.0,0,0.0,1.0
10,10,rand_dt,0.2,1.0,100,12,9,17,15.528,559.6014545454547,0.08227079478255948,1.2746666666666668,129.22284456891379,314.0,64.808,99.0,0.0,1.0,0,0.0,1.0
11,10,rand_dt,0.2,1.0,100,9,6,17,14.38,558.0914909090909,0.08687490472490472,1.2475151515151515,122.49190611088628,305.0,65.496,99.0,0.0,1.0,0,0.0,1.0
12,10,rand_dt,0.2,1.0,100,9,6,18,14.932,556.6831595959596,0.08273775853775855,1.2318383838383837,112.19115259740259,303.64999999999964,67.048,99.0,0.0,1.0,0,0.0,1.0
13,10,rand_dt,0.2,1.0,100,11,9,18,16.444,557.8162505050507,0.07530644299896105,1.234747474747475,149.11081248707876,408.0,64.76,99.0,0.0,1.0,0,0.0,1.0
14,10,rand_dt,0.2,0.94,94,8,5,16,14.664,559.1193548387098,0.08634429083461342,1.2640860215053764,113.06050490298352,305.0,60.44,93.0,0.0,1.0,0,0.0,1.0
15,10,rand_dt,0.2,1.0,100,12,6,19,15.32,557.1842222222223,0.08032445887445888,1.2275151515151514,111.46741344195519,306.0,64.476,99.0,0.0,1.0,0,0.0,1.0
16,10,rand_dt,0.2,1.0,100,9,7,19,16.272,558.2167151515151,0.0771238727140688,1.2518383838383838,119.45676998368678,306.0,65.068,99.0,0.0,1.0,0,0.0,1.0
17,10,rand_dt,0.2,0.98,98,12,5,19,17.384,557.8485979381444,0.07163612893158708,1.2437525773195874,119.74731626754748,307.0,64.356,97.0,0.0,1.0,0,0.0,1.0
18,10,rand_dt,0.2,1.0,100,12,7,19,16.856,558.017680808081,0.07331005444885734,1.2337777777777779,154.27418699186993,316.0,63.856,99.0,0.0,1.0,0,0.0,1.0
19,10,rand_dt,0.2,1.0,100,13,6,18,14.6,557.0328161616162,0.08357749516278927,1.2176161616161616,119.82858910891089,308.0,64.456,99.0,0.0,1.0,0,0.0,1.0
20,10,rand_dt,0.2,1.0,100,10,6,19,16.776,557.8073535353535,0.07408394401531655,1.2410505050505052,125.77959852519459,307.0,65.136,99.0,0.0,1.0,0,0.0,1.0
21,10,rand_dt,0.2,1.0,100,13,6,23,19.476,556.8296000000001,0.06272260689174095,1.2185858585858587,111.04261704681873,306.0,64.36,99.0,0.0,1.0,0,0.0,1.0
22,10,rand_dt,0.2,1.0,100,9,9,18,14.628,558.5391676767678,0.08597182447182447,1.2544646464646467,136.94798387096773,407.0,64.808,99.0,0.0,1.0,0,0.0,1.0
23,10,rand_dt,0.2,1.0,100,14,5,19,16.876,554.2630303030304,0.07023722554057951,1.1829494949494952,103.2620943049602,216.0,66.888,99.0,0.0,1.0,0,0.0,1.0
24,10,rand_dt,0.2,1.0,100,12,5,18,16.592,557.9278222222222,0.07531995305653717,1.2471919191919192,117.2932073954984,303.0,65.528,99.0,0.0,1.0,0,0.0,1.0
25,10,rand_dt,0.2,0.99,99,10,6,18,16.924,558.0667387755103,0.07358143520566121,1.2434693877551022,121.61574074074075,305.0,64.14,98.0,0.0,1.0,0,0.0,1.0
26,10,rand_dt,0.2,1.0,100,8,5,21,16.356,561.0119393939394,0.07951128936423055,1.2994343434343434,147.1396954314721,306.0,64.356,99.0,0.0,1.0,0,0.0,1.0
27,10,rand_dt,0.2,1.0,100,9,6,18,15.928,558.1662464646465,0.07862717369776194,1.250181818181818,121.51434834595456,303.0,65.232,99.0,0.0,1.0,0,0.0,1.0
28,10,rand_dt,0.2,0.95,95,7,6,18,16.516,559.761740425532,0.07740216022952667,1.2765531914893617,120.1624758220503,301.0,61.004,94.0,0.0,1.0,0,0.0,1.0
29,10,rand_dt,0.2,1.0,100,14,6,20,18.296,556.2822101010102,0.06608517798755156,1.2068282828282826,110.01499493414387,308.0,64.524,99.0,0.0,1.0,0,0.0,1.0
30,10,rand_dt,0.2,1.0,100,7,6,19,14.872,560.6205656565659,0.08712480689245396,1.2929292929292928,135.98352553542009,308.0,64.0,99.0,0.0,1.0,0,0.0,1.0
31,10,rand_dt,0.2,1.0,100,8,6,18,17.356,560.4792202020202,0.07437476936548144,1.2896565656565657,131.42842639593908,305.0,64.324,99.0,0.0,1.0,0,0.0,1.0
32,10,rand_dt,0.2,1.0,100,12,8,19,17.048,557.6935313131313,0.07232053767812281,1.230747474747475,125.71131313131313,308.0,64.156,99.0,0.0,1.0,0,0.0,1.0
33,10,rand_dt,0.2,1.0,100,9,5,19,16.48,559.9039111111111,0.07789203472634847,1.2815353535353537,131.60998376623377,303.0,65.128,99.0,0.0,1.0,0,0.0,1.0
34,10,rand_dt,0.2,0.99,99,12,6,19,15.96,556.396024489796,0.0762968882289758,1.215183673469388,130.5447252306458,309.0,64.912,98.0,0.0,1.0,0,0.0,1.0
35,10,rand_dt,0.2,1.0,100,10,7,18,14.824,558.7530666666667,0.084601443001443,1.252040404040404,143.7134012382664,401.0,64.048,99.0,0.0,1.0,0,0.0,1.0
36,10,rand_dt,0.2,1.0,100,12,5,19,17.484,555.2878020202021,0.06888484431518486,1.2029494949494952,106.91229859269835,216.0,66.908,99.0,0.0,1.0,0,0.0,1.0
37,10,rand_dt,0.2,1.0,100,11,7,19,16.492,556.7473818181818,0.07451454257052813,1.225979797979798,126.43185078909613,315.0,65.628,99.0,0.0,1.0,0,0.0,1.0
38,10,rand_dt,0.2,1.0,100,16,5,19,16.832,554.3772767676768,0.0700066921363619,1.176080808080808,101.67560874948411,217.0,65.568,99.0,0.0,1.0,0,0.0,1.0
39,10,rand_dt,0.2,1.0,100,13,6,17,15.312,554.8392525252525,0.07816890331890332,1.1936565656565659,107.01713018943974,304.0,66.828,99.0,0.0,1.0,0,0.0,1.0
0,10,static,0.2,1.0,100,10,5,18,18.0,559.4935838383839,0.07010549943883278,1.2618989898989899,15.071923915197146,18.0,63.072,99.0,0.0,1.0,0,0.0,1.0
1,10,static,0.2,1.0,100,12,5,18,18.0,558.0714262626265,0.06874971941638607,1.2374949494949496,14.87740146563676,18.0,63.488,99.0,0.0,1.0,0,0.0,1.0
2,10,static,0.2,1.0,100,10,6,18,18.0,559.8031232323233,0.07018406285072952,1.2633131313131312,15.535250649091273,18.0,62.932,99.0,0.0,1.0,0,0.0,1.0
3,10,static,0.2,1.0,100,11,7,19,19.0,560.7024404040405,0.06677299308878255,1.2686868686868686,15.059301864339547,19.0,61.4,99.0,0.0,1.0,0,0.0,1.0
4,10,static,0.2,0.99,99,11,6,18,18.0,558.8582653061225,0.06968480725623584,1.2543265306122449,14.36027143738433,18.0,62.076,98.0,0.0,1.0,0,0.0,1.0
5,10,static,0.2,1.0,100,8,6,19,19.0,562.7826464646465,0.06893567251461988,1.309777777777778,15.83157894736842,19.0,60.332,99.0,0.0,1.0,0,0.0,1.0
6,10,static,0.2,0.99,99,13,6,20,20.0,558.986693877551,0.06222448979591837,1.2444897959183672,16.34263029315961,20.0,61.04,98.0,0.0,1.0,0,0.0,1.0
7,10,static,0.2,1.0,100,11,7,20,20.0,559.1032202020201,0.06258383838383838,1.2516767676767677,17.95844476445176,20.0,63.084,99.0,0.0,1.0,0,0.0,1.0
8,10,static,0.2,1.0,100,8,6,19,19.0,560.0367393939395,0.06719191919191918,1.2766464646464646,16.334419551934825,19.0,63.612,99.0,0.0,1.0,0,0.0,1.0
9,10,static,0.2,1.0,100,12,6,18,18.0,558.5659313131315,0.06899214365881033,1.2418585858585858,15.712238805970149,18.0,63.056,99.0,0.0,1.0,0,0.0,1.0
10,10,static,0.2,1.0,100,12,9,17,17.0,561.2388323232325,0.07610457516339869,1.293777777777778,15.461398176291793,17.0,62.916,99.0,0.0,1.0,0,0.0,1.0
11,10,static,0.2,1.0,100,9,6,17,17.0,559.1627030303031,0.0741509209744504,1.2605656565656564,15.460349735664904,17.0,64.204,99.0,0.0,1.0,0,0.0,1.0
12,10,static,0.2,1.0,100,9,6,18,18.0,557.7661454545455,0.0691739618406285,1.245131313131313,16.27054794520548,18.0,65.732,99.0,0.0,1.0,0,0.0,1.0
13,10,static,0.2,1.0,100,11,9,18,18.0,559.5895232323232,0.06976206509539842,1.2557171717171718,15.203634085213032,18.0,62.684,99.0,0.0,1.0,0,0.0,1.0
14,10,static,0.2,0.94,94,8,5,16,16.0,560.7262709677419,0.08024193548387096,1.2838709677419353,14.372732958098812,16.0,58.6,93.0,0.0,1.0,0,0.0,1.0
15,10,static,0.2,1.0,100,12,6,19,19.0,559.1813737373739,0.06590536948431686,1.2522020202020203,15.527214300060253,19.0,62.032,99.0,0.0,1.0,0,0.0,1.0
16,10,static,0.2,1.0,100,9,7,19,19.0,559.7017575757577,0.06685167464114833,1.270181818181818,16.67301782421635,19.0,63.252,99.0,0.0,1.0,0,0.0,1.0
17,10,static,0.2,0.98,98,12,5,19,19.0,559.16326185567,0.0663157894736842,1.26,17.199791666666666,19.0,62.78,97.0,0.0,1.0,0,0.0,1.0
18,10,static,0.2,1.0,100,12,7,19,19.0,560.3807313131313,0.06650717703349282,1.2636363636363634,15.918743667679838,19.0,60.9,99.0,0.0,1.0,0,0.0,1.0
19,10,static,0.2,1.0,100,13,6,18,18.0,559.7131111111113,0.06945230078563412,1.250141414141414,15.550582095543959,18.0,61.236,99.0,0.0,1.0,0,0.0,1.0
20,10,static,0.2,1.0,100,10,6,19,19.0,559.8230828282828,0.06661775651249335,1.2657373737373738,16.201054980726315,19.0,62.692,99.0,0.0,1.0,0,0.0,1.0
21,10,static,0.2,1.0,100,13,6,23,23.0,558.972383838384,0.0541256038647343,1.244888888888889,18.916500597847747,23.0,61.756,99.0,0.0,1.0,0,0.0,1.0
22,10,static,0.2,1.0,100,9,9,18,18.0,560.1714383838384,0.07079012345679013,1.2742222222222221,15.751307847082495,18.0,62.852,99.0,0.0,1.0,0,0.0,1.0
23,10,static,0.2,1.0,100,14,5,19,19.0,555.1074141414142,0.06284954811270602,1.1941414141414144,16.020195838433292,19.0,65.78,99.0,0.0,1.0,0,0.0,1.0
24,10,static,0.2,1.0,100,12,5,18,18.0,559.4173535353536,0.07028282828282828,1.265090909090909,15.29907295445385,18.0,63.756,99.0,0.0,1.0,0,0.0,1.0
25,10,static,0.2,0.99,99,10,6,18,18.0,559.3595428571429,0.07001360544217687,1.2602448979591836,15.483598309519017,18.0,62.496,98.0,0.0,1.0,0,0.0,1.0
26,10,static,0.2,1.0,100,8,5,21,21.0,563.4409171717173,0.06323232323232324,1.3278787878787879,19.61073423782921,21.0,61.54,99.0,0.0,1.0,0,0.0,1.0
27,10,static,0.2,1.0,100,9,6,18,18.0,559.7088,0.07052300785634119,1.2694141414141413,15.02287778446719,18.0,63.328,99.0,0.0,1.0,0,0.0,1.0
28,10,static,0.2,0.95,95,7,6,18,18.0,561.1578510638299,0.07185579196217495,1.293404255319149,15.64968152866242,18.0,59.42,94.0,0.0,1.0,0,0.0,1.0
29,10,static,0.2,1.0,100,14,6,20,20.0,557.9726909090909,0.06138787878787879,1.227757575757576,16.236836713788158,20.0,62.452,99.0,0.0,1.0,0,0.0,1.0
30,10,static,0.2,1.0,100,7,6,19,19.0,563.1130626262627,0.0696374269005848,1.3231111111111111,16.775583482944345,19.0,61.012,99.0,0.0,1.0,0,0.0,1.0
31,10,static,0.2,1.0,100,8,6,18,18.0,561.846088888889,0.07260381593714926,1.3068686868686867,15.960412371134021,18.0,62.62,99.0,0.0,1.0,0,0.0,1.0
32,10,static,0.2,1.0,100,12,8,19,19.0,559.1538101010101,0.0657437533227007,1.249131313131313,16.014055394791235,19.0,62.336,99.0,0.0,1.0,0,0.0,1.0
33,10,static,0.2,1.0,100,9,5,19,19.0,561.3132040404042,0.06837214247740563,1.2990707070707073,15.328503374354902,19.0,63.392,99.0,0.0,1.0,0,0.0,1.0
34,10,static,0.2,0.99,99,12,6,19,19.0,558.4524000000001,0.06526745435016111,1.2400816326530613,16.567229394240318,19.0,62.472,98.0,0.0,1.0,0,0.0,1.0
35,10,static,0.2,1.0,100,10,7,18,18.0,561.2563393939395,0.07124130190796857,1.2823434343434343,15.762802699483922,18.0,61.048,99.0,0.0,1.0,0,0.0,1.0
36,10,static,0.2,1.0,100,12,5,19,19.0,556.7735434343435,0.06429346092503986,1.2215757575757575,14.555210918114144,19.0,65.064,99.0,0.0,1.0,0,0.0,1.0
37,10,static,0.2,1.0,100,11,7,19,19.0,558.3265939393939,0.06558639021796915,1.2461414141414142,16.12295081967213,19.0,63.632,99.0,0.0,1.0,0,0.0,1.0
38,10,static,0.2,1.0,100,16,5,19,19.0,556.5906222222224,0.0633343965975545,1.2033535353535354,15.67966686979484,19.0,62.868,99.0,0.0,1.0,0,0.0,1.0
39,10,static,0.2,1.0,100,13,6,17,17.0,557.122298989899,0.07180273321449791,1.220646464646465,14.428542953956548,17.0,64.156,99.0,0.0,1.0,0,0.0,1.0
0,10,bsps,0.2,1.0,100,10,5,18,14.808,545.4355717171718,0.06481277527846155,0.9579797979797979,42.13413909253022,115.0,35.38,69.1,0.44396480159389007,0.6957790749887741,0,0.2993857737269665,1.0
1,10,bsps,0.2,1.0,100,12,5,18,14.208,543.6637131313132,0.06551590691938286,0.9296565656565656,41.4452366805308,114.0,35.82,68.632,0.4443747760659262,0.6960352422907489,0,0.30204000792236085,1.0
2,10,bsps,0.2,1.0,100,10,6,18,14.176,546.0832646464647,0.0682249231160996,0.9658989898989898,42.92710205712003,114.0,35.116,69.14,0.443456705701342,0.691699604743083,0,0.3087677251847414,1.0
3,10,bsps,0.2,1.0,100,11,7,19,15.28,547.2977333333334,0.06435279335769531,0.9809292929292929,41.068425228084095,116.0,34.812,70.072,0.44582124967044556,0.7015287551565154,0,0.28183260610868704,1.0
4,10,bsps,0.2,0.99,99,11,6,18,15.388,544.4093551020409,0.06148305450385283,0.9442448979591838,42.67160189183632,115.0,35.504,68.92,0.44073315965761073,0.683408295852074,0,0.306395229282336,1.0
5,10,bsps,0.2,1.0,100,8,6,19,16.804,549.0027313131314,0.060294053935591604,1.0122828282828285,42.44736842105263,116.0,34.452,70.916,0.4439674447723817,0.6923076923076923,0,0.2852226720647773,1.0
6,10,bsps,0.2,0.99,99,13,6,20,15.992,545.1802040816326,0.05954231504246194,0.9504081632653062,43.11482084690554,116.0,35.128,69.392,0.4403211593067659,0.6770530763137048,0,0.30313517915309446,1.0
7,10,bsps,0.2,1.0,100,11,7,20,15.052,545.2567595959597,0.06354418219093141,0.9532929292929293,42.246245628471506,115.0,35.508,69.18,0.44710632570659486,0.6962386511024643,0,0.2912980868134129,1.0
8,10,bsps,0.2,1.0,100,8,6,19,15.092,545.0101777777779,0.06339595894301776,0.9564040404040404,42.29877800407332,115.0,36.152,68.74,0.44768620537681797,0.6942381562099872,0,0.2945010183299389,1.0
9,10,bsps,0.2,1.0,100,12,6,18,14.996,545.0228444444446,0.06352990099950884,0.9509494949494949,41.525572139303485,115.0,35.988,69.628,0.4455815609148349,0.6947420882133067,0,0.28875621890547265,1.0
10,10,bsps,0.2,1.0,100,12,9,17,14.14,546.8617171717171,0.06957722799086434,0.9824242424242424,43.35501519756839,114.0,35.504,69.396,0.44181992504140155,0.6883329436520926,0,0.30942249240121583,1.0
11,10,bsps,0.2,1.0,100,9,6,17,13.344,544.9574989898989,0.07154438490802127,0.9537777777777778,42.57991053273688,114.0,36.212,68.776,0.44384850235167916,0.6909381419767177,0,0.30927206181374545,1.0
12,10,bsps,0.2,1.0,100,9,6,18,13.588,543.1231515151516,0.068183941983942,0.9255353535353535,43.4464141821112,114.0,36.096,67.344,0.445270054330457,0.6942462087421944,0,0.3160757453666398,1.0
13,10,bsps,0.2,1.0,100,11,9,18,14.228,546.7893656565657,0.06858115672206581,0.9744242424242424,41.79594820384294,114.0,35.152,69.864,0.44493392070484583,0.6885517895235838,0,0.29699248120300753,1.0
14,10,bsps,0.2,0.94,94,8,5,16,13.468,546.4726537634409,0.07272982429756623,0.9779784946236559,41.10193871169481,114.0,33.896,65.936,0.4418387368027656,0.6911292315295281,0,0.2964352720450281,1.0
15,10,bsps,0.2,1.0,100,12,6,19,15.276,545.3153252525253,0.06257491778374132,0.9548282828282828,41.6246234183571,115.0,35.384,69.932,0.44292666268248954,0.6906927921623512,0,0.2972484434625427,1.0
16,10,bsps,0.2,1.0,100,9,7,19,15.132,545.1508040404042,0.06325702344133717,0.9556363636363636,43.0381069452981,115.0,35.452,68.908,0.44573144573144574,0.6905982905982906,0,0.3015775455849211,1.0
17,10,bsps,0.2,0.98,98,12,5,19,15.192,545.1736164948454,0.06314068085071724,0.9574432989690722,43.95916666666667,116.0,35.68,67.76,0.4446994814248066,0.6908189756903469,0,0.306875,1.0
18,10,bsps,0.2,1.0,100,12,7,19,15.68,547.0541373737374,0.06233269511896963,0.9752323232323232,41.54224924012158,115.0,34.064,70.044,0.44552016985138004,0.6968047337278106,0,0.28936170212765955,1.0
19,10,bsps,0.2,1.0,100,13,6,18,14.38,546.5471757575759,0.06754244687774098,0.97010101010101,40.50100361300682,114.0,35.432,70.592,0.444945509207065,0.6947614107883817,0,0.2844239261340827,1.0
20,10,bsps,0.2,1.0,100,10,6,19,15.072,545.8021131313133,0.06410834151324347,0.9635555555555556,43.17123148711706,115.0,35.46,69.464,0.44389532528558695,0.6870887224869526,0,0.30290119699736257,1.0
21,10,bsps,0.2,1.0,100,13,6,23,18.228,545.6181656565657,0.05250011183633475,0.9560808080808081,43.855719410123555,118.0,34.928,70.032,0.44435784186368754,0.6928384487270997,0,0.29314467915504183,1.0
22,10,bsps,0.2,1.0,100,9,9,18,14.7,546.008804040404,0.06581581011581013,0.9666262626262626,42.498993963782695,115.0,35.216,69.284,0.44312957602588116,0.687353079454631,0,0.30181086519114686,1.0
23,10,bsps,0.2,1.0,100,14,5,19,14.596,541.3100404040404,0.06143764880725665,0.8931313131313131,43.433700530395754,115.0,36.772,67.992,0.44549647972808937,0.6913271113134533,0,0.31476948184414527,1.0
24,10,bsps,0.2,1.0,100,12,5,18,14.424,545.2930222222222,0.06648142841182056,0.9573333333333333,42.03970173317211,115.0,35.496,68.804,0.4454882571075402,0.6971363115693012,0,0.2980652962515115,1.0
25,10,bsps,0.2,0.99,99,10,6,18,14.716,545.3835510204083,0.06518165394362874,0.9568163265306123,42.28919299657879,115.0,34.94,68.356,0.44305421880012835,0.690423654015887,0,0.3012678607365667,1.0
26,10,bsps,0.2,1.0,100,8,5,21,16.0,549.2684565656566,0.06384536395073032,1.0211717171717172,43.16161213088587,116.0,35.084,70.392,0.44359177913028136,0.6927696372808071,0,0.288707102952913,1.0
27,10,bsps,0.2,1.0,100,9,6,18,15.24,545.0518949494951,0.06274561421455127,0.9537777777777777,43.27633955448525,115.0,35.412,68.652,0.44401007731734865,0.6952111347015806,0,0.3076459963877182,1.0
28,10,bsps,0.2,0.95,95,7,6,18,15.288,546.7338893617022,0.06434519843944125,0.9827659574468085,42.41783439490446,115.0,33.844,66.204,0.44369501466275657,0.693368700265252,0,0.2957537154989384,1.0
29,10,bsps,0.2,1.0,100,14,6,20,15.448,545.1240404040403,0.061576059242519514,0.9479191919191919,41.18336406474083,115.0,35.356,70.012,0.445799690774781,0.6923076923076923,0,0.28846547838557673,1.0
30,10,bsps,0.2,1.0,100,7,6,19,16.908,548.981701010101,0.06007032693637441,1.0153939393939395,43.32675044883303,117.0,34.484,70.496,0.4445598545832251,0.6912080057183703,0,0.28785158587672055,1.0
31,10,bsps,0.2,1.0,100,8,6,18,14.94,547.4144848484849,0.0665565015957173,0.9930505050505051,42.78371134020619,115.0,35.2,69.556,0.445929734361611,0.6901960784313725,0,0.29896907216494845,1.0
32,10,bsps,0.2,1.0,100,12,8,19,15.92,545.5391111111112,0.060149902711667425,0.957090909090909,43.933443571723856,116.0,35.592,69.816,0.4422849877395332,0.6823765354725495,0,0.30570483670938403,1.0
33,10,bsps,0.2,1.0,100,9,5,19,14.816,546.7012242424244,0.06667939729116198,0.9814545454545455,42.6540293767368,115.0,35.308,68.832,0.44272445820433437,0.6863270777479893,0,0.30607383882493056,1.0
34,10,bsps,0.2,0.99,99,12,6,19,14.256,544.8784816326531,0.0664522211082235,0.9444081632653061,42.51261171797418,114.0,34.424,68.04,0.44300278035217794,0.6936772426386669,0,0.30486593843098314,1.0
35,10,bsps,0.2,1.0,100,10,7,18,15.372,547.4137535353536,0.06419701841368507,0.9854949494949494,40.83525208416038,115.0,34.596,70.132,0.44528567655603485,0.701038396522579,0,0.28304882890035726,1.0
36,10,bsps,0.2,1.0,100,12,5,19,14.108,542.5375797979798,0.06497569498237947,0.9137777777777778,44.15198511166253,114.0,36.412,68.04,0.4432520325203252,0.6853932584269663,0,0.3273366418527709,1.0
37,10,bsps,0.2,1.0,100,11,7,19,15.588,544.1249979797981,0.060288453920806874,0.9386666666666666,42.98545081967213,116.0,35.932,69.072,0.444877552749767,0.6923076923076923,0,0.3010245901639344,1.0
38,10,bsps,0.2,1.0,100,16,5,19,14.944,543.3222545454546,0.06157777581895229,0.9187878787878787,42.04854763355677,114.0,35.628,69.34,0.44380137560811944,0.6890018484288355,0,0.30408287629494213,1.0
39,10,bsps,0.2,1.0,100,13,6,17,13.384,543.3670343434344,0.06908287739196829,0.9233131313131313,41.57604145903927,113.0,35.896,68.532,0.44492544492544495,0.6966416261599646,0,0.30396651385290013,1.0
0,10,baps,0.2,1.0,100,10,5,18,12.5,536.0615070707071,0.050688792688792686,0.7898585858585859,57.16306716861502,118.0,28.664,57.18,0.5569212511655506,0.6427812034871359,0,0.42876956607885874,1.0
1,10,baps,0.2,1.0,100,12,5,18,12.0,534.8442141414142,0.049849607182940514,0.7675151515151516,57.75282234105764,118.0,27.544,55.764,0.5553107500229505,0.6382832224007344,0,0.4359279065161418,1.0
2,10,baps,0.2,1.0,100,10,6,18,12.5,536.8047030303031,0.05195286195286195,0.8004848484848484,56.94847213900539,118.0,28.424,57.336,0.5566399442314395,0.6436781609195402,0,0.4220091871380068,1.0
3,10,baps,0.2,1.0,100,11,7,19,13.0,538.8559434343434,0.054445811498443075,0.833050505050505,53.652518841729474,119.0,29.028,59.5,0.5579703637180062,0.647880870561283,0,0.3954779849266164,1.0
4,10,baps,0.2,0.99,99,11,6,18,13.0,535.2922938775511,0.04753514739229025,0.7758367346938776,56.71869216533004,118.0,27.976,56.504,0.555745164960182,0.6399333650642551,0,0.4310096648159572,1.0
5,10,baps,0.2,1.0,100,8,6,19,14.5,538.8982303030305,0.0485471557682084,0.8345050505050505,56.098380566801616,118.0,28.384,59.0,0.556979405034325,0.6439306358381502,0,0.41072874493927125,1.0
6,10,baps,0.2,0.99,99,13,6,20,13.5,537.0553836734695,0.04891137026239067,0.8018367346938776,55.47048045602606,120.0,27.588,57.584,0.5557101679753503,0.6422949987306423,0,0.40289087947882735,1.0
7,10,baps,0.2,1.0,100,11,7,20,13.0,535.8200202020203,0.04805925925925926,0.7831919191919192,60.1610779674964,120.0,27.52,56.028,0.5534879457328811,0.6426301637741384,0,0.43180415552355483,1.0
8,10,baps,0.2,1.0,100,8,6,19,13.0,536.2483070707073,0.04924189261031366,0.7974141414141414,57.9816700610998,119.0,29.056,57.0,0.5518451845184519,0.6391304347826087,0,0.42484725050916494,1.0
9,10,baps,0.2,1.0,100,12,6,18,12.0,535.8823797979799,0.052152637485970814,0.7832727272727272,56.98567164179104,118.0,28.116,57.08,0.5552825552825553,0.6425721661581788,0,0.4222885572139303,1.0
10,10,baps,0.2,1.0,100,12,9,17,12.0,537.5941292929293,0.05501162889398183,0.8145050505050506,57.15521783181357,117.0,28.064,57.1,0.5573610371159652,0.6439393939393939,0,0.42411347517730497,1.0
11,10,baps,0.2,1.0,100,9,6,17,11.5,535.1025373737374,0.0521319073083779,0.7735757575757575,59.11508743391622,117.0,28.012,55.548,0.5548621067723708,0.6401033814344174,0,0.4436762911752745,1.0
12,10,baps,0.2,1.0,100,9,6,18,12.0,534.348694949495,0.04932659932659932,0.7653737373737374,59.59105560032232,118.0,28.96,55.616,0.5550387596899224,0.6421496311907271,0,0.4403706688154714,1.0
13,10,baps,0.2,1.0,100,11,9,18,12.5,538.5023595959597,0.056884399551066216,0.8288080808080808,54.04406850459482,118.0,29.456,59.504,0.5542524468444144,0.6462028194633924,0,0.3982873851294904,1.0
14,10,baps,0.2,0.94,94,8,5,16,11.0,536.099870967742,0.05552777777777779,0.7878709677419354,57.640817177402546,116.0,25.692,52.732,0.5579419625811378,0.6420215255030417,0,0.43944131749009796,1.0
15,10,baps,0.2,1.0,100,12,6,19,13.5,537.6613252525253,0.050901648059542795,0.8162424242424242,53.79955814420566,118.0,29.86,60.084,0.5557008368200836,0.6411219081272085,0,0.39325165695922876,1.0
16,10,baps,0.2,1.0,100,9,7,19,13.084,536.5521939393941,0.049072947520315935,0.7981010101010102,56.48924400737554,119.0,28.656,57.584,0.5562630844382415,0.650489967335511,0,0.4079082155296046,1.0
17,10,baps,0.2,0.98,98,12,5,19,13.0,535.8779752577319,0.048550344934501194,0.7889896907216495,58.19895833333333,119.0,28.368,55.7,0.5560545862843324,0.6467661691542289,0,0.41854166666666665,1.0
18,10,baps,0.2,1.0,100,12,7,19,13.5,537.3618262626263,0.049569377990430624,0.8067070707070707,55.79452887537994,119.0,28.496,58.68,0.556539864512767,0.645118145341061,0,0.40790273556231005,1.0
19,10,baps,0.2,1.0,100,13,6,18,11.556,535.6338505050505,0.052350168350168355,0.775070707070707,59.25411481332798,118.0,26.88,56.056,0.5536385542168675,0.6349090909090909,0,0.44500200722601363,1.0
20,10,baps,0.2,1.0,100,10,6,19,13.0,536.3464686868687,0.04927136021872864,0.7947878787878787,58.20288090890647,119.0,28.816,57.5,0.5532674582745163,0.6362863819842788,0,0.42990464597281397,1.0
21,10,baps,0.2,1.0,100,13,6,23,16.008,536.1294505050506,0.04023852047040453,0.7895757575757575,60.06297329613392,123.0,28.504,57.836,0.5530350022153301,0.6340425531914894,0,0.42287764049422083,1.0
22,10,baps,0.2,1.0,100,9,9,18,12.5,537.3192323232323,0.0528632355299022,0.8088080808080809,56.548088531187126,118.0,28.256,57.664,0.5561631944444444,0.6444196428571428,0,0.41750503018108653,1.0
23,10,baps,0.2,1.0,100,14,5,19,12.144,533.7426828282829,0.04982449051922736,0.7542626262626263,57.006323949408404,119.0,29.032,56.352,0.5559578670177748,0.6478903871248369,0,0.41962464300285596,1.0
24,10,baps,0.2,1.0,100,12,5,18,12.0,536.0073696969698,0.052377104377104376,0.790060606060606,57.049173720274084,118.0,28.784,57.0,0.5545147679324894,0.6389247311827957,0,0.4254332930270052,1.0
25,10,baps,0.2,0.99,99,10,6,18,13.0,536.8237673469389,0.05149603174603175,0.8059591836734694,54.69470718454417,118.0,29.516,58.0,0.5566849741782113,0.644032493230577,0,0.4008854900382371,1.0
26,10,baps,0.2,1.0,100,8,5,21,14.5,538.4439636363636,0.045557960557960554,0.8276363636363636,61.11073423782921,121.0,27.564,57.0,0.5576523702031603,0.6442937853107344,0,0.42418196328810853,1.0
27,10,baps,0.2,1.0,100,9,6,18,12.5,536.4100444444446,0.050951098284431624,0.7955959595959596,56.878386514148104,118.0,28.356,57.06,0.5555951850200624,0.6374862183020948,0,0.42644992976118806,1.0
28,10,baps,0.2,0.95,95,7,6,18,12.5,536.8626085106383,0.050824045930428906,0.8024255319148936,57.373885350318474,118.0,26.588,54.008,0.5559988032312756,0.6413289705512207,0,0.42547770700636944,1.0
29,10,baps,0.2,1.0,100,14,6,20,13.5,536.7359191919193,0.04986897546897547,0.799959595959596,55.76951444376152,120.0,29.304,59.0,0.5518934081346424,0.6363426992169507,0,0.4068838352796558,1.0
30,10,baps,0.2,1.0,100,7,6,19,14.5,538.7580040404042,0.04836746411483254,0.8345454545454545,56.4687811689607,119.0,28.38,58.5,0.5562433675274142,0.6431787483115714,0,0.40514661879114305,1.0
31,10,baps,0.2,1.0,100,8,6,18,13.0,538.265296969697,0.05306734006734007,0.8314747474747475,55.49938144329897,118.0,29.6,58.708,0.5553328685953294,0.6485727655591952,0,0.4045360824742268,1.0
32,10,baps,0.2,1.0,100,12,8,19,13.124,536.2761333333334,0.04823270296954507,0.788080808080808,58.40140553947912,119.0,27.76,57.14,0.5542946766306854,0.6414323479932709,0,0.43282348077718064,1.0
33,10,baps,0.2,1.0,100,9,5,19,12.688,537.9507353535354,0.05360238981291613,0.8264242424242424,55.10599444223898,119.0,29.56,58.188,0.5570469798657718,0.6470839564195685,0,0.40631202858277093,1.0
34,10,baps,0.2,0.99,99,12,6,19,12.5,535.717636734694,0.050077336197636955,0.7806122448979592,57.24627606752731,119.0,28.0,56.5,0.5575814913563258,0.6448193813540991,0,0.4170804369414101,1.0
35,10,baps,0.2,1.0,100,10,7,18,12.5,538.4310262626262,0.05522142055475389,0.8267474747474747,54.91564112743152,118.0,28.684,59.016,0.5562782294489611,0.6406320541760723,0,0.4017467248908297,1.0
36,10,baps,0.2,1.0,100,12,5,19,12.5,533.7997494949495,0.046633351054403686,0.754020202020202,57.37882547559967,119.0,28.552,55.6,0.5555096646291096,0.6447028423772609,0,0.43507030603804797,1.0
37,10,baps,0.2,1.0,100,11,7,19,13.0,535.4738545454545,0.04816799574694311,0.7813737373737373,58.747950819672134,119.0,28.644,57.0,0.5523735138418815,0.6348000893455439,0,0.43524590163934423,1.0
38,10,baps,0.2,1.0,100,16,5,19,13.5,535.0942787878788,0.046876395534290266,0.7707070707070707,57.18058094657729,119.0,29.108,58.204,0.5539506491273322,0.635851915999134,0,0.42392849888279505,1.0
39,10,baps,0.2,1.0,100,13,6,17,11.5,534.7301696969697,0.053199049316696376,0.7672727272727272,57.520430536176995,117.0,28.564,56.512,0.5547415212380639,0.6370568837592745,0,0.4383097468606737,1.0
0,10,lt,0.2,1.0,100,10,5,18,13.808,542.6009656565658,0.06371045099681465,0.8991515151515153,47.21656429562116,115.0,31.152,64.172,0.5416314811687215,0.650279089738085,0,0.3520903507033882,1.0
1,10,lt,0.2,1.0,100,12,5,18,13.852,541.1648484848487,0.06223164650758234,0.8796767676767676,46.217072687660924,115.0,33.044,65.108,0.5343741440701177,0.6474284384454271,0,0.3479897009308774,1.0
2,10,lt,0.2,1.0,100,10,6,18,13.396,543.385684848485,0.0667278389960208,0.9139797979797979,46.061513880567205,115.0,32.16,65.124,0.536988911988912,0.6532764811490126,0,0.3403235470341522,1.0
3,10,lt,0.2,1.0,100,11,7,19,14.968,545.3415595959598,0.06184681999191803,0.9397575757575758,44.97500991669972,117.0,32.104,67.016,0.5284487385936661,0.6564090698750579,0,0.3197143990479968,1.0
4,10,lt,0.2,0.99,99,11,6,18,15.356,542.882318367347,0.058954567321434066,0.910530612244898,45.788402220851324,115.0,32.888,66.16,0.5370580449990546,0.6459731543624161,0,0.3360065803002262,1.0
5,10,lt,0.2,1.0,100,8,6,19,15.888,546.0422222222222,0.05877392844322669,0.9544646464646465,46.900404858299595,118.0,30.964,66.348,0.5483401546157344,0.6519388954171563,0,0.3303643724696356,1.0
6,10,lt,0.2,0.99,99,13,6,20,16.748,543.9966489795919,0.054700882959700166,0.924204081632653,44.55802117263843,117.0,33.028,67.272,0.5394190871369294,0.6544610624033007,0,0.30822475570032576,1.0
7,10,lt,0.2,1.0,100,11,7,20,15.016,543.4409737373737,0.06007404719463543,0.9154747474747476,44.881917300966876,116.0,33.064,66.268,0.5325099891027969,0.660481444332999,0,0.3149557704176095,1.0
8,10,lt,0.2,1.0,100,8,6,19,14.768,543.1305373737374,0.06094183857338937,0.9165252525252525,45.73971486761711,116.0,33.484,65.708,0.5435892841143267,0.648813890926877,0,0.3268839103869654,1.0
9,10,lt,0.2,1.0,100,12,6,18,15.168,543.5766101010101,0.06060257302610244,0.9231111111111111,44.971144278606964,116.0,34.516,67.608,0.5276345545002261,0.6479141835518475,0,0.31960199004975126,1.0
10,10,lt,0.2,1.0,100,12,9,17,14.084,546.0038262626264,0.06771755640873289,0.9633131313131312,45.41843971631206,115.0,33.932,67.744,0.5195530726256983,0.6536999776436396,0,0.3262411347517731,1.0
11,10,lt,0.2,1.0,100,9,6,17,13.028,542.4678303030303,0.06838678156859976,0.9034747474747474,47.02684017893453,114.0,32.6,64.392,0.5426337033299697,0.6451822916666666,0,0.35420902806018706,1.0
12,10,lt,0.2,1.0,100,9,6,18,13.576,540.325191919192,0.0619868722186904,0.8704646464646464,49.85253827558421,116.0,32.684,62.952,0.537984496124031,0.6442571127502634,0,0.37107171635777597,1.0
13,10,lt,0.2,1.0,100,11,9,18,13.86,544.2498060606061,0.06631503967413059,0.9262222222222223,45.251670843776104,115.0,32.736,66.46,0.5223792697290931,0.655820348304308,0,0.3316624895572264,1.0
14,10,lt,0.2,0.94,94,8,5,16,12.876,544.5672301075269,0.07150280185764056,0.9347956989247311,44.01271628100896,114.0,30.792,62.78,0.5469613259668509,0.6455785512699906,0,0.32770481550969355,1.0
15,10,lt,0.2,1.0,100,12,6,19,15.06,542.3860484848486,0.05862104852960468,0.9006464646464647,46.60012050612573,116.0,32.736,65.932,0.5309973045822103,0.6439208713047344,0,0.3442458324964852,1.0
16,10,lt,0.2,1.0,100,9,7,19,14.904,543.5399030303031,0.061860771581359816,0.9253737373737374,44.87051833640648,115.0,34.116,66.9,0.5289256198347108,0.6559341950646298,0,0.3216553984839172,1.0
17,10,lt,0.2,0.98,98,12,5,19,15.316,541.5306226804124,0.05691393171547811,0.8898144329896907,49.48458333333333,118.0,32.504,62.976,0.5355536332179931,0.6518018018018018,0,0.35520833333333335,1.0
18,10,lt,0.2,1.0,100,12,7,19,15.468,544.1431393939394,0.058556096626684866,0.9171313131313131,46.90354609929078,116.0,30.412,65.464,0.536086051353227,0.6442307692307693,0,0.3458966565349544,1.0
19,10,lt,0.2,1.0,100,13,6,18,14.568,544.5024808080809,0.06294851629851629,0.9324444444444444,44.712765957446805,116.0,33.948,68.3,0.5302724035037059,0.6407200194599854,0,0.3235648334002409,1.0
20,10,lt,0.2,1.0,100,10,6,19,14.34,542.6414141414142,0.06275457755751873,0.904040404040404,46.64374112396023,115.0,32.644,65.34,0.5398544732925418,0.6475515463917526,0,0.3422600933252181,1.0
21,10,lt,0.2,1.0,100,13,6,23,17.724,542.3526626262627,0.049423488012961696,0.8963232323232323,47.54463929852531,119.0,32.624,66.208,0.5401479133650291,0.6441256830601093,0,0.3290155440414508,1.0
22,10,lt,0.2,1.0,100,9,9,18,14.72,543.8971232323232,0.06180460476342829,0.9282424242424242,45.461167002012075,116.0,33.556,66.604,0.5303657694962043,0.653584392014519,0,0.32575452716297787,1.0
23,10,lt,0.2,1.0,100,14,5,19,14.424,537.7902141414143,0.0560540737040737,0.8262626262626263,47.14953080375357,116.0,33.864,63.656,0.5397904044539054,0.6538800705467372,0,0.35006119951040393,1.0
24,10,lt,0.2,1.0,100,12,5,18,14.136,542.2848929292929,0.062141996575419044,0.8991111111111111,48.464328899637245,116.0,32.012,64.16,0.5386493768945773,0.6444636678200693,0,0.3593309149536477,1.0
25,10,lt,0.2,0.99,99,10,6,18,14.36,541.6169387755103,0.06005635697835578,0.8876734693877552,47.68565103642584,116.0,32.276,63.884,0.5311427170181462,0.6489718841796055,0,0.34976856510364257,1.0
26,10,lt,0.2,1.0,100,8,5,21,15.56,546.5482545454546,0.060357935761444534,0.9661818181818181,48.70989624900239,118.0,31.424,65.908,0.5515840779853778,0.6451029178918797,0,0.337390263367917,1.0
27,10,lt,0.2,1.0,100,9,6,18,14.344,542.6090505050506,0.0626479793725783,0.9052121212121212,47.53582179409994,115.0,32.524,65.012,0.5422585227272727,0.6419973250111458,0,0.3527995183624323,1.0
28,10,lt,0.2,0.95,95,7,6,18,14.972,544.5138468085107,0.0611958314422332,0.9398723404255319,46.66836518046709,116.0,31.372,62.948,0.5398150909633165,0.6505962953565085,0,0.3316348195329087,1.0
29,10,lt,0.2,1.0,100,14,6,20,15.112,542.1187595959597,0.05769074214364579,0.8921212121212121,46.314689612784264,117.0,32.876,66.128,0.5319409245827144,0.6484792198746228,0,0.33312845728334356,1.0
30,10,lt,0.2,1.0,100,7,6,19,15.636,546.3604969696969,0.06092208075149252,0.9610909090909091,46.44723718332336,115.0,30.388,65.768,0.5487364620938628,0.6492146596858639,0,0.32854578096947934,1.0
31,10,lt,0.2,1.0,100,8,6,18,14.616,545.0585535353537,0.06410763784935847,0.9438383838383838,47.58762886597938,117.0,31.464,65.288,0.5431915451131103,0.6414787258777028,0,0.3461855670103093,1.0
32,10,lt,0.2,1.0,100,12,8,19,15.916,544.762496969697,0.0589483108394873,0.9385454545454546,44.779247622984705,116.0,34.012,68.34,0.5202931745304626,0.6589963280293758,0,0.312525837122778,1.0
33,10,lt,0.2,1.0,100,9,5,19,13.552,543.4280242424243,0.06557690931897704,0.9164444444444446,47.420007939658596,117.0,31.06,63.524,0.5481867858917039,0.6457619863013698,0,0.3535132989281461,1.0
34,10,lt,0.2,0.99,99,12,6,19,14.4,541.9453755102041,0.06162620916498467,0.8889795918367347,46.532671300893746,115.0,31.472,63.868,0.5321752524388157,0.6520595968448729,0,0.3455809334657398,1.0
35,10,lt,0.2,1.0,100,10,7,18,15.408,544.4352525252525,0.05894861479709965,0.9315555555555557,46.32512901945216,118.0,32.592,66.66,0.5345356176735798,0.6471655328798186,0,0.3314807463279079,1.0
36,10,lt,0.2,1.0,100,12,5,19,14.192,539.4684808080809,0.05822679731636951,0.851919191919192,48.186724565756826,116.0,32.484,63.24,0.5393684557671696,0.6492101276779918,0,0.36579818031430933,1.0
37,10,lt,0.2,1.0,100,11,7,19,15.124,541.5778828282829,0.057365518033165086,0.8880808080808081,47.003483606557374,117.0,33.008,65.272,0.5344634713019534,0.6549440511532313,0,0.3389344262295082,1.0
38,10,lt,0.2,1.0,100,16,5,19,14.752,541.3162787878789,0.05823788161729338,0.8769292929292929,46.54641478773106,115.0,32.512,65.788,0.5369323050556983,0.646943231441048,0,0.3461304082876295,1.0
39,10,lt,0.2,1.0,100,13,6,17,13.04,541.2437292929294,0.06633082338536883,0.8797171717171717,46.813633645604945,114.0,33.256,65.324,0.5294455852156057,0.6435233160621762,0,0.3559896352401834,1.0
0,10,ewma,0.2,1.0,100,10,5,18,14.456,544.4922383838384,0.06485927246319403,0.9364848484848485,43.80859916782247,114.0,33.108,66.808,0.49129852744310576,0.6721635883905013,0,0.3199920744997028,1.0
1,10,ewma,0.2,1.0,100,12,5,18,13.908,543.0371717171718,0.0657092426092426,0.913090909090909,43.72291542879778,113.0,33.68,66.696,0.48907227713793416,0.6736916883731944,0,0.3277876807288572,1.0
2,10,ewma,0.2,1.0,100,10,6,18,13.984,545.1135393939395,0.06768039771676135,0.944969696969697,44.59496704613541,114.0,33.16,67.004,0.48960758947822336,0.6690124858115778,0,0.3273417215897743,1.0
3,10,ewma,0.2,1.0,100,11,7,19,15.028,546.3017535353536,0.06399734419538342,0.9589494949494949,43.31753272510908,116.0,32.628,67.772,0.49206630617853025,0.6752785020146954,0,0.3064260214200714,1.0
4,10,ewma,0.2,0.99,99,11,6,18,15.108,543.3772571428572,0.06111949724944923,0.9221224489795918,44.238535883199674,115.0,33.676,66.892,0.49016669788349876,0.6677308447937131,0,0.32449105490438,1.0
5,10,ewma,0.2,1.0,100,8,6,19,16.42,548.0792404040404,0.06036706551484673,0.9907474747474748,44.097773279352225,116.0,32.22,68.7,0.49210787408676826,0.6764352630314677,0,0.305668016194332,1.0
6,10,ewma,0.2,0.99,99,13,6,20,15.892,544.4338122448979,0.05883236184583724,0.9331428571428572,44.32308631921824,116.0,33.3,67.604,0.488915164055572,0.6660607634380681,0,0.31555374592833874,1.0
7,10,ewma,0.2,1.0,100,11,7,20,14.748,544.3149616161618,0.06343607875898898,0.931919191919192,44.44126722896523,115.0,33.332,66.936,0.4953431594176689,0.6703882263384928,0,0.3163958033326476,1.0
8,10,ewma,0.2,1.0,100,8,6,19,14.82,544.0851555555556,0.0631573843367961,0.9350707070707069,44.31384928716904,115.0,34.024,66.568,0.4932540387005148,0.6701807228915663,0,0.31690427698574336,1.0
9,10,ewma,0.2,1.0,100,12,6,18,14.788,543.90578989899,0.06287383901501549,0.9286868686868687,45.2081592039801,115.0,34.252,67.52,0.4907090023453004,0.6604226705091258,0,0.32736318407960197,1.0
10,10,ewma,0.2,1.0,100,12,9,17,13.788,545.9217010101012,0.0697778317641954,0.9607272727272728,44.53698074974671,114.0,33.356,67.256,0.4895833333333333,0.6738326398520573,0,0.3250253292806484,1.0
11,10,ewma,0.2,1.0,100,9,6,17,13.128,543.9715797979799,0.07092183775820139,0.9299797979797979,44.81272875152501,113.0,33.496,66.128,0.4944259567387687,0.6709821428571429,0,0.33387555917039446,1.0
12,10,ewma,0.2,1.0,100,9,6,18,13.308,541.7065333333335,0.06744185074185075,0.8965656565656566,46.88033843674456,114.0,33.74,64.632,0.4901881611887265,0.6629846220489495,0,0.35314262691377923,1.0
13,10,ewma,0.2,1.0,100,11,9,18,13.892,545.4471636363637,0.06823893883893885,0.946989898989899,43.79887218045113,114.0,32.872,67.244,0.49348370927318297,0.6703271028037383,0,0.3197577276524645,1.0
14,10,ewma,0.2,0.94,94,8,5,16,13.256,545.9688817204302,0.07275550614260291,0.9635698924731182,41.82551594746717,113.0,31.952,64.292,0.48885125599774204,0.6770201407425382,0,0.3047738169689389,1.0
15,10,ewma,0.2,1.0,100,12,6,19,14.82,544.5625131313132,0.06323464063169945,0.9354343434343434,43.14601325567383,114.0,32.912,67.616,0.49285099052540915,0.673120728929385,0,0.3171319542076722,1.0
16,10,ewma,0.2,1.0,100,9,7,19,14.884,544.0518626262627,0.06275803455803455,0.932,44.79061667691047,115.0,33.384,66.664,0.4934739389748466,0.6730447261420712,0,0.32206515058389673,1.0
17,10,ewma,0.2,0.98,98,12,5,19,14.888,544.3219298969072,0.06301848650641859,0.9367010309278351,44.50333333333333,115.0,33.272,65.456,0.49551320399965815,0.6780646662014422,0,0.31625,1.0
18,10,ewma,0.2,1.0,100,12,7,19,15.24,545.9589090909092,0.06252033928308438,0.9518383838383838,43.782168186423505,115.0,31.984,67.744,0.4905968226706741,0.6695752009184845,0,0.315096251266464,1.0
19,10,ewma,0.2,1.0,100,13,6,18,14.192,545.742395959596,0.06718250877662643,0.9519191919191919,42.95283018867924,114.0,33.468,68.608,0.4903004944845949,0.6679216867469879,0,0.31051786431152145,1.0
20,10,ewma,0.2,1.0,100,10,6,19,14.452,545.131191919192,0.06548355870708812,0.9443636363636365,44.632379793061475,115.0,32.768,67.088,0.49214531173294057,0.6711572438162544,0,0.32298640697910325,1.0
21,10,ewma,0.2,1.0,100,13,6,23,17.968,544.7129494949495,0.052189542185827005,0.9361616161616162,44.99581506576325,118.0,33.092,68.072,0.49127551910661316,0.6714085820895522,0,0.3074930251096054,1.0
22,10,ewma,0.2,1.0,100,9,9,18,14.456,544.6827474747474,0.06497974215327156,0.9389494949494949,44.062977867203216,114.0,32.976,66.736,0.4943089430894309,0.6725376593279259,0,0.31951710261569416,1.0
23,10,ewma,0.2,1.0,100,14,5,19,14.376,540.162896969697,0.06058067085420026,0.8678383838383839,45.44655242758058,115.0,34.336,65.436,0.492831541218638,0.672552525704068,0,0.33761729906160753,1.0
24,10,ewma,0.2,1.0,100,12,5,18,14.152,544.0563595959596,0.06590458931047166,0.9307474747474747,45.74445787988714,114.0,33.172,66.232,0.4894666443738505,0.6639488761568973,0,0.3373639661426844,1.0
25,10,ewma,0.2,0.99,99,10,6,18,14.424,544.3690775510204,0.0647424731431034,0.9328571428571428,43.73938418192795,115.0,32.328,65.784,0.49206991422560287,0.6766479965532098,0,0.3185751660293822,1.0
26,10,ewma,0.2,1.0,100,8,5,21,15.596,548.4907434343435,0.06435254295450374,1.0025858585858585,45.30466879489226,116.0,33.128,68.476,0.4876217713826079,0.6701461377870563,0,0.3138467677573823,1.0
27,10,ewma,0.2,1.0,100,9,6,18,14.896,543.9545171717173,0.06256545052623484,0.929939393939394,45.46799116997793,115.0,33.264,66.348,0.4909426661976785,0.6676564641388762,0,0.3327312863736705,1.0
28,10,ewma,0.2,0.95,95,7,6,18,14.904,545.8573744680851,0.06463617277243686,0.9626808510638297,43.720382165605095,115.0,31.9,64.24,0.49160530191458024,0.674180865006553,0,0.3125265392781316,1.0
29,10,ewma,0.2,1.0,100,14,6,20,15.068,544.0675232323232,0.06160654254967981,0.9254545454545455,42.55869698832206,115.0,33.312,67.72,0.4942975635044064,0.6793582375478927,0,0.3054701905347265,1.0
30,10,ewma,0.2,1.0,100,7,6,19,16.616,547.6622303030305,0.059528334130036914,0.9882020202020203,45.58567723917814,116.0,32.456,68.144,0.4900899327687069,0.6667442401675587,0,0.3137841611809296,1.0
31,10,ewma,0.2,1.0,100,8,6,18,14.592,546.2649212121213,0.06639494350964939,0.9681616161616161,44.85319587628866,114.0,33.068,67.236,0.4941257774706289,0.6667465261140393,0,0.32329896907216493,1.0
32,10,ewma,0.2,1.0,100,12,8,19,15.716,544.7511474747477,0.05984298475671025,0.9392727272727273,44.534518396031416,116.0,33.748,67.944,0.4921127017415884,0.6692288618894123,0,0.3135593220338983,1.0
33,10,ewma,0.2,1.0,100,9,5,19,14.292,545.5082181818183,0.06725431336999965,0.9551515151515151,45.110361254466056,115.0,32.896,66.28,0.4928107797222907,0.6652107447040838,0,0.33445811830091304,1.0
34,10,ewma,0.2,0.99,99,12,6,19,13.956,543.683236734694,0.06609102630063014,0.9197551020408162,44.157100297914596,114.0,32.36,65.66,0.49107067287346595,0.673957158962796,0,0.32333664349553126,1.0
35,10,ewma,0.2,1.0,100,10,7,18,15.136,546.2361575757577,0.06363452310217016,0.9608888888888889,43.19849146486701,115.0,32.56,67.796,0.4905727499110637,0.6745770676691729,0,0.3092497022628027,1.0
36,10,ewma,0.2,1.0,100,12,5,19,13.652,541.8229373737374,0.0657382249130021,0.8943030303030303,45.05397022332506,114.0,33.752,65.668,0.4925141127382803,0.673514468743097,0,0.33953680727874275,1.0
37,10,ewma,0.2,1.0,100,11,7,19,15.152,543.263090909091,0.06061345081933318,0.9177777777777778,43.55307377049181,115.0,33.612,66.824,0.4953231292517007,0.6804245283018868,0,0.31004098360655735,1.0
38,10,ewma,0.2,1.0,100,16,5,19,14.708,542.6259595959597,0.061367506567506565,0.9011717171717172,42.99553118017469,114.0,33.304,67.148,0.49341216216216216,0.6748299319727891,0,0.31667682307536055,1.0
39,10,ewma,0.2,1.0,100,13,6,17,13.168,542.320096969697,0.06862927543836635,0.9017777777777778,43.671516842734704,113.0,34.1,66.452,0.4896719319562576,0.6730397422126746,0,0.3270879011361371,1.0
0,10,oracle,0.2,1.0,100,10,5,18,10.612,533.9090181818183,0.0626639330366603,0.6669090909090909,8.445016841688131,12.0,0.0,35.928,1.0,1.0,0,0.0,1.0
1,10,oracle,0.2,1.0,100,12,5,18,9.844,532.8551838383838,0.0661418130690858,0.651070707070707,7.4244404832640125,11.0,0.0,35.512,1.0,1.0,0,0.0,1.0
2,10,oracle,0.2,1.0,100,10,6,18,10.176,534.605991919192,0.06646902300841695,0.6773333333333332,8.491911324146196,11.0,0.0,36.068,1.0,1.0,0,0.0,1.0
3,10,oracle,0.2,1.0,100,11,7,19,10.744,536.5303595959597,0.0657311483129665,0.7065454545454545,8.978778262594208,12.0,0.0,37.6,1.0,1.0,0,0.0,1.0
4,10,oracle,0.2,0.99,99,11,6,18,10.948,533.0652857142858,0.05961726731318568,0.6544897959183673,8.112482006991568,12.0,0.0,35.924,1.0,1.0,0,0.0,1.0
5,10,oracle,0.2,1.0,100,8,6,19,12.164,537.4482626262626,0.05932814054632236,0.7206060606060605,9.647773279352228,13.0,0.0,38.668,1.0,1.0,0,0.0,1.0
6,10,oracle,0.2,0.99,99,13,6,20,11.276,534.6434285714287,0.060148181410426306,0.6783673469387754,8.746742671009772,13.0,0.0,36.96,1.0,1.0,0,0.0,1.0
7,10,oracle,0.2,1.0,100,11,7,20,10.756,534.0450787878789,0.06217475487475487,0.6689292929292928,8.826373174243983,12.0,0.0,35.916,1.0,1.0,0,0.0,1.0
8,10,oracle,0.2,1.0,100,8,6,19,10.524,533.6321333333333,0.0628872312872313,0.6625858585858585,8.607331975560081,12.0,0.0,35.388,1.0,1.0,0,0.0,1.0
9,10,oracle,0.2,1.0,100,12,6,18,10.464,533.7266989898991,0.06331391223815466,0.6642020202020202,8.42407960199005,12.0,0.0,35.944,1.0,1.0,0,0.0,1.0
10,10,oracle,0.2,1.0,100,12,9,17,10.024,534.9558424242425,0.0679633812876237,0.6825454545454545,8.208510638297872,11.0,0.0,36.084,1.0,1.0,0,0.0,1.0
11,10,oracle,0.2,1.0,100,9,6,17,9.108,533.0986222222224,0.07183067179733847,0.6544242424242424,7.649654331028874,10.0,0.0,34.796,1.0,1.0,0,0.0,1.0
12,10,oracle,0.2,1.0,100,9,6,18,9.316,530.9949535353535,0.0667359657177839,0.6225454545454545,7.85757453666398,10.0,0.0,33.268,1.0,1.0,0,0.0,1.0
13,10,oracle,0.2,1.0,100,11,9,18,10.048,534.9309777777778,0.06786281496281495,0.6822626262626263,8.195071010860485,11.0,0.0,36.316,1.0,1.0,0,0.0,1.0
14,10,oracle,0.2,0.94,94,8,5,16,9.56,534.7394752688173,0.07108431950367433,0.6795268817204302,7.886804252657911,11.0,0.0,34.4,1.0,1.0,0,0.0,1.0
15,10,oracle,0.2,1.0,100,12,6,19,10.772,534.246585858586,0.06239165178256087,0.6723232323232323,7.9807190198835105,12.0,0.0,36.968,1.0,1.0,0,0.0,1.0
16,10,oracle,0.2,1.0,100,9,7,19,10.604,533.49,0.06223159175280387,0.6606060606060606,8.581643105920918,12.0,0.0,35.748,1.0,1.0,0,0.0,1.0
17,10,oracle,0.2,0.98,98,12,5,19,10.44,533.1735298969073,0.06275577274958719,0.6555876288659793,8.751041666666667,12.0,0.0,34.22,1.0,1.0,0,0.0,1.0
18,10,oracle,0.2,1.0,100,12,7,19,11.192,536.2625090909091,0.06282347035680369,0.7027474747474747,8.790881458966565,12.0,0.0,38.1,1.0,1.0,0,0.0,1.0
19,10,oracle,0.2,1.0,100,13,6,18,10.508,536.0049090909092,0.06646390780936236,0.6987878787878787,8.377157767964674,12.0,0.0,37.764,1.0,1.0,0,0.0,1.0
20,10,oracle,0.2,1.0,100,10,6,19,10.352,534.3827191919193,0.06522273506515931,0.6741010101010102,8.553053357679042,12.0,0.0,36.308,1.0,1.0,0,0.0,1.0
21,10,oracle,0.2,1.0,100,13,6,23,12.636,534.5518585858587,0.05354862651377802,0.676969696969697,9.462734157034674,14.0,0.0,37.244,1.0,1.0,0,0.0,1.0
22,10,oracle,0.2,1.0,100,9,9,18,10.608,534.3297414141415,0.06348192637889608,0.6732525252525253,8.411468812877263,12.0,0.0,36.148,1.0,1.0,0,0.0,1.0
23,10,oracle,0.2,1.0,100,14,5,19,9.492,529.6983232323233,0.06355506423991272,0.6032323232323233,7.577315381476948,11.0,0.0,33.22,1.0,1.0,0,0.0,1.0
24,10,oracle,0.2,1.0,100,12,5,18,10.112,533.2855151515153,0.0648807313898223,0.6573737373737374,8.389560661023781,12.0,0.0,35.244,1.0,1.0,0,0.0,1.0
25,10,oracle,0.2,0.99,99,10,6,18,10.14,533.7315428571429,0.06538675678063433,0.6642448979591836,8.22358623465486,11.0,0.0,35.504,1.0,1.0,0,0.0,1.0
26,10,oracle,0.2,1.0,100,8,5,21,11.268,537.0606343434343,0.06312635848999484,0.7143838383838383,9.98802873104549,13.0,0.0,37.46,1.0,1.0,0,0.0,1.0
27,10,oracle,0.2,1.0,100,9,6,18,10.508,533.5978101010102,0.06306029929666293,0.6621818181818182,8.362833634356813,12.0,0.0,35.672,1.0,1.0,0,0.0,1.0
28,10,oracle,0.2,0.95,95,7,6,18,10.664,534.7906170212766,0.06368488272956359,0.6802127659574468,8.590445859872611,12.0,0.0,34.58,1.0,1.0,0,0.0,1.0
29,10,oracle,0.2,1.0,100,14,6,20,10.592,533.7901858585859,0.06299238214086698,0.6653737373737374,7.835689407908215,12.0,0.0,36.548,1.0,1.0,0,0.0,1.0
30,10,oracle,0.2,1.0,100,7,6,19,12.264,536.7432040404042,0.057814500875106936,0.709858585858586,10.193496908039098,14.0,0.0,37.988,1.0,1.0,0,0.0,1.0
31,10,oracle,0.2,1.0,100,8,6,18,10.636,535.0922707070708,0.06419994236963933,0.6846868686868687,8.815876288659794,12.0,0.0,36.38,1.0,1.0,0,0.0,1.0
32,10,oracle,0.2,1.0,100,12,8,19,11.092,534.5230626262627,0.06081302872211963,0.6763232323232323,8.91856138900372,12.0,0.0,36.664,1.0,1.0,0,0.0,1.0
33,10,oracle,0.2,1.0,100,9,5,19,9.712,534.5090020202022,0.06978119557210467,0.6757171717171716,8.135172687574434,11.0,0.0,35.608,1.0,1.0,0,0.0,1.0
34,10,oracle,0.2,0.99,99,12,6,19,9.828,533.6212163265307,0.06747571521449072,0.6626122448979592,7.968023833167825,11.0,0.0,35.528,1.0,1.0,0,0.0,1.0
35,10,oracle,0.2,1.0,100,10,7,18,11.196,536.453591919192,0.06320217010823072,0.7055353535353535,8.661175069472012,13.0,0.0,37.952,1.0,1.0,0,0.0,1.0
36,10,oracle,0.2,1.0,100,12,5,19,9.544,531.0812606060607,0.06535006306824488,0.6240808080808081,7.634408602150538,11.0,0.0,33.936,1.0,1.0,0,0.0,1.0
37,10,oracle,0.2,1.0,100,11,7,19,10.844,532.5248565656566,0.05948916448310389,0.6461010101010101,8.492827868852459,12.0,0.0,35.368,1.0,1.0,0,0.0,1.0
38,10,oracle,0.2,1.0,100,16,5,19,10.448,532.8476727272729,0.06232065274792547,0.6511919191919192,7.642494413975219,11.0,0.0,36.132,1.0,1.0,0,0.0,1.0
39,10,oracle,0.2,1.0,100,13,6,17,9.312,532.2014101010102,0.06887640182488668,0.641090909090909,7.410404624277457,10.0,0.0,34.844,1.0,1.0,0,0.0,1.0
0,10,csma,0.2,1.0,100,10,5,18,18.0,1448.499975757576,1.0,18.0,34.683553597650516,115.0,nan,nan,nan,nan,0,0.0,0.8070314043057476
1,10,csma,0.2,1.0,100,12,5,18,18.0,1442.013571717172,1.0,18.0,31.21358024691358,113.0,nan,nan,nan,nan,0,0.0,0.8240081383519837
2,10,csma,0.2,1.0,100,10,6,18,18.0,1435.601256565657,1.0,18.0,32.08019082235347,113.0,nan,nan,nan,nan,0,0.0,0.8943518894758228
3,10,csma,0.2,1.0,100,11,7,19,19.0,1502.1082222222226,1.0,19.0,36.767638548853775,116.0,nan,nan,nan,nan,0,0.0,0.8844488188976378
4,10,csma,0.2,0.99,99,11,6,18,18.0,1438.8486775510207,1.0,18.0,35.11301896463352,115.0,nan,nan,nan,nan,0,0.0,0.8053663570691435
5,10,csma,0.2,1.0,100,8,6,19,19.0,1500.8738222222225,1.0,19.0,33.72767034990792,115.0,nan,nan,nan,nan,0,0.0,0.8698438125750901
6,10,csma,0.2,0.99,99,13,6,20,20.0,1542.374440816327,1.0,20.0,27.32589493258949,113.0,nan,nan,nan,nan,0,0.0,0.8647236180904523
7,10,csma,0.2,1.0,100,11,7,20,20.0,1533.0306343434345,1.0,20.0,25.516741071428573,112.0,nan,nan,nan,nan,0,0.0,0.9065155807365439
8,10,csma,0.2,1.0,100,8,6,19,19.0,1494.5364484848487,1.0,19.0,29.935783783783783,114.0,nan,nan,nan,nan,0,0.0,0.9143930407275603
9,10,csma,0.2,1.0,100,12,6,18,18.0,1442.1289171717176,1.0,18.0,30.938503334156582,114.0,nan,nan,nan,nan,0,0.0,0.8137057877813505
10,10,csma,0.2,1.0,100,12,9,17,17.0,1404.0667070707073,1.0,17.0,40.42998204667864,117.0,nan,nan,nan,nan,0,0.0,0.8996567736725217
11,10,csma,0.2,1.0,100,9,6,17,17.0,1393.5011272727277,1.0,17.0,34.52070141256698,113.0,nan,nan,nan,nan,0,0.0,0.8226808254858746
12,10,csma,0.2,1.0,100,9,6,18,18.0,1437.292771717172,1.0,18.0,33.34384858044164,114.0,nan,nan,nan,nan,0,0.0,0.8925985518905873
13,10,csma,0.2,1.0,100,11,9,18,18.0,1451.533357575758,1.0,18.0,37.21311475409836,115.0,nan,nan,nan,nan,0,0.0,0.91418599876822
14,10,csma,0.2,0.94,94,8,5,16,16.0,1343.4779397849466,1.0,16.0,40.96485706792552,116.0,nan,nan,nan,nan,0,0.0,0.8025678804462218
15,10,csma,0.2,1.0,100,12,6,19,19.0,1490.8345414141418,1.0,19.0,28.49783439490446,113.0,nan,nan,nan,nan,0,0.0,0.7842157842157842
16,10,csma,0.2,1.0,100,9,7,19,19.0,1497.4067434343438,1.0,19.0,33.37530864197531,114.0,nan,nan,nan,nan,0,0.0,0.8924278846153846
17,10,csma,0.2,0.98,98,12,5,19,19.0,1491.627101030928,1.0,19.0,30.695890410958903,114.0,nan,nan,nan,nan,0,0.0,0.9106029106029107
18,10,csma,0.2,1.0,100,12,7,19,19.0,1493.228363636364,1.0,19.0,31.44007319304666,114.0,nan,nan,nan,nan,0,0.0,0.8962689626896269
19,10,csma,0.2,1.0,100,13,6,18,18.0,1438.8012808080812,1.0,18.0,34.6558106841612,115.0,nan,nan,nan,nan,0,0.0,0.8620480710967481
20,10,csma,0.2,1.0,100,10,6,19,19.0,1489.4504888888891,1.0,19.0,29.520227272727272,112.0,nan,nan,nan,nan,0,0.0,0.8801760352070415
21,10,csma,0.2,1.0,100,13,6,23,23.0,1691.9739191919198,1.0,23.0,23.14269911504425,109.0,nan,nan,nan,nan,0,0.0,0.9014758675708018
22,10,csma,0.2,1.0,100,9,9,18,18.0,1443.402795959596,1.0,18.0,37.35230909922268,115.0,nan,nan,nan,nan,0,0.0,0.8825665859564165
23,10,csma,0.2,1.0,100,14,5,19,19.0,1487.7199959595962,1.0,19.0,29.975493694979775,113.0,nan,nan,nan,nan,0,0.0,0.8565314856327695
24,10,csma,0.2,1.0,100,12,5,18,18.0,1439.9433373737377,1.0,18.0,32.2002333722287,115.0,nan,nan,nan,nan,0,0.0,0.8626937789410106
25,10,csma,0.2,0.99,99,10,6,18,18.0,1441.3023918367348,1.0,18.0,32.75520711443951,115.0,nan,nan,nan,nan,0,0.0,0.883033684645588
26,10,csma,0.2,1.0,100,8,5,21,21.0,1584.7110585858588,1.0,21.0,27.265552868762367,111.0,nan,nan,nan,nan,0,0.0,0.9087095485417499
27,10,csma,0.2,1.0,100,9,6,18,18.0,1440.0673131313133,1.0,18.0,32.82029503799732,114.0,nan,nan,nan,nan,0,0.0,0.8964135443798837
28,10,csma,0.2,0.95,95,7,6,18,18.0,1450.217425531915,1.0,18.0,32.6930278393693,113.09999999999991,nan,nan,nan,nan,0,0.0,0.8586841548550878
29,10,csma,0.2,1.0,100,14,6,20,20.0,1540.4023111111112,1.0,20.0,26.99218565001184,112.0,nan,nan,nan,nan,0,0.0,0.8419059011164274
30,10,csma,0.2,1.0,100,7,6,19,19.0,1496.5935838383841,1.0,19.0,33.98098330241187,114.0,nan,nan,nan,nan,0,0.0,0.8697055264219443
31,10,csma,0.2,1.0,100,8,6,18,18.0,1439.778852525253,1.0,18.0,37.33007159904535,116.0,nan,nan,nan,nan,0,0.0,0.8649876135425268
32,10,csma,0.2,1.0,100,12,8,19,19.0,1498.5392040404045,1.0,19.0,31.716967847923023,114.0,nan,nan,nan,nan,0,0.0,0.8568268650713855
33,10,csma,0.2,1.0,100,9,5,19,19.0,1484.5385616161618,1.0,19.0,25.70815850815851,111.0,nan,nan,nan,nan,0,0.0,0.8764044943820225
34,10,csma,0.2,0.99,99,12,6,19,19.0,1491.9923591836737,1.0,19.0,29.263157894736842,113.0,nan,nan,nan,nan,0,0.0,0.8863636363636364
35,10,csma,0.2,1.0,100,10,7,18,18.0,1447.755676767677,1.0,18.0,33.80481347773767,115.0,nan,nan,nan,nan,0,0.0,0.8429701765063907
36,10,csma,0.2,1.0,100,12,5,19,19.0,1484.1486707070708,1.0,19.0,27.11162339238049,112.0,nan,nan,nan,nan,0,0.0,0.8246948168901341
37,10,csma,0.2,1.0,100,11,7,19,19.0,1497.9338141414146,1.0,19.0,31.22861842105263,114.0,nan,nan,nan,nan,0,0.0,0.894869638351556
38,10,csma,0.2,1.0,100,16,5,19,19.0,1488.5374585858588,1.0,19.0,31.070484581497798,115.0,nan,nan,nan,nan,0,0.0,0.775055231974292
39,10,csma,0.2,1.0,100,13,6,17,17.0,1393.6673696969701,1.0,17.0,38.517613227893605,116.0,nan,nan,nan,nan,0,0.0,0.8420096852300242
0,12,rand_st_A,0.2,1.0,100,14,5,20,21.0,556.0751838383839,0.057543049543049535,1.2084040404040404,75.39876813033976,213.0,64.368,99.0,0.0,1.0,0,0.0,1.0
1,12,rand_st_A,0.2,1.0,100,10,5,21,21.0,557.5042222222222,0.0590918710918711,1.2409292929292928,89.78509119746234,206.0,65.148,99.0,0.0,1.0,0,0.0,1.0
2,12,rand_st_A,0.2,1.0,100,12,6,24,24.0,556.3341333333334,0.05072053872053872,1.2172929292929293,97.06665332265813,203.0,65.488,99.0,0.0,1.0,0,0.0,1.0
3,12,rand_st_A,0.2,1.0,100,11,5,19,19.0,559.1286949494951,0.06620308346624136,1.257858585858586,85.0539468464895,214.0,62.472,99.0,0.0,1.0,0,0.0,1.0
4,12,rand_st_A,0.2,1.0,100,12,5,20,19.0,558.2772484848485,0.06538862307283361,1.2423838383838384,91.82491856677524,213.0,63.004,99.0,0.0,1.0,0,0.0,1.0
5,12,rand_st_A,0.2,1.0,100,12,5,21,21.0,557.1086383838384,0.058555074555074554,1.2296565656565657,78.18224204338131,206.0,64.264,99.0,0.0,1.0,0,0.0,1.0
6,12,rand_st_A,0.2,1.0,100,13,5,21,24.0,557.3016808080808,0.05187542087542088,1.245010101010101,71.34387590652699,201.0,65.744,99.0,0.0,1.0,0,0.0,1.0
7,12,rand_st_A,0.2,0.97,97,12,5,22,21.0,555.2577958333334,0.05744246031746032,1.2062916666666668,76.7401658515841,201.0,64.196,96.0,0.0,1.0,0,0.0,1.0
8,12,rand_st_A,0.2,1.0,100,8,5,20,17.0,558.394,0.0741509209744504,1.260565656565657,120.54115729421353,209.0,65.204,99.0,0.0,1.0,0,0.0,1.0
9,12,rand_st_A,0.2,0.99,99,17,5,22,24.0,552.403012244898,0.04790476190476191,1.1497142857142855,76.07661452065784,208.0,66.328,98.0,0.0,1.0,0,0.0,1.0
10,12,rand_st_A,0.2,1.0,100,10,5,19,20.0,558.2218868686869,0.06267676767676768,1.2535353535353535,125.50212335692619,208.0,64.9,99.0,0.0,1.0,0,0.0,1.0
11,12,rand_st_A,0.2,1.0,100,20,5,25,24.0,551.6626505050506,0.04704377104377105,1.129050505050505,80.85604060913705,212.0,66.224,99.0,0.0,1.0,0,0.0,1.0
12,12,rand_st_A,0.2,1.0,100,16,5,26,27.0,558.9930262626262,0.04646165357276469,1.2544646464646465,106.05402691303475,216.0,63.808,99.0,0.0,1.0,0,0.0,1.0
13,12,rand_st_A,0.2,1.0,100,17,6,22,24.0,553.5154464646465,0.04861447811447811,1.1667474747474746,77.91254435399708,215.0,65.492,99.0,0.0,1.0,0,0.0,1.0
14,12,rand_st_A,0.2,1.0,100,12,5,21,19.0,557.4264444444445,0.06493354598617757,1.2337373737373736,84.8385641428011,206.0,63.86,99.0,0.0,1.0,0,0.0,1.0
15,12,rand_st_A,0.2,1.0,100,14,5,21,21.0,555.1596606060607,0.05698508898508898,1.1966868686868686,92.29712909054406,211.0,65.528,99.0,0.0,1.0,0,0.0,1.0
16,12,rand_st_A,0.2,1.0,100,10,5,18,18.0,559.3840121212122,0.07008529741863076,1.2615353535353535,99.1201151789387,212.0,63.108,99.0,0.0,1.0,0,0.0,1.0
17,12,rand_st_A,0.2,1.0,100,13,5,20,24.0,555.1663313131314,0.05018686868686868,1.2044848484848485,82.43038753331966,205.0,65.756,99.0,0.0,1.0,0,0.0,1.0
18,12,rand_st_A,0.2,1.0,100,12,7,22,23.0,560.9810909090911,0.05652700922266139,1.300121212121212,108.55562310030395,210.0,64.288,99.0,0.0,1.0,0,0.0,1.0
19,12,rand_st_A,0.2,1.0,100,14,5,26,28.0,555.6844969696971,0.042898989898989895,1.2011717171717173,117.04529897322327,214.0,65.084,99.0,0.0,1.0,0,0.0,1.0
20,12,rand_st_A,0.2,1.0,100,11,5,20,22.0,556.9765090909091,0.05590449954086318,1.2298989898989898,122.2543094706956,210.0,65.24,99.0,0.0,1.0,0,0.0,1.0
21,12,rand_st_A,0.2,1.0,100,13,5,19,19.0,555.7768646464648,0.06341733120680489,1.2049292929292927,100.67459524285428,209.0,65.712,99.0,0.0,1.0,0,0.0,1.0
22,12,rand_st_A,0.2,1.0,100,13,5,22,24.0,557.3285050505051,0.05115993265993266,1.2278383838383837,103.833031946956,213.0,63.444,99.0,0.0,1.0,0,0.0,1.0
23,12,rand_st_A,0.2,1.0,100,14,5,23,23.0,554.9440686868687,0.051989459815546764,1.1957575757575758,100.29427348685552,209.0,65.62,99.0,0.0,1.0,0,0.0,1.0
24,12,rand_st_A,0.2,1.0,100,13,5,20,24.0,556.258997979798,0.05039057239057239,1.2093737373737374,93.00625378252975,221.0,65.272,99.0,0.0,1.0,0,0.0,1.0
25,12,rand_st_A,0.2,1.0,100,13,5,20,22.0,556.5544606060607,0.05528558310376492,1.2162828282828284,69.99680893498206,202.0,64.588,99.0,0.0,1.0,0,0.0,1.0
26,12,rand_st_A,0.2,1.0,100,17,4,20,19.0,553.5197333333334,0.06132057416267942,1.165090909090909,62.605630990415335,119.0,65.656,99.0,0.0,1.0,0,0.0,1.0
27,12,rand_st_A,0.2,1.0,100,13,5,23,23.0,556.1919555555556,0.052906455862977604,1.216848484848485,81.1628,202.0,65.532,99.0,0.0,1.0,0,0.0,1.0
28,12,rand_st_A,0.2,1.0,100,17,6,21,23.0,554.6883434343434,0.0512094861660079,1.1778181818181817,87.34873353596758,311.0,64.396,99.0,0.0,1.0,0,0.0,1.0
29,12,rand_st_A,0.2,1.0,100,14,5,21,23.0,554.9586949494949,0.051978919631093544,1.1955151515151514,88.17355710192386,208.0,65.644,99.0,0.0,1.0,0,0.0,1.0
30,12,rand_st_A,0.2,0.96,96,12,5,21,21.0,556.088467368421,0.05787468671679198,1.2153684210526317,94.19572436695725,211.0,63.54,95.0,0.0,1.0,0,0.0,1.0
31,12,rand_st_A,0.2,1.0,100,14,5,22,21.0,556.6328484848486,0.05782395382395381,1.2143030303030304,79.26333127444924,215.0,63.784,99.0,0.0,1.0,0,0.0,1.0
32,12,rand_st_A,0.2,1.0,100,11,5,21,20.0,557.2696444444445,0.062272727272727264,1.2454545454545456,108.64324100868127,214.0,66.7,99.0,0.0,1.0,0,0.0,1.0
33,12,rand_st_A,0.2,1.0,100,10,5,20,20.0,560.1933252525253,0.06436767676767675,1.2873535353535352,108.41115743498113,208.0,64.552,99.0,0.0,1.0,0,0.0,1.0
34,12,rand_st_A,0.2,1.0,100,13,5,20,20.0,556.8165575757577,0.06112323232323233,1.2224646464646467,114.02630537974683,205.0,63.976,99.0,0.0,1.0,0,0.0,1.0
35,12,rand_st_A,0.2,1.0,100,14,5,20,20.0,557.0552323232323,0.06080808080808082,1.2161616161616162,112.72730891719745,212.0,63.6,99.0,0.0,1.0,0,0.0,1.0
36,12,rand_st_A,0.2,1.0,100,13,5,22,22.0,555.1611555555556,0.05458218549127641,1.2008080808080808,96.14597488161417,208.0,66.12,99.0,0.0,1.0,0,0.0,1.0
37,12,rand_st_A,0.2,1.0,100,16,5,21,22.0,554.2852686868687,0.05352066115702479,1.1774545454545455,79.20797369502671,211.0,65.432,99.0,0.0,1.0,0,0.0,1.0
38,12,rand_st_A,0.2,1.0,100,14,5,20,24.0,554.7824606060607,0.04951010101010101,1.1882424242424243,96.61913504691962,201.0,66.364,99.0,0.0,1.0,0,0.0,1.0
39,12,rand_st_A,0.2,1.0,100,10,6,21,21.0,558.619793939394,0.05972294372294372,1.2541818181818183,111.49590900019956,207.0,63.836,99.0,0.0,1.0,0,0.0,1.0
0,12,rand_st,0.2,1.0,100,14,5,20,16.0,556.0539313131313,0.0755,1.208,86.89509239022452,209.0,64.408,99.0,0.0,1.0,0,0.0,1.0
1,12,rand_st,0.2,1.0,100,10,5,21,17.0,557.4993333333334,0.07299584076054665,1.2409292929292928,83.43061062648691,206.0,65.148,99.0,0.0,1.0,0,0.0,1.0
2,12,rand_st,0.2,1.0,100,12,6,24,21.0,556.3334747474747,0.05796440596440597,1.2172525252525255,98.1208967173739,218.0,65.492,99.0,0.0,1.0,0,0.0,1.0
3,12,rand_st,0.2,1.0,100,11,5,19,16.0,559.137195959596,0.07862626262626263,1.258020202020202,92.60769535898453,214.0,62.456,99.0,0.0,1.0,0,0.0,1.0
4,12,rand_st,0.2,1.0,100,12,5,20,15.0,558.4199474747475,0.08293333333333333,1.244,93.32899022801303,211.0,62.844,99.0,0.0,1.0,0,0.0,1.0
5,12,rand_st,0.2,1.0,100,12,5,21,19.0,557.1521010101012,0.06475491759702286,1.2303434343434345,84.47415365903102,206.0,64.196,99.0,0.0,1.0,0,0.0,1.0
6,12,rand_st,0.2,1.0,100,13,5,21,18.0,557.3069090909091,0.06917171717171718,1.245090909090909,68.16035455278002,201.0,65.736,99.0,0.0,1.0,0,0.0,1.0
7,12,rand_st,0.2,0.97,97,12,5,22,18.0,555.3052708333335,0.06704398148148148,1.2067916666666665,61.56517116734,118.0,64.148,96.0,0.0,1.0,0,0.0,1.0
8,12,rand_st,0.2,1.0,100,8,5,20,15.0,558.3926828282829,0.08403232323232322,1.2604848484848485,104.53708231458843,207.0,65.212,99.0,0.0,1.0,0,0.0,1.0
9,12,rand_st,0.2,0.99,99,17,5,22,18.0,552.4785673469388,0.06392517006802721,1.1506530612244898,72.44564781387886,201.0,66.236,98.0,0.0,1.0,0,0.0,1.0
10,12,rand_st,0.2,1.0,100,10,5,19,16.0,558.1732161616161,0.07830555555555554,1.2528888888888887,92.72517694641051,207.0,64.964,99.0,0.0,1.0,0,0.0,1.0
11,12,rand_st,0.2,1.0,100,20,5,25,22.0,551.5875393939394,0.05128007346189164,1.1281616161616161,85.4692385786802,209.0,66.312,99.0,0.0,1.0,0,0.0,1.0
12,12,rand_st,0.2,1.0,100,16,5,26,26.0,558.8343232323233,0.048178710178710185,1.2526464646464646,91.68768829082146,202.0,63.988,99.0,0.0,1.0,0,0.0,1.0
13,12,rand_st,0.2,1.0,100,17,6,22,20.0,553.4850747474749,0.05831919191919192,1.1663838383838385,65.81152160300563,201.0,65.528,99.0,0.0,1.0,0,0.0,1.0
14,12,rand_st,0.2,1.0,100,12,5,21,15.0,557.3898666666666,0.08221952861952864,1.2332929292929293,99.60631620243232,209.0,63.904,99.0,0.0,1.0,0,0.0,1.0
15,12,rand_st,0.2,1.0,100,14,5,21,18.0,555.1844646464648,0.06649382716049383,1.1968888888888891,88.57940172656093,209.0,65.508,99.0,0.0,1.0,0,0.0,1.0
16,12,rand_st,0.2,1.0,100,10,5,18,15.0,559.404585858586,0.08411851851851852,1.2617777777777777,107.96297819827231,209.0,63.084,99.0,0.0,1.0,0,0.0,1.0
17,12,rand_st,0.2,1.0,100,13,5,20,18.0,555.2127070707071,0.06694725028058361,1.2050505050505054,73.22267787574329,203.0,65.7,99.0,0.0,1.0,0,0.0,1.0
18,12,rand_st,0.2,1.0,100,12,7,22,19.0,560.8971797979798,0.06838064859117492,1.2992323232323233,112.97527862208713,212.0,64.376,99.0,0.0,1.0,0,0.0,1.0
19,12,rand_st,0.2,1.0,100,14,5,26,23.0,555.7060484848486,0.05223539745278875,1.2014141414141413,107.39299375880813,213.0,65.06,99.0,0.0,1.0,0,0.0,1.0
20,12,rand_st,0.2,1.0,100,11,5,20,17.0,556.9970828282828,0.07236125965537729,1.230141414141414,93.00081119448387,211.0,65.216,99.0,0.0,1.0,0,0.0,1.0
21,12,rand_st,0.2,1.0,100,13,5,19,18.0,555.7621575757576,0.0669270482603816,1.2046868686868686,95.17109734159504,204.0,65.736,99.0,0.0,1.0,0,0.0,1.0
22,12,rand_st,0.2,1.0,100,13,5,22,19.0,557.2696969696971,0.06457841573631047,1.226989898989899,98.11191480811733,212.0,63.528,99.0,0.0,1.0,0,0.0,1.0
23,12,rand_st,0.2,1.0,100,14,5,23,19.0,554.9937171717172,0.06296863370547581,1.1964040404040406,92.98084369268392,208.0,65.556,99.0,0.0,1.0,0,0.0,1.0
24,12,rand_st,0.2,1.0,100,13,5,20,20.0,556.1829292929293,0.06043030303030303,1.2086060606060605,95.75630421625984,211.0,65.348,99.0,0.0,1.0,0,0.0,1.0
25,12,rand_st,0.2,1.0,100,13,5,20,19.0,556.6142262626263,0.06405316321105795,1.217010101010101,68.8220981252493,202.0,64.516,99.0,0.0,1.0,0,0.0,1.0
26,12,rand_st,0.2,1.0,100,17,4,20,17.0,553.5765858585859,0.06858467023172907,1.165939393939394,45.280950479233226,117.0,65.572,99.0,0.0,1.0,0,0.0,1.0
27,12,rand_st,0.2,1.0,100,13,5,23,21.0,556.1207555555557,0.0579028379028379,1.215959595959596,65.9406,202.0,65.62,99.0,0.0,1.0,0,0.0,1.0
28,12,rand_st,0.2,1.0,100,17,6,21,18.0,554.6909575757577,0.06543658810325478,1.177858585858586,86.95825734549139,308.0,64.392,99.0,0.0,1.0,0,0.0,1.0
29,12,rand_st,0.2,1.0,100,14,5,21,18.0,554.9906828282828,0.06643322109988777,1.1957979797979796,74.79635693819075,208.0,65.616,99.0,0.0,1.0,0,0.0,1.0
30,12,rand_st,0.2,0.96,96,12,5,21,19.0,556.0748463157895,0.06395567867036012,1.215157894736842,100.62121212121212,208.0,63.56,95.0,0.0,1.0,0,0.0,1.0
31,12,rand_st,0.2,1.0,100,14,5,22,18.0,556.6093212121212,0.06744107744107744,1.213939393939394,71.9147621988882,212.0,63.82,99.0,0.0,1.0,0,0.0,1.0
32,12,rand_st,0.2,1.0,100,11,5,21,18.0,557.264096969697,0.06918967452300785,1.2454141414141413,107.64758164530798,212.0,66.704,99.0,0.0,1.0,0,0.0,1.0
33,12,rand_st,0.2,1.0,100,10,5,20,17.0,560.2560242424242,0.07576945929887106,1.2880808080808084,103.67004169148302,210.0,64.48,99.0,0.0,1.0,0,0.0,1.0
34,12,rand_st,0.2,1.0,100,13,5,20,18.0,556.8067595959596,0.06790796857463523,1.2223434343434345,110.6659414556962,204.0,63.988,99.0,0.0,1.0,0,0.0,1.0
35,12,rand_st,0.2,1.0,100,14,5,20,19.0,557.0160404040404,0.06398298777246146,1.2156767676767677,105.55752388535032,210.0,63.648,99.0,0.0,1.0,0,0.0,1.0
36,12,rand_st,0.2,1.0,100,13,5,22,18.0,555.1837050505051,0.0667317620650954,1.2011717171717173,101.46077825818406,207.0,66.084,99.0,0.0,1.0,0,0.0,1.0
37,12,rand_st,0.2,1.0,100,16,5,21,20.0,554.1820606060605,0.05880808080808081,1.1761616161616162,67.02589395807645,120.0,65.56,99.0,0.0,1.0,0,0.0,1.0
38,12,rand_st,0.2,1.0,100,14,5,20,19.0,554.7929171717172,0.06254758107389687,1.1884040404040406,91.8453692370461,201.0,66.348,99.0,0.0,1.0,0,0.0,1.0
39,12,rand_st,0.2,1.0,100,10,6,21,16.0,558.6449373737374,0.0784040404040404,1.2544646464646465,111.58591099580921,207.0,63.808,99.0,0.0,1.0,0,0.0,1.0
0,12,rand_dt,0.2,1.0,100,14,5,20,17.56,554.505171717172,0.06785562455356058,1.1886868686868688,95.0356782906672,217.0,66.32,99.0,0.0,1.0,0,0.0,1.0
1,12,rand_dt,0.2,1.0,100,10,5,21,17.536,556.0165656565657,0.06981060692928598,1.2225454545454548,95.59926695174099,213.0,66.968,99.0,0.0,1.0,0,0.0,1.0
2,12,rand_dt,0.2,1.0,100,12,6,24,20.764,554.3504323232324,0.05750839545464052,1.1931313131313133,111.57664534763771,303.0,67.88,99.0,0.0,1.0,0,0.0,1.0
3,12,rand_dt,0.2,1.0,100,11,5,19,16.12,557.1183919191919,0.07666277515436443,1.2324848484848485,106.04740770627396,215.0,64.984,99.0,0.0,1.0,0,0.0,1.0
4,12,rand_dt,0.2,1.0,100,12,5,20,15.612,556.6411232323235,0.07837283856303463,1.221010101010101,108.8936427850656,216.0,65.12,99.0,0.0,1.0,0,0.0,1.0
5,12,rand_dt,0.2,1.0,100,12,5,21,18.044,557.0479515151517,0.06817307442204243,1.2273131313131311,91.79406665382393,214.0,64.496,99.0,0.0,1.0,0,0.0,1.0
6,12,rand_dt,0.2,1.0,100,13,5,21,18.708,556.5614626262627,0.06611200897867564,1.234989898989899,97.95496925213251,214.0,66.736,99.0,0.0,1.0,0,0.0,1.0
7,12,rand_dt,0.2,0.97,97,12,5,22,17.392,554.5177000000002,0.06893270912166037,1.1963333333333335,88.97919731035933,215.0,65.152,96.0,0.0,1.0,0,0.0,1.0
8,12,rand_dt,0.2,1.0,100,8,5,20,15.38,557.3220080808081,0.08115767478708655,1.2467474747474747,111.62245103977388,213.0,66.572,99.0,0.0,1.0,0,0.0,1.0
9,12,rand_dt,0.2,0.99,99,17,5,22,19.972,551.7104163265308,0.05721073126606681,1.140734693877551,71.19169329073482,211.0,67.208,98.0,0.0,1.0,0,0.0,1.0
10,12,rand_dt,0.2,1.0,100,10,5,19,16.556,557.2707030303031,0.07507149930679341,1.2410101010101011,114.15723144628926,215.0,66.14,99.0,0.0,1.0,0,0.0,1.0
11,12,rand_dt,0.2,1.0,100,20,5,25,21.688,550.3120848484849,0.05132216005338534,1.111878787878788,83.64912990692028,219.0,67.924,99.0,0.0,1.0,0,0.0,1.0
12,12,rand_dt,0.2,1.0,100,16,5,26,26.516,557.375781818182,0.04659124003568448,1.234909090909091,119.83279220779221,301.0,65.744,99.0,0.0,1.0,0,0.0,1.0
13,12,rand_dt,0.2,1.0,100,17,6,22,20.352,552.2889212121214,0.056619853542507995,1.1507070707070706,88.18751292123217,216.0,67.08,99.0,0.0,1.0,0,0.0,1.0
14,12,rand_dt,0.2,1.0,100,12,5,21,15.632,556.1101414141415,0.07801812900244272,1.2168080808080808,95.73017446471054,213.0,65.536,99.0,0.0,1.0,0,0.0,1.0
15,12,rand_dt,0.2,1.0,100,14,5,21,17.56,553.7387919191921,0.06720459462182887,1.1781414141414144,95.15458248472505,215.0,67.364,99.0,0.0,1.0,0,0.0,1.0
16,12,rand_dt,0.2,1.0,100,10,5,18,16.052,557.8701535353536,0.07759631980029297,1.2423838383838386,114.84380097879283,303.0,65.004,99.0,0.0,1.0,0,0.0,1.0
17,12,rand_dt,0.2,1.0,100,13,5,20,17.616,554.5217373737374,0.06798291254478045,1.1952323232323234,79.91579371474617,212.0,66.672,99.0,0.0,1.0,0,0.0,1.0
18,12,rand_dt,0.2,1.0,100,12,7,22,18.648,559.3671595959596,0.0687907529767179,1.2808888888888887,130.7022357723577,305.0,66.192,99.0,0.0,1.0,0,0.0,1.0
19,12,rand_dt,0.2,1.0,100,14,5,26,23.708,554.0453414141415,0.049849590892199584,1.1811717171717173,97.06724422442244,218.0,67.064,99.0,0.0,1.0,0,0.0,1.0
20,12,rand_dt,0.2,1.0,100,11,5,20,16.78,555.3764646464647,0.07221486189726643,1.20989898989899,105.94592380172061,216.0,67.22,99.0,0.0,1.0,0,0.0,1.0
21,12,rand_dt,0.2,1.0,100,13,5,19,18.296,554.4891191919193,0.06504572036150984,1.1892121212121212,97.3061224489796,215.0,67.268,99.0,0.0,1.0,0,0.0,1.0
22,12,rand_dt,0.2,1.0,100,13,5,22,19.412,555.5258545454546,0.06218904929909714,1.2046464646464647,95.24052419354838,216.0,65.74,99.0,0.0,1.0,0,0.0,1.0
23,12,rand_dt,0.2,1.0,100,14,5,23,19.104,553.7962868686869,0.06195736776175841,1.1808888888888889,82.06429883649724,215.0,67.092,99.0,0.0,1.0,0,0.0,1.0
24,12,rand_dt,0.2,1.0,100,13,5,20,20.016,554.9761414141414,0.05970248302114331,1.1936565656565656,99.8565112540193,216.0,66.828,99.0,0.0,1.0,0,0.0,1.0
25,12,rand_dt,0.2,1.0,100,13,5,20,18.152,555.3348606060607,0.06625216735639854,1.2007272727272724,93.71220291591771,215.0,66.128,99.0,0.0,1.0,0,0.0,1.0
26,12,rand_dt,0.2,1.0,100,17,4,20,18.256,551.8026909090909,0.06272150965649419,1.143191919191919,79.24670050761421,213.0,67.824,99.0,0.0,1.0,0,0.0,1.0
27,12,rand_dt,0.2,1.0,100,13,5,23,20.088,555.0801939393941,0.05999664499412784,1.202989898989899,89.06775607811878,216.0,66.904,99.0,0.0,1.0,0,0.0,1.0
28,12,rand_dt,0.2,1.0,100,17,6,21,18.404,552.8955313131313,0.06285812590497833,1.154989898989899,95.92247744052501,306.0,66.656,99.0,0.0,1.0,0,0.0,1.0
29,12,rand_dt,0.2,1.0,100,14,5,21,17.824,553.8585252525253,0.06638375238452637,1.1808080808080808,88.02796352583587,214.0,67.1,99.0,0.0,1.0,0,0.0,1.0
30,12,rand_dt,0.2,0.96,96,12,5,21,19.7,554.6716589473684,0.060899143072993496,1.1982736842105264,107.45383806519453,216.0,65.164,95.0,0.0,1.0,0,0.0,1.0
31,12,rand_dt,0.2,1.0,100,14,5,22,17.624,555.6111636363637,0.06832790008791041,1.2011717171717173,98.23492385786803,217.0,65.084,99.0,0.0,1.0,0,0.0,1.0
32,12,rand_dt,0.2,1.0,100,11,5,21,18.376,556.4106343434344,0.06724303857286312,1.2345050505050505,110.14525252525253,216.0,67.784,99.0,0.0,1.0,0,0.0,1.0
33,12,rand_dt,0.2,1.0,100,10,5,20,17.416,558.452698989899,0.07281587321442842,1.266707070707071,110.88189935064935,215.0,66.596,99.0,0.0,1.0,0,0.0,1.0
34,12,rand_dt,0.2,1.0,100,13,5,20,17.076,556.0057171717172,0.07104595890101567,1.2111111111111112,97.69475357710652,214.0,65.1,99.0,0.0,1.0,0,0.0,1.0
35,12,rand_dt,0.2,1.0,100,14,5,20,17.464,555.0692767676767,0.06840150212131635,1.1921616161616162,103.87297783103655,217.0,65.976,99.0,0.0,1.0,0,0.0,1.0
36,12,rand_dt,0.2,1.0,100,13,5,22,18.516,554.1695434343434,0.06427342549282693,1.1882020202020203,97.1472567815623,216.0,67.368,99.0,0.0,1.0,0,0.0,1.0
37,12,rand_dt,0.2,1.0,100,16,5,21,20.16,553.3428646464647,0.05787687450350234,1.1648080808080807,87.72043451526952,217.0,66.684,99.0,0.0,1.0,0,0.0,1.0
38,12,rand_dt,0.2,1.0,100,14,5,20,19.392,553.7537535353536,0.06072246441018371,1.176,97.2866281469253,215.0,67.576,99.0,0.0,1.0,0,0.0,1.0
39,12,rand_dt,0.2,1.0,100,10,6,21,16.7,556.6981535353536,0.07382090860444833,1.2308282828282828,114.9540507859734,302.0,66.148,99.0,0.0,1.0,0,0.0,1.0
0,12,static,0.2,1.0,100,14,5,20,20.0,556.1858747474748,0.06048080808080808,1.2096161616161616,16.716068951852584,20.0,64.248,99.0,0.0,1.0,0,0.0,1.0
1,12,static,0.2,1.0,100,10,5,21,21.0,557.639098989899,0.05916883116883117,1.2425454545454548,17.436918201624085,21.0,64.988,99.0,0.0,1.0,0,0.0,1.0
2,12,static,0.2,1.0,100,12,6,24,24.0,555.9988888888889,0.050590909090909096,1.2141818181818183,19.06510884761334,24.0,65.796,99.0,0.0,1.0,0,0.0,1.0
3,12,static,0.2,1.0,100,11,5,19,19.0,559.2153010101011,0.06627751196172249,1.259272727272727,15.046608488694963,19.0,62.332,99.0,0.0,1.0,0,0.0,1.0
4,12,static,0.2,1.0,100,12,5,20,20.0,558.5720444444445,0.06226464646464647,1.2452929292929293,16.125839951130118,20.0,62.716,99.0,0.0,1.0,0,0.0,1.0
5,12,static,0.2,1.0,100,12,5,21,21.0,557.2522141414142,0.0586031746031746,1.2306666666666668,16.856275303643724,21.0,64.164,99.0,0.0,1.0,0,0.0,1.0
6,12,static,0.2,1.0,100,13,5,21,21.0,557.5074585858587,0.05941317941317942,1.2476767676767677,17.87416951882424,21.0,65.48,99.0,0.0,1.0,0,0.0,1.0
7,12,static,0.2,0.97,97,12,5,22,22.0,555.3447000000001,0.05488257575757576,1.2074166666666668,18.694120144343028,22.0,64.088,96.0,0.0,1.0,0,0.0,1.0
8,12,static,0.2,1.0,100,8,5,20,20.0,558.5638181818182,0.06312929292929292,1.2625858585858587,17.283503054989815,20.0,65.004,99.0,0.0,1.0,0,0.0,1.0
9,12,static,0.2,0.99,99,17,5,22,22.0,552.2340816326532,0.05216326530612245,1.1475918367346938,17.547173606920136,22.0,66.536,98.0,0.0,1.0,0,0.0,1.0
10,12,static,0.2,1.0,100,10,5,19,19.0,557.9763191919192,0.06582668793195108,1.2507070707070707,15.086727456940222,19.0,65.18,99.0,0.0,1.0,0,0.0,1.0
11,12,static,0.2,1.0,100,20,5,25,25.0,551.608492929293,0.04514909090909091,1.1287272727272726,21.079707198047988,25.0,66.256,99.0,0.0,1.0,0,0.0,1.0
12,12,static,0.2,1.0,100,16,5,26,26.0,559.151688888889,0.04830924630924631,1.256040404040404,21.84246575342466,26.0,63.652,99.0,0.0,1.0,0,0.0,1.0
13,12,static,0.2,1.0,100,17,6,22,22.0,553.1856484848485,0.05286685032139577,1.1630707070707071,17.07330827067669,22.0,65.856,99.0,0.0,1.0,0,0.0,1.0
14,12,static,0.2,1.0,100,12,5,21,21.0,557.0320525252525,0.05855699855699855,1.2296969696969697,17.415112855740922,21.0,64.26,99.0,0.0,1.0,0,0.0,1.0
15,12,static,0.2,1.0,100,14,5,21,21.0,555.3421696969697,0.05707551707551708,1.1985858585858586,17.10403695521189,21.0,65.34,99.0,0.0,1.0,0,0.0,1.0
16,12,static,0.2,1.0,100,10,5,18,18.0,559.4872,0.07015039281705948,1.2627070707070707,15.438844499078058,18.0,62.992,99.0,0.0,1.0,0,0.0,1.0
17,12,static,0.2,1.0,100,13,5,20,20.0,555.2195717171717,0.06025858585858586,1.2051717171717171,15.57359573595736,20.0,65.688,99.0,0.0,1.0,0,0.0,1.0
18,12,static,0.2,1.0,100,12,7,22,22.0,560.7015595959597,0.058949494949494946,1.296888888888889,19.448429584599797,22.0,64.608,99.0,0.0,1.0,0,0.0,1.0
19,12,static,0.2,1.0,100,14,5,26,26.0,555.4788404040404,0.04612432012432012,1.1992323232323234,19.38940184664793,26.0,65.276,99.0,0.0,1.0,0,0.0,1.0
20,12,static,0.2,1.0,100,11,5,20,20.0,557.1603151515152,0.06158787878787879,1.2317575757575758,16.9121525664435,20.0,65.056,99.0,0.0,1.0,0,0.0,1.0
21,12,static,0.2,1.0,100,13,5,19,19.0,555.6126949494949,0.06334502923976609,1.2035555555555557,16.583698684734955,19.0,65.848,99.0,0.0,1.0,0,0.0,1.0
22,12,static,0.2,1.0,100,13,5,22,22.0,557.0678707070708,0.05566207529843894,1.2245656565656566,17.517102615694164,22.0,63.768,99.0,0.0,1.0,0,0.0,1.0
23,12,static,0.2,1.0,100,14,5,23,23.0,554.6452606060608,0.05183662714097497,1.1922424242424243,19.386984904120766,23.0,65.968,99.0,0.0,1.0,0,0.0,1.0
24,12,static,0.2,1.0,100,13,5,20,20.0,555.8641858585859,0.06023838383838384,1.204767676767677,18.000201531640467,20.0,65.728,99.0,0.0,1.0,0,0.0,1.0
25,12,static,0.2,1.0,100,13,5,20,20.0,556.3641494949495,0.06072525252525253,1.2145050505050505,16.51971182709626,20.0,64.764,99.0,0.0,1.0,0,0.0,1.0
26,12,static,0.2,1.0,100,17,4,20,20.0,553.2780363636364,0.058101010101010105,1.1620202020202022,15.433559457302474,20.0,65.96,99.0,0.0,1.0,0,0.0,1.0
27,12,static,0.2,1.0,100,13,5,23,23.0,556.1606060606061,0.05289064558629776,1.2164848484848485,19.769014649809353,23.0,65.568,99.0,0.0,1.0,0,0.0,1.0
28,12,static,0.2,1.0,100,17,6,21,21.0,554.9453656565657,0.056234728234728235,1.180929292929293,16.907433664168522,21.0,64.088,99.0,0.0,1.0,0,0.0,1.0
29,12,static,0.2,1.0,100,14,5,21,21.0,554.8071555555556,0.05684078884078884,1.1936565656565659,17.103052653144847,21.0,65.828,99.0,0.0,1.0,0,0.0,1.0
30,12,static,0.2,0.96,96,12,5,21,21.0,556.0770315789474,0.05790676691729324,1.216042105263158,16.332089552238806,21.0,63.476,95.0,0.0,1.0,0,0.0,1.0
31,12,static,0.2,1.0,100,14,5,22,22.0,556.8777979797981,0.05533333333333333,1.2173333333333332,18.14659793814433,22.0,63.484,99.0,0.0,1.0,0,0.0,1.0
32,12,static,0.2,1.0,100,11,5,21,21.0,557.2428646464647,0.05929196729196729,1.245131313131313,18.050847457627118,21.0,66.732,99.0,0.0,1.0,0,0.0,1.0
33,12,static,0.2,1.0,100,10,5,20,20.0,559.8027636363637,0.06414141414141415,1.2828282828282829,18.35926955140929,20.0,65.0,99.0,0.0,1.0,0,0.0,1.0
34,12,static,0.2,1.0,100,13,5,20,20.0,556.9664606060607,0.061214141414141415,1.2242828282828284,16.595223998421158,20.0,63.796,99.0,0.0,1.0,0,0.0,1.0
35,12,static,0.2,1.0,100,14,5,20,20.0,556.9510262626264,0.06073737373737373,1.214747474747475,17.218737594283446,20.0,63.74,99.0,0.0,1.0,0,0.0,1.0
36,12,static,0.2,1.0,100,13,5,22,22.0,555.1986505050505,0.054585858585858585,1.200888888888889,18.384615384615383,22.0,66.112,99.0,0.0,1.0,0,0.0,1.0
37,12,static,0.2,1.0,100,16,5,21,21.0,554.2323070707072,0.05602308802308802,1.1764848484848485,16.83627049180328,21.0,65.528,99.0,0.0,1.0,0,0.0,1.0
38,12,static,0.2,1.0,100,14,5,20,20.0,555.0417979797979,0.05957777777777778,1.1915555555555557,17.89660775949624,20.0,66.036,99.0,0.0,1.0,0,0.0,1.0
39,12,static,0.2,1.0,100,10,6,21,21.0,558.4059151515153,0.05960942760942761,1.25179797979798,16.851305561092286,21.0,64.072,99.0,0.0,1.0,0,0.0,1.0
0,12,bsps,0.2,1.0,100,14,5,20,16.916,542.0803393939394,0.05360102764834447,0.9052929292929293,44.59441252229047,117.0,36.312,68.656,0.44248985115020295,0.6909173068233168,0,0.3086982365761839,1.0
1,12,bsps,0.2,1.0,100,10,5,21,15.792,543.0845252525254,0.058769496547102326,0.9265858585858586,43.21509209744504,116.0,36.352,68.208,0.4440427412227846,0.6955853283549308,0,0.3034264210734799,1.0
2,12,bsps,0.2,1.0,100,12,6,24,17.416,541.5262505050506,0.051754451637114174,0.898989898989899,46.385260635110846,117.0,36.224,67.348,0.4429298864081473,0.6914466737064414,0,0.32154983023766726,1.0
3,12,bsps,0.2,1.0,100,11,5,19,16.168,544.6934424242424,0.058757526065266,0.947030303030303,42.01547005156684,116.0,35.324,69.488,0.44507115584866364,0.7008991954566967,0,0.29194763982546607,1.0
4,12,bsps,0.2,1.0,100,12,5,20,16.408,545.0222747474749,0.05803922479500395,0.950989898989899,42.804520464263895,116.0,35.588,69.784,0.44476571137001447,0.6920537609054468,0,0.2974954184483812,1.0
5,12,bsps,0.2,1.0,100,12,5,21,16.892,542.8005333333333,0.05449343903812428,0.9195959595959596,43.20384615384615,116.0,36.408,68.808,0.4455652490003635,0.6984484484484484,0,0.30121457489878545,1.0
6,12,bsps,0.2,1.0,100,13,5,21,16.524,542.460888888889,0.0557381230587629,0.9187878787878788,45.3933964163479,116.0,36.316,67.78,0.44290262019426985,0.6910424538786397,0,0.32111938796053957,1.0
7,12,bsps,0.2,0.97,97,12,5,22,16.536,540.6525375000001,0.05382673793820272,0.8879583333333334,45.716196136701335,116.0,35.6,65.404,0.4446551724137931,0.6910843373493976,0,0.3224368499257058,1.0
8,12,bsps,0.2,1.0,100,8,5,20,15.88,543.3231151515153,0.05872239100768512,0.9322020202020203,43.97800407331975,116.0,36.064,67.764,0.44659819291064945,0.6952318171830367,0,0.3085539714867617,1.0
9,12,bsps,0.2,0.99,99,17,5,22,17.288,538.5657061224491,0.049323395548695664,0.8513061224489795,45.623013478173405,117.0,37.396,66.676,0.44361024971437896,0.692838078291815,0,0.3206598269965802,1.0
10,12,bsps,0.2,1.0,100,10,5,19,14.84,543.5243717171718,0.06299876234876235,0.9332525252525253,43.27071935157041,115.0,36.068,68.092,0.44548500076138264,0.6899913344887348,0,0.30921985815602837,1.0
11,12,bsps,0.2,1.0,100,20,5,25,18.132,538.7311272727273,0.046968363297826665,0.848,46.99308662057747,118.0,36.76,67.584,0.4431119311193112,0.6897933361450864,0,0.3243188287921919,1.0
12,12,bsps,0.2,1.0,100,16,5,26,18.824,545.2967838383838,0.05101291241893713,0.9561616161616162,46.67042707493957,119.0,35.776,68.992,0.4440770438951806,0.6931637519872814,0,0.30842062852538277,1.0
13,12,bsps,0.2,1.0,100,17,6,22,17.572,539.2645898989899,0.049093578023092985,0.8612121212121211,44.53446115288221,117.0,37.116,67.996,0.4452505483381137,0.6886155330438978,0,0.3157894736842105,1.0
14,12,bsps,0.2,1.0,100,12,5,21,16.336,542.8207595959597,0.056304063543382424,0.9188686868686868,42.801766437684,116.0,35.58,68.38,0.44500546999915847,0.6993359285550721,0,0.30029440628066734,1.0
15,12,bsps,0.2,1.0,100,14,5,21,16.0,541.2665333333334,0.05596854041116167,0.892080808080808,44.22153042779674,115.0,36.076,67.656,0.44263959390862945,0.6905218317358892,0,0.31673026712191205,1.0
16,12,bsps,0.2,1.0,100,10,5,18,15.42,545.4339797979799,0.06237347681367289,0.9598787878787878,42.62814996926859,116.0,36.088,69.736,0.4451299769661073,0.6915285451197053,0,0.2978897766851055,1.0
17,12,bsps,0.2,1.0,100,13,5,20,16.676,540.8804121212122,0.053550638976129175,0.8917979797979798,42.687166871668715,116.0,36.76,68.048,0.4473045927548705,0.7008279257104497,0,0.3003280032800328,1.0
18,12,bsps,0.2,1.0,100,12,7,22,15.84,545.8395070707072,0.061609668745427254,0.9713939393939393,44.490577507598786,116.0,35.716,68.228,0.4454344680526997,0.6899761853214982,0,0.3057750759878419,1.0
19,12,bsps,0.2,1.0,100,14,5,26,18.98,541.600884848485,0.04759462104182365,0.8993131313131314,44.980730630268965,119.0,36.828,68.296,0.44404684450227716,0.6899416255051639,0,0.3075070252910478,1.0
20,12,bsps,0.2,1.0,100,11,5,20,14.948,542.5555434343436,0.06140431416803966,0.9155151515151515,43.483870967741936,115.0,36.112,67.78,0.44513362432039205,0.6936687273502451,0,0.31446540880503143,1.0
21,12,bsps,0.2,1.0,100,13,5,19,15.168,541.5836646464646,0.05934624206584991,0.8980606060606062,44.598844161020324,115.0,36.328,67.468,0.4441456668715427,0.6911702577101817,0,0.31705858907931445,1.0
22,12,bsps,0.2,1.0,100,13,5,22,17.6,542.9465010101011,0.05245847481647275,0.9208888888888889,44.4692152917505,117.0,36.32,69.052,0.4436863173216885,0.6911177644710579,0,0.3056338028169014,1.0
23,12,bsps,0.2,1.0,100,14,5,23,17.736,540.5208202020202,0.04991851572069229,0.8834747474747474,45.169930640554874,117.0,36.612,67.696,0.44692508995747465,0.6954588014981273,0,0.3078335373317013,1.0
24,12,bsps,0.2,1.0,100,13,5,20,15.484,542.1604242424244,0.05878239253388892,0.9073131313131313,44.54070939137445,116.0,36.86,68.04,0.4443178117876913,0.6943573667711599,0,0.31257557436517536,1.0
25,12,bsps,0.2,1.0,100,13,5,20,16.616,542.5856525252525,0.05510770268412167,0.9139393939393939,43.346407844706825,116.0,36.06,68.344,0.4445160251248188,0.6996944565691837,0,0.30198118871322793,1.0
26,12,bsps,0.2,1.0,100,17,4,20,15.552,539.4646545454546,0.05574305361916301,0.863111111111111,43.46488427773344,115.0,36.884,67.644,0.44413725809074645,0.6909254267744834,0,0.3172386272944932,1.0
27,12,bsps,0.2,1.0,100,13,5,23,17.012,541.7478787878789,0.053214708463573276,0.9033535353535354,44.95825807746338,117.0,36.364,67.652,0.44533108263638455,0.6983252066991732,0,0.3096528195865944,1.0
28,12,bsps,0.2,1.0,100,17,6,21,16.092,541.7914101010102,0.055887007028441495,0.8956767676767676,42.998177030585374,116.0,35.752,68.584,0.4452712433989438,0.6945801865837405,0,0.30301802714198905,1.0
29,12,bsps,0.2,1.0,100,14,5,21,15.448,540.8421373737374,0.05762370196978041,0.888121212121212,43.263060848186846,115.0,36.688,67.916,0.44526830759822655,0.6932305055698372,0,0.31448473673427574,1.0
30,12,bsps,0.2,0.96,96,12,5,21,15.444,541.6271200000001,0.0586205317970643,0.8997473684210525,45.569651741293534,116.0,34.52,64.164,0.4423232486652645,0.691246226821906,0,0.3314676616915423,1.0
31,12,bsps,0.2,1.0,100,14,5,22,16.796,543.26978989899,0.05504209734385173,0.9227878787878787,44.51319587628866,117.0,36.084,69.392,0.4416203335980937,0.6840969057327896,0,0.3136082474226804,1.0
32,12,bsps,0.2,1.0,100,11,5,21,15.692,542.165490909091,0.058484886029003674,0.9151919191919192,46.24245556014882,116.0,36.652,66.992,0.44482888303873636,0.6882040382571732,0,0.3288548987184787,1.0
33,12,bsps,0.2,1.0,100,10,5,20,16.036,544.6161050505051,0.059495860688636756,0.9528888888888889,45.63894402540691,116.0,36.2,67.992,0.443662528662924,0.6910710406256789,0,0.315005954743946,1.0
34,12,bsps,0.2,1.0,100,13,5,20,16.7,542.6508525252526,0.05495021992493613,0.9164848484848485,44.372409709887506,117.0,36.232,68.952,0.442816016749542,0.6946582691859109,0,0.30886125912768897,1.0
35,12,bsps,0.2,1.0,100,14,5,20,15.62,543.5110707070709,0.05922280080123218,0.924040404040404,42.84458118300913,116.0,35.752,68.84,0.44469801939848397,0.6973889756750725,0,0.30111155220325525,1.0
36,12,bsps,0.2,1.0,100,13,5,22,16.468,541.3812242424242,0.0546369482426758,0.8971313131313131,45.546732837055416,117.0,36.828,67.936,0.4448834146719343,0.6898279241995208,0,0.32051282051282054,1.0
37,12,bsps,0.2,1.0,100,16,5,21,16.324,540.4796848484848,0.05404723441524267,0.8797979797979798,44.01844262295082,116.0,36.724,67.9,0.44575,0.696,0,0.3125,1.0
38,12,bsps,0.2,1.0,100,14,5,20,14.968,541.1346707070708,0.05974103306776165,0.8913939393939394,45.0619540930327,115.0,36.928,67.604,0.44433796518128094,0.6880303707012059,0,0.32277066829169204,1.0
39,12,bsps,0.2,1.0,100,10,6,21,15.108,544.0562060606062,0.06227505196328725,0.9385050505050505,42.79190751445087,115.0,35.644,68.6,0.44492544492544495,0.6959787892178524,0,0.30516244767789513,1.0
0,12,baps,0.2,1.0,100,14,5,20,13.0,533.5726343434344,0.043724579124579124,0.7464646464646464,59.98414899940559,120.0,27.6,55.5,0.5569948186528497,0.6413276231263383,0,0.440459679017238,1.0
1,12,baps,0.2,1.0,100,10,5,21,14.0,534.193890909091,0.041535353535353536,0.7604848484848485,59.86333927510398,121.0,28.712,56.0,0.5550983458151593,0.6380697050938338,0,0.43315508021390375,1.0
2,12,baps,0.2,1.0,100,12,6,24,15.032,532.809296969697,0.03663492063492063,0.7381010101010101,62.70081885360495,124.0,28.492,55.032,0.5569711538461538,0.6416334661354581,0,0.444977032154983,1.0
3,12,baps,0.2,1.0,100,11,5,19,13.5,536.6756565656567,0.04888091440723019,0.8026262626262626,54.623165410551366,118.0,29.072,58.532,0.5574324324324325,0.6434917814304754,0,0.4047996826656089,1.0
4,12,baps,0.2,1.0,100,12,5,20,13.7,535.6549414141415,0.04581284271284271,0.7834747474747474,56.96355121156587,120.0,29.14,57.852,0.555767562879445,0.643847874720358,0,0.41722663408674404,1.0
5,12,baps,0.2,1.0,100,12,5,21,13.0,533.2944363636364,0.04118710918710919,0.7414545454545455,61.97024291497976,120.0,27.096,54.5,0.5558037792050637,0.6408268733850129,0,0.45789473684210524,1.0
6,12,baps,0.2,1.0,100,13,5,21,14.044,533.5290868686869,0.04022943722943723,0.7537777777777779,61.01892490436884,120.0,28.868,55.496,0.5571535455981378,0.6456259267104427,0,0.439903362190457,1.0
7,12,baps,0.2,0.97,97,12,5,22,13.98,531.5289916666667,0.03600858585858586,0.7166666666666667,63.80407556781999,122.0,26.948,52.124,0.5543344469843503,0.6412248628884827,0,0.45828911059223093,1.0
8,12,baps,0.2,1.0,100,8,5,20,14.04,535.4914262626263,0.045606734006734,0.7908686868686868,57.736048879837064,119.55000000000018,30.784,58.04,0.5532385466034755,0.6392561983471075,0,0.4146639511201629,1.0
9,12,baps,0.2,0.99,99,17,5,22,14.152,531.4825061224491,0.038865270783638134,0.7160408163265306,60.174009253671294,121.0,29.156,55.164,0.5549642441377016,0.6399237933954276,0,0.435928384630859,1.0
10,12,baps,0.2,1.0,100,10,5,19,12.8,534.2068282828284,0.0462654110022531,0.7650101010101009,57.35055724417427,119.0,29.184,55.96,0.5546238061961333,0.6444261958530076,0,0.42836879432624114,1.0
11,12,baps,0.2,1.0,100,20,5,25,15.988,529.9385252525252,0.03166957190957191,0.6866262626262627,65.86071573810491,125.0,29.112,55.044,0.5542291683028352,0.6376320510265099,0,0.45689304595363966,1.0
12,12,baps,0.2,1.0,100,16,5,26,16.5,535.1960727272727,0.036113886113886114,0.7724848484848486,64.80519742143433,126.0,27.524,55.5,0.5564747594124599,0.6437473141383756,0,0.4393634165995165,1.0
13,12,baps,0.2,1.0,100,17,6,22,14.148,530.8573212121213,0.036134855043945945,0.7028282828282829,60.72055137844612,122.0,28.292,54.76,0.5542602434424825,0.6460544531610521,0,0.44381787802840433,1.0
14,12,baps,0.2,1.0,100,12,5,21,14.5,533.8887434343435,0.040198412698412705,0.7550707070707071,59.27242394504416,121.0,28.748,56.5,0.5573643410852713,0.6435344827586207,0,0.4272816486751717,1.0
15,12,baps,0.2,1.0,100,14,5,21,13.028,531.63501010101,0.03998095238095239,0.71810101010101,61.57240409720828,120.0,28.436,54.528,0.5552807913209955,0.6396051571313457,0,0.4514962843944567,1.0
16,12,baps,0.2,1.0,100,10,5,18,13.0,537.0752565656566,0.05185578002244669,0.8108282828282829,54.93525916820324,118.0,30.012,58.892,0.5553687042798284,0.6429346646407641,0,0.4036058184798197,1.0
17,12,baps,0.2,1.0,100,13,5,20,14.028,531.6718989898991,0.038619416386083044,0.7200808080808081,58.23083230832308,119.0,29.268,55.528,0.5556974146185765,0.6479440440864773,0,0.43357933579335795,1.0
18,12,baps,0.2,1.0,100,12,7,22,14.0,536.0853292929294,0.044560759106213654,0.7958787878787879,61.63687943262411,122.0,28.708,56.0,0.5543638765835082,0.6432520991193938,0,0.4316109422492401,1.0
19,12,baps,0.2,1.0,100,14,5,26,15.5,533.1949414141415,0.03846713286713286,0.7433939393939395,62.612404656764355,126.0,28.404,55.5,0.5551681195516812,0.6412327311370882,0,0.4429947812123645,1.0
20,12,baps,0.2,1.0,100,11,5,20,13.104,534.1575070707072,0.045819143819143815,0.7635555555555557,60.35078109149929,120.0,29.616,56.604,0.5536629603343585,0.6342473860722035,0,0.44390342868736055,1.0
21,12,baps,0.2,1.0,100,13,5,19,12.0,533.2384606060607,0.04813822434875066,0.744929292929293,60.08469509764846,119.0,28.752,55.5,0.5539138635649167,0.6364902506963789,0,0.44360302909525706,1.0
22,12,baps,0.2,1.0,100,13,5,22,14.72,534.4581535353536,0.04043228825047007,0.762909090909091,59.427967806841046,121.0,28.412,56.72,0.5569362017804155,0.6456356736242884,0,0.4283702213279678,1.0
23,12,baps,0.2,1.0,100,14,5,23,15.0,532.4813898989901,0.03745429449777276,0.7344646464646464,60.9547123623011,123.0,29.288,56.0,0.5552497706613293,0.6469283654912398,0,0.4263565891472868,1.0
24,12,baps,0.2,1.0,100,13,5,20,13.0,534.1249656565658,0.04661346801346801,0.7595555555555555,59.603587263200325,120.0,29.304,56.5,0.5559437650777805,0.6422076548953267,0,0.42623941958887546,1.0
25,12,baps,0.2,1.0,100,13,5,20,13.504,533.2156121212122,0.04194357864357864,0.7427878787878788,59.429057434460674,119.0,28.828,55.932,0.5578590897827703,0.6431637032495402,0,0.43626175705423254,1.0
26,12,baps,0.2,1.0,100,17,4,20,13.0,531.0093010101011,0.03978787878787879,0.7052525252525251,59.52214684756584,119.0,28.18,54.5,0.5574521232306411,0.6455696202531646,0,0.4467278531524342,1.0
27,12,baps,0.2,1.0,100,13,5,23,15.5,533.60101010101,0.03803623188405797,0.7536969696969698,62.15472606863335,123.0,29.904,56.76,0.5549173878835563,0.6384920634920634,0,0.4342765402368051,1.0
28,12,baps,0.2,1.0,100,17,6,21,13.5,531.7645616161616,0.03885906685906686,0.7136161616161617,60.486125177233134,121.0,27.852,55.0,0.5568377117603732,0.6452624973854842,0,0.443589224225238,1.0
29,12,baps,0.2,1.0,100,14,5,21,13.048,532.6338060606062,0.04406695526695526,0.7381818181818182,60.44314689612784,121.0,29.468,56.048,0.5541604928643843,0.6409579866044246,0,0.4427371440278631,1.0
30,12,baps,0.2,0.96,96,12,5,21,13.5,533.1122694736843,0.04195288220551379,0.7448,61.038557213930346,121.0,27.744,53.0,0.5567522783761392,0.6389452332657201,0,0.45377280265339964,1.0
31,12,baps,0.2,1.0,100,14,5,22,15.172,534.7136444444444,0.04029216406489134,0.7668282828282829,59.07257731958763,122.0,28.848,57.468,0.5582667982416794,0.6492074431426602,0,0.4195876288659794,1.0
32,12,baps,0.2,1.0,100,11,5,21,13.0,533.8339353535355,0.04503857623857624,0.7610505050505051,62.59053327821414,121.0,29.4,55.372,0.5528298984927714,0.6375100080064051,0,0.45369987598181066,1.0
33,12,baps,0.2,1.0,100,10,5,20,13.0,535.767385858586,0.04735286195286196,0.7904646464646465,60.22310440651052,120.0,28.744,56.0,0.5561467150342604,0.6437564499484004,0,0.4277491067884081,1.0
34,12,baps,0.2,1.0,100,13,5,20,14.0,534.2536242424243,0.042382828282828286,0.7575353535353536,57.49121768304717,120.0,28.504,57.0,0.5586458148213969,0.646797153024911,0,0.418590882178804,1.0
35,12,baps,0.2,1.0,100,14,5,20,14.028,535.1935151515152,0.04502794612794613,0.7738989898989899,57.38189757840413,120.0,28.984,57.572,0.5577162802293693,0.6472334110663557,0,0.41167129813418024,1.0
36,12,baps,0.2,1.0,100,13,5,22,14.704,533.5159555555556,0.04065846779483143,0.7534949494949494,60.01654259718776,122.0,29.876,56.736,0.5546278062229224,0.6443288241415193,0,0.4257650951199338,1.0
37,12,baps,0.2,1.0,100,16,5,21,13.5,531.665802020202,0.039552669552669555,0.7165656565656567,61.70020491803279,121.0,28.56,55.0,0.5528768060186373,0.6358444981330991,0,0.45635245901639343,1.0
38,12,baps,0.2,1.0,100,14,5,20,12.5,533.3618828282829,0.04741616161616162,0.7462626262626263,60.75705870404225,120.0,29.12,56.0,0.5552199820422823,0.6424510423247,0,0.4391631119236238,1.0
39,12,baps,0.2,1.0,100,10,6,21,14.056,535.4920161616163,0.04454930254930255,0.784040404040404,58.30237193541957,121.0,29.452,57.564,0.5544871794871795,0.6372102649006622,0,0.42415786326489935,1.0
0,12,lt,0.2,1.0,100,14,5,20,17.136,540.5882909090909,0.05047086323453713,0.8713939393939394,48.198930057459876,118.0,33.56,65.872,0.5368792495051209,0.6512632260850788,0,0.34020210025757874,1.0
1,12,lt,0.2,1.0,100,10,5,21,15.344,540.4392686868687,0.05635665140959259,0.8726464646464647,47.34363240245593,116.0,32.628,63.72,0.5368661713072589,0.6520092573111719,0,0.3503664091899386,1.0
2,12,lt,0.2,1.0,100,12,6,24,16.664,539.14018989899,0.049703778709919065,0.8480404040404041,49.64929099261035,119.0,32.796,63.52,0.5225959635931935,0.6659815005138746,0,0.35150788895546237,1.0
3,12,lt,0.2,1.0,100,11,5,19,16.024,541.0651353535354,0.05353278761906213,0.876848484848485,47.176715589051966,117.0,32.152,64.82,0.5503930748167123,0.6484533754797923,0,0.3391511305037683,1.0
4,12,lt,0.2,1.0,100,12,5,20,16.228,542.2019474747474,0.05364028005782392,0.897050505050505,47.18366931378538,118.0,33.072,66.08,0.5495581355051118,0.6455809780170481,0,0.3341478313989004,1.0
5,12,lt,0.2,1.0,100,12,5,21,16.548,540.6959757575759,0.0507654114890957,0.8793939393939394,48.33987854251012,118.0,34.592,66.04,0.5375803297010338,0.6467276565798733,0,0.342914979757085,1.0
6,12,lt,0.2,1.0,100,13,5,21,15.764,539.9411272727274,0.05395165919201007,0.8652929292929293,49.8574592309241,117.0,32.404,63.344,0.5510068230986853,0.6445477599323753,0,0.36521038856452587,1.0
7,12,lt,0.2,0.97,97,12,5,22,17.06,539.0047333333334,0.048960935525244734,0.8517083333333333,49.44343026958183,119.0,33.656,63.24,0.5372676253945984,0.6477220432581684,0,0.34790914880067925,1.0
8,12,lt,0.2,1.0,100,8,5,20,14.816,540.395490909091,0.0571241880849724,0.8700202020202019,50.79205702647658,116.0,31.264,62.328,0.5453610693664478,0.6394893967469631,0,0.3780040733197556,1.0
9,12,lt,0.2,0.99,99,17,5,22,17.348,536.7326285714286,0.04633541554466397,0.8126530612244899,47.70106618386642,117.0,35.184,64.12,0.5279431216931217,0.6555651052857757,0,0.3421846710923355,1.0
10,12,lt,0.2,1.0,100,10,5,19,14.236,540.4218545454546,0.05937608164925456,0.8713939393939395,48.211550151975686,116.0,31.876,62.88,0.5484723625903755,0.6451810926949049,0,0.36271529888551163,1.0
11,12,lt,0.2,1.0,100,20,5,25,18.752,536.5101656565657,0.043192355840085454,0.8016161616161617,51.05307035380236,119.0,34.148,64.492,0.5204153329690062,0.6535114349322,0,0.359902399349329,1.0
12,12,lt,0.2,1.0,100,16,5,26,18.224,541.5734262626264,0.04710986791864262,0.8875151515151515,52.66539081385979,123.0,32.604,64.12,0.5403198653198653,0.6465367965367965,0,0.3571716357775987,1.0
13,12,lt,0.2,1.0,100,17,6,22,18.256,537.7411353535355,0.04431954480179455,0.8291313131313132,47.02005012531328,119.0,35.628,66.208,0.530528476141611,0.6562935438922434,0,0.32957393483709274,1.0
14,12,lt,0.2,1.0,100,12,5,21,15.944,540.4682505050506,0.05417460175989588,0.8720808080808081,46.53366045142296,116.0,33.2,65.24,0.5395189003436426,0.6505422993492408,0,0.34111874386653585,1.0
15,12,lt,0.2,1.0,100,14,5,21,16.12,537.2388121212123,0.049791171899995434,0.8180202020202021,50.08254669612372,116.0,33.732,63.348,0.5307955177620599,0.6438885499288184,0,0.37055633661377785,1.0
16,12,lt,0.2,1.0,100,10,5,18,15.008,542.3228606060605,0.058195896151778496,0.8986262626262626,47.325343167383735,117.0,32.456,65.024,0.5412375450054425,0.65174456879526,0,0.34255275558287235,1.0
17,12,lt,0.2,1.0,100,13,5,20,16.352,537.829777777778,0.04982489778119293,0.831919191919192,47.85116851168512,117.0,33.512,63.664,0.5398377862595419,0.6523320496362859,0,0.34952849528495283,1.0
18,12,lt,0.2,1.0,100,12,7,22,14.748,543.2463313131313,0.06106031265680389,0.9174949494949495,48.94690982776089,117.0,31.6,63.484,0.539826437315977,0.6484310487200661,0,0.3523809523809524,1.0
19,12,lt,0.2,1.0,100,14,5,26,19.048,539.3587797979799,0.04423351718377295,0.8520808080808081,49.3506623845845,123.0,33.7,64.7,0.5288501111202568,0.6561617039773963,0,0.3430349257326375,1.0
20,12,lt,0.2,1.0,100,11,5,20,14.488,539.2445131313133,0.05617691503161059,0.8523636363636363,49.770338811117874,117.0,32.912,63.188,0.5384192763519347,0.6466360551008186,0,0.371880706025563,1.0
21,12,lt,0.2,1.0,100,13,5,19,15.46,538.6793090909091,0.05344361582498837,0.8391111111111111,50.10462335591869,117.0,32.432,62.756,0.5320562939796716,0.65,0,0.3656835392586688,1.0
22,12,lt,0.2,1.0,100,13,5,22,17.116,540.4754989898989,0.04976217749494323,0.873171717171717,46.79859154929577,118.0,34.484,66.236,0.5410502958579881,0.6527246653919694,0,0.3301810865191147,1.0
23,12,lt,0.2,1.0,100,14,5,23,17.908,537.8684646464646,0.046062523410923824,0.8334949494949494,49.13953488372093,118.0,34.52,64.468,0.5360285571974099,0.652896273013022,0,0.34292125662994694,1.0
24,12,lt,0.2,1.0,100,13,5,20,15.056,539.8365777777778,0.05598341354295008,0.8564444444444445,48.257355904877066,117.0,33.02,63.952,0.5298396429161845,0.6560619088564058,0,0.3476420798065296,1.0
25,12,lt,0.2,1.0,100,13,5,20,16.368,540.1468121212122,0.051768690942891146,0.8642020202020202,48.41624974984991,117.0,32.92,64.544,0.5226377952755905,0.6591098169717138,0,0.35161096657994795,1.0
26,12,lt,0.2,1.0,100,17,4,20,16.448,537.3067919191919,0.048913778607586667,0.8138989898989899,47.7719473264166,116.0,33.244,63.992,0.5335264900662252,0.6565310492505353,0,0.35175578611332803,1.0
27,12,lt,0.2,1.0,100,13,5,23,16.408,538.622892929293,0.049410755055093174,0.8393939393939394,52.85370258880193,119.0,31.868,62.236,0.5387511766551616,0.6439424230307876,0,0.3800923138671483,1.0
28,12,lt,0.2,1.0,100,17,6,21,16.772,539.1855717171718,0.05001582114899968,0.8473535353535353,47.83350212679765,117.0,34.272,65.94,0.5218490135333442,0.6537811575834389,0,0.3421105934778205,1.0
29,12,lt,0.2,1.0,100,14,5,21,14.872,537.8051797979798,0.054713177840183196,0.8266666666666668,48.7559926244622,115.0,33.224,63.576,0.5337021740824437,0.6414480374211918,0,0.3700061462814997,1.0
30,12,lt,0.2,0.96,96,12,5,21,15.456,538.2405936842107,0.05169184172552593,0.8312842105263157,51.266998341625204,120.0,30.608,59.26,0.53961984695137,0.6515370332164225,0,0.37956053067993367,1.0
31,12,lt,0.2,1.0,100,14,5,22,16.556,540.6837575757576,0.05215702562735586,0.8734949494949495,46.31628865979381,117.0,34.284,66.548,0.5363318699041305,0.6533763539986172,0,0.3331958762886598,1.0
32,12,lt,0.2,1.0,100,11,5,21,14.512,539.0136606060606,0.05735576621607675,0.8534545454545455,51.9896651508888,117.0,32.928,62.084,0.5430789332103605,0.6410102224894768,0,0.38548987184787104,1.0
33,12,lt,0.2,1.0,100,10,5,20,15.652,541.9454828282828,0.05635538673763648,0.8983838383838383,50.214172290591506,117.0,32.364,63.472,0.5494026477236035,0.6458247634718223,0,0.3590710599444224,1.0
34,12,lt,0.2,1.0,100,13,5,20,16.436,541.0202464646464,0.05296098436211955,0.8799595959595959,46.30432208407342,118.0,33.168,65.748,0.5397175639894086,0.6583710407239819,0,0.3280047365304914,1.0
35,12,lt,0.2,1.0,100,14,5,20,15.34,540.5559353535355,0.055466103395515165,0.8667070707070706,47.80031758634379,116.0,32.588,64.628,0.5355186721991702,0.6491489361702127,0,0.3481540293767368,1.0
36,12,lt,0.2,1.0,100,13,5,22,15.588,538.2402343434344,0.052318092054821574,0.8345050505050505,49.5818858560794,117.0,33.304,63.376,0.5403834066624764,0.6466890192791283,0,0.3618693134822167,1.0
37,12,lt,0.2,1.0,100,16,5,21,16.212,538.0267070707071,0.05107600435531292,0.8296565656565655,49.0077868852459,116.0,33.512,64.016,0.5304333021196901,0.6440151010437486,0,0.36188524590163934,1.0
38,12,lt,0.2,1.0,100,14,5,20,15.016,538.6796080808081,0.05509183137124314,0.8397979797979799,48.147471054235226,117.0,33.612,63.816,0.5257690122554988,0.6567642658687753,0,0.35181799715620554,1.0
39,12,lt,0.2,1.0,100,10,6,21,14.188,541.4738505050505,0.06209401016557879,0.8844444444444446,46.950767390871036,114.0,31.684,64.044,0.5415029469548134,0.6486204013377926,0,0.35379708989435915,1.0
0,12,ewma,0.2,1.0,100,14,5,20,16.652,541.1135555555556,0.05311436969558744,0.8838383838383839,46.72914602734298,117.0,34.236,66.512,0.4910470668485675,0.6722689075630253,0,0.3322765999603725,1.0
1,12,ewma,0.2,1.0,100,10,5,21,15.36,542.0441454545455,0.05893046240156663,0.9026262626262626,45.6745890275302,115.0,33.972,65.764,0.48931155002844834,0.672769853097722,0,0.3325410972469796,1.0
2,12,ewma,0.2,1.0,100,12,6,24,16.876,540.4300525252526,0.05191117513568494,0.8743030303030302,48.9896145396445,117.0,33.72,64.784,0.48899968344412786,0.6696134868421053,0,0.35150788895546237,1.0
3,12,ewma,0.2,1.0,100,11,5,19,15.832,543.6379515151515,0.058545831004602936,0.9235959595959596,43.55969853232844,115.0,33.228,67.272,0.49098389355742295,0.6782246879334258,0,0.310591035303451,1.0
4,12,ewma,0.2,1.0,100,12,5,20,16.044,544.0666626262627,0.05806862944608042,0.9301010101010102,45.1781714518428,116.0,33.632,67.7,0.490854443967368,0.6654420206659013,0,0.32478110364487883,1.0
5,12,ewma,0.2,1.0,100,12,5,21,16.576,541.7443636363638,0.054165789324767656,0.8975353535353536,44.66943319838057,116.0,34.572,66.74,0.493549272577546,0.6750184229918939,0,0.31821862348178137,1.0
6,12,ewma,0.2,1.0,100,13,5,21,15.988,541.1828404040405,0.055895629023591305,0.8907878787878788,48.13569559089994,116.0,33.936,65.196,0.48910711338504703,0.6658031088082902,0,0.35373464868129656,1.0
7,12,ewma,0.2,0.97,97,12,5,22,16.068,539.5410583333334,0.05390023953801044,0.8629583333333334,47.91466779876884,116.0,33.344,63.0,0.4915948088145632,0.666432419770438,0,0.348758225429845,1.0
8,12,ewma,0.2,1.0,100,8,5,20,15.664,542.16338989899,0.05785427568074627,0.90589898989899,47.25885947046843,115.0,33.512,65.148,0.4910804705149178,0.6699549646150547,0,0.34317718940936864,1.0
9,12,ewma,0.2,0.99,99,17,5,22,16.984,537.6951673469389,0.04906660426075191,0.8322857142857142,46.78354455843895,116.0,35.48,64.656,0.4912583107608963,0.6765929494197503,0,0.3367531683765842,1.0
10,12,ewma,0.2,1.0,100,10,5,19,14.344,542.4029777777779,0.06345878674702204,0.9082424242424243,44.94893617021277,115.0,33.716,65.624,0.4927536231884058,0.6731790188999788,0,0.33069908814589666,1.0
11,12,ewma,0.2,1.0,100,20,5,25,17.404,537.5886464646466,0.04746353239731605,0.8231919191919191,48.787108580723874,117.0,34.14,64.788,0.493065778259859,0.6694197811274004,0,0.348922326148841,1.0
12,12,ewma,0.2,1.0,100,16,5,26,18.3,544.4315555555556,0.05137705564528906,0.9352323232323232,48.18634165995165,119.0,33.264,66.576,0.4909879839786382,0.6678476527900797,0,0.32775987107171634,1.0
13,12,ewma,0.2,1.0,100,17,6,22,17.072,538.560686868687,0.04945414998180736,0.8433131313131313,46.498955722639934,117.0,34.8,65.864,0.49212430821626224,0.6674500587544065,0,0.3385547201336675,1.0
14,12,ewma,0.2,1.0,100,12,5,21,15.876,541.3365050505051,0.056072754060524956,0.8893737373737374,46.05691854759568,115.0,33.556,65.848,0.4894848871860366,0.6701442841287458,0,0.3369970559371933,1.0
15,12,ewma,0.2,1.0,100,14,5,21,15.624,539.917701010101,0.05543607803263024,0.8636767676767677,46.78449487848965,115.0,33.68,64.964,0.4916948752263245,0.6725036481134042,0,0.3456517372966459,1.0
16,12,ewma,0.2,1.0,100,10,5,18,15.148,544.6545616161617,0.06219311686860706,0.9403232323232323,44.574062692071294,115.0,33.684,67.492,0.49294605809128633,0.6746067415730337,0,0.32104077033394796,1.0
17,12,ewma,0.2,1.0,100,13,5,20,16.372,539.7480525252525,0.05295440261492893,0.8663838383838384,47.50410004100041,116.0,34.224,65.452,0.4910941475826972,0.6572528883183568,0,0.35137351373513737,1.0
18,12,ewma,0.2,1.0,100,12,7,22,15.384,544.9140444444445,0.06190952951417348,0.9482828282828283,46.728470111448836,116.0,33.08,65.752,0.49134415634377165,0.6694719124763308,0,0.3323201621073962,1.0
19,12,ewma,0.2,1.0,100,14,5,26,18.608,540.7576282828284,0.047470178711659275,0.8785858585858587,46.618024889602566,119.0,34.288,65.868,0.49212469237079576,0.6754385964912281,0,0.32637494981934967,1.0
20,12,ewma,0.2,1.0,100,11,5,20,14.436,541.5899636363637,0.061988518235577064,0.8928080808080807,46.47717589774802,114.0,33.604,65.308,0.4917028535980149,0.6687268232385661,0,0.34814363968350576,1.0
21,12,ewma,0.2,1.0,100,13,5,19,14.748,540.699090909091,0.05951880102468338,0.8768484848484848,46.42626544440016,115.0,33.88,65.052,0.4905572755417957,0.6739130434782609,0,0.33917895575926665,1.0
22,12,ewma,0.2,1.0,100,13,5,22,17.352,541.7823515151515,0.05175568175782549,0.8966464646464647,45.62997987927565,117.0,34.344,66.824,0.4937288290762611,0.6718175128771156,0,0.3193158953722334,1.0
23,12,ewma,0.2,1.0,100,14,5,23,17.512,539.280985858586,0.04906193290522496,0.8567272727272728,48.34761321909425,117.0,34.216,65.096,0.4923038728897716,0.6698369565217391,0,0.34210526315789475,1.0
24,12,ewma,0.2,1.0,100,13,5,20,15.224,541.3550747474749,0.058440479600283514,0.886909090909091,47.324062877871825,116.0,34.216,65.564,0.48936345646437995,0.6639982691475552,0,0.34461910519951633,1.0
25,12,ewma,0.2,1.0,100,13,5,20,16.14,541.2446707070708,0.05498911675604143,0.8868282828282829,46.72723634180508,116.0,33.88,65.784,0.49155021124471887,0.6717817561807332,0,0.34000400240144085,1.0
26,12,ewma,0.2,1.0,100,17,4,20,15.348,538.634905050505,0.05518621959014116,0.8432727272727273,45.719074221867515,114.0,34.536,65.38,0.48906429863509293,0.6695727986050567,0,0.34217877094972066,1.0
27,12,ewma,0.2,1.0,100,13,5,23,16.34,540.7410424242424,0.0539690203214971,0.8797575757575758,47.4764198274132,116.0,33.664,64.992,0.49282890146522984,0.6718202432488147,0,0.34055789684928756,1.0
28,12,ewma,0.2,1.0,100,17,6,21,15.732,540.6245212121213,0.055581592149394,0.8711111111111111,45.51367227060968,115.0,33.508,66.072,0.4924963692109085,0.6691272253582284,0,0.3313753291472554,1.0
29,12,ewma,0.2,1.0,100,14,5,21,15.156,539.5840565656566,0.056902153329604306,0.8611313131313132,44.64556443351772,115.0,34.352,65.376,0.4931212051341173,0.6756699725680523,0,0.331079696783446,1.0
30,12,ewma,0.2,0.96,96,12,5,21,15.036,540.4097726315791,0.058337619801667386,0.8728842105263159,47.733001658374796,115.0,32.024,61.516,0.4914853743990874,0.6727311191030252,0,0.35696517412935325,1.0
31,12,ewma,0.2,1.0,100,14,5,22,16.416,542.2442343434344,0.054947076962711644,0.8997979797979799,45.99175257731959,116.0,33.912,67.136,0.49159477007916036,0.6683110171482265,0,0.3323711340206186,1.0
32,12,ewma,0.2,1.0,100,11,5,21,15.164,541.1470787878789,0.05898617424695855,0.8911919191919192,47.37825547747003,116.0,34.172,64.516,0.49234268385140256,0.6715176715176715,0,0.3445638693675072,1.0
33,12,ewma,0.2,1.0,100,10,5,20,15.596,543.4471757575758,0.05951590664237723,0.9274343434343434,48.07066296149266,116.0,33.996,65.636,0.4906489769820972,0.6644153651329675,0,0.34339023421992854,1.0
34,12,ewma,0.2,1.0,100,13,5,20,16.344,541.7586505050506,0.05482666857279861,0.8956363636363638,45.73554371422933,117.0,33.916,66.66,0.4904335615236089,0.6721763085399449,0,0.3256364712847839,1.0
35,12,ewma,0.2,1.0,100,14,5,20,15.208,542.1783595959596,0.05901564245485814,0.8966464646464647,44.92199285430726,115.0,33.528,66.24,0.49277385449170635,0.6745406824146981,0,0.32532751091703055,1.0
36,12,ewma,0.2,1.0,100,13,5,22,15.968,540.2645010101011,0.05467758305410524,0.8720808080808081,47.12386269644334,116.0,34.304,65.352,0.49333541195728425,0.671590665810319,0,0.3403639371381307,1.0
37,12,ewma,0.2,1.0,100,16,5,21,15.912,539.7043595959597,0.054236608980210634,0.8608888888888889,45.77991803278689,116.0,34.264,65.532,0.493188698284561,0.6737035337310693,0,0.3338114754098361,1.0
38,12,ewma,0.2,1.0,100,14,5,20,14.6,540.183781818182,0.05985239222230966,0.8698181818181818,45.93926467601056,115.0,34.564,65.188,0.4938073025575036,0.673017958826106,0,0.3349583587243551,1.0
39,12,ewma,0.2,1.0,100,10,6,21,14.856,542.8238060606061,0.06144215958333605,0.9117171717171717,45.45186366354395,115.0,33.276,66.052,0.48954110588616834,0.6716673810544364,0,0.3344628263902731,1.0
0,12,oracle,0.2,1.0,100,14,5,20,11.34,530.9140363636365,0.05477330643542764,0.6218989898989898,8.826233405983753,13.0,0.0,34.752,1.0,1.0,0,0.0,1.0
1,12,oracle,0.2,1.0,100,10,5,21,10.34,530.9843111111112,0.06007027147936239,0.6226666666666667,7.9144385026737964,11.0,0.0,34.012,1.0,1.0,0,0.0,1.0
2,12,oracle,0.2,1.0,100,12,6,24,10.736,529.7801818181819,0.056289810638295495,0.6044444444444445,8.564609546634712,12.0,0.0,33.204,1.0,1.0,0,0.0,1.0
3,12,oracle,0.2,1.0,100,11,5,19,11.36,533.4830585858587,0.058322763207611684,0.6608484848484848,8.506743355811187,12.0,0.0,36.668,1.0,1.0,0,0.0,1.0
4,12,oracle,0.2,1.0,100,12,5,20,11.62,533.3488525252526,0.056638066871400196,0.6587070707070707,8.792710242313175,13.0,0.0,36.284,1.0,1.0,0,0.0,1.0
5,12,oracle,0.2,1.0,100,12,5,21,11.424,531.3653454545455,0.054884723918057245,0.6286464646464647,8.43927125506073,12.0,0.0,34.836,1.0,1.0,0,0.0,1.0
6,12,oracle,0.2,1.0,100,13,5,21,10.816,529.9839838383839,0.0561767423373484,0.6075959595959597,8.17857861888464,12.0,0.0,33.52,1.0,1.0,0,0.0,1.0
7,12,oracle,0.2,0.97,97,12,5,22,10.712,528.7581583333334,0.05496903224090724,0.589125,8.210995542347696,12.0,0.0,31.912,1.0,1.0,0,0.0,1.0
8,12,oracle,0.2,1.0,100,8,5,20,10.96,531.1584848484849,0.056842916567158994,0.6252525252525252,8.642769857433809,12.0,0.0,33.996,1.0,1.0,0,0.0,1.0
9,12,oracle,0.2,0.99,99,17,5,22,10.44,527.2133469387757,0.05421252069925539,0.5657142857142857,7.815731241198954,12.0,0.0,31.464,1.0,1.0,0,0.0,1.0
10,12,oracle,0.2,1.0,100,10,5,19,9.992,530.9375717171717,0.06226044090589545,0.6218989898989898,8.18095238095238,11.0,0.0,33.82,1.0,1.0,0,0.0,1.0
11,12,oracle,0.2,1.0,100,20,5,25,11.128,527.7717252525251,0.051689018164775745,0.5743838383838383,8.189101260675072,12.0,0.0,32.744,1.0,1.0,0,0.0,1.0
12,12,oracle,0.2,1.0,100,16,5,26,11.892,533.6331434343434,0.05552845812997327,0.6625858585858585,9.931103948428687,13.0,0.0,35.348,1.0,1.0,0,0.0,1.0
13,12,oracle,0.2,1.0,100,17,6,22,11.352,528.0684363636364,0.051009488603427994,0.5789494949494949,8.003550543024227,12.0,0.0,33.144,1.0,1.0,0,0.0,1.0
14,12,oracle,0.2,1.0,100,12,5,21,11.32,530.8654666666667,0.05475058151724818,0.621171717171717,8.346810598626105,12.0,0.0,34.74,1.0,1.0,0,0.0,1.0
15,12,oracle,0.2,1.0,100,14,5,21,10.452,529.8392606060607,0.05801514949696768,0.6054949494949494,7.779473789917654,11.0,0.0,33.66,1.0,1.0,0,0.0,1.0
16,12,oracle,0.2,1.0,100,10,5,18,10.76,533.7983919191919,0.061835196117014296,0.6652929292929293,8.577135832821144,12.0,0.0,36.008,1.0,1.0,0,0.0,1.0
17,12,oracle,0.2,1.0,100,13,5,20,11.316,528.6968242424242,0.051935956187471335,0.5883636363636364,8.171996719967199,12.0,0.0,33.312,1.0,1.0,0,0.0,1.0
18,12,oracle,0.2,1.0,100,12,7,22,10.124,533.0165090909092,0.06446326905417814,0.6530505050505051,8.659169199594732,11.0,0.0,34.392,1.0,1.0,0,0.0,1.0
19,12,oracle,0.2,1.0,100,14,5,26,11.332,530.1444565656567,0.05413464907707332,0.610060606060606,8.573263749498194,13.0,0.0,33.724,1.0,1.0,0,0.0,1.0
20,12,oracle,0.2,1.0,100,11,5,20,10.0,530.9398707070707,0.062094922361589026,0.621979797979798,7.715966727530939,11.0,0.0,33.944,1.0,1.0,0,0.0,1.0
21,12,oracle,0.2,1.0,100,13,5,19,9.844,529.9742707070707,0.06169172331596573,0.6073131313131311,8.087883618971702,11.0,0.0,33.152,1.0,1.0,0,0.0,1.0
22,12,oracle,0.2,1.0,100,13,5,22,12.188,531.5997090909092,0.05182918355494112,0.6322828282828283,9.159557344064387,14.0,0.0,35.232,1.0,1.0,0,0.0,1.0
23,12,oracle,0.2,1.0,100,14,5,23,11.804,528.6333010101011,0.04978875473572443,0.5873131313131315,9.028967768257854,13.0,0.0,33.032,1.0,1.0,0,0.0,1.0
24,12,oracle,0.2,1.0,100,13,5,20,9.968,530.5332767676769,0.06166116700359125,0.6156767676767677,8.298669891172914,11.0,0.0,33.272,1.0,1.0,0,0.0,1.0
25,12,oracle,0.2,1.0,100,13,5,20,11.192,530.8021696969698,0.05526382719413023,0.6200404040404041,8.426856113668201,12.0,0.0,34.236,1.0,1.0,0,0.0,1.0
26,12,oracle,0.2,1.0,100,17,4,20,10.532,528.4457535353536,0.055571896229471986,0.5845252525252526,7.529928172386273,11.0,0.0,33.04,1.0,1.0,0,0.0,1.0
27,12,oracle,0.2,1.0,100,13,5,23,11.256,529.9644848484849,0.05379376840891993,0.6072727272727273,8.786072646999799,12.0,0.0,33.432,1.0,1.0,0,0.0,1.0
28,12,oracle,0.2,1.0,100,17,6,21,10.704,530.9018505050506,0.058053766211341964,0.6217777777777779,7.813246911079603,12.0,0.0,34.912,1.0,1.0,0,0.0,1.0
29,12,oracle,0.2,1.0,100,14,5,21,10.32,528.920286868687,0.05733707639162185,0.5916363636363636,7.469780782626511,11.0,0.0,33.172,1.0,1.0,0,0.0,1.0
30,12,oracle,0.2,0.96,96,12,5,21,9.692,529.7592210526316,0.06236126505073874,0.604,7.807421227197347,11.0,0.0,31.524,1.0,1.0,0,0.0,1.0
31,12,oracle,0.2,1.0,100,14,5,22,11.424,531.9482222222223,0.055828783318088125,0.6375757575757575,8.492371134020619,13.0,0.0,35.516,1.0,1.0,0,0.0,1.0
32,12,oracle,0.2,1.0,100,11,5,21,9.712,529.497006060606,0.06176330257845409,0.5998787878787878,8.079785035138487,11.0,0.0,32.268,1.0,1.0,0,0.0,1.0
33,12,oracle,0.2,1.0,100,10,5,20,10.676,532.1819959595961,0.06001679252285313,0.6404848484848485,9.011115522032553,12.0,0.0,34.0,1.0,1.0,0,0.0,1.0
34,12,oracle,0.2,1.0,100,13,5,20,11.304,531.3506222222222,0.05549162588253498,0.6285656565656565,8.606078547463982,13.0,0.0,35.204,1.0,1.0,0,0.0,1.0
35,12,oracle,0.2,1.0,100,14,5,20,10.776,532.4488444444444,0.05984426482608301,0.6449292929292928,8.39440254069075,12.0,0.0,35.26,1.0,1.0,0,0.0,1.0
36,12,oracle,0.2,1.0,100,13,5,22,10.46,529.131094949495,0.05681127435975921,0.5946666666666668,8.30479735318445,12.0,0.0,32.888,1.0,1.0,0,0.0,1.0
37,12,oracle,0.2,1.0,100,16,5,21,10.992,529.3878626262627,0.0544536766264039,0.5987070707070706,8.14077868852459,12.0,0.0,33.472,1.0,1.0,0,0.0,1.0
38,12,oracle,0.2,1.0,100,14,5,20,9.62,529.813393939394,0.06284769450527027,0.6048484848484847,7.8695917123705055,11.0,0.0,32.964,1.0,1.0,0,0.0,1.0
39,12,oracle,0.2,1.0,100,10,6,21,10.176,532.0499555555557,0.06278908117695997,0.6388686868686868,7.799083117400837,11.0,0.0,34.928,1.0,1.0,0,0.0,1.0
0,12,csma,0.2,1.0,100,14,5,20,20.0,1555.5633373737378,1.0,20.0,30.242024466298872,114.0,nan,nan,nan,nan,0,0.0,0.832967032967033
1,12,csma,0.2,1.0,100,10,5,21,21.0,1590.8653212121214,1.0,21.0,21.677222898903775,108.0,nan,nan,nan,nan,0,0.0,0.8350284784377543
2,12,csma,0.2,1.0,100,12,6,24,24.0,1732.3200363636365,1.0,24.0,18.91085003455425,103.0,nan,nan,nan,nan,0,0.0,0.9019322667774776
3,12,csma,0.2,1.0,100,11,5,19,19.0,1496.6195111111115,1.0,19.0,31.87080459770115,114.0,nan,nan,nan,nan,0,0.0,0.8733186107207388
4,12,csma,0.2,1.0,100,12,5,20,20.0,1540.3109858585863,1.0,20.0,27.9688995215311,115.0,nan,nan,nan,nan,0,0.0,0.8551554828150573
5,12,csma,0.2,1.0,100,12,5,21,21.0,1593.3793656565658,1.0,21.0,24.539763113367176,111.0,nan,nan,nan,nan,0,0.0,0.8386377457936347
6,12,csma,0.2,1.0,100,13,5,21,21.0,1591.1792242424247,1.0,21.0,24.266870444392193,111.0,nan,nan,nan,nan,0,0.0,0.8480558325024925
7,12,csma,0.2,0.97,97,12,5,22,22.0,1633.190579166667,1.0,22.0,19.692450638792103,106.0,nan,nan,nan,nan,0,0.0,0.9004392386530015
8,12,csma,0.2,1.0,100,8,5,20,20.0,1537.245644444445,1.0,20.0,25.981522003403843,110.0,nan,nan,nan,nan,0,0.0,0.8249097472924187
9,12,csma,0.2,0.99,99,17,5,22,22.0,1641.654297959184,1.0,22.0,21.471569548872182,108.0,nan,nan,nan,nan,0,0.0,0.8558214357530666
10,12,csma,0.2,1.0,100,10,5,19,19.0,1488.2917090909093,1.0,19.0,28.688007422871724,113.0,nan,nan,nan,nan,0,0.0,0.8732023496050233
11,12,csma,0.2,1.0,100,20,5,25,25.0,1778.9557090909095,1.0,25.0,17.187543900725824,25.0,nan,nan,nan,nan,0,0.0,0.8598751761626736
12,12,csma,0.2,1.0,100,16,5,26,26.0,1827.0793171717175,1.0,26.0,17.147518382352942,26.0,nan,nan,nan,nan,0,0.0,0.893451036748101
13,12,csma,0.2,1.0,100,17,6,22,22.0,1646.9225979797984,1.0,22.0,24.24777370350969,112.14999999999964,nan,nan,nan,nan,0,0.0,0.7738143494122416
14,12,csma,0.2,1.0,100,12,5,21,21.0,1588.2719313131317,1.0,21.0,25.194525904203324,112.0,nan,nan,nan,nan,0,0.0,0.8117437016464987
15,12,csma,0.2,1.0,100,14,5,21,21.0,1582.2079111111113,1.0,21.0,21.198536355051935,109.0,nan,nan,nan,nan,0,0.0,0.8540322580645161
16,12,csma,0.2,1.0,100,10,5,18,18.0,1447.7482626262629,1.0,18.0,34.006738868832734,114.0,nan,nan,nan,nan,0,0.0,0.8488253319713994
17,12,csma,0.2,1.0,100,13,5,20,20.0,1543.9350545454547,1.0,20.0,29.868202518081972,114.0,nan,nan,nan,nan,0,0.0,0.7601303196904907
18,12,csma,0.2,1.0,100,12,7,22,22.0,1628.536173737374,1.0,22.0,20.131396648044692,105.30000000000018,nan,nan,nan,nan,0,0.0,0.9202138597573515
19,12,csma,0.2,1.0,100,14,5,26,26.0,1827.6647232323232,1.0,26.0,16.309242529534398,26.0,nan,nan,nan,nan,0,0.0,0.8712411705348133
20,12,csma,0.2,1.0,100,11,5,20,20.0,1537.774678787879,1.0,20.0,24.77003567181926,110.0,nan,nan,nan,nan,0,0.0,0.846757954087797
21,12,csma,0.2,1.0,100,13,5,19,19.0,1501.4212848484851,1.0,19.0,31.262600094206313,115.0,nan,nan,nan,nan,0,0.0,0.8565664716562437
22,12,csma,0.2,1.0,100,13,5,22,22.0,1646.4362909090912,1.0,22.0,24.17873510540788,110.0,nan,nan,nan,nan,0,0.0,0.885013181910363
23,12,csma,0.2,1.0,100,14,5,23,23.0,1677.596072727273,1.0,23.0,19.172095172095172,106.0,nan,nan,nan,nan,0,0.0,0.892209398186315
24,12,csma,0.2,1.0,100,13,5,20,20.0,1547.634581818182,1.0,20.0,25.877860812704345,111.0,nan,nan,nan,nan,0,0.0,0.844409386708736
25,12,csma,0.2,1.0,100,13,5,20,20.0,1548.8840121212127,1.0,20.0,25.960257020466443,112.0,nan,nan,nan,nan,0,0.0,0.8447929232006434
26,12,csma,0.2,1.0,100,17,4,20,20.0,1541.14917979798,1.0,20.0,29.37328593194515,114.0,nan,nan,nan,nan,0,0.0,0.7917169280257338
27,12,csma,0.2,1.0,100,13,5,23,23.0,1686.6259434343438,1.0,23.0,20.659401144870102,108.0,nan,nan,nan,nan,0,0.0,0.9122313717613979
28,12,csma,0.2,1.0,100,17,6,21,21.0,1586.7414343434345,1.0,21.0,23.75698924731183,110.0,nan,nan,nan,nan,0,0.0,0.857230643179025
29,12,csma,0.2,1.0,100,14,5,21,21.0,1584.3459030303034,1.0,21.0,21.89454732510288,110.0,nan,nan,nan,nan,0,0.0,0.7878419452887538
30,12,csma,0.2,0.96,96,12,5,21,21.0,1581.7662821052634,1.0,21.0,21.694393382352942,110.0,nan,nan,nan,nan,0,0.0,0.9257604764943629
31,12,csma,0.2,1.0,100,14,5,22,22.0,1633.2437131313134,1.0,22.0,22.070318282753515,110.0,nan,nan,nan,nan,0,0.0,0.8259629101283881
32,12,csma,0.2,1.0,100,11,5,21,21.0,1587.654755555556,1.0,21.0,22.083172147001935,109.0,nan,nan,nan,nan,0,0.0,0.8301886792452831
33,12,csma,0.2,1.0,100,10,5,20,20.0,1541.5125131313134,1.0,20.0,27.168469860896444,114.0,nan,nan,nan,nan,0,0.0,0.9160598705501618
34,12,csma,0.2,1.0,100,13,5,20,20.0,1548.7879191919192,1.0,20.0,30.64635797454644,116.0,nan,nan,nan,nan,0,0.0,0.736244019138756
35,12,csma,0.2,1.0,100,14,5,20,20.0,1547.2591393939397,1.0,20.0,25.90097828680506,113.0,nan,nan,nan,nan,0,0.0,0.8480372318899231
36,12,csma,0.2,1.0,100,13,5,22,22.0,1646.4315232323236,1.0,22.0,22.31793542304973,111.0,nan,nan,nan,nan,0,0.0,0.8530357860876558
37,12,csma,0.2,1.0,100,16,5,21,21.0,1587.4476929292932,1.0,21.0,23.70509822263798,110.0,nan,nan,nan,nan,0,0.0,0.8854835369641748
38,12,csma,0.2,1.0,100,14,5,20,20.0,1544.7905494949496,1.0,20.0,23.293836598184424,110.0,nan,nan,nan,nan,0,0.0,0.8340306834030683
39,12,csma,0.2,1.0,100,10,6,21,21.0,1584.4661575757577,1.0,21.0,19.673653424323664,107.0,nan,nan,nan,nan,0,0.0,0.8332656376929326
0,14,rand_st_A,0.2,0.99,99,16,4,24,24.0,552.0917061224492,0.04807142857142857,1.1537142857142857,74.12155917219208,201.0,66.936,98.0,0.0,1.0,0,0.0,1.0
1,14,rand_st_A,0.2,1.0,100,16,5,23,24.0,553.0883636363637,0.04854545454545454,1.165090909090909,63.2353291038858,120.0,66.656,99.0,0.0,1.0,0,0.0,1.0
2,14,rand_st_A,0.2,1.0,100,12,4,22,22.0,555.5840404040405,0.0549384756657484,1.2086464646464647,102.47117694155324,305.0,66.344,99.0,0.0,1.0,0,0.0,1.0
3,14,rand_st_A,0.2,0.99,99,12,4,22,23.0,554.6919306122448,0.05209050576752441,1.1980816326530612,77.1136546184739,202.0,66.588,98.0,0.0,1.0,0,0.0,1.0
4,14,rand_st_A,0.2,1.0,100,14,5,22,25.0,554.2746303030303,0.04763959595959596,1.1909898989898988,87.46437296416939,207.0,67.092,99.0,0.0,1.0,0,0.0,1.0
5,14,rand_st_A,0.2,1.0,100,19,5,23,24.0,551.8081656565657,0.047368686868686866,1.136848484848485,73.57733630650719,201.0,66.452,99.0,0.0,1.0,0,0.0,1.0
6,14,rand_st_A,0.2,0.99,99,11,5,22,21.0,556.9800734693879,0.058655004859086486,1.2317551020408164,119.05877551020409,212.0,64.288,98.0,0.0,1.0,0,0.0,1.0
7,14,rand_st_A,0.2,0.99,99,15,5,24,25.0,553.8458163265307,0.047103673469387757,1.177591836734694,73.60358109514887,205.0,65.596,98.0,0.0,1.0,0,0.0,1.0
8,14,rand_st_A,0.2,1.0,100,16,4,23,24.0,552.8347151515152,0.04844444444444444,1.1626666666666665,75.87530562347189,210.0,66.896,99.0,0.0,1.0,0,0.0,1.0
9,14,rand_st_A,0.2,1.0,100,12,4,21,23.0,556.0534262626263,0.053247255160298636,1.2246868686868688,74.39074960127591,212.0,66.756,99.0,0.0,1.0,0,0.0,1.0
10,14,rand_st_A,0.2,1.0,100,17,5,22,25.0,553.4068848484849,0.04650666666666666,1.1626666666666667,81.61415571284125,214.0,65.896,99.0,0.0,1.0,0,0.0,1.0
11,14,rand_st_A,0.2,1.0,100,19,5,22,25.0,551.3232808080808,0.04533979797979798,1.1334949494949493,75.00852791878172,209.0,66.784,99.0,0.0,1.0,0,0.0,1.0
12,14,rand_st_A,0.2,1.0,100,11,4,22,24.0,556.2600202020203,0.051304713804713804,1.2313131313131314,97.74512954408516,208.0,67.1,99.0,0.0,1.0,0,0.0,1.0
13,14,rand_st_A,0.2,1.0,100,10,5,20,23.0,557.0273292929293,0.054025472112428634,1.2425858585858585,119.94844500104362,204.0,66.984,99.0,0.0,1.0,0,0.0,1.0
14,14,rand_st_A,0.2,1.0,100,18,4,23,24.0,553.59037979798,0.04848316498316498,1.1635959595959597,64.39074146724205,121.0,64.804,99.0,0.0,1.0,0,0.0,1.0
15,14,rand_st_A,0.2,0.99,99,11,4,21,21.0,555.8750938775511,0.05808746355685132,1.2198367346938777,93.82040898967402,207.0,65.456,98.0,0.0,1.0,0,0.0,1.0
16,14,rand_st_A,0.2,1.0,100,13,5,21,22.0,555.0862020202021,0.05449586776859504,1.198909090909091,87.3358700123406,210.0,66.308,99.0,0.0,1.0,0,0.0,1.0
17,14,rand_st_A,0.2,1.0,100,16,5,20,20.0,553.8635393939394,0.05868282828282828,1.1736565656565656,104.7783473446791,204.0,65.808,99.0,0.0,1.0,0,0.0,1.0
18,14,rand_st_A,0.2,1.0,100,10,5,19,21.0,556.7950383838385,0.058728234728234734,1.2332929292929293,129.58926038500508,218.0,65.904,99.0,0.0,1.0,0,0.0,1.0
19,14,rand_st_A,0.2,1.0,100,13,4,24,21.0,554.7733252525253,0.056908128908128915,1.1950707070707072,107.15663378296759,212.0,66.688,99.0,0.0,1.0,0,0.0,1.0
20,14,rand_st_A,0.2,1.0,100,13,4,23,21.0,554.973195959596,0.057023569023569025,1.1974949494949494,115.62603934293247,212.0,66.448,99.0,0.0,1.0,0,0.0,1.0
21,14,rand_st_A,0.2,1.0,100,15,5,23,24.0,554.3701171717172,0.04929292929292929,1.183030303030303,87.15490705576654,201.0,65.88,99.0,0.0,1.0,0,0.0,1.0
22,14,rand_st_A,0.2,0.95,95,15,4,23,28.0,552.4769404255319,0.04151519756838906,1.1624255319148935,75.19953596287704,203.0,63.732,94.0,0.0,1.0,0,0.0,1.0
23,14,rand_st_A,0.2,1.0,100,17,4,23,25.0,551.6755434343435,0.045797171717171715,1.1449292929292931,88.59445689830854,205.0,67.652,99.0,0.0,1.0,0,0.0,1.0
24,14,rand_st_A,0.2,1.0,100,13,4,22,23.0,554.5333454545455,0.05184892402283707,1.1925252525252525,88.17429897115191,202.0,66.94,99.0,0.0,1.0,0,0.0,1.0
25,14,rand_st_A,0.2,1.0,100,13,5,21,23.0,553.7963232323233,0.05148177426438296,1.1840808080808083,101.28799361786996,205.0,67.776,99.0,0.0,1.0,0,0.0,1.0
26,14,rand_st_A,0.2,1.0,100,17,5,26,28.0,552.8150181818182,0.041317460317460315,1.1568888888888889,88.94448881789137,213.0,66.468,99.0,0.0,1.0,0,0.0,1.0
27,14,rand_st_A,0.2,1.0,100,19,4,24,23.0,552.7816363636365,0.04992007026789635,1.1481616161616162,82.0028,201.0,65.332,99.0,0.0,1.0,0,0.0,1.0
28,14,rand_st_A,0.2,1.0,100,12,4,23,22.0,554.7842060606062,0.054668503213957755,1.2027070707070706,77.00567375886524,204.0,66.932,99.0,0.0,1.0,0,0.0,1.0
29,14,rand_st_A,0.2,1.0,100,17,4,23,23.0,551.8909535353536,0.049772507685551165,1.1447676767676767,68.15493246009005,211.0,67.668,99.0,0.0,1.0,0,0.0,1.0
30,14,rand_st_A,0.2,1.0,100,15,5,23,24.0,554.9910262626263,0.04970538720538721,1.1929292929292932,78.6395766773163,207.0,64.9,99.0,0.0,1.0,0,0.0,1.0
31,14,rand_st_A,0.2,1.0,100,11,5,22,22.0,558.2923393939393,0.057487603305785125,1.2647272727272725,102.14288655548692,206.0,66.792,99.0,0.0,1.0,0,0.0,1.0
32,14,rand_st_A,0.2,1.0,100,14,4,21,24.0,554.5218545454546,0.04954377104377104,1.1890505050505051,75.65316246382802,201.0,66.284,99.0,0.0,1.0,0,0.0,1.0
33,14,rand_st_A,0.2,1.0,100,17,5,22,24.0,553.419894949495,0.04843771043771044,1.1625050505050505,93.94401429422275,206.0,65.912,99.0,0.0,1.0,0,0.0,1.0
34,14,rand_st_A,0.2,1.0,100,11,5,23,24.0,557.1299272727273,0.05138552188552188,1.2332525252525253,122.85878164556962,211.0,64.908,99.0,0.0,1.0,0,0.0,1.0
35,14,rand_st_A,0.2,1.0,100,12,5,20,26.0,554.7082707070708,0.046108780108780105,1.1988282828282826,84.87917993630573,210.0,67.316,99.0,0.0,1.0,0,0.0,1.0
36,14,rand_st_A,0.2,1.0,100,14,5,19,21.0,554.5108404040406,0.056640692640692644,1.1894545454545455,88.78093473337451,206.0,66.244,99.0,0.0,1.0,0,0.0,1.0
37,14,rand_st_A,0.2,1.0,100,14,5,24,28.0,555.3009414141414,0.04347619047619048,1.2173333333333332,87.83559391697493,212.0,67.484,99.0,0.0,1.0,0,0.0,1.0
38,14,rand_st_A,0.2,1.0,100,19,4,28,27.0,550.5837818181818,0.04162514029180696,1.123878787878788,56.07119543043655,118.0,67.736,99.0,0.0,1.0,0,0.0,1.0
39,14,rand_st_A,0.2,1.0,100,12,5,23,24.0,554.5845292929293,0.0498973063973064,1.1975353535353537,71.96028736779085,116.0,67.444,99.0,0.0,1.0,0,0.0,1.0
0,14,rand_st,0.2,0.99,99,16,4,24,23.0,552.0689469387756,0.050150842945874005,1.153469387755102,66.69780992565802,201.0,66.96,98.0,0.0,1.0,0,0.0,1.0
1,14,rand_st,0.2,1.0,100,16,5,23,20.0,553.0504888888888,0.05823434343434343,1.1646868686868688,59.40979381443299,118.0,66.696,99.0,0.0,1.0,0,0.0,1.0
2,14,rand_st,0.2,1.0,100,12,4,22,18.0,555.4961979797981,0.06709090909090908,1.2076363636363638,99.03983186549239,303.0,66.444,99.0,0.0,1.0,0,0.0,1.0
3,14,rand_st,0.2,0.99,99,12,4,22,20.0,554.6737673469388,0.059887755102040814,1.1977551020408164,67.3578313253012,119.0,66.62,98.0,0.0,1.0,0,0.0,1.0
4,14,rand_st,0.2,1.0,100,14,5,22,21.0,554.2700606060606,0.05671188071188072,1.1909494949494952,80.31372149837134,205.0,67.096,99.0,0.0,1.0,0,0.0,1.0
5,14,rand_st,0.2,1.0,100,19,5,23,20.0,551.8346060606061,0.056854545454545456,1.137090909090909,76.0496655179404,204.0,66.428,99.0,0.0,1.0,0,0.0,1.0
6,14,rand_st,0.2,0.99,99,11,5,22,19.0,557.0259346938776,0.06485929108485498,1.2323265306122448,112.50734693877551,206.0,64.232,98.0,0.0,1.0,0,0.0,1.0
7,14,rand_st,0.2,0.99,99,15,5,24,20.0,553.7956612244898,0.058846938775510206,1.176938775510204,55.003539454507596,114.0,65.66,98.0,0.0,1.0,0,0.0,1.0
8,14,rand_st,0.2,1.0,100,16,4,23,19.0,552.925191919192,0.061254651780967576,1.163838383838384,75.22025264873676,213.0,66.78,99.0,0.0,1.0,0,0.0,1.0
9,14,rand_st,0.2,1.0,100,12,4,21,17.0,556.0380808080808,0.0720308972073678,1.2245252525252526,80.1804226475279,202.0,66.772,99.0,0.0,1.0,0,0.0,1.0
10,14,rand_st,0.2,1.0,100,17,5,22,20.0,553.4441212121213,0.058157575757575755,1.163151515151515,74.52376137512638,211.0,65.848,99.0,0.0,1.0,0,0.0,1.0
11,14,rand_st,0.2,1.0,100,19,5,22,21.0,551.3928444444446,0.05401635401635402,1.1343434343434342,62.073908629441625,121.0,66.7,99.0,0.0,1.0,0,0.0,1.0
12,14,rand_st,0.2,1.0,100,11,4,22,22.0,556.314896969697,0.056001836547291094,1.232040404040404,100.40168708576019,207.0,67.028,99.0,0.0,1.0,0,0.0,1.0
13,14,rand_st,0.2,1.0,100,10,5,20,18.0,557.0067555555557,0.06901907968574636,1.242343434343434,105.97349196409935,209.0,67.008,99.0,0.0,1.0,0,0.0,1.0
14,14,rand_st,0.2,1.0,100,18,4,23,20.0,553.5518262626264,0.05815151515151515,1.163030303030303,58.13279717536289,120.0,64.86,99.0,0.0,1.0,0,0.0,1.0
15,14,rand_st,0.2,0.99,99,11,4,21,17.0,555.8328612244899,0.07172388955582233,1.2193061224489798,82.61186474994938,208.0,65.508,98.0,0.0,1.0,0,0.0,1.0
16,14,rand_st,0.2,1.0,100,13,5,21,18.0,555.1299636363636,0.06663524130190797,1.1994343434343437,83.72480460715755,208.0,66.256,99.0,0.0,1.0,0,0.0,1.0
17,14,rand_st,0.2,1.0,100,16,5,20,16.0,553.8266222222221,0.07332070707070708,1.1731313131313132,104.36395324994874,204.0,65.86,99.0,0.0,1.0,0,0.0,1.0
18,14,rand_st,0.2,1.0,100,10,5,19,16.0,556.8045171717173,0.0770909090909091,1.2334545454545456,121.91955420466059,214.0,65.888,99.0,0.0,1.0,0,0.0,1.0
19,14,rand_st,0.2,1.0,100,13,4,24,20.0,554.9206141414141,0.059842424242424246,1.196848484848485,87.8435675458023,211.0,66.512,99.0,0.0,1.0,0,0.0,1.0
20,14,rand_st,0.2,1.0,100,13,4,23,20.0,554.8553010101011,0.05980404040404041,1.196080808080808,100.6933684850943,207.0,66.588,99.0,0.0,1.0,0,0.0,1.0
21,14,rand_st,0.2,1.0,100,15,5,23,21.0,554.3404040404041,0.056319384319384325,1.1827070707070706,88.03178093144113,202.0,65.912,99.0,0.0,1.0,0,0.0,1.0
22,14,rand_st,0.2,0.95,95,15,4,23,21.0,552.3999148936172,0.05531509625126647,1.1616170212765957,72.68297827462561,202.0,63.808,94.0,0.0,1.0,0,0.0,1.0
23,14,rand_st,0.2,1.0,100,17,4,23,18.0,551.6997090909092,0.06362289562289562,1.1452121212121213,56.608722233543915,115.0,67.624,99.0,0.0,1.0,0,0.0,1.0
24,14,rand_st,0.2,1.0,100,13,4,22,19.0,554.5823353535353,0.06279638490164806,1.1931313131313133,85.48396207383499,202.0,66.88,99.0,0.0,1.0,0,0.0,1.0
25,14,rand_st,0.2,1.0,100,13,5,21,20.0,553.7966424242426,0.0592020202020202,1.1840404040404042,96.82229756681292,204.0,67.78,99.0,0.0,1.0,0,0.0,1.0
26,14,rand_st,0.2,1.0,100,17,5,26,24.0,552.7905333333334,0.0481936026936027,1.1566464646464647,75.37919329073482,207.0,66.492,99.0,0.0,1.0,0,0.0,1.0
27,14,rand_st,0.2,1.0,100,19,4,24,20.0,552.7300323232324,0.05737575757575757,1.1475151515151516,79.9418,201.0,65.396,99.0,0.0,1.0,0,0.0,1.0
28,14,rand_st,0.2,1.0,100,12,4,23,18.0,554.7704969696971,0.06681032547699213,1.2025858585858586,72.12462006079028,201.0,66.944,99.0,0.0,1.0,0,0.0,1.0
29,14,rand_st,0.2,1.0,100,17,4,23,21.0,551.8406666666667,0.05448581048581049,1.1442020202020202,61.165575112566515,204.0,67.724,99.0,0.0,1.0,0,0.0,1.0
30,14,rand_st,0.2,1.0,100,15,5,23,20.0,555.0890060606062,0.059707070707070715,1.1941414141414142,78.96405750798722,208.0,64.78,99.0,0.0,1.0,0,0.0,1.0
31,14,rand_st,0.2,1.0,100,11,5,22,20.0,558.3331676767677,0.06326262626262626,1.265252525252525,96.25365451925056,206.0,66.74,99.0,0.0,1.0,0,0.0,1.0
32,14,rand_st,0.2,1.0,100,14,4,21,19.0,554.4944161616162,0.06256246677299308,1.1886868686868688,81.77035965274906,201.0,66.32,99.0,0.0,1.0,0,0.0,1.0
33,14,rand_st,0.2,1.0,100,17,5,22,19.0,553.3878868686869,0.061163211057947905,1.16210101010101,82.18582489577129,203.0,65.952,99.0,0.0,1.0,0,0.0,1.0
34,14,rand_st,0.2,1.0,100,11,5,23,18.0,557.3262060606062,0.06864646464646465,1.2356363636363636,113.0185917721519,211.0,64.672,99.0,0.0,1.0,0,0.0,1.0
35,14,rand_st,0.2,1.0,100,12,5,20,18.0,554.697494949495,0.06659483726150392,1.1987070707070706,85.28921178343948,208.0,67.328,99.0,0.0,1.0,0,0.0,1.0
36,14,rand_st,0.2,1.0,100,14,5,19,19.0,554.5578545454546,0.06262838915470495,1.189939393939394,71.75663990117356,201.0,66.196,99.0,0.0,1.0,0,0.0,1.0
37,14,rand_st,0.2,1.0,100,14,5,24,20.0,555.3463393939394,0.0608949494949495,1.2178989898989898,71.62679819153308,205.0,67.428,99.0,0.0,1.0,0,0.0,1.0
38,14,rand_st,0.2,1.0,100,19,4,28,21.0,550.5726666666667,0.05350841750841751,1.1236767676767676,45.063647490820074,115.0,67.756,99.0,0.0,1.0,0,0.0,1.0
39,14,rand_st,0.2,1.0,100,12,5,23,21.0,554.6047838383838,0.05703896103896104,1.197818181818182,67.21392935541807,113.0,67.416,99.0,0.0,1.0,0,0.0,1.0
0,14,rand_dt,0.2,0.99,99,16,4,24,22.38,550.8486734693878,0.050843557581135214,1.1372653061224491,71.91487200325071,211.0,68.548,98.0,0.0,1.0,0,0.0,1.0
1,14,rand_dt,0.2,1.0,100,16,5,23,19.624,551.5213454545456,0.05848751815258992,1.1457373737373737,80.22724496029322,213.0,68.572,99.0,0.0,1.0,0,0.0,1.0
2,14,rand_dt,0.2,1.0,100,12,4,22,18.76,554.0448404040405,0.06351750419820594,1.1899797979797981,101.84980400247576,216.0,68.192,99.0,0.0,1.0,0,0.0,1.0
3,14,rand_dt,0.2,0.99,99,12,4,22,17.72,553.8122816326533,0.06709298561529875,1.1868979591836735,86.88160849152888,214.0,67.684,98.0,0.0,1.0,0,0.0,1.0
4,14,rand_dt,0.2,1.0,100,14,5,22,20.512,553.0512202020202,0.05738028772574228,1.1760404040404042,90.37679112008072,213.0,68.572,99.0,0.0,1.0,0,0.0,1.0
5,14,rand_dt,0.2,1.0,100,19,5,23,20.312,551.8144282828283,0.05598932803322236,1.1353131313131313,77.92236563282604,213.5,66.604,99.0,0.0,1.0,0,0.0,1.0
6,14,rand_dt,0.2,0.99,99,11,5,22,17.716,556.1985551020408,0.06908054291892195,1.2206530612244897,92.98748486071861,215.0,65.376,98.0,0.0,1.0,0,0.0,1.0
7,14,rand_dt,0.2,0.99,99,15,5,24,19.936,552.9964040816327,0.0585791538012572,1.1660816326530612,83.46499692055019,215.0,66.724,98.0,0.0,1.0,0,0.0,1.0
8,14,rand_dt,0.2,1.0,100,16,4,23,19.464,552.097490909091,0.05934401231115745,1.1530101010101013,78.10821724207551,214.0,67.852,99.0,0.0,1.0,0,0.0,1.0
9,14,rand_dt,0.2,1.0,100,12,4,21,18.48,555.1104848484848,0.06575716107460172,1.2127272727272727,94.07283191109347,214.0,67.94,99.0,0.0,1.0,0,0.0,1.0
10,14,rand_dt,0.2,1.0,100,17,5,22,19.276,552.1673090909092,0.05959177911107736,1.1465454545454548,95.82216443288658,218.0,67.492,99.0,0.0,1.0,0,0.0,1.0
11,14,rand_dt,0.2,1.0,100,19,5,22,20.568,550.2612444444445,0.054491978378893295,1.1187878787878787,76.23816268717118,214.0,68.24,99.0,0.0,1.0,0,0.0,1.0
12,14,rand_dt,0.2,1.0,100,11,4,22,20.616,555.1777131313132,0.059145996383941045,1.2181818181818183,91.00405844155844,212.0,68.4,99.0,0.0,1.0,0,0.0,1.0
13,14,rand_dt,0.2,1.0,100,10,5,20,18.672,555.8020040404041,0.06583439406597301,1.227878787878788,98.82799255737027,214.0,68.44,99.0,0.0,1.0,0,0.0,1.0
14,14,rand_dt,0.2,1.0,100,18,4,23,20.044,552.1770343434343,0.057247076922286685,1.1452121212121211,78.11558287073751,213.0,66.624,99.0,0.0,1.0,0,0.0,1.0
15,14,rand_dt,0.2,0.99,99,11,4,21,17.252,554.4678693877552,0.069815400897201,1.2020408163265306,81.92905894519131,211.0,67.2,98.0,0.0,1.0,0,0.0,1.0
16,14,rand_dt,0.2,1.0,100,13,5,21,18.104,554.215098989899,0.06572868842734683,1.187757575757576,95.07463295269169,214.0,67.412,99.0,0.0,1.0,0,0.0,1.0
17,14,rand_dt,0.2,1.0,100,16,5,20,17.664,552.751296969697,0.0657601107393161,1.1588686868686868,87.26470588235294,214.0,67.272,99.0,0.0,1.0,0,0.0,1.0
18,14,rand_dt,0.2,1.0,100,10,5,19,16.484,555.8533131313131,0.07414394547469882,1.2208080808080808,108.28760162601625,215.0,67.14,99.0,0.0,1.0,0,0.0,1.0
19,14,rand_dt,0.2,1.0,100,13,4,24,19.392,553.2490707070708,0.06069553175868966,1.176121212121212,100.04352310231023,216.0,68.564,99.0,0.0,1.0,0,0.0,1.0
20,14,rand_dt,0.2,1.0,100,13,4,23,19.276,553.7073010101011,0.061452650793695926,1.181858585858586,103.40741499385497,217.0,67.996,99.0,0.0,1.0,0,0.0,1.0
21,14,rand_dt,0.2,1.0,100,15,5,23,20.26,553.3486707070707,0.057798235517727926,1.1693737373737374,88.80472188875551,216.0,67.232,99.0,0.0,1.0,0,0.0,1.0
22,14,rand_dt,0.2,0.95,95,15,4,23,21.228,551.5156382978723,0.05419045656779237,1.149063829787234,68.5369342442357,209.0,64.988,94.0,0.0,1.0,0,0.0,1.0
23,14,rand_dt,0.2,1.0,100,17,4,23,19.404,550.7605171717172,0.05848737541400936,1.1322828282828281,74.4294754031435,212.0,68.904,99.0,0.0,1.0,0,0.0,1.0
24,14,rand_dt,0.2,1.0,100,13,4,22,19.168,553.8316404040405,0.06181990283329996,1.182828282828283,86.38524919614147,214.0,67.9,99.0,0.0,1.0,0,0.0,1.0
25,14,rand_dt,0.2,1.0,100,13,5,21,19.48,553.050298989899,0.06042591725717723,1.1744242424242424,79.45096864389855,214.0,68.732,99.0,0.0,1.0,0,0.0,1.0
26,14,rand_dt,0.2,1.0,100,17,5,26,24.036,551.1829252525254,0.04732484555701947,1.1362424242424245,85.78659898477157,218.0,68.512,99.0,0.0,1.0,0,0.0,1.0
27,14,rand_dt,0.2,1.0,100,19,4,24,21.168,551.5538343434345,0.053580720325987645,1.1322828282828283,78.19968114786768,214.0,66.904,99.0,0.0,1.0,0,0.0,1.0
28,14,rand_dt,0.2,1.0,100,12,4,23,18.94,553.7217131313132,0.06288196585740445,1.1891717171717173,79.47641509433963,212.0,68.272,99.0,0.0,1.0,0,0.0,1.0
29,14,rand_dt,0.2,1.0,100,17,4,23,20.184,551.2987434343435,0.0564512512499892,1.136929292929293,73.84214792299899,212.0,68.444,99.0,0.0,1.0,0,0.0,1.0
30,14,rand_dt,0.2,1.0,100,15,5,23,20.708,553.0007393939394,0.05648487890385124,1.1683636363636365,79.54036243822075,214.0,67.332,99.0,0.0,1.0,0,0.0,1.0
31,14,rand_dt,0.2,1.0,100,11,5,22,18.756,557.5369373737375,0.06703350463701341,1.2555151515151515,106.1989847715736,216.0,67.704,99.0,0.0,1.0,0,0.0,1.0
32,14,rand_dt,0.2,1.0,100,14,4,21,18.432,553.928206060606,0.0641687316925707,1.1804040404040403,90.3129292929293,215.0,67.14,99.0,0.0,1.0,0,0.0,1.0
33,14,rand_dt,0.2,1.0,100,17,5,22,19.804,552.1451393939394,0.058017357289765585,1.1465050505050505,77.76359577922078,214.0,67.496,99.0,0.0,1.0,0,0.0,1.0
34,14,rand_dt,0.2,1.0,100,11,5,23,18.628,555.7985777777778,0.06537972550707329,1.216,106.3447933227345,217.0,66.616,99.0,0.0,1.0,0,0.0,1.0
35,14,rand_dt,0.2,1.0,100,12,5,20,19.004,553.704307070707,0.06256140310263586,1.1864242424242426,85.0003994407829,213.0,68.544,99.0,0.0,1.0,0,0.0,1.0
36,14,rand_dt,0.2,1.0,100,14,5,19,18.088,553.7222101010102,0.0652794215187404,1.1783838383838383,96.31898837446461,216.0,67.34,99.0,0.0,1.0,0,0.0,1.0
37,14,rand_dt,0.2,1.0,100,14,5,24,20.732,554.4529454545456,0.05827438762995243,1.2059797979797982,89.93338798934208,213.0,68.608,99.0,0.0,1.0,0,0.0,1.0
38,14,rand_dt,0.2,1.0,100,19,4,28,22.312,549.3367838383839,0.04976618893622846,1.1082020202020204,64.44222038794882,207.0,69.288,99.0,0.0,1.0,0,0.0,1.0
39,14,rand_dt,0.2,1.0,100,12,5,23,21.264,553.3480282828284,0.055677048672305586,1.1822626262626263,84.75957275292221,214.0,68.956,99.0,0.0,1.0,0,0.0,1.0
0,14,static,0.2,0.99,99,16,4,24,24.0,552.3397387755102,0.04818027210884354,1.1563265306122448,19.532412965186076,24.0,66.68,98.0,0.0,1.0,0,0.0,1.0
1,14,static,0.2,1.0,100,16,5,23,23.0,553.1041090909091,0.05068247694334651,1.1656969696969697,19.243216478510597,23.0,66.596,99.0,0.0,1.0,0,0.0,1.0
2,14,static,0.2,1.0,100,12,4,22,22.0,555.587393939394,0.054964187327823696,1.2092121212121212,18.189135210705015,22.0,66.288,99.0,0.0,1.0,0,0.0,1.0
3,14,static,0.2,0.99,99,12,4,22,22.0,555.1046000000001,0.05466975881261595,1.2027346938775512,19.475005019072476,22.0,66.132,98.0,0.0,1.0,0,0.0,1.0
4,14,static,0.2,1.0,100,14,5,22,22.0,554.069292929293,0.05404591368227732,1.189010101010101,17.276929342292814,22.0,67.288,99.0,0.0,1.0,0,0.0,1.0
5,14,static,0.2,1.0,100,19,5,23,23.0,551.4725212121213,0.0492736056214317,1.1332929292929292,18.98825910931174,23.0,66.804,99.0,0.0,1.0,0,0.0,1.0
6,14,static,0.2,0.99,99,11,5,22,22.0,557.0661510204081,0.05602782931354361,1.232612244897959,18.499185667752442,22.0,64.204,98.0,0.0,1.0,0,0.0,1.0
7,14,static,0.2,0.99,99,15,5,24,24.0,553.679930612245,0.04899829931972789,1.1759591836734693,19.993132154006243,24.0,65.756,98.0,0.0,1.0,0,0.0,1.0
8,14,static,0.2,1.0,100,16,4,23,23.0,552.7675474747475,0.05054369784804567,1.1625050505050505,18.915885947046842,23.0,66.912,99.0,0.0,1.0,0,0.0,1.0
9,14,static,0.2,1.0,100,12,4,21,21.0,555.9039232323232,0.058253006253006265,1.2233131313131311,17.769154228855722,21.0,66.892,99.0,0.0,1.0,0,0.0,1.0
10,14,static,0.2,1.0,100,17,5,22,22.0,553.115878787879,0.05268319559228649,1.159030303030303,17.850253292806485,22.0,66.256,99.0,0.0,1.0,0,0.0,1.0
11,14,static,0.2,1.0,100,19,5,22,22.0,551.3199676767678,0.051507805325987144,1.1331717171717173,16.584790565270435,21.0,66.816,99.0,0.0,1.0,0,0.0,1.0
12,14,static,0.2,1.0,100,11,4,22,22.0,556.1238262626264,0.05589164370982553,1.2296161616161616,17.67969379532635,22.0,67.268,99.0,0.0,1.0,0,0.0,1.0
13,14,static,0.2,1.0,100,10,5,20,20.0,556.568501010101,0.06185858585858587,1.2371717171717174,18.110693400167083,20.0,67.52,99.0,0.0,1.0,0,0.0,1.0
14,14,static,0.2,1.0,100,18,4,23,23.0,553.6267191919193,0.050633289415898106,1.1645656565656566,18.278508341511287,23.0,64.708,99.0,0.0,1.0,0,0.0,1.0
15,14,static,0.2,0.99,99,11,4,21,21.0,555.8852530612245,0.05807385811467444,1.2195510204081634,17.215253894396117,21.0,65.484,98.0,0.0,1.0,0,0.0,1.0
16,14,static,0.2,1.0,100,13,5,21,21.0,555.1100080808083,0.0570947570947571,1.198989898989899,17.717271051014137,21.0,66.3,99.0,0.0,1.0,0,0.0,1.0
17,14,static,0.2,1.0,100,16,5,20,20.0,553.9226868686869,0.05872929292929292,1.1745858585858586,16.27367773677737,20.0,65.716,99.0,0.0,1.0,0,0.0,1.0
18,14,static,0.2,1.0,100,10,5,19,19.0,556.576888888889,0.06477405635300372,1.2307070707070709,16.273961499493414,19.0,66.16,99.0,0.0,1.0,0,0.0,1.0
19,14,static,0.2,1.0,100,13,4,24,24.0,554.9448,0.04988552188552188,1.1972525252525252,18.35407466880771,24.0,66.472,99.0,0.0,1.0,0,0.0,1.0
20,14,static,0.2,1.0,100,13,4,23,23.0,554.8246505050505,0.052,1.196,20.069182389937108,23.0,66.596,99.0,0.0,1.0,0,0.0,1.0
21,14,static,0.2,1.0,100,15,5,23,23.0,554.2646141414142,0.051376372419850685,1.1816565656565658,19.08509366281387,23.0,66.016,99.0,0.0,1.0,0,0.0,1.0
22,14,static,0.2,0.95,95,15,4,23,23.0,552.547829787234,0.05058649398704903,1.1634893617021278,18.201216953420058,23.0,63.632,94.0,0.0,1.0,0,0.0,1.0
23,14,static,0.2,1.0,100,17,4,23,23.0,551.8720606060606,0.049860342555994724,1.146787878787879,18.633822929416564,23.0,67.468,99.0,0.0,1.0,0,0.0,1.0
24,14,static,0.2,1.0,100,13,4,22,22.0,554.7943191919193,0.054358126721763086,1.195878787878788,18.924828698105603,22.0,66.608,99.0,0.0,1.0,0,0.0,1.0
25,14,static,0.2,1.0,100,13,5,21,21.0,553.9527313131313,0.05646753246753247,1.1858181818181819,18.291775065039023,21.0,67.604,99.0,0.0,1.0,0,0.0,1.0
26,14,static,0.2,1.0,100,17,5,26,26.0,552.8343151515152,0.044511266511266516,1.1572929292929293,20.80606544293695,26.0,66.428,99.0,0.0,1.0,0,0.0,1.0
27,14,static,0.2,1.0,100,19,4,24,24.0,552.1138181818183,0.04751515151515152,1.1403636363636365,19.500100341159943,24.0,66.104,99.0,0.0,1.0,0,0.0,1.0
28,14,static,0.2,1.0,100,12,4,23,23.0,554.9297777777779,0.05234606938954765,1.2039595959595961,19.38869758962933,22.0,66.808,99.0,0.0,1.0,0,0.0,1.0
29,14,static,0.2,1.0,100,17,4,23,23.0,551.6201616161617,0.049616161616161614,1.1411717171717173,19.836713788158164,23.0,68.024,99.0,0.0,1.0,0,0.0,1.0
30,14,static,0.2,1.0,100,15,5,23,23.0,555.2761454545455,0.052019323671497586,1.1964444444444444,18.011769399561143,23.0,64.552,99.0,0.0,1.0,0,0.0,1.0
31,14,static,0.2,1.0,100,11,5,22,22.0,558.3547191919192,0.05752249770431588,1.2654949494949497,18.252371134020617,22.0,66.716,99.0,0.0,1.0,0,0.0,1.0
32,14,static,0.2,1.0,100,14,4,21,21.0,554.7758828282829,0.05675228475228475,1.1917979797979796,17.27304671351798,21.0,66.012,99.0,0.0,1.0,0,0.0,1.0
33,14,static,0.2,1.0,100,17,5,22,22.0,553.3764525252527,0.052815426997245174,1.161939393939394,18.685788011115523,22.0,65.968,99.0,0.0,1.0,0,0.0,1.0
34,14,static,0.2,1.0,100,11,5,23,23.0,557.1214262626263,0.053612648221343866,1.233090909090909,19.134596408131046,23.0,64.924,99.0,0.0,1.0,0,0.0,1.0
35,14,static,0.2,1.0,100,12,5,20,20.0,554.6596404040405,0.05992121212121213,1.1984242424242424,17.625049622866218,20.0,67.356,99.0,0.0,1.0,0,0.0,1.0
36,14,static,0.2,1.0,100,14,5,19,19.0,554.5578545454545,0.06262838915470494,1.189939393939394,15.466708023159637,19.0,66.196,99.0,0.0,1.0,0,0.0,1.0
37,14,static,0.2,1.0,100,14,5,24,24.0,555.2734828282829,0.0507020202020202,1.216848484848485,18.672131147540984,24.0,67.532,99.0,0.0,1.0,0,0.0,1.0
38,14,static,0.2,1.0,100,19,4,28,28.0,550.8884363636364,0.04025974025974026,1.1272727272727274,23.694495226487913,28.0,67.4,99.0,0.0,1.0,0,0.0,1.0
39,14,static,0.2,1.0,100,12,5,23,23.0,554.7304808080809,0.05213526570048309,1.199111111111111,18.93960534183775,23.0,67.288,99.0,0.0,1.0,0,0.0,1.0
0,14,bsps,0.2,0.99,99,16,4,24,18.376,538.0097469387755,0.04598460698473967,0.8433061224489795,47.71648659463786,118.0,36.52,65.784,0.44283593170007424,0.693638170974155,0,0.3317326930772309,1.0
1,14,bsps,0.2,1.0,100,16,5,23,17.264,538.8016080808081,0.04958606993281916,0.8542626262626263,45.30837789661319,117.0,36.592,66.848,0.44365940709447155,0.6936865166301533,0,0.319469201822143,1.0
2,14,bsps,0.2,1.0,100,12,4,22,17.184,541.3425696969698,0.05220990414241189,0.8960404040404041,46.19572598362293,117.0,36.04,66.976,0.4433348128421364,0.6922922521075873,0,0.32334731376073494,1.0
3,14,bsps,0.2,0.99,99,12,4,22,16.104,540.4784285714286,0.05509549180188752,0.8846530612244898,46.44348524392692,116.0,36.528,66.244,0.44275288393627876,0.6918225772545722,0,0.32724352539650675,1.0
4,14,bsps,0.2,1.0,100,14,5,22,16.212,539.3880121212122,0.05362961094442002,0.8679191919191919,45.868458562410915,116.0,36.724,66.432,0.4442809856564914,0.6892966360856269,0,0.33455508043168397,1.0
5,14,bsps,0.2,1.0,100,19,5,23,17.996,537.7926383838385,0.04663433179403252,0.8361616161616162,46.23623481781377,118.0,36.816,66.912,0.44611207481710535,0.6962666104197427,0,0.3192307692307692,1.0
6,14,bsps,0.2,0.99,99,11,5,22,17.88,542.5518081632654,0.05135005791790401,0.9177142857142858,46.33957654723127,118.0,36.04,67.66,0.44156177754944775,0.6829437630178199,0,0.318200325732899,1.0
7,14,bsps,0.2,0.99,99,15,5,24,18.432,539.4278204081634,0.04702019177914957,0.8651428571428571,46.395837669094696,118.0,36.204,66.396,0.44605188717368466,0.695910440941284,0,0.31925078043704475,1.0
8,14,bsps,0.2,1.0,100,16,4,23,17.52,538.3635232323234,0.04858637336557873,0.8496161616161617,45.44887983706721,117.0,36.972,66.868,0.4465039887376818,0.692652329749104,0,0.31731160896130345,1.0
9,14,bsps,0.2,1.0,100,12,4,21,16.104,540.8594545454546,0.05561438280406288,0.894060606060606,45.44199004975125,116.0,36.644,66.768,0.4446865693324617,0.6939594621713827,0,0.32119402985074624,1.0
10,14,bsps,0.2,1.0,100,17,5,22,16.932,539.4738585858586,0.051044373684260166,0.8625858585858586,45.98318135764944,117.0,36.764,67.388,0.44310897435897434,0.6869469026548672,0,0.3242147922998987,1.0
11,14,bsps,0.2,1.0,100,19,5,22,18.096,537.5253414141416,0.04609705455007547,0.8315151515151515,46.46380642537617,117.0,36.916,67.052,0.4430715585203153,0.6894758735440932,0,0.3306222041480277,1.0
12,14,bsps,0.2,1.0,100,11,4,22,16.016,540.9156404040405,0.05615743974711982,0.8965656565656566,46.265914585012084,116.0,36.932,66.696,0.4432506053268765,0.6872909698996655,0,0.330378726833199,1.0
13,14,bsps,0.2,1.0,100,10,5,20,15.268,541.3560727272727,0.0593090160670656,0.9035959595959596,46.38554720133668,115.0,36.976,66.536,0.4449843260188088,0.6897550111358575,0,0.33208020050125314,1.0
14,14,bsps,0.2,1.0,100,18,4,23,18.512,540.2787595959596,0.04730097753792284,0.8736565656565657,44.77507360157016,118.0,36.172,68.448,0.4437752534878402,0.6973172230186361,0,0.3055937193326791,1.0
15,14,bsps,0.2,0.99,99,11,4,21,16.488,541.143118367347,0.05450837776213242,0.8975510204081634,45.6004450738418,116.0,36.388,66.9,0.44189089719473296,0.6880389122263985,0,0.3265223548452357,1.0
16,14,bsps,0.2,1.0,100,13,5,21,16.416,541.1800444444444,0.05462983033669308,0.8951919191919193,44.721163695963945,116.0,37.204,67.904,0.4456975127452495,0.6903820816864296,0,0.3136652325343167,1.0
17,14,bsps,0.2,1.0,100,16,5,20,16.416,540.3231151515153,0.05347311825314921,0.8770505050505051,43.169946699467,116.0,36.308,67.728,0.4478512987528795,0.7027884833371117,0,0.3029930299302993,1.0
18,14,bsps,0.2,1.0,100,10,5,19,15.124,541.5184121212122,0.05977266916090446,0.9031919191919192,44.01580547112462,115.0,36.48,67.132,0.4460648148148148,0.6931718061674009,0,0.3159067882472138,1.0
19,14,bsps,0.2,1.0,100,13,4,24,16.828,540.4838626262627,0.05256773038336506,0.8812929292929294,45.8472501003613,117.0,36.124,66.66,0.4435288058273858,0.6871053167651253,0,0.330188679245283,1.0
20,14,bsps,0.2,1.0,100,13,4,23,16.46,540.4646666666667,0.05369050756223099,0.8824242424242424,45.846622032866705,116.0,36.444,66.84,0.44485731272294887,0.6906549853984146,0,0.32176912152566445,1.0
21,14,bsps,0.2,1.0,100,15,5,23,17.948,540.2374707070708,0.04899447288750695,0.8770101010101009,46.3774412116381,118.0,36.636,67.468,0.4445323627156196,0.6940589765828274,0,0.3180550019928258,1.0
22,14,bsps,0.2,0.95,95,15,4,23,19.356,538.0027106382979,0.04378124063119753,0.845191489361702,47.639110365086026,119.0,35.384,63.796,0.442052444156685,0.6912144702842378,0,0.326898866974402,1.0
23,14,bsps,0.2,1.0,100,17,4,23,17.692,537.6981010101011,0.04748596893701969,0.837979797979798,45.89453284373725,117.0,37.256,66.68,0.44644491913335366,0.6973287376130978,0,0.3198694410444716,1.0
24,14,bsps,0.2,1.0,100,13,4,22,16.416,540.2046222222222,0.05367174576369623,0.8797979797979798,45.66807738814994,116.0,36.94,67.044,0.4451588502269289,0.6972803347280335,0,0.32043530834340994,1.0
25,14,bsps,0.2,1.0,100,13,5,21,16.84,539.5073737373739,0.05179033829374387,0.869939393939394,46.45287172303382,117.0,37.288,66.716,0.4439677490938679,0.6964464966874122,0,0.3215929557734641,1.0
26,14,bsps,0.2,1.0,100,17,5,26,18.68,538.6211434343435,0.04568214975699241,0.8503434343434343,47.85634477254589,119.0,36.656,66.804,0.4430191630817364,0.6920466595970307,0,0.3306065442936951,1.0
27,14,bsps,0.2,1.0,100,19,4,24,18.728,538.8663191919193,0.04557293444499092,0.8515555555555556,45.42063014248445,118.0,36.768,67.712,0.4457085364909837,0.6933828346800611,0,0.30784667870760585,1.0
28,14,bsps,0.2,1.0,100,12,4,23,17.188,539.8768767676768,0.05113145501251796,0.877939393939394,45.78468705691716,116.0,37.12,66.932,0.44475942987636824,0.6906174467150077,0,0.3208426169738708,1.0
29,14,bsps,0.2,1.0,100,17,4,23,16.352,537.72578989899,0.05143827688383932,0.8374949494949494,46.416922761729154,116.0,37.16,66.172,0.4454302763819096,0.6931767833407178,0,0.330260192583487,1.0
30,14,bsps,0.2,1.0,100,15,5,23,18.664,541.1583434343435,0.04788694988582897,0.8916767676767676,44.9082385796928,118.0,36.52,68.56,0.44275067750677505,0.6940567312021612,0,0.3099940155595452,1.0
31,14,bsps,0.2,1.0,100,11,5,22,15.988,542.9732080808081,0.05835802067633853,0.9304242424242425,46.61587628865979,117.0,37.252,67.352,0.4439843570278353,0.6897430452325335,0,0.32639175257731956,1.0
32,14,bsps,0.2,1.0,100,14,4,21,17.116,540.6824565656566,0.05179996535208093,0.8850909090909092,46.602521703183136,117.0,36.464,67.384,0.4436741767764298,0.6865671641791045,0,0.3288548987184787,1.0
33,14,bsps,0.2,1.0,100,17,5,22,16.796,539.7467878787879,0.05184666006889949,0.8686060606060606,45.051607780865425,117.0,37.32,67.968,0.44303186353395557,0.6913823272090989,0,0.31341802302500993,1.0
34,14,bsps,0.2,1.0,100,11,5,23,17.492,542.743793939394,0.05253200688582525,0.9180202020202021,45.39273731991317,117.0,35.824,68.02,0.443643463242472,0.6945063855665924,0,0.3110321689362542,1.0
35,14,bsps,0.2,1.0,100,12,5,20,15.64,539.9329252525253,0.05633409540808921,0.8774545454545455,44.95494243747519,116.0,37.176,66.692,0.4451353605823917,0.6997714523166424,0,0.31897578404128624,1.0
36,14,bsps,0.2,1.0,100,14,5,19,16.128,540.6449696969697,0.05496435513803935,0.8845656565656566,45.37055417700579,116.0,36.528,67.496,0.4444869246062089,0.6887842465753424,0,0.32464846980976014,1.0
37,14,bsps,0.2,1.0,100,14,5,24,18.208,539.948795959596,0.048503330119443265,0.8814141414141414,46.626639344262294,117.0,37.148,66.544,0.4450045829514207,0.6917131816230142,0,0.3264344262295082,1.0
38,14,bsps,0.2,1.0,100,19,4,28,19.768,536.9611191919192,0.04192403925290953,0.8244444444444444,49.0018281535649,120.0,37.48,66.884,0.44287878787878787,0.6864583333333333,0,0.3327239488117002,1.0
39,14,bsps,0.2,1.0,100,12,5,23,16.916,540.0156646464648,0.05214642980762692,0.8787474747474748,45.859079130954754,117.0,36.984,66.548,0.44462972788600014,0.6958602038693572,0,0.32051026509866454,1.0
0,14,baps,0.2,0.99,99,16,4,24,15.5,529.7875877551021,0.03160155490767736,0.6886530612244898,63.855542216886754,124.0,29.012,54.0,0.5563978168587023,0.6401657874905803,0,0.45138055222088835,1.0
1,14,baps,0.2,1.0,100,16,5,23,15.244,531.0885616161617,0.03546715603237342,0.7126868686868688,62.659338482867895,123.0,29.932,55.744,0.5557624972062877,0.6405106063450348,0,0.44285997227173696,1.0
2,14,baps,0.2,1.0,100,12,4,22,14.5,533.439090909091,0.04091433818706546,0.7529292929292929,59.95026962252846,122.0,29.96,56.5,0.556542689354013,0.6439248754311997,0,0.42780107849011384,1.0
3,14,baps,0.2,0.99,99,12,4,22,13.304,531.0028489795918,0.03606901669758813,0.7069795918367346,65.82935153583618,122.0,27.348,52.316,0.5578568572570972,0.6448448448448448,0,0.4689821321019875,1.0
4,14,baps,0.2,1.0,100,14,5,22,14.0,531.1585010101011,0.037348025711662076,0.7146666666666668,60.41743025860313,121.0,29.748,55.0,0.556469708302169,0.6471734892787524,0,0.43860720830788025,1.0
5,14,baps,0.2,1.0,100,19,5,23,15.0,530.7608040404041,0.03617943409247757,0.7044040404040404,61.5834008097166,123.0,29.764,56.0,0.5550582606682615,0.6415393771077167,0,0.4368421052631579,1.0
6,14,baps,0.2,0.99,99,11,5,22,15.044,534.2475877551021,0.03965836940836941,0.7635102040816326,59.92548859934853,122.0,28.82,56.072,0.556184668989547,0.6426991150442478,0,0.42406351791530944,1.0
7,14,baps,0.2,0.99,99,15,5,24,15.156,531.2256489795919,0.03485860058309038,0.7133469387755103,61.81852237252862,124.0,29.108,54.836,0.5552174985609736,0.6463281760732186,0,0.4287200832466181,1.0
8,14,baps,0.2,1.0,100,16,4,23,15.5,530.6678505050505,0.03415920070267896,0.7045252525252527,61.577596741344195,123.0,29.752,55.5,0.5531304763422017,0.6420357751277683,0,0.43543788187372706,1.0
9,14,baps,0.2,1.0,100,12,4,21,14.0,532.9264282828283,0.040940836940836944,0.7467070707070707,59.89810945273632,121.0,30.108,56.016,0.5551680641092231,0.6410013275175422,0,0.43084577114427863,1.0
10,14,baps,0.2,1.0,100,17,5,22,14.0,531.1653090909091,0.037918579736761555,0.709010101010101,61.311854103343464,122.0,28.808,55.0,0.5563983361879129,0.645916860097067,0,0.4421479229989868,1.0
11,14,baps,0.2,1.0,100,19,5,22,14.0,529.9232323232324,0.03629874502601776,0.6901818181818182,61.705164701098006,121.0,28.696,54.512,0.554842699234753,0.6401343077226941,0,0.4579097193981293,1.0
12,14,baps,0.2,1.0,100,11,4,22,13.508,532.4142141414143,0.039450015304560763,0.7365252525252525,62.209709911361806,122.0,29.1,54.508,0.555366926460375,0.6423328704622099,0,0.4520547945205479,1.0
13,14,baps,0.2,1.0,100,10,5,20,12.5,532.3275232323232,0.04263434343434343,0.7363232323232324,62.650167084377614,120.0,29.104,54.0,0.5535430568795678,0.6445731445731445,0,0.4523809523809524,1.0
14,14,baps,0.2,1.0,100,18,4,23,16.0,532.0158747474748,0.03532640413799834,0.7225050505050504,59.338763493621194,123.0,29.544,57.036,0.5587501947950756,0.645954316686024,0,0.42060843964671246,1.0
15,14,baps,0.2,0.99,99,11,4,21,14.0,532.7644040816327,0.03906511175898931,0.738,60.462674489176614,120.0,28.176,54.5,0.5579517069109076,0.6468354430379747,0,0.4402184907950637,1.0
16,14,baps,0.2,1.0,100,13,5,21,13.648,533.7024282828285,0.04454064454064454,0.7572929292929294,58.10141364474493,120.0,30.46,57.216,0.5557214712354606,0.6484505862646566,0,0.4146691251792665,1.0
17,14,baps,0.2,1.0,100,16,5,20,13.5,531.8080000000001,0.040954978354978355,0.7212525252525253,58.063345633456336,120.0,29.316,55.86,0.5546368352788587,0.6445111492281304,0,0.4266092660926609,1.0
18,14,baps,0.2,1.0,100,10,5,19,13.0,533.4694747474748,0.04512068048910155,0.754020202020202,58.284903748733534,119.0,29.808,56.228,0.554556922106591,0.643687707641196,0,0.42857142857142855,1.0
19,14,baps,0.2,1.0,100,13,4,24,15.0,532.6759474747475,0.0384040404040404,0.7392727272727272,61.950622240064234,124.0,29.312,55.5,0.5547867940136872,0.6400153757447626,0,0.4439983942191891,1.0
20,14,baps,0.2,1.0,100,13,4,23,14.5,531.9049212121214,0.03746567120480164,0.7252525252525253,64.82369649016027,123.0,29.2,55.0,0.553381053914103,0.636967565455256,0,0.45729356867518767,1.0
21,14,baps,0.2,1.0,100,15,5,23,14.592,531.5640080808082,0.03612400401530837,0.7159595959595959,63.448385811080115,123.0,28.852,55.116,0.553160453808752,0.6336048879837067,0,0.45177361498605023,1.0
22,14,baps,0.2,0.95,95,15,4,23,14.0,529.590510638298,0.03290323774283071,0.686,63.25178346621905,123.0,26.516,50.5,0.5588817417120238,0.646491588018055,0,0.4567771716323961,1.0
23,14,baps,0.2,1.0,100,17,4,23,14.652,530.7217737373737,0.03636777715038585,0.7055353535353536,60.47450020399837,122.0,29.828,55.664,0.5574815390594636,0.651381780962129,0,0.42860057119543044,1.0
24,14,baps,0.2,1.0,100,13,4,22,14.0,532.0372080808081,0.038710743801652896,0.7271919191919192,62.18278919790407,122.0,29.16,55.076,0.5559505409582689,0.6430830039525691,0,0.4417573559048771,1.0
25,14,baps,0.2,1.0,100,13,5,21,13.5,532.0422383838385,0.04085233285233285,0.7292121212121212,61.473684210526315,121.0,29.352,55.024,0.5587656935410679,0.6472148541114059,0,0.43986391835101063,1.0
26,14,baps,0.2,1.0,100,17,5,26,16.5,530.854888888889,0.031323565323565325,0.7037575757575758,63.81644054269753,126.0,28.828,55.0,0.5588705807070868,0.6472589035614246,0,0.4397446129289705,1.0
27,14,baps,0.2,1.0,100,19,4,24,16.548,531.8898020202021,0.035048597081930415,0.7235151515151516,59.76760987357014,124.0,30.468,57.548,0.5546324867473692,0.6420489611191113,0,0.41561308448725665,1.0
28,14,baps,0.2,1.0,100,12,4,23,15.5,531.8932282828283,0.03483377250768555,0.7254949494949495,62.41421916143407,122.0,29.676,55.5,0.5549104983067247,0.6404702970297029,0,0.4389305246100871,1.0
29,14,baps,0.2,1.0,100,17,4,23,14.5,530.1492525252526,0.035371102327624075,0.6947070707070707,64.22925629993854,123.0,29.472,54.624,0.553302340493748,0.6392961876832844,0,0.45298094652735094,1.0
30,14,baps,0.2,1.0,100,15,5,23,15.0,532.5171151515152,0.03626074408683105,0.7301010101010101,61.20386993816078,122.0,27.996,55.388,0.558008658008658,0.6425531914893617,0,0.4404548174745661,1.0
31,14,baps,0.2,1.0,100,11,5,22,13.5,534.2138585858586,0.042685399449035814,0.7669494949494949,61.99154639175258,122.0,28.572,54.5,0.5576683291770573,0.6504676697844652,0,0.4445360824742268,1.0
32,14,baps,0.2,1.0,100,14,4,21,13.5,532.303406060606,0.041124579124579126,0.7303838383838385,61.509301364200084,121.0,29.692,56.0,0.5529241179313679,0.6358560794044665,0,0.45059942124844976,1.0
33,14,baps,0.2,1.0,100,17,5,22,13.5,531.425785858586,0.03928852157943067,0.7113131313131313,61.93370385073442,122.0,28.348,54.884,0.5568685376661743,0.6439551308683008,0,0.4410480349344978,1.0
34,14,baps,0.2,1.0,100,11,5,23,15.516,534.4023111111112,0.039042038744937294,0.7673131313131313,60.46043023485297,123.0,29.568,57.016,0.5568190549366117,0.6412607449856733,0,0.42431418985593056,1.0
35,14,baps,0.2,1.0,100,12,5,20,13.5,532.4746787878789,0.04186464646464647,0.736969696969697,60.38209606986899,120.0,29.66,55.56,0.5573579633654144,0.6444487881157154,0,0.4350932909884875,1.0
36,14,baps,0.2,1.0,100,14,5,19,13.0,531.5610303030305,0.04178324599377231,0.7188686868686869,59.359801488833746,119.0,29.416,55.292,0.5546917515354116,0.6439533456108042,0,0.4443755169561621,1.0
37,14,baps,0.2,1.0,100,14,5,24,15.5,531.587094949495,0.033474506974506976,0.7235151515151516,64.05,123.0,29.372,54.5,0.5523615571395003,0.6341561308448725,0,0.46127049180327867,1.0
38,14,baps,0.2,1.0,100,19,4,28,17.124,529.9614626262626,0.030460317460317462,0.6931717171717172,68.35466179159049,127.0,29.628,55.188,0.5541421036301583,0.6366483946750195,0,0.45764777574649607,1.0
39,14,baps,0.2,1.0,100,12,5,23,14.0,532.1548767676768,0.03914800175669741,0.7294949494949495,63.095076739087105,123.0,29.28,55.0,0.5552275904924654,0.6387046429964884,0,0.4498704405022922,1.0
0,14,lt,0.2,0.99,99,16,4,24,18.004,535.0131836734695,0.04250352372664719,0.7830612244897959,53.213685474189674,119.0,32.912,61.288,0.5320372191542476,0.6460897557280818,0,0.3843537414965986,1.0
1,14,lt,0.2,1.0,100,16,5,23,17.244,535.5813858585859,0.04446472418190685,0.7896565656565656,51.21509209744504,119.0,32.776,61.956,0.5262222222222223,0.6544761904761904,0,0.37373737373737376,1.0
2,14,lt,0.2,1.0,100,12,4,22,16.724,537.0919313131315,0.046779399134742036,0.81620202020202,52.23047733173557,120.0,32.42,61.504,0.5338875159140268,0.6555274917427628,0,0.3738765727980827,1.0
3,14,lt,0.2,0.99,99,12,4,22,15.972,537.2427142857143,0.049840460452544234,0.8189795918367347,51.92652077896005,118.0,32.408,61.228,0.5400191326530612,0.6497175141242938,0,0.37321822927123066,1.0
4,14,lt,0.2,1.0,100,14,5,22,15.392,536.4774949494949,0.0516896971296868,0.8094545454545454,49.4876807167583,116.0,33.076,61.876,0.5383467621605491,0.6534536891679749,0,0.37161474241498677,1.0
5,14,lt,0.2,1.0,100,19,5,23,18.244,535.3815878787879,0.042187195170974134,0.785979797979798,51.090080971659916,120.0,33.96,63.436,0.5209291628334867,0.6551654560129136,0,0.36133603238866396,1.0
6,14,lt,0.2,0.99,99,11,5,22,17.256,539.5696163265306,0.048768720119626796,0.8574693877551021,48.67284201954397,118.0,32.768,63.44,0.5405803378085752,0.654320987654321,0,0.34486970684039087,1.0
7,14,lt,0.2,0.99,99,15,5,24,18.212,536.6694285714286,0.043884609533036266,0.810734693877551,50.94505723204995,118.0,33.62,62.884,0.5249753532697995,0.654871122761031,0,0.36462018730489076,1.0
8,14,lt,0.2,1.0,100,16,4,23,17.644,535.6956888888889,0.044296102506216024,0.7948686868686868,50.94378818737271,118.0,33.224,62.3,0.5372183743332537,0.6461932181701855,0,0.3680244399185336,1.0
9,14,lt,0.2,1.0,100,12,4,21,15.148,537.8427878787879,0.05372096990947259,0.8298989898989899,51.70686567164179,117.0,31.752,61.24,0.5419268510258698,0.6425066062665157,0,0.38666666666666666,1.0
10,14,lt,0.2,1.0,100,17,5,22,17.972,536.7943515151516,0.0436376659288424,0.8097373737373736,51.18642350557244,121.0,34.016,63.76,0.5269412339247924,0.652948663555367,0,0.3625126646403242,1.0
11,14,lt,0.2,1.0,100,19,5,22,18.336,534.8683353535354,0.041762674850037644,0.776,50.284058560390406,119.0,33.82,63.336,0.5301760590451295,0.6511115561786501,0,0.3637657584383896,1.0
12,14,lt,0.2,1.0,100,11,4,22,17.08,537.1828525252527,0.04639522295885932,0.8244848484848485,53.4643432715552,122.0,32.584,60.904,0.5512889572912659,0.6435564435564436,0,0.3817485898468977,1.0
13,14,lt,0.2,1.0,100,10,5,20,14.764,537.5258101010102,0.05389239070165986,0.8326868686868687,51.69945697577276,117.0,33.744,61.52,0.5436492175708952,0.653507830937567,0,0.37740183792815374,1.0
14,14,lt,0.2,1.0,100,18,4,23,18.2,536.6409656565658,0.042321778561439885,0.803070707070707,50.27909715407262,120.0,33.064,63.764,0.5320517789318657,0.6556187487742695,0,0.3526987242394504,1.0
15,14,lt,0.2,0.99,99,11,4,21,15.576,537.9779102040817,0.050819693530005025,0.8343673469387755,50.31984624721829,117.0,32.832,62.216,0.5457497294147032,0.6469719350073855,0,0.36759053206554726,1.0
16,14,lt,0.2,1.0,100,13,5,21,16.516,538.8464404040405,0.05010788860262544,0.8478383838383838,49.91682032370416,118.0,34.14,64.188,0.5308807310540413,0.6464835622138992,0,0.35709895513214507,1.0
17,14,lt,0.2,1.0,100,16,5,20,16.7,537.1290343434343,0.04755223590574467,0.8186262626262626,49.04448544485445,118.0,34.028,63.796,0.5322255384367186,0.6534868563980013,0,0.34993849938499383,1.0
18,14,lt,0.2,1.0,100,10,5,19,14.536,538.5472767676769,0.05603060588978592,0.8451313131313132,48.92968591691996,117.0,32.988,62.568,0.5392041441017189,0.6509770960285775,0,0.3596757852077001,1.0
19,14,lt,0.2,1.0,100,13,4,24,16.72,536.2856646464646,0.044690901690901695,0.8019393939393937,52.024086712163786,121.0,32.276,60.948,0.5426414530233948,0.6483108767818785,0,0.3799678843837816,1.0
20,14,lt,0.2,1.0,100,13,4,23,15.56,536.9541050505052,0.050550985463997944,0.8110707070707072,52.34307161696084,117.0,32.064,61.508,0.5303720577069096,0.6460629921259843,0,0.38871982146480016,1.0
21,14,lt,0.2,1.0,100,15,5,23,17.572,537.7227434343434,0.04616954529818307,0.8256161616161617,51.15583897967318,119.0,33.348,63.472,0.5376916868442292,0.6452674897119342,0,0.36289358310083697,1.0
22,14,lt,0.2,0.95,95,15,4,23,19.54,534.7211234042554,0.03912188707483312,0.7776595744680851,52.126521191775076,120.0,31.676,59.228,0.5397997702281306,0.6545492314083922,0,0.3661351237935376,1.0
23,14,lt,0.2,1.0,100,17,4,23,18.232,535.2068444444445,0.04226693962169148,0.7842020202020202,51.126478988168095,118.0,33.476,62.508,0.5291295938104449,0.6586528497409326,0,0.3623011015911873,1.0
24,14,lt,0.2,1.0,100,13,4,22,16.048,537.4027676767677,0.04995613371263526,0.8182222222222222,51.992140266021764,118.0,32.056,61.796,0.5357721694836768,0.6496133254015467,0,0.3810963321241435,1.0
25,14,lt,0.2,1.0,100,13,5,21,15.944,536.6532727272728,0.050146557513120985,0.8101010101010102,50.479687812687615,117.0,33.364,62.112,0.5271102433163112,0.6608796296296297,0,0.3684210526315789,1.0
26,14,lt,0.2,1.0,100,17,5,26,18.924,536.547204040404,0.04237284174669014,0.8050505050505051,49.79289704708699,120.0,33.732,63.656,0.5293978001107857,0.666461032284598,0,0.345171588188348,1.0
27,14,lt,0.2,1.0,100,19,4,24,18.568,535.5271757575758,0.04229806298818401,0.7855757575757576,50.45514750150512,118.0,33.284,63.044,0.5265148530454653,0.6537741734248285,0,0.3588199879590608,1.0
28,14,lt,0.2,1.0,100,12,4,23,17.116,536.8905171717172,0.04624219046061151,0.8183838383838383,51.4450070893255,118.0,33.244,62.016,0.548470002409445,0.6482600541779537,0,0.3682398217541017,1.0
29,14,lt,0.2,1.0,100,17,4,23,16.352,534.3288484848485,0.04461223627220438,0.773050505050505,53.13316943249334,119.0,34.484,61.988,0.5313921021140806,0.6451749734888653,0,0.3816840811309158,1.0
30,14,lt,0.2,1.0,100,15,5,23,18.6,538.6328646464647,0.044634070389066166,0.842060606060606,48.73568721324556,119.0,34.356,65.54,0.5308036482533127,0.6542783059636992,0,0.34250947536405346,1.0
31,14,lt,0.2,1.0,100,11,5,22,15.104,539.9812121212121,0.05544082651077679,0.8679191919191919,51.52907216494845,118.0,32.608,62.096,0.5471389645776567,0.6521916411824669,0,0.37278350515463915,1.0
32,14,lt,0.2,1.0,100,14,4,21,17.108,537.2837414141413,0.046232874046031935,0.818989898989899,53.86192641587433,119.0,32.904,62.392,0.5363614399613433,0.6372853300227602,0,0.3921041752790409,1.0
33,14,lt,0.2,1.0,100,17,5,22,16.712,538.1014505050506,0.04919089779807014,0.8314747474747475,48.07741167129814,118.0,34.688,65.212,0.5240039190071848,0.6534090909090909,0,0.3421992854307265,1.0
34,14,lt,0.2,1.0,100,11,5,23,16.904,539.6045858585859,0.04955147506814173,0.8543030303030302,51.235445036510754,118.0,31.492,62.776,0.5454406130268199,0.6478846153846154,0,0.3672784685218078,1.0
35,14,lt,0.2,1.0,100,12,5,20,15.22,537.1368606060607,0.05231522391324437,0.8201616161616162,50.17229059150456,117.0,33.78,62.6,0.5356120949655866,0.6510159794831327,0,0.370583564906709,1.0
36,14,lt,0.2,1.0,100,14,5,19,16.664,537.2416161616163,0.048399062123520326,0.8196363636363636,51.383788254756,118.0,33.14,62.764,0.5338000777907429,0.646782431052094,0,0.37655086848635233,1.0
37,14,lt,0.2,1.0,100,14,5,24,17.204,536.996197979798,0.046017338378207935,0.8246464646464646,52.36598360655738,118.0,33.984,62.188,0.5409759514359094,0.6445623342175066,0,0.3795081967213115,1.0
38,14,lt,0.2,1.0,100,19,4,28,19.872,534.4082303030303,0.03805884738961135,0.771070707070707,51.80499695307739,121.0,34.56,63.332,0.5389765294343979,0.6523476523476524,0,0.3619744058500914,1.0
39,14,lt,0.2,1.0,100,12,5,23,16.556,537.6529131313132,0.04863590334292088,0.8307474747474747,51.85190352800478,120.0,33.596,62.484,0.5355567592664242,0.6468386842623597,0,0.3737293203109428,1.0
0,14,ewma,0.2,0.99,99,16,4,24,17.916,536.823612244898,0.045750684735046905,0.8168163265306123,49.878151260504204,118.0,33.82,63.032,0.48982035928143713,0.6723735408560312,0,0.3581432573029212,1.0
1,14,ewma,0.2,1.0,100,16,5,23,16.892,537.871090909091,0.049335540860927854,0.8313131313131314,48.15805109922757,117.0,33.772,64.16,0.48896760386687327,0.6720523177534141,0,0.3503664091899386,1.0
2,14,ewma,0.2,1.0,100,12,4,22,16.712,539.8308969696969,0.051876446091461574,0.8654545454545455,48.63770720990613,117.0,33.608,64.116,0.4906938653960691,0.6694948697711128,0,0.35210705012981824,1.0
3,14,ewma,0.2,0.99,99,12,4,22,15.68,539.282648979592,0.05482366838194695,0.858,48.43344709897611,116.0,33.912,63.524,0.4907107281208001,0.673469387755102,0,0.3505320216823931,1.0
4,14,ewma,0.2,1.0,100,14,5,22,15.784,538.3328646464648,0.053498805410466914,0.843111111111111,47.575646507839544,116.0,33.92,63.672,0.49311722912966255,0.6730152365677626,0,0.3555284056200366,1.0
5,14,ewma,0.2,1.0,100,19,5,23,17.536,536.8568242424242,0.04654435814504301,0.8138989898989899,49.00303643724696,118.0,34.084,64.22,0.49234519003732197,0.6725518374050503,0,0.35121457489878544,1.0
6,14,ewma,0.2,0.99,99,11,5,22,17.724,541.5551877551021,0.05049863827736609,0.8947755102040816,47.07675081433225,118.0,33.812,65.408,0.4901927047487956,0.6729890310786106,0,0.3265472312703583,1.0
7,14,ewma,0.2,0.99,99,15,5,24,17.908,538.1642734693878,0.04692318254378183,0.8386122448979592,48.72299687825182,117.0,33.932,63.824,0.4936853255112849,0.6723252177797633,0,0.3477627471383975,1.0
8,14,ewma,0.2,1.0,100,16,4,23,17.04,537.4394343434344,0.04864319444267844,0.8277979797979798,46.93421588594705,117.0,34.568,64.448,0.4930397168698388,0.674090407938258,0,0.33706720977596744,1.0
9,14,ewma,0.2,1.0,100,12,4,21,15.56,539.7851191919192,0.0559346384113154,0.8684040404040404,48.09950248756219,116.0,33.824,64.004,0.4904079382579934,0.667444120505345,0,0.3530348258706468,1.0
10,14,ewma,0.2,1.0,100,17,5,22,16.896,538.3942707070709,0.04979463284870922,0.838868686868687,48.05734549138804,117.0,34.288,64.8,0.49100588852141647,0.668911579404736,0,0.3469098277608916,1.0
11,14,ewma,0.2,1.0,100,19,5,22,17.812,536.4123757575759,0.04547225209804251,0.8063434343434343,48.36742578283855,117.0,34.256,64.364,0.4933944253531882,0.6693170234454638,0,0.3531923546156974,1.0
12,14,ewma,0.2,1.0,100,11,4,22,15.592,539.4294101010103,0.05566910220842109,0.8652525252525252,49.636986301369866,116.0,34.336,63.788,0.48897227753101546,0.6576284904896803,0,0.3684528605962933,1.0
13,14,ewma,0.2,1.0,100,10,5,20,14.756,539.9100323232324,0.05928491789141944,0.8729696969696968,48.28884711779449,115.0,34.384,63.636,0.49294442254631454,0.6690032858707557,0,0.3554720133667502,1.0
14,14,ewma,0.2,1.0,100,18,4,23,18.184,539.0777333333334,0.04668951458662501,0.8484444444444443,48.18842001962709,118.0,33.968,65.956,0.48761860680398056,0.6672622592813182,0,0.3422963689892051,1.0
15,14,ewma,0.2,0.99,99,11,4,21,16.112,539.8741591836736,0.05410646863140861,0.870408163265306,46.438802346752986,115.0,34.148,64.392,0.49216635222705274,0.6751480587848212,0,0.33785150718187335,1.0
16,14,ewma,0.2,1.0,100,13,5,21,16.124,540.0992929292929,0.054167412286142934,0.8715151515151515,46.77238270846138,116.0,34.996,65.544,0.4930652953093346,0.6710244320617231,0,0.3364064740831797,1.0
17,14,ewma,0.2,1.0,100,16,5,20,16.044,538.9360000000001,0.05292631653405647,0.848929292929293,48.176301763017634,116.0,34.032,65.024,0.49120258272800643,0.6607375271149675,0,0.35567855678556787,1.0
18,14,ewma,0.2,1.0,100,10,5,19,14.692,540.212888888889,0.05956322403087109,0.8745858585858587,46.72441742654509,115.0,33.784,64.288,0.4927129607980672,0.6686656671664168,0,0.3469098277608916,1.0
19,14,ewma,0.2,1.0,100,13,4,24,16.444,539.2254787878787,0.05213249572351739,0.8535353535353536,48.134283420313125,117.0,33.404,63.796,0.4909280190362879,0.6670625494853524,0,0.355881172219992,1.0
20,14,ewma,0.2,1.0,100,13,4,23,15.864,539.4363676767678,0.054144132628446355,0.8580202020202021,48.59403530127815,116.0,33.624,64.076,0.4916641634124362,0.6692338873125253,0,0.35504159058632584,1.0
21,14,ewma,0.2,1.0,100,15,5,23,17.624,539.176804040404,0.048520833749058724,0.8535353535353535,48.492626544440014,118.0,34.304,65.036,0.4905358996885233,0.6705434552759568,0,0.34316460741331206,1.0
22,14,ewma,0.2,0.95,95,15,4,23,18.656,536.3005829787235,0.0435683207831597,0.8108936170212767,49.85228703315149,118.0,33.196,61.056,0.48992741211972923,0.6693395231061405,0,0.35480486781368026,1.0
23,14,ewma,0.2,1.0,100,17,4,23,17.38,536.6660484848486,0.046910839040560405,0.8146262626262626,48.67013463892289,117.0,34.772,64.176,0.4913321519377456,0.6709285265143575,0,0.3506731946144431,1.0
24,14,ewma,0.2,1.0,100,13,4,22,15.888,539.1315030303032,0.05395920824579235,0.8558383838383838,48.59955663039097,116.0,34.516,64.536,0.4890164561806353,0.6674772036474164,0,0.35489721886336156,1.0
25,14,ewma,0.2,1.0,100,13,5,21,16.38,538.383688888889,0.051667215842293245,0.8442424242424242,49.19011406844106,117.0,34.532,63.888,0.4924994402567356,0.6735934130562635,0,0.35381228737242343,1.0
26,14,ewma,0.2,1.0,100,17,5,26,18.204,537.9013414141415,0.04588352523036827,0.8308686868686869,50.19872306464485,119.0,33.848,64.256,0.4887235894595236,0.6699568167797656,0,0.3575418994413408,1.0
27,14,ewma,0.2,1.0,100,19,4,24,18.18,537.6754424242424,0.04556320655886281,0.8255757575757576,48.20108368452739,118.0,34.228,64.956,0.4935511607910576,0.6664542171234332,0,0.3411599438089504,1.0
28,14,ewma,0.2,1.0,100,12,4,23,16.828,538.64258989899,0.050633974791405134,0.8511515151515152,48.52339477415435,116.0,34.568,64.236,0.49289174807402114,0.6681691350075123,0,0.35142799270812236,1.0
29,14,ewma,0.2,1.0,100,17,4,23,15.672,536.637705050505,0.052057346540628276,0.813010101010101,47.54722392952264,116.0,34.424,63.36,0.49486815095531345,0.6791012216404887,0,0.347060028682647,1.0
30,14,ewma,0.2,1.0,100,15,5,23,18.364,540.035187878788,0.04735542901709521,0.8677979797979798,46.79952124476362,118.0,34.392,66.26,0.48922211808809746,0.6729448260580545,0,0.331737482545382,1.0
31,14,ewma,0.2,1.0,100,11,5,22,15.488,541.6813818181819,0.05839345488055498,0.9013737373737374,49.116907216494845,116.0,34.528,64.536,0.491256576911173,0.6665975963530875,0,0.3556701030927835,1.0
32,14,ewma,0.2,1.0,100,14,4,21,16.716,539.4551474747475,0.051471691582888696,0.8590707070707072,49.293509714758166,116.0,34.068,64.752,0.4905375318066158,0.6658108686350022,0,0.35985944605208764,1.0
33,14,ewma,0.2,1.0,100,17,5,22,16.456,538.8727797979799,0.05168088094682523,0.847959595959596,47.38209606986899,116.0,34.868,65.512,0.4912580304139221,0.6653200085052094,0,0.3408098451766574,1.0
34,14,ewma,0.2,1.0,100,11,5,23,17.004,541.5599595959596,0.05257420787560106,0.8924848484848485,48.067692914939805,117.0,33.44,65.472,0.48876745598057075,0.6677177769018526,0,0.34162226169330967,1.0
35,14,ewma,0.2,1.0,100,12,5,20,15.308,538.6589171717172,0.055632237460204445,0.8498989898989898,47.94640730448591,116.0,34.656,63.984,0.4906123074565101,0.6699656635023228,0,0.3539102818578801,1.0
36,14,ewma,0.2,1.0,100,14,5,19,15.764,539.3596525252524,0.054425571523610744,0.8572121212121212,47.53163771712159,116.0,34.076,64.796,0.4920169687620517,0.6698014629049112,0,0.34987593052109184,1.0
37,14,ewma,0.2,1.0,100,14,5,24,17.86,538.7750666666668,0.04796957833283943,0.8553939393939394,47.8858606557377,117.0,34.712,63.996,0.4943570057581574,0.678941798941799,0,0.3434426229508197,1.0
38,14,ewma,0.2,1.0,100,19,4,28,19.252,536.0058585858587,0.04186592861580238,0.8018181818181818,50.065610400162505,119.0,34.92,64.36,0.4924975245639424,0.6739889139807022,0,0.34795856185252894,1.0
39,14,ewma,0.2,1.0,100,12,5,23,16.408,539.026896969697,0.05245009918033654,0.8565252525252526,48.76300578034682,117.0,34.596,64.12,0.48919208952935767,0.6709729511505854,0,0.353996412198525,1.0
0,14,oracle,0.2,0.99,99,16,4,24,11.304,526.4572489795919,0.049130998819774334,0.5544081632653061,8.426970788315327,13.0,0.0,31.32,1.0,1.0,0,0.0,1.0
1,14,oracle,0.2,1.0,100,16,5,23,11.112,527.4952202020203,0.05141171611777672,0.5701414141414141,8.2174688057041,12.0,0.0,32.404,1.0,1.0,0,0.0,1.0
2,14,oracle,0.2,1.0,100,12,4,22,10.948,529.2088484848485,0.05431550862156923,0.5957575757575757,8.624126223287398,12.0,0.0,32.712,1.0,1.0,0,0.0,1.0
3,14,oracle,0.2,0.99,99,12,4,22,10.504,528.6183551020409,0.05584385149997395,0.5867755102040816,8.533025496888175,12.0,0.0,31.868,1.0,1.0,0,0.0,1.0
4,14,oracle,0.2,1.0,100,14,5,22,10.132,527.3606464646466,0.055960803842622024,0.5678787878787879,7.480146609651802,11.0,0.0,31.712,1.0,1.0,0,0.0,1.0
5,14,oracle,0.2,1.0,100,19,5,23,11.456,526.8244000000002,0.048865077795380824,0.5600808080808081,8.43663967611336,13.0,0.0,32.196,1.0,1.0,0,0.0,1.0
6,14,oracle,0.2,0.99,99,11,5,22,12.1,530.5851714285716,0.0509072605399136,0.6167755102040817,9.470887622149837,14.0,0.0,33.796,1.0,1.0,0,0.0,1.0
7,14,oracle,0.2,0.99,99,15,5,24,11.66,527.8764204081633,0.049330297140501224,0.5758775510204082,8.595421436004163,13.0,0.0,32.244,1.0,1.0,0,0.0,1.0
8,14,oracle,0.2,1.0,100,16,4,23,11.052,526.9275878787879,0.050828635001362275,0.5615757575757576,8.065376782077394,12.0,0.0,32.088,1.0,1.0,0,0.0,1.0
9,14,oracle,0.2,1.0,100,12,4,21,10.38,528.3769737373739,0.05612107320289138,0.5831515151515151,8.18726368159204,12.0,0.0,32.108,1.0,1.0,0,0.0,1.0
10,14,oracle,0.2,1.0,100,17,5,22,11.032,528.339191919192,0.052732680787226247,0.5828282828282829,8.540830800405269,13.0,0.0,32.744,1.0,1.0,0,0.0,1.0
11,14,oracle,0.2,1.0,100,19,5,22,11.448,526.4147151515151,0.04856314744541126,0.5539797979797979,8.089060593737292,13.0,0.0,32.184,1.0,1.0,0,0.0,1.0
12,14,oracle,0.2,1.0,100,11,4,22,9.86,528.2181292929293,0.058741900635840026,0.5806464646464646,7.724617244157937,11.0,0.0,31.732,1.0,1.0,0,0.0,1.0
13,14,oracle,0.2,1.0,100,10,5,20,9.548,528.5394505050506,0.061252252909828664,0.5853333333333333,7.988930659983292,11.0,0.0,31.48,1.0,1.0,0,0.0,1.0
14,14,oracle,0.2,1.0,100,18,4,23,12.288,529.1662343434344,0.048539199184653735,0.5957171717171718,8.869872423945043,13.0,0.0,34.292,1.0,1.0,0,0.0,1.0
15,14,oracle,0.2,0.99,99,11,4,21,10.936,528.8075387755102,0.05380919794491223,0.5898367346938775,8.115921505158811,12.0,0.0,32.516,1.0,1.0,0,0.0,1.0
16,14,oracle,0.2,1.0,100,13,5,21,10.376,529.1032606060606,0.05736475286778318,0.5941818181818183,7.961893054701905,11.0,0.0,32.7,1.0,1.0,0,0.0,1.0
17,14,oracle,0.2,1.0,100,16,5,20,11.04,528.7464040404042,0.05323248188399703,0.589090909090909,8.164206642066421,12.0,0.0,33.284,1.0,1.0,0,0.0,1.0
18,14,oracle,0.2,1.0,100,10,5,19,10.02,529.3956767676768,0.05971002678578437,0.5985858585858586,7.850050658561297,11.0,0.0,32.84,1.0,1.0,0,0.0,1.0
19,14,oracle,0.2,1.0,100,13,4,24,10.548,528.8442343434344,0.056078955051682325,0.5902626262626264,8.036932958651144,12.0,0.0,32.528,1.0,1.0,0,0.0,1.0
20,14,oracle,0.2,1.0,100,13,4,23,10.5,528.65458989899,0.05598189498492529,0.5873939393939394,8.268411442483263,12.0,0.0,32.404,1.0,1.0,0,0.0,1.0
21,14,oracle,0.2,1.0,100,15,5,23,11.532,528.8381494949494,0.05120299251814403,0.5903434343434343,8.909127142287764,13.0,0.0,32.984,1.0,1.0,0,0.0,1.0
22,14,oracle,0.2,0.95,95,15,4,23,12.224,526.1952340425532,0.0451431355426662,0.5506382978723404,8.917121275702895,14.0,0.0,30.368,1.0,1.0,0,0.0,1.0
23,14,oracle,0.2,1.0,100,17,4,23,11.068,526.2927070707071,0.049932293408050984,0.5519191919191919,8.126274989800082,12.0,0.0,31.532,1.0,1.0,0,0.0,1.0
24,14,oracle,0.2,1.0,100,13,4,22,10.412,528.5842989898991,0.0562530698257971,0.5863434343434344,8.201733172108021,12.0,0.0,32.392,1.0,1.0,0,0.0,1.0
25,14,oracle,0.2,1.0,100,13,5,21,10.532,527.4039232323232,0.05393468383468384,0.5684040404040405,8.450270162097258,12.0,0.0,31.396,1.0,1.0,0,0.0,1.0
26,14,oracle,0.2,1.0,100,17,5,26,11.496,527.7570626262626,0.050028095697792666,0.5741010101010101,8.71508379888268,13.0,0.0,32.572,1.0,1.0,0,0.0,1.0
27,14,oracle,0.2,1.0,100,19,4,24,11.836,527.7923232323232,0.04867905938057453,0.5747474747474748,8.632149307645996,13.0,0.0,32.896,1.0,1.0,0,0.0,1.0
28,14,oracle,0.2,1.0,100,12,4,23,10.916,527.9865858585858,0.05291570987934624,0.5773737373737374,8.165080008102086,12.0,0.0,32.192,1.0,1.0,0,0.0,1.0
29,14,oracle,0.2,1.0,100,17,4,23,9.916,526.2388686868688,0.055734140382625225,0.550909090909091,7.576521204671174,11.0,0.0,30.976,1.0,1.0,0,0.0,1.0
30,14,oracle,0.2,1.0,100,15,5,23,12.236,529.9469737373738,0.049565011501999025,0.6073939393939394,8.741472172351886,13.0,0.0,34.448,1.0,1.0,0,0.0,1.0
31,14,oracle,0.2,1.0,100,11,5,22,10.08,530.1536686868686,0.06038548645518342,0.6096565656565656,8.865154639175257,12.0,0.0,32.284,1.0,1.0,0,0.0,1.0
32,14,oracle,0.2,1.0,100,14,4,21,11.148,529.0471151515152,0.05308445628445628,0.5934545454545455,8.406159570070278,12.0,0.0,32.988,1.0,1.0,0,0.0,1.0
33,14,oracle,0.2,1.0,100,17,5,22,10.564,528.7283313131313,0.055783450780420483,0.5887272727272728,8.108773322747123,12.0,0.0,33.032,1.0,1.0,0,0.0,1.0
34,14,oracle,0.2,1.0,100,11,5,23,11.712,530.678597979798,0.05273535078838109,0.6181414141414141,9.216104203670811,13.0,0.0,34.076,1.0,1.0,0,0.0,1.0
35,14,oracle,0.2,1.0,100,12,5,20,9.88,527.8728121212123,0.05833164590740349,0.5754747474747475,7.978364430329496,11.0,0.0,31.644,1.0,1.0,0,0.0,1.0
36,14,oracle,0.2,1.0,100,14,5,19,10.68,528.6553494949494,0.054993481378329864,0.5875555555555555,8.151157981803143,12.0,0.0,32.804,1.0,1.0,0,0.0,1.0
37,14,oracle,0.2,1.0,100,14,5,24,11.192,527.3695232323233,0.05072687492081431,0.5679191919191919,8.401229508196721,12.0,0.0,31.468,1.0,1.0,0,0.0,1.0
38,14,oracle,0.2,1.0,100,19,4,28,11.656,525.8945777777778,0.047203179200148895,0.546020202020202,8.64777574649604,13.0,0.0,31.6,1.0,1.0,0,0.0,1.0
39,14,oracle,0.2,1.0,100,12,5,23,10.308,527.9905616161616,0.0560591692258359,0.5772525252525251,8.119992027107834,12.0,0.0,31.712,1.0,1.0,0,0.0,1.0
0,14,csma,0.2,0.99,99,16,4,24,24.0,1741.9978326530618,1.0,24.0,19.169179229480736,104.0,nan,nan,nan,nan,0,0.0,0.8444130127298444
1,14,csma,0.2,1.0,100,16,5,23,23.0,1689.374145454546,1.0,23.0,19.965637450199203,107.0,nan,nan,nan,nan,0,0.0,0.8227822167588609
2,14,csma,0.2,1.0,100,12,4,22,22.0,1644.5084929292932,1.0,22.0,22.898540811673506,111.0,nan,nan,nan,nan,0,0.0,0.8912822597033123
3,14,csma,0.2,0.99,99,12,4,22,22.0,1637.2798122448983,1.0,22.0,20.212589605734767,108.0,nan,nan,nan,nan,0,0.0,0.9145666871542717
4,14,csma,0.2,1.0,100,14,5,22,22.0,1635.8253777777782,1.0,22.0,18.78723972237053,104.0,nan,nan,nan,nan,0,0.0,0.761072734660707
5,14,csma,0.2,1.0,100,19,5,23,23.0,1695.2722949494953,1.0,23.0,21.57623426911907,107.0,nan,nan,nan,nan,0,0.0,0.820818434644418
6,14,csma,0.2,0.99,99,11,5,22,22.0,1639.2499265306126,1.0,22.0,19.395266533952665,106.0,nan,nan,nan,nan,0,0.0,0.9061936259771497
7,14,csma,0.2,0.99,99,15,5,24,24.0,1737.0916693877555,1.0,24.0,18.33133364097831,103.0,nan,nan,nan,nan,0,0.0,0.898238341968912
8,14,csma,0.2,1.0,100,16,4,23,23.0,1693.3085939393945,1.0,23.0,21.84497705252422,109.0,nan,nan,nan,nan,0,0.0,0.791683488090432
9,14,csma,0.2,1.0,100,12,4,21,21.0,1588.5010222222224,1.0,21.0,22.612135355892647,111.0,nan,nan,nan,nan,0,0.0,0.8614796944109369
10,14,csma,0.2,1.0,100,17,5,22,22.0,1648.6844080808087,1.0,22.0,22.403697636321088,110.0,nan,nan,nan,nan,0,0.0,0.8655053676321652
11,14,csma,0.2,1.0,100,19,5,22,22.0,1653.981272727273,1.0,22.0,23.75872093023256,112.0,nan,nan,nan,nan,0,0.0,0.7691056910569106
12,14,csma,0.2,1.0,100,11,4,22,22.0,1633.894278787879,1.0,22.0,17.364950545270098,102.0,nan,nan,nan,nan,0,0.0,0.8009343895998375
13,14,csma,0.2,1.0,100,10,5,20,20.0,1546.2353737373742,1.0,20.0,24.98114963928322,110.0,nan,nan,nan,nan,0,0.0,0.873729158194388
14,14,csma,0.2,1.0,100,18,4,23,23.0,1696.540444444445,1.0,23.0,21.379631843174757,107.0,nan,nan,nan,nan,0,0.0,0.8359312549960032
15,14,csma,0.2,0.99,99,11,4,21,21.0,1595.4085306122452,1.0,21.0,25.36475,112.0,nan,nan,nan,nan,0,0.0,0.8227067050596463
16,14,csma,0.2,1.0,100,13,5,21,21.0,1594.6048242424245,1.0,21.0,25.16783555018138,111.0,nan,nan,nan,nan,0,0.0,0.8329975825946817
17,14,csma,0.2,1.0,100,16,5,20,20.0,1548.1132404040409,1.0,20.0,28.661194029850748,114.0,nan,nan,nan,nan,0,0.0,0.8090158985711411
18,14,csma,0.2,1.0,100,10,5,19,19.0,1497.9846424242426,1.0,19.0,27.398543689320388,112.0,nan,nan,nan,nan,0,0.0,0.8308126638435168
19,14,csma,0.2,1.0,100,13,4,24,24.0,1728.1624121212126,1.0,24.0,16.335687486206137,24.0,nan,nan,nan,nan,0,0.0,0.9131398629584845
20,14,csma,0.2,1.0,100,13,4,23,23.0,1696.1365373737376,1.0,23.0,20.383075523202912,105.0,nan,nan,nan,nan,0,0.0,0.8784972022382095
21,14,csma,0.2,1.0,100,15,5,23,23.0,1697.2941858585864,1.0,23.0,21.608047337278105,109.0,nan,nan,nan,nan,0,0.0,0.8428086973867943
22,14,csma,0.2,0.95,95,15,4,23,23.0,1706.5307361702132,1.0,23.0,21.83206106870229,108.0,nan,nan,nan,nan,0,0.0,0.841541755888651
23,14,csma,0.2,1.0,100,17,4,23,23.0,1687.5862868686872,1.0,23.0,19.525552650344665,106.0,nan,nan,nan,nan,0,0.0,0.8547338480292564
24,14,csma,0.2,1.0,100,13,4,22,22.0,1646.5630464646467,1.0,22.0,22.36062639821029,110.0,nan,nan,nan,nan,0,0.0,0.8854992076069731
25,14,csma,0.2,1.0,100,13,5,21,21.0,1603.3291959595965,1.0,21.0,25.634376438104002,111.0,nan,nan,nan,nan,0,0.0,0.8882076435724504
26,14,csma,0.2,1.0,100,17,5,26,26.0,1839.4683232323234,1.0,26.0,16.049496276828734,25.0,nan,nan,nan,nan,0,0.0,0.9203789558556743
27,14,csma,0.2,1.0,100,19,4,24,24.0,1740.3687030303033,1.0,24.0,19.73894109557644,105.0,nan,nan,nan,nan,0,0.0,0.8665342601787488
28,14,csma,0.2,1.0,100,12,4,23,23.0,1689.9919070707074,1.0,23.0,20.064803944587933,107.0,nan,nan,nan,nan,0,0.0,0.8684747145187602
29,14,csma,0.2,1.0,100,17,4,23,23.0,1685.5994060606063,1.0,23.0,19.159590792838873,104.0,nan,nan,nan,nan,0,0.0,0.7892612030682277
30,14,csma,0.2,1.0,100,15,5,23,23.0,1691.9595151515157,1.0,23.0,20.89143135345667,108.0,nan,nan,nan,nan,0,0.0,0.839223697650664
31,14,csma,0.2,1.0,100,11,5,22,22.0,1641.5677898989902,1.0,22.0,21.65182829888712,107.0,nan,nan,nan,nan,0,0.0,0.8982048143614851
32,14,csma,0.2,1.0,100,14,4,21,21.0,1602.108060606061,1.0,21.0,25.74316429072213,113.0,nan,nan,nan,nan,0,0.0,0.8640953150242326
33,14,csma,0.2,1.0,100,17,5,22,22.0,1646.8526262626267,1.0,22.0,21.719806763285025,110.0,nan,nan,nan,nan,0,0.0,0.8038013488657265
34,14,csma,0.2,1.0,100,11,5,23,23.0,1691.99616969697,1.0,23.0,19.556948109058926,105.0,nan,nan,nan,nan,0,0.0,0.9130696647259586
35,14,csma,0.2,1.0,100,12,5,20,20.0,1546.164375757576,1.0,20.0,27.768227346843698,113.0,nan,nan,nan,nan,0,0.0,0.8577422577422578
36,14,csma,0.2,1.0,100,14,5,19,19.0,1504.7548282828286,1.0,19.0,32.09549138804458,114.0,nan,nan,nan,nan,0,0.0,0.8121785640814647
37,14,csma,0.2,1.0,100,14,5,24,24.0,1744.4233979797982,1.0,24.0,18.394289759320433,103.0,nan,nan,nan,nan,0,0.0,0.8736343022057308
38,14,csma,0.2,1.0,100,19,4,28,28.0,1914.5483353535355,1.0,28.0,15.516387644423485,26.0,nan,nan,nan,nan,0,0.0,0.85832827362882
39,14,csma,0.2,1.0,100,12,5,23,23.0,1691.9061050505054,1.0,23.0,20.841208541572012,108.0,nan,nan,nan,nan,0,0.0,0.8841132757581843
0,16,rand_st_A,0.2,1.0,100,16,4,23,26.0,552.7225656565657,0.04463558663558664,1.1605252525252527,91.34909596662031,215.0,67.108,99.0,0.0,1.0,0,0.0,1.0
1,16,rand_st_A,0.2,1.0,100,10,4,24,24.0,554.4646020202019,0.05031144781144781,1.2074747474747476,79.55927835051547,119.0,68.46,99.0,0.0,1.0,0,0.0,1.0
2,16,rand_st_A,0.2,1.0,100,21,5,24,26.0,550.4996646464647,0.04268997668997669,1.109939393939394,76.27742193755005,205.0,67.116,99.0,0.0,1.0,0,0.0,1.0
3,16,rand_st_A,0.2,1.0,100,16,5,26,24.0,553.6133090909091,0.04892255892255893,1.1741414141414144,74.16699722332407,124.0,65.76,99.0,0.0,1.0,0,0.0,1.0
4,16,rand_st_A,0.2,1.0,100,21,4,24,28.0,548.4142383838384,0.03883982683982684,1.0875151515151515,79.33082247557003,205.0,69.336,99.0,0.0,1.0,0,0.0,1.0
5,16,rand_st_A,0.2,1.0,100,19,4,28,28.0,550.1096040404042,0.039868686868686866,1.1163232323232324,85.70302047435638,202.0,68.484,99.0,0.0,1.0,0,0.0,1.0
6,16,rand_st_A,0.2,1.0,100,14,5,25,28.0,554.7039151515152,0.04324819624819625,1.210949494949495,76.31385979049153,207.0,69.116,99.0,0.0,1.0,0,0.0,1.0
7,16,rand_st_A,0.2,1.0,100,17,4,24,24.0,551.656804040404,0.04766498316498317,1.143959595959596,84.73491246138002,207.0,67.748,99.0,0.0,1.0,0,0.0,1.0
8,16,rand_st_A,0.2,1.0,100,16,5,24,25.0,553.1185333333334,0.04656969696969696,1.1642424242424243,75.91646291768541,209.0,66.74,99.0,0.0,1.0,0,0.0,1.0
9,16,rand_st_A,0.2,1.0,100,13,4,25,25.0,554.1190464646464,0.047689696969696965,1.1922424242424243,68.80661881977672,122.0,66.968,99.0,0.0,1.0,0,0.0,1.0
10,16,rand_st_A,0.2,1.0,100,17,4,27,27.0,551.1829090909091,0.04215188926300037,1.13810101010101,66.2036400404449,123.0,68.328,99.0,0.0,1.0,0,0.0,1.0
11,16,rand_st_A,0.2,1.0,100,10,4,22,27.0,555.0628565656566,0.04516124205013094,1.2193535353535354,97.51776649746193,219.0,68.284,99.0,0.0,1.0,0,0.0,1.0
12,16,rand_st_A,0.2,1.0,100,12,5,27,30.0,555.047991919192,0.04017777777777778,1.2053333333333336,84.53625225948986,205.0,66.672,99.0,0.0,1.0,0,0.0,1.0
13,16,rand_st_A,0.2,1.0,100,23,4,27,29.0,548.2243515151515,0.03718704284221526,1.0784242424242425,65.01440200375704,127.0,68.236,99.0,0.0,1.0,0,0.0,1.0
14,16,rand_st_A,0.2,1.0,100,15,4,25,23.0,553.4315757575758,0.05112867808519982,1.1759595959595959,63.46018046292664,123.0,66.58,99.0,0.0,1.0,0,0.0,1.0
15,16,rand_st_A,0.2,1.0,100,18,4,29,30.0,551.1591717171718,0.037913804713804705,1.1374141414141417,63.35113431037944,123.0,67.396,99.0,0.0,1.0,0,0.0,1.0
16,16,rand_st_A,0.2,1.0,100,16,4,23,24.0,552.1505737373739,0.04811279461279461,1.1547070707070706,72.27005347593582,120.0,67.684,99.0,0.0,1.0,0,0.0,1.0
17,16,rand_st_A,0.2,1.0,100,15,5,26,26.0,552.3824080808081,0.044624708624708624,1.1602424242424243,60.903834324379744,125.0,68.136,99.0,0.0,1.0,0,0.0,1.0
18,16,rand_st_A,0.2,1.0,100,24,4,29,30.0,548.562694949495,0.03598518518518518,1.0795555555555556,54.05086119554205,203.0,67.124,99.0,0.0,1.0,0,0.0,1.0
19,16,rand_st_A,0.2,1.0,100,20,4,27,26.0,550.7122141414143,0.043115773115773116,1.1210101010101012,64.32212603180994,211.0,67.02,99.0,0.0,1.0,0,0.0,1.0
20,16,rand_st_A,0.2,1.0,100,14,4,26,31.0,552.1769737373738,0.03756663408276312,1.1645656565656568,75.71892111133644,203.0,68.708,99.0,0.0,1.0,0,0.0,1.0
21,16,rand_st_A,0.2,1.0,100,13,4,25,26.0,553.5652040404041,0.045457653457653464,1.18189898989899,69.42094743154108,204.0,67.992,99.0,0.0,1.0,0,0.0,1.0
22,16,rand_st_A,0.2,1.0,100,17,4,25,27.0,552.287191919192,0.04274148896371118,1.154020202020202,65.51054852320675,120.39999999999964,66.752,99.0,0.0,1.0,0,0.0,1.0
23,16,rand_st_A,0.2,1.0,100,20,4,25,28.0,550.4859232323232,0.03994516594516594,1.1184646464646464,70.04401874872632,202.0,67.272,99.0,0.0,1.0,0,0.0,1.0
24,16,rand_st_A,0.2,1.0,100,14,4,25,27.0,551.8918141414141,0.04299289188178078,1.1608080808080807,75.12043574742788,206.0,69.08,99.0,0.0,1.0,0,0.0,1.0
25,16,rand_st_A,0.2,1.0,100,16,4,26,29.0,554.1580929292929,0.041370950888192266,1.199757575757576,67.93258875149581,123.0,68.224,99.0,0.0,1.0,0,0.0,1.0
26,16,rand_st_A,0.2,1.0,100,24,4,32,31.0,548.0122303030305,0.03457673509286412,1.0718787878787877,57.46166134185304,125.0,67.884,99.0,0.0,1.0,0,0.0,1.0
27,16,rand_st_A,0.2,1.0,100,19,4,25,25.0,551.2557333333334,0.04532040404040404,1.1330101010101012,74.3352,205.0,66.832,99.0,0.0,1.0,0,0.0,1.0
28,16,rand_st_A,0.2,1.0,100,21,4,27,30.0,548.8924040404041,0.03645252525252525,1.0935757575757574,57.26970618034448,121.0,68.736,99.0,0.0,1.0,0,0.0,1.0
29,16,rand_st_A,0.2,1.0,100,17,4,29,32.0,551.542008080808,0.035796717171717174,1.1454949494949496,86.97584936553417,207.0,67.596,99.0,0.0,1.0,0,0.0,1.0
30,16,rand_st_A,0.2,1.0,100,15,4,24,24.0,553.3662585858586,0.048883838383838384,1.1732121212121212,83.04193290734824,207.0,66.852,99.0,0.0,1.0,0,0.0,1.0
31,16,rand_st_A,0.2,1.0,100,13,4,21,22.0,554.439696969697,0.054624426078971534,1.2017373737373738,86.81511220918263,209.0,68.028,99.0,0.0,1.0,0,0.0,1.0
32,16,rand_st_A,0.2,1.0,100,10,4,22,21.0,554.978808080808,0.05784126984126984,1.2146666666666666,87.65770979743695,205.0,67.748,99.0,0.0,1.0,0,0.0,1.0
33,16,rand_st_A,0.2,1.0,100,16,4,26,26.0,553.1380363636364,0.044916860916860916,1.167838383838384,72.36807623585467,204.0,66.384,99.0,0.0,1.0,0,0.0,1.0
34,16,rand_st_A,0.2,1.0,100,21,4,27,31.0,549.1322828282829,0.035339198435972635,1.0955151515151516,68.75098892405063,203.0,68.544,99.0,0.0,1.0,0,0.0,1.0
35,16,rand_st_A,0.2,1.0,100,16,6,25,26.0,552.8194262626264,0.044649572649572644,1.1608888888888889,88.16600318471338,217.0,67.072,99.0,0.0,1.0,0,0.0,1.0
36,16,rand_st_A,0.2,1.0,100,17,4,25,24.0,550.9589333333334,0.047323232323232316,1.135757575757576,77.20506485484867,207.0,68.56,99.0,0.0,1.0,0,0.0,1.0
37,16,rand_st_A,0.2,1.0,100,16,4,24,24.0,551.6243555555556,0.047824915824915826,1.1477979797979798,60.87669543773119,112.0,68.368,99.0,0.0,1.0,0,0.0,1.0
38,16,rand_st_A,0.2,1.0,100,20,4,28,26.0,548.425313131313,0.04201554001554001,1.0924040404040405,70.50856793145655,203.0,69.852,99.0,0.0,1.0,0,0.0,1.0
39,16,rand_st_A,0.2,1.0,100,15,4,25,29.0,552.7988282828285,0.040119818878439566,1.1634747474747476,72.43544202753941,209.0,67.816,99.0,0.0,1.0,0,0.0,1.0
0,16,rand_st,0.2,1.0,100,16,4,23,21.0,552.7310464646466,0.05526503126503127,1.1605656565656568,71.0482813431353,116.0,67.104,99.0,0.0,1.0,0,0.0,1.0
1,16,rand_st,0.2,1.0,100,10,4,24,20.0,554.4603515151516,0.06036969696969697,1.2073939393939395,73.30491673275178,115.0,68.468,99.0,0.0,1.0,0,0.0,1.0
2,16,rand_st,0.2,1.0,100,21,5,24,23.0,550.547995959596,0.04828282828282828,1.1105050505050507,74.87730184147318,205.0,67.06,99.0,0.0,1.0,0,0.0,1.0
3,16,rand_st,0.2,1.0,100,16,5,26,20.0,553.6087393939395,0.05870505050505051,1.17410101010101,71.30642602142007,120.0,65.764,99.0,0.0,1.0,0,0.0,1.0
4,16,rand_st,0.2,1.0,100,21,4,24,22.0,548.4727070707071,0.0494674012855831,1.088282828282828,68.61706026058631,206.0,69.26,99.0,0.0,1.0,0,0.0,1.0
5,16,rand_st,0.2,1.0,100,19,4,28,23.0,550.1292000000001,0.04854633289415898,1.1165656565656565,78.92722481248732,204.0,68.46,99.0,0.0,1.0,0,0.0,1.0
6,16,rand_st,0.2,1.0,100,14,5,25,23.0,554.7306949494949,0.05266403162055336,1.2112727272727273,89.07070910556003,208.0,69.084,99.0,0.0,1.0,0,0.0,1.0
7,16,rand_st,0.2,1.0,100,17,4,24,21.0,551.7064525252526,0.05450505050505051,1.1446060606060604,82.46673532440782,202.0,67.684,99.0,0.0,1.0,0,0.0,1.0
8,16,rand_st,0.2,1.0,100,16,5,24,21.0,553.1534747474749,0.055459355459355465,1.1646464646464647,69.8143846780766,201.0,66.7,99.0,0.0,1.0,0,0.0,1.0
9,16,rand_st,0.2,1.0,100,13,4,25,21.0,554.1380040404041,0.056788840788840785,1.1925656565656566,57.96909888357257,121.0,66.936,99.0,0.0,1.0,0,0.0,1.0
10,16,rand_st,0.2,1.0,100,17,4,27,22.0,551.181591919192,0.05172819100091827,1.138020202020202,54.58928210313448,119.0,68.336,99.0,0.0,1.0,0,0.0,1.0
11,16,rand_st,0.2,1.0,100,10,4,22,20.0,555.0716767676769,0.06097373737373738,1.2194747474747476,92.55939086294416,211.0,68.272,99.0,0.0,1.0,0,0.0,1.0
12,16,rand_st,0.2,1.0,100,12,5,27,26.0,555.0208727272728,0.04634343434343434,1.2049292929292927,69.87045591484234,207.0,66.712,99.0,0.0,1.0,0,0.0,1.0
13,16,rand_st,0.2,1.0,100,23,4,27,24.0,548.0741292929293,0.044860269360269364,1.0766464646464646,58.898559799624294,122.0,68.412,99.0,0.0,1.0,0,0.0,1.0
14,16,rand_st,0.2,1.0,100,15,4,25,22.0,553.3254141414142,0.05338842975206612,1.1745454545454546,60.25912122400941,201.0,66.72,99.0,0.0,1.0,0,0.0,1.0
15,16,rand_st,0.2,1.0,100,18,4,29,25.0,551.1702666666667,0.04549979797979797,1.1374949494949496,59.91708492270629,121.0,67.388,99.0,0.0,1.0,0,0.0,1.0
16,16,rand_st,0.2,1.0,100,16,4,23,18.0,552.1456646464646,0.06414365881032548,1.1545858585858586,52.78527354997943,116.0,67.696,99.0,0.0,1.0,0,0.0,1.0
17,16,rand_st,0.2,1.0,100,15,5,26,23.0,552.3438747474748,0.0504259991216513,1.1597979797979796,58.22001230264507,123.0,68.18,99.0,0.0,1.0,0,0.0,1.0
18,16,rand_st,0.2,1.0,100,24,4,29,28.0,548.6087313131313,0.03857287157287158,1.0800404040404041,48.08368794326241,126.0,67.076,99.0,0.0,1.0,0,0.0,1.0
19,16,rand_st,0.2,1.0,100,20,4,27,22.0,550.5985696969698,0.05089439853076217,1.1196767676767676,55.59452385745923,208.0,67.152,99.0,0.0,1.0,0,0.0,1.0
20,16,rand_st,0.2,1.0,100,14,4,26,26.0,552.173701010101,0.04478787878787879,1.1644848484848487,80.45710809166498,203.0,68.716,99.0,0.0,1.0,0,0.0,1.0
21,16,rand_st,0.2,1.0,100,13,4,25,21.0,553.5737050505052,0.05628860028860029,1.182060606060606,71.82850289826105,204.0,67.976,99.0,0.0,1.0,0,0.0,1.0
22,16,rand_st,0.2,1.0,100,17,4,25,23.0,552.2777333333333,0.05017303469477383,1.153979797979798,60.812537673297165,117.0,66.756,99.0,0.0,1.0,0,0.0,1.0
23,16,rand_st,0.2,1.0,100,20,4,25,22.0,550.5058383838385,0.050848484848484844,1.1186666666666667,62.37578968820053,116.0,67.252,99.0,0.0,1.0,0,0.0,1.0
24,16,rand_st,0.2,1.0,100,14,4,25,22.0,551.9110707070707,0.052771349862258954,1.160969696969697,70.39197095017147,206.0,69.064,99.0,0.0,1.0,0,0.0,1.0
25,16,rand_st,0.2,1.0,100,16,4,26,24.0,554.1502505050505,0.04998484848484849,1.1996363636363638,66.75847626645393,119.0,68.236,99.0,0.0,1.0,0,0.0,1.0
26,16,rand_st,0.2,1.0,100,24,4,32,27.0,548.0648121212122,0.03972315750093528,1.0725252525252527,53.41114217252396,120.0,67.82,99.0,0.0,1.0,0,0.0,1.0
27,16,rand_st,0.2,1.0,100,19,4,25,20.0,551.275987878788,0.056664646464646466,1.1332929292929292,70.2088,204.0,66.804,99.0,0.0,1.0,0,0.0,1.0
28,16,rand_st,0.2,1.0,100,21,4,27,23.0,548.8868565656567,0.04754501537110233,1.0935353535353536,45.11043566362715,118.0,68.74,99.0,0.0,1.0,0,0.0,1.0
29,16,rand_st,0.2,1.0,100,17,4,29,27.0,551.5449212121213,0.04242124953236065,1.1453737373737374,73.59967253376996,206.0,67.608,99.0,0.0,1.0,0,0.0,1.0
30,16,rand_st,0.2,1.0,100,15,4,24,20.0,553.3453454545455,0.058644444444444443,1.1728888888888889,78.33845846645367,207.0,66.884,99.0,0.0,1.0,0,0.0,1.0
31,16,rand_st,0.2,1.0,100,13,4,21,20.0,554.4609292929293,0.060101010101010106,1.202020202020202,83.99320568252007,208.0,68.0,99.0,0.0,1.0,0,0.0,1.0
32,16,rand_st,0.2,1.0,100,10,4,22,18.0,555.00458989899,0.06749270482603817,1.2148686868686869,75.3693675072344,202.0,67.728,99.0,0.0,1.0,0,0.0,1.0
33,16,rand_st,0.2,1.0,100,16,4,26,21.0,552.9763797979798,0.05551899951899952,1.1658989898989898,66.41353980543974,204.0,66.576,99.0,0.0,1.0,0,0.0,1.0
34,16,rand_st,0.2,1.0,100,21,4,27,24.0,549.1260767676769,0.04564309764309764,1.0954343434343436,62.03223892405063,116.0,68.552,99.0,0.0,1.0,0,0.0,1.0
35,16,rand_st,0.2,1.0,100,16,6,25,21.0,552.8762585858586,0.05531505531505532,1.1616161616161618,80.58877388535032,202.0,67.0,99.0,0.0,1.0,0,0.0,1.0
36,16,rand_st,0.2,1.0,100,17,4,25,21.0,550.9347676767678,0.05407022607022607,1.1354747474747473,69.1148857319333,205.0,68.588,99.0,0.0,1.0,0,0.0,1.0
37,16,rand_st,0.2,1.0,100,16,4,24,21.0,551.5959393939395,0.054639730639730634,1.1474343434343437,54.14282778462803,116.0,68.404,99.0,0.0,1.0,0,0.0,1.0
38,16,rand_st,0.2,1.0,100,20,4,28,23.0,548.3933050505051,0.04747826086956522,1.092,68.51203590371277,203.0,69.892,99.0,0.0,1.0,0,0.0,1.0
39,16,rand_st,0.2,1.0,100,15,4,25,26.0,552.8530464646465,0.044775446775446766,1.1641616161616162,64.666134504091,204.0,67.748,99.0,0.0,1.0,0,0.0,1.0
0,16,rand_dt,0.2,1.0,100,16,4,23,20.708,551.7907393939394,0.05559397615690522,1.1487676767676767,74.18060874823624,211.0,68.272,99.0,0.0,1.0,0,0.0,1.0
1,16,rand_dt,0.2,1.0,100,10,4,24,19.836,553.3522020202021,0.0602283689020531,1.1936969696969695,75.88291590307473,209.0,69.824,99.0,0.0,1.0,0,0.0,1.0
2,16,rand_dt,0.2,1.0,100,21,5,24,22.596,549.1831030303031,0.04847262061609888,1.0934141414141414,74.01444192283887,215.0,68.752,99.0,0.0,1.0,0,0.0,1.0
3,16,rand_dt,0.2,1.0,100,16,5,26,19.844,552.2544404040403,0.0583532668524694,1.1560404040404042,76.862820254186,212.0,67.552,99.0,0.0,1.0,0,0.0,1.0
4,16,rand_dt,0.2,1.0,100,21,4,24,22.436,547.8372525252526,0.04815986855188436,1.0791111111111114,67.44339051463169,209.0,70.168,99.0,0.0,1.0,0,0.0,1.0
5,16,rand_dt,0.2,1.0,100,19,4,28,23.536,550.2191151515152,0.047462790221051085,1.1163232323232324,79.27297245232133,212.5,68.484,99.0,0.0,1.0,0,0.0,1.0
6,16,rand_dt,0.2,1.0,100,14,5,25,23.484,554.3704848484848,0.051425325720977896,1.206989898989899,88.7121602856576,215.0,69.508,99.0,0.0,1.0,0,0.0,1.0
7,16,rand_dt,0.2,1.0,100,17,4,24,20.944,550.8114828282829,0.054211450262979285,1.1330101010101012,75.4949494949495,213.0,68.832,99.0,0.0,1.0,0,0.0,1.0
8,16,rand_dt,0.2,1.0,100,16,5,24,22.252,552.1166828282828,0.05178900931011603,1.150828282828283,83.51403189985867,217.0,68.068,99.0,0.0,1.0,0,0.0,1.0
9,16,rand_dt,0.2,1.0,100,13,4,25,19.748,553.7466222222223,0.06022712858055761,1.187030303030303,73.09704306410002,211.0,67.484,99.0,0.0,1.0,0,0.0,1.0
10,16,rand_dt,0.2,1.0,100,17,4,27,21.96,550.7082343434344,0.051636009468191704,1.1314747474747473,67.18223644728945,210.0,68.984,99.0,0.0,1.0,0,0.0,1.0
11,16,rand_dt,0.2,1.0,100,10,4,22,19.532,554.5084808080809,0.06212770923329137,1.2116767676767677,88.80918656414407,214.0,69.044,99.0,0.0,1.0,0,0.0,1.0
12,16,rand_dt,0.2,1.0,100,12,5,27,24.724,554.0161292929293,0.04823431235431235,1.191757575757576,89.09293831168831,214.0,68.016,99.0,0.0,1.0,0,0.0,1.0
13,16,rand_dt,0.2,1.0,100,23,4,27,24.68,547.3123393939394,0.043245946645946644,1.0662626262626262,62.86975397973951,206.0,69.44,99.0,0.0,1.0,0,0.0,1.0
14,16,rand_dt,0.2,1.0,100,15,4,25,20.612,552.199204040404,0.05639335757047428,1.1600404040404042,77.16911181601903,212.0,68.156,99.0,0.0,1.0,0,0.0,1.0
15,16,rand_dt,0.2,1.0,100,18,4,29,25.344,550.1983676767677,0.04436302413635747,1.1238787878787877,64.9857433808554,206.0,68.736,99.0,0.0,1.0,0,0.0,1.0
16,16,rand_dt,0.2,1.0,100,16,4,23,19.704,551.1898909090909,0.05805410695394747,1.1418989898989897,75.3731647634584,214.0,68.952,99.0,0.0,1.0,0,0.0,1.0
17,16,rand_dt,0.2,1.0,100,15,5,26,23.068,552.1689252525254,0.05016371455509795,1.1563232323232324,76.98106365834005,213.0,68.524,99.0,0.0,1.0,0,0.0,1.0
18,16,rand_dt,0.2,1.0,100,24,4,29,26.304,547.5819353535354,0.040571718535473325,1.0655757575757574,60.515040650406505,206.0,68.508,99.0,0.0,1.0,0,0.0,1.0
19,16,rand_dt,0.2,1.0,100,20,4,27,23.148,549.4671515151516,0.04781894169364525,1.105212121212121,66.39892739273927,209.0,68.584,99.0,0.0,1.0,0,0.0,1.0
20,16,rand_dt,0.2,1.0,100,14,4,26,25.484,551.1451717171718,0.04519887651443207,1.1513535353535354,75.71958213846784,212.0,70.016,99.0,0.0,1.0,0,0.0,1.0
21,16,rand_dt,0.2,1.0,100,13,4,25,21.24,552.7447878787879,0.05519498010407101,1.1717575757575758,75.98779511804722,212.0,68.996,99.0,0.0,1.0,0,0.0,1.0
22,16,rand_dt,0.2,1.0,100,17,4,25,22.404,551.2974141414143,0.050981563080456364,1.1406868686868685,71.62036290322581,211.0,68.072,99.0,0.0,1.0,0,0.0,1.0
23,16,rand_dt,0.2,1.0,100,20,4,25,22.208,549.730597979798,0.04995107799242187,1.1077575757575757,68.60645029597877,211.0,68.332,99.0,0.0,1.0,0,0.0,1.0
24,16,rand_dt,0.2,1.0,100,14,4,25,22.176,551.1509575757576,0.05191673653531361,1.1508686868686868,79.97568327974277,212.0,70.064,99.0,0.0,1.0,0,0.0,1.0
25,16,rand_dt,0.2,1.0,100,16,4,26,22.728,553.5844000000001,0.05249519208649643,1.1915555555555555,74.74655482324745,209.0,69.036,99.0,0.0,1.0,0,0.0,1.0
26,16,rand_dt,0.2,1.0,100,24,4,32,25.732,546.7051070707072,0.041074651512812435,1.0552727272727274,60.22010152284264,201.0,69.528,99.0,0.0,1.0,0,0.0,1.0
27,16,rand_dt,0.2,1.0,100,19,4,25,21.78,550.6787474747475,0.05173390137018596,1.1246060606060608,65.93324033479473,209.0,67.664,99.0,0.0,1.0,0,0.0,1.0
28,16,rand_dt,0.2,1.0,100,21,4,27,23.48,548.1720606060607,0.04623083273531231,1.0835151515151515,65.9343724364233,211.0,69.732,99.0,0.0,1.0,0,0.0,1.0
29,16,rand_dt,0.2,1.0,100,17,4,29,25.924,550.8912080808082,0.0438724858283479,1.1361616161616162,68.02087132725431,207.0,68.52,99.0,0.0,1.0,0,0.0,1.0
30,16,rand_dt,0.2,1.0,100,15,4,24,19.936,551.943894949495,0.058094453711900494,1.1554747474747478,80.40362438220758,212.0,68.608,99.0,0.0,1.0,0,0.0,1.0
31,16,rand_dt,0.2,1.0,100,13,4,21,20.552,553.5456646464646,0.05796283064030099,1.1898989898989898,86.68852791878173,212.0,69.2,99.0,0.0,1.0,0,0.0,1.0
32,16,rand_dt,0.2,1.0,100,10,4,22,18.116,554.5288767676768,0.06679288417121233,1.207878787878788,81.26868686868687,211.0,68.42,99.0,0.0,1.0,0,0.0,1.0
33,16,rand_dt,0.2,1.0,100,16,4,26,21.424,551.5009333333335,0.05360397120080914,1.1464646464646466,76.51440746753246,211.0,68.5,99.0,0.0,1.0,0,0.0,1.0
34,16,rand_dt,0.2,1.0,100,21,4,27,23.712,548.1920363636364,0.04575997072170985,1.084080808080808,68.40679650238474,210.0,69.676,99.0,0.0,1.0,0,0.0,1.0
35,16,rand_dt,0.2,1.0,100,16,6,25,21.256,551.8718343434344,0.05415611338403101,1.1484040404040403,90.27761134411823,218.0,68.308,99.0,0.0,1.0,0,0.0,1.0
36,16,rand_dt,0.2,1.0,100,17,4,25,21.88,550.0342303030304,0.05146055742822541,1.123717171717172,72.71017744238222,211.0,69.752,99.0,0.0,1.0,0,0.0,1.0
37,16,rand_dt,0.2,1.0,100,16,4,24,21.124,550.8041777777779,0.05391962106728073,1.1371313131313132,72.77618364418939,209.0,69.424,99.0,0.0,1.0,0,0.0,1.0
38,16,rand_dt,0.2,1.0,100,20,4,28,23.568,547.8754666666665,0.04605112665112665,1.0845252525252527,63.94985555096987,207.0,70.632,99.0,0.0,1.0,0,0.0,1.0
39,16,rand_dt,0.2,1.0,100,15,4,25,23.732,551.7919313131314,0.048548756686148,1.1510707070707071,78.87061668681983,211.0,69.044,99.0,0.0,1.0,0,0.0,1.0
0,16,static,0.2,1.0,100,16,4,23,23.0,553.1448565656566,0.05068423364075538,1.1657373737373737,18.50544878145433,23.0,66.592,99.0,0.0,1.0,0,0.0,1.0
1,16,static,0.2,1.0,100,10,4,24,24.0,554.4124,0.05029797979797981,1.2071515151515153,20.76331946920182,24.0,68.492,99.0,0.0,1.0,0,0.0,1.0
2,16,static,0.2,1.0,100,21,5,24,24.0,550.5762909090909,0.04625589225589226,1.110141414141414,20.191731575793888,24.0,67.096,99.0,0.0,1.0,0,0.0,1.0
3,16,static,0.2,1.0,100,16,5,26,26.0,553.5248282828284,0.04512354312354312,1.1732121212121212,21.586275287584293,26.0,65.852,99.0,0.0,1.0,0,0.0,1.0
4,16,static,0.2,1.0,100,21,4,24,24.0,548.3070383838385,0.04523905723905724,1.0857373737373737,19.836082264304622,24.0,69.512,99.0,0.0,1.0,0,0.0,1.0
5,16,static,0.2,1.0,100,19,4,28,28.0,550.229195959596,0.03993362193362194,1.118141414141414,20.50748987854251,28.0,68.304,99.0,0.0,1.0,0,0.0,1.0
6,16,static,0.2,1.0,100,14,5,25,25.0,554.8440606060606,0.04851555555555555,1.212888888888889,20.588685323132676,25.0,68.924,99.0,0.0,1.0,0,0.0,1.0
7,16,static,0.2,1.0,100,17,4,24,24.0,551.5301494949495,0.04761616161616162,1.142787878787879,19.831516148940548,24.0,67.864,99.0,0.0,1.0,0,0.0,1.0
8,16,static,0.2,1.0,100,16,5,24,24.0,553.0449777777778,0.04845454545454545,1.162909090909091,20.39307535641548,24.0,66.872,99.0,0.0,1.0,0,0.0,1.0
9,16,static,0.2,1.0,100,13,4,25,25.0,554.3140282828283,0.047786666666666665,1.1946666666666665,21.216119402985075,25.0,66.728,99.0,0.0,1.0,0,0.0,1.0
10,16,static,0.2,1.0,100,17,4,27,27.0,551.5202707070708,0.042303030303030315,1.1421818181818182,20.8,27.0,67.924,99.0,0.0,1.0,0,0.0,1.0
11,16,static,0.2,1.0,100,10,4,22,22.0,555.3136727272729,0.05556290174471992,1.2223838383838384,18.31089873932493,22.0,67.984,99.0,0.0,1.0,0,0.0,1.0
12,16,static,0.2,1.0,100,12,5,27,27.0,554.8650626262628,0.044550692106247666,1.2028686868686869,21.11784850926672,27.0,66.916,99.0,0.0,1.0,0,0.0,1.0
13,16,static,0.2,1.0,100,23,4,27,27.0,548.1377656565656,0.039893752338196774,1.0771313131313132,21.288011695906434,27.0,68.364,99.0,0.0,1.0,0,0.0,1.0
14,16,static,0.2,1.0,100,15,4,25,25.0,553.3270909090909,0.04699313131313131,1.174828282828283,18.781746810598626,25.0,66.692,99.0,0.0,1.0,0,0.0,1.0
15,16,static,0.2,1.0,100,18,4,29,29.0,551.2157050505051,0.03925182863113898,1.1383030303030301,23.154247840931912,29.0,67.308,99.0,0.0,1.0,0,0.0,1.0
16,16,static,0.2,1.0,100,16,4,23,23.0,552.1313575757576,0.05020816864295125,1.154787878787879,19.331694324933416,23.0,67.676,99.0,0.0,1.0,0,0.0,1.0
17,16,static,0.2,1.0,100,15,5,26,26.0,552.6275757575758,0.044716394716394714,1.1626262626262627,22.23329233292333,26.0,67.9,99.0,0.0,1.0,0,0.0,1.0
18,16,static,0.2,1.0,100,24,4,29,29.0,548.259276767677,0.03709508881922675,1.0757575757575757,23.221884498480243,29.0,67.5,99.0,0.0,1.0,0,0.0,1.0
19,16,static,0.2,1.0,100,20,4,27,27.0,551.0064323232323,0.04164309764309765,1.1243636363636365,21.839622641509433,27.0,66.688,99.0,0.0,1.0,0,0.0,1.0
20,16,static,0.2,1.0,100,14,4,26,26.0,551.9993333333334,0.04471328671328672,1.1625454545454548,19.510448366808685,26.0,68.908,99.0,0.0,1.0,0,0.0,1.0
21,16,static,0.2,1.0,100,13,4,25,25.0,553.3722181818183,0.047188686868686866,1.1797171717171717,22.17098445595855,25.0,68.208,99.0,0.0,1.0,0,0.0,1.0
22,16,static,0.2,1.0,100,17,4,25,25.0,552.0621575757576,0.04604767676767677,1.151191919191919,19.7682092555332,25.0,67.032,99.0,0.0,1.0,0,0.0,1.0
23,16,static,0.2,1.0,100,20,4,25,25.0,550.379503030303,0.044698181818181824,1.1174545454545455,19.796205630354958,25.0,67.372,99.0,0.0,1.0,0,0.0,1.0
24,16,static,0.2,1.0,100,14,4,25,25.0,551.738597979798,0.04634666666666666,1.1586666666666667,21.20173317210802,25.0,69.292,99.0,0.0,1.0,0,0.0,1.0
25,16,static,0.2,1.0,100,16,4,26,26.0,554.1208565656566,0.04612587412587412,1.1992727272727275,21.06263758254953,26.0,68.272,99.0,0.0,1.0,0,0.0,1.0
26,16,static,0.2,1.0,100,24,4,32,32.0,548.2676161616163,0.03359217171717172,1.074949494949495,26.30047885075818,32.0,67.58,99.0,0.0,1.0,0,0.0,1.0
27,16,static,0.2,1.0,100,19,4,25,25.0,551.2025333333335,0.04530262626262626,1.1325656565656568,19.904475215733495,25.0,66.876,99.0,0.0,1.0,0,0.0,1.0
28,16,static,0.2,1.0,100,21,4,27,27.0,549.1019515151515,0.040570145903479245,1.0953939393939396,22.95665383836338,27.0,68.556,99.0,0.0,1.0,0,0.0,1.0
29,16,static,0.2,1.0,100,17,4,29,29.0,551.2641131313131,0.03938975966562174,1.1423030303030304,21.442532267977874,29.0,67.912,99.0,0.0,1.0,0,0.0,1.0
30,16,static,0.2,1.0,100,15,4,24,24.0,553.6128242424244,0.049006734006734005,1.1761616161616162,19.797526431278676,24.0,66.56,99.0,0.0,1.0,0,0.0,1.0
31,16,static,0.2,1.0,100,13,4,21,21.0,554.1680282828283,0.05708321308321308,1.198747474747475,17.777525773195876,21.0,68.324,99.0,0.0,1.0,0,0.0,1.0
32,16,static,0.2,1.0,100,10,4,22,22.0,554.8850585858587,0.05515518824609734,1.2134141414141413,18.202563042579577,22.0,67.872,99.0,0.0,1.0,0,0.0,1.0
33,16,static,0.2,1.0,100,16,4,26,26.0,553.2728727272728,0.04496969696969697,1.1692121212121214,21.54307264787614,26.0,66.248,99.0,0.0,1.0,0,0.0,1.0
34,16,static,0.2,1.0,100,21,4,27,27.0,549.333890909091,0.04068836513280958,1.0985858585858586,22.351687388987568,27.0,68.24,99.0,0.0,1.0,0,0.0,1.0
35,16,static,0.2,1.0,100,16,6,25,25.0,552.7247191919193,0.04639030303030303,1.1597575757575758,21.70305676855895,25.0,67.184,99.0,0.0,1.0,0,0.0,1.0
36,16,static,0.2,1.0,100,17,4,25,25.0,550.7554707070708,0.045331717171717176,1.1332929292929295,20.276881720430108,25.0,68.804,99.0,0.0,1.0,0,0.0,1.0
37,16,static,0.2,1.0,100,16,4,24,24.0,551.5120282828284,0.04777272727272727,1.1465454545454545,19.98073770491803,24.0,68.492,99.0,0.0,1.0,0,0.0,1.0
38,16,static,0.2,1.0,100,20,4,28,28.0,548.507587878788,0.03904473304473304,1.0932525252525251,24.297379646556976,28.0,69.768,99.0,0.0,1.0,0,0.0,1.0
39,16,static,0.2,1.0,100,15,4,25,25.0,552.9882222222222,0.04662464646464646,1.1656161616161618,19.032489535579032,25.0,67.604,99.0,0.0,1.0,0,0.0,1.0
0,16,bsps,0.2,1.0,100,16,4,23,17.528,538.9460565656566,0.04907246714708952,0.8573333333333333,46.33604121260154,117.0,36.656,66.924,0.44273093614383136,0.6947998349153941,0,0.32395482464830594,1.0
1,16,bsps,0.2,1.0,100,10,4,24,17.592,539.0133212121212,0.04940543391554744,0.8680808080808081,47.14695979401862,117.0,37.164,65.8,0.44439713292172306,0.697228144989339,0,0.32501485442661915,1.0
2,16,bsps,0.2,1.0,100,21,5,24,18.248,537.6943717171717,0.04559715125852846,0.8301818181818181,47.398242460555224,118.0,37.004,66.888,0.4441630391768896,0.6936078006500541,0,0.3255442380667066,1.0
3,16,bsps,0.2,1.0,100,16,5,26,19.568,539.4938222222223,0.04426262185506894,0.8652929292929293,46.570210234034114,119.0,36.324,67.592,0.44433174689865024,0.6954943412342516,0,0.31237604125347085,1.0
4,16,bsps,0.2,1.0,100,21,4,24,17.984,534.5437777777779,0.043777576276115365,0.7843232323232323,49.29790266748117,118.0,37.448,64.988,0.44357445585805616,0.6885213624729277,0,0.3492160456118917,1.0
5,16,bsps,0.2,1.0,100,19,4,28,19.056,536.1531555555556,0.04269470415187976,0.8109494949494949,47.12408906882591,119.0,37.024,65.648,0.4460468149865932,0.6972328822460109,0,0.32732793522267206,1.0
6,16,bsps,0.2,1.0,100,14,5,25,17.192,539.5595313131313,0.051175109314906674,0.8756767676767677,48.24964767465271,118.0,37.136,65.44,0.44427700035880874,0.6937808489634748,0,0.3388363197100866,1.0
7,16,bsps,0.2,1.0,100,17,4,24,18.4,537.4775313131313,0.04555301190211595,0.8349494949494949,46.44949598847974,118.0,37.332,66.536,0.4465210538167079,0.6968141971349155,0,0.3215387780292121,1.0
8,16,bsps,0.2,1.0,100,16,5,24,18.48,538.9366101010102,0.04639811958098852,0.8561212121212123,47.17535641547862,118.0,37.04,67.012,0.4453391142768659,0.6926265270506108,0,0.31731160896130345,1.0
9,16,bsps,0.2,1.0,100,13,4,25,19.32,539.2016929292929,0.04491042675604548,0.866828282828283,47.406965174129354,119.0,37.344,67.268,0.4448054585330192,0.6936246902455508,0,0.31840796019900497,1.0
10,16,bsps,0.2,1.0,100,17,4,27,18.672,537.548294949495,0.04490250676205269,0.8360808080808081,48.405471124620064,119.0,37.108,66.288,0.4437725831428361,0.690220692447864,0,0.3347517730496454,1.0
11,16,bsps,0.2,1.0,100,10,4,22,17.132,539.7133858585859,0.05133362853558932,0.8781414141414141,48.54656364375762,117.0,36.708,65.904,0.4428581834073858,0.6901015733917546,0,0.34322895485969906,1.0
12,16,bsps,0.2,1.0,100,12,5,27,19.704,540.0764202020204,0.04485654797865952,0.8793939393939394,47.18130539887188,120.0,37.036,67.076,0.44380514000767163,0.689289501590668,0,0.3261482675261886,1.0
13,16,bsps,0.2,1.0,100,23,4,27,20.84,535.3486626262628,0.0383083670698482,0.7957575757575758,48.76294903926483,120.0,37.764,66.724,0.4452515261571749,0.6909409958324194,0,0.32936507936507936,1.0
14,16,bsps,0.2,1.0,100,15,4,25,18.9,538.7778424242425,0.045363701974917854,0.8557979797979799,46.18999018645731,119.0,36.64,66.928,0.4440492070549874,0.6965641230523372,0,0.3185475956820412,1.0
15,16,bsps,0.2,1.0,100,18,4,29,21.84,536.752395959596,0.0378325776098226,0.8245656565656566,49.05442860012051,120.09999999999945,37.636,66.916,0.4432165188308856,0.6893514811849479,0,0.32596907009439646,1.0
16,16,bsps,0.2,1.0,100,16,4,23,17.896,537.5308080808081,0.04693715071000933,0.8366464646464646,47.180905552140956,118.0,37.028,66.16,0.4466521706530704,0.6926871113017371,0,0.32862118418356895,1.0
17,16,bsps,0.2,1.0,100,15,5,26,19.404,538.4786141414141,0.044096365098885114,0.8527676767676767,47.399753997539975,119.0,37.64,66.796,0.44678640344366927,0.7016331658291457,0,0.3154981549815498,1.0
18,16,bsps,0.2,1.0,100,24,4,29,21.976,534.9900565656566,0.0360983928139094,0.7894141414141413,48.37203647416413,121.0,37.892,66.96,0.4462079749804535,0.6923766816143497,0,0.3161094224924012,1.0
19,16,bsps,0.2,1.0,100,20,4,27,20.636,537.2188121212123,0.040221762926201964,0.828,48.453030911280614,120.0,37.664,67.448,0.44339856328957145,0.6874003189792663,0,0.32396627860297067,1.0
20,16,bsps,0.2,1.0,100,14,4,26,18.72,536.6944686868687,0.044334634898774206,0.8269494949494949,49.25623858794887,119.0,36.94,64.984,0.44376747186581605,0.6888492770845712,0,0.34814363968350576,1.0
21,16,bsps,0.2,1.0,100,13,4,25,17.868,538.6063515151516,0.04809521384665864,0.8577373737373738,48.60920685532084,118.0,37.608,66.296,0.44354415184935103,0.6921357447673238,0,0.33419689119170987,1.0
22,16,bsps,0.2,1.0,100,17,4,25,19.428,537.8512646464648,0.04339070222265889,0.841050505050505,47.09637826961771,118.0,37.22,67.124,0.4438206689333439,0.6910710406256789,0,0.32414486921529173,1.0
23,16,bsps,0.2,1.0,100,20,4,25,19.02,537.0472888888889,0.043532036908064314,0.8256969696969696,46.26132190942472,118.0,37.384,67.096,0.44626524390243905,0.6939524838012959,0,0.3188494492044064,1.0
24,16,bsps,0.2,1.0,100,14,4,25,18.376,536.5364404040405,0.044958022369417316,0.8246060606060606,48.814187827488915,119.0,37.448,65.204,0.4444129525968965,0.6953474790733891,0,0.33615477629987905,1.0
25,16,bsps,0.2,1.0,100,16,4,26,18.548,538.9359393939394,0.0468531481628338,0.8664646464646464,47.04802881729037,118.0,37.632,66.348,0.44481755092903513,0.6956073417199422,0,0.3221933159895938,1.0
26,16,bsps,0.2,1.0,100,24,4,32,22.54,535.1521737373738,0.03519159939988769,0.7901818181818182,50.06185155626496,122.0,37.3,66.56,0.4431991460811223,0.6957411957411958,0,0.325219473264166,1.0
27,16,bsps,0.2,1.0,100,19,4,25,19.884,537.3603393939395,0.04196396571752099,0.8313131313131313,46.32651013445715,119.0,37.396,67.372,0.4449380406827215,0.697151424287856,0,0.31145896046558297,1.0
28,16,bsps,0.2,1.0,100,21,4,27,19.6,535.693688888889,0.04109401347982869,0.8029090909090909,48.723516305448655,119.0,37.616,66.136,0.44571594118925184,0.6963382561197653,0,0.32651407737492405,1.0
29,16,bsps,0.2,1.0,100,17,4,29,20.656,537.1075313131313,0.040382177811302246,0.8317575757575757,47.81581643105921,120.0,37.676,66.804,0.4462555396980395,0.6955408576914871,0,0.3212456463839377,1.0
30,16,bsps,0.2,1.0,100,15,4,24,18.128,538.8894222222222,0.04733994977044513,0.8572929292929293,47.55176540993417,117.0,36.54,66.62,0.44348030018761725,0.68946474086661,0,0.33453022142429684,1.0
31,16,bsps,0.2,1.0,100,13,4,21,16.48,539.1132323232324,0.05273038200762659,0.8674747474747475,47.48783505154639,117.0,37.16,65.996,0.44449992866314736,0.6872741870734644,0,0.3389690721649484,1.0
32,16,bsps,0.2,1.0,100,10,4,22,18.168,539.6850222222223,0.04845582976283323,0.8791111111111111,48.43571723852832,118.0,37.344,66.604,0.4432460577209164,0.6822721598002497,0,0.33836295990078546,1.0
33,16,bsps,0.2,1.0,100,16,4,26,19.264,538.8610626262627,0.0445951739751823,0.8574141414141413,46.88606589916633,118.0,37.22,67.584,0.44201329828359365,0.6901993355481728,0,0.3201667328304883,1.0
34,16,bsps,0.2,1.0,100,21,4,27,19.74,535.5118585858587,0.04067114800286327,0.798949494949495,49.13854351687389,120.0,37.364,65.8,0.44376078637352745,0.6963233800528134,0,0.33076771265048355,1.0
35,16,bsps,0.2,1.0,100,16,6,25,17.584,538.3607313131313,0.04831041285491046,0.8466666666666666,47.02699483922191,118.0,36.416,66.124,0.4449742940168393,0.69455373783392,0,0.3255260023818976,1.0
36,16,bsps,0.2,1.0,100,17,4,25,18.596,536.7606666666668,0.04446459540431771,0.8247272727272728,49.08250620347395,118.0,37.516,66.008,0.4438559322033898,0.6878192534381139,0,0.34615384615384615,1.0
37,16,bsps,0.2,1.0,100,16,4,24,18.72,537.0965494949496,0.044516974084004395,0.8317575757575757,48.44426229508197,119.0,37.604,66.044,0.4461246256118051,0.6938266472666805,0,0.33114754098360655,1.0
38,16,bsps,0.2,1.0,100,20,4,28,19.092,534.5252080808082,0.04142806237370211,0.7871111111111111,49.85679463741621,120.0,37.84,65.132,0.44478260869565217,0.6913131313131313,0,0.34064594759293115,1.0
39,16,bsps,0.2,1.0,100,15,4,25,17.944,538.9083434343436,0.04815916643725374,0.8578181818181817,46.24416982260315,117.0,37.088,66.5,0.44383701435964723,0.6946929039952295,0,0.3252940003986446,1.0
0,16,baps,0.2,1.0,100,16,4,23,15.5,530.7985414141414,0.03348309178743962,0.7029898989898989,62.62769962353874,123.0,29.072,55.084,0.5568938193343899,0.6399610136452242,0,0.44858331682187436,1.0
1,16,baps,0.2,1.0,100,10,4,24,15.5,531.7596000000001,0.03508561808561808,0.7305858585858587,63.75183204594969,123.0,30.496,55.412,0.5561606040804472,0.6412269490597042,0,0.4400871459694989,1.0
2,16,baps,0.2,1.0,100,21,5,24,14.5,529.9577090909092,0.03584175084175084,0.6859393939393938,64.25704014379868,124.0,28.608,54.508,0.5557443365695793,0.6408997955010225,0,0.45016976233273415,1.0
3,16,baps,0.2,1.0,100,16,5,26,17.0,531.2832888888889,0.03116006216006216,0.7128888888888889,63.35739785799286,126.0,29.424,56.0,0.5567955360701474,0.6437941473259334,0,0.42899642998809995,1.0
4,16,baps,0.2,1.0,100,21,4,24,15.5,527.6889373737374,0.03015295815295815,0.6541010101010101,63.83506414172266,124.0,30.16,54.208,0.5571146678360008,0.646981380477713,0,0.4473630625127265,1.0
5,16,baps,0.2,1.0,100,19,4,28,17.5,529.2748444444444,0.02866810966810967,0.6814949494949496,64.50364372469636,128.0,30.032,55.0,0.556645122947775,0.644167139345812,0,0.45,1.0
6,16,baps,0.2,1.0,100,14,5,25,14.5,531.3596606060606,0.03558181818181818,0.7204848484848485,65.9142339440306,125.0,29.172,53.5,0.5556776556776557,0.6420560747663552,0,0.46043889671834104,1.0
7,16,baps,0.2,1.0,100,17,4,24,15.0,530.2184282828283,0.03493265993265993,0.6991111111111111,63.471096482205304,123.0,29.836,55.024,0.5535782772110148,0.6407414870038284,0,0.44558732771034765,1.0
8,16,baps,0.2,1.0,100,16,5,24,16.0,531.4719595959597,0.03445117845117845,0.7175757575757575,62.77474541751528,124.0,29.96,56.0,0.5537000395726157,0.6394655704008222,0,0.4340122199592668,1.0
9,16,baps,0.2,1.0,100,13,4,25,16.0,530.9543838383839,0.03126510822510823,0.7092121212121213,65.4865671641791,124.0,28.288,54.0,0.5554174950298211,0.6430098332620778,0,0.45114427860696515,1.0
10,16,baps,0.2,1.0,100,17,4,27,17.0,529.7073737373738,0.029187536743092303,0.6883232323232323,64.39047619047619,127.0,29.636,54.64,0.5571589627959413,0.646390760346487,0,0.44437689969604866,1.0
11,16,baps,0.2,1.0,100,10,4,22,14.5,531.8718747474747,0.037175127902400636,0.7318787878787879,62.80784871899146,122.0,30.044,55.0,0.5545136563220957,0.6378693769998118,0,0.45262301748678324,1.0
12,16,baps,0.2,1.0,100,12,5,27,16.932,531.9072767676768,0.03132296510074288,0.7256969696969697,64.84850926672038,127.0,29.088,54.932,0.5566148316011565,0.646274984857662,0,0.4458098307816277,1.0
13,16,baps,0.2,1.0,100,23,4,27,16.584,526.9597414141414,0.02520763187429854,0.6370101010101011,67.35171261487051,126.0,28.668,53.148,0.5547341931424976,0.6454849498327759,0,0.467000835421888,1.0
14,16,baps,0.2,1.0,100,15,4,25,16.5,531.9595030303032,0.03421232323232323,0.729010101010101,59.87909715407262,124.0,30.3,56.736,0.5587344838026037,0.6467473524962178,0,0.4211972522080471,1.0
15,16,baps,0.2,1.0,100,18,4,29,18.5,529.4111393939394,0.026626436781609194,0.6842424242424242,65.89475798353082,129.0,29.496,54.868,0.5571555161719096,0.6486175115207373,0,0.43783892347861014,1.0
16,16,baps,0.2,1.0,100,16,4,23,15.0,530.4090545454546,0.035243867243867244,0.7037575757575758,61.843884449907804,123.0,30.344,55.508,0.5547305572565829,0.6448541329011345,0,0.43413234992829336,1.0
17,16,baps,0.2,1.0,100,15,5,26,16.5,530.4463838383839,0.030960372960372958,0.7021010101010101,66.18552685526855,125.0,29.492,54.5,0.5551258720048529,0.6436191228763335,0,0.44813448134481343,1.0
18,16,baps,0.2,1.0,100,24,4,29,18.0,527.6870424242425,0.025330546847788227,0.6492525252525252,67.49949341438703,128.0,28.724,54.0,0.5537784886045581,0.6417281348788199,0,0.45268490374873355,1.0
19,16,baps,0.2,1.0,100,20,4,27,16.0,528.9291030303032,0.028250205761316875,0.6688888888888889,67.72922521075873,127.0,27.528,53.124,0.5549658832448825,0.6409591704471809,0,0.46748293857888396,1.0
20,16,baps,0.2,1.0,100,14,4,26,15.0,529.3616242424242,0.031747474747474747,0.6874343434343434,66.85960641103672,126.0,28.944,53.0,0.5533402001177163,0.634060650887574,0,0.4800162304727125,1.0
21,16,baps,0.2,1.0,100,13,4,25,15.5,530.5071232323234,0.03165737373737374,0.7023838383838383,68.06596253487446,124.0,28.96,53.748,0.5551042305334151,0.6382160707420222,0,0.4661219609406138,1.0
22,16,baps,0.2,1.0,100,17,4,25,16.816,530.0953818181819,0.03018864197530864,0.6933737373737374,63.29315895372233,124.0,29.488,55.316,0.5558602887795434,0.6426952400576963,0,0.44346076458752515,1.0
23,16,baps,0.2,1.0,100,20,4,25,16.5,528.8146424242426,0.029233535353535355,0.6702222222222223,62.84659322725418,125.0,29.648,55.0,0.5556159701724406,0.6468416735028713,0,0.43920848633210935,1.0
24,16,baps,0.2,1.0,100,14,4,25,15.72,529.6565414141414,0.03156833092833093,0.6935353535353536,65.25372833534865,125.0,30.06,54.22,0.5558531817852748,0.6418981055729263,0,0.449012494961709,1.0
25,16,baps,0.2,1.0,100,16,4,26,17.0,530.9125333333334,0.029714452214452215,0.7113939393939392,64.6083650190114,125.0,29.572,54.5,0.557545731707317,0.6471734892787524,0,0.4436661997198319,1.0
26,16,baps,0.2,1.0,100,24,4,32,19.0,528.4011555555556,0.02604587542087542,0.6620606060606061,69.40263367917,131.0,29.456,55.0,0.5587982832618026,0.6453230472516875,0,0.4441340782122905,1.0
27,16,baps,0.2,1.0,100,19,4,25,16.708,529.5344323232323,0.02987046015712682,0.6832727272727273,63.770620108368455,124.0,29.528,55.336,0.5557686161713007,0.6400481540930979,0,0.44772225566927554,1.0
28,16,baps,0.2,1.0,100,21,4,27,16.5,528.2263272727273,0.028230452674897124,0.660121212121212,66.51934373101074,127.0,29.428,54.14,0.5577662721893492,0.6493307839388145,0,0.4462224022685842,1.0
29,16,baps,0.2,1.0,100,17,4,29,18.0,529.5610424242425,0.027448872966114347,0.6880808080808081,65.38229870928089,128.0,29.88,55.0,0.5542445602206558,0.643088116410671,0,0.4499078057775046,1.0
30,16,baps,0.2,1.0,100,15,4,24,15.5,530.7643515151516,0.03277585377585378,0.7046868686868686,63.44185118691402,123.0,29.236,55.0,0.557548222541049,0.6457408155026242,0,0.4452423698384201,1.0
31,16,baps,0.2,1.0,100,13,4,21,13.5,530.9303757575758,0.03806445406445407,0.7134949494949494,61.28824742268041,121.0,29.888,54.512,0.5553298019011683,0.6461007855911094,0,0.4422680412371134,1.0
32,16,baps,0.2,1.0,100,10,4,22,15.0,531.7636202020203,0.03643985307621671,0.7291313131313132,62.29847044233154,122.0,30.316,55.5,0.5526734926052332,0.6371174728529121,0,0.4495659363373295,1.0
33,16,baps,0.2,1.0,100,16,4,26,17.588,531.0935676767677,0.030435016835016836,0.7113939393939394,63.85470424771735,125.0,30.028,56.228,0.5567115945455978,0.6421094212917243,0,0.4331083763398174,1.0
34,16,baps,0.2,1.0,100,21,4,27,16.028,529.5961858585858,0.034166105499438826,0.6867070707070707,65.17761989342806,126.0,29.68,55.096,0.5569717444717445,0.641982395713739,0,0.4404973357015986,1.0
35,16,baps,0.2,1.0,100,16,6,25,16.0,531.252892929293,0.034336738816738814,0.7153535353535353,63.30269948392219,125.0,30.18,56.0,0.5560808234845597,0.6432327166504381,0,0.4279475982532751,1.0
36,16,baps,0.2,1.0,100,17,4,25,16.812,529.615886868687,0.03098531986531986,0.6911515151515153,63.17638544251447,124.0,31.272,55.848,0.5552765621637133,0.6450762568254566,0,0.43837882547559964,1.0
37,16,baps,0.2,1.0,100,16,4,24,15.0,529.542,0.032934343434343434,0.6877575757575758,64.98729508196722,124.0,29.912,54.5,0.5530178223753183,0.6375825884181889,0,0.45922131147540984,1.0
38,16,baps,0.2,1.0,100,20,4,28,17.0,527.7319636363636,0.02702020202020202,0.6565656565656566,69.89904529758277,128.0,30.184,54.092,0.5535926365795725,0.6367942402425161,0,0.465569774527727,1.0
39,16,baps,0.2,1.0,100,15,4,25,15.088,531.2156000000001,0.03571986531986532,0.712929292929293,63.72672912098864,125.0,29.096,54.588,0.5555804739478208,0.6383770705378745,0,0.4546541758022723,1.0
0,16,lt,0.2,1.0,100,16,4,23,17.0,536.20058989899,0.04674652211489157,0.8011717171717172,51.167029918763625,117.0,32.92,62.376,0.5383582207474125,0.648340860003927,0,0.3750743015652863,1.0
1,16,lt,0.2,1.0,100,10,4,24,16.232,535.7767595959597,0.04771741255377619,0.8008888888888889,53.670429788076845,120.0,32.6,60.392,0.5412020275162925,0.65,0,0.38740344622697565,1.0
2,16,lt,0.2,1.0,100,21,5,24,18.14,535.4716565656566,0.04206117358285214,0.7853333333333334,51.4112242859996,121.0,34.82,64.12,0.5204081632653061,0.6575770191507078,0,0.35510285600159774,1.0
3,16,lt,0.2,1.0,100,16,5,26,19.34,536.4173696969699,0.04070164597981221,0.8052121212121213,51.471043236810786,120.0,33.492,63.528,0.5341017488076312,0.6516260162601626,0,0.3581911939706466,1.0
4,16,lt,0.2,1.0,100,21,4,24,18.74,531.385701010101,0.03753396863393111,0.7206464646464646,54.140297291793935,120.0,34.044,60.52,0.5281674783746456,0.6614533663932863,0,0.3834249643657096,1.0
5,16,lt,0.2,1.0,100,19,4,28,19.62,533.0761333333335,0.03642043845800879,0.7486464646464647,53.46113360323886,123.0,33.54,61.12,0.5272727272727272,0.6597701149425287,0,0.37955465587044535,1.0
6,16,lt,0.2,1.0,100,14,5,25,17.404,536.8830585858586,0.04677764009869273,0.8195959595959595,52.89269176565331,121.0,33.024,60.748,0.5408103774959918,0.6504357711254263,0,0.3845379504731226,1.0
7,16,lt,0.2,1.0,100,17,4,24,17.776,534.2660242424242,0.041502534977921966,0.7695353535353536,51.80559555646986,120.0,33.448,61.636,0.5348819439138076,0.6541827803785875,0,0.3739971199341699,1.0
8,16,lt,0.2,1.0,100,16,5,24,18.488,536.253688888889,0.0424130564780485,0.8021010101010102,53.477189409368634,120.0,33.636,62.804,0.5288545038288466,0.6457686737016346,0,0.3741344195519348,1.0
9,16,lt,0.2,1.0,100,13,4,25,18.296,537.0937252525254,0.04434754969988575,0.8206060606060607,50.15363184079602,118.0,33.868,63.488,0.5449433556602994,0.6482714193686923,0,0.35263681592039803,1.0
10,16,lt,0.2,1.0,100,17,4,27,18.708,534.7098585858586,0.04077544217657084,0.7779797979797979,53.781560283687945,121.0,33.496,61.856,0.5324334458192725,0.6528557599225556,0,0.3789260385005066,1.0
11,16,lt,0.2,1.0,100,10,4,22,16.128,536.3352808080808,0.048436794005215056,0.8088888888888889,54.112850752338346,119.0,32.06,60.34,0.543197984588026,0.6488389798248954,0,0.39568930459536394,1.0
12,16,lt,0.2,1.0,100,12,5,27,18.728,537.2949696969697,0.04348237249711855,0.8236767676767677,51.323126510878325,119.0,33.604,62.768,0.5446595877576514,0.6464993929583165,0,0.3654311039484287,1.0
13,16,lt,0.2,1.0,100,23,4,27,20.196,533.3008000000001,0.03738855904773908,0.7502626262626262,51.090852130325814,119.0,34.592,63.384,0.5252896962104604,0.6577834179357022,0,0.3609022556390977,1.0
14,16,lt,0.2,1.0,100,15,4,25,18.636,535.5292727272727,0.04100243278211192,0.789979797979798,52.73110893032385,121.0,32.788,62.104,0.53949656058659,0.6503509770442041,0,0.3744847890088322,1.0
15,16,lt,0.2,1.0,100,18,4,29,20.692,534.5797131313132,0.036879020853582134,0.7736969696969698,52.86081542478409,120.0,32.896,62.292,0.5348012413181616,0.6478144171779141,0,0.3725647720425788,1.0
16,16,lt,0.2,1.0,100,16,4,23,18.276,534.9191353535355,0.04249201906529048,0.7826262626262626,52.11677934849416,119.0,33.972,62.46,0.5306605574646812,0.6497451580020387,0,0.37103052653144847,1.0
17,16,lt,0.2,1.0,100,15,5,26,18.656,535.7166383838384,0.041678484877217724,0.7954747474747474,53.64924149241492,120.0,33.676,62.18,0.5320788936749037,0.6481961331472992,0,0.37843378433784336,1.0
18,16,lt,0.2,1.0,100,24,4,29,23.132,533.0400080808081,0.031966529623859444,0.7461414141414141,52.79452887537994,123.0,35.26,64.148,0.5283665338645418,0.6536170212765957,0,0.34812563323201623,1.0
19,16,lt,0.2,1.0,100,20,4,27,20.32,535.2969979797981,0.0381533976282495,0.786909090909091,50.71959052589322,120.0,35.192,64.644,0.533921815889029,0.6482084690553745,0,0.34925732637494983,1.0
20,16,lt,0.2,1.0,100,14,4,26,18.204,534.0072848484849,0.04091579544010374,0.7690505050505051,54.02170825725299,121.0,33.0,60.58,0.5419595782073814,0.6429640718562875,0,0.39744370054777844,1.0
21,16,lt,0.2,1.0,100,13,4,25,17.072,535.9562424242424,0.04504625900415374,0.8024242424242424,53.763850139497805,121.0,33.708,61.692,0.5382143676841864,0.6491600695114887,0,0.37943403746512555,1.0
22,16,lt,0.2,1.0,100,17,4,25,19.048,534.740286868687,0.03890981862265285,0.7804444444444445,52.42837022132797,121.0,34.464,63.028,0.5373651151554195,0.6477649006622517,0,0.36841046277665995,1.0
23,16,lt,0.2,1.0,100,20,4,25,19.068,534.2062747474748,0.0397721047688491,0.7693333333333334,51.6515707874337,119.0,34.364,63.064,0.5219916369831191,0.6505376344086021,0,0.3692370461036312,1.0
24,16,lt,0.2,1.0,100,14,4,25,17.056,533.250197979798,0.04340386562945902,0.7567676767676768,54.29484079000403,119.0,32.688,59.576,0.5427581727646676,0.6486185796402745,0,0.39802498992341795,1.0
25,16,lt,0.2,1.0,100,16,4,26,18.232,536.1363232323233,0.043164290102811545,0.8088484848484847,52.91795077046228,120.0,33.8,61.72,0.5399650163510533,0.6526171338953146,0,0.37142285371222733,1.0
26,16,lt,0.2,1.0,100,24,4,32,22.212,532.6421737373738,0.033180306452517815,0.7349494949494949,53.70530726256983,122.0,33.416,62.408,0.5278250115937548,0.6617937574081391,0,0.36652035115722265,1.0
27,16,lt,0.2,1.0,100,19,4,25,19.924,534.5891555555556,0.03837159856340687,0.773939393939394,51.898655428456756,120.0,34.132,63.412,0.5329517449717783,0.6482422271895956,0,0.36423841059602646,1.0
28,16,lt,0.2,1.0,100,21,4,27,18.74,532.9440121212122,0.037913407152091946,0.7471515151515151,54.236378367429616,122.0,34.104,61.66,0.5312569193298399,0.6537204383772351,0,0.3751265950982378,1.0
29,16,lt,0.2,1.0,100,17,4,29,19.86,534.839802020202,0.03893775973870484,0.7812929292929294,52.04179471419791,120.0,33.644,62.616,0.5340666055606478,0.6489405052974735,0,0.3671378815816431,1.0
30,16,lt,0.2,1.0,100,15,4,24,18.2,535.8245454545455,0.041307081282749736,0.7977777777777778,51.91541990823858,120.0,33.66,62.432,0.5408276518154431,0.6549324600900532,0,0.3630560542589268,1.0
31,16,lt,0.2,1.0,100,13,4,21,15.44,536.2230262626263,0.05098195456578044,0.8040404040404041,51.85360824742268,117.0,31.844,60.224,0.546493957594616,0.6529627485041498,0,0.3843298969072165,1.0
32,16,lt,0.2,1.0,100,10,4,22,17.948,536.5150060606061,0.044407929411836904,0.8135757575757575,53.690781314592805,119.0,32.952,61.36,0.5431790683605565,0.64424990051731,0,0.38631665977676727,1.0
33,16,lt,0.2,1.0,100,16,4,26,18.596,535.9489898989899,0.042382997338731625,0.7964040404040404,51.6510520047638,119.0,33.34,62.976,0.5369802719484398,0.6471056296001592,0,0.36978959904724096,1.0
34,16,lt,0.2,1.0,100,21,4,27,19.8,532.889991919192,0.03717583091242318,0.7426666666666667,53.126702190645354,121.0,33.968,62.028,0.5268686253615467,0.6604068857589984,0,0.3678705348332347,1.0
35,16,lt,0.2,1.0,100,16,6,25,17.42,536.2937090909093,0.045652985952624764,0.8000808080808081,50.666732830488286,119.0,32.704,62.268,0.5294339907806241,0.6587602152680885,0,0.3590710599444224,1.0
36,16,lt,0.2,1.0,100,17,4,25,18.576,533.3125373737374,0.03936033891402125,0.7562828282828283,53.71091811414392,119.0,33.656,60.812,0.5331714632578733,0.6556127310844292,0,0.3873035566583954,1.0
37,16,lt,0.2,1.0,100,16,4,24,18.58,534.3132161616163,0.04122090042983185,0.7738989898989899,53.50819672131148,119.0,33.928,61.676,0.5341374432283523,0.6476622608009469,0,0.3801229508196721,1.0
38,16,lt,0.2,1.0,100,20,4,28,19.076,531.7664363636364,0.036766796308148414,0.7323636363636364,55.12756449319521,122.0,35.2,61.556,0.5227155585008467,0.6558328496807894,0,0.38188096689010764,1.0
39,16,lt,0.2,1.0,100,15,4,25,16.884,536.1114383838384,0.04596912469482129,0.7983030303030304,50.76460035878015,118.0,32.68,61.556,0.5394970414201183,0.6573613766730402,0,0.3675503288818019,1.0
0,16,ewma,0.2,1.0,100,16,4,23,17.2,537.8286303030304,0.048612760163430954,0.8326060606060606,49.30651872399445,117.0,34.192,64.32,0.4886488179113825,0.670016077170418,0,0.3570437883891421,1.0
1,16,ewma,0.2,1.0,100,10,4,24,17.068,537.839393939394,0.04935502184434073,0.8406060606060606,50.679342444048324,117.0,34.22,62.908,0.4888601408653155,0.6735382308845578,0,0.3650227767874827,1.0
2,16,ewma,0.2,1.0,100,21,5,24,17.712,536.7015111111111,0.045752668857725616,0.8081616161616162,50.40922708208508,118.0,34.52,64.328,0.4891844255728249,0.666736577181208,0,0.36129418813660874,1.0
3,16,ewma,0.2,1.0,100,16,5,26,19.168,538.164088888889,0.04377471258314677,0.8375353535353536,48.18504561681872,119.0,34.064,65.032,0.49209470620624557,0.6766241905159808,0,0.33300277667592226,1.0
4,16,ewma,0.2,1.0,100,21,4,24,17.452,533.3783353535354,0.04363691483746367,0.7587474747474748,51.69904296477296,117.0,34.72,62.112,0.4914947520810713,0.6696239151398264,0,0.3783343514559153,1.0
5,16,ewma,0.2,1.0,100,19,4,28,18.292,535.0382787878788,0.04306253477370844,0.7863434343434343,49.729554655870444,118.0,34.4,62.912,0.4923155737704918,0.6736138419189933,0,0.3595141700404858,1.0
6,16,ewma,0.2,1.0,100,14,5,25,16.532,538.194884848485,0.05141717889068015,0.8456565656565656,51.271793839339644,117.0,34.348,62.476,0.4893786703400276,0.6664106011138852,0,0.37346486812965574,1.0
7,16,ewma,0.2,1.0,100,17,4,24,17.916,536.1340727272727,0.04511306973613475,0.8063434343434344,49.1814441472948,117.0,34.796,63.728,0.4946627299568476,0.6689626382801085,0,0.3526023451964616,1.0
8,16,ewma,0.2,1.0,100,16,5,24,17.924,537.5822505050506,0.04624478682842976,0.8278787878787879,49.57881873727088,118.0,34.564,64.192,0.49146598082768295,0.6725208824159349,0,0.34582484725050916,1.0
9,16,ewma,0.2,1.0,100,13,4,25,18.82,537.9014747474748,0.04463068956804767,0.8388686868686869,50.22766169154229,118.0,35.064,64.724,0.49023646700173024,0.6596574897030132,0,0.35144278606965174,1.0
10,16,ewma,0.2,1.0,100,17,4,27,18.252,536.4785656565658,0.04472686240408108,0.8122424242424242,50.98804457953394,118.0,34.612,63.664,0.4894235066289289,0.6690973590855341,0,0.3641337386018237,1.0
11,16,ewma,0.2,1.0,100,10,4,22,16.628,538.177090909091,0.05095443091289324,0.8455353535353536,50.11325742171614,117.0,33.952,62.888,0.4930351906158358,0.6724070450097848,0,0.3633590890605937,1.0
12,16,ewma,0.2,1.0,100,12,5,27,19.044,538.9456282828284,0.045047665508505905,0.853939393939394,49.546937953263495,120.0,34.476,64.48,0.4903950426026336,0.6636363636363637,0,0.35394842868654314,1.0
13,16,ewma,0.2,1.0,100,23,4,27,20.3,534.0735313131313,0.03805638536619317,0.7694141414141413,51.45593149540518,120.0,35.44,64.036,0.49263042969663884,0.66730810348514,0,0.36027568922305764,1.0
14,16,ewma,0.2,1.0,100,15,4,25,18.472,537.6028404040404,0.044981914561340194,0.8293333333333334,49.74798822374877,118.0,33.956,64.2,0.4884000300322847,0.6680177571897317,0,0.35839057899901866,1.0
15,16,ewma,0.2,1.0,100,18,4,29,21.184,535.8652888888889,0.03794772609045401,0.8021818181818182,50.81482225346455,120.0,34.8,64.308,0.49288960562967304,0.6693422083007048,0,0.34966860815424783,1.0
16,16,ewma,0.2,1.0,100,16,4,23,17.376,536.4123676767678,0.04681403297806806,0.8109898989898989,49.37922556853104,117.0,34.296,63.372,0.4944406625822555,0.673362628164888,0,0.3552550706822373,1.0
17,16,ewma,0.2,1.0,100,15,5,26,18.744,537.0912323232324,0.044094436248049644,0.8231111111111111,52.14842148421484,119.0,34.848,63.76,0.4914858348402652,0.661711530735235,0,0.36961869618696186,1.0
18,16,ewma,0.2,1.0,100,24,4,29,21.476,534.2109414141414,0.036096810891367154,0.7706262626262625,51.157041540020266,121.0,35.44,64.608,0.49141681828969225,0.666738988934693,0,0.3493414387031408,1.0
19,16,ewma,0.2,1.0,100,20,4,27,20.192,536.3067515151517,0.04009620361810612,0.8072323232323233,50.063428342031315,119.0,35.344,65.108,0.4901617475404369,0.6666666666666666,0,0.34524287434765155,1.0
20,16,ewma,0.2,1.0,100,14,4,26,18.028,535.4914303030303,0.04444509825807791,0.7989898989898989,51.498884155001015,118.0,34.008,62.044,0.49127885937613086,0.6693034921859927,0,0.3755325623858795,1.0
21,16,ewma,0.2,1.0,100,13,4,25,17.436,537.7330141414143,0.04811219448271235,0.836,50.288162614587485,117.14999999999964,34.916,63.768,0.4891748675246026,0.6714285714285714,0,0.3551215623754484,1.0
22,16,ewma,0.2,1.0,100,17,4,25,18.948,536.682488888889,0.043110207959265096,0.8148686868686869,48.41951710261569,118.0,34.544,64.368,0.49455960606782623,0.6741790083708951,0,0.3414486921529175,1.0
23,16,ewma,0.2,1.0,100,20,4,25,18.384,535.7407838383839,0.04360898007004583,0.7986262626262626,48.82007343941248,118.0,34.976,64.328,0.4919572077272377,0.6697498423376077,0,0.3498572011423909,1.0
24,16,ewma,0.2,1.0,100,14,4,25,17.796,535.1277373737374,0.04462628002468044,0.7936161616161617,52.93772672309552,118.0,34.532,62.128,0.48967445862612935,0.6653469079939668,0,0.3827085852478839,1.0
25,16,ewma,0.2,1.0,100,16,4,26,17.856,537.5891353535354,0.0469758444643506,0.8374545454545455,49.90534320592356,118.0,35.064,63.572,0.4925744440256314,0.671815446339017,0,0.35621372823694214,1.0
26,16,ewma,0.2,1.0,100,24,4,32,21.812,534.0093252525253,0.03535994922224897,0.7655353535353536,53.34557063048683,121.0,34.668,63.732,0.4880327362569487,0.669175911251981,0,0.36572226656025536,1.0
27,16,ewma,0.2,1.0,100,19,4,25,19.376,535.9658868686869,0.041584356238616775,0.8022222222222223,49.40598033313265,118.0,34.956,64.576,0.4923754126709637,0.6720385098367517,0,0.3473810957254666,1.0
28,16,ewma,0.2,1.0,100,21,4,27,18.912,534.3873535353537,0.041219478074580644,0.7759191919191919,51.86915130646141,119.0,35.148,63.284,0.4913527773706581,0.6653605015673981,0,0.3649989872392141,1.0
29,16,ewma,0.2,1.0,100,17,4,29,20.004,536.0612363636363,0.040486635696221386,0.8078383838383838,49.333947961483304,119.0,35.08,64.176,0.4936431057968821,0.6788549937317175,0,0.34255275558287235,1.0
30,16,ewma,0.2,1.0,100,15,4,24,17.684,537.8751595959595,0.047222944963915034,0.8341414141414141,49.10991422302015,117.0,34.096,64.144,0.49075312819705674,0.6724389735030253,0,0.3542788749251945,1.0
31,16,ewma,0.2,1.0,100,13,4,21,16.084,538.058505050505,0.05245259624181193,0.8418585858585859,50.01567010309278,116.0,34.212,63.132,0.4927713443141768,0.6658818913086129,0,0.36783505154639173,1.0
32,16,ewma,0.2,1.0,100,10,4,22,17.76,538.6426787878788,0.04820570898924872,0.8538989898989899,50.03720545680033,117.0,34.604,63.952,0.49096498462922694,0.6682271524526766,0,0.3584125671765192,1.0
33,16,ewma,0.2,1.0,100,16,4,26,18.864,537.511195959596,0.04401465555434442,0.8287272727272728,50.17070265978563,118.0,34.756,64.848,0.4894132354090163,0.6606746111896586,0,0.3562921794362842,1.0
34,16,ewma,0.2,1.0,100,21,4,27,19.144,534.4495070707071,0.04065310760014134,0.7747878787878788,52.20722320899941,120.0,34.736,63.092,0.48945051608986034,0.6716594402837998,0,0.36708111308466546,1.0
35,16,ewma,0.2,1.0,100,16,6,25,17.024,537.1117292929295,0.04828047482846245,0.8193131313131312,49.15998412068281,117.0,33.692,63.224,0.49180451127819547,0.6715151515151515,0,0.35232235013894403,1.0
36,16,ewma,0.2,1.0,100,17,4,25,18.072,535.518193939394,0.04423354339593199,0.7975757575757575,51.013440860215056,118.0,34.772,63.096,0.49149889734651775,0.6689774696707106,0,0.37076095947063686,1.0
37,16,ewma,0.2,1.0,100,16,4,24,18.124,536.0630424242424,0.04471105573897112,0.8073939393939394,49.86680327868852,118.0,34.744,63.244,0.4945548197203826,0.675152749490835,0,0.351844262295082,1.0
38,16,ewma,0.2,1.0,100,20,4,28,18.26,533.2713252525252,0.04185498758498265,0.7602424242424243,51.27828559821247,119.0,35.244,62.256,0.4937641309897163,0.6757293113713039,0,0.36299004671948,1.0
39,16,ewma,0.2,1.0,100,15,4,25,17.248,538.054004040404,0.048763688658167506,0.8368080808080808,49.16065377715766,117.0,34.42,63.94,0.48893968441232855,0.6696222050886661,0,0.3583815028901734,1.0
0,16,oracle,0.2,1.0,100,16,4,23,11.28,527.6037252525254,0.050590360817633545,0.5717575757575758,8.496334456112542,13.0,0.0,32.408,1.0,1.0,0,0.0,1.0
1,16,oracle,0.2,1.0,100,10,4,24,10.848,526.0932080808082,0.050529902308690186,0.5485656565656566,8.448999801940978,12.0,0.0,30.508,1.0,1.0,0,0.0,1.0
2,16,oracle,0.2,1.0,100,21,5,24,10.956,527.086997979798,0.0514437514225393,0.5638787878787879,8.373277411623727,12.0,0.0,31.904,1.0,1.0,0,0.0,1.0
3,16,oracle,0.2,1.0,100,16,5,26,12.472,527.7995353535354,0.04611909756909757,0.574949494949495,9.033716779055931,14.0,0.0,33.148,1.0,1.0,0,0.0,1.0
4,16,oracle,0.2,1.0,100,21,4,24,10.836,523.5911595959595,0.04721118432633584,0.5109494949494949,8.141519038892282,12.0,0.0,29.488,1.0,1.0,0,0.0,1.0
5,16,oracle,0.2,1.0,100,19,4,28,11.184,525.1137212121212,0.047808643657128516,0.5340606060606061,8.036234817813765,12.0,0.0,30.696,1.0,1.0,0,0.0,1.0
6,16,oracle,0.2,1.0,100,14,5,25,9.88,526.5874141414142,0.05614245148790604,0.5557575757575759,8.205355345278841,11.0,0.0,30.076,1.0,1.0,0,0.0,1.0
7,16,oracle,0.2,1.0,100,17,4,24,11.084,525.8031191919192,0.04913388491418794,0.5444848484848485,8.146266200370293,12.0,0.0,31.136,1.0,1.0,0,0.0,1.0
8,16,oracle,0.2,1.0,100,16,5,24,11.508,527.6515232323234,0.04973282732979702,0.5723636363636363,9.069450101832993,13.0,0.0,32.128,1.0,1.0,0,0.0,1.0
9,16,oracle,0.2,1.0,100,13,4,25,12.012,527.3899474747475,0.047288223560950825,0.5685252525252525,9.065671641791045,13.0,0.0,32.272,1.0,1.0,0,0.0,1.0
10,16,oracle,0.2,1.0,100,17,4,27,11.28,525.8453616161617,0.04826894542046057,0.5450909090909091,8.473150962512664,13.0,0.0,31.076,1.0,1.0,0,0.0,1.0
11,16,oracle,0.2,1.0,100,10,4,22,10.492,526.7998949494951,0.05325082874476814,0.5592727272727273,8.296461976413177,12.0,0.0,31.016,1.0,1.0,0,0.0,1.0
12,16,oracle,0.2,1.0,100,12,5,27,11.528,527.932294949495,0.05017914431247765,0.5765252525252524,8.8883964544722,14.0,0.0,32.084,1.0,1.0,0,0.0,1.0
13,16,oracle,0.2,1.0,100,23,4,27,12.3,524.2002303030304,0.042226225065619,0.5204444444444445,8.759189640768588,14.0,0.0,30.636,1.0,1.0,0,0.0,1.0
14,16,oracle,0.2,1.0,100,15,4,25,11.888,527.0197777777779,0.04749968039816525,0.563030303030303,8.6549558390579,13.0,0.0,32.308,1.0,1.0,0,0.0,1.0
15,16,oracle,0.2,1.0,100,18,4,29,13.408,525.4904121212121,0.04026640114688243,0.540040404040404,9.37617995581442,14.099999999999454,0.0,31.692,1.0,1.0,0,0.0,1.0
16,16,oracle,0.2,1.0,100,16,4,23,11.212,526.0481656565657,0.04900731928004655,0.5482020202020202,8.33579184593321,12.0,0.0,31.324,1.0,1.0,0,0.0,1.0
17,16,oracle,0.2,1.0,100,15,5,26,11.404,526.4801010101011,0.04864056011328738,0.5545454545454546,8.751742517425175,13.0,0.0,31.1,1.0,1.0,0,0.0,1.0
18,16,oracle,0.2,1.0,100,24,4,29,12.996,524.7404484848485,0.04079354281422017,0.5288080808080808,9.12340425531915,14.0,0.0,31.5,1.0,1.0,0,0.0,1.0
19,16,oracle,0.2,1.0,100,20,4,27,12.664,526.6015434343434,0.04403766654550968,0.5568080808080809,9.121637896427139,14.0,0.0,32.312,1.0,1.0,0,0.0,1.0
20,16,oracle,0.2,1.0,100,14,4,26,11.208,524.6999797979798,0.04714995688935082,0.5276767676767676,8.34895516331913,12.0,0.0,30.092,1.0,1.0,0,0.0,1.0
21,16,oracle,0.2,1.0,100,13,4,25,10.58,526.4933090909091,0.05231024082539234,0.5546262626262626,8.435432443204464,12.0,0.0,30.792,1.0,1.0,0,0.0,1.0
22,16,oracle,0.2,1.0,100,17,4,25,12.036,526.3142787878788,0.04586806896477128,0.5524040404040405,8.482897384305835,13.0,0.0,31.968,1.0,1.0,0,0.0,1.0
23,16,oracle,0.2,1.0,100,20,4,25,11.816,525.6549373737374,0.04584906883240217,0.5424646464646464,8.227254181966543,13.0,0.0,31.628,1.0,1.0,0,0.0,1.0
24,16,oracle,0.2,1.0,100,14,4,25,10.84,524.4218707070708,0.04845293881202972,0.5233939393939394,8.46049979846836,13.0,0.0,29.708,1.0,1.0,0,0.0,1.0
25,16,oracle,0.2,1.0,100,16,4,26,11.248,526.2342707070708,0.04883335867275261,0.5507474747474749,8.563137882729638,12.0,0.0,30.728,1.0,1.0,0,0.0,1.0
26,16,oracle,0.2,1.0,100,24,4,32,12.576,524.856505050505,0.04233324235677177,0.5305050505050505,8.746009577015164,14.0,0.0,31.42,1.0,1.0,0,0.0,1.0
27,16,oracle,0.2,1.0,100,19,4,25,12.416,526.1582909090909,0.044351769149184476,0.5501414141414142,8.854103953441701,13.0,0.0,32.124,1.0,1.0,0,0.0,1.0
28,16,oracle,0.2,1.0,100,21,4,27,11.448,524.6883757575758,0.04613035909096515,0.5276363636363638,8.676119100668423,13.0,0.0,30.444,1.0,1.0,0,0.0,1.0
29,16,oracle,0.2,1.0,100,17,4,29,12.492,525.1201131313131,0.04278620308852038,0.5343030303030303,8.885884040155705,14.0,0.0,31.088,1.0,1.0,0,0.0,1.0
30,16,oracle,0.2,1.0,100,15,4,24,11.744,527.6599353535355,0.04861878783393935,0.5726060606060607,8.661480151605826,13.0,0.0,32.44,1.0,1.0,0,0.0,1.0
31,16,oracle,0.2,1.0,100,13,4,21,10.372,526.4256444444444,0.05325446573628392,0.5535757575757575,8.084742268041238,12.0,0.0,30.676,1.0,1.0,0,0.0,1.0
32,16,oracle,0.2,1.0,100,10,4,22,11.508,526.6857454545456,0.04835064318397651,0.5576161616161616,8.647995039272427,13.0,0.0,31.128,1.0,1.0,0,0.0,1.0
33,16,oracle,0.2,1.0,100,16,4,26,12.224,527.5597414141414,0.04691725107268779,0.5712323232323232,8.891425168717745,13.0,0.0,32.752,1.0,1.0,0,0.0,1.0
34,16,oracle,0.2,1.0,100,21,4,27,11.092,524.965486868687,0.04818636991515779,0.5318787878787878,8.421945924610222,13.0,0.0,30.76,1.0,1.0,0,0.0,1.0
35,16,oracle,0.2,1.0,100,16,6,25,10.78,527.1245171717172,0.05251391907755544,0.5644040404040405,8.265780071456927,12.0,0.0,31.816,1.0,1.0,0,0.0,1.0
36,16,oracle,0.2,1.0,100,17,4,25,11.048,524.7435111111112,0.0479333854697491,0.5283636363636363,7.974152191894127,12.0,0.0,30.196,1.0,1.0,0,0.0,1.0
37,16,oracle,0.2,1.0,100,16,4,24,11.284,525.2759474747476,0.04748192110919383,0.5364040404040404,8.617418032786885,13.0,0.0,30.508,1.0,1.0,0,0.0,1.0
38,16,oracle,0.2,1.0,100,20,4,28,10.768,523.2392242424244,0.0470611602763118,0.5056161616161616,8.139142799106237,12.0,0.0,29.232,1.0,1.0,0,0.0,1.0
39,16,oracle,0.2,1.0,100,15,4,25,10.816,527.1378383838386,0.05237771700802003,0.5644444444444444,8.044249551524816,12.0,0.0,31.396,1.0,1.0,0,0.0,1.0
0,16,csma,0.2,1.0,100,16,4,23,23.0,1700.1544888888893,1.0,23.0,21.342603987201574,108.0,nan,nan,nan,nan,0,0.0,0.8165192926045016
1,16,csma,0.2,1.0,100,10,4,24,24.0,1739.2056161616165,1.0,24.0,17.710785436226242,101.0,nan,nan,nan,nan,0,0.0,0.895611156685808
2,16,csma,0.2,1.0,100,21,5,24,24.0,1747.0881414141418,1.0,24.0,19.87812352663838,106.0,nan,nan,nan,nan,0,0.0,0.8712261244608749
3,16,csma,0.2,1.0,100,16,5,26,26.0,1839.6145939393944,1.0,26.0,18.142188270083786,26.0,nan,nan,nan,nan,0,0.0,0.8254678600488202
4,16,csma,0.2,1.0,100,21,4,24,24.0,1738.4442222222224,1.0,24.0,16.594330633635064,24.0,nan,nan,nan,nan,0,0.0,0.8662814692529922
5,16,csma,0.2,1.0,100,19,4,28,28.0,1929.03816969697,1.0,28.0,15.265635818139858,26.0,nan,nan,nan,nan,0,0.0,0.8662534986005598
6,16,csma,0.2,1.0,100,14,5,25,25.0,1792.538060606061,1.0,25.0,15.218144979738856,24.0,nan,nan,nan,nan,0,0.0,0.8778656126482214
7,16,csma,0.2,1.0,100,17,4,24,24.0,1744.1140767676773,1.0,24.0,17.8055755827926,101.0,nan,nan,nan,nan,0,0.0,0.8423076923076923
8,16,csma,0.2,1.0,100,16,5,24,24.0,1750.5391111111114,1.0,24.0,19.31446817881524,106.0,nan,nan,nan,nan,0,0.0,0.908381676335267
9,16,csma,0.2,1.0,100,13,4,25,25.0,1797.7328888888894,1.0,25.0,19.30835603996367,104.0,nan,nan,nan,nan,0,0.0,0.8701837581505631
10,16,csma,0.2,1.0,100,17,4,27,27.0,1879.3876484848486,1.0,27.0,15.86318407960199,26.0,nan,nan,nan,nan,0,0.0,0.8867054341287347
11,16,csma,0.2,1.0,100,10,4,22,22.0,1652.5897939393944,1.0,22.0,20.93679354094579,108.0,nan,nan,nan,nan,0,0.0,0.8748738647830474
12,16,csma,0.2,1.0,100,12,5,27,27.0,1879.689054545455,1.0,27.0,16.267413213885778,26.0,nan,nan,nan,nan,0,0.0,0.9078893859292395
13,16,csma,0.2,1.0,100,23,4,27,27.0,1894.7142222222226,1.0,27.0,18.29101149964797,27.0,nan,nan,nan,nan,0,0.0,0.8632495948136143
14,16,csma,0.2,1.0,100,15,4,25,25.0,1790.7698181818187,1.0,25.0,17.863893674624663,25.0,nan,nan,nan,nan,0,0.0,0.8059908748264233
15,16,csma,0.2,1.0,100,18,4,29,29.0,1981.107652525253,1.0,29.0,14.59576448685129,26.0,nan,nan,nan,nan,0,0.0,0.868958543983822
16,16,csma,0.2,1.0,100,16,4,23,23.0,1694.87275959596,1.0,23.0,19.348117957324384,106.0,nan,nan,nan,nan,0,0.0,0.8531397013704234
17,16,csma,0.2,1.0,100,15,5,26,26.0,1837.5625818181823,1.0,26.0,16.714001327140014,26.0,nan,nan,nan,nan,0,0.0,0.9181559707554834
18,16,csma,0.2,1.0,100,24,4,29,29.0,1986.3355151515157,1.0,29.0,16.30398322851153,27.0,nan,nan,nan,nan,0,0.0,0.8662227602905569
19,16,csma,0.2,1.0,100,20,4,27,27.0,1886.594367676768,1.0,27.0,16.3403904963538,26.0,nan,nan,nan,nan,0,0.0,0.8677281077770974
20,16,csma,0.2,1.0,100,14,4,26,26.0,1845.5438949494953,1.0,26.0,16.942490494296578,26.0,nan,nan,nan,nan,0,0.0,0.8513048755816306
21,16,csma,0.2,1.0,100,13,4,25,25.0,1785.235058585859,1.0,25.0,15.499772313296903,25.0,nan,nan,nan,nan,0,0.0,0.8865563181267663
22,16,csma,0.2,1.0,100,17,4,25,25.0,1801.7944848484854,1.0,25.0,18.85901309164149,103.0,nan,nan,nan,nan,0,0.0,0.806989028850061
23,16,csma,0.2,1.0,100,20,4,25,25.0,1799.5547191919195,1.0,25.0,18.977837970943117,101.0,nan,nan,nan,nan,0,0.0,0.8126876125675405
24,16,csma,0.2,1.0,100,14,4,25,25.0,1797.2677292929297,1.0,25.0,17.952983293556088,25.0,nan,nan,nan,nan,0,0.0,0.8344951204939255
25,16,csma,0.2,1.0,100,16,4,26,26.0,1830.414965656566,1.0,26.0,15.070132198073045,25.0,nan,nan,nan,nan,0,0.0,0.9043566362715298
26,16,csma,0.2,1.0,100,24,4,32,32.0,2116.0001494949497,1.0,32.0,15.473822615347837,28.0,nan,nan,nan,nan,0,0.0,0.839791206585023
27,16,csma,0.2,1.0,100,19,4,25,25.0,1792.0421818181824,1.0,25.0,18.724511930585685,102.0,nan,nan,nan,nan,0,0.0,0.8307969563476172
28,16,csma,0.2,1.0,100,21,4,27,27.0,1899.9574868686875,1.0,27.0,17.370720188902006,27.0,nan,nan,nan,nan,0,0.0,0.8500602167804094
29,16,csma,0.2,1.0,100,17,4,29,29.0,1978.2412767676772,1.0,29.0,16.197222222222223,27.0,nan,nan,nan,nan,0,0.0,0.8743169398907104
30,16,csma,0.2,1.0,100,15,4,24,24.0,1747.465733333334,1.0,24.0,20.77300185873606,106.0,nan,nan,nan,nan,0,0.0,0.8640835173659908
31,16,csma,0.2,1.0,100,13,4,21,21.0,1599.4388323232326,1.0,21.0,21.163002806361085,109.0,nan,nan,nan,nan,0,0.0,0.8735444330949949
32,16,csma,0.2,1.0,100,10,4,22,22.0,1643.570052525253,1.0,22.0,24.30919092367637,110.0,nan,nan,nan,nan,0,0.0,0.8830196316535114
33,16,csma,0.2,1.0,100,16,4,26,26.0,1835.6323030303033,1.0,26.0,16.92293703114344,26.0,nan,nan,nan,nan,0,0.0,0.8755971337579618
34,16,csma,0.2,1.0,100,21,4,27,27.0,1884.4573252525256,1.0,27.0,15.715594119064836,26.0,nan,nan,nan,nan,0,0.0,0.8327980730630269
35,16,csma,0.2,1.0,100,16,6,25,25.0,1795.0984000000003,1.0,25.0,16.32324112393814,25.0,nan,nan,nan,nan,0,0.0,0.9231852000804344
36,16,csma,0.2,1.0,100,17,4,25,25.0,1785.381478787879,1.0,25.0,16.44457773512476,25.0,nan,nan,nan,nan,0,0.0,0.8411705348133198
37,16,csma,0.2,1.0,100,16,4,24,24.0,1739.7497090909094,1.0,24.0,17.775054073540016,101.0,nan,nan,nan,nan,0,0.0,0.8620261031696707
38,16,csma,0.2,1.0,100,20,4,28,28.0,1926.3996121212126,1.0,28.0,16.101214574898787,27.0,nan,nan,nan,nan,0,0.0,0.8579893747445853
39,16,csma,0.2,1.0,100,15,4,25,25.0,1784.6350060606064,1.0,25.0,16.60884588804423,25.0,nan,nan,nan,nan,0,0.0,0.8830349877949553
0,18,rand_st_A,0.2,1.0,100,17,4,32,32.0,550.6122585858586,0.03545202020202021,1.1344646464646466,62.58652890919929,126.0,68.688,99.0,0.0,1.0,0,0.0,1.0
1,18,rand_st_A,0.2,1.0,100,16,4,24,27.0,551.9142222222223,0.04260980172091283,1.1504646464646464,71.8584456780333,202.0,68.104,99.0,0.0,1.0,0,0.0,1.0
2,18,rand_st_A,0.2,1.0,100,19,4,26,26.0,551.2944000000001,0.04347474747474748,1.1303434343434342,87.35808646917533,202.0,67.096,99.0,0.0,1.0,0,0.0,1.0
3,18,rand_st_A,0.2,1.0,100,18,4,27,27.0,551.351276767677,0.042156378600823045,1.1382222222222222,80.08151527171758,209.0,67.316,99.0,0.0,1.0,0,0.0,1.0
4,18,rand_st_A,0.2,1.0,100,23,4,31,32.0,546.7218909090909,0.03316161616161616,1.0611717171717172,64.96539087947883,123.0,69.944,99.0,0.0,1.0,0,0.0,1.0
5,18,rand_st_A,0.2,1.0,100,14,4,25,27.0,553.3071959595961,0.04369173213617658,1.1796767676767677,66.10156091627813,119.0,67.212,99.0,0.0,1.0,0,0.0,1.0
6,18,rand_st_A,0.2,1.0,100,18,4,26,25.0,551.3751232323232,0.04554181818181818,1.1385454545454545,62.26248992747784,125.0,67.284,99.0,0.0,1.0,0,0.0,1.0
7,18,rand_st_A,0.2,1.0,100,14,4,24,25.0,553.4877414141414,0.04789333333333333,1.1973333333333336,73.82451081359423,208.0,69.464,99.0,0.0,1.0,0,0.0,1.0
8,18,rand_st_A,0.2,1.0,100,25,4,33,33.0,546.2370585858587,0.03164738292011019,1.0443636363636364,57.146903015484924,133.0,69.608,99.0,0.0,1.0,0,0.0,1.0
9,18,rand_st_A,0.2,1.0,100,13,4,23,28.0,552.6322101010102,0.04195959595959596,1.1748686868686868,57.93042264752791,120.0,68.688,99.0,0.0,1.0,0,0.0,1.0
10,18,rand_st_A,0.2,1.0,100,18,4,27,29.0,550.3669050505051,0.038761407175200276,1.124080808080808,57.108796764408496,203.0,68.716,99.0,0.0,1.0,0,0.0,1.0
11,18,rand_st_A,0.2,1.0,100,22,4,26,28.0,547.1165414141415,0.03820490620490621,1.0697373737373737,63.421319796954315,124.0,70.096,99.0,0.0,1.0,0,0.0,1.0
12,18,rand_st_A,0.2,1.0,100,13,4,28,31.0,552.6765858585859,0.03800456174649723,1.1781414141414144,75.77646113677446,131.0,69.364,99.0,0.0,1.0,0,0.0,1.0
13,18,rand_st_A,0.2,1.0,100,23,4,30,30.0,546.7660121212122,0.035396632996632996,1.06189898989899,48.57628887497391,128.0,69.872,99.0,0.0,1.0,0,0.0,1.0
14,18,rand_st_A,0.2,1.0,100,14,4,24,26.0,556.0589414141415,0.047058275058275055,1.2235151515151514,84.07708905453119,213.0,65.872,99.0,0.0,1.0,0,0.0,1.0
15,18,rand_st_A,0.2,1.0,100,13,5,28,27.0,554.7165373737374,0.044317246539468766,1.1965656565656566,81.75647460349327,127.0,66.54,99.0,0.0,1.0,0,0.0,1.0
16,18,rand_st_A,0.2,1.0,100,14,4,24,28.0,552.5587555555556,0.04175757575757576,1.1692121212121211,64.37206910736323,123.0,68.248,99.0,0.0,1.0,0,0.0,1.0
17,18,rand_st_A,0.2,1.0,100,20,4,29,29.0,549.6044080808081,0.03825426680599094,1.1093737373737371,52.97354931310232,121.0,68.172,99.0,0.0,1.0,0,0.0,1.0
18,18,rand_st_A,0.2,1.0,100,15,4,27,27.0,551.1628565656566,0.04255144032921811,1.1488888888888888,51.583181357649444,117.0,69.26,99.0,0.0,1.0,0,0.0,1.0
19,18,rand_st_A,0.2,1.0,100,17,5,30,30.0,552.0295151515153,0.038428282828282825,1.152848484848485,68.0193275619086,120.0,66.868,99.0,0.0,1.0,0,0.0,1.0
20,18,rand_st_A,0.2,1.0,100,21,4,28,32.0,547.7064767676769,0.03382954545454545,1.0825454545454545,55.68160616507808,121.0,69.828,99.0,0.0,1.0,0,0.0,1.0
21,18,rand_st_A,0.2,1.0,100,12,4,26,26.0,555.4288080808082,0.04695881895881896,1.220929292929293,89.97381571057366,216.0,68.128,99.0,0.0,1.0,0,0.0,1.0
22,18,rand_st_A,0.2,1.0,100,17,4,27,28.0,550.6383393939393,0.040518037518037515,1.1345050505050502,73.23146473779386,203.0,68.684,99.0,0.0,1.0,0,0.0,1.0
23,18,rand_st_A,0.2,1.0,100,14,4,24,28.0,552.5341090909092,0.04171428571428571,1.168,82.99409007540248,210.0,68.368,99.0,0.0,1.0,0,0.0,1.0
24,18,rand_st_A,0.2,1.0,100,16,5,26,27.0,551.6470060606061,0.04254695099139544,1.1487676767676767,65.75065563849103,210.39999999999964,68.272,99.0,0.0,1.0,0,0.0,1.0
25,18,rand_st_A,0.2,1.0,100,15,4,25,25.0,552.4944808080809,0.04655515151515151,1.163878787878788,86.13063422417231,206.0,67.776,99.0,0.0,1.0,0,0.0,1.0
26,18,rand_st_A,0.2,1.0,100,18,4,26,25.0,551.1607070707071,0.045473939393939386,1.136848484848485,63.76417731629393,122.0,67.452,99.0,0.0,1.0,0,0.0,1.0
27,18,rand_st_A,0.2,1.0,100,25,4,28,28.0,547.6221494949497,0.03797691197691198,1.0633535353535353,61.1878,125.0,67.728,99.0,0.0,1.0,0,0.0,1.0
28,18,rand_st_A,0.2,1.0,100,18,4,29,33.0,550.2782464646464,0.03406183042546679,1.1240404040404042,74.75096251266464,202.0,68.72,99.0,0.0,1.0,0,0.0,1.0
29,18,rand_st_A,0.2,1.0,100,14,5,27,30.0,553.7667191919193,0.03944646464646464,1.1833939393939392,81.78939828080229,212.0,66.844,99.0,0.0,1.0,0,0.0,1.0
30,18,rand_st_A,0.2,1.0,100,20,4,28,28.0,550.0587070707071,0.03982106782106782,1.114989898989899,63.31789137380192,120.0,67.616,99.0,0.0,1.0,0,0.0,1.0
31,18,rand_st_A,0.2,1.0,100,29,4,35,35.0,543.3836848484849,0.028455988455988457,0.9959595959595958,50.68169652048589,132.0,70.4,99.0,0.0,1.0,0,0.0,1.0
32,18,rand_st_A,0.2,1.0,100,20,4,32,31.0,548.2476161616162,0.035225806451612905,1.092,72.59611409673418,201.0,69.892,99.0,0.0,1.0,0,0.0,1.0
33,18,rand_st_A,0.2,1.0,100,13,4,26,27.0,552.8233373737374,0.04354358398802844,1.1756767676767677,68.72880682946199,120.0,68.608,99.0,0.0,1.0,0,0.0,1.0
34,18,rand_st_A,0.2,1.0,100,18,4,25,28.0,552.0487676767676,0.04093217893217894,1.14610101010101,73.03560126582279,207.0,66.536,99.0,0.0,1.0,0,0.0,1.0
35,18,rand_st_A,0.2,1.0,100,19,4,30,30.0,549.3919636363636,0.03702491582491582,1.1107474747474748,56.94546178343949,121.0,69.036,99.0,0.0,1.0,0,0.0,1.0
36,18,rand_st_A,0.2,1.0,100,15,5,27,31.0,550.387195959596,0.03669077875529489,1.1374141414141414,75.0959439983529,205.0,70.396,99.0,0.0,1.0,0,0.0,1.0
37,18,rand_st_A,0.2,1.0,100,20,4,28,27.0,549.814298989899,0.04123157500935279,1.1132525252525252,59.083230579531445,121.0,67.788,99.0,0.0,1.0,0,0.0,1.0
38,18,rand_st_A,0.2,1.0,100,21,4,32,31.0,549.3491474747475,0.03561550993809058,1.1040808080808078,60.74418604651163,117.0,67.696,99.0,0.0,1.0,0,0.0,1.0
39,18,rand_st_A,0.2,1.0,100,20,4,25,30.0,549.100193939394,0.03665185185185185,1.0995555555555556,70.24166832967471,121.0,69.144,99.0,0.0,1.0,0,0.0,1.0
0,18,rand_st,0.2,1.0,100,17,4,32,29.0,550.6063717171718,0.039115290839428773,1.1343434343434344,69.05146036161335,124.0,68.7,99.0,0.0,1.0,0,0.0,1.0
1,18,rand_st,0.2,1.0,100,16,4,24,23.0,551.8900565656566,0.050007905138339914,1.1501818181818182,65.7390959555908,202.0,68.132,99.0,0.0,1.0,0,0.0,1.0
2,18,rand_st,0.2,1.0,100,19,4,26,22.0,551.1967595959596,0.05132782369146006,1.1292121212121213,81.91673338670937,205.0,67.208,99.0,0.0,1.0,0,0.0,1.0
3,18,rand_st,0.2,1.0,100,18,4,27,22.0,551.3186101010102,0.05171717171717171,1.1377777777777778,69.6683855612852,204.0,67.36,99.0,0.0,1.0,0,0.0,1.0
4,18,rand_st,0.2,1.0,100,23,4,31,27.0,546.7490101010101,0.03931762065095398,1.0615757575757576,57.16123778501629,121.0,69.904,99.0,0.0,1.0,0,0.0,1.0
5,18,rand_st,0.2,1.0,100,14,4,25,22.0,553.3104888888889,0.05363085399449036,1.179878787878788,63.366713967159946,122.0,67.192,99.0,0.0,1.0,0,0.0,1.0
6,18,rand_st,0.2,1.0,100,18,4,26,22.0,551.4159313131314,0.05177043158861341,1.138949494949495,72.19601128122481,122.0,67.244,99.0,0.0,1.0,0,0.0,1.0
7,18,rand_st,0.2,1.0,100,14,4,24,22.0,553.4466141414142,0.054407713498622584,1.196969696969697,56.3773429454171,113.0,69.5,99.0,0.0,1.0,0,0.0,1.0
8,18,rand_st,0.2,1.0,100,25,4,33,27.0,546.2220323232324,0.03867265245043023,1.044161616161616,54.48940505297473,124.0,69.628,99.0,0.0,1.0,0,0.0,1.0
9,18,rand_st,0.2,1.0,100,13,4,23,21.0,552.5871313131313,0.05591726791726792,1.1742626262626261,52.57854864433812,117.0,68.748,99.0,0.0,1.0,0,0.0,1.0
10,18,rand_st,0.2,1.0,100,18,4,27,24.0,550.3548323232325,0.04683333333333334,1.124,47.4479271991911,120.0,68.724,99.0,0.0,1.0,0,0.0,1.0
11,18,rand_st,0.2,1.0,100,22,4,26,24.0,547.1181777777779,0.04457407407407408,1.069777777777778,62.12852791878173,119.0,70.092,99.0,0.0,1.0,0,0.0,1.0
12,18,rand_st,0.2,1.0,100,13,4,28,23.0,552.6899757575758,0.05123056653491436,1.1783030303030304,72.05221932114883,122.0,69.348,99.0,0.0,1.0,0,0.0,1.0
13,18,rand_st,0.2,1.0,100,23,4,30,25.0,546.8055232323234,0.04249373737373738,1.0623434343434344,42.24879983302024,124.0,69.828,99.0,0.0,1.0,0,0.0,1.0
14,18,rand_st,0.2,1.0,100,14,4,24,22.0,556.0445535353537,0.05560146923783287,1.2232323232323232,75.68811298548451,121.0,65.9,99.0,0.0,1.0,0,0.0,1.0
15,18,rand_st,0.2,1.0,100,13,5,28,22.0,554.6234666666668,0.054339761248852154,1.1954747474747474,75.19955832162216,122.0,66.648,99.0,0.0,1.0,0,0.0,1.0
16,18,rand_st,0.2,1.0,100,14,4,24,21.0,552.4777575757576,0.05562866762866763,1.1682020202020202,76.49753187988482,204.0,68.348,99.0,0.0,1.0,0,0.0,1.0
17,18,rand_st,0.2,1.0,100,20,4,29,24.0,549.534206060606,0.0461919191919192,1.1086060606060606,51.870822226778756,119.0,68.248,99.0,0.0,1.0,0,0.0,1.0
18,18,rand_st,0.2,1.0,100,15,4,27,22.0,551.1194141414143,0.052196510560146916,1.1483232323232326,48.863019250253295,119.0,69.316,99.0,0.0,1.0,0,0.0,1.0
19,18,rand_st,0.2,1.0,100,17,5,30,23.0,552.0347636363637,0.05013263065436979,1.1530505050505049,71.25991544191665,205.0,66.848,99.0,0.0,1.0,0,0.0,1.0
20,18,rand_st,0.2,1.0,100,21,4,28,25.0,547.6313454545455,0.04326141414141414,1.0815353535353536,46.77529912796593,117.0,69.928,99.0,0.0,1.0,0,0.0,1.0
21,18,rand_st,0.2,1.0,100,12,4,26,22.0,555.419987878788,0.055491276400367315,1.2208080808080808,90.64881071357186,208.0,68.14,99.0,0.0,1.0,0,0.0,1.0
22,18,rand_st,0.2,1.0,100,17,4,27,22.0,550.7085616161617,0.05160881542699724,1.1353939393939394,60.42716495881053,119.0,68.596,99.0,0.0,1.0,0,0.0,1.0
23,18,rand_st,0.2,1.0,100,14,4,24,22.0,552.474981818182,0.053054178145087234,1.1671919191919193,81.79233747707357,209.0,68.448,99.0,0.0,1.0,0,0.0,1.0
24,18,rand_st,0.2,1.0,100,16,5,26,22.0,551.4693454545454,0.052119375573921024,1.1466262626262629,65.80734315109946,121.0,68.484,99.0,0.0,1.0,0,0.0,1.0
25,18,rand_st,0.2,1.0,100,15,4,25,22.0,552.546084848485,0.05293296602387511,1.1645252525252527,73.68468288791384,203.0,67.712,99.0,0.0,1.0,0,0.0,1.0
26,18,rand_st,0.2,1.0,100,18,4,26,20.0,551.1747555555555,0.05685252525252525,1.1370505050505049,53.00798722044728,120.0,67.432,99.0,0.0,1.0,0,0.0,1.0
27,18,rand_st,0.2,1.0,100,25,4,28,25.0,547.6414060606061,0.04254060606060606,1.0635151515151515,52.9064,121.0,67.712,99.0,0.0,1.0,0,0.0,1.0
28,18,rand_st,0.2,1.0,100,18,4,29,25.0,550.2694262626263,0.04495676767676768,1.1239191919191922,64.3694022289767,123.0,68.732,99.0,0.0,1.0,0,0.0,1.0
29,18,rand_st,0.2,1.0,100,14,5,27,23.0,553.8839555555556,0.05151163812033377,1.1847676767676767,72.15943512075317,202.0,66.708,99.0,0.0,1.0,0,0.0,1.0
30,18,rand_st,0.2,1.0,100,20,4,28,23.0,550.1269737373738,0.04851646903820817,1.115878787878788,52.992611821086264,118.0,67.528,99.0,0.0,1.0,0,0.0,1.0
31,18,rand_st,0.2,1.0,100,29,4,35,31.0,543.4016444444444,0.03213424568263278,0.9961616161616162,37.762816553428046,115.0,70.38,99.0,0.0,1.0,0,0.0,1.0
32,18,rand_st,0.2,1.0,100,20,4,32,27.0,548.2365212121213,0.040441451552562666,1.0919191919191917,64.17982637453493,201.0,69.9,99.0,0.0,1.0,0,0.0,1.0
33,18,rand_st,0.2,1.0,100,13,4,26,21.0,552.8239757575758,0.055980759980759985,1.1755959595959597,84.55787174905697,204.0,68.616,99.0,0.0,1.0,0,0.0,1.0
34,18,rand_st,0.2,1.0,100,18,4,25,23.0,551.9877050505053,0.0498006148440931,1.1454141414141414,68.04074367088607,123.0,66.604,99.0,0.0,1.0,0,0.0,1.0
35,18,rand_st,0.2,1.0,100,19,4,30,25.0,549.4367030303031,0.04445090909090909,1.1112727272727272,55.852109872611464,120.39999999999782,68.984,99.0,0.0,1.0,0,0.0,1.0
36,18,rand_st,0.2,1.0,100,15,5,27,24.0,550.415591919192,0.0474023569023569,1.1376565656565658,73.03726580193535,204.0,70.372,99.0,0.0,1.0,0,0.0,1.0
37,18,rand_st,0.2,1.0,100,20,4,28,22.0,549.7649898989899,0.050576675849403126,1.1126868686868687,52.44512946979038,119.0,67.844,99.0,0.0,1.0,0,0.0,1.0
38,18,rand_st,0.2,1.0,100,21,4,32,24.0,549.3386909090909,0.045996632996632994,1.1039191919191917,61.961036311709506,114.0,67.712,99.0,0.0,1.0,0,0.0,1.0
39,18,rand_st,0.2,1.0,100,20,4,25,24.0,549.1207878787878,0.045829966329966325,1.099919191919192,69.20814208740771,209.0,69.108,99.0,0.0,1.0,0,0.0,1.0
0,18,rand_dt,0.2,1.0,100,17,4,32,28.096,549.7339313131314,0.03997248345524207,1.1229898989898988,72.28804676476517,209.0,69.824,99.0,0.0,1.0,0,0.0,1.0
1,18,rand_dt,0.2,1.0,100,16,4,24,22.544,550.4870707070709,0.05031470834830519,1.1333333333333333,77.17002647118713,213.0,69.8,99.0,0.0,1.0,0,0.0,1.0
2,18,rand_dt,0.2,1.0,100,19,4,26,23.268,549.6127595959597,0.04775475392643596,1.1096565656565656,75.90076335877863,214.0,69.144,99.0,0.0,1.0,0,0.0,1.0
3,18,rand_dt,0.2,1.0,100,18,4,27,23.184,550.3308282828283,0.048588379569486286,1.1246868686868685,71.80209804317127,211.0,68.656,99.0,0.0,1.0,0,0.0,1.0
4,18,rand_dt,0.2,1.0,100,23,4,31,26.004,546.265195959596,0.040622957646865694,1.0548686868686867,57.58546922300707,126.0,70.568,99.0,0.0,1.0,0,0.0,1.0
5,18,rand_dt,0.2,1.0,100,14,4,25,21.208,553.3902262626262,0.05570136902523006,1.1791919191919191,73.34193796956271,210.0,67.26,99.0,0.0,1.0,0,0.0,1.0
6,18,rand_dt,0.2,1.0,100,18,4,26,22.156,550.7742101010101,0.05107804315756053,1.1293333333333333,75.19321563181909,214.0,68.196,99.0,0.0,1.0,0,0.0,1.0
7,18,rand_dt,0.2,1.0,100,14,4,24,22.16,552.8448444444444,0.05364410907493911,1.1884848484848485,79.79323850752422,210.0,70.34,99.0,0.0,1.0,0,0.0,1.0
8,18,rand_dt,0.2,1.0,100,25,4,33,26.944,545.4600646464647,0.038448321900888954,1.0346666666666666,63.58853220270543,211.0,70.568,99.0,0.0,1.0,0,0.0,1.0
9,18,rand_dt,0.2,1.0,100,13,4,23,20.508,552.171503030303,0.056999860072587345,1.1679595959595959,73.98987894423497,208.0,69.372,99.0,0.0,1.0,0,0.0,1.0
10,18,rand_dt,0.2,1.0,100,18,4,27,23.84,549.86618989899,0.04695842967358119,1.1176565656565658,69.65113022604521,210.0,69.352,99.0,0.0,1.0,0,0.0,1.0
11,18,rand_dt,0.2,1.0,100,22,4,26,23.344,546.7064606060607,0.045616520183081447,1.0634747474747477,57.68798057466613,201.0,70.716,99.0,0.0,1.0,0,0.0,1.0
12,18,rand_dt,0.2,1.0,100,13,4,28,23.94,551.7310505050506,0.048770519013997274,1.1662626262626263,76.61059253246754,211.0,70.54,99.0,0.0,1.0,0,0.0,1.0
13,18,rand_dt,0.2,1.0,100,23,4,30,24.076,546.2807393939394,0.04385162328099527,1.0542626262626262,58.55488939425263,202.0,70.628,99.0,0.0,1.0,0,0.0,1.0
14,18,rand_dt,0.2,1.0,100,14,4,24,21.796,554.9771111111111,0.055551841965675954,1.2093333333333336,84.64452815226011,215.0,67.276,99.0,0.0,1.0,0,0.0,1.0
15,18,rand_dt,0.2,1.0,100,13,5,28,22.74,553.6141333333334,0.05203182177506288,1.1821414141414144,89.1539714867617,216.0,67.968,99.0,0.0,1.0,0,0.0,1.0
16,18,rand_dt,0.2,1.0,100,14,4,24,20.684,552.0660606060607,0.05628539716761061,1.1620202020202024,77.97430668841761,211.0,68.96,99.0,0.0,1.0,0,0.0,1.0
17,18,rand_dt,0.2,1.0,100,20,4,29,24.876,549.2299878787879,0.04443174508797697,1.1039191919191917,64.05157131345689,205.84999999999945,68.712,99.0,0.0,1.0,0,0.0,1.0
18,18,rand_dt,0.2,1.0,100,15,4,27,22.756,550.6584484848485,0.05023876922667436,1.1418181818181818,64.13882113821138,204.0,69.96,99.0,0.0,1.0,0,0.0,1.0
19,18,rand_dt,0.2,1.0,100,17,5,30,22.688,550.7004606060607,0.05015373350701414,1.1356767676767676,69.28032178217822,210.0,68.568,99.0,0.0,1.0,0,0.0,1.0
20,18,rand_dt,0.2,1.0,100,21,4,28,24.252,547.0452404040404,0.04432863646316435,1.073171717171717,58.09729619008603,124.0,70.756,99.0,0.0,1.0,0,0.0,1.0
21,18,rand_dt,0.2,1.0,100,12,4,26,22.912,554.7716242424243,0.0529897736255839,1.2124040404040404,85.6844737895158,215.0,68.972,99.0,0.0,1.0,0,0.0,1.0
22,18,rand_dt,0.2,1.0,100,17,4,27,22.432,549.852383838384,0.05021328490569597,1.1238383838383839,65.61431451612903,208.0,69.74,99.0,0.0,1.0,0,0.0,1.0
23,18,rand_dt,0.2,1.0,100,14,4,24,22.572,551.8807757575757,0.05138922159673148,1.159111111111111,74.21575831802409,212.0,69.248,99.0,0.0,1.0,0,0.0,1.0
24,18,rand_dt,0.2,1.0,100,16,5,26,21.536,550.5355838383839,0.052768672913969354,1.134989898989899,69.48914790996784,211.25,69.636,99.0,0.0,1.0,0,0.0,1.0
25,18,rand_dt,0.2,1.0,100,15,4,25,22.424,551.5381292929293,0.05139101715441636,1.1516363636363636,72.32494507689235,208.69999999999982,68.988,99.0,0.0,1.0,0,0.0,1.0
26,18,rand_dt,0.2,1.0,100,18,4,26,20.58,549.9723959595959,0.05459096125349506,1.1212929292929292,71.29543147208122,210.0,68.992,99.0,0.0,1.0,0,0.0,1.0
27,18,rand_dt,0.2,1.0,100,25,4,28,26.004,547.0455232323234,0.04061766145873425,1.055151515151515,60.727580709445995,205.0,68.54,99.0,0.0,1.0,0,0.0,1.0
28,18,rand_dt,0.2,1.0,100,18,4,29,25.8,549.5379676767677,0.043200440218218,1.1136565656565656,76.52912223133715,214.0,69.748,99.0,0.0,1.0,0,0.0,1.0
29,18,rand_dt,0.2,1.0,100,14,5,27,23.988,553.0846707070707,0.04902293901027322,1.1743030303030304,76.23728470111449,212.0,67.744,99.0,0.0,1.0,0,0.0,1.0
30,18,rand_dt,0.2,1.0,100,20,4,28,23.812,548.860997979798,0.04624410247050564,1.099757575757576,64.81960461285009,207.0,69.124,99.0,0.0,1.0,0,0.0,1.0
31,18,rand_dt,0.2,1.0,100,29,4,35,30.444,543.0722828282829,0.03259598399533295,0.9911919191919193,50.28345177664975,129.0,70.872,99.0,0.0,1.0,0,0.0,1.0
32,18,rand_dt,0.2,1.0,100,20,4,32,27.636,548.0132606060607,0.039398245046768095,1.088,61.39555555555555,128.0,70.288,99.0,0.0,1.0,0,0.0,1.0
33,18,rand_dt,0.2,1.0,100,13,4,26,21.34,551.8986343434344,0.05458946171673445,1.1636363636363636,72.71022727272727,210.64999999999964,69.8,99.0,0.0,1.0,0,0.0,1.0
34,18,rand_dt,0.2,1.0,100,18,4,25,22.916,551.1902545454546,0.04957998186851942,1.1342222222222222,71.14904610492846,208.44999999999982,67.712,99.0,0.0,1.0,0,0.0,1.0
35,18,rand_dt,0.2,1.0,100,19,4,30,23.348,548.7134464646466,0.047227572266702704,1.1013333333333335,66.06950269622529,205.0,69.968,99.0,0.0,1.0,0,0.0,1.0
36,18,rand_dt,0.2,1.0,100,15,5,27,22.812,550.0928161616163,0.04971409723053992,1.133090909090909,70.09361615337548,210.0,70.824,99.0,0.0,1.0,0,0.0,1.0
37,18,rand_dt,0.2,1.0,100,20,4,28,22.72,549.0851151515152,0.04863725483709674,1.102949494949495,64.48841975814716,209.0,68.808,99.0,0.0,1.0,0,0.0,1.0
38,18,rand_dt,0.2,1.0,100,21,4,32,24.992,548.3293171717173,0.043692619429237786,1.0903434343434342,62.49855550969872,202.0,69.056,99.0,0.0,1.0,0,0.0,1.0
39,18,rand_dt,0.2,1.0,100,20,4,25,24.208,548.4129373737375,0.045118922831913606,1.0905050505050504,67.25755743651753,208.0,70.04,99.0,0.0,1.0,0,0.0,1.0
0,18,static,0.2,1.0,100,17,4,32,32.0,550.5779757575758,0.035440656565656564,1.13410101010101,23.259560134733505,32.0,68.724,99.0,0.0,1.0,0,0.0,1.0
1,18,static,0.2,1.0,100,16,4,24,24.0,551.8251636363636,0.04791582491582491,1.149979797979798,19.308179837591602,24.0,68.152,99.0,0.0,1.0,0,0.0,1.0
2,18,static,0.2,1.0,100,19,4,26,26.0,551.2924242424243,0.04347008547008547,1.1302222222222222,20.49950069902137,26.0,67.108,99.0,0.0,1.0,0,0.0,1.0
3,18,static,0.2,1.0,100,18,4,27,27.0,551.2222868686869,0.042101010101010104,1.1367272727272728,20.700317334391116,26.0,67.464,99.0,0.0,1.0,0,0.0,1.0
4,18,static,0.2,1.0,100,23,4,31,31.0,546.6360242424242,0.03420267188009124,1.0602828282828285,25.52209326002851,31.0,70.032,99.0,0.0,1.0,0,0.0,1.0
5,18,static,0.2,1.0,100,14,4,25,25.0,553.1700242424242,0.04711919191919192,1.1779797979797981,20.835627530364373,25.0,67.38,99.0,0.0,1.0,0,0.0,1.0
6,18,static,0.2,1.0,100,18,4,26,26.0,551.0860727272727,0.043650349650349654,1.134909090909091,21.35232534729213,26.0,67.644,99.0,0.0,1.0,0,0.0,1.0
7,18,static,0.2,1.0,100,14,4,24,24.0,553.8273777777779,0.05005723905723906,1.2013737373737374,20.08475622299938,23.0,69.064,99.0,0.0,1.0,0,0.0,1.0
8,18,static,0.2,1.0,100,25,4,33,33.0,546.1185252525254,0.03160697887970615,1.043030303030303,28.036659877800407,33.0,69.74,99.0,0.0,1.0,0,0.0,1.0
9,18,static,0.2,1.0,100,13,4,23,23.0,552.6703434343434,0.05108124725516029,1.1748686868686868,18.443781094527363,22.0,68.688,99.0,0.0,1.0,0,0.0,1.0
10,18,static,0.2,1.0,100,18,4,27,27.0,550.5851353535354,0.041746352413019085,1.127151515151515,22.4468085106383,27.0,68.412,99.0,0.0,1.0,0,0.0,1.0
11,18,static,0.2,1.0,100,22,4,26,26.0,547.0521858585859,0.04110955710955712,1.068848484848485,19.94713298088654,26.0,70.184,99.0,0.0,1.0,0,0.0,1.0
12,18,static,0.2,1.0,100,13,4,28,28.0,552.575393939394,0.04204329004329004,1.1772121212121214,24.678485092667202,28.0,69.456,99.0,0.0,1.0,0,0.0,1.0
13,18,static,0.2,1.0,100,23,4,30,30.0,546.7774262626261,0.035397979797979796,1.061939393939394,24.85192147034252,30.0,69.868,99.0,0.0,1.0,0,0.0,1.0
14,18,static,0.2,1.0,100,14,4,24,24.0,556.1940969696971,0.05103535353535354,1.224848484848485,20.1711481844946,24.0,65.74,99.0,0.0,1.0,0,0.0,1.0
15,18,static,0.2,1.0,100,13,5,28,28.0,554.6885212121214,0.042737373737373734,1.1966464646464647,24.35227957421169,28.0,66.532,99.0,0.0,1.0,0,0.0,1.0
16,18,static,0.2,1.0,100,14,4,24,24.0,552.7560727272728,0.04883164983164984,1.1719595959595959,19.434132349928294,24.0,67.976,99.0,0.0,1.0,0,0.0,1.0
17,18,static,0.2,1.0,100,20,4,29,29.0,549.3138222222224,0.03814838035527691,1.1063030303030303,23.088765887658877,28.0,68.476,99.0,0.0,1.0,0,0.0,1.0
18,18,static,0.2,1.0,100,15,4,27,27.0,551.3949737373738,0.04263673774784886,1.151191919191919,22.343262411347517,27.0,69.032,99.0,0.0,1.0,0,0.0,1.0
19,18,static,0.2,1.0,100,17,5,30,30.0,552.0282383838385,0.038433670033670035,1.1530101010101013,24.83259735046166,30.0,66.852,99.0,0.0,1.0,0,0.0,1.0
20,18,static,0.2,1.0,100,21,4,28,28.0,547.8550424242425,0.03872005772005772,1.084161616161616,21.455873402312843,28.0,69.668,99.0,0.0,1.0,0,0.0,1.0
21,18,static,0.2,1.0,100,12,4,26,26.0,555.4183717171718,0.04695726495726496,1.220888888888889,21.306895177361497,26.0,68.132,99.0,0.0,1.0,0,0.0,1.0
22,18,static,0.2,1.0,100,17,4,27,27.0,550.6395555555556,0.04199925177702955,1.133979797979798,22.260160965794768,27.0,68.736,99.0,0.0,1.0,0,0.0,1.0
23,18,static,0.2,1.0,100,14,4,24,24.0,552.4008282828283,0.048590909090909094,1.1661818181818182,20.059567523459812,24.0,68.548,99.0,0.0,1.0,0,0.0,1.0
24,18,static,0.2,1.0,100,16,5,26,26.0,551.72538989899,0.044220668220668224,1.1497373737373737,20.666062071745262,26.0,68.176,99.0,0.0,1.0,0,0.0,1.0
25,18,static,0.2,1.0,100,15,4,25,25.0,552.5748606060606,0.046603636363636354,1.165090909090909,20.74924954972984,25.0,67.656,99.0,0.0,1.0,0,0.0,1.0
26,18,static,0.2,1.0,100,18,4,26,26.0,551.0934585858586,0.0437000777000777,1.1362020202020202,21.318236233040704,26.0,67.516,99.0,0.0,1.0,0,0.0,1.0
27,18,static,0.2,1.0,100,25,4,28,28.0,547.4746626262627,0.037940836940836935,1.0623434343434344,20.528396548264098,28.0,67.828,99.0,0.0,1.0,0,0.0,1.0
28,18,static,0.2,1.0,100,18,4,29,29.0,550.4758424242425,0.03884500174155347,1.1265050505050505,24.578488960907432,29.0,68.476,99.0,0.0,1.0,0,0.0,1.0
29,18,static,0.2,1.0,100,14,5,27,27.0,553.6824686868689,0.04379349046015713,1.1824242424242426,22.373079287031345,27.0,66.94,99.0,0.0,1.0,0,0.0,1.0
30,18,static,0.2,1.0,100,20,4,28,28.0,550.0985373737375,0.039835497835497835,1.1153939393939394,22.053660482744863,28.0,67.576,99.0,0.0,1.0,0,0.0,1.0
31,18,static,0.2,1.0,100,29,4,35,35.0,543.1852121212122,0.028402886002886003,0.9941010101010102,28.07381443298969,35.0,70.584,99.0,0.0,1.0,0,0.0,1.0
32,18,static,0.2,1.0,100,20,4,32,32.0,548.2835353535353,0.034137626262626265,1.0924040404040405,27.266019016122364,31.0,69.852,99.0,0.0,1.0,0,0.0,1.0
33,18,static,0.2,1.0,100,13,4,26,26.0,552.9326303030304,0.04524320124320124,1.1763232323232327,21.83723699880905,26.0,68.544,99.0,0.0,1.0,0,0.0,1.0
34,18,static,0.2,1.0,100,18,4,25,25.0,552.2612888888889,0.045926464646464646,1.1481616161616162,20.020327610025657,25.0,66.332,99.0,0.0,1.0,0,0.0,1.0
35,18,static,0.2,1.0,100,19,4,30,30.0,549.64698989899,0.03712053872053872,1.1136161616161617,25.77947598253275,30.0,68.752,99.0,0.0,1.0,0,0.0,1.0
36,18,static,0.2,1.0,100,15,5,27,27.0,550.3532525252525,0.042115974560419,1.1371313131313132,23.02956989247312,27.0,70.424,99.0,0.0,1.0,0,0.0,1.0
37,18,static,0.2,1.0,100,20,4,28,28.0,549.9563191919193,0.03981096681096681,1.1147070707070708,22.81516393442623,27.0,67.644,99.0,0.0,1.0,0,0.0,1.0
38,18,static,0.2,1.0,100,21,4,32,32.0,549.5434101010101,0.03456565656565657,1.1061010101010103,25.415803371927687,32.0,67.496,99.0,0.0,1.0,0,0.0,1.0
39,18,static,0.2,1.0,100,20,4,25,25.0,549.2954141414142,0.04405818181818182,1.1014545454545455,21.217061989236594,25.0,68.956,99.0,0.0,1.0,0,0.0,1.0
0,18,bsps,0.2,1.0,100,17,4,32,22.176,535.9190262626263,0.03678294407157177,0.8119595959595959,50.1333465425005,122.0,37.148,65.496,0.44357976653696496,0.6938695821944553,0,0.33901327521299784,1.0
1,18,bsps,0.2,1.0,100,16,4,24,18.152,537.3633454545454,0.04604220535764771,0.833939393939394,47.33650227767875,118.0,37.136,65.928,0.44374537379718726,0.696192384769539,0,0.3289760348583878,1.0
2,18,bsps,0.2,1.0,100,19,4,26,19.532,537.8782666666667,0.04305644907059715,0.8365252525252526,48.30856800479329,120.0,37.008,67.004,0.4421052631578947,0.6888888888888889,0,0.32754144198122626,1.0
3,18,bsps,0.2,1.0,100,18,4,27,21.14,536.8770747474748,0.03901350004037718,0.8234747474747475,48.6033320111067,120.0,36.872,66.288,0.4444684062971749,0.6973865199449794,0,0.32268940896469656,1.0
4,18,bsps,0.2,1.0,100,23,4,31,22.16,532.9269696969698,0.03436374908232523,0.7589898989898991,51.72144166157605,122.0,37.792,64.924,0.44510322165868993,0.6912617476504699,0,0.3445326817348809,1.0
5,18,bsps,0.2,1.0,100,14,4,25,20.276,538.3588121212123,0.042139656100420836,0.8531717171717171,48.21862348178138,120.0,37.304,66.936,0.44644491913335366,0.6973287376130978,0,0.32004048582995953,1.0
6,18,bsps,0.2,1.0,100,18,4,26,19.92,537.0881333333334,0.041621573988643246,0.8271919191919191,48.87537749144353,120.0,37.06,66.616,0.4435674240188846,0.690331715210356,0,0.32977652506543187,1.0
7,18,bsps,0.2,1.0,100,14,4,24,18.388,538.1475757575759,0.04659980579475842,0.8552727272727274,47.857848179386956,118.0,37.332,65.432,0.44693807731782415,0.6991236611489776,0,0.3324418843859288,1.0
8,18,bsps,0.2,1.0,100,25,4,33,22.004,532.9178383838384,0.03447527964105502,0.7548686868686869,51.184521384928715,122.0,37.908,65.16,0.4460002772771385,0.6921560898699252,0,0.3360488798370672,1.0
9,18,bsps,0.2,1.0,100,13,4,23,18.104,537.4302747474749,0.04644490181683165,0.8402424242424242,47.08995024875622,117.0,37.14,65.496,0.4454761239877129,0.6976429675425039,0,0.3299502487562189,1.0
10,18,bsps,0.2,1.0,100,18,4,27,19.756,536.4385090909092,0.04160122712432967,0.8186262626262626,49.406079027355624,119.0,37.452,65.912,0.44372374143141446,0.6902493411717008,0,0.3371833839918946,1.0
11,18,bsps,0.2,1.0,100,22,4,26,19.572,533.3097212121213,0.03947034625163673,0.767030303030303,49.46217974786499,119.0,38.104,65.048,0.44355185769616984,0.6907868722815342,0,0.34607564050427003,1.0
12,18,bsps,0.2,1.0,100,13,4,28,19.976,536.9827595959597,0.04188752923559191,0.8353535353535353,51.687751813053985,120.0,37.456,64.948,0.4438312141958921,0.6901272657153876,0,0.3475020145044319,1.0
13,18,bsps,0.2,1.0,100,23,4,30,20.968,533.6198868686869,0.03696089809474919,0.7706666666666667,50.56704260651629,121.0,38.132,65.684,0.4449051300070274,0.6898406374501992,0,0.3429406850459482,1.0
14,18,bsps,0.2,1.0,100,14,4,24,18.9,541.1839111111111,0.04759825219118305,0.8985050505050505,46.15210991167812,119.0,36.96,67.96,0.4439746300211416,0.697187566081624,0,0.30618253189401373,1.0
15,18,bsps,0.2,1.0,100,13,5,28,20.248,540.2632848484849,0.04362801725267187,0.881979797979798,48.52841936131753,120.0,37.1,67.512,0.44346289752650175,0.6910397295012679,0,0.3183370154649528,1.0
16,18,bsps,0.2,1.0,100,14,4,24,17.872,537.5497979797981,0.04712392666924518,0.8402020202020202,47.02950215119853,117.0,37.108,65.928,0.4453924914675768,0.6904861693210393,0,0.33353820938332307,1.0
17,18,bsps,0.2,1.0,100,20,4,29,21.168,535.3584888888888,0.03795716031337658,0.8012525252525252,47.485034850348505,120.0,37.98,66.46,0.44805795314426633,0.7031388152077808,0,0.31775317753177534,1.0
18,18,bsps,0.2,1.0,100,15,4,27,19.696,536.5040040404041,0.04197959457106188,0.824969696969697,48.959878419452885,119.0,37.796,65.752,0.44472707273477247,0.6923520368946964,0,0.33454913880445797,1.0
19,18,bsps,0.2,1.0,100,17,5,30,22.268,537.4140727272727,0.03757250951961998,0.8345050505050504,49.45323163388198,122.0,37.252,67.128,0.44423150632426217,0.6901168969181721,0,0.3215576073865917,1.0
20,18,bsps,0.2,1.0,100,21,4,28,21.388,533.6125414141414,0.03628729491996232,0.7735353535353536,50.78839521201055,120.0,38.04,65.192,0.4437334510150044,0.6882137030995106,0,0.3477378778656928,1.0
21,18,bsps,0.2,1.0,100,12,4,26,18.752,540.1070101010101,0.04735598687863053,0.8856969696969698,48.294539657233955,119.0,37.396,66.232,0.4446015696811143,0.6910123360093988,0,0.3268234356317258,1.0
22,18,bsps,0.2,1.0,100,17,4,27,20.048,536.3034464646465,0.04092385563948073,0.8189494949494949,49.52635814889336,119.0,37.58,65.976,0.4425589321215564,0.6879597367402246,0,0.33963782696177064,1.0
23,18,bsps,0.2,1.0,100,14,4,24,18.212,537.6572646464647,0.0463447803505595,0.8433939393939394,47.81680946552427,118.0,37.86,66.272,0.44623574144486694,0.6919565217391305,0,0.32802937576499386,1.0
24,18,bsps,0.2,1.0,100,16,5,26,19.176,536.9858343434345,0.043308513480626254,0.8284040404040404,49.0217654171705,119.0,37.164,65.788,0.44393491124260354,0.6949799196787149,0,0.3373639661426844,1.0
25,18,bsps,0.2,1.0,100,15,4,25,19.124,538.0969777777779,0.044365843216767314,0.8475555555555554,48.15989593756254,119.0,37.184,66.576,0.44344454199590283,0.6961826052735144,0,0.330398238943366,1.0
26,18,bsps,0.2,1.0,100,18,4,26,20.06,536.9851595959595,0.04127443920256199,0.8262626262626264,48.42777334397446,120.0,37.16,66.772,0.4434125269978402,0.6921722113502935,0,0.3268156424581006,1.0
27,18,bsps,0.2,1.0,100,25,4,28,21.856,534.5615474747475,0.035958533833431144,0.7815353535353534,48.117599839454144,121.0,37.756,66.776,0.44614928470832405,0.6948938852700147,0,0.3170780654224363,1.0
28,18,bsps,0.2,1.0,100,18,4,29,20.448,536.277991919192,0.04002693388479391,0.816040404040404,48.856795624873406,120.0,37.416,65.932,0.44567338972023424,0.694122432377466,0,0.3277293903180069,1.0
29,18,bsps,0.2,1.0,100,14,5,27,20.756,539.3631636363638,0.0419156915451357,0.8687272727272728,47.72546609301373,120.0,37.588,67.72,0.4449860724233983,0.6896853146853147,0,0.3167383732841631,1.0
30,18,bsps,0.2,1.0,100,20,4,28,21.36,536.2990747474748,0.038222339575505665,0.8147070707070707,48.688609615001,121.0,37.692,66.936,0.44421629021218345,0.6951144094001237,0,0.3251545980450828,1.0
31,18,bsps,0.2,1.0,100,29,4,35,24.884,530.4157050505052,0.028829182528170193,0.7139797979797979,54.544123711340205,125.0,38.3,64.848,0.44418588251886326,0.6875123298480963,0,0.3542268041237113,1.0
32,18,bsps,0.2,1.0,100,20,4,32,21.708,534.0634464646466,0.0362108536849033,0.7803636363636363,53.02294336502687,122.0,37.672,64.868,0.44443651925820254,0.6865461847389558,0,0.3557255064076065,1.0
33,18,bsps,0.2,1.0,100,13,4,26,19.584,537.7323757575758,0.04322824698451868,0.8446060606060605,49.93271139341008,120.0,37.632,65.908,0.4430124559003528,0.689884562707885,0,0.3350535926955141,1.0
34,18,bsps,0.2,1.0,100,18,4,25,20.504,538.576888888889,0.04155403745759192,0.8503434343434344,46.80876258140912,120.0,37.184,67.768,0.44458137564507433,0.6985525487728131,0,0.30886125912768897,1.0
35,18,bsps,0.2,1.0,100,19,4,30,21.316,535.0932040404042,0.03745102722583619,0.7960808080808081,50.452362048431915,122.0,37.392,65.48,0.44471083987213017,0.6963497793822704,0,0.3314807463279079,1.0
36,18,bsps,0.2,1.0,100,15,5,27,19.492,535.5881494949494,0.041657277384809746,0.8105858585858586,51.303763440860216,119.0,37.964,64.84,0.44428979052126105,0.6883648411615669,0,0.3509098428453267,1.0
37,18,bsps,0.2,1.0,100,20,4,28,21.056,535.7512202020202,0.038398592980676056,0.8061010101010101,48.894262295081965,120.0,37.788,66.832,0.4448515380505305,0.6898257689825769,0,0.32807377049180325,1.0
38,18,bsps,0.2,1.0,100,21,4,32,23.484,535.3813979797981,0.03413338697923507,0.7996363636363636,50.31606743855373,122.0,37.596,66.676,0.4445653018413488,0.6912940159861741,0,0.32866138533414585,1.0
39,18,bsps,0.2,1.0,100,20,4,25,19.136,535.7266626262627,0.04215290451494067,0.804848484848485,48.211480964719954,119.0,37.768,65.884,0.4451700875556194,0.6987761547572049,0,0.3252940003986446,1.0
0,18,baps,0.2,1.0,100,17,4,32,19.5,528.9700161616162,0.024437770562770564,0.6785454545454545,67.1123439667129,131.0,29.856,54.516,0.5566259744080012,0.6425398000740467,0,0.44917772934416483,1.0
1,18,baps,0.2,1.0,100,16,4,24,14.5,529.4452484848485,0.03223771043771044,0.6825050505050506,64.8546246781541,123.0,28.508,53.288,0.5561367599120612,0.639480128084385,0,0.4622697563874034,1.0
2,18,baps,0.2,1.0,100,19,4,26,16.0,530.7547393939395,0.03405283605283606,0.703959595959596,62.93588975434392,126.0,29.324,55.508,0.5578794146939401,0.6453723301904946,0,0.4347912921909327,1.0
3,18,baps,0.2,1.0,100,18,4,27,17.516,529.7215474747475,0.02919191919191919,0.6904646464646466,63.1921856406188,126.0,30.176,55.516,0.556984348592843,0.6438508625486923,0,0.43474811582705275,1.0
4,18,baps,0.2,1.0,100,23,4,31,19.0,527.2511515151516,0.025113438532793374,0.6501010101010102,67.94746487477092,130.0,30.7,54.78,0.5556847920907241,0.6460717009916095,0,0.4369782121767461,1.0
5,18,baps,0.2,1.0,100,14,4,25,16.0,530.0020767676768,0.029828109668109667,0.693858585858586,66.4753036437247,125.0,28.372,53.532,0.5550857411322527,0.6412934324161478,0,0.46396761133603237,1.0
6,18,baps,0.2,1.0,100,18,4,26,16.5,530.0510020202021,0.03166988566988567,0.696969696969697,64.48741695188242,126.0,30.0,55.5,0.556299360661903,0.6438040345821325,0,0.44171532111938794,1.0
7,18,baps,0.2,1.0,100,14,4,24,15.5,530.4775717171717,0.03295959595959596,0.7113535353535353,64.50833161900843,123.0,30.576,54.5,0.5534952067734938,0.6400439640959883,0,0.45196461633408763,1.0
8,18,baps,0.2,1.0,100,25,4,33,19.0,526.8068000000001,0.02610737679828589,0.6404848484848485,71.60162932790224,132.0,30.592,54.5,0.5531749398953472,0.6403508771929824,0,0.4492871690427699,1.0
9,18,baps,0.2,1.0,100,13,4,23,15.5,530.8407393939395,0.035038208168642955,0.7152727272727273,61.07303482587065,122.0,31.188,56.0,0.5555079603055615,0.641543782996541,0,0.4356218905472637,1.0
10,18,baps,0.2,1.0,100,18,4,27,17.0,529.9189696969697,0.03060146437924216,0.6932525252525253,64.79311043566362,127.0,30.208,55.42,0.5586294796821113,0.6514916698953894,0,0.4348530901722391,1.0
11,18,baps,0.2,1.0,100,22,4,26,15.5,526.5394141414142,0.027464801864801866,0.6363636363636364,67.05978039853599,126.0,29.596,53.048,0.5546680345888905,0.6393350765782593,0,0.47600650671004474,1.0
12,18,baps,0.2,1.0,100,13,4,28,17.116,529.8670626262626,0.02843819143819144,0.6978181818181818,68.92667203867849,128.0,30.148,54.116,0.5550239234449761,0.6401673640167364,0,0.45265914585012085,1.0
13,18,baps,0.2,1.0,100,23,4,30,17.192,526.4178464646465,0.025416835016835015,0.6347878787878789,70.65497076023392,130.0,29.36,52.852,0.5538472540045767,0.6429927838966958,0,0.46616541353383456,1.0
14,18,baps,0.2,1.0,100,14,4,24,15.5,532.5700808080808,0.03446248196248196,0.7353535353535353,63.08145240431796,124.0,28.656,55.228,0.5583126550868487,0.6454963051727581,0,0.43768400392541706,1.0
15,18,baps,0.2,1.0,100,13,5,28,17.0,531.362391919192,0.030085137085137083,0.7157171717171718,68.07993573006628,128.0,28.448,54.152,0.5573513259061667,0.6460831334932055,0,0.4474794135368548,1.0
16,18,baps,0.2,1.0,100,14,4,24,16.0,530.5113818181818,0.032930976430976436,0.7073535353535353,61.12190124974391,123.0,30.472,55.5,0.5559755083528611,0.6474805815574587,0,0.4265519360786724,1.0
17,18,baps,0.2,1.0,100,20,4,29,17.636,528.2166505050506,0.02626070226070226,0.6644040404040404,67.29356293562935,128.0,29.124,53.768,0.5541922290388548,0.6439615545340577,0,0.45079950799507995,1.0
18,18,baps,0.2,1.0,100,15,4,27,17.0,528.1874747474749,0.025652503874726097,0.6653737373737374,68.21580547112463,127.0,29.56,53.216,0.5551029008920418,0.6423000181389443,0,0.465450861195542,1.0
19,18,baps,0.2,1.0,100,17,5,30,19.092,529.9766505050505,0.026261167227833896,0.6942626262626264,68.46969088719389,130.0,29.36,55.092,0.5546666666666666,0.6394,0,0.4484142914492172,1.0
20,18,baps,0.2,1.0,100,21,4,28,16.5,526.6400121212122,0.02480894660894661,0.6377777777777778,69.28971393791844,127.0,28.98,52.56,0.553957376308457,0.6372342463129669,0,0.48468249137756136,1.0
21,18,baps,0.2,1.0,100,12,4,26,16.5,532.4215434343434,0.03356931956931958,0.7395555555555554,65.12913511359108,126.0,29.96,55.088,0.5532176428054953,0.6357933579335794,0,0.4483858110801116,1.0
22,18,baps,0.2,1.0,100,17,4,27,17.08,528.9655595959596,0.027935064935064938,0.6776969696969698,66.37323943661971,126.0,29.988,54.58,0.5565286624203821,0.6437246963562753,0,0.4509054325955734,1.0
23,18,baps,0.2,1.0,100,14,4,24,15.616,530.1549656565658,0.03221837421837422,0.6985858585858585,63.36168910648715,124.0,29.996,54.828,0.5551692165044043,0.6485024958402662,0,0.441452468380253,1.0
24,18,baps,0.2,1.0,100,16,5,26,16.5,530.0437131313132,0.03095770895770896,0.6967676767676768,64.1694881096332,126.0,30.02,55.0,0.555857078245138,0.6415743217424532,0,0.4445787988714228,1.0
25,18,baps,0.2,1.0,100,15,4,25,17.0,530.564294949495,0.030735443322109993,0.7035959595959596,63.073644186511906,125.0,30.044,55.6,0.5595727198027938,0.6487040835353347,0,0.4330598359015409,1.0
26,18,baps,0.2,1.0,100,18,4,26,16.5,529.552682828283,0.030001554001554003,0.6863838383838383,64.70889864325619,126.0,29.676,55.064,0.5581429624170965,0.6453038674033149,0,0.4433359936153232,1.0
27,18,baps,0.2,1.0,100,25,4,28,17.0,528.3313373737375,0.03010918710918711,0.6629090909090909,63.49909692956051,128.0,29.752,55.44,0.554679802955665,0.6427299703264095,0,0.44089905679309654,1.0
28,18,baps,0.2,1.0,100,18,4,29,17.54,528.8013818181819,0.02672501700087907,0.6736161616161617,68.66518128418068,128.0,29.392,54.04,0.5562208915502329,0.6456059735784032,0,0.45108365404091555,1.0
29,18,baps,0.2,1.0,100,14,5,27,17.0,531.5556121212122,0.03152135107690663,0.7210909090909091,65.44970292972752,126.0,29.228,55.308,0.5543041663385052,0.6435561107641058,0,0.4427371440278631,1.0
30,18,baps,0.2,1.0,100,20,4,28,17.0,529.1213333333333,0.028364117364117366,0.6765656565656566,66.52583283462997,128.0,28.52,54.0,0.5577670657751516,0.6446087971973531,0,0.45342110512667066,1.0
31,18,baps,0.2,1.0,100,29,4,35,21.0,524.5031272727274,0.01942164502164502,0.5995959595959596,72.15979381443299,135.0,30.64,54.0,0.5552367288378766,0.6450094161958568,0,0.45257731958762887,1.0
32,18,baps,0.2,1.0,100,20,4,32,18.5,527.4870666666667,0.02473611111111111,0.6541010101010102,73.17569243489045,131.0,29.744,53.5,0.5532688531743146,0.639550390550581,0,0.46961554361306324,1.0
33,18,baps,0.2,1.0,100,13,4,26,16.504,530.6501656565657,0.031348540348540344,0.7094545454545454,65.11969035331481,126.0,30.08,54.816,0.556631455399061,0.6438152011922503,0,0.44144501786423185,1.0
34,18,baps,0.2,1.0,100,18,4,25,16.5,530.367785858586,0.031121212121212126,0.6961212121212121,63.51115058219854,125.0,29.2,55.308,0.5567993693338589,0.6422507403751234,0,0.44404973357015987,1.0
35,18,baps,0.2,1.0,100,19,4,30,17.5,527.9272363636364,0.025146127946127948,0.659030303030303,70.91901548233426,130.0,28.756,53.0,0.5581688677845378,0.6487101669195751,0,0.45970623263199684,1.0
36,18,baps,0.2,1.0,100,15,5,27,15.5,528.3645010101011,0.029699214365881032,0.6722424242424242,68.89784946236558,127.0,29.668,52.86,0.5543124203370627,0.6426180736333209,0,0.46567411083540117,1.0
37,18,baps,0.2,1.0,100,20,4,28,17.056,528.1420646464647,0.026154401154401156,0.661010101010101,68.87950819672132,127.0,28.664,53.58,0.5535017937919201,0.6392045454545454,0,0.4692622950819672,1.0
38,18,baps,0.2,1.0,100,21,4,32,19.5,528.4041494949496,0.023853174603174605,0.6648888888888889,70.22100345317895,131.0,29.176,54.5,0.5534561109782349,0.6352632640710107,0,0.45886654478976235,1.0
39,18,baps,0.2,1.0,100,20,4,25,15.5,528.4364686868687,0.0308250505050505,0.6662222222222223,66.06976280645804,125.0,29.544,54.0,0.5552695447525189,0.6390893947806774,0,0.45724536575642816,1.0
0,18,lt,0.2,1.0,100,17,4,32,20.468,533.6824767676769,0.03703883271798445,0.7610101010101011,51.979988111749556,121.0,33.152,61.452,0.5367157185738342,0.6564313798914061,0,0.372102238953834,1.0
1,18,lt,0.2,1.0,100,16,4,24,17.748,534.8499595959596,0.042321014683257246,0.7805252525252526,52.6660724896019,121.0,33.368,61.676,0.5310568370269863,0.6559037065341995,0,0.3741334917805506,1.0
2,18,lt,0.2,1.0,100,19,4,26,19.98,535.195608080808,0.038239896825115284,0.7797171717171718,53.13041741561813,123.0,33.388,62.856,0.5263559386680906,0.6562925500875316,0,0.36728579988016774,1.0
3,18,lt,0.2,1.0,100,18,4,27,20.54,533.826290909091,0.03591562443305391,0.7604848484848485,54.97639825466085,122.0,32.916,61.48,0.5301151786369305,0.6494691748929037,0,0.3841729472431575,1.0
4,18,lt,0.2,1.0,100,23,4,31,21.936,530.3761696969697,0.03136372156186422,0.7048484848484848,55.294848299735285,124.0,34.604,61.108,0.5286251264999278,0.6589237320944638,0,0.3752799837100387,1.0
5,18,lt,0.2,1.0,100,14,4,25,19.388,535.9030424242425,0.040262616775327,0.8002020202020202,52.44372469635628,121.0,33.28,62.452,0.5420269533380073,0.6523509057602279,0,0.36356275303643726,1.0
6,18,lt,0.2,1.0,100,18,4,26,20.416,533.581595959596,0.03580581058322126,0.7565656565656566,55.797463257499494,123.0,33.412,61.856,0.5287891299451993,0.650704769260475,0,0.38091403261526074,1.0
7,18,lt,0.2,1.0,100,14,4,24,17.492,534.4042464646465,0.042504640141003774,0.779070707070707,55.12672289652335,120.0,32.416,59.364,0.5478084868788387,0.6469937292511988,0,0.3997119934169924,1.0
8,18,lt,0.2,1.0,100,25,4,33,21.988,529.6826868686869,0.030250472618434436,0.6915959595959595,56.771894093686356,125.0,35.196,61.136,0.5161176801801802,0.6541950113378685,0,0.384928716904277,1.0
9,18,lt,0.2,1.0,100,13,4,23,17.544,534.3293656565658,0.04339319741719123,0.77389898989899,53.27363184079602,118.0,32.128,59.856,0.5426677122691951,0.6455326146537548,0,0.3954228855721393,1.0
10,18,lt,0.2,1.0,100,18,4,27,19.7,534.290892929293,0.03814665691550422,0.7717979797979797,52.89402228976697,122.0,34.104,62.256,0.5300880991488727,0.6621621621621622,0,0.36271529888551163,1.0
11,18,lt,0.2,1.0,100,22,4,26,20.16,530.9800565656566,0.035568118877294025,0.7153535353535353,52.910939406262706,120.0,34.948,61.66,0.5238303454306953,0.6572565365668814,0,0.38145587637250916,1.0
12,18,lt,0.2,1.0,100,13,4,28,18.856,533.2397171717172,0.0392587517297546,0.7608080808080808,56.089443996776794,121.0,33.2,59.368,0.5418499077883387,0.6495742317660126,0,0.39625302175664784,1.0
13,18,lt,0.2,1.0,100,23,4,30,21.76,530.81778989899,0.03283184943767705,0.7128484848484847,55.14035087719298,122.0,34.972,61.792,0.5259333143345682,0.6532412734944381,0,0.38095238095238093,1.0
14,18,lt,0.2,1.0,100,14,4,24,19.068,538.1685616161617,0.042545421364137935,0.8359595959595961,52.64298331697743,122.0,32.468,62.744,0.5470578803912137,0.6436530043772384,0,0.3680078508341511,1.0
15,18,lt,0.2,1.0,100,13,5,28,19.624,537.4059191919192,0.041564272765117934,0.824,52.32074713797952,120.0,33.844,63.424,0.5340322328274135,0.6511674718196457,0,0.3627234384414541,1.0
16,18,lt,0.2,1.0,100,14,4,24,17.624,534.0572767676769,0.04221093641480638,0.7683232323232323,52.836918664208156,119.0,32.776,60.584,0.535744004841516,0.6469886702444841,0,0.3931571399303421,1.0
17,18,lt,0.2,1.0,100,20,4,29,21.344,532.7096606060607,0.03387119201355132,0.7491717171717172,52.91533415334153,122.0,35.828,63.288,0.5305160631529338,0.6481442650450828,0,0.36490364903649036,1.0
18,18,lt,0.2,1.0,100,15,4,27,18.484,533.873490909091,0.041052503616754485,0.7656565656565656,53.96879432624114,119.0,32.24,60.036,0.542037725264708,0.6485698670067408,0,0.3939209726443769,1.0
19,18,lt,0.2,1.0,100,17,5,30,21.652,535.0552202020202,0.036189445746757996,0.7825454545454545,52.546969088719386,121.0,33.632,63.292,0.5379396397098963,0.6513091130505378,0,0.35889201124046566,1.0
20,18,lt,0.2,1.0,100,21,4,28,22.428,531.0941818181819,0.030718782110186246,0.7203232323232324,55.081963887198214,123.0,35.664,62.176,0.530409444112373,0.653440187646599,0,0.37370663420572126,1.0
21,18,lt,0.2,1.0,100,12,4,26,17.068,537.1553696969697,0.047353611300979724,0.8237979797979798,53.25926664009565,120.0,32.744,60.944,0.5438962909614692,0.6452935694315005,0,0.38142686329214825,1.0
22,18,lt,0.2,1.0,100,17,4,27,18.632,533.4070303030304,0.04023570202491771,0.7568080808080808,54.096981891348086,118.0,32.632,60.464,0.5375334152156636,0.6452209280828249,0,0.3959758551307847,1.0
23,18,lt,0.2,1.0,100,14,4,24,17.816,535.2309535353536,0.04295377962174056,0.7922424242424243,52.33414932680539,121.0,34.128,61.996,0.54420508068875,0.6501354448843509,0,0.36760505915952674,1.0
24,18,lt,0.2,1.0,100,16,5,26,19.044,534.9614505050506,0.03991930323329998,0.7826262626262626,53.787182587666265,122.0,33.872,62.388,0.5283245679939895,0.6526011560693642,0,0.37484885126964934,1.0
25,18,lt,0.2,1.0,100,15,4,25,18.556,535.4614383838385,0.04201963039300847,0.7914747474747474,52.08365019011407,120.0,33.356,62.212,0.5337898183983328,0.6573202860368837,0,0.37282369421652994,1.0
26,18,lt,0.2,1.0,100,18,4,26,19.568,534.0233494949495,0.038820826422815355,0.7627070707070707,52.391061452513966,120.0,32.252,61.288,0.5386754482253934,0.6569821930646673,0,0.3741021548284118,1.0
27,18,lt,0.2,1.0,100,25,4,28,22.04,532.0894262626263,0.033170870798988124,0.7301010101010101,51.9951836243227,122.0,35.076,63.568,0.5222776015707598,0.652555910543131,0,0.3562111178005218,1.0
28,18,lt,0.2,1.0,100,18,4,29,20.184,533.4113737373739,0.036263873013196835,0.7574949494949496,53.656471541421915,122.0,34.192,61.86,0.5338933097553787,0.6510235612205485,0,0.3745189386266964,1.0
29,18,lt,0.2,1.0,100,14,5,27,19.908,537.1244848484848,0.040866349857383355,0.8217777777777778,52.31141159598443,120.0,34.56,64.144,0.5351078113893057,0.6367017978921264,0,0.3685720139315714,1.0
30,18,lt,0.2,1.0,100,20,4,28,22.164,534.0729616161616,0.03345070184190519,0.7645656565656566,53.330740075802915,124.0,34.008,63.16,0.5371658167207541,0.6575721629102412,0,0.3562736884101336,1.0
31,18,lt,0.2,1.0,100,29,4,35,24.972,528.6043030303031,0.026835594641082806,0.6728484848484849,56.82577319587629,125.0,35.368,61.828,0.5129009265858874,0.6632183908045977,0,0.37608247422680413,1.0
32,18,lt,0.2,1.0,100,20,4,32,21.612,531.286585858586,0.03245739762368516,0.723111111111111,55.9390243902439,124.0,34.516,61.06,0.5272910808277453,0.660300136425648,0,0.37701529557668456,1.0
33,18,lt,0.2,1.0,100,13,4,26,19.348,534.9084121212121,0.03978572736584623,0.7842828282828284,55.14013497419611,121.0,33.416,61.2,0.5416666666666666,0.6449329359165424,0,0.38388249305279876,1.0
34,18,lt,0.2,1.0,100,18,4,25,19.516,535.8462181818182,0.039822228824601624,0.7946262626262626,50.87428458654036,121.0,33.724,63.512,0.5328261040081576,0.6546690661867627,0,0.3530688770475627,1.0
35,18,lt,0.2,1.0,100,19,4,30,20.988,532.6322707070708,0.03464313978131229,0.7427878787878788,56.226677252878126,124.0,33.748,61.456,0.5297870761925959,0.651678998292544,0,0.3836840015879317,1.0
36,18,lt,0.2,1.0,100,15,5,27,19.46,533.1193171717172,0.03863302015661341,0.7585050505050506,55.47249793217535,120.0,34.528,60.884,0.5302784631653155,0.650799623706491,0,0.38999172870140614,1.0
37,18,lt,0.2,1.0,100,20,4,28,21.024,533.1524727272728,0.0347069194955108,0.7528080808080808,52.24959016393443,122.0,35.144,63.38,0.5314598934609743,0.6574942672503649,0,0.3557377049180328,1.0
38,18,lt,0.2,1.0,100,21,4,32,23.74,533.0039191919193,0.030699816451628066,0.7488888888888889,55.982734105220395,125.0,34.448,63.016,0.526749623523817,0.6489862789268892,0,0.3759902498476539,1.0
39,18,lt,0.2,1.0,100,20,4,25,19.176,532.4019232323233,0.03671129289818782,0.7392727272727273,53.994418975483356,122.0,34.28,61.136,0.5304265540835639,0.6596351197263398,0,0.3697428742276261,1.0
0,18,ewma,0.2,1.0,100,17,4,32,21.408,534.5062020202021,0.0367106563489678,0.7814949494949495,52.4967307311274,121.0,34.424,62.508,0.49168421817125424,0.6731026572357102,0,0.3691301763423816,1.0
1,18,ewma,0.2,1.0,100,16,4,24,17.692,536.2259191919193,0.04583148348881389,0.808969696969697,49.65696177460883,117.0,34.732,63.376,0.4894921845785655,0.6749853772665236,0,0.35650623885918004,1.0
2,18,ewma,0.2,1.0,100,19,4,26,19.08,536.8197818181818,0.04276577610268429,0.8126464646464646,51.65348512083084,120.0,34.476,64.372,0.4874581939799331,0.6648998822143698,0,0.3638905532254843,1.0
3,18,ewma,0.2,1.0,100,18,4,27,20.62,535.6874303030304,0.03872457766543231,0.7966868686868686,50.29908766362554,120.0,34.116,63.44,0.49291190510632144,0.6797448782373405,0,0.3447044823482745,1.0
4,18,ewma,0.2,1.0,100,23,4,31,21.6,531.6766343434343,0.033971276077272565,0.7315959595959596,54.41254327020973,121.0,34.996,61.936,0.49228884404727585,0.6703747072599532,0,0.3769089798411729,1.0
5,18,ewma,0.2,1.0,100,14,4,25,19.66,537.0761777777777,0.04203782186781102,0.825090909090909,50.26194331983805,119.0,34.732,64.204,0.49353348729792146,0.6771008403361345,0,0.34554655870445344,1.0
6,18,ewma,0.2,1.0,100,18,4,26,19.384,535.8653373737375,0.04146651971045135,0.8001616161616162,51.58707469297362,119.0,34.496,63.892,0.48888391524917935,0.6660125588697017,0,0.3625931145560701,1.0
7,18,ewma,0.2,1.0,100,14,4,24,17.796,536.4713252525253,0.04618604728795647,0.8200808080808081,50.786052252622916,117.0,34.504,62.244,0.4948972555509585,0.670922256097561,0,0.36782555029829256,1.0
8,18,ewma,0.2,1.0,100,25,4,33,21.412,531.871305050505,0.034401573274997335,0.7316363636363636,52.88961303462322,122.0,35.32,62.48,0.4916282963583089,0.6726674409601239,0,0.3578411405295316,1.0
9,18,ewma,0.2,1.0,100,13,4,23,17.628,535.8764363636363,0.04589750358764807,0.8073131313131314,51.48477611940299,117.0,34.392,62.4,0.48926825812849756,0.6628274196544678,0,0.3787064676616915,1.0
10,18,ewma,0.2,1.0,100,18,4,27,19.26,535.3442747474749,0.04139279362582512,0.7942626262626263,52.00405268490375,119.0,34.788,63.196,0.4897853056979422,0.6705695574518754,0,0.36818642350557246,1.0
11,18,ewma,0.2,1.0,100,22,4,26,19.188,532.0247717171718,0.038812869778808136,0.7387474747474747,52.31252541683611,119.0,35.272,62.036,0.49272635159586015,0.6677599845649238,0,0.37759251728344856,1.0
12,18,ewma,0.2,1.0,100,13,4,28,19.16,535.625684848485,0.04204894446570576,0.8053737373737374,54.685334407735695,120.0,34.628,61.984,0.4896936326415361,0.6625421822272216,0,0.38497179693795325,1.0
13,18,ewma,0.2,1.0,100,23,4,30,20.228,532.2047151515152,0.03680964796463253,0.7416161616161616,53.1687552213868,120.0,35.576,62.732,0.49134874485888524,0.6658896658896659,0,0.3761487050960735,1.0
14,18,ewma,0.2,1.0,100,14,4,24,18.484,539.831486868687,0.04710733695859411,0.8700606060606061,49.531108930323846,119.0,34.752,65.452,0.4882376237623762,0.6676923076923077,0,0.34288518155053976,1.0
15,18,ewma,0.2,1.0,100,13,5,28,19.712,539.1056121212122,0.04347110198594002,0.8555151515151515,50.34444667603937,119.0,34.48,64.82,0.4931825224666873,0.674308137133416,0,0.3418357099819241,1.0
16,18,ewma,0.2,1.0,100,14,4,24,17.316,536.2179515151516,0.046898786627888794,0.8105454545454545,49.51096086867445,117.0,34.276,62.976,0.49295774647887325,0.6689106487148103,0,0.3632452366318377,1.0
17,18,ewma,0.2,1.0,100,20,4,29,20.608,534.0463393939394,0.03760797032238468,0.7726868686868688,51.6059860598606,120.0,35.232,63.508,0.49198153798012983,0.6627093491626034,0,0.36490364903649036,1.0
18,18,ewma,0.2,1.0,100,15,4,27,18.96,535.4853696969698,0.04224879968594813,0.7999191919191919,51.233434650455926,119.0,34.688,62.804,0.4911550468262227,0.6695407685098407,0,0.3639311043566363,1.0
19,18,ewma,0.2,1.0,100,17,5,30,21.816,536.3096808080808,0.03712603825343025,0.808969696969697,51.4696908871939,121.0,34.708,64.604,0.49140201394268007,0.6690082644628099,0,0.3458450421517463,1.0
20,18,ewma,0.2,1.0,100,21,4,28,20.792,532.4693414141415,0.03610234760999993,0.7481616161616161,52.73929803205518,120.0,35.396,62.444,0.49134279557107824,0.6686496133254015,0,0.37289511057009533,1.0
21,18,ewma,0.2,1.0,100,12,4,26,18.424,538.9557373737374,0.046937263164965826,0.8596767676767677,50.8680749302511,119.0,34.804,63.568,0.49090390240422344,0.667112554939805,0,0.356317257871662,1.0
22,18,ewma,0.2,1.0,100,17,4,27,19.296,535.064997979798,0.04101786680188133,0.7907474747474748,50.2261569416499,118.0,34.568,62.9,0.49493797233708825,0.6747702909647779,0,0.35392354124748493,1.0
23,18,ewma,0.2,1.0,100,14,4,24,17.8,536.4194060606061,0.04596680687160563,0.8167676767676768,49.58629130966952,118.0,35.448,63.668,0.4931023911710607,0.6726924712888133,0,0.3506731946144431,1.0
24,18,ewma,0.2,1.0,100,16,5,26,18.64,535.8547878787879,0.043167169151745566,0.802909090909091,51.82285368802902,118.0,34.504,63.072,0.4886881206600463,0.6665361268846681,0,0.3702136235388956,1.0
25,18,ewma,0.2,1.0,100,15,4,25,18.656,536.7390909090909,0.04397939451971725,0.819030303030303,50.5421252751651,119.0,34.684,63.816,0.491737975804072,0.6715440893338468,0,0.3590154092455473,1.0
26,18,ewma,0.2,1.0,100,18,4,26,19.568,535.7716767676768,0.04099912887512201,0.7995555555555555,51.05307262569833,119.0,34.656,64.096,0.48925944804485544,0.6690715777482438,0,0.35913806863527536,1.0
27,18,ewma,0.2,1.0,100,25,4,28,21.44,533.5434181818182,0.03560687065872644,0.7587878787878788,50.020870961268315,121.0,35.2,64.216,0.49536136465659136,0.6721949221949222,0,0.338751755970299,1.0
28,18,ewma,0.2,1.0,100,18,4,29,19.9,535.2483595959596,0.039915509322497295,0.7923636363636364,51.561474579704274,119.0,34.788,63.296,0.4922964585615188,0.6682492581602374,0,0.3611504962527851,1.0
29,18,ewma,0.2,1.0,100,14,5,27,20.152,538.2713131313131,0.04190512554643867,0.8439595959595959,48.09239909854538,120.0,35.256,65.328,0.49627906976744185,0.6802173913043478,0,0.3257529194837124,1.0
30,18,ewma,0.2,1.0,100,20,4,28,20.824,535.2445252525254,0.0380601313421671,0.791030303030303,50.60682226211849,120.0,35.28,64.496,0.48987730061349694,0.6697580645161291,0,0.3498902852583283,1.0
31,18,ewma,0.2,1.0,100,29,4,35,23.932,529.3824848484849,0.028993335758745336,0.6905050505050506,56.902474226804124,124.0,35.356,61.84,0.4922726301545474,0.6636590516413899,0,0.3872164948453608,1.0
32,18,ewma,0.2,1.0,100,20,4,32,20.956,532.8128121212122,0.03617156894181629,0.7531313131313132,54.66680446465482,121.0,34.976,61.996,0.4918740112181792,0.6672555948174322,0,0.3786688714344771,1.0
33,18,ewma,0.2,1.0,100,13,4,26,19.084,536.6411515151516,0.0430133092037694,0.8191111111111111,52.62782850337435,119.0,34.928,63.236,0.4910057534047047,0.6654014044410704,0,0.36701071853910283,1.0
34,18,ewma,0.2,1.0,100,18,4,25,20.028,537.3488363636365,0.04125929326909344,0.825090909090909,49.56660746003553,119.0,35.072,65.324,0.4893666744566488,0.6686342357012008,0,0.34083283994474045,1.0
35,18,ewma,0.2,1.0,100,19,4,30,20.488,533.8575474747475,0.037583530076006205,0.7684040404040404,52.68995633187773,121.0,34.564,62.52,0.4917431192660551,0.6751219512195122,0,0.3616514489876935,1.0
36,18,ewma,0.2,1.0,100,15,5,27,18.812,534.5304484848485,0.04178567223934988,0.7854141414141413,52.523159636062864,119.0,35.068,62.012,0.49292518912860744,0.6726646248085758,0,0.3709677419354839,1.0
37,18,ewma,0.2,1.0,100,20,4,28,20.772,534.7522505050505,0.03783986806809194,0.783070707070707,50.48155737704918,120.0,35.38,64.38,0.49343570057581576,0.675978835978836,0,0.34692622950819674,1.0
38,18,ewma,0.2,1.0,100,21,4,32,22.784,534.3613979797981,0.03418221014007421,0.7763232323232323,52.24903514117408,122.0,35.116,64.116,0.49216791979949875,0.6732882502113271,0,0.35445866341661586,1.0
39,18,ewma,0.2,1.0,100,20,4,25,18.508,534.6603474747476,0.04233293153164155,0.7813333333333333,51.705999601355394,119.0,35.14,63.156,0.4888081395348837,0.6717557251908397,0,0.36615507275264103,1.0
0,18,oracle,0.2,1.0,100,17,4,32,12.5,524.1577333333333,0.041580491727194045,0.5196767676767676,8.752724390727165,14.0,0.0,30.276,1.0,1.0,0,0.0,1.0
1,18,oracle,0.2,1.0,100,16,4,24,11.06,525.7506585858587,0.04914811103598983,0.5435959595959596,8.256288373935433,12.0,0.0,30.848,1.0,1.0,0,0.0,1.0
2,18,oracle,0.2,1.0,100,19,4,26,11.544,526.6773131313131,0.04850251241463363,0.5577777777777778,8.872778110645097,13.0,0.0,31.892,1.0,1.0,0,0.0,1.0
3,18,oracle,0.2,1.0,100,18,4,27,13.148,525.6898424242426,0.04133428601173699,0.5429494949494951,9.579333597778659,14.0,0.0,31.536,1.0,1.0,0,0.0,1.0
4,18,oracle,0.2,1.0,100,23,4,31,12.416,521.9670545454546,0.039287409744807246,0.48658585858585857,9.020158827122785,14.0,0.0,28.968,1.0,1.0,0,0.0,1.0
5,18,oracle,0.2,1.0,100,14,4,25,12.628,526.1764484848485,0.043559579589882616,0.5502222222222222,9.391093117408907,14.0,0.0,31.62,1.0,1.0,0,0.0,1.0
6,18,oracle,0.2,1.0,100,18,4,26,12.044,525.5206181818182,0.04491752237661329,0.5403636363636364,8.924501711294544,13.0,0.0,31.356,1.0,1.0,0,0.0,1.0
7,18,oracle,0.2,1.0,100,14,4,24,10.94,525.1329131313132,0.048750893326650904,0.534060606060606,8.039703764657478,12.0,0.0,29.936,1.0,1.0,0,0.0,1.0
8,18,oracle,0.2,1.0,100,25,4,33,11.624,522.6031717171717,0.04290980372040978,0.49616161616161625,8.625458248472505,13.0,0.0,29.26,1.0,1.0,0,0.0,1.0
9,18,oracle,0.2,1.0,100,13,4,23,11.168,525.1016969696971,0.047747828041767436,0.5337373737373736,8.279203980099503,12.0,0.0,30.312,1.0,1.0,0,0.0,1.0
10,18,oracle,0.2,1.0,100,18,4,27,11.896,525.0214181818183,0.04478352421659017,0.5326464646464647,8.73677811550152,13.0,0.0,30.588,1.0,1.0,0,0.0,1.0
11,18,oracle,0.2,1.0,100,22,4,26,10.984,522.0930747474747,0.04474658484052423,0.4884040404040404,7.829198861325742,13.0,0.0,28.816,1.0,1.0,0,0.0,1.0
12,18,oracle,0.2,1.0,100,13,4,28,11.692,524.5237575757576,0.04479067453309878,0.5248484848484849,9.284448025785657,13.0,0.0,29.544,1.0,1.0,0,0.0,1.0
13,18,oracle,0.2,1.0,100,23,4,30,11.632,522.1692646464647,0.04229698072443171,0.4896565656565657,8.301587301587302,13.0,0.0,29.132,1.0,1.0,0,0.0,1.0
14,18,oracle,0.2,1.0,100,14,4,24,12.46,529.0511070707072,0.04768737179503668,0.5936161616161617,9.93189401373896,14.0,0.0,33.26,1.0,1.0,0,0.0,1.0
15,18,oracle,0.2,1.0,100,13,5,28,12.216,528.2022585858587,0.047620051721566865,0.5806868686868686,9.453705563366137,14.0,0.0,32.468,1.0,1.0,0,0.0,1.0
16,18,oracle,0.2,1.0,100,14,4,24,11.148,525.7190626262627,0.04880682549773459,0.5431919191919191,8.046916615447655,12.0,0.0,31.024,1.0,1.0,0,0.0,1.0
17,18,oracle,0.2,1.0,100,20,4,29,12.556,523.977701010101,0.04124408894573544,0.5170909090909092,8.707052070520705,14.0,0.0,30.524,1.0,1.0,0,0.0,1.0
18,18,oracle,0.2,1.0,100,15,4,27,11.564,524.3718626262627,0.04519586788071636,0.5227474747474747,8.433434650455927,13.0,0.0,29.968,1.0,1.0,0,0.0,1.0
19,18,oracle,0.2,1.0,100,17,5,30,13.524,526.0110666666667,0.040692135948994006,0.547959595959596,9.810317141710156,15.0,0.0,32.148,1.0,1.0,0,0.0,1.0
20,18,oracle,0.2,1.0,100,21,4,28,12.196,522.5171838383839,0.04074591212576952,0.49490909090909085,8.468249137756137,13.0,0.0,29.332,1.0,1.0,0,0.0,1.0
21,18,oracle,0.2,1.0,100,12,4,26,11.44,527.2624929292931,0.04938524460948703,0.5661010101010102,9.21582303706656,13.0,0.0,30.868,1.0,1.0,0,0.0,1.0
22,18,oracle,0.2,1.0,100,17,4,27,12.164,524.3426666666668,0.04291232747908327,0.5224242424242423,8.684708249496982,13.0,0.0,30.264,1.0,1.0,0,0.0,1.0
23,18,oracle,0.2,1.0,100,14,4,24,11.176,525.3968282828283,0.04813489383792414,0.5381818181818182,8.709506323949409,13.0,0.0,30.452,1.0,1.0,0,0.0,1.0
24,18,oracle,0.2,1.0,100,16,5,26,11.656,525.5014707070708,0.04638238041419859,0.5398787878787878,8.693873438129787,13.0,0.0,30.824,1.0,1.0,0,0.0,1.0
25,18,oracle,0.2,1.0,100,15,4,25,11.92,526.0503757575758,0.04592460887300459,0.5482424242424242,8.80588353011807,13.0,0.0,31.344,1.0,1.0,0,0.0,1.0
26,18,oracle,0.2,1.0,100,18,4,26,12.092,525.3924888888889,0.04457764653976775,0.5385050505050506,8.805067837190743,14.0,0.0,31.484,1.0,1.0,0,0.0,1.0
27,18,oracle,0.2,1.0,100,25,4,28,12.612,524.1486828282829,0.041427605542935314,0.5198787878787879,8.809953843066426,14.0,0.0,31.172,1.0,1.0,0,0.0,1.0
28,18,oracle,0.2,1.0,100,18,4,29,11.852,524.7922464646465,0.04466867069023932,0.5292121212121212,8.663155762608872,13.0,0.0,30.524,1.0,1.0,0,0.0,1.0
29,18,oracle,0.2,1.0,100,14,5,27,12.492,527.0884888888888,0.04514965260196989,0.5639595959595959,9.362425732431879,14.0,0.0,32.06,1.0,1.0,0,0.0,1.0
30,18,oracle,0.2,1.0,100,20,4,28,12.964,525.1116282828283,0.041160306650502736,0.5343030303030304,9.215639337721923,14.0,0.0,31.424,1.0,1.0,0,0.0,1.0
31,18,oracle,0.2,1.0,100,29,4,35,13.152,520.2623030303031,0.03531867456762382,0.46101010101010104,9.257525773195876,15.0,0.0,28.416,1.0,1.0,0,0.0,1.0
32,18,oracle,0.2,1.0,100,20,4,32,11.92,522.7146060606061,0.04211528528908208,0.4977777777777778,8.942124844977263,14.0,0.0,29.148,1.0,1.0,0,0.0,1.0
33,18,oracle,0.2,1.0,100,13,4,26,11.532,525.6628121212123,0.047049659711780926,0.5421414141414143,9.118300913060738,13.0,0.0,30.456,1.0,1.0,0,0.0,1.0
34,18,oracle,0.2,1.0,100,18,4,25,12.856,527.2604808080808,0.0441276813138667,0.5667474747474748,9.377540951253208,14.0,0.0,32.668,1.0,1.0,0,0.0,1.0
35,18,oracle,0.2,1.0,100,19,4,30,12.064,524.0172525252525,0.04311180474725367,0.5175757575757575,8.991266375545852,14.0,0.0,30.248,1.0,1.0,0,0.0,1.0
36,18,oracle,0.2,1.0,100,15,5,27,10.82,523.095595959596,0.04672206973722125,0.5032323232323233,8.476426799007443,12.0,0.0,28.576,1.0,1.0,0,0.0,1.0
37,18,oracle,0.2,1.0,100,20,4,28,12.652,524.7956727272729,0.04198514725849842,0.5295757575757575,9.0375,14.0,0.0,31.356,1.0,1.0,0,0.0,1.0
38,18,oracle,0.2,1.0,100,21,4,32,13.724,524.6833292929293,0.03849446631469804,0.527959595959596,9.400162502539102,15.0,0.0,31.504,1.0,1.0,0,0.0,1.0
39,18,oracle,0.2,1.0,100,20,4,25,11.14,524.4839797979798,0.04722021412930504,0.5244444444444445,8.679888379509666,13.0,0.0,30.044,1.0,1.0,0,0.0,1.0
0,18,csma,0.2,1.0,100,17,4,32,32.0,2114.6802343434347,1.0,32.0,13.98170449282075,26.0,nan,nan,nan,nan,0,0.0,0.8848360655737705
1,18,csma,0.2,1.0,100,16,4,24,24.0,1751.6734262626267,1.0,24.0,19.044032723772858,104.0,nan,nan,nan,nan,0,0.0,0.8504194802537344
2,18,csma,0.2,1.0,100,19,4,26,26.0,1838.491652525253,1.0,26.0,16.54430981230696,25.0,nan,nan,nan,nan,0,0.0,0.8678350515463917
3,18,csma,0.2,1.0,100,18,4,27,27.0,1903.0306949494955,1.0,27.0,17.510098743267505,27.0,nan,nan,nan,nan,0,0.0,0.8869426751592356
4,18,csma,0.2,1.0,100,23,4,31,31.0,2070.675377777778,1.0,31.0,14.711636532220677,27.0,nan,nan,nan,nan,0,0.0,0.8701089148850343
5,18,csma,0.2,1.0,100,14,4,25,25.0,1806.1021939393943,1.0,25.0,19.77787892580792,104.0,nan,nan,nan,nan,0,0.0,0.8713067618481063
6,18,csma,0.2,1.0,100,18,4,26,26.0,1842.675268686869,1.0,26.0,18.344994246260068,101.0,nan,nan,nan,nan,0,0.0,0.8744214127591065
7,18,csma,0.2,1.0,100,14,4,24,24.0,1745.5411272727279,1.0,24.0,17.455681555195557,101.0,nan,nan,nan,nan,0,0.0,0.878966639544345
8,18,csma,0.2,1.0,100,25,4,33,33.0,2159.207107070708,1.0,33.0,14.692618353152344,27.0,nan,nan,nan,nan,0,0.0,0.8980455369736047
9,18,csma,0.2,1.0,100,13,4,23,23.0,1706.3773696969702,1.0,23.0,18.786516853932586,103.0,nan,nan,nan,nan,0,0.0,0.8105325678083548
10,18,csma,0.2,1.0,100,18,4,27,27.0,1887.994941414142,1.0,27.0,15.213645761543763,26.0,nan,nan,nan,nan,0,0.0,0.8840373679935012
11,18,csma,0.2,1.0,100,22,4,26,26.0,1833.2072080808084,1.0,26.0,15.415781083953242,25.0,nan,nan,nan,nan,0,0.0,0.7651961780849766
12,18,csma,0.2,1.0,100,13,4,28,28.0,1942.588553535354,1.0,28.0,14.97177594442032,26.0,nan,nan,nan,nan,0,0.0,0.9200958849380743
13,18,csma,0.2,1.0,100,23,4,30,30.0,2014.7746222222227,1.0,30.0,15.510204081632653,27.0,nan,nan,nan,nan,0,0.0,0.7970719804798698
14,18,csma,0.2,1.0,100,14,4,24,24.0,1760.3840282828287,1.0,24.0,22.579523080288777,110.0,nan,nan,nan,nan,0,0.0,0.8971540726202158
15,18,csma,0.2,1.0,100,13,5,28,28.0,1925.8266909090914,1.0,28.0,15.19351279788173,26.0,nan,nan,nan,nan,0,0.0,0.9273582975240434
16,18,csma,0.2,1.0,100,14,4,24,24.0,1737.6789373737379,1.0,24.0,17.61414714927845,77.899999999986,nan,nan,nan,nan,0,0.0,0.8596705308114704
17,18,csma,0.2,1.0,100,20,4,29,29.0,1998.6660848484853,1.0,29.0,17.52511526328561,28.0,nan,nan,nan,nan,0,0.0,0.8323570995758433
18,18,csma,0.2,1.0,100,15,4,27,27.0,1892.7598505050507,1.0,27.0,16.465882895343476,26.0,nan,nan,nan,nan,0,0.0,0.8684684684684685
19,18,csma,0.2,1.0,100,17,5,30,30.0,2033.1609292929297,1.0,30.0,15.737020316027088,28.0,nan,nan,nan,nan,0,0.0,0.8875976758164696
20,18,csma,0.2,1.0,100,21,4,28,28.0,1946.2588040404046,1.0,28.0,16.005603667855322,27.0,nan,nan,nan,nan,0,0.0,0.8025347506132461
21,18,csma,0.2,1.0,100,12,4,26,26.0,1843.3811555555558,1.0,26.0,16.34113785557987,26.0,nan,nan,nan,nan,0,0.0,0.9236054971705739
22,18,csma,0.2,1.0,100,17,4,27,27.0,1900.6342020202023,1.0,27.0,16.99929478138223,26.0,nan,nan,nan,nan,0,0.0,0.856797583081571
23,18,csma,0.2,1.0,100,14,4,24,24.0,1754.0366868686874,1.0,24.0,18.385913426265592,102.0,nan,nan,nan,nan,0,0.0,0.8392857142857143
24,18,csma,0.2,1.0,100,16,5,26,26.0,1848.1431919191923,1.0,26.0,17.107593535532434,26.0,nan,nan,nan,nan,0,0.0,0.8983691328560064
25,18,csma,0.2,1.0,100,15,4,25,25.0,1795.6955151515156,1.0,25.0,17.935348837209304,25.0,nan,nan,nan,nan,0,0.0,0.8631071858691288
26,18,csma,0.2,1.0,100,18,4,26,26.0,1837.2108202020204,1.0,26.0,18.13300370828183,26.0,nan,nan,nan,nan,0,0.0,0.8261846405228758
27,18,csma,0.2,1.0,100,25,4,28,28.0,1945.3922141414146,1.0,28.0,17.491305476252272,27.0,nan,nan,nan,nan,0,0.0,0.7768145161290323
28,18,csma,0.2,1.0,100,18,4,29,29.0,1990.0359555555558,1.0,29.0,15.573935423490875,27.0,nan,nan,nan,nan,0,0.0,0.8776180698151951
29,18,csma,0.2,1.0,100,14,5,27,27.0,1897.585781818182,1.0,27.0,17.111941989576252,26.0,nan,nan,nan,nan,0,0.0,0.8991442542787286
30,18,csma,0.2,1.0,100,20,4,28,28.0,1945.737135353536,1.0,28.0,16.99618138424821,27.0,nan,nan,nan,nan,0,0.0,0.8492095662748277
31,18,csma,0.2,1.0,100,29,4,35,35.0,2258.538230303031,1.0,35.0,14.984259480085857,28.0,nan,nan,nan,nan,0,0.0,0.8666804464654816
32,18,csma,0.2,1.0,100,20,4,32,32.0,2112.089898989899,1.0,32.0,14.277214022140221,27.0,nan,nan,nan,nan,0,0.0,0.8859828361258684
33,18,csma,0.2,1.0,100,13,4,26,26.0,1841.262355555556,1.0,26.0,16.6337709370756,26.0,nan,nan,nan,nan,0,0.0,0.8959643074427094
34,18,csma,0.2,1.0,100,18,4,25,25.0,1815.2446626262629,1.0,25.0,21.340198863636363,107.0,nan,nan,nan,nan,0,0.0,0.8543689320388349
35,18,csma,0.2,1.0,100,19,4,30,30.0,2030.0592929292934,1.0,30.0,15.670032124827904,27.0,nan,nan,nan,nan,0,0.0,0.8657131505760827
36,18,csma,0.2,1.0,100,15,5,27,27.0,1883.4956000000004,1.0,27.0,14.957255083179298,25.0,nan,nan,nan,nan,0,0.0,0.8798536287863387
37,18,csma,0.2,1.0,100,20,4,28,28.0,1930.046056565657,1.0,28.0,16.171839515518545,27.0,nan,nan,nan,nan,0,0.0,0.828732747804266
38,18,csma,0.2,1.0,100,21,4,32,32.0,2140.3348323232326,1.0,32.0,16.477212442729684,29.0,nan,nan,nan,nan,0,0.0,0.8239618517782634
39,18,csma,0.2,1.0,100,20,4,25,25.0,1802.7201010101014,1.0,25.0,18.649368541905854,103.0,nan,nan,nan,nan,0,0.0,0.8780241935483871
0,20,rand_st_A,0.2,1.0,100,20,4,30,33.0,548.8890505050505,0.03327089072543618,1.097939393939394,78.0017881978939,124.0,69.304,99.0,0.0,1.0,0,0.0,1.0
1,20,rand_st_A,0.2,1.0,100,24,4,33,34.0,546.2848363636364,0.03095306001188354,1.0524040404040407,64.24028548770816,133.0,69.812,99.0,0.0,1.0,0,0.0,1.0
2,20,rand_st_A,0.2,1.0,100,19,4,30,29.0,548.7621414141415,0.03807175200278649,1.104080808080808,69.48979183346677,209.0,69.696,99.0,0.0,1.0,0,0.0,1.0
3,20,rand_st_A,0.2,1.0,100,24,4,33,33.0,546.950298989899,0.03211386593204775,1.0597575757575757,61.46648155493852,123.0,69.084,99.0,0.0,1.0,0,0.0,1.0
4,20,rand_st_A,0.2,1.0,100,18,4,28,29.0,549.8414666666666,0.038549634273772206,1.117939393939394,67.40207654723127,123.0,69.324,99.0,0.0,1.0,0,0.0,1.0
5,20,rand_st_A,0.2,1.0,100,20,4,31,28.0,548.0124888888888,0.03897113997113997,1.0911919191919193,48.166430164200285,123.0,69.972,99.0,0.0,1.0,0,0.0,1.0
6,20,rand_st_A,0.2,1.0,100,14,4,26,28.0,552.7783232323234,0.04187445887445887,1.1724848484848485,69.56829170024174,125.0,67.924,99.0,0.0,1.0,0,0.0,1.0
7,20,rand_st_A,0.2,1.0,100,22,4,28,32.0,547.5610424242425,0.033601010101010104,1.0752323232323233,60.04078269824923,128.0,69.552,99.0,0.0,1.0,0,0.0,1.0
8,20,rand_st_A,0.2,1.0,100,18,4,29,33.0,548.2469414141415,0.03344475053565962,1.1036767676767676,75.14914425427872,124.0,70.736,99.0,0.0,1.0,0,0.0,1.0
9,20,rand_st_A,0.2,1.0,100,22,4,31,31.0,547.8512525252526,0.034837406321277284,1.0799595959595958,58.832336523125996,127.0,69.084,99.0,0.0,1.0,0,0.0,1.0
10,20,rand_st_A,0.2,1.0,100,23,3,34,35.0,546.2198222222223,0.030182972582972586,1.0564040404040405,63.32436804853387,118.0,70.416,99.0,0.0,1.0,0,0.0,1.0
11,20,rand_st_A,0.2,1.0,100,15,4,28,29.0,550.6756484848485,0.03935771508185301,1.1413737373737372,72.83390862944162,124.0,70.004,99.0,0.0,1.0,0,0.0,1.0
12,20,rand_st_A,0.2,1.0,100,15,3,29,34.0,551.084092929293,0.033752822341057635,1.1475959595959597,68.45732074713798,125.0,69.388,99.0,0.0,1.0,0,0.0,1.0
13,20,rand_st_A,0.2,1.0,100,23,4,32,33.0,545.949785858586,0.03186287113559841,1.0514747474747477,53.78480484241286,118.0,70.904,99.0,0.0,1.0,0,0.0,1.0
14,20,rand_st_A,0.2,1.0,100,17,4,28,30.0,550.4488767676768,0.03792996632996633,1.1378989898989897,56.7895253040408,127.0,70.348,99.0,0.0,1.0,0,0.0,1.0
15,20,rand_st_A,0.2,1.0,100,27,3,35,35.0,544.5769171717171,0.029075901875901877,1.0176565656565657,54.03633808472194,116.0,70.252,99.0,0.0,1.0,0,0.0,1.0
16,20,rand_st_A,0.2,1.0,100,25,4,33,34.0,546.454298989899,0.030919786096256684,1.0512727272727276,56.476758535582064,117.0,68.924,99.0,0.0,1.0,0,0.0,1.0
17,20,rand_st_A,0.2,1.0,100,15,4,28,27.0,550.8862747474748,0.04236288814066592,1.1437979797979796,76.62887020709452,204.0,69.764,99.0,0.0,1.0,0,0.0,1.0
18,20,rand_st_A,0.2,1.0,100,25,4,33,31.0,545.5521212121213,0.03346757901596611,1.0374949494949497,63.25410334346505,124.0,70.288,99.0,0.0,1.0,0,0.0,1.0
19,20,rand_st_A,0.2,1.0,100,20,4,30,29.0,549.5459797979798,0.03823615464994775,1.1088484848484848,72.12341453593719,129.0,68.224,99.0,0.0,1.0,0,0.0,1.0
20,20,rand_st_A,0.2,1.0,100,20,4,32,34.0,548.4199717171718,0.03222222222222223,1.0955555555555556,51.5583046035287,124.0,69.54,99.0,0.0,1.0,0,0.0,1.0
21,20,rand_st_A,0.2,1.0,100,23,4,31,33.0,546.6182666666667,0.032160391796755436,1.0612929292929294,44.588047171696985,117.0,69.932,99.0,0.0,1.0,0,0.0,1.0
22,20,rand_st_A,0.2,1.0,100,19,4,28,30.0,548.1865737373737,0.03654545454545454,1.0963636363636362,60.24010448061081,128.0,70.46,99.0,0.0,1.0,0,0.0,1.0
23,20,rand_st_A,0.2,1.0,100,20,4,32,29.0,548.9760242424244,0.038052246603970746,1.1035151515151516,58.423272875484,123.0,68.752,99.0,0.0,1.0,0,0.0,1.0
24,20,rand_st_A,0.2,1.0,100,18,4,26,30.0,549.3842787878788,0.03715151515151515,1.1145454545454545,70.47589267702239,130.0,69.66,99.0,0.0,1.0,0,0.0,1.0
25,20,rand_st_A,0.2,1.0,100,20,4,29,33.0,548.8448363636364,0.03335047444138353,1.1005656565656563,62.053450339050656,123.0,69.044,99.0,0.0,1.0,0,0.0,1.0
26,20,rand_st_A,0.2,1.0,100,19,4,28,30.0,548.7979353535354,0.036725925925925926,1.1017777777777777,70.36122204472844,130.0,69.924,99.0,0.0,1.0,0,0.0,1.0
27,20,rand_st_A,0.2,0.98,98,35,4,43,39.0,539.2772412371135,0.02351255617234999,0.9169896907216496,39.98102428075903,127.0,70.052,97.0,0.0,1.0,0,0.0,1.0
28,20,rand_st_A,0.2,1.0,100,25,4,33,33.0,547.1877090909092,0.03210774410774411,1.0595555555555556,66.56372847011144,124.0,68.104,99.0,0.0,1.0,0,0.0,1.0
29,20,rand_st_A,0.2,1.0,100,15,4,28,29.0,552.1328888888888,0.03990247300592128,1.1571717171717173,84.01453131395824,202.0,68.44,99.0,0.0,1.0,0,0.0,1.0
30,20,rand_st_A,0.2,1.0,100,21,3,31,30.0,548.9965575757576,0.03661952861952862,1.0985858585858586,41.05591054313099,117.0,68.24,99.0,0.0,1.0,0,0.0,1.0
31,20,rand_st_A,0.2,1.0,100,22,4,30,29.0,547.6595595959598,0.03709508881922675,1.0757575757575757,69.23121268272597,204.0,69.5,99.0,0.0,1.0,0,0.0,1.0
32,20,rand_st_A,0.2,1.0,100,17,4,28,30.0,549.2370464646465,0.0372026936026936,1.116080808080808,81.31914014055394,203.0,70.508,99.0,0.0,1.0,0,0.0,1.0
33,20,rand_st_A,0.2,1.0,100,22,4,28,31.0,547.5776000000001,0.034609318996415776,1.072888888888889,50.86281516775858,123.0,69.784,99.0,0.0,1.0,0,0.0,1.0
34,20,rand_st_A,0.2,1.0,100,19,4,30,33.0,550.0363717171717,0.03384634220997857,1.1169292929292929,71.24386867088607,119.0,68.424,99.0,0.0,1.0,0,0.0,1.0
35,20,rand_st_A,0.2,1.0,100,20,4,31,32.0,548.4203878787879,0.03419191919191919,1.094141414141414,68.51711783439491,123.0,69.68,99.0,0.0,1.0,0,0.0,1.0
36,20,rand_st_A,0.2,1.0,100,19,4,31,29.0,548.898593939394,0.03811633577150819,1.1053737373737373,63.63248919085856,116.0,69.568,99.0,0.0,1.0,0,0.0,1.0
37,20,rand_st_A,0.2,1.0,100,22,3,32,31.0,546.7220727272728,0.03442554578038448,1.0671919191919192,68.27620221948212,202.0,70.348,99.0,0.0,1.0,0,0.0,1.0
38,20,rand_st_A,0.2,1.0,100,28,4,36,35.0,542.6976808080809,0.028273593073593076,0.9895757575757576,55.56385148918809,119.0,72.032,99.0,0.0,1.0,0,0.0,1.0
39,20,rand_st_A,0.2,1.0,100,29,4,38,38.0,543.5937090909092,0.026229665071770335,0.9967272727272728,63.400119736579526,128.0,70.324,99.0,0.0,1.0,0,0.0,1.0
0,20,rand_st,0.2,1.0,100,20,4,30,27.0,548.9115797979798,0.04067340067340068,1.0981818181818181,72.93264454599642,119.0,69.28,99.0,0.0,1.0,0,0.0,1.0
1,20,rand_st,0.2,1.0,100,24,4,33,29.0,546.3308727272728,0.03630651340996168,1.0528888888888892,57.18437747819191,128.0,69.764,99.0,0.0,1.0,0,0.0,1.0
2,20,rand_st,0.2,1.0,100,19,4,30,23.0,548.7471151515152,0.04799472990777339,1.103878787878788,61.39911929543635,205.0,69.716,99.0,0.0,1.0,0,0.0,1.0
3,20,rand_st,0.2,1.0,100,24,4,33,29.0,546.8817131313132,0.03651410658307211,1.058909090909091,56.34668782229274,118.0,69.168,99.0,0.0,1.0,0,0.0,1.0
4,20,rand_st,0.2,1.0,100,18,4,28,25.0,549.8218707070707,0.04470787878787879,1.1176969696969699,57.83428338762215,122.0,69.348,99.0,0.0,1.0,0,0.0,1.0
5,20,rand_st,0.2,1.0,100,20,4,31,24.0,548.0249010101011,0.04547306397306397,1.0913535353535353,45.10561524427326,121.0,69.956,99.0,0.0,1.0,0,0.0,1.0
6,20,rand_st,0.2,1.0,100,14,4,26,21.0,552.7956242424243,0.05584030784030784,1.1726464646464647,61.255640612409344,117.0,67.908,99.0,0.0,1.0,0,0.0,1.0
7,20,rand_st,0.2,1.0,100,22,4,28,26.0,547.5652929292929,0.04135819735819736,1.0753131313131312,53.19196704428424,124.0,69.544,99.0,0.0,1.0,0,0.0,1.0
8,20,rand_st,0.2,1.0,100,18,4,29,27.0,548.3426464646466,0.040923307145529365,1.1049292929292929,65.79910350448247,112.0,70.612,99.0,0.0,1.0,0,0.0,1.0
9,20,rand_st,0.2,1.0,100,22,4,31,27.0,547.9021979797981,0.04002095024317247,1.0805656565656565,51.79405901116427,123.0,69.024,99.0,0.0,1.0,0,0.0,1.0
10,20,rand_st,0.2,1.0,100,23,3,34,32.0,546.2044565656568,0.033003787878787876,1.056121212121212,61.94519716885743,115.0,70.444,99.0,0.0,1.0,0,0.0,1.0
11,20,rand_st,0.2,1.0,100,15,4,28,26.0,550.7069979797981,0.04391297591297591,1.1417373737373737,69.09888324873097,119.0,69.968,99.0,0.0,1.0,0,0.0,1.0
12,20,rand_st,0.2,1.0,100,15,3,29,28.0,551.0667919191919,0.04097979797979798,1.1474343434343437,64.74512954408516,119.0,69.404,99.0,0.0,1.0,0,0.0,1.0
13,20,rand_st,0.2,1.0,100,23,4,32,27.0,545.9452161616161,0.038942012719790496,1.0514343434343436,48.34731788770612,118.0,70.908,99.0,0.0,1.0,0,0.0,1.0
14,20,rand_st,0.2,1.0,100,17,4,28,25.0,550.4446262626263,0.045512727272727274,1.1378181818181818,50.4609650843468,124.0,70.356,99.0,0.0,1.0,0,0.0,1.0
15,20,rand_st,0.2,1.0,100,27,3,35,30.0,544.5540484848486,0.033911111111111114,1.0173333333333332,49.751054005219835,115.0,70.284,99.0,0.0,1.0,0,0.0,1.0
16,20,rand_st,0.2,1.0,100,25,4,33,29.0,546.4722787878788,0.03626192964123999,1.0515959595959596,49.49753187988482,115.0,68.892,99.0,0.0,1.0,0,0.0,1.0
17,20,rand_st,0.2,1.0,100,15,4,28,24.0,550.9986424242426,0.04772053872053871,1.1452929292929293,68.79987697354932,203.0,69.616,99.0,0.0,1.0,0,0.0,1.0
18,20,rand_st,0.2,1.0,100,25,4,33,27.0,545.6501212121213,0.038475121586232695,1.0388282828282829,54.23606889564336,124.0,70.156,99.0,0.0,1.0,0,0.0,1.0
19,20,rand_st,0.2,1.0,100,20,4,30,24.0,549.6805373737375,0.04627104377104377,1.1105050505050507,71.69518824239984,207.0,68.06,99.0,0.0,1.0,0,0.0,1.0
20,20,rand_st,0.2,1.0,100,20,4,32,28.0,548.4719151515153,0.03915295815295815,1.096282828282828,51.89697830054756,120.0,69.468,99.0,0.0,1.0,0,0.0,1.0
21,20,rand_st,0.2,1.0,100,23,4,31,26.0,546.695692929293,0.040860916860916856,1.0623838383838384,36.451928842694386,113.0,69.824,99.0,0.0,1.0,0,0.0,1.0
22,20,rand_st,0.2,1.0,100,19,4,28,24.0,548.1310585858587,0.045654882154882157,1.0957171717171716,40.65260196905766,123.0,70.524,99.0,0.0,1.0,0,0.0,1.0
23,20,rand_st,0.2,1.0,100,20,4,32,24.0,548.922804040404,0.04595622895622895,1.1029494949494951,62.673120032606484,118.0,68.808,99.0,0.0,1.0,0,0.0,1.0
24,20,rand_st,0.2,1.0,100,18,4,26,23.0,549.331696969697,0.048430390865173464,1.11389898989899,63.3964091184184,118.0,69.724,99.0,0.0,1.0,0,0.0,1.0
25,20,rand_st,0.2,1.0,100,20,4,29,26.0,548.8725939393939,0.04234188034188034,1.1008888888888888,60.697646589549265,119.0,69.012,99.0,0.0,1.0,0,0.0,1.0
26,20,rand_st,0.2,1.0,100,19,4,28,26.0,548.8658626262627,0.042407148407148404,1.1025858585858586,61.385782747603834,118.0,69.844,99.0,0.0,1.0,0,0.0,1.0
27,20,rand_st,0.2,0.98,98,35,4,43,35.0,539.2755711340208,0.026198527245949926,0.9169484536082475,30.72066925117323,111.0,70.056,97.0,0.0,1.0,0,0.0,1.0
28,20,rand_st,0.2,1.0,100,25,4,33,30.0,547.1736606060606,0.03531178451178451,1.0593535353535353,52.98095238095238,129.0,68.124,99.0,0.0,1.0,0,0.0,1.0
29,20,rand_st,0.2,1.0,100,15,4,28,23.0,552.1724000000002,0.050331137461572244,1.1576161616161618,86.34281620957839,203.0,68.396,99.0,0.0,1.0,0,0.0,1.0
30,20,rand_st,0.2,1.0,100,21,3,31,27.0,548.9851232323233,0.04068237934904602,1.0984242424242425,41.16393769968051,117.0,68.256,99.0,0.0,1.0,0,0.0,1.0
31,20,rand_st,0.2,1.0,100,22,4,30,25.0,547.6726303030304,0.043038383838383834,1.0759595959595958,64.10665019559399,205.0,69.48,99.0,0.0,1.0,0,0.0,1.0
32,20,rand_st,0.2,1.0,100,17,4,28,24.0,549.2066747474747,0.04648821548821549,1.1157171717171719,76.54009921455146,201.0,70.544,99.0,0.0,1.0,0,0.0,1.0
33,20,rand_st,0.2,1.0,100,22,4,28,28.0,547.6020848484849,0.038326118326118326,1.0731313131313132,45.8679769704189,121.0,69.76,99.0,0.0,1.0,0,0.0,1.0
34,20,rand_st,0.2,1.0,100,19,4,30,27.0,550.0210262626263,0.04136176580621025,1.1167676767676769,68.88251582278481,116.0,68.44,99.0,0.0,1.0,0,0.0,1.0
35,20,rand_st,0.2,1.0,100,20,4,31,27.0,548.3861050505052,0.04051028806584363,1.0937777777777777,63.31170382165605,121.0,69.716,99.0,0.0,1.0,0,0.0,1.0
36,20,rand_st,0.2,1.0,100,19,4,31,25.0,548.8871595959596,0.04420848484848485,1.1052121212121215,61.81614165122504,114.0,69.584,99.0,0.0,1.0,0,0.0,1.0
37,20,rand_st,0.2,1.0,100,22,3,32,25.0,546.6593737373737,0.04265858585858586,1.0664646464646463,55.99362926428278,202.0,70.42,99.0,0.0,1.0,0,0.0,1.0
38,20,rand_st,0.2,1.0,100,28,4,36,29.0,542.6787434343435,0.03411633577150819,0.9893737373737373,56.47756017951856,118.0,72.052,99.0,0.0,1.0,0,0.0,1.0
39,20,rand_st,0.2,1.0,100,29,4,38,30.0,543.6214868686869,0.033239057239057235,0.997171717171717,56.49630812213131,123.0,70.28,99.0,0.0,1.0,0,0.0,1.0
0,20,rand_dt,0.2,1.0,100,20,4,30,26.796,548.0102262626262,0.040626642266489016,1.0873939393939396,67.47228381374723,209.0,70.348,99.0,0.0,1.0,0,0.0,1.0
1,20,rand_dt,0.2,1.0,100,24,4,33,26.864,545.2696363636364,0.03875119063425577,1.0390707070707073,57.60944817756058,128.0,71.132,99.0,0.0,1.0,0,0.0,1.0
2,20,rand_dt,0.2,1.0,100,19,4,30,24.1,547.7311757575758,0.045294909431237936,1.090020202020202,61.62554157210646,201.0,71.088,99.0,0.0,1.0,0,0.0,1.0
3,20,rand_dt,0.2,1.0,100,24,4,33,28.512,545.8489939393941,0.036705845466690847,1.046060606060606,57.451482751664315,128.0,70.44,99.0,0.0,1.0,0,0.0,1.0
4,20,rand_dt,0.2,1.0,100,18,4,28,25.852,549.1934222222222,0.042969591263001226,1.1094949494949498,69.82139253279516,210.0,70.16,99.0,0.0,1.0,0,0.0,1.0
5,20,rand_dt,0.2,1.0,100,20,4,31,23.924,548.8054828282828,0.046021722523479226,1.0991111111111111,60.699479869004044,201.0,69.188,99.0,0.0,1.0,0,0.0,1.0
6,20,rand_dt,0.2,1.0,100,14,4,26,21.864,552.4355515151515,0.053453287628781695,1.1672323232323234,71.79706407458838,210.0,68.444,99.0,0.0,1.0,0,0.0,1.0
7,20,rand_dt,0.2,1.0,100,22,4,28,24.62,546.8237575757576,0.04332551385534894,1.0652121212121215,60.93630179344465,204.0,70.544,99.0,0.0,1.0,0,0.0,1.0
8,20,rand_dt,0.2,1.0,100,18,4,29,27.224,548.1654424242424,0.0405039649721642,1.1016161616161617,56.732687260246315,126.0,70.94,99.0,0.0,1.0,0,0.0,1.0
9,20,rand_dt,0.2,1.0,100,22,4,31,27.364,547.2510585858587,0.039178091445351365,1.071151515151515,58.60845405834491,127.0,69.956,99.0,0.0,1.0,0,0.0,1.0
10,20,rand_dt,0.2,1.0,100,23,3,34,32.416,545.8108202020202,0.03242490939442811,1.0507474747474748,56.898179635927185,130.0,70.976,99.0,0.0,1.0,0,0.0,1.0
11,20,rand_dt,0.2,1.0,100,15,4,28,26.128,550.2006343434344,0.04347230007398589,1.1346666666666665,69.44374747065966,206.0,70.668,99.0,0.0,1.0,0,0.0,1.0
12,20,rand_dt,0.2,1.0,100,15,3,29,25.8,550.1036363636364,0.04406053263608819,1.1354343434343437,64.92390422077922,201.0,70.592,99.0,0.0,1.0,0,0.0,1.0
13,20,rand_dt,0.2,1.0,100,23,4,32,28.54,545.5423595959596,0.03667924048353538,1.0454949494949497,54.98945627455034,127.0,71.496,99.0,0.0,1.0,0,0.0,1.0
14,20,rand_dt,0.2,1.0,100,17,4,28,25.436,549.8530545454547,0.04444517655184322,1.12989898989899,70.90344964314036,207.0,71.14,99.0,0.0,1.0,0,0.0,1.0
15,20,rand_dt,0.2,1.0,100,27,3,35,30.68,543.8510060606061,0.032861465090790604,1.0074343434343433,56.714663951120166,130.0,71.264,99.0,0.0,1.0,0,0.0,1.0
16,20,rand_dt,0.2,1.0,100,25,4,33,27.476,545.9475555555555,0.03804454364661508,1.043878787878788,57.59074225122349,129.0,69.656,99.0,0.0,1.0,0,0.0,1.0
17,20,rand_dt,0.2,1.0,100,15,4,28,23.484,550.4609494949495,0.048493871153001585,1.137979797979798,75.32836422240129,211.0,70.34,99.0,0.0,1.0,0,0.0,1.0
18,20,rand_dt,0.2,1.0,100,25,4,33,27.14,544.9814626262627,0.037986361361074,1.0298989898989899,59.202642276422765,204.0,71.04,99.0,0.0,1.0,0,0.0,1.0
19,20,rand_dt,0.2,1.0,100,20,4,30,23.752,548.1121212121213,0.04600020154571758,1.0905858585858588,67.44121287128714,209.0,70.032,99.0,0.0,1.0,0,0.0,1.0
20,20,rand_dt,0.2,1.0,100,20,4,32,26.28,547.4469979797981,0.0412748791948792,1.0833131313131312,63.15813191315035,205.0,70.752,99.0,0.0,1.0,0,0.0,1.0
21,20,rand_dt,0.2,1.0,100,23,4,31,25.892,546.4540929292931,0.04091615099247283,1.057939393939394,52.91796718687475,124.0,70.264,99.0,0.0,1.0,0,0.0,1.0
22,20,rand_dt,0.2,1.0,100,19,4,28,24.592,547.5962181818182,0.04426930846930847,1.087919191919192,62.30241935483871,124.0,71.296,99.0,0.0,1.0,0,0.0,1.0
23,20,rand_dt,0.2,1.0,100,20,4,32,23.792,548.2550626262627,0.046057547733744486,1.0936565656565655,56.413553786487036,124.0,69.728,99.0,0.0,1.0,0,0.0,1.0
24,20,rand_dt,0.2,1.0,100,18,4,26,23.312,548.9373010101011,0.04757544485085988,1.107878787878788,68.15775723472669,210.0,70.32,99.0,0.0,1.0,0,0.0,1.0
25,20,rand_dt,0.2,1.0,100,20,4,29,26.036,548.0560686868688,0.04193268800732402,1.0906262626262628,60.57199920111844,126.0,70.028,99.0,0.0,1.0,0,0.0,1.0
26,20,rand_dt,0.2,1.0,100,19,4,28,25.832,547.9147797979799,0.04227625897304058,1.0906666666666667,62.01360406091371,128.0,71.024,99.0,0.0,1.0,0,0.0,1.0
27,20,rand_dt,0.2,0.98,98,35,4,43,35.52,538.5985237113402,0.025582650040164964,0.9082886597938146,44.28486096807415,131.0,70.896,97.0,0.0,1.0,0,0.0,1.0
28,20,rand_dt,0.2,1.0,100,25,4,33,29.796,545.9851878787879,0.03502215776091041,1.0428282828282827,63.80024610336341,211.0,69.76,99.0,0.0,1.0,0,0.0,1.0
29,20,rand_dt,0.2,1.0,100,15,4,28,23.304,551.6135151515152,0.04945345163173006,1.1502626262626263,79.59959473150963,211.0,69.124,99.0,0.0,1.0,0,0.0,1.0
30,20,rand_dt,0.2,1.0,100,21,3,31,26.288,547.3126020202021,0.04106710378311911,1.0776969696969696,60.275741350906095,127.0,70.308,99.0,0.0,1.0,0,0.0,1.0
31,20,rand_dt,0.2,1.0,100,22,4,30,25.836,547.172892929293,0.04145573646730735,1.0695353535353536,63.05786802030457,207.0,70.116,99.0,0.0,1.0,0,0.0,1.0
32,20,rand_dt,0.2,1.0,100,17,4,28,24.452,549.0187757575759,0.04554027914472358,1.1127676767676766,67.68646464646464,206.55000000000018,70.836,99.0,0.0,1.0,0,0.0,1.0
33,20,rand_dt,0.2,1.0,100,22,4,28,25.788,546.4985454545455,0.04113617143747412,1.0597171717171718,64.84070616883118,208.0,71.088,99.0,0.0,1.0,0,0.0,1.0
34,20,rand_dt,0.2,1.0,100,19,4,30,27.504,549.5136646464648,0.04040625826427335,1.1095757575757574,64.74841017488076,203.0,69.152,99.0,0.0,1.0,0,0.0,1.0
35,20,rand_dt,0.2,1.0,100,20,4,31,27.148,547.6723676767677,0.03994641359775459,1.0842424242424245,60.00619133213501,126.0,70.66,99.0,0.0,1.0,0,0.0,1.0
36,20,rand_dt,0.2,1.0,100,19,4,31,25.988,548.3308686868687,0.04232642011599866,1.0977777777777777,59.32939016928411,126.0,70.32,99.0,0.0,1.0,0,0.0,1.0
37,20,rand_dt,0.2,1.0,100,22,3,32,25.672,546.4214464646465,0.04144026652785274,1.0625454545454545,56.95777823324452,126.0,70.808,99.0,0.0,1.0,0,0.0,1.0
38,20,rand_dt,0.2,1.0,100,28,4,36,29.588,542.1207757575759,0.033226919741064245,0.9816565656565657,51.420553033429634,128.0,72.816,99.0,0.0,1.0,0,0.0,1.0
39,20,rand_dt,0.2,1.0,100,29,4,38,31.596,542.8409212121214,0.03128071795026254,0.9875555555555556,51.05058444175736,128.0,71.232,99.0,0.0,1.0,0,0.0,1.0
0,20,static,0.2,1.0,100,20,4,30,30.0,548.9093656565658,0.036619528619528614,1.0985858585858586,25.428571428571427,29.0,69.24,99.0,0.0,1.0,0,0.0,1.0
1,20,static,0.2,1.0,100,24,4,33,33.0,546.1784161616163,0.031860422405876956,1.0513939393939395,26.536541889483065,33.0,69.912,99.0,0.0,1.0,0,0.0,1.0
2,20,static,0.2,1.0,100,19,4,30,30.0,549.0958101010102,0.03691717171717171,1.1075151515151516,22.876972238865587,30.0,69.356,99.0,0.0,1.0,0,0.0,1.0
3,20,static,0.2,1.0,100,24,4,33,33.0,546.6760161616162,0.03202203856749311,1.0567272727272727,26.39706465688219,33.0,69.384,99.0,0.0,1.0,0,0.0,1.0
4,20,static,0.2,1.0,100,18,4,28,28.0,549.5335595959597,0.03980663780663781,1.1145858585858586,22.86479332111586,28.0,69.656,99.0,0.0,1.0,0,0.0,1.0
5,20,static,0.2,1.0,100,20,4,31,31.0,548.2021818181819,0.03526360377973281,1.0931717171717172,25.53927125506073,31.0,69.776,99.0,0.0,1.0,0,0.0,1.0
6,20,static,0.2,1.0,100,14,4,26,26.0,552.6134343434344,0.04502719502719504,1.1707070707070706,21.73988322931347,26.0,68.1,99.0,0.0,1.0,0,0.0,1.0
7,20,static,0.2,1.0,100,22,4,28,28.0,547.4630626262626,0.038357864357864355,1.074020202020202,21.98971405060687,28.0,69.672,99.0,0.0,1.0,0,0.0,1.0
8,20,static,0.2,1.0,100,18,4,29,29.0,548.238202020202,0.03807035876001394,1.1040404040404042,22.916496945010184,29.0,70.7,99.0,0.0,1.0,0,0.0,1.0
9,20,static,0.2,1.0,100,22,4,31,31.0,547.6813333333334,0.03475268817204301,1.0773333333333333,25.569154228855723,31.0,69.344,99.0,0.0,1.0,0,0.0,1.0
10,20,static,0.2,1.0,100,23,3,34,34.0,546.0336404040405,0.030999405822935235,1.053979797979798,25.570212765957447,34.0,70.656,99.0,0.0,1.0,0,0.0,1.0
11,20,static,0.2,1.0,100,15,4,28,28.0,550.6912727272728,0.04075901875901876,1.1412525252525252,22.017893452623017,28.0,70.016,99.0,0.0,1.0,0,0.0,1.0
12,20,static,0.2,1.0,100,15,3,29,29.0,551.0214747474748,0.03956391501219088,1.1473535353535353,24.07232070910556,28.0,69.412,99.0,0.0,1.0,0,0.0,1.0
13,20,static,0.2,1.0,100,23,4,32,32.0,545.770888888889,0.032804292929292926,1.0497373737373736,26.134294068504595,32.0,71.076,99.0,0.0,1.0,0,0.0,1.0
14,20,static,0.2,1.0,100,17,4,28,28.0,550.5588282828285,0.040663780663780666,1.1385858585858586,20.921491658488716,28.0,70.28,99.0,0.0,1.0,0,0.0,1.0
15,20,static,0.2,1.0,100,27,3,35,35.0,544.6076282828284,0.029088600288600285,1.0181010101010102,28.056236192006427,35.0,70.208,99.0,0.0,1.0,0,0.0,1.0
16,20,static,0.2,1.0,100,25,4,33,33.0,546.7256686868689,0.031952249770431596,1.0544242424242425,25.419586150379022,33.0,68.612,99.0,0.0,1.0,0,0.0,1.0
17,20,static,0.2,1.0,100,15,4,28,28.0,551.0123717171717,0.040911976911976906,1.1455353535353534,24.351578515785157,28.0,69.592,99.0,0.0,1.0,0,0.0,1.0
18,20,static,0.2,1.0,100,25,4,33,33.0,545.464597979798,0.031407407407407405,1.0364444444444443,27.50253292806484,33.0,70.392,99.0,0.0,1.0,0,0.0,1.0
19,20,static,0.2,1.0,100,20,4,30,30.0,549.3922868686869,0.03692525252525252,1.1077575757575757,24.176234443998393,30.0,68.332,99.0,0.0,1.0,0,0.0,1.0
20,20,static,0.2,1.0,100,20,4,32,32.0,548.4748282828283,0.034255050505050504,1.0961616161616161,25.824710894704808,32.0,69.48,99.0,0.0,1.0,0,0.0,1.0
21,20,static,0.2,1.0,100,23,4,31,31.0,546.9142222222224,0.034364288041707394,1.0652929292929294,23.487644479872458,31.0,69.536,99.0,0.0,1.0,0,0.0,1.0
22,20,static,0.2,1.0,100,19,4,28,28.0,548.2015393939396,0.03915007215007215,1.0962020202020204,22.53460764587525,28.0,70.476,99.0,0.0,1.0,0,0.0,1.0
23,20,static,0.2,1.0,100,20,4,32,32.0,548.8561333333334,0.03443308080808081,1.1018585858585859,25.764585883312932,32.0,68.916,99.0,0.0,1.0,0,0.0,1.0
24,20,static,0.2,1.0,100,18,4,26,26.0,549.4747353535354,0.04290753690753691,1.1155959595959595,21.339782345828294,26.0,69.556,99.0,0.0,1.0,0,0.0,1.0
25,20,static,0.2,1.0,100,20,4,29,29.0,548.7677898989899,0.03792406826889585,1.0997979797979798,22.8685211126676,29.0,69.12,99.0,0.0,1.0,0,0.0,1.0
26,20,static,0.2,1.0,100,19,4,28,28.0,548.8641858585859,0.03936796536796537,1.1023030303030306,22.838188347964884,28.0,69.872,99.0,0.0,1.0,0,0.0,1.0
27,20,static,0.2,0.98,98,35,4,43,43.0,539.3988701030929,0.021355070726444495,0.9182680412371135,34.76161244117045,43.0,69.928,97.0,0.0,1.0,0,0.0,1.0
28,20,static,0.2,1.0,100,25,4,33,33.0,546.8536404040404,0.03199020508111417,1.0556767676767678,26.72169333603403,33.0,68.488,99.0,0.0,1.0,0,0.0,1.0
29,20,static,0.2,1.0,100,15,4,28,28.0,552.2759474747476,0.0413924963924964,1.1589898989898988,24.38742061053063,28.0,68.26,99.0,0.0,1.0,0,0.0,1.0
30,20,static,0.2,1.0,100,21,3,31,31.0,548.7357050505051,0.03535353535353535,1.095959595959596,23.95112706961899,31.0,68.5,99.0,0.0,1.0,0,0.0,1.0
31,20,static,0.2,1.0,100,22,4,30,30.0,547.6042262626262,0.035873400673400675,1.0762020202020202,22.992783505154637,29.0,69.456,99.0,0.0,1.0,0,0.0,1.0
32,20,static,0.2,1.0,100,17,4,28,28.0,549.1631717171717,0.03981385281385281,1.1147878787878789,22.41959487391484,28.0,70.636,99.0,0.0,1.0,0,0.0,1.0
33,20,static,0.2,1.0,100,22,4,28,28.0,547.8144484848485,0.03843578643578644,1.0762020202020204,22.831679237792773,28.0,69.456,99.0,0.0,1.0,0,0.0,1.0
34,20,static,0.2,1.0,100,19,4,30,30.0,550.1411353535354,0.037259259259259256,1.1177777777777778,24.057035721334124,30.0,68.34,99.0,0.0,1.0,0,0.0,1.0
35,20,static,0.2,1.0,100,20,4,31,31.0,548.3661494949495,0.03526881720430107,1.0933333333333333,26.855299722111948,31.0,69.76,99.0,0.0,1.0,0,0.0,1.0
36,20,static,0.2,1.0,100,19,4,31,31.0,548.9309414141416,0.03567285760834148,1.1058585858585859,26.236972704714642,31.0,69.52,99.0,0.0,1.0,0,0.0,1.0
37,20,static,0.2,1.0,100,22,3,32,32.0,546.9640888888889,0.03344444444444444,1.0702222222222222,26.854508196721312,32.0,70.048,99.0,0.0,1.0,0,0.0,1.0
38,20,static,0.2,1.0,100,28,4,36,36.0,542.9729414141415,0.027572390572390575,0.9926060606060605,30.911639244363194,36.0,71.732,99.0,0.0,1.0,0,0.0,1.0
39,20,static,0.2,1.0,100,29,4,38,38.0,543.6934262626263,0.026278575225943648,0.9985858585858587,31.452062985848116,38.0,70.14,99.0,0.0,1.0,0,0.0,1.0
0,20,bsps,0.2,1.0,100,20,4,30,22.1,534.6986383838384,0.03578779742705771,0.7875151515151515,53.1268080047553,122.0,37.14,64.912,0.4419409521118802,0.6916885061774616,0,0.35169407568852784,1.0
1,20,bsps,0.2,1.0,100,24,4,33,23.204,532.4856484848486,0.03251224280069097,0.751030303030303,51.83462071697366,122.0,37.656,64.8,0.44358641426911777,0.6934972983044532,0,0.3412556941968707,1.0
2,20,bsps,0.2,1.0,100,19,4,30,21.356,534.7402222222222,0.037190150285292475,0.7914343434343434,51.27681246255243,121.0,37.42,65.224,0.44253521126760564,0.6911320754716981,0,0.3489115238665868,1.0
3,20,bsps,0.2,1.0,100,24,4,33,23.512,533.1089616161618,0.03254968702629488,0.7617777777777777,50.40241967473225,122.0,38.404,65.748,0.44513301088270857,0.6967281879194631,0,0.325267750892503,1.0
4,20,bsps,0.2,1.0,100,18,4,28,20.696,535.0869292929293,0.038701541693762755,0.7984242424242423,51.70983506414172,121.0,37.784,65.116,0.44437086092715233,0.6906313645621182,0,0.3473834249643657,1.0
5,20,bsps,0.2,1.0,100,20,4,31,22.772,533.9547313131313,0.03434817550441709,0.7804848484848484,51.286234817813764,122.0,38.3,65.516,0.4458040692201868,0.6960923263818587,0,0.3356275303643725,1.0
6,20,bsps,0.2,1.0,100,14,4,26,20.3,537.6470626262627,0.041582070252953685,0.8425454545454545,49.41413327964566,120.0,37.372,66.292,0.4442400551851,0.6906230065915373,0,0.33078316891483794,1.0
7,20,bsps,0.2,1.0,100,22,4,28,20.64,533.46658989899,0.037444234406488634,0.768888888888889,48.75540012343139,120.0,37.896,65.084,0.447738364046908,0.69922448124083,0,0.332853322361654,1.0
8,20,bsps,0.2,1.0,100,18,4,29,21.88,533.0991111111111,0.03529650235178839,0.7707070707070708,50.939714867617106,121.0,38.1,64.428,0.44642857142857145,0.6947798987144527,0,0.34236252545824847,1.0
9,20,bsps,0.2,1.0,100,22,4,31,22.816,534.0171555555556,0.034137670478364725,0.7766464646464647,51.07661691542289,122.0,37.56,65.448,0.444058423142371,0.693354061406918,0,0.33432835820895523,1.0
10,20,bsps,0.2,1.0,100,23,3,34,23.812,531.9310343434344,0.03136863940739737,0.7446464646464647,52.923809523809524,124.0,38.148,64.536,0.4447037825221391,0.6897549681651554,0,0.34812563323201623,1.0
11,20,bsps,0.2,1.0,100,15,4,28,19.992,535.6802505050505,0.04083013656437663,0.812,50.36539243594957,121.0,38.048,65.04,0.4441823899371069,0.6900958466453674,0,0.34627897519316797,1.0
12,20,bsps,0.2,1.0,100,15,3,29,21.352,536.0633131313133,0.03844609645704495,0.8183838383838383,50.85132957292506,121.0,37.736,65.424,0.4437926989165689,0.6896748431260696,0,0.34307010475423044,1.0
13,20,bsps,0.2,1.0,100,23,4,32,23.396,532.0489777777778,0.03213071485397658,0.7488080808080808,52.90810359231412,123.0,38.772,64.788,0.44559659090909093,0.6910569105691057,0,0.3448203842940685,1.0
14,20,bsps,0.2,1.0,100,17,4,28,19.064,535.5692444444445,0.042634433906743895,0.8089292929292929,50.50794896957802,119.0,37.484,64.34,0.4426641319845203,0.6937149067197972,0,0.3511285574092247,1.0
15,20,bsps,0.2,1.0,100,27,3,35,23.588,531.4800242424244,0.0311586794002179,0.7315151515151515,52.41815625627636,123.0,37.884,64.612,0.4433184232597148,0.689522342064715,0,0.34886523398272745,1.0
16,20,bsps,0.2,1.0,100,25,4,33,23.528,533.4426343434344,0.03265082786927397,0.7653333333333333,49.43495185412825,122.0,38.488,66.688,0.4463964288285694,0.6924501131454434,0,0.3241139110837943,1.0
17,20,bsps,0.2,1.0,100,15,4,28,19.924,536.224585858586,0.0412219797718419,0.8187070707070707,49.93870438704387,120.0,37.468,65.128,0.44673014107999165,0.7024065740559577,0,0.33497334973349735,1.0
18,20,bsps,0.2,1.0,100,25,4,33,22.996,532.1247434343435,0.0325333782317831,0.7438787878787879,52.79858156028369,124.0,38.092,64.756,0.4448671880504474,0.6913189638125371,0,0.34204660587639313,1.0
19,20,bsps,0.2,1.0,100,20,4,30,21.488,535.1170868686869,0.03713726286544538,0.7959191919191919,49.13167402649538,120.0,37.484,66.016,0.44453186467348543,0.6897788404064554,0,0.3307908470493778,1.0
20,20,bsps,0.2,1.0,100,20,4,32,22.192,533.955503030303,0.03520131336424408,0.7786262626262627,51.996753905457496,122.0,37.524,64.952,0.4436871816053972,0.6875957120980092,0,0.34550618786772164,1.0
21,20,bsps,0.2,1.0,100,23,4,31,23.224,532.9260606060607,0.03291203828165083,0.7601212121212121,51.50298923874053,123.0,37.976,65.328,0.44399912555563653,0.6936542669584245,0,0.3333997608609008,1.0
22,20,bsps,0.2,1.0,100,19,4,28,20.5,533.6227191919193,0.03794863283169467,0.7746262626262626,51.96076458752515,120.0,37.52,64.268,0.4422845691382766,0.6878842676311031,0,0.36056338028169016,1.0
23,20,bsps,0.2,1.0,100,20,4,32,22.4,534.7026707070708,0.03548843848593241,0.792969696969697,49.287229702162385,121.0,38.472,66.428,0.4465119727185114,0.695862213820626,0,0.3270093839249286,1.0
24,20,bsps,0.2,1.0,100,18,4,26,20.244,535.1029333333333,0.03957628138268565,0.798909090909091,50.02962515114873,121.0,37.808,65.448,0.4435357701607168,0.6948727833461835,0,0.33978234582829503,1.0
25,20,bsps,0.2,1.0,100,20,4,29,22.6,534.5721656565657,0.034978885538169746,0.7886464646464647,50.6736041624975,122.0,37.94,65.832,0.4437326500106769,0.6964045375889252,0,0.3334000400240144,1.0
26,20,bsps,0.2,1.0,100,19,4,28,21.072,534.4525414141416,0.03741724488551396,0.7871111111111111,50.530526735834,121.0,38.108,65.18,0.4443168771526981,0.6937203791469194,0,0.33878691141260975,1.0
27,20,bsps,0.2,0.98,98,35,4,43,27.672,527.4216907216495,0.0240096933895998,0.6593814432989689,57.6390423572744,128.0,37.84,62.736,0.4426159738970067,0.687305900621118,0,0.36402701043585023,1.0
28,20,bsps,0.2,1.0,100,25,4,33,24.196,533.63018989899,0.03179833270694306,0.7665858585858586,51.37532914725542,124.0,37.672,66.192,0.44590590445905903,0.6946875636067575,0,0.3271217338464655,1.0
29,20,bsps,0.2,1.0,100,15,4,28,20.188,537.8601131313133,0.04191948106227058,0.8440808080808081,49.63757426756812,120.0,37.528,66.24,0.44520596844434923,0.6931704386140597,0,0.3306699446834665,1.0
30,20,bsps,0.2,1.0,100,21,3,31,23.708,534.3679272727273,0.03312994072922141,0.7841616161616162,50.79932176341512,122.0,37.652,65.724,0.4458367932362044,0.6945087313275826,0,0.3315380011968881,1.0
31,20,bsps,0.2,1.0,100,22,4,30,22.256,533.9523272727274,0.03506030562506375,0.7773737373737374,50.9220618556701,122.0,38.14,65.768,0.44465358720046333,0.6915130646141382,0,0.3408247422680412,1.0
32,20,bsps,0.2,1.0,100,17,4,28,20.5,534.2781090909091,0.0385610687010293,0.788969696969697,52.57771806531625,121.0,38.44,64.704,0.4438880504870353,0.6832946635730859,0,0.3584125671765192,1.0
33,20,bsps,0.2,1.0,100,22,4,28,19.98,534.1500646464647,0.039159860666776035,0.7770505050505051,50.54962286621675,119.0,37.284,64.856,0.4420657538055189,0.6893529740816707,0,0.35093290988487497,1.0
34,20,bsps,0.2,1.0,100,19,4,30,21.776,536.107187878788,0.03746798541599566,0.8119191919191919,50.78784290507203,123.0,37.492,66.064,0.44257128197610496,0.6929704327393773,0,0.3339253996447602,1.0
35,20,bsps,0.2,1.0,100,20,4,31,22.46,534.0398747474749,0.03488634181265344,0.7802828282828282,51.73997618102422,123.0,37.956,65.096,0.44510427712972783,0.6959843290891283,0,0.3316792377927749,1.0
36,20,bsps,0.2,1.0,100,19,4,31,22.572,534.5026747474748,0.03512224590233143,0.7899797979797979,52.310380479735315,122.0,38.2,65.616,0.44450150392487714,0.6898747176011502,0,0.34408602150537637,1.0
37,20,bsps,0.2,1.0,100,22,3,32,23.38,532.8596606060606,0.03264787413740099,0.7608080808080808,52.8797131147541,123.0,38.164,65.172,0.44449032968545665,0.6910553533805784,0,0.34467213114754097,1.0
38,20,bsps,0.2,1.0,100,28,4,36,23.796,529.846804040404,0.029866598677745895,0.705979797979798,56.1978468413569,125.0,38.524,63.756,0.4438466711499664,0.6884758364312268,0,0.36299004671948,1.0
39,20,bsps,0.2,1.0,100,29,4,38,25.108,531.0164363636366,0.028932219723931164,0.722989898989899,52.76360374725932,125.0,38.396,65.132,0.44575334496800467,0.701280512204882,0,0.3340641817819414,1.0
0,20,baps,0.2,1.0,100,20,4,30,18.0,528.1166303030303,0.026554882154882158,0.6636363636363636,69.7293441648504,129.0,29.8,54.0,0.557315668202765,0.6418389166072701,0,0.4539330295224886,1.0
1,20,baps,0.2,1.0,100,24,4,33,19.5,526.4076202020203,0.022976430976430977,0.6345858585858587,70.72053872053873,132.0,30.176,54.0,0.556347874720358,0.641502808988764,0,0.45395127748068925,1.0
2,20,baps,0.2,1.0,100,19,4,30,18.0,528.1320363636364,0.02565656565656566,0.6641616161616162,67.48532055122828,130.0,29.748,54.0,0.5582479030754893,0.6463700234192038,0,0.45456361094467745,1.0
3,20,baps,0.2,1.0,100,24,4,33,18.5,526.0965575757576,0.021361799816345273,0.624969696969697,72.58092026973424,132.0,28.128,52.0,0.5565796607543955,0.6435449007663588,0,0.46846489488298293,1.0
4,20,baps,0.2,1.0,100,18,4,28,17.0,528.1108,0.026864838864838866,0.6643636363636363,67.65465282019956,128.0,29.728,53.5,0.5557135373793309,0.6449289468561418,0,0.45510079413561394,1.0
5,20,baps,0.2,1.0,100,20,4,31,18.5,526.6685616161617,0.021473226892581732,0.638060606060606,72.23056680161943,130.0,28.912,52.54,0.5548138258418632,0.6402809415337889,0,0.4744939271255061,1.0
6,20,baps,0.2,1.0,100,14,4,26,16.5,530.1749656565657,0.02983083583083583,0.6985050505050505,66.20636198912824,125.0,29.024,54.088,0.5551998750780762,0.6430594900849859,0,0.4533923897724985,1.0
7,20,baps,0.2,1.0,100,22,4,28,16.524,526.6067151515152,0.02577277537277537,0.6370505050505051,67.96009051635465,127.0,29.48,53.024,0.552894658310952,0.6391287284144427,0,0.4671878214359185,1.0
8,20,baps,0.2,1.0,100,18,4,29,18.5,526.7665292929292,0.023689132706374086,0.6467878787878788,67.18329938900203,128.0,30.968,54.0,0.5541774092397742,0.644008149657344,0,0.4515274949083503,1.0
9,20,baps,0.2,1.0,100,22,4,31,19.5,527.3263151515151,0.02361942000651678,0.6494949494949495,69.04975124378109,131.0,30.216,54.508,0.555595746220068,0.6416067809102635,0,0.4469651741293532,1.0
10,20,baps,0.2,1.0,100,23,3,34,20.5,526.0816121212121,0.020987012987012985,0.6301818181818183,69.19614994934143,134.0,30.612,54.0,0.5559665038381019,0.647970479704797,0,0.4470111448834853,1.0
11,20,baps,0.2,1.0,100,15,4,28,16.5,528.8434303030305,0.028561038961038964,0.6792727272727273,67.53395689304595,128.0,29.752,53.5,0.5540540540540541,0.6393596986817326,0,0.4640097600650671,1.0
12,20,baps,0.2,1.0,100,15,3,29,17.528,528.5702464646464,0.025806107047486357,0.6745050505050506,69.4913376309428,128.0,29.752,53.528,0.5556416942702093,0.6419708685488221,0,0.4623287671232877,1.0
13,20,baps,0.2,1.0,100,23,4,32,19.0,525.4662787878789,0.020917087542087542,0.6187474747474748,71.47034252297411,131.0,30.028,52.892,0.5536282162474704,0.6436870642912471,0,0.462406015037594,1.0
14,20,baps,0.2,1.0,100,17,4,28,16.5,528.5346141414142,0.027602597402597403,0.6732525252525253,66.29479882237487,128.0,29.924,53.288,0.5587052952592182,0.6454826520096187,0,0.4604514229636899,1.0
15,20,baps,0.2,1.0,100,27,3,35,19.5,524.7476323232324,0.019645598845598848,0.6024242424242425,74.52259489857401,134.0,28.86,52.0,0.5558243791361275,0.6440242335230402,0,0.47178148222534644,1.0
16,20,baps,0.2,1.0,100,25,4,33,19.6,526.8495555555556,0.02301422595361989,0.6387474747474747,68.16041794714198,132.0,29.384,54.1,0.5552618050965704,0.6466004285992597,0,0.4388444990780578,1.0
17,20,baps,0.2,1.0,100,15,4,28,17.048,529.2265010101011,0.029142857142857144,0.6876363636363636,68.45612956129561,128.0,30.548,54.336,0.555161907461206,0.644514572118062,0,0.45018450184501846,1.0
18,20,baps,0.2,1.0,100,25,4,33,18.0,525.5014949494949,0.023784511784511787,0.6176161616161616,74.22472137791287,133.0,28.856,52.0,0.5553558590941768,0.6441947565543071,0,0.47477203647416416,1.0
19,20,baps,0.2,1.0,100,20,4,30,19.0,528.8675474747475,0.02663838383838384,0.6778181818181819,66.76455238859896,129.0,30.524,55.564,0.5545414719626168,0.6408371040723982,0,0.43918105178643113,1.0
20,20,baps,0.2,1.0,100,20,4,32,19.5,527.2612565656566,0.022680555555555558,0.650020202020202,71.39784946236558,132.0,30.148,54.0,0.5541036869614352,0.6369814020028612,0,0.46662609048488535,1.0
21,20,baps,0.2,1.0,100,23,4,31,18.612,526.6787393939395,0.023670592251237417,0.6387070707070708,68.56875249103228,131.0,29.812,53.828,0.5545224635525141,0.6381454956652846,0,0.45994420087684335,1.0
22,20,baps,0.2,1.0,100,19,4,28,16.0,527.023486868687,0.026884559884559886,0.6475555555555557,69.22997987927566,128.0,29.392,52.5,0.5569438754608766,0.6424666894431158,0,0.47283702213279677,1.0
23,20,baps,0.2,1.0,100,20,4,32,20.448,527.3044606060607,0.020969949494949496,0.6461818181818182,69.39004487964097,131.0,29.476,53.948,0.5563550977124678,0.6473851030110935,0,0.4469604243166055,1.0
24,20,baps,0.2,1.0,100,18,4,26,16.524,527.6675393939395,0.026603119103119105,0.6555151515151515,66.66444981862152,126.0,29.628,53.524,0.5567653890824622,0.6428571428571429,0,0.4598952035469569,1.0
25,20,baps,0.2,1.0,100,20,4,29,17.5,527.4006505050505,0.024137002205967727,0.6491717171717171,67.95597358415048,129.0,28.78,53.024,0.5594181818181818,0.6485454545454545,0,0.45807484490694417,1.0
26,20,baps,0.2,1.0,100,19,4,28,16.5,527.637385858586,0.026388744588744587,0.6545050505050506,68.27494014365523,127.0,29.204,53.0,0.5568039950062422,0.6436931079323797,0,0.461292897047087,1.0
27,20,baps,0.2,0.98,98,35,4,43,24.0,521.8045525773197,0.013769743466794535,0.5485360824742268,81.41866175567833,143.0,28.872,51.04,0.5552500180910341,0.640581844964095,0,0.476365868631062,1.0
28,20,baps,0.2,1.0,100,25,4,33,20.0,526.9567232323233,0.022987974987974988,0.6416969696969698,70.78245898318816,133.0,29.32,53.924,0.5563359455862783,0.6458652373660031,0,0.4520964148268179,1.0
29,20,baps,0.2,1.0,100,15,4,28,17.5,529.9261696969699,0.028382395382395384,0.69410101010101,68.69084204056546,127.0,29.88,54.548,0.5546169531022429,0.642369020501139,0,0.4540053267772997,1.0
30,20,baps,0.2,1.0,100,21,3,31,18.5,527.4834585858587,0.0235900944933203,0.650989898989899,68.98643526830242,130.0,29.052,53.5,0.5569766545958856,0.6472814180442144,0,0.45860762018751244,1.0
31,20,baps,0.2,1.0,100,22,4,30,18.0,527.1676242424243,0.02495084175084175,0.647030303030303,68.2701030927835,129.0,29.676,53.616,0.5553174192594782,0.6434182793638628,0,0.46,1.0
32,20,baps,0.2,1.0,100,17,4,28,16.58,527.9408767676767,0.028092544492544492,0.6654141414141415,68.07544439851178,128.0,30.34,53.608,0.5532391213096404,0.6394794721407625,0,0.4663083918974783,1.0
33,20,baps,0.2,1.0,100,22,4,28,16.592,527.6458585858586,0.028743145743145748,0.6537373737373738,66.72369988090512,127.0,29.964,54.092,0.5578635014836796,0.6463545389563974,0,0.4483922191345772,1.0
34,20,baps,0.2,1.0,100,19,4,30,18.008,529.2266222222223,0.02770543530543531,0.6804848484848485,67.94789816459443,130.0,29.448,54.412,0.5565790459072868,0.6399851769501574,0,0.44957568581014407,1.0
35,20,baps,0.2,1.0,100,20,4,31,18.5,527.7388202020202,0.025209297273813405,0.6584242424242424,70.43032949583169,131.0,30.312,54.248,0.5570542412002308,0.6468622354251764,0,0.44739976181024216,1.0
36,20,baps,0.2,1.0,100,19,4,31,19.0,527.2701292929294,0.022550109388819066,0.6497373737373738,71.34491315136476,130.0,29.892,53.608,0.555066736261278,0.6451169188445667,0,0.4598842018196857,1.0
37,20,baps,0.2,1.0,100,22,3,32,19.5,526.7184,0.02302741702741703,0.6425050505050505,72.23360655737704,132.0,30.392,54.0,0.55292459478506,0.6350719424460431,0,0.4651639344262295,1.0
38,20,baps,0.2,1.0,100,28,4,36,20.0,524.2977090909092,0.02030415263748597,0.5964848484848485,78.05342270972984,136.0,29.86,52.456,0.5538758887278249,0.6354329342356412,0,0.480601259394678,1.0
39,20,baps,0.2,1.0,100,29,4,38,21.0,524.8418828282829,0.019717171717171716,0.6022626262626262,78.27725732509468,138.0,28.876,52.5,0.5552737580187975,0.6386601796407185,0,0.47717759617301175,1.0
0,20,lt,0.2,1.0,100,20,4,30,21.604,531.79618989899,0.03323448576125506,0.7247676767676768,56.577570834158905,122.0,32.82,60.048,0.5264285714285715,0.6589090909090909,0,0.39033088963740836,1.0
1,20,lt,0.2,1.0,100,24,4,33,24.024,529.7004525252526,0.028329383987436015,0.6912323232323231,56.13091701326996,124.0,34.444,61.036,0.5165663692328976,0.6642612303806603,0,0.37274707862943157,1.0
2,20,lt,0.2,1.0,100,19,4,30,21.256,531.9197414141415,0.03362624564330546,0.7316767676767677,55.78829638506092,123.0,33.396,60.604,0.5321186137906395,0.6561307901907357,0,0.38925504293988417,1.0
3,20,lt,0.2,1.0,100,24,4,33,24.172,531.0430424242425,0.02922769826407194,0.7178585858585859,53.58825862752876,126.0,36.76,63.772,0.5185839348794348,0.6623141824025713,0,0.3490678302261008,1.0
4,20,lt,0.2,1.0,100,18,4,28,21.164,532.2111353535354,0.03397724822203519,0.7380202020202021,56.65139482793728,123.0,34.188,60.852,0.5268969633664105,0.6519521287031588,0,0.38871920179189573,1.0
5,20,lt,0.2,1.0,100,20,4,31,23.132,531.6696161616163,0.030965970498915973,0.7307474747474748,54.686437246963564,123.0,35.18,62.076,0.5343090387585496,0.6574810789831166,0,0.36417004048582996,1.0
6,20,lt,0.2,1.0,100,14,4,26,19.944,534.9388808080807,0.03817531316769091,0.786060606060606,55.00382524662774,122.0,33.948,62.12,0.5399266255561627,0.643045150840251,0,0.37749144352728004,1.0
7,20,lt,0.2,1.0,100,22,4,28,20.296,531.4082505050505,0.035278280973398586,0.7221818181818181,53.64472330796133,120.0,33.912,61.064,0.5234386589526776,0.6550418493423675,0,0.38387163135157376,1.0
8,20,lt,0.2,1.0,100,18,4,29,21.708,530.2093131313131,0.03187980038244019,0.709050505050505,56.289205702647656,124.0,33.828,59.536,0.5357465434586257,0.6524173977972746,0,0.39042769857433807,1.0
9,20,lt,0.2,1.0,100,22,4,31,23.76,531.6555838383839,0.030500633540405168,0.7253333333333333,55.458905472636815,124.0,34.632,62.196,0.5252423698384201,0.6567136150234741,0,0.3667661691542289,1.0
10,20,lt,0.2,1.0,100,23,3,34,23.376,528.641785858586,0.026346946863953374,0.6753535353535354,59.24072948328268,129.0,33.912,59.32,0.5336812804453723,0.6568773234200743,0,0.39311043566362713,1.0
11,20,lt,0.2,1.0,100,15,4,28,19.944,533.0557010101011,0.037268234352274374,0.7547474747474747,54.965229768198455,123.0,33.688,60.424,0.5342405938432429,0.6510743487355011,0,0.3934526230174868,1.0
12,20,lt,0.2,1.0,100,15,3,29,20.172,532.029498989899,0.03430095575423614,0.7394343434343434,57.616236905721195,122.0,34.048,60.052,0.5406718783012888,0.6440281030444965,0,0.40108783239323126,1.0
13,20,lt,0.2,1.0,100,23,4,32,23.412,530.0119878787879,0.03003245449551993,0.7025050505050504,56.5484544695071,123.0,35.444,61.344,0.5222526285467377,0.6556511536957372,0,0.383249791144528,1.0
14,20,lt,0.2,1.0,100,17,4,28,19.068,532.7191474747476,0.03809043710064802,0.7461414141414141,56.0,123.0,32.712,59.244,0.5375698613123577,0.6531179433732847,0,0.3998037291462218,1.0
15,20,lt,0.2,1.0,100,27,3,35,24.008,528.5457737373738,0.027109308300603575,0.6708282828282828,57.407310704960835,124.0,34.96,60.956,0.5135977337110481,0.6546468401486989,0,0.38943562964450695,1.0
16,20,lt,0.2,1.0,100,25,4,33,24.492,530.9760323232324,0.029037216406983344,0.7135757575757576,53.819299323909036,122.0,35.484,63.084,0.522733918128655,0.6562130177514793,0,0.3609916000819504,1.0
17,20,lt,0.2,1.0,100,15,4,28,19.464,532.5141898989901,0.036818654294517264,0.7467878787878788,56.74436244362444,123.0,33.696,59.92,0.5400494874513962,0.650046685340803,0,0.39524395243952437,1.0
18,20,lt,0.2,1.0,100,25,4,33,23.832,529.9009737373739,0.02886177747320803,0.6953939393939393,56.05471124620061,125.0,35.78,62.176,0.5204001429081815,0.6605137963843958,0,0.36555217831813575,1.0
19,20,lt,0.2,1.0,100,20,4,30,21.092,532.2724888888889,0.034238169823237595,0.7358383838383838,54.2820152549177,121.0,33.16,61.036,0.5319581638582219,0.6504204892966361,0,0.3809714973906062,1.0
20,20,lt,0.2,1.0,100,20,4,32,22.932,530.9758262626264,0.03031065705301814,0.7136161616161616,58.280381416108746,125.0,33.164,60.144,0.5358220475756087,0.6504819058010547,0,0.39622641509433965,1.0
21,20,lt,0.2,1.0,100,23,4,31,23.968,530.5246101010102,0.029066947944044384,0.7102222222222222,57.31765643682742,126.0,35.396,62.152,0.5158260612335454,0.6539785768936496,0,0.3776404942208051,1.0
22,20,lt,0.2,1.0,100,19,4,28,19.112,530.3537898989899,0.035968938496113816,0.7044444444444443,57.632595573440646,121.0,32.508,58.552,0.5319989106753813,0.6469373709566414,0,0.4225352112676056,1.0
23,20,lt,0.2,1.0,100,20,4,32,21.988,532.9065858585859,0.03399012224310886,0.7513131313131314,52.55691554467564,121.0,34.816,62.848,0.5348451744142244,0.6546112115732369,0,0.3602611179110567,1.0
24,20,lt,0.2,1.0,100,18,4,26,20.332,532.6350424242424,0.03639572570553452,0.7442020202020203,55.99496170898831,122.0,33.656,61.068,0.526825741142444,0.6511070110701107,0,0.39439742039500203,1.0
25,20,lt,0.2,1.0,100,20,4,29,23.028,532.2358181818181,0.031691110775705,0.7357979797979799,55.660396237742646,123.0,33.996,61.784,0.5271424435437174,0.6589988958410011,0,0.3766259755853512,1.0
26,20,lt,0.2,1.0,100,19,4,28,20.772,532.2677494949496,0.035419203569803395,0.7384646464646464,54.08958499600958,121.0,34.372,61.332,0.5328664186182243,0.6576610617797091,0,0.3743016759776536,1.0
27,20,lt,0.2,0.98,98,35,4,43,28.96,525.5129649484536,0.021619691286271787,0.6188453608247423,59.69244935543278,128.0,36.532,60.964,0.5017216642754663,0.6581920903954802,0,0.37998772252915897,1.0
28,20,lt,0.2,1.0,100,25,4,33,24.452,530.3058868686869,0.027984870733371952,0.701010101010101,56.43548713793802,126.0,35.22,62.424,0.5240897388745862,0.654898157129001,0,0.3704678954830869,1.0
29,20,lt,0.2,1.0,100,15,4,28,19.772,534.9757777777778,0.03908814658407303,0.7831111111111111,56.2880557262856,121.0,32.864,60.98,0.5389151801965781,0.6421652421652422,0,0.39438639623028066,1.0
30,20,lt,0.2,1.0,100,21,3,31,24.344,531.326892929293,0.027997795836638674,0.7224242424242425,55.1344504288849,126.0,35.368,62.36,0.5338840446688083,0.6626065773447016,0,0.3556752443646519,1.0
31,20,lt,0.2,1.0,100,22,4,30,22.424,531.3593414141415,0.0313611452424254,0.7256161616161616,54.94494845360825,124.0,35.98,62.592,0.5182873090481787,0.6585508375535645,0,0.3736082474226804,1.0
32,20,lt,0.2,1.0,100,17,4,28,20.364,531.6844040404042,0.03571183796723696,0.7314747474747475,56.62277800744109,122.0,34.22,60.22,0.5342475288876514,0.6482169390787519,0,0.39747829681686647,1.0
33,20,lt,0.2,1.0,100,22,4,28,20.504,531.6993737373738,0.03508275081011735,0.7258989898989899,53.43052798729654,120.0,34.564,61.512,0.5185940246045694,0.6606334841628959,0,0.37693529178245333,1.0
34,20,lt,0.2,1.0,100,19,4,30,20.652,533.4870060606061,0.03652493065327714,0.7566464646464647,54.14189855930531,121.69999999999982,33.64,61.592,0.5345327484945357,0.6548405359501793,0,0.3731991316360766,1.0
35,20,lt,0.2,1.0,100,20,4,31,21.792,531.4128848484849,0.032894679451545485,0.7243232323232323,57.278483525208415,123.0,34.356,60.944,0.526376727693755,0.6499723807770208,0,0.39142516871774513,1.0
36,20,lt,0.2,1.0,100,19,4,31,22.236,531.8411595959595,0.03245845791193964,0.7333333333333333,55.52832919768404,123.0,34.54,61.408,0.5301724137931034,0.6542426645519429,0,0.380686517783292,1.0
37,20,lt,0.2,1.0,100,22,3,32,23.032,529.0089858585859,0.02784663131654676,0.6842020202020203,59.65430327868852,126.0,34.392,59.784,0.5318480234669647,0.6516936671575847,0,0.3985655737704918,1.0
38,20,lt,0.2,1.0,100,28,4,36,25.116,527.2848646464647,0.02595907022785038,0.6526464646464647,60.6745886654479,126.0,35.332,59.972,0.5138377641445127,0.6630824372759857,0,0.3963030672354256,1.0
39,20,lt,0.2,1.0,100,29,4,38,25.392,528.7455393939395,0.026060981117754244,0.6768484848484849,56.31831771975284,125.0,36.412,62.464,0.5184966403307982,0.6585365853658537,0,0.3709388080526211,1.0
0,20,ewma,0.2,1.0,100,20,4,30,21.5,533.5027838383838,0.03561222912687643,0.7604848484848485,54.12581731721815,122.0,34.232,61.9,0.4907992895204263,0.6755760368663595,0,0.3673469387755102,1.0
1,20,ewma,0.2,1.0,100,24,4,33,22.236,531.5874868686869,0.032897094272706685,0.7282020202020201,53.670429788076845,121.0,34.548,61.872,0.48977900552486187,0.6733695652173913,0,0.36977619330560507,1.0
2,20,ewma,0.2,1.0,100,19,4,30,20.736,533.5308242424244,0.03699195691717847,0.7641212121212121,53.51707609346914,121.0,34.52,62.236,0.48885259869355296,0.6700516986706057,0,0.3754743359296984,1.0
3,20,ewma,0.2,1.0,100,24,4,33,22.768,532.1017171717172,0.03258277051398795,0.7388686868686868,51.782625942086476,121.0,35.776,63.068,0.4939804937519049,0.6784249384741592,0,0.3480761602538675,1.0
4,20,ewma,0.2,1.0,100,18,4,28,20.128,533.9048404040404,0.03847405279803783,0.7725656565656566,54.266748116473224,121.0,35.2,62.368,0.4908685968819599,0.6675944333996023,0,0.3789452250050906,1.0
5,20,ewma,0.2,1.0,100,20,4,31,21.976,532.5445777777778,0.03420338324188928,0.7503434343434343,53.388056680161945,121.0,35.608,62.54,0.4938730853391685,0.676984126984127,0,0.3631578947368421,1.0
6,20,ewma,0.2,1.0,100,14,4,26,19.724,536.4798141414143,0.041466691764011646,0.8168484848484848,51.868129655727806,119.0,34.98,63.772,0.48954784763084547,0.6663218866363261,0,0.3605798268572579,1.0
7,20,ewma,0.2,1.0,100,22,4,28,19.956,532.0979676767678,0.037228106159094054,0.7397979797979798,51.62703147500514,119.0,34.996,61.928,0.49500440787540406,0.6693944353518821,0,0.36864842624974287,1.0
8,20,ewma,0.2,1.0,100,18,4,29,21.12,531.7563595959598,0.03514446430428678,0.7412525252525252,52.9979633401222,120.0,35.304,61.436,0.4921826572077967,0.6752055056394571,0,0.3696537678207739,1.0
9,20,ewma,0.2,1.0,100,22,4,31,22.16,532.7588202020203,0.03389262233770125,0.7496161616161616,54.38029850746268,122.0,34.964,62.628,0.49003869858105203,0.6655966767371602,0,0.373134328358209,1.0
10,20,ewma,0.2,1.0,100,23,3,34,22.912,530.7012,0.03143951750733897,0.7172525252525253,54.31003039513678,123.0,35.304,61.54,0.49188928004417753,0.6712901387041611,0,0.3706180344478217,1.0
11,20,ewma,0.2,1.0,100,15,4,28,19.072,534.4526868686869,0.04128792216909668,0.7842424242424243,52.20984139894266,120.0,35.2,62.144,0.49343813094894723,0.6701091192517536,0,0.37047580317202117,1.0
12,20,ewma,0.2,1.0,100,15,3,29,20.764,534.6352080808082,0.03796975470129131,0.7875959595959596,54.324939564867044,120.0,35.008,62.448,0.48927248584806765,0.65851865465907,0,0.38315874294923447,1.0
13,20,ewma,0.2,1.0,100,23,4,32,22.648,530.9509131313132,0.032050455575974385,0.7235555555555555,55.93295739348371,122.0,35.804,61.8,0.49233853644565373,0.6658720699245133,0,0.3815789473684211,1.0
14,20,ewma,0.2,1.0,100,17,4,28,18.228,534.1710666666668,0.04282822749969945,0.7782626262626263,53.43297350343474,119.0,34.548,61.184,0.4894141829393628,0.6702033598585323,0,0.38606476938174683,1.0
15,20,ewma,0.2,1.0,100,27,3,35,22.472,530.4441212121213,0.03159569352937173,0.707919191919192,54.08294838320948,121.0,34.964,61.644,0.4926667606825553,0.6696126363294471,0,0.3751757381000201,1.0
16,20,ewma,0.2,1.0,100,25,4,33,22.728,532.406294949495,0.03278576323445231,0.7418181818181817,51.161647203441916,121.0,35.788,63.94,0.4940039247038302,0.6734121418553396,0,0.3484941610325753,1.0
17,20,ewma,0.2,1.0,100,15,4,28,19.152,534.6623353535354,0.041132403824826226,0.7857373737373736,54.87207872078721,120.0,34.628,61.972,0.4908641975308642,0.6597183098591549,0,0.3901189011890119,1.0
18,20,ewma,0.2,1.0,100,25,4,33,22.068,530.9903959595961,0.03274697918356966,0.7186262626262626,55.657548125633234,123.0,35.312,61.844,0.49059427105600684,0.6673696319018405,0,0.37872340425531914,1.0
19,20,ewma,0.2,1.0,100,20,4,30,20.876,534.0019717171717,0.03702719873065489,0.7703838383838384,51.768366118024886,119.0,34.68,63.192,0.49040480845825185,0.6659603159314198,0,0.3631071858691289,1.0
20,20,ewma,0.2,1.0,100,20,4,32,21.344,533.0037898989899,0.03551924461699811,0.7546262626262625,54.09312233718807,122.0,34.368,62.024,0.49137451307735114,0.6693338295496837,0,0.37532968147697304,1.0
21,20,ewma,0.2,1.0,100,23,4,31,22.372,531.7369575757576,0.033013930679675084,0.7343434343434344,53.60462335591869,122.0,35.452,62.552,0.4902680866691149,0.6728334956183057,0,0.3614986050219211,1.0
22,20,ewma,0.2,1.0,100,19,4,28,19.84,532.4083474747475,0.0377379507150666,0.7464242424242425,53.30925553319919,120.0,34.332,61.108,0.4929085165019829,0.6715276542770763,0,0.3814889336016097,1.0
23,20,ewma,0.2,1.0,100,20,4,32,21.768,533.7995191919192,0.03552949043739419,0.7716767676767676,51.799469604243164,120.0,35.876,63.92,0.4911149433905676,0.6680236108284144,0,0.3580171358629131,1.0
24,20,ewma,0.2,1.0,100,18,4,26,19.412,533.8216808080808,0.03978851489917909,0.7709090909090909,53.441757355904876,120.0,35.192,62.6,0.4881748256775214,0.6658550290316538,0,0.3802902055622733,1.0
25,20,ewma,0.2,1.0,100,20,4,29,21.908,533.4783636363636,0.03497262855218476,0.7632727272727272,52.74064438663198,121.0,35.24,63.124,0.49195402298850577,0.672983114446529,0,0.36161697018210925,1.0
26,20,ewma,0.2,1.0,100,19,4,28,20.532,533.3318303030303,0.03723686453906187,0.7616565656565656,53.52174780526736,121.0,35.32,62.344,0.4896151053013798,0.6711281070745698,0,0.37390263367917,1.0
27,20,ewma,0.2,0.98,98,35,4,43,26.492,526.512325773196,0.02432702996158287,0.6388041237113401,58.99181501943933,127.0,35.132,59.896,0.4907896615736113,0.665903890160183,0,0.38714958051974624,1.0
28,20,ewma,0.2,1.0,100,25,4,33,23.328,532.3652363636364,0.03192016631665251,0.7392323232323232,53.82175410168119,123.0,34.94,63.18,0.49270286047869233,0.667063020214031,0,0.3605428397812437,1.0
29,20,ewma,0.2,1.0,100,15,4,28,19.644,536.881191919192,0.04194707417441322,0.8203232323232323,49.98975619750051,119.0,34.668,63.472,0.4950594300443935,0.6827572506952722,0,0.33886498668305676,1.0
30,20,ewma,0.2,1.0,100,21,3,31,23.196,533.3760525252526,0.032902672736078546,0.760929292929293,53.52742868541792,122.0,34.984,63.084,0.4911116197451743,0.668710402615982,0,0.36505086774386597,1.0
31,20,ewma,0.2,1.0,100,22,4,30,21.356,532.5686505050505,0.035133601368437004,0.7477171717171717,54.41690721649485,121.0,35.436,62.712,0.49128460524388456,0.6616954474097331,0,0.3837113402061856,1.0
32,20,ewma,0.2,1.0,100,17,4,28,19.784,533.1144121212122,0.038583863965309335,0.7622222222222221,54.0214964861513,120.0,35.596,61.816,0.4922619870111925,0.6688779378316907,0,0.378462174452253,1.0
33,20,ewma,0.2,1.0,100,22,4,28,19.196,532.8971191919193,0.039300850839852984,0.7497777777777779,52.934696308058754,118.0,34.4,61.78,0.4900750508522129,0.6666666666666666,0,0.38169908693926163,1.0
34,20,ewma,0.2,1.0,100,19,4,30,21.132,535.1425696969699,0.03757598444656673,0.7892525252525252,52.667456088415236,122.0,34.88,63.48,0.4893097580824147,0.6720810242690617,0,0.35938425103611604,1.0
35,20,ewma,0.2,1.0,100,20,4,31,21.784,532.6513292929293,0.034575228517545006,0.7506666666666666,54.34080984517666,122.0,35.204,62.06,0.4924328954882924,0.6720717283479588,0,0.36423183803096465,1.0
36,20,ewma,0.2,1.0,100,19,4,31,21.848,533.4506626262628,0.03515153370600508,0.7651717171717171,54.05252274607113,122.0,35.328,62.78,0.49224061483890036,0.6708937198067633,0,0.369520264681555,1.0
37,20,ewma,0.2,1.0,100,22,3,32,22.616,531.548488888889,0.03250028011202872,0.7323232323232324,54.29262295081967,122.0,35.396,62.144,0.4938066569787558,0.6767314587658049,0,0.3655737704918033,1.0
38,20,ewma,0.2,1.0,100,28,4,36,22.824,528.7374424242425,0.030052338775655316,0.6814949494949494,57.295957749339834,124.0,35.644,60.752,0.4923118607329134,0.6724986331328595,0,0.3849278894982734,1.0
39,20,ewma,0.2,1.0,100,29,4,38,24.264,530.0060323232324,0.028990057302320484,0.7005656565656566,55.94957145704604,124.0,35.728,62.356,0.4893538642893981,0.6696928723198764,0,0.37333067570261114,1.0
0,20,oracle,0.2,1.0,100,20,4,30,12.6,523.7417696969698,0.04088158386803663,0.5132929292929294,9.739052902714484,14.0,0.0,29.76,1.0,1.0,0,0.0,1.0
1,20,oracle,0.2,1.0,100,24,4,33,12.488,521.7631030303031,0.038978432767296636,0.4835959595959596,8.77500495147554,14.0,0.0,29.088,1.0,1.0,0,0.0,1.0
2,20,oracle,0.2,1.0,100,19,4,30,12.08,523.188092929293,0.04188520203306299,0.505010101010101,8.781705612143,14.0,0.0,29.644,1.0,1.0,0,0.0,1.0
3,20,oracle,0.2,1.0,100,24,4,33,12.932,522.5317333333334,0.03858442558299956,0.4952323232323232,9.089845299484331,14.0,0.0,29.616,1.0,1.0,0,0.0,1.0
4,20,oracle,0.2,1.0,100,18,4,28,11.848,523.5459232323233,0.04310987070630564,0.5102222222222221,9.263490124210955,14.0,0.0,29.344,1.0,1.0,0,0.0,1.0
5,20,oracle,0.2,1.0,100,20,4,31,12.548,522.4004444444445,0.03937851435551971,0.49313131313131314,8.950202429149797,14.0,0.0,29.224,1.0,1.0,0,0.0,1.0
6,20,oracle,0.2,1.0,100,14,4,26,12.128,525.4669696969698,0.04437022937780513,0.5393939393939395,9.064223877592108,13.0,0.0,30.9,1.0,1.0,0,0.0,1.0
7,20,oracle,0.2,1.0,100,22,4,28,11.748,522.6394666666667,0.042310117043450376,0.49672727272727263,8.120757045875335,13.0,0.0,29.328,1.0,1.0,0,0.0,1.0
8,20,oracle,0.2,1.0,100,18,4,29,12.428,521.1612323232323,0.03817981043845572,0.4743434343434343,8.751934826883911,13.0,0.0,28.3,1.0,1.0,0,0.0,1.0
9,20,oracle,0.2,1.0,100,22,4,31,12.764,522.8646868686869,0.039285853335942464,0.5002020202020203,9.230646766169155,15.0,0.0,29.656,1.0,1.0,0,0.0,1.0
10,20,oracle,0.2,1.0,100,23,3,34,12.628,521.0189333333335,0.037510789945652497,0.47224242424242424,9.223100303951368,14.0,0.0,28.344,1.0,1.0,0,0.0,1.0
11,20,oracle,0.2,1.0,100,15,4,28,10.944,523.5604444444444,0.04682936193996799,0.5103030303030303,8.521960146400977,13.0,0.0,28.984,1.0,1.0,0,0.0,1.0
12,20,oracle,0.2,1.0,100,15,3,29,12.54,523.7759797979799,0.04101179775529151,0.5137373737373738,9.186543110394842,14.0,0.0,29.588,1.0,1.0,0,0.0,1.0
13,20,oracle,0.2,1.0,100,23,4,32,12.716,520.7770303030303,0.03688732752464341,0.4684848484848485,9.238304093567251,14.0,0.0,27.924,1.0,1.0,0,0.0,1.0
14,20,oracle,0.2,1.0,100,17,4,28,10.396,523.4992323232324,0.04910220408099196,0.5092929292929294,8.101864573110893,12.0,0.0,28.72,1.0,1.0,0,0.0,1.0
15,20,oracle,0.2,1.0,100,27,3,35,12.632,521.3633050505051,0.037892514928789436,0.47753535353535354,8.675035147620004,14.0,0.0,28.792,1.0,1.0,0,0.0,1.0
16,20,oracle,0.2,1.0,100,25,4,33,13.36,522.9792444444446,0.03767449817454509,0.5021818181818182,9.073345625896332,14.0,0.0,30.388,1.0,1.0,0,0.0,1.0
17,20,oracle,0.2,1.0,100,15,4,28,11.24,523.9597252525253,0.0459531318288894,0.5164040404040404,8.74989749897499,13.0,0.0,29.408,1.0,1.0,0,0.0,1.0
18,20,oracle,0.2,1.0,100,25,4,33,11.948,521.5444363636365,0.040548445464220866,0.4801616161616162,8.97223910840932,14.0,0.0,28.608,1.0,1.0,0,0.0,1.0
19,20,oracle,0.2,1.0,100,20,4,30,12.92,524.0283676767677,0.04025145181286001,0.51789898989899,8.935568044961864,14.0,0.0,30.668,1.0,1.0,0,0.0,1.0
20,20,oracle,0.2,1.0,100,20,4,32,12.488,522.8138181818182,0.040156373368494584,0.49939393939393945,9.099614526273077,14.0,0.0,29.52,1.0,1.0,0,0.0,1.0
21,20,oracle,0.2,1.0,100,23,4,31,12.656,522.163595959596,0.038878226684484304,0.48969696969696974,9.131925069748904,14.0,0.0,29.464,1.0,1.0,0,0.0,1.0
22,20,oracle,0.2,1.0,100,19,4,28,11.476,522.0054181818182,0.04242837162837163,0.48698989898989903,8.187323943661973,13.0,0.0,28.524,1.0,1.0,0,0.0,1.0
23,20,oracle,0.2,1.0,100,20,4,32,12.928,523.2177090909091,0.03900950759480172,0.5056161616161616,8.851693186454508,14.0,0.0,30.084,1.0,1.0,0,0.0,1.0
24,20,oracle,0.2,1.0,100,18,4,26,11.836,523.2664525252526,0.04274928006238166,0.5061010101010102,8.98528819024587,14.0,0.0,29.444,1.0,1.0,0,0.0,1.0
25,20,oracle,0.2,1.0,100,20,4,29,12.648,523.2092848484849,0.04014898279907193,0.5054141414141413,9.149889933960376,15.0,0.0,29.88,1.0,1.0,0,0.0,1.0
26,20,oracle,0.2,1.0,100,19,4,28,11.812,523.1441050505051,0.04267166572451778,0.5041616161616161,9.075219473264166,14.0,0.0,29.128,1.0,1.0,0,0.0,1.0
27,20,oracle,0.2,0.98,98,35,4,43,13.064,518.7677360824742,0.033872468206808,0.43847422680412373,9.181501943932883,15.0,0.0,27.072,1.0,1.0,0,0.0,1.0
28,20,oracle,0.2,1.0,100,25,4,33,13.848,523.1906101010102,0.03661399985975462,0.5053737373737374,9.808385659307271,16.0,0.0,30.512,1.0,1.0,0,0.0,1.0
29,20,oracle,0.2,1.0,100,15,4,28,11.892,525.9217252525253,0.045923867727967554,0.5461010101010102,9.101413644744929,13.0,0.0,30.74,1.0,1.0,0,0.0,1.0
30,20,oracle,0.2,1.0,100,21,3,31,13.928,523.6063313131314,0.0367209189919857,0.5115555555555555,9.639736684619988,15.0,0.0,30.5,1.0,1.0,0,0.0,1.0
31,20,oracle,0.2,1.0,100,22,4,30,12.556,522.7806303030303,0.039883651988732206,0.4989090909090909,9.11340206185567,14.0,0.0,29.544,1.0,1.0,0,0.0,1.0
32,20,oracle,0.2,1.0,100,17,4,28,11.524,522.4493131313131,0.04282846311937222,0.4935353535353536,8.97664324100868,13.0,0.0,28.364,1.0,1.0,0,0.0,1.0
33,20,oracle,0.2,1.0,100,22,4,28,11.12,523.364387878788,0.04593889668132092,0.5075959595959596,7.977768955934895,12.0,0.0,29.544,1.0,1.0,0,0.0,1.0
34,20,oracle,0.2,1.0,100,19,4,30,12.444,524.9109939393938,0.04275124592513184,0.5310303030303031,9.600157884349715,15.0,0.0,30.66,1.0,1.0,0,0.0,1.0
35,20,oracle,0.2,1.0,100,20,4,31,12.336,522.8371797979798,0.04063429920248102,0.4996363636363636,9.338427947598253,14.0,0.0,29.24,1.0,1.0,0,0.0,1.0
36,20,oracle,0.2,1.0,100,19,4,31,12.672,522.9207191919193,0.03968332008323096,0.500969696969697,9.343465674110835,14.0,0.0,29.48,1.0,1.0,0,0.0,1.0
37,20,oracle,0.2,1.0,100,22,3,32,13.128,521.6905131313132,0.03694424602927277,0.4824646464646465,9.554918032786885,15.0,0.0,28.952,1.0,1.0,0,0.0,1.0
38,20,oracle,0.2,1.0,100,28,4,36,11.784,519.7998505050506,0.038880066839096755,0.45369696969696977,9.066422912858014,14.0,0.0,27.268,1.0,1.0,0,0.0,1.0
39,20,oracle,0.2,1.0,100,29,4,38,13.268,521.1579515151517,0.035839350367068736,0.4745050505050505,9.608132350009965,15.0,0.0,28.86,1.0,1.0,0,0.0,1.0
0,20,csma,0.2,1.0,100,20,4,30,30.0,2032.9625373737379,1.0,30.0,13.912001696352842,26.0,nan,nan,nan,nan,0,0.0,0.9336764997030291
1,20,csma,0.2,1.0,100,24,4,33,33.0,2174.7272161616165,1.0,33.0,14.85910990902385,28.0,nan,nan,nan,nan,0,0.0,0.8274669379450661
2,20,csma,0.2,1.0,100,19,4,30,30.0,2033.6795030303033,1.0,30.0,15.47689977278465,27.0,nan,nan,nan,nan,0,0.0,0.8146853146853147
3,20,csma,0.2,1.0,100,24,4,33,33.0,2175.845911111112,1.0,33.0,14.790525370453524,27.0,nan,nan,nan,nan,0,0.0,0.8844320889594917
4,20,csma,0.2,1.0,100,18,4,28,28.0,1938.678573737374,1.0,28.0,14.833747458775695,26.0,nan,nan,nan,nan,0,0.0,0.9105306458247635
5,20,csma,0.2,1.0,100,20,4,31,31.0,2078.7908040404045,1.0,31.0,15.138838060384263,27.0,nan,nan,nan,nan,0,0.0,0.8607993699547155
6,20,csma,0.2,1.0,100,14,4,26,26.0,1857.9881737373742,1.0,26.0,19.060978549047963,102.0,nan,nan,nan,nan,0,0.0,0.8240317775571003
7,20,csma,0.2,1.0,100,22,4,28,28.0,1939.0432686868692,1.0,28.0,15.393953597375205,26.0,nan,nan,nan,nan,0,0.0,0.8676291175274502
8,20,csma,0.2,1.0,100,18,4,29,29.0,2004.8399313131317,1.0,29.0,16.373747016706442,28.0,nan,nan,nan,nan,0,0.0,0.8369956052736716
9,20,csma,0.2,1.0,100,22,4,31,31.0,2072.33555959596,1.0,31.0,14.837932647333957,27.0,nan,nan,nan,nan,0,0.0,0.8624445340863252
10,20,csma,0.2,1.0,100,23,3,34,34.0,2227.2119636363636,1.0,34.0,15.657163053722902,29.0,nan,nan,nan,nan,0,0.0,0.8573737373737373
11,20,csma,0.2,1.0,100,15,4,28,28.0,1938.851737373738,1.0,28.0,15.178965021562052,26.0,nan,nan,nan,nan,0,0.0,0.8459667612484799
12,20,csma,0.2,1.0,100,15,3,29,29.0,1997.4308888888893,1.0,29.0,15.248241434082143,27.0,nan,nan,nan,nan,0,0.0,0.8935523114355232
13,20,csma,0.2,1.0,100,23,4,32,32.0,2136.9082666666673,1.0,32.0,14.761361041333638,28.0,nan,nan,nan,nan,0,0.0,0.8988095238095238
14,20,csma,0.2,1.0,100,17,4,28,28.0,1924.8970141414145,1.0,28.0,14.03267512929008,25.0,nan,nan,nan,nan,0,0.0,0.8518221866239487
15,20,csma,0.2,1.0,100,27,3,35,35.0,2261.792355555556,1.0,35.0,14.609508041627247,28.0,nan,nan,nan,nan,0,0.0,0.8719323571870489
16,20,csma,0.2,1.0,100,25,4,33,33.0,2174.251793939394,1.0,33.0,15.648543689320388,29.0,nan,nan,nan,nan,0,0.0,0.8394458027709861
17,20,csma,0.2,1.0,100,15,4,28,28.0,1933.6352404040408,1.0,28.0,14.695622590156498,26.0,nan,nan,nan,nan,0,0.0,0.8830362507510515
18,20,csma,0.2,1.0,100,25,4,33,33.0,2162.764024242425,1.0,33.0,15.181123058542413,28.0,nan,nan,nan,nan,0,0.0,0.8499187652315191
19,20,csma,0.2,1.0,100,20,4,30,30.0,2033.0272525252528,1.0,30.0,15.387346381429222,28.0,nan,nan,nan,nan,0,0.0,0.8837489943684634
20,20,csma,0.2,1.0,100,20,4,32,32.0,2119.48336969697,1.0,32.0,15.089898053753476,27.0,nan,nan,nan,nan,0,0.0,0.8824371294213862
21,20,csma,0.2,1.0,100,23,4,31,31.0,2087.3019151515155,1.0,31.0,15.493232011398717,28.0,nan,nan,nan,nan,0,0.0,0.8376765466481002
22,20,csma,0.2,1.0,100,19,4,28,28.0,1937.2301737373741,1.0,28.0,14.591155022347683,25.0,nan,nan,nan,nan,0,0.0,0.8659604807496435
23,20,csma,0.2,1.0,100,20,4,32,32.0,2128.7771757575756,1.0,32.0,15.908454106280193,29.0,nan,nan,nan,nan,0,0.0,0.8404384896467723
24,20,csma,0.2,1.0,100,18,4,26,26.0,1864.2901818181822,1.0,26.0,18.691098317094774,102.0,nan,nan,nan,nan,0,0.0,0.8863591756624142
25,20,csma,0.2,1.0,100,20,4,29,29.0,1993.3942868686872,1.0,29.0,15.867597496389022,27.0,nan,nan,nan,nan,0,0.0,0.8444805854848546
26,20,csma,0.2,1.0,100,19,4,28,28.0,1944.4112888888894,1.0,28.0,15.806429548563612,26.0,nan,nan,nan,nan,0,0.0,0.8903775883069428
27,20,csma,0.2,0.98,98,35,4,43,43.0,2640.093080412372,1.0,43.0,16.043704991308665,29.0,nan,nan,nan,nan,0,0.0,0.8151821862348179
28,20,csma,0.2,1.0,100,25,4,33,33.0,2166.079094949495,1.0,33.0,14.325265776973536,28.0,nan,nan,nan,nan,0,0.0,0.9081758422350041
29,20,csma,0.2,1.0,100,15,4,28,28.0,1936.9946707070712,1.0,28.0,14.514260249554367,26.0,nan,nan,nan,nan,0,0.0,0.9200492004920049
30,20,csma,0.2,1.0,100,21,3,31,31.0,2090.170274747475,1.0,31.0,15.318139963167587,28.0,nan,nan,nan,nan,0,0.0,0.8717639975918121
31,20,csma,0.2,1.0,100,22,4,30,30.0,2037.354872727273,1.0,30.0,15.208285385500576,27.0,nan,nan,nan,nan,0,0.0,0.886734693877551
32,20,csma,0.2,1.0,100,17,4,28,28.0,1945.6779717171723,1.0,28.0,15.98299395837995,26.0,nan,nan,nan,nan,0,0.0,0.8997382725991544
33,20,csma,0.2,1.0,100,22,4,28,28.0,1940.6299595959601,1.0,28.0,14.787972426907535,26.0,nan,nan,nan,nan,0,0.0,0.839888201237772
34,20,csma,0.2,1.0,100,19,4,30,30.0,2035.7202626262629,1.0,30.0,15.054467702003151,27.0,nan,nan,nan,nan,0,0.0,0.905625764370159
35,20,csma,0.2,1.0,100,20,4,31,31.0,2073.0995797979804,1.0,31.0,14.46978207144462,27.0,nan,nan,nan,nan,0,0.0,0.8986472844740562
36,20,csma,0.2,1.0,100,19,4,31,31.0,2079.521923232324,1.0,31.0,14.798579285059578,27.0,nan,nan,nan,nan,0,0.0,0.8807265388496468
37,20,csma,0.2,1.0,100,22,3,32,32.0,2119.273943434344,1.0,32.0,14.643795620437956,27.0,nan,nan,nan,nan,0,0.0,0.872982158028887
38,20,csma,0.2,1.0,100,28,4,36,36.0,2309.287644444445,1.0,36.0,14.819579096713172,27.0,nan,nan,nan,nan,0,0.0,0.8552072800808898
39,20,csma,0.2,1.0,100,29,4,38,38.0,2403.6555070707077,1.0,38.0,15.22027972027972,29.0,nan,nan,nan,nan,0,0.0,0.8642224012892828
