net,traffic,scheme,lam,frame_len,energy_uC,duty_b,radio_on,latency,latency_p95,wasted,granted,removal,service,failed,delayed,pdr
0,memoryless,dbaps,0.0,15.624,544.7590122448981,0.06106464644851579,0.9497142857142857,43.473305338932214,116.0,35.48,67.816,0.44197832925550506,0.6927542963307014,0,0.3077384523095381,1.0
1,memoryless,dbaps,0.0,14.84,548.3736000000001,0.06762062525181955,1.000969696969697,41.69875076797051,115.0,35.048,70.192,0.4468226157780093,0.6962882687618531,0,0.28548023755887775,1.0
2,memoryless,dbaps,0.0,15.876,546.5091838383839,0.06128006975060639,0.9703434343434344,42.167368210062136,116.0,34.708,69.888,0.4449807812639671,0.6952990401181393,0,0.28863499699338546,1.0
3,memoryless,dbaps,0.0,14.352,543.7143795918369,0.06513359167842961,0.9334285714285714,41.320468076370354,114.0,35.48,67.956,0.4469000421762969,0.6957780458383594,0,0.30055430096489427,1.0
4,memoryless,dbaps,0.0,14.52,545.781486868687,0.06649614483687567,0.9629494949494949,43.064007976071785,115.0,35.508,68.716,0.4424442190669371,0.6926210955183341,0,0.30767696909272185,1.0
5,memoryless,dbaps,0.0,15.22,545.4027041666667,0.06275064156707442,0.9532916666666668,42.39706806282722,115.0,33.672,67.356,0.4431208053691275,0.6875288683602772,0,0.30387434554973825,1.0
6,memoryless,dbaps,0.0,15.492,546.2537292929294,0.0629050612365886,0.9718383838383838,42.95781933943494,116.0,35.008,69.104,0.44354197934139666,0.6913491492930746,0,0.301233585356148,1.0
7,memoryless,dbaps,0.0,13.864,542.5572363636364,0.06595996726584961,0.9126868686868687,41.728600405679515,114.0,36.396,68.292,0.44589972470176026,0.6945812807881774,0,0.30324543610547666,1.0
8,memoryless,dbaps,0.0,17.124,543.0108606060606,0.053794766153847685,0.9177777777777778,43.713396264310106,117.0,36.136,69.424,0.44430538172715894,0.6936515748031497,0,0.30006025306286405,1.0
9,memoryless,dbaps,0.0,15.748,543.4596282828284,0.05930560474193085,0.9282020202020204,43.257286432160804,117.0,36.84,68.752,0.4437814338078595,0.692668072148044,0,0.30110552763819093,1.0
10,memoryless,dbaps,0.0,16.04,547.0492404040405,0.06160691630351073,0.9827474747474747,43.58152610441767,117.0,35.36,68.804,0.44458867434690896,0.6900994575045208,0,0.30542168674698794,1.0
11,memoryless,dbaps,0.0,16.712,545.0403111111112,0.05718027131107627,0.9538585858585859,43.93834921922531,116.0,35.96,69.564,0.44410238367490545,0.6925683853788429,0,0.30054755627661733,1.0
12,memoryless,dbaps,0.0,14.172,544.4696202020202,0.0666720732822337,0.9423434343434343,41.832339024892,114.0,35.54,68.728,0.44637223974763407,0.6917221693625119,0,0.3024069121579922,1.0
13,memoryless,dbaps,0.0,15.056,545.6122707070708,0.06362439107733225,0.9566060606060605,41.459,115.0,34.988,69.4,0.4449560485558811,0.6940766550522648,0,0.2928,1.0
14,memoryless,dbaps,0.0,14.184,543.9723191919192,0.06632121473297943,0.9396767676767677,41.874438546345445,114.0,36.164,68.784,0.4461743401881609,0.69379570653456,0,0.3035933033891384,1.0
15,memoryless,dbaps,0.0,14.204,545.4824282828283,0.06761019906019905,0.9572929292929293,41.42914572864321,114.0,35.584,69.996,0.4440328129134692,0.6927696372808071,0,0.29628140703517586,1.0
16,memoryless,dbaps,0.0,14.916,546.1272938271605,0.0652743756001926,0.9712592592592593,42.21479478987466,115.0,28.676,56.448,0.4447066394937252,0.6968193755471258,0,0.29958220693044973,1.0
17,memoryless,dbaps,0.0,15.904,546.3087666666668,0.06119643653148394,0.97175,41.195716085678285,115.0,34.584,68.6,0.44448532793671236,0.6896107244135087,0,0.2872742545149097,1.0
18,memoryless,dbaps,0.0,15.948,545.4548848484849,0.06006512824216642,0.9555959595959596,42.769555600241304,115.0,35.016,69.72,0.4417649628658803,0.6898954703832753,0,0.30384073999597827,1.0
19,memoryless,dbaps,0.0,15.804,544.9600404040405,0.06033056605703664,0.9525656565656566,42.39423076923077,115.0,35.484,69.252,0.4454267256035362,0.6973559962228517,0,0.297275641025641,1.0
20,memoryless,dbaps,0.0,13.996,545.9745858585859,0.06911719162200444,0.9658181818181818,40.94307439375257,114.0,35.188,68.964,0.4475371120107962,0.7000482625482626,0,0.2942868886148787,1.0
21,memoryless,dbaps,0.0,14.476,546.9659272727274,0.06800913150030798,0.9815757575757575,43.179310344827584,115.0,35.028,68.808,0.4431663258350375,0.6866791744840526,0,0.3058823529411765,1.0
22,memoryless,dbaps,0.0,14.108,544.7101666666666,0.06743454670329671,0.95075,42.725963574756456,114.0,34.904,66.32,0.4461915631076169,0.695276912011508,0,0.30792037272342226,1.0
23,memoryless,dbaps,0.0,15.552,548.0468958333335,0.06442182412494912,1.0014166666666668,42.33882000855066,116.0,34.124,67.728,0.4477966721521302,0.6983210912906611,0,0.28559213339033773,1.0
24,memoryless,dbaps,0.0,14.532,545.5405090909092,0.06648365643071526,0.9642424242424242,42.72037149202504,114.0,35.428,68.532,0.4456968108344255,0.693711467324291,0,0.30304865737936604,1.0
25,memoryless,dbaps,0.0,15.096,543.6230612244898,0.061834859438280806,0.9330612244897959,42.32410824108241,115.0,36.012,68.196,0.44517844886753605,0.688324377137274,0,0.3038130381303813,1.0
26,memoryless,dbaps,0.0,16.652,544.3885414141414,0.05682038657745572,0.945939393939394,41.78300363342753,116.0,36.052,69.436,0.4464673913043478,0.7025252525252526,0,0.28825191764230923,1.0
27,memoryless,dbaps,0.0,14.432,546.606298989899,0.06756071658151122,0.971111111111111,40.07479838709678,114.0,34.736,70.204,0.44513258897418007,0.688800792864222,0,0.28850806451612904,1.0
28,memoryless,dbaps,0.0,14.416,543.184383838384,0.06400193390487507,0.9212929292929293,42.82144304823672,114.0,35.648,68.476,0.44445387422557925,0.6891154849419018,0,0.31191730847182814,1.0
29,memoryless,dbaps,0.0,15.152,545.6019313131313,0.06384109659403776,0.9663030303030303,40.96193628465039,114.0,36.144,69.976,0.4465530938299938,0.6911502167814333,0,0.28920148944973106,1.0
30,memoryless,dbaps,0.0,13.704,546.3026608695652,0.07184113407904968,0.981,44.121258802816904,114.0,33.508,63.38,0.44455958549222796,0.6942446043165468,0,0.3158010563380282,1.0
31,memoryless,dbaps,0.0,13.696,545.5794383838384,0.07035141110622394,0.9615757575757576,41.13213572854291,114.0,35.656,69.26,0.444359171143515,0.6941259068570091,0,0.2932135728542914,1.0
32,memoryless,dbaps,0.0,15.688,544.797595959596,0.06080954533751231,0.9509090909090909,43.35724417426545,115.0,35.852,69.36,0.4426642060229847,0.6874566874566874,0,0.30962512664640324,1.0
33,memoryless,dbaps,0.0,15.596,548.7718262626262,0.06494905618785907,1.0116767676767677,41.43046357615894,115.0,34.78,70.76,0.4442458899213724,0.69295219319862,0,0.28436684728075456,1.0
34,memoryless,dbaps,0.0,14.58,546.4155353535355,0.06697406380507985,0.9755151515151514,43.93298344771902,115.0,35.34,69.328,0.4406004027091342,0.6821305841924399,0,0.31308033911990313,1.0
35,memoryless,dbaps,0.0,19.208,540.8739555555557,0.04609748996541276,0.8824646464646464,44.637149917627674,119.0,36.932,69.852,0.44427495471446277,0.6891784099973411,0,0.3008649093904448,1.0
36,memoryless,dbaps,0.0,15.868,541.4893833333334,0.05664821193490892,0.89625,44.7858947368421,116.0,34.6,65.088,0.4461744122041362,0.6986543128171189,0,0.3174736842105263,1.0
37,memoryless,dbaps,0.0,16.544,548.5967242105263,0.06106374941481671,1.008084210526316,42.397905759162306,117.0,34.044,67.748,0.44457640538400633,0.6911684037301152,0,0.2843979057591623,1.0
38,memoryless,dbaps,0.0,13.996,544.7447515151516,0.06831802689289321,0.953979797979798,44.28928136419001,114.0,36.284,68.324,0.44348113285442986,0.6874003189792663,0,0.3221680876979294,1.0
39,memoryless,dbaps,0.0,14.82,544.0558626262628,0.06346357509592804,0.9393939393939393,42.099602427286044,114.0,36.116,69.244,0.44652027625287766,0.6948938321536906,0,0.30257376020087884,1.0
40,memoryless,dbaps,0.0,14.38,548.4895151515151,0.07024822395865178,1.0065050505050506,42.427691696464045,115.0,35.144,69.78,0.4438146648672964,0.6960096735187424,0,0.2967818831942789,1.0
41,memoryless,dbaps,0.0,14.796,544.2643434343435,0.06370906326788679,0.9415353535353536,44.38539392736654,115.0,35.56,68.028,0.44294268605645853,0.6902552204176334,0,0.31772177019249853,1.0
42,memoryless,dbaps,0.0,14.212,546.5383595959597,0.06882799975821366,0.9758383838383838,42.70860128617363,114.0,35.472,69.096,0.4427546138072454,0.6890130353817505,0,0.30727491961414793,1.0
43,memoryless,dbaps,0.0,14.572,544.3325557894736,0.0650593452986642,0.9414736842105262,43.72239948947033,115.0,34.056,65.2,0.4436462324393359,0.6833631484794276,0,0.3229100191448628,1.0
44,memoryless,dbaps,0.0,15.076,543.8498585858586,0.0622082843082843,0.9362424242424242,42.12928759894459,115.0,36.496,69.008,0.44656927117531187,0.6992585727525487,0,0.29592043840064947,1.0
45,memoryless,dbaps,0.0,13.996,546.5686666666668,0.070073187596717,0.9794343434343434,42.76111111111111,114.0,35.272,68.708,0.4456824512534819,0.6888995906573562,0,0.30843621399176957,1.0
46,memoryless,dbaps,0.0,15.572,545.076306122449,0.0616211706487106,0.9576734693877552,43.56881496881497,116.0,35.6,68.372,0.44539502400698383,0.6902348578491966,0,0.30374220374220373,1.0
47,memoryless,dbaps,0.0,14.964,542.6798545454546,0.06085056399664242,0.9087676767676768,41.95524532950113,115.0,35.744,68.656,0.44710239987653366,0.6976436908170006,0,0.29911722438924243,1.0
48,memoryless,dbaps,0.0,15.056,543.4016530612246,0.06172077475678916,0.9263673469387755,42.142073170731706,115.0,36.356,68.84,0.4435120572387598,0.6939459200765733,0,0.2967479674796748,1.0
49,memoryless,dbaps,0.0,14.808,543.3686747474749,0.06254962281726988,0.924040404040404,43.88554703270085,114.0,35.796,68.56,0.44212906873435104,0.6886772028577615,0,0.3187323375050464,1.0
0,memoryless,ewma,0.0,15.624,544.7590122448981,0.06106464644851579,0.9497142857142857,43.473305338932214,116.0,35.48,67.816,0.44197832925550506,0.6927542963307014,0,0.3077384523095381,1.0
1,memoryless,ewma,0.0,14.84,548.3736000000001,0.06762062525181955,1.000969696969697,41.69875076797051,115.0,35.048,70.192,0.4468226157780093,0.6962882687618531,0,0.28548023755887775,1.0
2,memoryless,ewma,0.0,15.876,546.5091838383839,0.06128006975060639,0.9703434343434344,42.167368210062136,116.0,34.708,69.888,0.4449807812639671,0.6952990401181393,0,0.28863499699338546,1.0
3,memoryless,ewma,0.0,14.352,543.7143795918369,0.06513359167842961,0.9334285714285714,41.320468076370354,114.0,35.48,67.956,0.4469000421762969,0.6957780458383594,0,0.30055430096489427,1.0
4,memoryless,ewma,0.0,14.52,545.781486868687,0.06649614483687567,0.9629494949494949,43.064007976071785,115.0,35.508,68.716,0.4424442190669371,0.6926210955183341,0,0.30767696909272185,1.0
5,memoryless,ewma,0.0,15.22,545.4027041666667,0.06275064156707442,0.9532916666666668,42.39706806282722,115.0,33.672,67.356,0.4431208053691275,0.6875288683602772,0,0.30387434554973825,1.0
6,memoryless,ewma,0.0,15.492,546.2537292929294,0.0629050612365886,0.9718383838383838,42.95781933943494,116.0,35.008,69.104,0.44354197934139666,0.6913491492930746,0,0.301233585356148,1.0
7,memoryless,ewma,0.0,13.864,542.5572363636364,0.06595996726584961,0.9126868686868687,41.728600405679515,114.0,36.396,68.292,0.44589972470176026,0.6945812807881774,0,0.30324543610547666,1.0
8,memoryless,ewma,0.0,17.124,543.0108606060606,0.053794766153847685,0.9177777777777778,43.713396264310106,117.0,36.136,69.424,0.44430538172715894,0.6936515748031497,0,0.30006025306286405,1.0
9,memoryless,ewma,0.0,15.748,543.4596282828284,0.05930560474193085,0.9282020202020204,43.257286432160804,117.0,36.84,68.752,0.4437814338078595,0.692668072148044,0,0.30110552763819093,1.0
10,memoryless,ewma,0.0,16.04,547.0492404040405,0.06160691630351073,0.9827474747474747,43.58152610441767,117.0,35.36,68.804,0.44458867434690896,0.6900994575045208,0,0.30542168674698794,1.0
11,memoryless,ewma,0.0,16.712,545.0403111111112,0.05718027131107627,0.9538585858585859,43.93834921922531,116.0,35.96,69.564,0.44410238367490545,0.6925683853788429,0,0.30054755627661733,1.0
12,memoryless,ewma,0.0,14.172,544.4696202020202,0.0666720732822337,0.9423434343434343,41.832339024892,114.0,35.54,68.728,0.44637223974763407,0.6917221693625119,0,0.3024069121579922,1.0
13,memoryless,ewma,0.0,15.056,545.6122707070708,0.06362439107733225,0.9566060606060605,41.459,115.0,34.988,69.4,0.4449560485558811,0.6940766550522648,0,0.2928,1.0
14,memoryless,ewma,0.0,14.184,543.9723191919192,0.06632121473297943,0.9396767676767677,41.874438546345445,114.0,36.164,68.784,0.4461743401881609,0.69379570653456,0,0.3035933033891384,1.0
15,memoryless,ewma,0.0,14.204,545.4824282828283,0.06761019906019905,0.9572929292929293,41.42914572864321,114.0,35.584,69.996,0.4440328129134692,0.6927696372808071,0,0.29628140703517586,1.0
16,memoryless,ewma,0.0,14.916,546.1272938271605,0.0652743756001926,0.9712592592592593,42.21479478987466,115.0,28.676,56.448,0.4447066394937252,0.6968193755471258,0,0.29958220693044973,1.0
17,memoryless,ewma,0.0,15.904,546.3087666666668,0.06119643653148394,0.97175,41.195716085678285,115.0,34.584,68.6,0.44448532793671236,0.6896107244135087,0,0.2872742545149097,1.0
18,memoryless,ewma,0.0,15.948,545.4548848484849,0.06006512824216642,0.9555959595959596,42.769555600241304,115.0,35.016,69.72,0.4417649628658803,0.6898954703832753,0,0.30384073999597827,1.0
19,memoryless,ewma,0.0,15.804,544.9600404040405,0.06033056605703664,0.9525656565656566,42.39423076923077,115.0,35.484,69.252,0.4454267256035362,0.6973559962228517,0,0.297275641025641,1.0
20,memoryless,ewma,0.0,13.996,545.9745858585859,0.06911719162200444,0.9658181818181818,40.94307439375257,114.0,35.188,68.964,0.4475371120107962,0.7000482625482626,0,0.2942868886148787,1.0
21,memoryless,ewma,0.0,14.476,546.9659272727274,0.06800913150030798,0.9815757575757575,43.179310344827584,115.0,35.028,68.808,0.4431663258350375,0.6866791744840526,0,0.3058823529411765,1.0
22,memoryless,ewma,0.0,14.108,544.7101666666666,0.06743454670329671,0.95075,42.725963574756456,114.0,34.904,66.32,0.4461915631076169,0.695276912011508,0,0.30792037272342226,1.0
23,memoryless,ewma,0.0,15.552,548.0468958333335,0.06442182412494912,1.0014166666666668,42.33882000855066,116.0,34.124,67.728,0.4477966721521302,0.6983210912906611,0,0.28559213339033773,1.0
24,memoryless,ewma,0.0,14.532,545.5405090909092,0.06648365643071526,0.9642424242424242,42.72037149202504,114.0,35.428,68.532,0.4456968108344255,0.693711467324291,0,0.30304865737936604,1.0
25,memoryless,ewma,0.0,15.096,543.6230612244898,0.061834859438280806,0.9330612244897959,42.32410824108241,115.0,36.012,68.196,0.44517844886753605,0.688324377137274,0,0.3038130381303813,1.0
26,memoryless,ewma,0.0,16.652,544.3885414141414,0.05682038657745572,0.945939393939394,41.78300363342753,116.0,36.052,69.436,0.4464673913043478,0.7025252525252526,0,0.28825191764230923,1.0
27,memoryless,ewma,0.0,14.432,546.606298989899,0.06756071658151122,0.971111111111111,40.07479838709678,114.0,34.736,70.204,0.44513258897418007,0.688800792864222,0,0.28850806451612904,1.0
28,memoryless,ewma,0.0,14.416,543.184383838384,0.06400193390487507,0.9212929292929293,42.82144304823672,114.0,35.648,68.476,0.44445387422557925,0.6891154849419018,0,0.31191730847182814,1.0
29,memoryless,ewma,0.0,15.152,545.6019313131313,0.06384109659403776,0.9663030303030303,40.96193628465039,114.0,36.144,69.976,0.4465530938299938,0.6911502167814333,0,0.28920148944973106,1.0
30,memoryless,ewma,0.0,13.704,546.3026608695652,0.07184113407904968,0.981,44.121258802816904,114.0,33.508,63.38,0.44455958549222796,0.6942446043165468,0,0.3158010563380282,1.0
31,memoryless,ewma,0.0,13.696,545.5794383838384,0.07035141110622394,0.9615757575757576,41.13213572854291,114.0,35.656,69.26,0.444359171143515,0.6941259068570091,0,0.2932135728542914,1.0
32,memoryless,ewma,0.0,15.688,544.797595959596,0.06080954533751231,0.9509090909090909,43.35724417426545,115.0,35.852,69.36,0.4426642060229847,0.6874566874566874,0,0.30962512664640324,1.0
33,memoryless,ewma,0.0,15.596,548.7718262626262,0.06494905618785907,1.0116767676767677,41.43046357615894,115.0,34.78,70.76,0.4442458899213724,0.69295219319862,0,0.28436684728075456,1.0
34,memoryless,ewma,0.0,14.58,546.4155353535355,0.06697406380507985,0.9755151515151514,43.93298344771902,115.0,35.34,69.328,0.4406004027091342,0.6821305841924399,0,0.31308033911990313,1.0
35,memoryless,ewma,0.0,19.208,540.8739555555557,0.04609748996541276,0.8824646464646464,44.637149917627674,119.0,36.932,69.852,0.44427495471446277,0.6891784099973411,0,0.3008649093904448,1.0
36,memoryless,ewma,0.0,15.868,541.4893833333334,0.05664821193490892,0.89625,44.7858947368421,116.0,34.6,65.088,0.4461744122041362,0.6986543128171189,0,0.3174736842105263,1.0
37,memoryless,ewma,0.0,16.544,548.5967242105263,0.06106374941481671,1.008084210526316,42.397905759162306,117.0,34.044,67.748,0.44457640538400633,0.6911684037301152,0,0.2843979057591623,1.0
38,memoryless,ewma,0.0,13.996,544.7447515151516,0.06831802689289321,0.953979797979798,44.28928136419001,114.0,36.284,68.324,0.44348113285442986,0.6874003189792663,0,0.3221680876979294,1.0
39,memoryless,ewma,0.0,14.82,544.0558626262628,0.06346357509592804,0.9393939393939393,42.099602427286044,114.0,36.116,69.244,0.44652027625287766,0.6948938321536906,0,0.30257376020087884,1.0
40,memoryless,ewma,0.0,14.38,548.4895151515151,0.07024822395865178,1.0065050505050506,42.427691696464045,115.0,35.144,69.78,0.4438146648672964,0.6960096735187424,0,0.2967818831942789,1.0
41,memoryless,ewma,0.0,14.796,544.2643434343435,0.06370906326788679,0.9415353535353536,44.38539392736654,115.0,35.56,68.028,0.44294268605645853,0.6902552204176334,0,0.31772177019249853,1.0
42,memoryless,ewma,0.0,14.212,546.5383595959597,0.06882799975821366,0.9758383838383838,42.70860128617363,114.0,35.472,69.096,0.4427546138072454,0.6890130353817505,0,0.30727491961414793,1.0
43,memoryless,ewma,0.0,14.572,544.3325557894736,0.0650593452986642,0.9414736842105262,43.72239948947033,115.0,34.056,65.2,0.4436462324393359,0.6833631484794276,0,0.3229100191448628,1.0
44,memoryless,ewma,0.0,15.076,543.8498585858586,0.0622082843082843,0.9362424242424242,42.12928759894459,115.0,36.496,69.008,0.44656927117531187,0.6992585727525487,0,0.29592043840064947,1.0
45,memoryless,ewma,0.0,13.996,546.5686666666668,0.070073187596717,0.9794343434343434,42.76111111111111,114.0,35.272,68.708,0.4456824512534819,0.6888995906573562,0,0.30843621399176957,1.0
46,memoryless,ewma,0.0,15.572,545.076306122449,0.0616211706487106,0.9576734693877552,43.56881496881497,116.0,35.6,68.372,0.44539502400698383,0.6902348578491966,0,0.30374220374220373,1.0
47,memoryless,ewma,0.0,14.964,542.6798545454546,0.06085056399664242,0.9087676767676768,41.95524532950113,115.0,35.744,68.656,0.44710239987653366,0.6976436908170006,0,0.29911722438924243,1.0
48,memoryless,ewma,0.0,15.056,543.4016530612246,0.06172077475678916,0.9263673469387755,42.142073170731706,115.0,36.356,68.84,0.4435120572387598,0.6939459200765733,0,0.2967479674796748,1.0
49,memoryless,ewma,0.0,14.808,543.3686747474749,0.06254962281726988,0.924040404040404,43.88554703270085,114.0,35.796,68.56,0.44212906873435104,0.6886772028577615,0,0.3187323375050464,1.0
0,memoryless,dbaps,0.5,15.624,544.7590122448981,0.06106464644851579,0.9497142857142857,43.473305338932214,116.0,35.48,67.816,0.44197832925550506,0.6927542963307014,0,0.3077384523095381,1.0
1,memoryless,dbaps,0.5,14.84,548.3736000000001,0.06762062525181955,1.000969696969697,41.69875076797051,115.0,35.048,70.192,0.4468226157780093,0.6962882687618531,0,0.28548023755887775,1.0
2,memoryless,dbaps,0.5,15.876,546.5091838383839,0.06128006975060639,0.9703434343434344,42.167368210062136,116.0,34.708,69.888,0.4449807812639671,0.6952990401181393,0,0.28863499699338546,1.0
3,memoryless,dbaps,0.5,14.352,543.7143795918369,0.06513359167842961,0.9334285714285714,41.320468076370354,114.0,35.48,67.956,0.4469000421762969,0.6957780458383594,0,0.30055430096489427,1.0
4,memoryless,dbaps,0.5,14.52,545.781486868687,0.06649614483687567,0.9629494949494949,43.064007976071785,115.0,35.508,68.716,0.4424442190669371,0.6926210955183341,0,0.30767696909272185,1.0
5,memoryless,dbaps,0.5,15.22,545.4027041666667,0.06275064156707442,0.9532916666666668,42.39706806282722,115.0,33.672,67.356,0.4431208053691275,0.6875288683602772,0,0.30387434554973825,1.0
6,memoryless,dbaps,0.5,15.492,546.2537292929294,0.0629050612365886,0.9718383838383838,42.95781933943494,116.0,35.008,69.104,0.44354197934139666,0.6913491492930746,0,0.301233585356148,1.0
7,memoryless,dbaps,0.5,13.864,542.5572363636364,0.06595996726584961,0.9126868686868687,41.728600405679515,114.0,36.396,68.292,0.44589972470176026,0.6945812807881774,0,0.30324543610547666,1.0
8,memoryless,dbaps,0.5,17.124,543.0108606060606,0.053794766153847685,0.9177777777777778,43.713396264310106,117.0,36.136,69.424,0.44430538172715894,0.6936515748031497,0,0.30006025306286405,1.0
9,memoryless,dbaps,0.5,15.748,543.4596282828284,0.05930560474193085,0.9282020202020204,43.257286432160804,117.0,36.84,68.752,0.4437814338078595,0.692668072148044,0,0.30110552763819093,1.0
10,memoryless,dbaps,0.5,16.04,547.0492404040405,0.06160691630351073,0.9827474747474747,43.58152610441767,117.0,35.36,68.804,0.44458867434690896,0.6900994575045208,0,0.30542168674698794,1.0
11,memoryless,dbaps,0.5,16.712,545.0403111111112,0.05718027131107627,0.9538585858585859,43.93834921922531,116.0,35.96,69.564,0.44410238367490545,0.6925683853788429,0,0.30054755627661733,1.0
12,memoryless,dbaps,0.5,14.172,544.4696202020202,0.0666720732822337,0.9423434343434343,41.832339024892,114.0,35.54,68.728,0.44637223974763407,0.6917221693625119,0,0.3024069121579922,1.0
13,memoryless,dbaps,0.5,15.056,545.6122707070708,0.06362439107733225,0.9566060606060605,41.459,115.0,34.988,69.4,0.4449560485558811,0.6940766550522648,0,0.2928,1.0
14,memoryless,dbaps,0.5,14.184,543.9723191919192,0.06632121473297943,0.9396767676767677,41.874438546345445,114.0,36.164,68.784,0.4461743401881609,0.69379570653456,0,0.3035933033891384,1.0
15,memoryless,dbaps,0.5,14.204,545.4824282828283,0.06761019906019905,0.9572929292929293,41.42914572864321,114.0,35.584,69.996,0.4440328129134692,0.6927696372808071,0,0.29628140703517586,1.0
16,memoryless,dbaps,0.5,14.916,546.1272938271605,0.0652743756001926,0.9712592592592593,42.21479478987466,115.0,28.676,56.448,0.4447066394937252,0.6968193755471258,0,0.29958220693044973,1.0
17,memoryless,dbaps,0.5,15.904,546.3087666666668,0.06119643653148394,0.97175,41.195716085678285,115.0,34.584,68.6,0.44448532793671236,0.6896107244135087,0,0.2872742545149097,1.0
18,memoryless,dbaps,0.5,15.948,545.4548848484849,0.06006512824216642,0.9555959595959596,42.769555600241304,115.0,35.016,69.72,0.4417649628658803,0.6898954703832753,0,0.30384073999597827,1.0
19,memoryless,dbaps,0.5,15.804,544.9600404040405,0.06033056605703664,0.9525656565656566,42.39423076923077,115.0,35.484,69.252,0.4454267256035362,0.6973559962228517,0,0.297275641025641,1.0
20,memoryless,dbaps,0.5,13.996,545.9745858585859,0.06911719162200444,0.9658181818181818,40.94307439375257,114.0,35.188,68.964,0.4475371120107962,0.7000482625482626,0,0.2942868886148787,1.0
21,memoryless,dbaps,0.5,14.476,546.9659272727274,0.06800913150030798,0.9815757575757575,43.179310344827584,115.0,35.028,68.808,0.4431663258350375,0.6866791744840526,0,0.3058823529411765,1.0
22,memoryless,dbaps,0.5,14.108,544.7101666666666,0.06743454670329671,0.95075,42.725963574756456,114.0,34.904,66.32,0.4461915631076169,0.695276912011508,0,0.30792037272342226,1.0
23,memoryless,dbaps,0.5,15.552,548.0468958333335,0.06442182412494912,1.0014166666666668,42.33882000855066,116.0,34.124,67.728,0.4477966721521302,0.6983210912906611,0,0.28559213339033773,1.0
24,memoryless,dbaps,0.5,14.532,545.5405090909092,0.06648365643071526,0.9642424242424242,42.72037149202504,114.0,35.428,68.532,0.4456968108344255,0.693711467324291,0,0.30304865737936604,1.0
25,memoryless,dbaps,0.5,15.096,543.6230612244898,0.061834859438280806,0.9330612244897959,42.32410824108241,115.0,36.012,68.196,0.44517844886753605,0.688324377137274,0,0.3038130381303813,1.0
26,memoryless,dbaps,0.5,16.652,544.3885414141414,0.05682038657745572,0.945939393939394,41.78300363342753,116.0,36.052,69.436,0.4464673913043478,0.7025252525252526,0,0.28825191764230923,1.0
27,memoryless,dbaps,0.5,14.432,546.606298989899,0.06756071658151122,0.971111111111111,40.07479838709678,114.0,34.736,70.204,0.44513258897418007,0.688800792864222,0,0.28850806451612904,1.0
28,memoryless,dbaps,0.5,14.416,543.184383838384,0.06400193390487507,0.9212929292929293,42.82144304823672,114.0,35.648,68.476,0.44445387422557925,0.6891154849419018,0,0.31191730847182814,1.0
29,memoryless,dbaps,0.5,15.152,545.6019313131313,0.06384109659403776,0.9663030303030303,40.96193628465039,114.0,36.144,69.976,0.4465530938299938,0.6911502167814333,0,0.28920148944973106,1.0
30,memoryless,dbaps,0.5,13.704,546.3026608695652,0.07184113407904968,0.981,44.121258802816904,114.0,33.508,63.38,0.44455958549222796,0.6942446043165468,0,0.3158010563380282,1.0
31,memoryless,dbaps,0.5,13.696,545.5794383838384,0.07035141110622394,0.9615757575757576,41.13213572854291,114.0,35.656,69.26,0.444359171143515,0.6941259068570091,0,0.2932135728542914,1.0
32,memoryless,dbaps,0.5,15.688,544.797595959596,0.06080954533751231,0.9509090909090909,43.35724417426545,115.0,35.852,69.36,0.4426642060229847,0.6874566874566874,0,0.30962512664640324,1.0
33,memoryless,dbaps,0.5,15.596,548.7718262626262,0.06494905618785907,1.0116767676767677,41.43046357615894,115.0,34.78,70.76,0.4442458899213724,0.69295219319862,0,0.28436684728075456,1.0
34,memoryless,dbaps,0.5,14.58,546.4155353535355,0.06697406380507985,0.9755151515151514,43.93298344771902,115.0,35.34,69.328,0.4406004027091342,0.6821305841924399,0,0.31308033911990313,1.0
35,memoryless,dbaps,0.5,19.208,540.8739555555557,0.04609748996541276,0.8824646464646464,44.637149917627674,119.0,36.932,69.852,0.44427495471446277,0.6891784099973411,0,0.3008649093904448,1.0
36,memoryless,dbaps,0.5,15.868,541.4893833333334,0.05664821193490892,0.89625,44.7858947368421,116.0,34.6,65.088,0.4461744122041362,0.6986543128171189,0,0.3174736842105263,1.0
37,memoryless,dbaps,0.5,16.544,548.5967242105263,0.06106374941481671,1.008084210526316,42.397905759162306,117.0,34.044,67.748,0.44457640538400633,0.6911684037301152,0,0.2843979057591623,1.0
38,memoryless,dbaps,0.5,13.996,544.7447515151516,0.06831802689289321,0.953979797979798,44.28928136419001,114.0,36.284,68.324,0.44348113285442986,0.6874003189792663,0,0.3221680876979294,1.0
39,memoryless,dbaps,0.5,14.82,544.0558626262628,0.06346357509592804,0.9393939393939393,42.099602427286044,114.0,36.116,69.244,0.44652027625287766,0.6948938321536906,0,0.30257376020087884,1.0
40,memoryless,dbaps,0.5,14.38,548.4895151515151,0.07024822395865178,1.0065050505050506,42.427691696464045,115.0,35.144,69.78,0.4438146648672964,0.6960096735187424,0,0.2967818831942789,1.0
41,memoryless,dbaps,0.5,14.796,544.2643434343435,0.06370906326788679,0.9415353535353536,44.38539392736654,115.0,35.56,68.028,0.44294268605645853,0.6902552204176334,0,0.31772177019249853,1.0
42,memoryless,dbaps,0.5,14.212,546.5383595959597,0.06882799975821366,0.9758383838383838,42.70860128617363,114.0,35.472,69.096,0.4427546138072454,0.6890130353817505,0,0.30727491961414793,1.0
43,memoryless,dbaps,0.5,14.572,544.3325557894736,0.0650593452986642,0.9414736842105262,43.72239948947033,115.0,34.056,65.2,0.4436462324393359,0.6833631484794276,0,0.3229100191448628,1.0
44,memoryless,dbaps,0.5,15.076,543.8498585858586,0.0622082843082843,0.9362424242424242,42.12928759894459,115.0,36.496,69.008,0.44656927117531187,0.6992585727525487,0,0.29592043840064947,1.0
45,memoryless,dbaps,0.5,13.996,546.5686666666668,0.070073187596717,0.9794343434343434,42.76111111111111,114.0,35.272,68.708,0.4456824512534819,0.6888995906573562,0,0.30843621399176957,1.0
46,memoryless,dbaps,0.5,15.572,545.076306122449,0.0616211706487106,0.9576734693877552,43.56881496881497,116.0,35.6,68.372,0.44539502400698383,0.6902348578491966,0,0.30374220374220373,1.0
47,memoryless,dbaps,0.5,14.964,542.6798545454546,0.06085056399664242,0.9087676767676768,41.95524532950113,115.0,35.744,68.656,0.44710239987653366,0.6976436908170006,0,0.29911722438924243,1.0
48,memoryless,dbaps,0.5,15.056,543.4016530612246,0.06172077475678916,0.9263673469387755,42.142073170731706,115.0,36.356,68.84,0.4435120572387598,0.6939459200765733,0,0.2967479674796748,1.0
49,memoryless,dbaps,0.5,14.808,543.3686747474749,0.06254962281726988,0.924040404040404,43.88554703270085,114.0,35.796,68.56,0.44212906873435104,0.6886772028577615,0,0.3187323375050464,1.0
0,memoryless,ewma,0.5,15.624,544.7590122448981,0.06106464644851579,0.9497142857142857,43.473305338932214,116.0,35.48,67.816,0.44197832925550506,0.6927542963307014,0,0.3077384523095381,1.0
1,memoryless,ewma,0.5,14.84,548.3736000000001,0.06762062525181955,1.000969696969697,41.69875076797051,115.0,35.048,70.192,0.4468226157780093,0.6962882687618531,0,0.28548023755887775,1.0
2,memoryless,ewma,0.5,15.876,546.5091838383839,0.06128006975060639,0.9703434343434344,42.167368210062136,116.0,34.708,69.888,0.4449807812639671,0.6952990401181393,0,0.28863499699338546,1.0
3,memoryless,ewma,0.5,14.352,543.7143795918369,0.06513359167842961,0.9334285714285714,41.320468076370354,114.0,35.48,67.956,0.4469000421762969,0.6957780458383594,0,0.30055430096489427,1.0
4,memoryless,ewma,0.5,14.52,545.781486868687,0.06649614483687567,0.9629494949494949,43.064007976071785,115.0,35.508,68.716,0.4424442190669371,0.6926210955183341,0,0.30767696909272185,1.0
5,memoryless,ewma,0.5,15.22,545.4027041666667,0.06275064156707442,0.9532916666666668,42.39706806282722,115.0,33.672,67.356,0.4431208053691275,0.6875288683602772,0,0.30387434554973825,1.0
6,memoryless,ewma,0.5,15.492,546.2537292929294,0.0629050612365886,0.9718383838383838,42.95781933943494,116.0,35.008,69.104,0.44354197934139666,0.6913491492930746,0,0.301233585356148,1.0
7,memoryless,ewma,0.5,13.864,542.5572363636364,0.06595996726584961,0.9126868686868687,41.728600405679515,114.0,36.396,68.292,0.44589972470176026,0.6945812807881774,0,0.30324543610547666,1.0
8,memoryless,ewma,0.5,17.124,543.0108606060606,0.053794766153847685,0.9177777777777778,43.713396264310106,117.0,36.136,69.424,0.44430538172715894,0.6936515748031497,0,0.30006025306286405,1.0
9,memoryless,ewma,0.5,15.748,543.4596282828284,0.05930560474193085,0.9282020202020204,43.257286432160804,117.0,36.84,68.752,0.4437814338078595,0.692668072148044,0,0.30110552763819093,1.0
10,memoryless,ewma,0.5,16.04,547.0492404040405,0.06160691630351073,0.9827474747474747,43.58152610441767,117.0,35.36,68.804,0.44458867434690896,0.6900994575045208,0,0.30542168674698794,1.0
11,memoryless,ewma,0.5,16.712,545.0403111111112,0.05718027131107627,0.9538585858585859,43.93834921922531,116.0,35.96,69.564,0.44410238367490545,0.6925683853788429,0,0.30054755627661733,1.0
12,memoryless,ewma,0.5,14.172,544.4696202020202,0.0666720732822337,0.9423434343434343,41.832339024892,114.0,35.54,68.728,0.44637223974763407,0.6917221693625119,0,0.3024069121579922,1.0
13,memoryless,ewma,0.5,15.056,545.6122707070708,0.06362439107733225,0.9566060606060605,41.459,115.0,34.988,69.4,0.4449560485558811,0.6940766550522648,0,0.2928,1.0
14,memoryless,ewma,0.5,14.184,543.9723191919192,0.06632121473297943,0.9396767676767677,41.874438546345445,114.0,36.164,68.784,0.4461743401881609,0.69379570653456,0,0.3035933033891384,1.0
15,memoryless,ewma,0.5,14.204,545.4824282828283,0.06761019906019905,0.9572929292929293,41.42914572864321,114.0,35.584,69.996,0.4440328129134692,0.6927696372808071,0,0.29628140703517586,1.0
16,memoryless,ewma,0.5,14.916,546.1272938271605,0.0652743756001926,0.9712592592592593,42.21479478987466,115.0,28.676,56.448,0.4447066394937252,0.6968193755471258,0,0.29958220693044973,1.0
17,memoryless,ewma,0.5,15.904,546.3087666666668,0.06119643653148394,0.97175,41.195716085678285,115.0,34.584,68.6,0.44448532793671236,0.6896107244135087,0,0.2872742545149097,1.0
18,memoryless,ewma,0.5,15.948,545.4548848484849,0.06006512824216642,0.9555959595959596,42.769555600241304,115.0,35.016,69.72,0.4417649628658803,0.6898954703832753,0,0.30384073999597827,1.0
19,memoryless,ewma,0.5,15.804,544.9600404040405,0.06033056605703664,0.9525656565656566,42.39423076923077,115.0,35.484,69.252,0.4454267256035362,0.6973559962228517,0,0.297275641025641,1.0
20,memoryless,ewma,0.5,13.996,545.9745858585859,0.06911719162200444,0.9658181818181818,40.94307439375257,114.0,35.188,68.964,0.4475371120107962,0.7000482625482626,0,0.2942868886148787,1.0
21,memoryless,ewma,0.5,14.476,546.9659272727274,0.06800913150030798,0.9815757575757575,43.179310344827584,115.0,35.028,68.808,0.4431663258350375,0.6866791744840526,0,0.3058823529411765,1.0
22,memoryless,ewma,0.5,14.108,544.7101666666666,0.06743454670329671,0.95075,42.725963574756456,114.0,34.904,66.32,0.4461915631076169,0.695276912011508,0,0.30792037272342226,1.0
23,memoryless,ewma,0.5,15.552,548.0468958333335,0.06442182412494912,1.0014166666666668,42.33882000855066,116.0,34.124,67.728,0.4477966721521302,0.6983210912906611,0,0.28559213339033773,1.0
24,memoryless,ewma,0.5,14.532,545.5405090909092,0.06648365643071526,0.9642424242424242,42.72037149202504,114.0,35.428,68.532,0.4456968108344255,0.693711467324291,0,0.30304865737936604,1.0
25,memoryless,ewma,0.5,15.096,543.6230612244898,0.061834859438280806,0.9330612244897959,42.32410824108241,115.0,36.012,68.196,0.44517844886753605,0.688324377137274,0,0.3038130381303813,1.0
26,memoryless,ewma,0.5,16.652,544.3885414141414,0.05682038657745572,0.945939393939394,41.78300363342753,116.0,36.052,69.436,0.4464673913043478,0.7025252525252526,0,0.28825191764230923,1.0
27,memoryless,ewma,0.5,14.432,546.606298989899,0.06756071658151122,0.971111111111111,40.07479838709678,114.0,34.736,70.204,0.44513258897418007,0.688800792864222,0,0.28850806451612904,1.0
28,memoryless,ewma,0.5,14.416,543.184383838384,0.06400193390487507,0.9212929292929293,42.82144304823672,114.0,35.648,68.476,0.44445387422557925,0.6891154849419018,0,0.31191730847182814,1.0
29,memoryless,ewma,0.5,15.152,545.6019313131313,0.06384109659403776,0.9663030303030303,40.96193628465039,114.0,36.144,69.976,0.4465530938299938,0.6911502167814333,0,0.28920148944973106,1.0
30,memoryless,ewma,0.5,13.704,546.3026608695652,0.07184113407904968,0.981,44.121258802816904,114.0,33.508,63.38,0.44455958549222796,0.6942446043165468,0,0.3158010563380282,1.0
31,memoryless,ewma,0.5,13.696,545.5794383838384,0.07035141110622394,0.9615757575757576,41.13213572854291,114.0,35.656,69.26,0.444359171143515,0.6941259068570091,0,0.2932135728542914,1.0
32,memoryless,ewma,0.5,15.688,544.797595959596,0.06080954533751231,0.9509090909090909,43.35724417426545,115.0,35.852,69.36,0.4426642060229847,0.6874566874566874,0,0.30962512664640324,1.0
33,memoryless,ewma,0.5,15.596,548.7718262626262,0.06494905618785907,1.0116767676767677,41.43046357615894,115.0,34.78,70.76,0.4442458899213724,0.69295219319862,0,0.28436684728075456,1.0
34,memoryless,ewma,0.5,14.58,546.4155353535355,0.06697406380507985,0.9755151515151514,43.93298344771902,115.0,35.34,69.328,0.4406004027091342,0.6821305841924399,0,0.31308033911990313,1.0
35,memoryless,ewma,0.5,19.208,540.8739555555557,0.04609748996541276,0.8824646464646464,44.637149917627674,119.0,36.932,69.852,0.44427495471446277,0.6891784099973411,0,0.3008649093904448,1.0
36,memoryless,ewma,0.5,15.868,541.4893833333334,0.05664821193490892,0.89625,44.7858947368421,116.0,34.6,65.088,0.4461744122041362,0.6986543128171189,0,0.3174736842105263,1.0
37,memoryless,ewma,0.5,16.544,548.5967242105263,0.06106374941481671,1.008084210526316,42.397905759162306,117.0,34.044,67.748,0.44457640538400633,0.6911684037301152,0,0.2843979057591623,1.0
38,memoryless,ewma,0.5,13.996,544.7447515151516,0.06831802689289321,0.953979797979798,44.28928136419001,114.0,36.284,68.324,0.44348113285442986,0.6874003189792663,0,0.3221680876979294,1.0
39,memoryless,ewma,0.5,14.82,544.0558626262628,0.06346357509592804,0.9393939393939393,42.099602427286044,114.0,36.116,69.244,0.44652027625287766,0.6948938321536906,0,0.30257376020087884,1.0
40,memoryless,ewma,0.5,14.38,548.4895151515151,0.07024822395865178,1.0065050505050506,42.427691696464045,115.0,35.144,69.78,0.4438146648672964,0.6960096735187424,0,0.2967818831942789,1.0
41,memoryless,ewma,0.5,14.796,544.2643434343435,0.06370906326788679,0.9415353535353536,44.38539392736654,115.0,35.56,68.028,0.44294268605645853,0.6902552204176334,0,0.31772177019249853,1.0
42,memoryless,ewma,0.5,14.212,546.5383595959597,0.06882799975821366,0.9758383838383838,42.70860128617363,114.0,35.472,69.096,0.4427546138072454,0.6890130353817505,0,0.30727491961414793,1.0
43,memoryless,ewma,0.5,14.572,544.3325557894736,0.0650593452986642,0.9414736842105262,43.72239948947033,115.0,34.056,65.2,0.4436462324393359,0.6833631484794276,0,0.3229100191448628,1.0
44,memoryless,ewma,0.5,15.076,543.8498585858586,0.0622082843082843,0.9362424242424242,42.12928759894459,115.0,36.496,69.008,0.44656927117531187,0.6992585727525487,0,0.29592043840064947,1.0
45,memoryless,ewma,0.5,13.996,546.5686666666668,0.070073187596717,0.9794343434343434,42.76111111111111,114.0,35.272,68.708,0.4456824512534819,0.6888995906573562,0,0.30843621399176957,1.0
46,memoryless,ewma,0.5,15.572,545.076306122449,0.0616211706487106,0.9576734693877552,43.56881496881497,116.0,35.6,68.372,0.44539502400698383,0.6902348578491966,0,0.30374220374220373,1.0
47,memoryless,ewma,0.5,14.964,542.6798545454546,0.06085056399664242,0.9087676767676768,41.95524532950113,115.0,35.744,68.656,0.44710239987653366,0.6976436908170006,0,0.29911722438924243,1.0
48,memoryless,ewma,0.5,15.056,543.4016530612246,0.06172077475678916,0.9263673469387755,42.142073170731706,115.0,36.356,68.84,0.4435120572387598,0.6939459200765733,0,0.2967479674796748,1.0
49,memoryless,ewma,0.5,14.808,543.3686747474749,0.06254962281726988,0.924040404040404,43.88554703270085,114.0,35.796,68.56,0.44212906873435104,0.6886772028577615,0,0.3187323375050464,1.0
0,memoryless,dbaps,0.7,14.544,541.5313836734696,0.06081986868007276,0.8806530612244896,50.05638872225555,115.0,29.46,61.184,0.541134435015632,0.6447859495060373,0,0.3823235352929414,1.0
1,memoryless,dbaps,0.7,14.208,545.3735232323232,0.0661699419613858,0.9391111111111111,47.98771247184108,115.0,30.136,64.54,0.539301943343324,0.6452521115945739,0,0.3546999795207864,1.0
2,memoryless,dbaps,0.7,14.972,543.7767151515153,0.060963093551328854,0.9115151515151515,48.125876929244335,115.0,29.344,64.116,0.5367499544045231,0.6454248366013072,0,0.3563840448987773,1.0
3,memoryless,dbaps,0.7,13.844,540.7994204081633,0.06302770426852058,0.8718367346938776,47.26503797988093,114.0,30.224,62.112,0.5386465132256957,0.6476124885215794,0,0.3646068569082324,1.0
4,memoryless,dbaps,0.7,13.664,542.8160646464647,0.06580453771817409,0.8990707070707071,48.697108673978065,114.30000000000018,29.664,62.392,0.5399621863183225,0.6510619852622453,0,0.3702891326021934,1.0
5,memoryless,dbaps,0.7,14.504,542.3791875000002,0.061624146309164685,0.8913333333333334,47.30806282722513,115.0,28.856,61.74,0.538769256958039,0.6467451677405021,0,0.35853403141361256,1.0
6,memoryless,dbaps,0.7,14.188,542.9671030303031,0.06376004220576413,0.9032727272727272,47.880620771985676,115.0,29.492,62.852,0.5395503000985398,0.6504496195526862,0,0.36012733784321527,1.0
7,memoryless,dbaps,0.7,13.092,539.7519151515153,0.06511194176194178,0.8514343434343434,47.25436105476673,114.0,30.432,61.916,0.5412414965986394,0.6532293986636971,0,0.36511156186612576,1.0
8,memoryless,dbaps,0.7,15.928,540.1853373737375,0.05407806902228987,0.8572121212121212,48.36111669009841,116.0,30.636,63.352,0.540763580302893,0.6523798247691215,0,0.3577023498694517,1.0
9,memoryless,dbaps,0.7,15.012,540.9283797979798,0.05850946640583567,0.8727272727272728,49.522412060301505,116.0,31.38,62.988,0.5371080139372822,0.6435840707964602,0,0.3708542713567839,1.0
10,memoryless,dbaps,0.7,15.084,544.4670747474748,0.061509196939589096,0.9264242424242424,48.0359437751004,116.0,30.124,63.216,0.5392173051519155,0.6535144458818456,0,0.35642570281124497,1.0
11,memoryless,dbaps,0.7,15.74,542.4080404040404,0.05693773466337966,0.8959191919191919,48.77834110728047,116.0,30.572,63.908,0.5388948497854077,0.6489805375347544,0,0.3575339687690124,1.0
12,memoryless,dbaps,0.7,13.228,541.2046626262627,0.0664903498462322,0.8764444444444445,47.03312075704588,113.0,30.484,62.708,0.5397454269577678,0.6507864144062001,0,0.36350545155317837,1.0
13,memoryless,dbaps,0.7,14.52,542.9144323232323,0.06202584343760815,0.8987070707070708,47.7164,115.0,29.676,63.62,0.538291166198143,0.6461981822212369,0,0.3598,1.0
14,memoryless,dbaps,0.7,13.384,540.8285656565657,0.06536983067437613,0.8738181818181819,46.58084932625562,113.0,30.712,62.632,0.5399374524554137,0.6548992984838199,0,0.3589220089832585,1.0
15,memoryless,dbaps,0.7,13.572,543.1130383838384,0.06683797902434266,0.9054545454545455,46.926633165829145,114.0,30.64,64.724,0.5388768898488121,0.644257064721969,0,0.35678391959798994,1.0
16,memoryless,dbaps,0.7,13.868,542.7784740740742,0.06498719929308164,0.899111111111111,48.63996067829934,114.0,23.684,51.0,0.5423691701335669,0.6521017699115044,0,0.3730646350454657,1.0
17,memoryless,dbaps,0.7,15.128,543.2629916666667,0.06003124902738873,0.9079583333333334,46.24947501049979,115.0,29.532,62.86,0.5396587286705419,0.6520568070519099,0,0.34418311633767323,1.0
18,memoryless,dbaps,0.7,15.068,542.2541737373738,0.059202306952306945,0.8902626262626263,47.882766941484014,115.0,29.868,63.692,0.5400088613203368,0.6497200447928332,0,0.3631610697767947,1.0
19,memoryless,dbaps,0.7,14.972,542.138888888889,0.05952027895851426,0.8912727272727272,46.96274038461539,115.0,29.984,63.356,0.5394862036156042,0.6526244649695877,0,0.3499599358974359,1.0
20,memoryless,dbaps,0.7,13.152,542.9793535353537,0.0687931697931698,0.9033939393939395,46.66420057542129,113.0,29.88,63.0,0.5400068681318682,0.6509650735294118,0,0.3588162762022195,1.0
21,memoryless,dbaps,0.7,13.832,544.0969373737374,0.06670016162288889,0.9191515151515153,49.06105476673428,115.0,29.368,62.72,0.5380684278908618,0.6439955106621773,0,0.36977687626774847,1.0
22,memoryless,dbaps,0.7,13.596,541.9345875000001,0.06550717933006535,0.8899166666666666,48.58132147395172,113.0,29.416,60.5,0.5401516457004998,0.6492944924897588,0,0.3714527742481999,1.0
23,memoryless,dbaps,0.7,14.9,545.0032291666668,0.06295674109387345,0.938625,48.94848225737495,115.0,29.412,62.272,0.5382248741376096,0.6453777335984096,0,0.3582727661393758,1.0
24,memoryless,dbaps,0.7,13.676,542.3978545454546,0.06567926887926888,0.8968888888888888,48.287502523723,113.0,29.688,62.252,0.5393098541444326,0.6520206766917294,0,0.3672521704017767,1.0
25,memoryless,dbaps,0.7,14.488,540.9510489795919,0.060413414816476045,0.8743673469387755,47.60352603526035,114.0,30.556,62.392,0.5385691796396711,0.6459684893419834,0,0.3628536285362854,1.0
26,memoryless,dbaps,0.7,15.768,541.6531232323233,0.05622801733488008,0.8855353535353535,47.908155026241424,115.0,30.364,63.484,0.5397795683986293,0.6483464192243635,0,0.3574888978603149,1.0
27,memoryless,dbaps,0.7,13.636,543.7537494949496,0.06711732711732711,0.9120404040404039,44.28810483870968,113.0,29.776,64.532,0.5415082662894527,0.6586297445691096,0,0.33669354838709675,1.0
28,memoryless,dbaps,0.7,13.724,540.443785858586,0.06283222972313882,0.8607676767676767,46.996554519659504,114.0,29.736,62.26,0.5413308180415023,0.6592899953895804,0,0.36035670855289825,1.0
29,memoryless,dbaps,0.7,14.432,543.0297696969698,0.06311678822267058,0.9094949494949495,45.16756309474555,114.0,30.988,64.524,0.5421481680551823,0.6547589919256178,0,0.33802234174596607,1.0
30,memoryless,dbaps,0.7,12.648,542.9920173913043,0.0721688746036572,0.9115217391304348,49.40801056338028,113.0,28.428,57.644,0.5404240344857922,0.650011407711613,0,0.3783010563380282,1.0
31,memoryless,dbaps,0.7,13.2,542.6780646464648,0.06824612929158383,0.8984242424242423,47.201796407185626,113.0,29.996,63.216,0.5394965277777778,0.6488839285714286,0,0.3592814371257485,1.0
32,memoryless,dbaps,0.7,14.716,542.2948484848486,0.060764013364993756,0.8943030303030304,47.64255319148936,115.0,30.344,63.668,0.5404298874104401,0.6515687140963323,0,0.3608915906788247,1.0
33,memoryless,dbaps,0.7,15.128,546.0700484848486,0.0631402778049837,0.9540202020202021,45.3776841260285,115.0,29.956,65.456,0.5389090909090909,0.6512941176470588,0,0.33012241621513144,1.0
34,memoryless,dbaps,0.7,14.104,543.426795959596,0.06478166833166833,0.9115959595959596,48.51150585385547,114.0,29.828,63.3,0.5403450194769059,0.65149359886202,0,0.3635446104158256,1.0
35,memoryless,dbaps,0.7,18.22,538.5658303030303,0.04577928509537948,0.8296161616161617,49.323105436573314,118.0,31.16,64.02,0.5389018238261545,0.6542364282090309,0,0.35790774299835254,1.0
36,memoryless,dbaps,0.7,14.648,538.5161041666668,0.05701915984342456,0.833,51.810947368421054,115.0,29.024,58.948,0.537625754527163,0.6408290155440415,0,0.39957894736842103,1.0
37,memoryless,dbaps,0.7,15.576,545.7401894736843,0.061130143780503896,0.9485052631578949,46.93696335078534,116.0,29.38,62.432,0.5386324613675386,0.6505585866458821,0,0.33780104712041886,1.0
38,memoryless,dbaps,0.7,13.332,542.0010060606061,0.06693262192353101,0.892888888888889,49.44254973609419,114.0,30.472,62.26,0.5398423083375272,0.6489733508082132,0,0.37840032480714575,1.0
39,memoryless,dbaps,0.7,13.972,541.116084848485,0.06306555918828646,0.8781010101010102,47.27327892864616,113.0,31.088,63.484,0.5387872781331652,0.6480366176824861,0,0.36179116970077424,1.0
40,memoryless,dbaps,0.7,13.532,545.5428606060606,0.0700158882676708,0.9435959595959595,47.71851410409217,114.0,29.748,63.844,0.5420749015657906,0.6534996534996536,0,0.3563766388557807,1.0
41,memoryless,dbaps,0.7,13.932,541.0085414141414,0.0626653809153809,0.8724444444444445,48.38479857114507,114.0,29.628,61.452,0.5421207403563397,0.6593059936908517,0,0.3653502679102997,1.0
42,memoryless,dbaps,0.7,13.648,543.760997979798,0.0671617058026149,0.9156767676767676,48.22909967845659,114.0,29.968,63.156,0.539184134991737,0.6497890295358649,0,0.367564308681672,1.0
43,memoryless,dbaps,0.7,13.684,541.5158147368422,0.06495533770323243,0.8792842105263158,49.15081897468624,115.0,28.408,59.24,0.5391925919909024,0.6449136276391555,0,0.3837481386938949,1.0
44,memoryless,dbaps,0.7,14.284,541.033296969697,0.06134978321341958,0.876040404040404,48.42196062512685,115.0,31.248,63.22,0.5375325002096788,0.6475857548612628,0,0.36553683783235236,1.0
45,memoryless,dbaps,0.7,13.156,543.7692484848485,0.06988129917220826,0.9174141414141413,46.934362139917695,114.0,29.544,62.692,0.5403502747252747,0.6505055147058824,0,0.358641975308642,1.0
46,memoryless,dbaps,0.7,14.58,542.3202,0.0616850502838498,0.8968979591836735,49.22952182952183,115.0,30.116,62.56,0.5367005166577588,0.6434253626579317,0,0.3700623700623701,1.0
47,memoryless,dbaps,0.7,14.028,540.3193818181818,0.06117581677581678,0.8568888888888889,47.40956682406077,114.0,30.364,62.952,0.5379423997488817,0.6483077569896993,0,0.3617327037569288,1.0
48,memoryless,dbaps,0.7,14.308,540.6063265306123,0.060638969853675735,0.8664897959183674,48.00264227642276,115.0,31.088,63.12,0.5389199927758714,0.6455038409399005,0,0.3621951219512195,1.0
49,memoryless,dbaps,0.7,14.224,540.9606747474749,0.0612450273137439,0.8696565656565656,48.635446104158255,114.0,30.052,62.664,0.5398011993756675,0.6480215454733789,0,0.37182075090835687,1.0
0,memoryless,ewma,0.7,15.416,543.9805673469389,0.06063362204899136,0.9301224489795918,45.72925414917017,116.0,33.112,65.572,0.48917748917748916,0.6707289550891447,0,0.33153369326134774,1.0
1,memoryless,ewma,0.7,14.764,546.9559272727272,0.06616848533060654,0.973979797979798,44.17345893917673,115.0,33.472,68.072,0.4926301684532925,0.6662283008942662,0,0.31189842310055294,1.0
2,memoryless,ewma,0.7,15.548,545.5009171717171,0.061151267096623135,0.9485656565656566,45.09801563439567,116.0,32.776,67.78,0.4887823412339425,0.6689704480457579,0,0.3211064341551413,1.0
3,memoryless,ewma,0.7,13.984,542.6625959183674,0.06518058981834492,0.9106122448979591,43.693697392732496,114.0,33.376,65.68,0.49326857532379004,0.6683864915572233,0,0.3276534592486142,1.0
4,memoryless,ewma,0.7,14.132,544.8513535353536,0.06688453677437636,0.9422626262626264,45.41555333998006,114.0,33.444,66.556,0.48748611941573416,0.6707021791767555,0,0.33439680957128615,1.0
5,memoryless,ewma,0.7,14.88,544.0788416666668,0.06235950248689219,0.9261666666666667,44.2261780104712,115.0,31.568,64.872,0.49269857347851775,0.6727231433113786,0,0.32460732984293195,1.0
6,memoryless,ewma,0.7,14.964,545.103486868687,0.06337100154747213,0.9467070707070707,45.25487465181058,115.0,32.768,66.716,0.4895498392282958,0.6679832713754646,0,0.32749701551929966,1.0
7,memoryless,ewma,0.7,13.528,541.524690909091,0.06590370819515204,0.8892121212121212,45.950709939148076,114.0,33.892,65.736,0.489363505381812,0.6603010559424848,0,0.3486815415821501,1.0
8,memoryless,ewma,0.7,16.676,541.8136363636364,0.05367586452457453,0.8930101010101009,45.844346254267926,116.0,34.124,67.072,0.4911536378407655,0.6677852348993288,0,0.32596907009439646,1.0
9,memoryless,ewma,0.7,15.472,542.9061535353536,0.05937260335887787,0.9123232323232323,45.567638190954774,116.0,34.448,66.66,0.48978007761966363,0.6758229284903519,0,0.3264321608040201,1.0
10,memoryless,ewma,0.7,15.556,546.2052686868687,0.062258061952953594,0.9633131313131313,44.57269076305221,117.0,33.284,66.708,0.49124815965974156,0.6739610963748894,0,0.31907630522088354,1.0
11,memoryless,ewma,0.7,16.348,544.1995191919192,0.0572223299404414,0.934060606060606,44.95477590752383,116.0,33.888,67.54,0.4907997169143666,0.6765967588179218,0,0.3145406611235044,1.0
12,memoryless,ewma,0.7,13.988,543.149604040404,0.06563962609978652,0.9156767676767676,43.776177741205515,114.0,33.444,66.256,0.49498495486459376,0.6675221651889874,0,0.3250360008228759,1.0
13,memoryless,ewma,0.7,14.644,544.4368000000001,0.06371832103988967,0.932,43.4966,115.0,32.816,66.96,0.49166245578575035,0.6729890310786106,0,0.3158,1.0
14,memoryless,ewma,0.7,14.06,542.5656000000001,0.06491339956339956,0.9116767676767676,44.50326663944467,114.0,34.152,66.32,0.4914328909793381,0.6636740331491713,0,0.3319722335647203,1.0
15,memoryless,ewma,0.7,13.888,544.4478464646465,0.06752983414881811,0.9356363636363636,43.217286432160805,114.0,33.74,67.908,0.49186160277506,0.6671364810899695,0,0.3171859296482412,1.0
16,memoryless,ewma,0.7,14.48,545.0819802469136,0.06549211948787112,0.9471604938271605,45.04521995576309,115.0,26.696,54.452,0.49022164276401564,0.6694867456288776,0,0.33177684934873436,1.0
17,memoryless,ewma,0.7,15.656,545.0654083333335,0.0605750856271996,0.9473333333333332,43.72826543469131,115.0,32.988,66.572,0.491445043704668,0.6621621621621622,0,0.31478370432591346,1.0
18,memoryless,ewma,0.7,15.672,544.1206181818183,0.05943384832306401,0.9295757575757576,44.139955761109995,115.0,33.264,67.476,0.4908851884312007,0.6732718894009216,0,0.3203297808164086,1.0
19,memoryless,ewma,0.7,15.532,543.6717939393941,0.059666330183977254,0.9261414141414142,45.15284455128205,115.0,33.4,66.876,0.49156916724019273,0.6652193784277879,0,0.32792467948717946,1.0
20,memoryless,ewma,0.7,13.76,544.4963393939395,0.06818395173849719,0.9365656565656566,44.54726674886971,114.0,33.096,66.384,0.4917108186634763,0.6647277803629595,0,0.3327168105219893,1.0
21,memoryless,ewma,0.7,14.188,545.4829939393941,0.06731440737911326,0.9515555555555555,45.38255578093306,115.0,32.804,66.136,0.4911875427789186,0.6658163265306123,0,0.3306288032454361,1.0
22,memoryless,ewma,0.7,13.84,543.4910291666666,0.06686679830586081,0.9247083333333334,45.465268953833124,114.0,32.732,63.936,0.4911095913831424,0.6685262668526267,0,0.3377806014400678,1.0
23,memoryless,ewma,0.7,15.276,546.7832250000001,0.06397803230266465,0.97675,45.28858486532706,115.0,32.584,65.736,0.49353049907578556,0.6676844783715012,0,0.31744335185976913,1.0
24,memoryless,ewma,0.7,14.244,544.1414060606061,0.06587771074241662,0.936,44.35655158489804,114.0,33.348,66.06,0.4909794948517117,0.6748851824993957,0,0.3224308499899051,1.0
25,memoryless,ewma,0.7,14.832,542.7829346938776,0.06152515082956259,0.9121632653061225,43.651086510865106,114.0,33.512,65.804,0.4945501730103806,0.6742243436754176,0,0.3195981959819598,1.0
26,memoryless,ewma,0.7,16.268,543.2924565656567,0.05667130218327329,0.9218181818181819,45.20347194186516,116.0,33.84,67.116,0.4904604659695469,0.66398243045388,0,0.3255954784012919,1.0
27,memoryless,ewma,0.7,14.052,545.3317454545456,0.06754977444817017,0.9456969696969696,41.72822580645161,114.0,32.872,67.948,0.4937620804779476,0.6745993200582807,0,0.30806451612903224,1.0
28,memoryless,ewma,0.7,14.248,541.9276161616162,0.06281538377447468,0.8942222222222221,45.06789623023916,114.0,33.112,65.74,0.49290355677154585,0.6658921933085502,0,0.33603567085528985,1.0
29,memoryless,ewma,0.7,14.784,544.5036121212122,0.0638345408404232,0.9426262626262626,43.059164253206454,114.0,34.112,67.752,0.4954103912307281,0.6671630677587491,0,0.3131981795614398,1.0
30,memoryless,ewma,0.7,13.284,544.9771608695653,0.07210681631880482,0.9529565217391304,46.43639964788732,114.0,31.416,61.044,0.49170305676855897,0.6686046511627907,0,0.3430897887323944,1.0
31,memoryless,ewma,0.7,13.432,544.3481696969696,0.06970492975038431,0.934909090909091,44.57804391217565,114.0,33.392,66.784,0.491075278089161,0.6688621394503748,0,0.33053892215568864,1.0
32,memoryless,ewma,0.7,15.288,543.9031595959596,0.060995622710431796,0.9296565656565656,43.99067882472138,115.0,33.576,67.128,0.4931634031060095,0.6751476601544752,0,0.31975683890577505,1.0
33,memoryless,ewma,0.7,15.48,547.9168686868688,0.06418913969110047,0.9917171717171716,43.51394742123219,115.0,32.728,68.732,0.4903039595923153,0.671390823925054,0,0.30724463174794303,1.0
34,memoryless,ewma,0.7,14.24,545.3483474747476,0.06688078033078032,0.9522424242424242,45.61970125151393,114.0,33.22,67.052,0.4886552296624239,0.6664261664261665,0,0.33266047638272106,1.0
35,memoryless,ewma,0.7,18.916,540.1248161616162,0.04586433787500778,0.8645252525252525,45.158978583196046,118.0,34.916,67.884,0.49381769385603375,0.6748755567199372,0,0.3086902800658979,1.0
36,memoryless,ewma,0.7,15.408,539.8747833333334,0.05617881783589505,0.8639583333333333,48.22273684210526,116.0,32.248,62.24,0.49158463004128294,0.6654490760636012,0,0.35536842105263156,1.0
37,memoryless,ewma,0.7,16.18,548.107852631579,0.061698621243511255,0.9952842105263158,43.2261780104712,117.0,32.52,66.364,0.4941669159437631,0.6753560870733674,0,0.2957068062827225,1.0
38,memoryless,ewma,0.7,13.724,543.7498989898991,0.06789272882000154,0.9302626262626263,45.93361753958587,114.0,33.768,65.864,0.49177864952842,0.6687320203584864,0,0.34084449857896876,1.0
39,memoryless,ewma,0.7,14.52,542.8309373737375,0.06298633142456672,0.9137373737373737,44.23582339401548,114.0,34.088,66.924,0.49326434115442946,0.6686463746597376,0,0.3262188742414731,1.0
40,memoryless,ewma,0.7,14.04,547.5686424242426,0.07047409050644345,0.9860202020202021,44.661899086213744,115.0,33.152,67.708,0.4902334877805033,0.6705161442375678,0,0.322010329757648,1.0
41,memoryless,ewma,0.7,14.544,543.1643111111111,0.06316828922711275,0.9173333333333332,45.3341932923199,114.0,33.288,65.628,0.49080281932267494,0.6775080164910673,0,0.32923199047430046,1.0
42,memoryless,ewma,0.7,13.952,545.4806060606062,0.06838939633351399,0.9522424242424242,44.01024919614148,114.0,33.216,66.728,0.49115120274914087,0.6743119266055045,0,0.3227491961414791,1.0
43,memoryless,ewma,0.7,13.992,543.3944210526317,0.06611842556136674,0.917978947368421,45.225271218889596,115.0,31.348,62.616,0.49397009165460687,0.6679088119245945,0,0.3412039991491172,1.0
44,memoryless,ewma,0.7,14.76,542.7322303030303,0.06187227315168492,0.9123636363636363,45.505581489750355,115.0,34.452,66.728,0.49060212907518297,0.6657730116175157,0,0.3322508625938705,1.0
45,memoryless,ewma,0.7,13.696,545.3328484848487,0.06967869167869167,0.9528484848484847,44.3604938271605,114.0,32.96,66.192,0.4943591483586394,0.6722868677273807,0,0.32695473251028806,1.0
46,memoryless,ewma,0.7,15.408,544.0301061224491,0.06075552715591731,0.9346938775510205,44.3014553014553,115.0,33.616,66.264,0.4929762949956102,0.6788321167883211,0,0.31351351351351353,1.0
47,memoryless,ewma,0.7,14.592,541.5502505050505,0.06065574490868609,0.8837979797979798,44.806405255594335,115.0,33.156,65.92,0.4932700536839648,0.6701097482246611,0,0.3311435023609115,1.0
48,memoryless,ewma,0.7,14.896,542.3395673469388,0.06081751678693456,0.903591836734694,43.79410569105691,115.0,34.36,66.68,0.49034095967239383,0.6740098429810171,0,0.3146341463414634,1.0
49,memoryless,ewma,0.7,14.508,542.1534262626265,0.06205231685525803,0.8983030303030303,44.20407751312071,114.0,33.428,65.96,0.49257105943152457,0.6780762564991335,0,0.32498990714574083,1.0
0,memoryless,dbaps,0.8,14.252,540.309142857143,0.06054713438488949,0.8550204081632653,52.31793641271746,116.0,27.28,58.792,0.5538833646869121,0.6354916067146283,0,0.4071185762847431,1.0
1,memoryless,dbaps,0.8,13.792,543.8506787878788,0.06587716172716174,0.9105050505050505,49.39688715953307,114.0,28.24,61.964,0.5532510129268763,0.6470133882595263,0,0.37067376612738073,1.0
2,memoryless,dbaps,0.8,15.02,543.1040888888889,0.05979089777325071,0.896969696969697,49.03086790940068,115.0,27.964,62.668,0.5526459854014598,0.6389277389277389,0,0.3666065343756264,1.0
3,memoryless,dbaps,0.8,13.096,540.3594571428571,0.06552595499738356,0.858530612244898,48.0480394169575,113.0,28.232,60.436,0.5529898328450801,0.6451979972690032,0,0.37897762266475055,1.0
4,memoryless,dbaps,0.8,13.016,542.4952000000001,0.0685023865023865,0.8904646464646464,49.897507477567295,113.0,28.5,61.332,0.5542199930819786,0.6397780623132736,0,0.3872382851445663,1.0
5,memoryless,dbaps,0.8,14.036,541.7407541666668,0.06263996489621489,0.8785416666666667,47.301989528795815,114.0,27.916,60.632,0.5540529046525474,0.6467838860449588,0,0.3625130890052356,1.0
6,memoryless,dbaps,0.8,14.168,542.1783797979798,0.06285603470603471,0.8871111111111111,49.008953442101074,115.0,28.268,61.392,0.5556552962298025,0.6497706422018349,0,0.3706725029844807,1.0
7,memoryless,dbaps,0.8,12.644,538.9153494949494,0.06603651903651904,0.8338181818181818,49.474036511156186,113.0,29.02,60.344,0.5531969309462915,0.6424778761061947,0,0.39087221095334684,1.0
8,memoryless,dbaps,0.8,15.948,539.0214626262625,0.05234981198902767,0.8340606060606061,50.26370757180157,116.0,28.788,61.124,0.556505136830621,0.6511409080216419,0,0.37497489455714,1.0
9,memoryless,dbaps,0.8,15.656,540.2178626262627,0.05488669725336391,0.8546666666666668,50.91035175879397,117.0,29.144,60.884,0.5557981138665735,0.6470976253298153,0,0.3798994974874372,1.0
10,memoryless,dbaps,0.8,15.268,544.0483272727274,0.06034785385275582,0.9163636363636363,49.30381526104418,117.0,28.996,62.12,0.5527513446421183,0.6435155412647374,0,0.36887550200803215,1.0
11,memoryless,dbaps,0.8,15.484,541.7289454545455,0.05685768469003763,0.8825454545454545,50.34861082944636,116.0,29.532,62.612,0.5517892465383923,0.6391046139789859,0,0.3751774487933482,1.0
12,memoryless,dbaps,0.8,12.288,540.8563393939395,0.07078931169840261,0.8656565656565656,47.68360419666735,112.0,28.764,61.252,0.5523398493695524,0.6449357094518385,0,0.37584859082493316,1.0
13,memoryless,dbaps,0.8,14.132,541.9715232323233,0.062333977133977134,0.8797979797979798,48.9502,114.0,28.288,61.952,0.5511777301927195,0.6378142076502732,0,0.3764,1.0
14,memoryless,dbaps,0.8,13.596,539.9483393939394,0.06305587930587932,0.8556767676767677,48.79420171498571,114.0,29.312,61.016,0.5522692503824579,0.6440677966101694,0,0.3805634953042058,1.0
15,memoryless,dbaps,0.8,13.436,541.9589575757576,0.06581217637581273,0.8822626262626262,48.031959798994976,114.0,28.932,62.644,0.5541475689763637,0.6421221129659272,0,0.36904522613065327,1.0
16,memoryless,dbaps,0.8,13.824,542.4609432098766,0.06437249581694025,0.8896296296296297,49.203244040304746,114.0,22.576,50.068,0.5553606665204999,0.643329658213892,0,0.38264929958220695,1.0
17,memoryless,dbaps,0.8,14.496,542.4993041666667,0.061010548356871884,0.8909583333333333,48.27635447291054,115.0,28.032,61.26,0.5518992102294096,0.6402527953330093,0,0.3658126837463251,1.0
18,memoryless,dbaps,0.8,14.32,541.6854828282828,0.061367757950110895,0.8772929292929293,48.43615523828675,114.0,28.572,62.328,0.5552790615001777,0.6418408181413962,0,0.3772370802332596,1.0
19,memoryless,dbaps,0.8,14.624,541.8254101010102,0.06030565142918084,0.8811313131313132,48.71915064102564,115.0,28.456,62.084,0.5535901010805159,0.6416887709991158,0,0.37159455128205127,1.0
20,memoryless,dbaps,0.8,12.924,542.3787757575758,0.06885979071433619,0.8892929292929294,47.332305795314426,113.0,28.368,61.492,0.5537260955321156,0.6519935469002074,0,0.3664200575421291,1.0
21,memoryless,dbaps,0.8,13.416,543.3488404040404,0.06711353091353091,0.9035151515151515,50.08600405679513,114.0,28.096,61.272,0.552640722724114,0.6408199643493762,0,0.38235294117647056,1.0
22,memoryless,dbaps,0.8,13.124,541.4521333333333,0.06687168803418803,0.8775,50.35408725116476,113.0,27.976,59.136,0.5520291363163371,0.640107430617726,0,0.3915713680643795,1.0
23,memoryless,dbaps,0.8,14.468,544.1244708333335,0.0627257802960928,0.9212916666666666,50.29350149636597,116.0,28.4,60.924,0.5520852814662428,0.6417652859960552,0,0.36896109448482256,1.0
24,memoryless,dbaps,0.8,13.176,541.0675555555557,0.06601556154283426,0.8711515151515151,49.52453058752271,114.0,28.156,60.204,0.5535238771524942,0.6483230987246102,0,0.38340399757722593,1.0
25,memoryless,dbaps,0.8,13.684,539.8021510204082,0.062201257755849594,0.8516326530612245,48.061090610906106,113.0,29.188,60.576,0.5525810952214859,0.6478281177020084,0,0.3726937269372694,1.0
26,memoryless,dbaps,0.8,15.152,540.7310303030304,0.056979260499848736,0.8648080808080808,49.62878482034719,115.0,28.46,61.484,0.5542224702380952,0.6431261770244822,0,0.37828017763423494,1.0
27,memoryless,dbaps,0.8,13.148,543.0739313131314,0.06791847041847042,0.8963232323232323,46.96875,114.0,27.96,62.68,0.5524625267665952,0.6421248835041938,0,0.3681451612903226,1.0
28,memoryless,dbaps,0.8,13.532,539.8275919191918,0.062483146483146484,0.8465050505050505,49.839886501824076,114.0,28.304,60.788,0.5521599861483855,0.6408181613845808,0,0.39156870693149576,1.0
29,memoryless,dbaps,0.8,14.768,541.7144606060607,0.060059932659932654,0.8845656565656566,48.39366983864294,114.0,29.516,62.544,0.5518541797611565,0.6418672501823487,0,0.36739760033098884,1.0
30,memoryless,dbaps,0.8,12.444,541.9666391304348,0.07093886089755654,0.8883913043478261,51.73899647887324,114.0,26.436,55.584,0.5540229885057472,0.6441441441441441,0,0.4005281690140845,1.0
31,memoryless,dbaps,0.8,12.712,541.6026666666668,0.06887605525787345,0.8776565656565657,49.15229540918164,113.0,28.68,61.456,0.5538394415357766,0.6427312775330396,0,0.38163672654690617,1.0
32,memoryless,dbaps,0.8,15.26,540.9618020202022,0.05695399469811235,0.8709898989898991,50.22310030395137,115.0,29.552,62.144,0.551815690304899,0.6381722780935724,0,0.3807497467071935,1.0
33,memoryless,dbaps,0.8,14.628,545.4979272727273,0.0643055533790828,0.9389898989898989,46.93337346979731,114.89999999999964,28.14,63.8,0.5551617593602326,0.6497880357983985,0,0.34758177804535423,1.0
34,memoryless,dbaps,0.8,13.736,542.6668161616162,0.06500261405261407,0.8944646464646464,48.337303189341945,114.0,28.2,61.628,0.5567228826836236,0.6558206796818511,0,0.364553895841744,1.0
35,memoryless,dbaps,0.8,18.408,537.6433858585859,0.044550395102703005,0.8114747474747475,51.49876441515651,119.0,29.828,62.324,0.5524727414330218,0.6420311714429362,0,0.3768533772652389,1.0
36,memoryless,dbaps,0.8,14.324,537.8295416666667,0.057420697654061624,0.8184583333333333,52.817473684210526,115.0,27.668,57.428,0.552316710832731,0.6391494684177611,0,0.4107368421052632,1.0
37,memoryless,dbaps,0.8,16.164,543.2872631578948,0.056037911445279864,0.9041684210526315,50.73026178010471,116.0,27.28,59.22,0.5527673783264191,0.6420998189811223,0,0.374869109947644,1.0
38,memoryless,dbaps,0.8,12.936,540.842290909091,0.06737191764464492,0.8705858585858586,50.69671132764921,113.0,29.076,60.408,0.5522589345920431,0.6408541846419327,0,0.3972797401542834,1.0
39,memoryless,dbaps,0.8,13.536,540.443781818182,0.06386605986605987,0.862909090909091,47.69742623979912,113.0,29.428,61.804,0.553640362689649,0.6514230114327414,0,0.3695333751830927,1.0
40,memoryless,dbaps,0.8,13.408,545.0573494949496,0.06965606245606246,0.9319191919191919,48.654350417163286,114.0,28.496,62.632,0.5553312534409983,0.6463694852941176,0,0.36531585220500595,1.0
41,memoryless,dbaps,0.8,13.488,539.8157575757576,0.06290008880008881,0.8478787878787878,49.627307005358205,114.0,27.808,59.344,0.5559989589659061,0.6498993963782697,0,0.3814248858900576,1.0
42,memoryless,dbaps,0.8,13.348,543.2675393939394,0.06776838716838716,0.9028686868686868,49.06692122186495,114.0,28.356,61.676,0.5526591107236268,0.6415011037527594,0,0.3792202572347267,1.0
43,memoryless,dbaps,0.8,13.46,541.3837515789475,0.06517945633314055,0.8736421052631579,48.97340991278451,114.0,27.34,58.424,0.552541822316063,0.6434058898847631,0,0.38332269729844715,1.0
44,memoryless,dbaps,0.8,13.788,540.1472363636365,0.06194611566884294,0.8571313131313132,49.38705094377917,115.0,29.604,61.368,0.5537106918238994,0.6452459016393443,0,0.376902780596712,1.0
45,memoryless,dbaps,0.8,12.828,542.6072808080809,0.06971377511377512,0.8951515151515151,48.39855967078189,113.0,28.228,60.924,0.5528322906847202,0.6467328561533133,0,0.37592592592592594,1.0
46,memoryless,dbaps,0.8,14.356,541.4275020408163,0.0611803851210814,0.8779183673469388,49.957172557172555,114.0,28.576,60.808,0.5523094791387474,0.6429068957511028,0,0.3794178794178794,1.0
47,memoryless,dbaps,0.8,14.14,539.5195070707072,0.05938642098642099,0.8395151515151515,49.66844590433176,114.0,28.736,61.208,0.5500552660666351,0.638394704178734,0,0.3849312256210224,1.0
48,memoryless,dbaps,0.8,14.312,539.377212244898,0.05937310682514765,0.8428163265306123,49.93638211382114,115.0,29.596,61.232,0.5546324724580097,0.6412110257568912,0,0.38333333333333336,1.0
49,memoryless,dbaps,0.8,13.856,539.5021050505052,0.0604729230365594,0.8421414141414141,49.72022607993541,114.0,28.472,60.452,0.5556375563755638,0.6489073881373569,0,0.3857488897860315,1.0
0,memoryless,ewma,0.8,14.972,543.020448979592,0.0611527125656509,0.9122857142857143,46.858228354329135,115.0,32.168,64.184,0.5084130357775416,0.6633019291161956,0,0.3473305338932214,1.0
1,memoryless,ewma,0.8,14.62,546.8244727272729,0.0663248146090392,0.9683232323232324,45.37681753020684,116.0,32.38,67.2,0.5108998367425334,0.6562418556163669,0,0.3245955355314356,1.0
2,memoryless,ewma,0.8,15.292,544.8381252525253,0.06131409831998067,0.935070707070707,45.477650831830026,115.0,31.66,66.524,0.5086877828054298,0.6604761904761904,0,0.32792142713970734,1.0
3,memoryless,ewma,0.8,13.896,542.3159346938776,0.06497471593032819,0.901591836734694,44.26873331964689,114.0,32.248,64.64,0.5116974043715847,0.6653451492537313,0,0.3342229521658797,1.0
4,memoryless,ewma,0.8,13.764,544.4024202020202,0.06789691841135692,0.9318787878787879,46.209571286141575,114.0,32.348,65.44,0.5069723671828215,0.6627932470949354,0,0.34436689930209374,1.0
5,memoryless,ewma,0.8,14.816,543.8497083333335,0.06226901881139014,0.9195416666666667,44.39413612565445,115.0,30.52,63.968,0.5112667735673897,0.6675755510111339,0,0.3269109947643979,1.0
6,memoryless,ewma,0.8,14.664,544.538092929293,0.06394428831879813,0.934949494949495,45.88440111420613,115.0,31.864,65.664,0.5103860212177944,0.6642540275507821,0,0.33565459610027853,1.0
7,memoryless,ewma,0.8,13.372,541.0605858585859,0.06597868696959605,0.8797575757575757,46.945233265720084,113.0,33.176,64.86,0.5067780714468412,0.6469807564698076,0,0.36004056795131845,1.0
8,memoryless,ewma,0.8,16.62,541.4187676767676,0.053381423258925836,0.884040404040404,47.2552721430006,117.0,33.22,66.144,0.5080272108843538,0.6594082840236687,0,0.3400281180960032,1.0
9,memoryless,ewma,0.8,15.284,542.3558222222222,0.0594860081973601,0.9016969696969698,46.81045226130653,117.0,33.74,65.74,0.5066666666666667,0.6624719101123595,0,0.3398994974874372,1.0
10,memoryless,ewma,0.8,15.252,545.6381616161617,0.06278548064518137,0.951030303030303,45.579518072289154,117.0,32.168,65.508,0.5098908314864976,0.667396540398511,0,0.33072289156626505,1.0
11,memoryless,ewma,0.8,16.2,543.5055878787879,0.05685503503300201,0.9198383838383838,46.63516528087609,116.0,32.832,66.3,0.5099920063948841,0.6609290261730724,0,0.33198134252687084,1.0
12,memoryless,ewma,0.8,13.716,542.7118747474748,0.06618801366983186,0.9049292929292928,45.29068092984983,114.0,32.24,65.092,0.5111466307731135,0.6605546642218657,0,0.3416992388397449,1.0
13,memoryless,ewma,0.8,14.54,543.7301252525253,0.06312274708852249,0.9179393939393939,45.777,115.0,31.848,65.736,0.5078542922645836,0.6548177956628661,0,0.3396,1.0
14,memoryless,ewma,0.8,13.728,542.2723313131314,0.06592223332223332,0.9037171717171717,44.201919150673746,114.0,33.076,65.356,0.5113110756033975,0.6636843312686396,0,0.33135973866884444,1.0
15,memoryless,ewma,0.8,13.856,544.2135070707071,0.06724228734228734,0.9287272727272727,43.501708542713565,114.0,32.656,66.972,0.5126858363749666,0.6665104288727444,0,0.3202010050251256,1.0
16,memoryless,ewma,0.8,14.236,544.0796691358025,0.06534573706371091,0.9289382716049384,46.5861391005161,115.0,26.072,53.404,0.5096541943929311,0.6581077309517165,0,0.34898009338903907,1.0
17,memoryless,ewma,0.8,15.54,544.9125541666667,0.060666386143132474,0.9417916666666667,43.42692146157077,115.0,32.012,65.8,0.5110181311018132,0.6653316645807259,0,0.3118437631247375,1.0
18,memoryless,ewma,0.8,15.564,543.7868242424242,0.05927882981216315,0.921090909090909,45.44681278906093,115.0,32.26,66.52,0.5075510023845271,0.664558391687373,0,0.3348079630002011,1.0
19,memoryless,ewma,0.8,15.424,543.4958828282829,0.05961812131223896,0.9189090909090909,44.655448717948715,115.0,31.996,65.776,0.511993809646634,0.6690318150606546,0,0.3239182692307692,1.0
20,memoryless,ewma,0.8,13.712,544.1915595959597,0.06798449513449514,0.9288080808080809,44.288532675709,114.0,32.116,65.464,0.5119870318232232,0.6679130637999533,0,0.3306617344841759,1.0
21,memoryless,ewma,0.8,14.16,545.1069494949495,0.06685320086924366,0.942989898989899,47.05273833671399,115.0,31.916,65.244,0.5072388831437435,0.6567333939945404,0,0.34766734279918865,1.0
22,memoryless,ewma,0.8,13.6,543.1964291666667,0.06738939931596181,0.9169166666666667,45.88754764930114,114.0,31.7,63.016,0.5099451303155007,0.665359778597786,0,0.3439220669207963,1.0
23,memoryless,ewma,0.8,15.14,546.3197791666668,0.06379367671748186,0.9653333333333333,47.24262505344164,115.0,31.292,64.512,0.5115976990165151,0.6540785498489426,0,0.3383924754168448,1.0
24,memoryless,ewma,0.8,14.164,543.7371272727273,0.06556615552203787,0.9261010101010101,46.0498687664042,114.0,32.244,65.0,0.5097207493814069,0.6582217973231358,0,0.3391883706844337,1.0
25,memoryless,ewma,0.8,14.676,542.4456612244898,0.061684000293424066,0.9041224489795918,44.150061500615,114.0,32.628,64.936,0.513342574943684,0.6668250950570342,0,0.32595325953259535,1.0
26,memoryless,ewma,0.8,16.276,542.7418303030303,0.055976961020098276,0.9099797979797979,46.43681873233751,116.0,32.812,65.992,0.5089450387310955,0.6539942252165544,0,0.338514331853048,1.0
27,memoryless,ewma,0.8,13.872,544.8091272727273,0.06756857042739395,0.934909090909091,42.66975806451613,114.0,31.984,66.908,0.5102527841612162,0.6614906832298136,0,0.3183467741935484,1.0
28,memoryless,ewma,0.8,14.08,541.7307151515153,0.06312546073455164,0.8878787878787879,46.136805837049046,114.0,32.08,64.84,0.50944692545517,0.6597796143250688,0,0.3483988650182408,1.0
29,memoryless,ewma,0.8,14.688,543.8997696969698,0.06333665278077043,0.9303838383838383,44.08585022755482,114.0,33.176,66.668,0.5148267238299392,0.6583621114948199,0,0.3247827885808854,1.0
30,memoryless,ewma,0.8,13.332,544.5757869565218,0.07105612769228498,0.943695652173913,47.221830985915496,114.0,30.564,60.192,0.5107202240308042,0.6625028915105251,0,0.35079225352112675,1.0
31,memoryless,ewma,0.8,13.212,543.9569696969697,0.0702857117629845,0.9263838383838383,44.16766467065868,113.0,32.544,65.904,0.5096751900483759,0.6647830018083183,0,0.32934131736526945,1.0
32,memoryless,ewma,0.8,15.196,543.7271313131314,0.060855055837408786,0.9233131313131314,46.359270516717324,115.0,32.516,66.264,0.509242695289207,0.6532919530037685,0,0.3436676798378926,1.0
33,memoryless,ewma,0.8,15.208,547.4671030303032,0.06466357295572982,0.9818989898989898,44.087898856110776,115.0,31.96,67.856,0.5088163486752871,0.6640419947506562,0,0.31426851294400965,1.0
34,memoryless,ewma,0.8,14.092,544.8117979797979,0.06672119547119547,0.9411313131313132,46.400888171174806,115.0,32.316,66.036,0.5074778434268833,0.6619481765834933,0,0.3413403310456197,1.0
35,memoryless,ewma,0.8,18.904,539.5314989898992,0.045302747902889434,0.8525252525252525,47.39271004942339,119.0,33.94,66.756,0.5089449763079006,0.6625735482220517,0,0.3317545304777595,1.0
36,memoryless,ewma,0.8,15.128,539.3565500000001,0.05650363374460221,0.8524166666666667,48.7261052631579,115.0,31.168,61.112,0.5122358175750834,0.6629502572898799,0,0.3631578947368421,1.0
37,memoryless,ewma,0.8,16.12,547.5090105263159,0.061160678544022205,0.9831578947368421,44.08188481675393,116.0,31.652,65.34,0.5090726817042607,0.6686092715231788,0,0.3049214659685864,1.0
38,memoryless,ewma,0.8,13.596,543.2855757575759,0.06777467566103929,0.92,47.023751522533495,114.0,32.816,64.856,0.5103523125730506,0.6605484298982751,0,0.3526187576126675,1.0
39,memoryless,ewma,0.8,14.42,542.2901050505052,0.06276142365260012,0.9026262626262627,45.63423310315966,114.0,33.22,65.92,0.5098814229249012,0.6597863040310831,0,0.34149403640929066,1.0
40,memoryless,ewma,0.8,14.16,547.2829050505052,0.06936370548643277,0.9778585858585859,45.001986491855384,115.0,32.028,66.712,0.508384979948961,0.6657316503038803,0,0.32578466428287645,1.0
41,memoryless,ewma,0.8,14.396,542.713385858586,0.06310972566747967,0.9067878787878787,47.84500893034332,114.0,32.14,64.496,0.5076802915907316,0.660040205494751,0,0.3558245683667394,1.0
42,memoryless,ewma,0.8,13.86,545.0713616161617,0.06817520139792868,0.9427070707070707,45.32857717041801,114.0,32.22,65.74,0.5083211175303958,0.6643197819668408,0,0.3370176848874598,1.0
43,memoryless,ewma,0.8,13.984,542.9969810526317,0.06539234445908228,0.9085473684210527,45.233992767496275,115.0,30.332,61.64,0.5140006437077567,0.6671041119860017,0,0.34205488194001277,1.0
44,memoryless,ewma,0.8,14.668,542.3617373737374,0.06162064134122957,0.9032323232323233,46.62269129287599,115.0,33.34,65.668,0.5080187103240895,0.6556978798586572,0,0.34402273188552873,1.0
45,memoryless,ewma,0.8,13.42,544.8007353535355,0.07025646474737382,0.9410909090909091,45.422427983539094,114.0,31.904,65.064,0.5125778118870982,0.662532178797098,0,0.33930041152263374,1.0
46,memoryless,ewma,0.8,15.116,543.2514489795919,0.06092328836296423,0.919591836734694,45.89126819126819,115.0,32.652,65.024,0.5111854852915272,0.6632899179932465,0,0.332016632016632,1.0
47,memoryless,ewma,0.8,14.368,541.1417171717172,0.060951210010033535,0.8744242424242423,45.80270991582837,114.0,32.064,64.812,0.5113645239397017,0.659782840110709,0,0.34264011496612606,1.0
48,memoryless,ewma,0.8,14.532,541.7354367346941,0.06148755518191292,0.890326530612245,44.84430894308943,115.0,33.136,65.384,0.5107161993213074,0.6671315667131567,0,0.3280487804878049,1.0
49,memoryless,ewma,0.8,14.344,541.58058989899,0.061822088141606855,0.8861818181818183,46.451756156641096,114.0,32.384,64.792,0.5079986940907607,0.6630160067396799,0,0.34880904319741624,1.0
0,memoryless,dbaps,0.9,14.508,537.9262326530613,0.049866456106252025,0.82,57.15176964607078,121.0,28.18,57.52,0.557602862254025,0.6409190371991247,0,0.41711657668466307,1.0
1,memoryless,dbaps,0.9,12.736,542.0517414141415,0.06569966840118355,0.8802020202020202,52.515461806266636,116.0,27.12,59.728,0.5544726430570298,0.6452276820169797,0,0.3938152774933443,1.0
2,memoryless,dbaps,0.9,13.756,541.055991919192,0.05979051117232936,0.8651313131313132,51.3056724794548,118.0,28.116,60.98,0.5560313411078717,0.6438933083762284,0,0.3794347564642213,1.0
3,memoryless,dbaps,0.9,12.404,537.0081836734695,0.05961910430839002,0.8048979591836735,51.82837199753644,116.0,28.236,57.808,0.5536469572723349,0.6407701019252549,0,0.4027920344898378,1.0
4,memoryless,dbaps,0.9,12.576,537.8477454545456,0.055198400040505295,0.8183838383838384,56.645862412761716,119.0,28.468,57.744,0.556995938121165,0.6409489207095533,0,0.4165503489531406,1.0
5,memoryless,dbaps,0.9,13.06,538.3891958333335,0.05686386846405229,0.8282083333333333,51.824502617801045,117.0,28.852,58.68,0.5553563807084934,0.6429988974641676,0,0.3918324607329843,1.0
6,memoryless,dbaps,0.9,14.476,537.9574303030304,0.04932948532948533,0.8222626262626263,57.173099880620775,121.0,28.676,58.316,0.5556957462148522,0.6403269754768393,0,0.41404695582968565,1.0
7,memoryless,dbaps,0.9,12.444,535.1521131313132,0.05349046015712682,0.7719191919191919,58.03306288032454,118.0,27.824,56.384,0.5540332248672718,0.6380139982502188,0,0.43955375253549694,1.0
8,memoryless,dbaps,0.9,13.908,534.8462262626263,0.04661083348100892,0.7674343434343435,56.467362924281986,118.0,28.5,57.432,0.5561941251596424,0.6436567164179104,0,0.4199638481622816,1.0
9,memoryless,dbaps,0.9,14.244,535.6619919191919,0.04716666666666666,0.7812121212121212,57.03839195979899,121.0,28.088,56.54,0.5579276230148399,0.6490953763681037,0,0.4201005025125628,1.0
10,memoryless,dbaps,0.9,15.5,540.6062383838384,0.05179638490164806,0.8631515151515152,54.581124497991965,119.0,28.8,59.376,0.554430799867242,0.6396338867603235,0,0.4046184738955823,1.0
11,memoryless,dbaps,0.9,14.576,538.3887595959596,0.052766418034679595,0.8274343434343434,55.28107888866356,119.0,28.692,59.428,0.5531550994688991,0.6344796173992256,0,0.40985601297911173,1.0
12,memoryless,dbaps,0.9,13.032,538.0866262626264,0.05860408331682842,0.8217373737373737,53.1088253445793,116.0,28.696,59.024,0.5534958523785339,0.6424706943192064,0,0.40382637317424397,1.0
13,memoryless,dbaps,0.9,12.992,538.2070464646465,0.0563678050344717,0.8198383838383838,54.383,118.0,28.208,58.936,0.5545299145299145,0.6402197802197802,0,0.4048,1.0
14,memoryless,dbaps,0.9,12.616,536.525187878788,0.056253713606654786,0.8024646464646464,53.80175581870151,117.0,29.78,58.612,0.5541114509004417,0.6422510049129075,0,0.4093507554103716,1.0
15,memoryless,dbaps,0.9,12.208,538.0860767676768,0.059146832470361885,0.8192323232323232,53.814472361809045,117.0,28.436,59.244,0.5552461372619475,0.6407967032967034,0,0.4056281407035176,1.0
16,memoryless,dbaps,0.9,13.528,539.518064197531,0.058013702981734167,0.8435555555555555,56.10493978864586,119.0,22.308,47.892,0.5553107095636844,0.6366358192705498,0,0.41926763332514133,1.0
17,memoryless,dbaps,0.9,14.036,539.4672791666668,0.05422888297131719,0.8433333333333334,51.59764804703906,118.0,28.18,59.008,0.5558263804256117,0.6458486407053637,0,0.38219235615287694,1.0
18,memoryless,dbaps,0.9,13.532,538.1217333333334,0.05590491203521507,0.8187878787878787,53.50432334606877,117.0,27.848,59.004,0.5572749911063678,0.6429205503772747,0,0.4041825859642067,1.0
19,memoryless,dbaps,0.9,13.696,536.6605656565657,0.05089820426487093,0.8012929292929293,54.38701923076923,117.0,28.932,58.268,0.5566733154106323,0.6462295815618707,0,0.4104567307692308,1.0
20,memoryless,dbaps,0.9,13.52,539.5523070707072,0.05889843893480257,0.848040404040404,51.93875873407316,117.0,28.968,59.712,0.5549922667124936,0.6467216872994039,0,0.39169749280723387,1.0
21,memoryless,dbaps,0.9,12.388,538.911292929293,0.057517075517075515,0.8372929292929293,55.16247464503043,118.0,28.712,58.292,0.5551784160139251,0.6405764966740577,0,0.40892494929006085,1.0
22,memoryless,dbaps,0.9,12.888,538.7540625,0.05937210648148148,0.8360416666666665,52.89517153748412,115.0,28.06,57.16,0.5554883841437085,0.645329111060846,0,0.40660736975857686,1.0
23,memoryless,dbaps,0.9,13.996,539.6021583333335,0.05329020467836257,0.8469166666666668,56.66182129115006,119.0,27.2,56.752,0.5534561780937237,0.6407982261640798,0,0.41321077383497223,1.0
24,memoryless,dbaps,0.9,13.104,537.2676282828284,0.05503054353054354,0.8122424242424242,55.034120734908136,118.0,28.54,57.476,0.5564143567874911,0.6496229971724788,0,0.4094488188976378,1.0
25,memoryless,dbaps,0.9,13.34,536.389106122449,0.050934742468415936,0.7947755102040817,56.03218532185322,117.0,28.468,57.424,0.5534381312022482,0.6394682557873023,0,0.4216892168921689,1.0
26,memoryless,dbaps,0.9,14.136,535.5907797979798,0.04399528619528619,0.7828686868686868,56.8477997577715,119.0,28.416,57.088,0.5547512991833704,0.6396780303030303,0,0.4176423092450545,1.0
27,memoryless,dbaps,0.9,12.98,539.8244888888889,0.06048569023569023,0.8462222222222222,50.928629032258065,116.0,27.972,60.136,0.553455193936692,0.6399066511085181,0,0.3935483870967742,1.0
28,memoryless,dbaps,0.9,13.056,536.8108121212122,0.056188552188552184,0.7991111111111111,54.16963923794082,118.0,28.376,58.424,0.5551911625097091,0.6449127577611602,0,0.4079854073773814,1.0
29,memoryless,dbaps,0.9,13.504,537.829094949495,0.05578029852896163,0.8178989898989898,53.03475382705834,116.0,28.056,58.484,0.5528543129839726,0.6416505791505791,0,0.40566818369880014,1.0
30,memoryless,dbaps,0.9,13.0,538.6373304347827,0.05879710144927536,0.836608695652174,55.992077464788736,118.0,26.32,53.144,0.5544772827525364,0.6398640996602492,0,0.4238556338028169,1.0
31,memoryless,dbaps,0.9,13.476,539.4180606060606,0.057699775533108864,0.8441616161616161,54.69860279441118,118.0,28.612,59.5,0.5556137593853676,0.6401231852177739,0,0.4029940119760479,1.0
32,memoryless,dbaps,0.9,14.06,537.990383838384,0.05324711441904425,0.8210101010101011,54.006079027355625,119.0,28.5,58.884,0.5573001109309668,0.6482012800706246,0,0.4002026342451874,1.0
33,memoryless,dbaps,0.9,14.404,540.6024686868686,0.05305690396790876,0.8632323232323232,53.559903672486456,119.0,28.592,60.268,0.5562762653023936,0.6431226765799256,0,0.38731687738310255,1.0
34,memoryless,dbaps,0.9,12.576,539.6125090909093,0.060308658951796205,0.8455353535353536,54.45135244247073,117.0,28.08,59.144,0.5575509444496138,0.6454267575828827,0,0.4051271699636657,1.0
35,memoryless,dbaps,0.9,16.932,534.1434909090909,0.03992041628405265,0.7534141414141413,57.01235584843493,122.0,28.752,58.696,0.5547765118317266,0.6412961567445365,0,0.4161861614497529,1.0
36,memoryless,dbaps,0.9,14.008,534.9064833333334,0.048585532407407414,0.77525,57.51052631578948,120.0,28.492,55.708,0.5557783302590424,0.6454716586488183,0,0.41957894736842105,1.0
37,memoryless,dbaps,0.9,15.372,542.2706021052633,0.05451462595883648,0.8853473684210525,54.24083769633508,121.0,26.24,57.696,0.553911633563032,0.6370427614631633,0,0.39267015706806285,1.0
38,memoryless,dbaps,0.9,12.78,539.1271757575759,0.06066197926982241,0.8419797979797979,54.39646772228989,117.0,28.664,58.76,0.5554337745552651,0.6419486958396206,0,0.41473812423873324,1.0
39,memoryless,dbaps,0.9,13.5,537.3319434343434,0.05505050505050505,0.8104242424242425,52.96191671897886,117.0,28.14,58.364,0.5568028738212842,0.6537059538274606,0,0.3992467043314501,1.0
40,memoryless,dbaps,0.9,12.7,540.5726505050505,0.06057888407888407,0.8578181818181819,55.81187922129519,118.0,27.048,58.236,0.5591870365284263,0.6494106771435174,0,0.41279300754866904,1.0
41,memoryless,dbaps,0.9,12.916,537.1078747474747,0.056242744909411585,0.8041616161616162,57.2750545743203,118.0,27.08,56.636,0.556176830333741,0.6411945542380325,0,0.4306410001984521,1.0
42,memoryless,dbaps,0.9,12.048,539.6029696969697,0.06285237293570627,0.8480404040404041,53.07556270096463,116.0,28.74,59.104,0.556838905775076,0.6459308807134894,0,0.3997186495176849,1.0
43,memoryless,dbaps,0.9,12.504,537.6557768421052,0.05911788785689715,0.8170526315789474,51.98659859604339,117.0,27.872,55.996,0.5558790231279315,0.6491152352179542,0,0.402680280791321,1.0
44,memoryless,dbaps,0.9,12.116,536.7226909090909,0.05735706269039602,0.8008888888888889,54.40612949056221,117.0,28.984,58.192,0.5550883095037847,0.6420824295010846,0,0.41100060888979095,1.0
45,memoryless,dbaps,0.9,13.456,539.1147313131313,0.05748282828282828,0.8423838383838385,54.19794238683127,116.0,28.94,58.668,0.5542272297239185,0.6441801966613309,0,0.4094650205761317,1.0
46,memoryless,dbaps,0.9,13.632,539.9647224489796,0.060670007811737134,0.8509387755102041,54.06361746361746,119.0,27.404,58.8,0.5557141582656794,0.645537170822652,0,0.3995841995841996,1.0
47,memoryless,dbaps,0.9,13.584,536.5511797979799,0.05287945030927487,0.7976565656565657,52.43995072880312,119.0,30.18,59.824,0.5548584424751,0.6472941671930933,0,0.38082529254773145,1.0
48,memoryless,dbaps,0.9,12.58,534.9165795918368,0.053603781512605045,0.7677551020408163,56.89817073170732,117.0,27.312,55.784,0.5563284849579908,0.640713157300835,0,0.43861788617886177,1.0
49,memoryless,dbaps,0.9,13.204,536.6165494949495,0.05369079685746352,0.7983434343434344,54.070246265643924,117.0,29.108,58.572,0.5578437807679685,0.6465087281795511,0,0.4041178845377473,1.0
0,memoryless,ewma,0.9,15.032,542.2190489795918,0.060115357278442506,0.8960408163265307,48.85342931413717,115.0,30.864,62.692,0.5329000089039266,0.6470458065943793,0,0.3675264947010598,1.0
1,memoryless,ewma,0.9,14.376,546.2812767676768,0.06663203778792014,0.95620202020202,45.638337087855824,115.0,31.232,66.032,0.5357418111753371,0.6521963824289405,0,0.33032971533893096,1.0
2,memoryless,ewma,0.9,15.22,544.2374383838385,0.06066812914754091,0.9214141414141415,46.48446582481459,115.0,30.356,65.172,0.5329630304134038,0.6529990627928772,0,0.33794347564642213,1.0
3,memoryless,ewma,0.9,13.544,541.4744653061224,0.06555239403453689,0.8848571428571429,45.454732087866965,113.0,31.02,63.156,0.536470386560384,0.6519732287099007,0,0.34859371792239785,1.0
4,memoryless,ewma,0.9,13.596,543.75458989899,0.06769688728779637,0.9179797979797979,48.20319042871386,114.0,31.04,64.028,0.5322872661436331,0.6454525908406794,0,0.3651046859421735,1.0
5,memoryless,ewma,0.9,14.512,543.0186375000001,0.062385120506535954,0.9027916666666668,46.135078534031415,115.0,29.272,62.484,0.5349902451437781,0.6534409325263394,0,0.34764397905759165,1.0
6,memoryless,ewma,0.9,14.384,543.8210585858586,0.06400072890072891,0.9196363636363636,47.699761241543975,115.0,30.552,64.232,0.5322406340057637,0.6460418562329391,0,0.35714285714285715,1.0
7,memoryless,ewma,0.9,13.184,540.5776484848485,0.0659143920053011,0.8677171717171717,47.622718052738335,113.0,31.692,63.508,0.5323765590295575,0.6423855633802817,0,0.3671399594320487,1.0
8,memoryless,ewma,0.9,16.32,540.8760929292929,0.05393643449773481,0.871878787878788,47.29785097409118,116.0,31.932,64.824,0.5355652331700236,0.6561021759697256,0,0.34404498895360514,1.0
9,memoryless,ewma,0.9,14.872,541.8258666666667,0.06041952702344859,0.8890909090909092,48.533467336683415,116.0,32.276,64.3,0.5307262569832403,0.6439260563380281,0,0.36100502512562815,1.0
10,memoryless,ewma,0.9,15.508,544.8385131313132,0.060452461145856395,0.9347878787878787,47.22088353413655,117.0,30.904,64.032,0.5374876685300888,0.6561273440907108,0,0.34598393574297187,1.0
11,memoryless,ewma,0.9,16.124,543.1615838383839,0.05664734413810781,0.9100606060606061,46.66639626850537,116.0,31.568,65.184,0.5342831700801425,0.6604215456674473,0,0.33238693976880956,1.0
12,memoryless,ewma,0.9,13.728,542.1883272727274,0.06518909140967963,0.8932525252525253,46.57128162929438,114.0,31.136,63.908,0.5356267433014961,0.653541525231953,0,0.35486525406295,1.0
13,memoryless,ewma,0.9,14.408,543.5977818181818,0.06349016680487268,0.9124040404040404,45.7278,114.0,30.644,64.8,0.5337522289207778,0.6525821596244131,0,0.3414,1.0
14,memoryless,ewma,0.9,13.948,541.533195959596,0.06376747074474347,0.8885252525252525,45.75990200081666,114.0,31.908,63.988,0.5344406036590507,0.6568694463431306,0,0.3458554512045733,1.0
15,memoryless,ewma,0.9,13.62,543.6501373737375,0.06755405755860301,0.9162020202020201,44.056482412060305,114.0,31.404,65.656,0.5383860900579581,0.6571761960326721,0,0.3284422110552764,1.0
16,memoryless,ewma,0.9,13.8,543.7182271604938,0.0666618650412768,0.9184691358024691,46.438928483656916,114.0,24.864,52.38,0.536420224964508,0.6534929028666853,0,0.35094617842221676,1.0
17,memoryless,ewma,0.9,15.396,544.1485791666667,0.06018840501478368,0.9260416666666667,46.235615287694245,115.0,30.868,64.424,0.5338289263197515,0.6420082464225079,0,0.34124317513649727,1.0
18,memoryless,ewma,0.9,15.444,542.6839191919192,0.05840107198538571,0.8997979797979799,47.60929016690127,115.0,30.872,64.728,0.5340667139815471,0.6487271103171058,0,0.35572089282123465,1.0
19,memoryless,ewma,0.9,15.092,542.8151353535354,0.06000125288654701,0.9039191919191919,47.25400641025641,115.0,30.656,64.32,0.5336170952050034,0.6488413547237076,0,0.3525641025641026,1.0
20,memoryless,ewma,0.9,13.536,543.4883393939393,0.06765614032432216,0.9137777777777777,45.5429510891903,114.0,30.768,64.008,0.5344295991778006,0.6549491211840888,0,0.34628031237155776,1.0
21,memoryless,ewma,0.9,13.924,544.397991919192,0.0670004366004366,0.9277171717171717,47.96470588235294,115.0,30.544,63.772,0.5322203961595018,0.6510475332282045,0,0.3584178498985801,1.0
22,memoryless,ewma,0.9,13.664,542.4032875000001,0.06596224435286936,0.8998333333333333,47.047861075815334,113.0,30.272,61.436,0.5372262773722628,0.6539609644087256,0,0.35535789919525623,1.0
23,memoryless,ewma,0.9,14.932,545.6598291666668,0.06369537961017739,0.9512916666666668,47.299059427105604,115.0,30.168,63.26,0.5373023255813953,0.64875,0,0.3420265070542967,1.0
24,memoryless,ewma,0.9,13.964,543.3776686868688,0.06572477729242435,0.9157575757575758,45.91823137492429,114.0,30.84,63.78,0.5346595932802829,0.6615751789976133,0,0.33999596204320615,1.0
25,memoryless,ewma,0.9,14.328,541.2548448979592,0.06170481797114451,0.8827346938775511,46.84050840508405,114.0,31.628,63.336,0.5353808568187767,0.6451387269759851,0,0.35629356293562936,1.0
26,memoryless,ewma,0.9,15.952,542.2013010101011,0.056418390003529315,0.898020202020202,47.41219216794509,115.0,31.692,64.828,0.5341856586992774,0.6476462196861626,0,0.35102947113443683,1.0
27,memoryless,ewma,0.9,13.604,544.4592080808081,0.06811917156917156,0.9252525252525253,44.18346774193548,113.0,30.656,65.704,0.5339133522727273,0.6494334277620396,0,0.33487903225806454,1.0
28,memoryless,ewma,0.9,13.996,540.8682181818183,0.06226435231435231,0.8701818181818183,47.22051074179165,114.0,30.628,63.188,0.5357725672077643,0.6536607757631397,0,0.3601540332387515,1.0
29,memoryless,ewma,0.9,14.644,543.6177090909092,0.06302132616838499,0.9214545454545455,45.198386429458004,114.0,31.8,65.516,0.5373978629792583,0.6467298808655483,0,0.33698800165494414,1.0
30,memoryless,ewma,0.9,12.916,544.3701173913043,0.07261998146780756,0.9354782608695652,48.57482394366197,113.0,29.216,59.14,0.5336097388849682,0.651110104213865,0,0.3683978873239437,1.0
31,memoryless,ewma,0.9,12.976,543.2087232323233,0.07018861811589085,0.9101010101010102,45.99461077844311,113.0,31.148,64.36,0.5329450625869263,0.6532473309608541,0,0.34810379241516964,1.0
32,memoryless,ewma,0.9,14.904,543.0878222222224,0.06117002674159537,0.9090101010101009,46.30192502532928,115.0,31.196,64.86,0.5334640634325177,0.6525105065251051,0,0.3458966565349544,1.0
33,memoryless,ewma,0.9,14.88,546.782496969697,0.06511652008122595,0.9677171717171718,44.26108769817379,115.0,30.828,66.588,0.5335327170563712,0.6567836812144212,0,0.3186835239815372,1.0
34,memoryless,ewma,0.9,14.056,544.2337090909091,0.06615033770942862,0.9285656565656566,46.602543399273316,114.0,31.232,64.86,0.5324807710128812,0.6593014967925873,0,0.3451756156641098,1.0
35,memoryless,ewma,0.9,18.524,538.928711111111,0.04554724865603935,0.8392323232323233,47.86758649093905,118.0,32.624,65.32,0.5352439969016266,0.6527281998980112,0,0.33999176276771004,1.0
36,memoryless,ewma,0.9,15.208,538.9332583333335,0.05553316088187412,0.8405833333333332,50.69978947368421,116.0,29.5,59.644,0.5348725733003116,0.649904922881893,0,0.3814736842105263,1.0
37,memoryless,ewma,0.9,16.0,546.5664252631581,0.0604351579154284,0.964421052631579,45.654031413612564,116.0,30.4,63.792,0.5345469174293472,0.6540583136327817,0,0.32293193717277485,1.0
38,memoryless,ewma,0.9,13.692,542.6824525252525,0.0664621249121249,0.9074747474747474,47.329882257409665,114.0,31.74,63.664,0.537103655985945,0.6544974708599076,0,0.3552578156719448,1.0
39,memoryless,ewma,0.9,14.096,541.6943313131313,0.06332018722018722,0.8884848484848485,46.18309269721699,114.0,31.72,64.436,0.536058341586387,0.650494810523775,0,0.35091023226616447,1.0
40,memoryless,ewma,0.9,14.344,546.8177171717172,0.06780395682748624,0.9681616161616161,45.75208581644815,115.0,31.212,65.792,0.5332113449222324,0.6541666666666667,0,0.33392928088994833,1.0
41,memoryless,ewma,0.9,14.096,541.7808242424244,0.06313045560104386,0.8877171717171717,48.307997618575115,114.0,30.716,62.804,0.5337737981396158,0.6497665110073382,0,0.36554871998412386,1.0
42,memoryless,ewma,0.9,13.508,544.1199393939395,0.06839377844377845,0.9238383838383838,46.83340032154341,114.0,30.848,64.068,0.5341480325879702,0.6584491259524877,0,0.35389871382636656,1.0
43,memoryless,ewma,0.9,13.724,541.7364421052632,0.06462761589287905,0.8856,47.65688151457137,114.0,29.264,59.98,0.5364377370672262,0.6524191798654806,0,0.3673686449691555,1.0
44,memoryless,ewma,0.9,14.536,541.6324767676768,0.06094975630759945,0.8877979797979799,47.81388268723361,115.0,31.996,64.172,0.5327024537308434,0.6477297652994077,0,0.3557946011771869,1.0
45,memoryless,ewma,0.9,13.308,544.2721858585859,0.06979041799950891,0.9287676767676768,46.425308641975306,114.0,30.608,63.792,0.5375416417527975,0.6547868623340322,0,0.35185185185185186,1.0
46,memoryless,ewma,0.9,14.788,542.6597142857144,0.061150218205830456,0.9053877551020407,47.38024948024948,115.0,31.128,63.528,0.5337477797513321,0.6547169811320754,0,0.3488565488565489,1.0
47,memoryless,ewma,0.9,14.324,540.9659595959596,0.06077805687413531,0.868929292929293,45.61855881749128,114.0,31.076,63.944,0.5368124559893592,0.6575545666454757,0,0.34264011496612606,1.0
48,memoryless,ewma,0.9,14.52,541.088718367347,0.06066652540136934,0.8774285714285713,45.80914634146342,115.0,32.268,64.332,0.5354549529359032,0.6589182968929804,0,0.33922764227642277,1.0
49,memoryless,ewma,0.9,14.132,540.889494949495,0.06196328453681395,0.8705050505050504,48.44388373031894,114.0,30.708,63.092,0.5334700574241181,0.6474012474012474,0,0.3714170367379895,1.0
0,memoryless,dbaps,0.95,14.692,537.8085795918367,0.0508626498218335,0.8166530612244899,57.555688862227555,121.0,27.588,57.06,0.5582372396531688,0.6427788735481044,0,0.41871625674865026,1.0
1,memoryless,dbaps,0.95,12.5,541.5209494949495,0.06554208754208754,0.8711515151515151,53.2920335859103,116.0,26.672,58.964,0.5544401544401545,0.644987146529563,0,0.4009830022527135,1.0
2,memoryless,dbaps,0.95,13.532,540.814901010101,0.0604641975308642,0.8611313131313132,51.62016436159551,118.0,27.888,60.584,0.5560313411078717,0.6438933083762284,0,0.3832431348967729,1.0
3,memoryless,dbaps,0.95,12.272,536.5099142857142,0.05921606737933269,0.7954285714285715,52.528844179839865,116.0,27.756,57.104,0.5536469572723349,0.6407701019252549,0,0.40977212071443236,1.0
4,memoryless,dbaps,0.95,12.5,537.4284727272727,0.054837852206273255,0.808969696969697,57.19541375872383,119.0,27.552,56.82,0.5572637761271376,0.6419092465753424,0,0.42193419740777666,1.0
5,memoryless,dbaps,0.95,13.016,537.8350416666667,0.055889978213507635,0.8183333333333334,52.59539267015707,117.0,28.488,58.024,0.5553563807084934,0.6429988974641676,0,0.39916230366492145,1.0
6,memoryless,dbaps,0.95,14.484,537.5537616161616,0.04833670033670034,0.8149898989898989,57.71348985276562,121.0,28.368,57.776,0.5556957462148522,0.6403269754768393,0,0.4190210903302825,1.0
7,memoryless,dbaps,0.95,12.5,534.8325737373738,0.05234086900753567,0.7662626262626263,58.549087221095334,118.0,27.624,55.992,0.5540332248672718,0.6380139982502188,0,0.44421906693711966,1.0
8,memoryless,dbaps,0.95,13.74,533.730682828283,0.04454004961899699,0.7465454545454545,58.089777063667405,118.0,27.356,55.756,0.5561941251596424,0.6436567164179104,0,0.4348262703354087,1.0
9,memoryless,dbaps,0.95,14.508,534.5581818181819,0.04397947731281064,0.7601616161616161,58.77226130653266,121.0,27.192,55.224,0.5576004861533119,0.6480696273153314,0,0.434572864321608,1.0
10,memoryless,dbaps,0.95,14.5,540.1003919191919,0.05440424446485053,0.8537777777777779,54.98012048192771,118.0,28.328,58.676,0.5543649804801063,0.6389301634472511,0,0.413855421686747,1.0
11,memoryless,dbaps,0.95,14.308,537.6672767676769,0.052423370332780224,0.8138989898989899,56.47961873859258,119.0,27.856,58.268,0.5531550994688991,0.6344796173992256,0,0.421821131616305,1.0
12,memoryless,dbaps,0.95,13.0,537.7524686868687,0.058143434343434344,0.8151919191919191,53.54721250771446,116.0,28.288,58.496,0.5534958523785339,0.6424706943192064,0,0.40896934787080846,1.0
13,memoryless,dbaps,0.95,12.604,537.5458060606062,0.05665856982523649,0.8081212121212121,55.1954,118.0,27.824,58.164,0.5545299145299145,0.6402197802197802,0,0.413,1.0
14,memoryless,dbaps,0.95,12.5,536.1552121212121,0.05585115864527629,0.7955151515151515,54.515924867292775,117.0,29.42,58.088,0.5541114509004417,0.6422510049129075,0,0.4160881992650061,1.0
15,memoryless,dbaps,0.95,12.536,537.7860404040404,0.057024851691518365,0.8132929292929293,55.2156783919598,118.0,27.964,58.72,0.5557949546637939,0.6425131850493007,0,0.40984924623115576,1.0
16,memoryless,dbaps,0.95,13.5,540.2046962962963,0.06046913580246914,0.853037037037037,53.854755468174,118.0,22.22,48.408,0.5550044091710759,0.6356715606307776,0,0.4114032931924306,1.0
17,memoryless,dbaps,0.95,14.0,539.2463541666667,0.054116715399610146,0.8385416666666667,52.476690466190675,118.0,27.792,58.572,0.5557639996248007,0.6453900709219859,0,0.3863922721545569,1.0
18,memoryless,dbaps,0.95,13.108,537.3547555555556,0.056214253647586976,0.8049292929292928,54.677257188819624,117.0,27.304,58.032,0.5572749911063678,0.6429205503772747,0,0.4164488236476976,1.0
19,memoryless,dbaps,0.95,13.372,535.9829171717172,0.05039001122334456,0.7886060606060606,55.48377403846154,117.0,28.088,57.08,0.5566733154106323,0.6462295815618707,0,0.421474358974359,1.0
20,memoryless,dbaps,0.95,13.5,539.1798828282829,0.05827498514557338,0.8408888888888889,52.41348129880806,117.0,28.54,59.144,0.5549922667124936,0.6467216872994039,0,0.39621866009042334,1.0
21,memoryless,dbaps,0.95,12.0,538.6179393939394,0.05895173961840628,0.8325252525252526,55.44097363083164,118.0,28.62,58.02,0.5546949786789661,0.6393878908848969,0,0.4119675456389452,1.0
22,memoryless,dbaps,0.95,12.5,537.8972583333333,0.05888107638888889,0.8209583333333333,53.69102075391783,115.0,27.58,56.196,0.5556035227076498,0.645767315527388,0,0.41507835662854725,1.0
23,memoryless,dbaps,0.95,13.756,538.4658208333334,0.051766386452241714,0.8262083333333333,58.43501496365968,119.0,26.308,55.312,0.5534561780937237,0.6407982261640798,0,0.42988456605386915,1.0
24,memoryless,dbaps,0.95,12.812,536.6076080808081,0.054665464165464174,0.7991515151515153,55.85685443165758,118.0,27.684,56.4,0.5564143567874911,0.6496229971724788,0,0.4177266303250555,1.0
25,memoryless,dbaps,0.95,12.864,535.6129224489797,0.05062714609653385,0.7799591836734694,57.0809758097581,117.0,27.736,56.336,0.5534381312022482,0.6394682557873023,0,0.4321443214432144,1.0
26,memoryless,dbaps,0.95,13.632,534.9106707070707,0.04331882315215648,0.7702626262626263,58.070246265643924,119.0,27.68,55.972,0.5547512991833704,0.6396780303030303,0,0.4293500201857085,1.0
27,memoryless,dbaps,0.95,13.008,539.3227797979798,0.0596068870523416,0.8363636363636363,51.61189516129032,116.0,27.316,59.308,0.5533071848814406,0.639654367118169,0,0.4022177419354839,1.0
28,memoryless,dbaps,0.95,13.0,536.1803232323233,0.054970258136924806,0.7873939393939395,55.46027563842724,118.0,27.576,57.296,0.5551911625097091,0.6449127577611602,0,0.41994325091203893,1.0
29,memoryless,dbaps,0.95,13.224,537.1587959595961,0.05551034288217889,0.8051313131313131,53.99482829954489,116.0,27.384,57.504,0.5528543129839726,0.6416505791505791,0,0.41539098055440626,1.0
30,memoryless,dbaps,0.95,13.0,537.8181913043479,0.056954710144927534,0.8220869565217391,56.938380281690144,118.0,25.832,52.232,0.5544004933486036,0.6403728120027279,0,0.4326584507042254,1.0
31,memoryless,dbaps,0.95,12.912,539.5272929292929,0.06081497986399947,0.8464242424242424,53.46127744510978,117.0,28.904,59.9,0.5555167597765364,0.6399647887323944,0,0.3996007984031936,1.0
32,memoryless,dbaps,0.95,14.0,537.2883232323233,0.05134904601571269,0.8100202020202021,55.006889564336376,119.0,28.42,58.212,0.557083084279737,0.6472791363736505,0,0.40810536980749745,1.0
33,memoryless,dbaps,0.95,14.5,539.8530424242425,0.05131419457735247,0.8493333333333333,54.557094120008024,119.0,27.912,59.248,0.5562762653023936,0.6431226765799256,0,0.39634758177804535,1.0
34,memoryless,dbaps,0.95,12.452,538.814892929293,0.05797143705967235,0.8314747474747475,55.355470327008476,117.0,27.664,58.24,0.5574274013402829,0.6449718045112782,0,0.4156237383932176,1.0
35,memoryless,dbaps,0.95,16.808,533.3352282828283,0.0388203244566881,0.7381414141414141,58.218904448105434,122.0,27.916,57.472,0.5547765118317266,0.6412961567445365,0,0.42751235584843494,1.0
36,memoryless,dbaps,0.95,14.0,534.2358333333334,0.047004166666666666,0.7625833333333333,58.577052631578944,120.0,27.9,54.804,0.5557783302590424,0.6454716586488183,0,0.42926315789473685,1.0
37,memoryless,dbaps,0.95,15.116,541.7274063157896,0.05465824561403509,0.8751157894736842,55.184921465968586,121.0,25.664,56.9,0.5538897893030794,0.6371841155234657,0,0.40104712041884816,1.0
38,memoryless,dbaps,0.95,12.452,538.6184000000001,0.06136970545794075,0.832929292929293,55.06699147381242,117.0,28.44,58.2,0.5550021105951879,0.6399570354457572,0,0.42224928948436863,1.0
39,memoryless,dbaps,0.95,13.5,536.6983111111111,0.053658810325476994,0.7983030303030303,54.15568110483365,117.0,27.36,57.312,0.5568028738212842,0.6537059538274606,0,0.41012764176605987,1.0
40,memoryless,dbaps,0.95,12.504,539.9298989898991,0.06007960557960558,0.8465858585858587,56.854588796185936,118.0,26.68,57.496,0.5591870365284263,0.6494106771435174,0,0.42292411601112434,1.0
41,memoryless,dbaps,0.95,12.656,536.7704686868688,0.0568008658008658,0.7978989898989899,57.808096844612024,118.0,26.716,56.104,0.556176830333741,0.6411945542380325,0,0.43619765826552886,1.0
42,memoryless,dbaps,0.95,11.896,538.5844000000001,0.06100108225108225,0.8310707070707071,54.19453376205788,116.0,28.408,58.092,0.5568971507991661,0.6459447415329769,0,0.40976688102893893,1.0
43,memoryless,dbaps,0.95,12.5,537.1802610526315,0.058068111455108366,0.8086736842105263,52.66177409061902,117.0,27.612,55.468,0.5558790231279315,0.6491152352179542,0,0.40948734311848545,1.0
44,memoryless,dbaps,0.95,12.0,535.7969979797981,0.05533995416348358,0.7830303030303031,55.619037954130306,117.0,27.928,56.724,0.5550883095037847,0.6420824295010846,0,0.4223665516541506,1.0
45,memoryless,dbaps,0.95,13.484,538.8802060606062,0.05693425160697888,0.8378989898989898,54.45349794238683,116.0,28.68,58.316,0.5539679807195731,0.6430853491556366,0,0.4133744855967078,1.0
46,memoryless,dbaps,0.95,13.5,539.728212244898,0.0609030612244898,0.8464081632653062,54.477130977130976,119.0,27.156,58.444,0.5557141582656794,0.645537170822652,0,0.40374220374220376,1.0
47,memoryless,dbaps,0.95,13.264,535.8785858585859,0.05279695450748083,0.7855757575757575,53.51652638061999,119.0,29.712,58.992,0.5548584424751,0.6472941671930933,0,0.3912954218846233,1.0
48,memoryless,dbaps,0.95,12.5,534.2811591836736,0.05245978391356542,0.7560816326530612,58.0630081300813,117.0,26.364,54.492,0.5563284849579908,0.640713157300835,0,0.44979674796747965,1.0
49,memoryless,dbaps,0.95,13.3,536.2575111111112,0.052397306397306394,0.7911919191919192,54.5272507064998,117.0,28.656,57.992,0.5578437807679685,0.6465087281795511,0,0.4081550262414211,1.0
0,memoryless,ewma,0.95,14.844,541.8265142857143,0.060343024499176966,0.8866530612244897,49.97100579884023,116.0,29.82,61.676,0.5475401021596917,0.6392942714005663,0,0.382123575284943,1.0
1,memoryless,ewma,0.95,14.016,546.0340525252526,0.06786884041884042,0.9498989898989899,45.54269916035224,115.0,30.46,65.324,0.550804199171723,0.6527023532454099,0,0.330124923202949,1.0
2,memoryless,ewma,0.95,14.952,543.5703151515152,0.060785046543870076,0.9081212121212122,46.66967328121868,115.0,29.416,63.988,0.5498138225410952,0.6522764803019581,0,0.34255361795951095,1.0
3,memoryless,ewma,0.95,13.936,541.3897142857143,0.06335362936383344,0.8815102040816326,46.61835352083761,114.0,30.384,62.64,0.5480678199500818,0.6411778132846382,0,0.35947444056661876,1.0
4,memoryless,ewma,0.95,13.372,543.5406424242425,0.06810836032654213,0.9115151515151515,47.535393818544364,114.0,30.028,63.152,0.5516559139784947,0.6499459459459459,0,0.3595214356929212,1.0
5,memoryless,ewma,0.95,14.312,543.0413125000001,0.0630148656898657,0.8995416666666665,46.46869109947644,114.0,28.164,61.76,0.5502767134951043,0.6497225305216426,0,0.3520418848167539,1.0
6,memoryless,ewma,0.95,14.064,543.4755353535354,0.06481746401746402,0.9105454545454545,47.683645045762034,114.0,29.452,63.232,0.5492400395719039,0.6459712394430496,0,0.358933545563072,1.0
7,memoryless,ewma,0.95,13.248,540.3814666666668,0.06528251647342556,0.861939393939394,47.88498985801217,114.0,30.704,62.58,0.5485362095531587,0.6438266199649737,0,0.37079107505070996,1.0
8,memoryless,ewma,0.95,16.216,540.537486868687,0.053497260000252775,0.8637171717171717,48.79754970877686,116.0,30.932,63.916,0.5505546462993272,0.6472248353715898,0,0.3591082546696124,1.0
9,memoryless,ewma,0.95,15.172,541.6806464646465,0.05850864952041422,0.8846464646464647,48.910150753768846,116.0,31.556,63.66,0.5467997548375799,0.6394409259663683,0,0.3650251256281407,1.0
10,memoryless,ewma,0.95,14.54,544.5149212121213,0.06387272640213816,0.9271919191919191,47.66626506024097,115.0,30.116,63.24,0.5508180466038671,0.6480206540447504,0,0.35642570281124497,1.0
11,memoryless,ewma,0.95,15.828,542.3852484848485,0.056535648981985404,0.896080808080808,49.37254106672075,117.0,30.8,64.036,0.5477689816480749,0.6411952554744526,0,0.36158994118839993,1.0
12,memoryless,ewma,0.95,13.412,541.5073252525252,0.06530125430125429,0.8821414141414142,46.93499279983543,113.0,30.8,63.14,0.5488238280588932,0.6475631768953068,0,0.35753960090516357,1.0
13,memoryless,ewma,0.95,14.508,542.4185050505051,0.061374749324749324,0.8912727272727272,47.1256,115.0,29.72,63.248,0.5483623989791578,0.6480533926585095,0,0.3544,1.0
14,memoryless,ewma,0.95,13.88,540.836282828283,0.06319342879342879,0.8744242424242425,47.14883625969784,114.0,30.864,62.736,0.5494579945799458,0.6492570914002701,0,0.3619844834626378,1.0
15,memoryless,ewma,0.95,13.896,543.2400686868688,0.06538428238428239,0.9075555555555557,46.14251256281407,114.0,30.64,64.82,0.5503952569169961,0.6462912087912088,0,0.34693467336683415,1.0
16,memoryless,ewma,0.95,14.064,543.1545283950619,0.06471641712197268,0.9066172839506174,48.00221184566232,114.0,24.04,51.488,0.5524414276330195,0.6487831858407079,0,0.36421725239616615,1.0
17,memoryless,ewma,0.95,15.072,543.5432791666668,0.06070027135854342,0.91475,45.36455270894582,115.0,30.288,63.564,0.5503185907046477,0.6476213830308974,0,0.33536329273414534,1.0
18,memoryless,ewma,0.95,15.924,542.5224202020203,0.05634135653743497,0.8956767676767676,49.14679268047456,116.0,30.336,64.228,0.5484561841870427,0.637544014084507,0,0.3697969032776996,1.0
19,memoryless,ewma,0.95,15.392,542.4189616161616,0.05816991483462071,0.8953535353535353,48.26943108974359,115.0,29.888,63.532,0.5492957746478874,0.642507781236105,0,0.35877403846153844,1.0
20,memoryless,ewma,0.95,13.312,543.3176727272728,0.06828547277638186,0.9090505050505051,46.464036169338264,114.0,30.092,63.396,0.5477339307254868,0.6479289940828402,0,0.35614467735306204,1.0
21,memoryless,ewma,0.95,13.528,544.3788161616162,0.06837002021547475,0.9242020202020202,48.52068965517241,115.0,29.528,63.028,0.5478524945770065,0.6408938547486034,0,0.3675456389452333,1.0
22,memoryless,ewma,0.95,13.356,542.1177708333335,0.06688508852258854,0.8924583333333332,48.92016094875053,113.0,29.364,60.592,0.5491519556940118,0.6413141314131413,0,0.3769589157136806,1.0
23,memoryless,ewma,0.95,15.196,545.5770541666667,0.062450782652804716,0.948875,48.48952543822146,115.0,29.828,62.96,0.54903424465802,0.6422018348623854,0,0.3503634031637452,1.0
24,memoryless,ewma,0.95,13.484,542.6104121212122,0.0672445720945721,0.9022626262626263,48.05996365838885,113.0,30.376,62.86,0.5455761683910096,0.6417910447761194,0,0.3674540682414698,1.0
25,memoryless,ewma,0.95,14.396,540.9961551020408,0.06100608880915003,0.8755510204081632,47.4829848298483,114.0,30.72,62.512,0.5486609487134605,0.6408418131359852,0,0.36244362443624434,1.0
26,memoryless,ewma,0.95,15.904,541.7470181818181,0.05587128568599157,0.8882020202020203,48.82983447719015,115.0,30.908,63.96,0.5475058275058275,0.6357894736842106,0,0.36596689543802985,1.0
27,memoryless,ewma,0.95,13.756,543.9705090909091,0.06670187220187221,0.915070707070707,44.583064516129035,114.0,29.688,64.66,0.5476381104883907,0.646395867574548,0,0.3401209677419355,1.0
28,memoryless,ewma,0.95,13.628,540.6838222222224,0.06353134458134459,0.8652121212121211,47.50567490879611,114.0,29.968,62.568,0.5505085330115498,0.6502955889040473,0,0.36582894203486016,1.0
29,memoryless,ewma,0.95,14.444,542.3503757575759,0.06233754763754765,0.9003636363636365,46.92035581299131,114.0,31.352,64.24,0.5484712230215827,0.6418886198547216,0,0.3531237070748862,1.0
30,memoryless,ewma,0.95,12.78,543.2781782608697,0.07227444801575235,0.9159565217391304,49.31492077464789,113.0,28.428,57.848,0.5500485051591851,0.6452051688959419,0,0.37544014084507044,1.0
31,memoryless,ewma,0.95,12.9,542.8946222222223,0.07007097818006908,0.9023030303030304,46.949101796407184,113.0,30.16,63.5,0.5478556485355649,0.6435512367491166,0,0.3596806387225549,1.0
32,memoryless,ewma,0.95,15.164,542.7851474747476,0.059651699897778326,0.9027474747474749,46.18277608915907,115.0,30.636,64.228,0.551107325383305,0.6541019955654102,0,0.3426545086119554,1.0
33,memoryless,ewma,0.95,14.852,546.4343595959596,0.06479033112856643,0.9601212121212123,46.083483845073246,115.0,30.048,65.808,0.5464011691633175,0.6466759646675965,0,0.33794902669074856,1.0
34,memoryless,ewma,0.95,13.952,543.5868323232324,0.06563775483775484,0.9167676767676767,47.658861526039566,114.0,30.688,63.996,0.5472609099350046,0.6494089834515366,0,0.3548647557529269,1.0
35,memoryless,ewma,0.95,18.676,539.0830424242424,0.04526170352599661,0.8390707070707072,48.425453047775946,118.0,31.556,64.68,0.547910592808552,0.6444444444444445,0,0.3439044481054366,1.0
36,memoryless,ewma,0.95,14.9,538.2671458333333,0.055902382523522226,0.8286666666666667,50.833894736842105,115.0,28.876,58.688,0.549005511622334,0.6455294863665187,0,0.3877894736842105,1.0
37,memoryless,ewma,0.95,15.604,546.0659705263157,0.06108311105818845,0.9530947368421052,47.1413612565445,116.0,29.34,62.7,0.5486090035407183,0.645019404915912,0,0.33780104712041886,1.0
38,memoryless,ewma,0.95,13.004,542.3217494949496,0.06926115366115365,0.898909090909091,47.40032480714576,113.0,30.832,62.764,0.5505570913964983,0.6500109577032654,0,0.3621599675192854,1.0
39,memoryless,ewma,0.95,14.112,541.5681818181819,0.06286613723966665,0.8833131313131312,46.380623561414524,114.0,30.724,63.656,0.5518421763805063,0.6524463726199085,0,0.35279347143753925,1.0
40,memoryless,ewma,0.95,13.236,545.7690787878788,0.07174711214711214,0.9482828282828283,47.246126340882,114.0,30.052,64.216,0.5475491096016155,0.6450872359963269,0,0.354191497814859,1.0
41,memoryless,ewma,0.95,13.64,541.4161454545455,0.06453837088837089,0.8792323232323231,48.292319904743,113.0,29.816,61.936,0.5503215713540761,0.6470850022251892,0,0.36753324072236554,1.0
42,memoryless,ewma,0.95,13.112,543.9807030303032,0.07011362711362712,0.9185050505050506,47.30345659163987,113.0,29.864,63.272,0.5487603305785124,0.6446170921198668,0,0.3621382636655949,1.0
43,memoryless,ewma,0.95,13.38,542.0813557894737,0.06664446974078553,0.8876631578947368,48.430121250797704,115.0,28.268,59.548,0.547899569350776,0.6437246963562753,0,0.37757923845990216,1.0
44,memoryless,ewma,0.95,14.488,541.4994020202021,0.06103922123628006,0.8843636363636364,48.86584128272783,115.0,31.544,63.8,0.5452935222672065,0.6356589147286822,0,0.36817536025979297,1.0
45,memoryless,ewma,0.95,13.096,543.9439393939394,0.07016962330598693,0.921939393939394,48.03744855967078,115.0,30.108,63.192,0.5475452196382429,0.6391799544419134,0,0.36666666666666664,1.0
46,memoryless,ewma,0.95,14.748,542.6109061224491,0.06113496775999777,0.9022857142857142,48.2,115.0,30.444,63.052,0.5489498042007832,0.649624765478424,0,0.35654885654885654,1.0
47,memoryless,ewma,0.95,13.984,540.636,0.06172062012062013,0.8607272727272728,47.5391090125231,114.0,30.024,62.96,0.5482297403619197,0.641544885177453,0,0.36481215356189695,1.0
48,memoryless,ewma,0.95,14.36,540.8435836734695,0.060756025267249755,0.870938775510204,45.71361788617886,114.0,31.58,63.708,0.5533267663651831,0.652434802677129,0,0.34004065040650405,1.0
49,memoryless,ewma,0.95,13.9,540.6416202020202,0.06211224331224331,0.8629494949494949,49.131812676624946,113.0,29.552,62.1,0.5504534212695795,0.6437371663244353,0,0.38029874848607187,1.0
0,memoryless,dbaps,0.99,15.0,538.1583346938776,0.05013670229996761,0.8229387755102041,57.143971205758845,121.0,27.852,57.5,0.5582372396531688,0.6427788735481044,0,0.41411717656468705,1.0
1,memoryless,dbaps,0.99,12.5,541.1496000000001,0.06480892255892255,0.8646060606060606,53.94859717386852,116.0,26.404,58.5,0.5544401544401545,0.644987146529563,0,0.4071267663321728,1.0
2,memoryless,dbaps,0.99,14.0,541.275187878788,0.05883860830527497,0.8686464646464647,51.4091000200441,118.0,28.132,61.128,0.5560313411078717,0.6438933083762284,0,0.3794347564642213,1.0
3,memoryless,dbaps,0.99,12.0,536.025506122449,0.05937755102040816,0.7866530612244897,53.16813795935126,116.0,27.408,56.5,0.5536469572723349,0.6407701019252549,0,0.41654691028536234,1.0
4,memoryless,dbaps,0.99,12.5,537.7240969696969,0.055886939571150096,0.8150707070707071,56.955134596211366,119.0,28.004,57.348,0.5572637761271376,0.6419092465753424,0,0.419740777666999,1.0
5,memoryless,dbaps,0.99,12.5,536.2488041666667,0.05431464460784313,0.7889583333333332,54.775287958115186,117.0,27.26,56.0,0.5553563807084934,0.6429988974641676,0,0.4201047120418848,1.0
6,memoryless,dbaps,0.99,14.0,537.3862101010102,0.049983645983645984,0.8116767676767677,57.790688420214885,121.0,28.144,57.5,0.5556957462148522,0.6403269754768393,0,0.4206128133704735,1.0
7,memoryless,dbaps,0.99,12.5,534.8360484848486,0.05235241301907969,0.7663434343434344,58.54868154158215,118.0,27.632,56.0,0.5540332248672718,0.6380139982502188,0,0.44421906693711966,1.0
8,memoryless,dbaps,0.99,13.5,533.624298989899,0.0448806485911749,0.7450101010101009,58.20345450893754,118.0,27.244,55.5,0.5561941251596424,0.6436567164179104,0,0.43643301867844947,1.0
9,memoryless,dbaps,0.99,14.5,534.7208646464646,0.044437469937469935,0.7635959595959596,58.581507537688445,121.0,27.404,55.5,0.5576004861533119,0.6480696273153314,0,0.432964824120603,1.0
10,memoryless,dbaps,0.99,15.0,540.1476888888891,0.05307407407407407,0.8532929292929293,55.005220883534136,118.0,28.024,58.5,0.554467767360823,0.6397700659995742,0,0.41325301204819276,1.0
11,memoryless,dbaps,0.99,14.0,537.8233171717172,0.054096284482249395,0.8174141414141415,56.25572906104239,119.0,28.1,58.512,0.5531550994688991,0.6344796173992256,0,0.42040154126951934,1.0
12,memoryless,dbaps,0.99,12.5,537.7976282828283,0.060320987654320986,0.8156767676767677,53.46369059864225,116.0,28.248,58.5,0.5534958523785339,0.6424706943192064,0,0.40958650483439624,1.0
13,memoryless,dbaps,0.99,13.0,537.9138060606061,0.05598821548821549,0.8141010101010102,54.655,118.0,27.904,58.5,0.5545307028781279,0.6406077956397269,0,0.409,1.0
14,memoryless,dbaps,0.99,12.5,535.835482828283,0.05500475341651812,0.7888080808080808,54.76704777460188,117.0,28.908,57.5,0.5541114509004417,0.6422510049129075,0,0.4183340138832176,1.0
15,memoryless,dbaps,0.99,12.0,537.8732606060606,0.06061503928170595,0.8152727272727273,55.4948743718593,118.0,27.788,58.5,0.5557949546637939,0.6425131850493007,0,0.41326633165829146,1.0
16,memoryless,dbaps,0.99,13.5,539.9042765432099,0.059788751714677645,0.846962962962963,54.26714180388302,118.0,21.896,48.0,0.5550044091710759,0.6356715606307776,0,0.41533546325878595,1.0
17,memoryless,dbaps,0.99,14.0,538.5903333333333,0.052735380116959066,0.8264166666666666,54.60919781604368,118.0,26.664,57.0,0.5557639996248007,0.6453900709219859,0,0.40613187736245276,1.0
18,memoryless,dbaps,0.99,13.0,537.3998868686868,0.05682659932659932,0.8056565656565657,54.60144781821838,117.0,27.24,58.0,0.5572749911063678,0.6429205503772747,0,0.41604665192037,1.0
19,memoryless,dbaps,0.99,13.0,535.193785858586,0.04972558922558922,0.77389898989899,56.59935897435897,117.0,27.384,56.0,0.5566733154106323,0.6462295815618707,0,0.43209134615384615,1.0
20,memoryless,dbaps,0.99,13.5,539.0598666666667,0.05806488413547237,0.8387878787878787,52.57028360049322,117.0,28.46,59.0,0.5549922667124936,0.6467216872994039,0,0.39765721331689274,1.0
21,memoryless,dbaps,0.99,12.0,539.2645696969698,0.061380471380471376,0.8422222222222222,54.97119675456389,118.0,28.564,58.472,0.554646710755308,0.6393078970718722,0,0.40892494929006085,1.0
22,memoryless,dbaps,0.99,12.5,537.7633291666666,0.058592013888888884,0.818375,53.9294790343075,115.0,27.436,56.0,0.5556035227076498,0.645767315527388,0,0.41740787801778906,1.0
23,memoryless,dbaps,0.99,13.5,538.6756416666667,0.053162828947368415,0.829625,57.751175716118,119.0,26.356,55.5,0.5534561780937237,0.6407982261640798,0,0.42432663531423687,1.0
24,memoryless,dbaps,0.99,13.0,536.9368000000001,0.054674523007856336,0.806060606060606,55.33454472037149,118.0,28.2,57.0,0.5564143567874911,0.6496229971724788,0,0.41288108217242075,1.0
25,memoryless,dbaps,0.99,12.68,535.777387755102,0.051771541950113374,0.7836326530612245,56.91184911849118,117.0,28.064,56.68,0.5534381312022482,0.6394682557873023,0,0.4311193111931119,1.0
26,memoryless,dbaps,0.99,13.676,534.5184242424243,0.04229494949494949,0.7633535353535355,58.502624142107386,119.0,27.604,55.676,0.5547512991833704,0.6396780303030303,0,0.4329834477190149,1.0
27,memoryless,dbaps,0.99,13.0,539.3565454545455,0.05978686868686869,0.8377777777777777,51.56391129032258,116.0,27.56,59.5,0.5533071848814406,0.639654367118169,0,0.40161290322580645,1.0
28,memoryless,dbaps,0.99,13.0,535.9714585858586,0.05451010101010101,0.7837575757575758,55.80218889339278,118.0,27.408,57.0,0.5551911625097091,0.6449127577611602,0,0.4231860559383867,1.0
29,memoryless,dbaps,0.99,13.0,536.7593656565656,0.05550062718690169,0.7973737373737374,54.464211832850644,116.0,27.06,57.0,0.5528543129839726,0.6416505791505791,0,0.4201489449731072,1.0
30,memoryless,dbaps,0.99,13.0,537.3952565217392,0.0563731884057971,0.8133043478260868,57.726452464788736,118.0,25.176,51.5,0.5543803983782831,0.6400999091734787,0,0.44058098591549294,1.0
31,memoryless,dbaps,0.99,13.0,539.3127191919193,0.05986531986531987,0.8423030303030302,53.80419161676647,117.0,28.612,59.5,0.5555167597765364,0.6399647887323944,0,0.4023952095808383,1.0
32,memoryless,dbaps,0.99,14.5,537.3360080808081,0.05054077618288144,0.8111111111111111,55.243161094224924,119.0,28.2,58.0,0.557063593683312,0.6474090407938258,0,0.41094224924012157,1.0
33,memoryless,dbaps,0.99,14.0,538.7777616161617,0.05081056175793018,0.830989898989899,56.03672486453944,119.0,27.488,58.128,0.5562762653023936,0.6431226765799256,0,0.41099739112984146,1.0
34,memoryless,dbaps,0.99,12.5,538.6714787878789,0.05851633986928105,0.8286868686868686,55.40573274121922,117.0,27.46,58.0,0.5572625698324022,0.6443661971830986,0,0.41643116673395236,1.0
35,memoryless,dbaps,0.99,17.0,533.6752767676768,0.038946127946127944,0.744121212121212,57.65588962108731,122.0,28.076,57.872,0.5547765118317266,0.6412961567445365,0,0.42215815485996705,1.0
36,memoryless,dbaps,0.99,14.0,534.7058958333333,0.048184374999999995,0.771875,57.78463157894737,120.0,28.4,55.5,0.5557783302590424,0.6454716586488183,0,0.42210526315789476,1.0
37,memoryless,dbaps,0.99,15.5,541.89688,0.05347528822055138,0.8776,55.02492146596859,121.0,25.628,57.0,0.5537541797547877,0.6366915743365112,0,0.40020942408376964,1.0
38,memoryless,dbaps,0.99,12.5,538.6373737373738,0.06139572192513369,0.8323636363636364,55.1741778319123,117.0,28.096,58.0,0.555161943319838,0.6408268733850129,0,0.4234673162809582,1.0
39,memoryless,dbaps,0.99,13.5,537.8121010101011,0.056184062850729515,0.815959595959596,53.18602218037246,117.0,27.22,58.0,0.5569335849734879,0.6536502546689303,0,0.40217618748692197,1.0
40,memoryless,dbaps,0.99,12.5,539.9414343434344,0.06012794612794613,0.8467474747474748,56.80870083432658,118.0,26.672,57.5,0.5591870365284263,0.6494106771435174,0,0.4225268176400477,1.0
41,memoryless,dbaps,0.99,12.5,536.3660646464647,0.05651531184864518,0.7901010101010102,58.54375868227823,118.0,26.28,55.5,0.556176830333741,0.6411945542380325,0,0.4431434808493749,1.0
42,memoryless,dbaps,0.99,11.5,537.720193939394,0.06072222222222222,0.8155555555555556,55.20639067524116,116.0,27.76,57.0,0.5568971507991661,0.6459447415329769,0,0.42021704180064307,1.0
43,memoryless,dbaps,0.99,12.5,537.6361473684212,0.05909473684210526,0.8168421052631579,51.971495426505,117.0,27.9,56.0,0.5558790231279315,0.6491152352179542,0,0.402680280791321,1.0
44,memoryless,dbaps,0.99,12.0,535.7095232323232,0.05504795857737034,0.781010101010101,56.01380150192815,117.0,27.68,56.5,0.5550883095037847,0.6420824295010846,0,0.4256139638725391,1.0
45,memoryless,dbaps,0.99,13.5,538.3370505050506,0.055984848484848485,0.8278787878787879,55.58271604938272,116.0,28.32,57.64,0.5539679807195731,0.6430853491556366,0,0.42386831275720166,1.0
46,memoryless,dbaps,0.99,13.5,539.3433102040817,0.059940923737916214,0.838734693877551,54.97629937629937,119.0,26.804,58.0,0.5557141582656794,0.645537170822652,0,0.40831600831600834,1.0
47,memoryless,dbaps,0.99,13.5,535.9424848484848,0.051718234981392885,0.7864242424242425,53.43522890576884,119.0,29.644,59.0,0.5548584424751,0.6472941671930933,0,0.390063641962636,1.0
48,memoryless,dbaps,0.99,12.5,534.2859673469388,0.05246338535414165,0.7563265306122449,58.10284552845528,117.0,26.38,54.5,0.5563284849579908,0.640713157300835,0,0.4502032520325203,1.0
49,memoryless,dbaps,0.99,13.0,535.9393090909091,0.05332323232323232,0.784969696969697,54.95983044004844,118.0,28.288,57.5,0.5578705602493643,0.6467040964857559,0,0.4136051675413807,1.0
0,memoryless,ewma,0.99,15.328,541.6382653061225,0.05761474732750243,0.8826530612244897,49.53529294141172,115.0,29.472,61.268,0.5588130139435109,0.644454186760193,0,0.377124575084983,1.0
1,memoryless,ewma,0.99,14.948,546.3026747474747,0.06382859732859733,0.9531717171717172,46.133114888388285,116.0,30.256,65.36,0.5559086969084079,0.6501163692785105,0,0.33155846815482287,1.0
2,memoryless,ewma,0.99,15.572,543.4894787878787,0.058486331098095805,0.905939393939394,47.23391461214672,116.0,29.092,63.692,0.5573606825195135,0.6493383742911153,0,0.343956704750451,1.0
3,memoryless,ewma,0.99,14.216,540.5659836734694,0.06106491739552964,0.8668571428571428,47.657770478341206,114.0,29.788,61.62,0.5546167773083887,0.6439445580549875,0,0.3672757134058715,1.0
4,memoryless,ewma,0.99,14.236,543.1798868686869,0.06367869167869168,0.9060606060606061,49.85942173479561,114.0,29.988,62.844,0.5563368055555555,0.6372093023255814,0,0.3798604187437687,1.0
5,memoryless,ewma,0.99,14.384,542.0739041666668,0.06152634310134311,0.884875,46.17193717277487,114.0,28.308,61.128,0.5569598778522351,0.6505267877157588,0,0.351413612565445,1.0
6,memoryless,ewma,0.99,14.468,543.0385010101011,0.06268083827442117,0.9032323232323232,47.4124552327895,117.0,29.292,62.776,0.5575904479755813,0.6470992891538638,0,0.352566653402308,1.0
7,memoryless,ewma,0.99,12.264,539.4258666666667,0.06921393421393421,0.8479999999999999,46.619269776876266,112.0,30.956,62.108,0.5555271020059752,0.6434399117971334,0,0.3669371196754564,1.0
8,memoryless,ewma,0.99,15.828,540.1524161616161,0.05438740986109407,0.8565656565656565,49.16288411327576,118.0,30.672,63.436,0.5562756732085805,0.6435389988358556,0,0.36011247238401284,1.0
9,memoryless,ewma,0.99,14.636,540.8570222222223,0.05952582972582973,0.8714747474747476,49.1670351758794,115.0,31.244,62.848,0.55705810504275,0.6441163508153371,0,0.367035175879397,1.0
10,memoryless,ewma,0.99,15.0,544.3078262626263,0.06322222222222224,0.9235151515151515,48.70602409638554,118.0,29.904,62.916,0.5549118596375072,0.6421684165416756,0,0.36224899598393573,1.0
11,memoryless,ewma,0.99,15.54,542.2729373737375,0.057631849305378714,0.894020202020202,48.83978908943419,116.0,30.636,63.804,0.5538806639748767,0.6378874856486797,0,0.35956195497870613,1.0
12,memoryless,ewma,0.99,13.072,541.525907070707,0.06733729233729234,0.8798383838383839,45.97860522526229,113.0,30.076,62.676,0.555414979757085,0.6495220755575786,0,0.3523966262085991,1.0
13,memoryless,ewma,0.99,13.868,542.2424323232323,0.06361057461057461,0.8876767676767676,47.6826,114.0,29.484,62.932,0.553591254590486,0.638185421713279,0,0.3642,1.0
14,memoryless,ewma,0.99,12.856,541.0894989898991,0.06803069657615111,0.8786262626262625,47.96774193548387,114.0,30.944,62.964,0.5517329690968072,0.6335978835978836,0,0.3756635361371989,1.0
15,memoryless,ewma,0.99,13.124,543.3690626262627,0.06939652939652939,0.9092121212121212,45.74572864321608,114.0,30.416,64.748,0.5563570784490532,0.6417233560090703,0,0.3489447236180905,1.0
16,memoryless,ewma,0.99,13.5,543.475827160494,0.06747496947496948,0.9090864197530863,47.22192184811993,113.0,23.544,51.34,0.5580098414434117,0.6471567267683772,0,0.3612681248463996,1.0
17,memoryless,ewma,0.99,15.476,544.1560458333335,0.05973732638888889,0.922125,45.906131877362455,115.0,29.516,63.52,0.5556181886508831,0.644179249878227,0,0.34061318773624527,1.0
18,memoryless,ewma,0.99,14.532,542.5802666666667,0.061647879897879905,0.8949494949494949,47.205308666800725,115.0,29.94,64.02,0.5572485075291811,0.6419262204550475,0,0.35853609491252764,1.0
19,memoryless,ewma,0.99,14.636,541.2464444444445,0.06021655577537931,0.8768888888888889,48.35456730769231,115.0,30.104,62.708,0.5554010602242113,0.6418873803694636,0,0.3657852564102564,1.0
20,memoryless,ewma,0.99,12.976,542.7525979797981,0.06946904946904948,0.8996363636363638,46.99547883271681,113.0,29.792,62.744,0.5543609151900912,0.6444901691815272,0,0.36087135224003286,1.0
21,memoryless,ewma,0.99,15.5,543.6618222222223,0.05926372973431796,0.9124444444444445,51.36713995943205,117.0,29.244,62.288,0.5546943041282006,0.6389995573262506,0,0.3795131845841785,1.0
22,memoryless,ewma,0.99,13.912,541.7967125,0.06362591575091575,0.8865833333333333,50.64951291825498,114.0,29.112,60.18,0.551266481609993,0.6321556350626119,0,0.38818297331639134,1.0
23,memoryless,ewma,0.99,14.652,545.2415958333335,0.06435548115079365,0.94275,48.45510902094912,115.0,29.512,62.508,0.5533807829181495,0.6399803536345776,0,0.3535699016673792,1.0
24,memoryless,ewma,0.99,13.708,542.2854545454546,0.06595283975283976,0.8945454545454545,49.393902685241265,114.0,29.44,62.0,0.5531552527787738,0.6365101289134438,0,0.3779527559055118,1.0
25,memoryless,ewma,0.99,13.688,541.5063102040817,0.06436334006129925,0.8815918367346938,46.23288232882329,113.0,30.112,62.504,0.5545263893743446,0.6449140733859731,0,0.3548585485854859,1.0
26,memoryless,ewma,0.99,15.136,541.9769656565658,0.058695139065727306,0.8897777777777778,46.95579329834477,115.0,30.328,63.772,0.5565749235474006,0.6450463292943692,0,0.35244247073072266,1.0
27,memoryless,ewma,0.99,13.284,544.4454626262628,0.06937588337588338,0.9202020202020202,44.76592741935484,113.0,29.1,64.572,0.5549220489977729,0.6442105263157895,0,0.34334677419354837,1.0
28,memoryless,ewma,0.99,13.492,540.5920686868687,0.06397415917415919,0.8625050505050504,47.91467369274422,113.0,29.472,62.18,0.5542555035534755,0.6402958314657105,0,0.37150385083096876,1.0
29,memoryless,ewma,0.99,13.384,542.0273737373739,0.06631778389960208,0.8944242424242423,46.181009515928835,114.0,31.148,63.848,0.5529676258992806,0.6426150121065375,0,0.35539925527513444,1.0
30,memoryless,ewma,0.99,13.304,542.8412086956522,0.06857556935817806,0.9101739130434783,50.28455105633803,113.0,28.672,57.704,0.5539955849889625,0.6381920903954802,0,0.3855633802816901,1.0
31,memoryless,ewma,0.99,13.232,542.4423959595961,0.06686607466607467,0.8941010101010101,47.67065868263473,114.0,29.816,62.916,0.5575398553881,0.6469807564698076,0,0.3598802395209581,1.0
32,memoryless,ewma,0.99,15.248,541.8650747474749,0.057793618146559325,0.8882424242424243,48.440121580547114,116.0,30.484,63.46,0.5557079190949605,0.6418594500218245,0,0.3617021276595745,1.0
33,memoryless,ewma,0.99,14.604,546.0806868686869,0.06522460317460317,0.9516767676767677,47.00702388119607,114.0,29.324,65.02,0.55507618872774,0.6377410468319559,0,0.35039133052378085,1.0
34,memoryless,ewma,0.99,14.088,543.6475030303031,0.06482231842231843,0.9131717171717171,48.45115058538555,114.0,29.296,63.1,0.5583751626696412,0.648043375766148,0,0.3631408962454582,1.0
35,memoryless,ewma,0.99,18.908,538.246383838384,0.0442570744796235,0.8244848484848485,50.11820428336079,118.0,31.28,63.832,0.5547878551965746,0.6416708605938601,0,0.3589373970345964,1.0
36,memoryless,ewma,0.99,14.184,538.2946916666666,0.05831845238095239,0.82725,51.596,115.0,28.304,58.32,0.5532856108742862,0.6375337346896408,0,0.40231578947368424,1.0
37,memoryless,ewma,0.99,16.056,545.7308294736843,0.0595405056759546,0.9504,46.65842931937173,117.0,30.064,62.928,0.5567300916138126,0.6476290280324862,0,0.3300523560209424,1.0
38,memoryless,ewma,0.99,13.276,542.4697131313133,0.06802049802049802,0.8999191919191919,49.06881851400731,114.0,30.452,62.62,0.5553026471084134,0.6420871065114273,0,0.3737312220868859,1.0
39,memoryless,ewma,0.99,14.212,540.9035313131313,0.061795757945757944,0.8738989898989898,47.67691985771082,114.0,31.096,63.36,0.5546218487394958,0.6445135070523548,0,0.3624189160912325,1.0
40,memoryless,ewma,0.99,13.844,545.3670787878789,0.06828944388944388,0.9409696969696969,47.732220897894315,114.0,29.752,63.704,0.5582934902537697,0.6449474165523548,0,0.35657528804131905,1.0
41,memoryless,ewma,0.99,13.78,541.1305979797979,0.06327106967106967,0.872969696969697,49.4778725937686,114.0,29.28,61.308,0.5567934546087562,0.6446464198625582,0,0.37844810478269497,1.0
42,memoryless,ewma,0.99,15.0,543.3377050505051,0.06175017139723022,0.9075555555555556,48.5,117.0,29.488,62.512,0.5568487796404065,0.6458658346333853,0,0.3629421221864952,1.0
43,memoryless,ewma,0.99,12.548,540.9678568421052,0.06956140350877194,0.8724631578947368,48.50010636034886,113.0,28.888,59.136,0.5537297649068575,0.6403229233057149,0,0.3799191661348649,1.0
44,memoryless,ewma,0.99,14.22,541.6469656565657,0.06212265512265513,0.8832323232323231,48.36391313172316,116.0,30.616,63.272,0.5558362809499747,0.6433203631647212,0,0.3633042419322103,1.0
45,memoryless,ewma,0.99,13.204,543.6234181818182,0.06946301846301847,0.9151919191919192,47.69444444444444,114.0,29.508,62.556,0.5545125732001378,0.644257064721969,0,0.36378600823045265,1.0
46,memoryless,ewma,0.99,14.324,542.3957183673471,0.06301501831501832,0.897673469387755,48.16070686070686,115.0,30.02,62.592,0.5557534734592091,0.6465355805243446,0,0.36174636174636177,1.0
47,memoryless,ewma,0.99,13.5,540.2229373737374,0.06333222333222334,0.8533333333333333,48.04331759392322,113.0,29.72,62.396,0.5532770723243158,0.6401161584733458,0,0.37199753644015604,1.0
48,memoryless,ewma,0.99,15.22,541.2219428571428,0.05771009370781279,0.8750204081632653,48.49817073170732,116.0,30.776,63.432,0.5554953000723066,0.6384129846708747,0,0.3589430894308943,1.0
49,memoryless,ewma,0.99,13.792,540.7564040404042,0.06273637473637472,0.8647272727272728,48.99838514331853,113.0,29.456,62.112,0.5572770726883138,0.6428277846280313,0,0.38009689140088815,1.0
0,memoryless,dbaps,1.0,13.0,536.722224489796,0.0503010587693724,0.8031836734693877,57.05338932213557,119.0,28.788,57.0,0.5566206772979753,0.6377506538796861,0,0.4279144171165767,1.0
1,memoryless,dbaps,1.0,12.5,538.7024040404041,0.054998556998557,0.8314343434343434,57.29612942862994,118.0,27.688,57.5,0.554933384823325,0.6461973278520041,0,0.41818554167519967,1.0
2,memoryless,dbaps,1.0,14.0,538.8001131313132,0.050537373737373735,0.831959595959596,55.94888755261575,120.0,28.636,59.5,0.5560624030654138,0.6432734903240849,0,0.4000801763880537,1.0
3,memoryless,dbaps,1.0,12.0,534.4688244897959,0.049503401360544215,0.7645306122448979,56.44836789160337,118.0,28.576,56.0,0.5524113536364421,0.6377863461102291,0,0.42824881954424143,1.0
4,memoryless,dbaps,1.0,12.5,537.1656808080809,0.05271522239943292,0.8065454545454546,57.473379860418746,119.0,28.152,57.0,0.556890887082829,0.6404782237403929,0,0.4243270189431705,1.0
5,memoryless,dbaps,1.0,13.5,535.1360500000001,0.04597094298245614,0.7729583333333333,56.10973821989529,119.0,27.796,55.5,0.5555176530786287,0.6438992042440318,0,0.42345549738219895,1.0
6,memoryless,dbaps,1.0,13.0,536.350197979798,0.04842789802789802,0.7936969696969698,59.532033426183844,121.0,27.424,56.0,0.5563652721547458,0.6428734321550741,0,0.4325507361719061,1.0
7,memoryless,dbaps,1.0,12.0,534.1221535353537,0.04971941638608306,0.7578181818181817,59.041987829614605,118.0,28.476,56.0,0.5542901181709197,0.6386701662292213,0,0.44421906693711966,1.0
8,memoryless,dbaps,1.0,14.0,533.8345656565657,0.04133027242118151,0.7496969696969698,60.300261096605745,121.0,27.78,56.0,0.5559711705136393,0.6430403357425973,0,0.4306085559349267,1.0
9,memoryless,dbaps,1.0,13.5,535.2887272727273,0.04647330447330447,0.7774545454545455,58.741306532663316,121.0,29.032,57.0,0.557560510106706,0.6483344511513526,0,0.4190954773869347,1.0
10,memoryless,dbaps,1.0,15.0,537.228593939394,0.04366391184573003,0.8095757575757575,59.26867469879518,122.0,28.352,56.5,0.5549568965517241,0.6414852752880922,0,0.43012048192771085,1.0
11,memoryless,dbaps,1.0,15.0,536.8812888888889,0.043713039485766755,0.8049292929292929,59.92476171162036,122.0,28.812,58.0,0.552999548940009,0.6330690826727067,0,0.4295274792131413,1.0
12,memoryless,dbaps,1.0,13.0,535.5762424242424,0.04883025746183641,0.784121212121212,57.86443118699856,119.0,28.872,57.0,0.5531482735274205,0.6416328371673432,0,0.42542686689981485,1.0
13,memoryless,dbaps,1.0,13.0,536.4145373737374,0.05051290684624018,0.7939797979797979,55.7108,118.0,28.896,58.0,0.5539882021031034,0.6386997584010542,0,0.4184,1.0
14,memoryless,dbaps,1.0,12.5,534.5767111111112,0.04808241141574475,0.767959595959596,57.18456512862393,118.0,28.972,56.5,0.5551788438718427,0.6462264150943396,0,0.4269089424254798,1.0
15,memoryless,dbaps,1.0,12.5,535.8494303030304,0.05008016674683341,0.7834747474747474,57.940100502512564,118.0,27.936,57.0,0.5553556974548071,0.6404930381191509,0,0.431356783919598,1.0
16,memoryless,dbaps,1.0,13.5,537.3850716049385,0.04857248677248677,0.81279012345679,58.17891373801917,120.0,23.164,47.0,0.5557267026075476,0.6383501775471183,0,0.4256574096829688,1.0
17,memoryless,dbaps,1.0,14.0,537.6911041666667,0.04831770833333333,0.8155416666666667,54.3254934901302,119.0,27.708,57.0,0.5556076519129782,0.6451297112090064,0,0.4038219235615288,1.0
18,memoryless,dbaps,1.0,13.5,536.0954383838384,0.04712640692640692,0.7894545454545454,57.11120048260607,120.0,28.344,57.5,0.55668358714044,0.6407874364078744,0,0.42167705610295597,1.0
19,memoryless,dbaps,1.0,13.0,534.2524202020203,0.04417316017316017,0.7591515151515151,59.09435096153846,119.0,27.844,55.5,0.5564523127657728,0.6452981907527362,0,0.43810096153846156,1.0
20,memoryless,dbaps,1.0,12.5,536.2613373737374,0.05093121693121693,0.7924444444444445,56.42498972461981,118.0,28.048,56.5,0.5554124817580908,0.6483566996092852,0,0.41841348129880807,1.0
21,memoryless,dbaps,1.0,12.0,537.1965292929293,0.05409652076318743,0.8083232323232323,57.43286004056795,118.0,27.976,56.5,0.5548201689453975,0.6393624086783263,0,0.4286004056795132,1.0
22,memoryless,dbaps,1.0,12.0,536.1551833333333,0.05378466386554622,0.7965416666666666,56.74735281660313,116.0,28.532,55.5,0.554105445116681,0.6413092550790068,0,0.42736128759000425,1.0
23,memoryless,dbaps,1.0,13.5,537.7821541666667,0.049203947368421055,0.8189166666666666,58.29585292860197,119.0,27.384,55.5,0.5542393433448373,0.6443286175229586,0,0.41727233860624197,1.0
24,memoryless,dbaps,1.0,12.5,537.2162303030303,0.053070386403719735,0.8136161616161616,55.3198061780739,118.0,29.452,58.0,0.5560888888888889,0.6484705882352941,0,0.402786190187765,1.0
25,memoryless,dbaps,1.0,13.0,535.1312816326532,0.048293083900226755,0.7765714285714286,56.17076670766708,117.0,29.02,56.812,0.5539095371669004,0.6416397973284201,0,0.42599425994259943,1.0
26,memoryless,dbaps,1.0,14.0,534.9433292929294,0.042720202020202026,0.7710707070707071,57.711748082357694,119.0,28.164,56.5,0.5547512991833704,0.6396780303030303,0,0.4257165926524021,1.0
27,memoryless,dbaps,1.0,13.5,538.1958141414142,0.05168367889420521,0.8234343434343434,53.363104838709674,119.0,28.98,59.5,0.5533392698130009,0.6402810304449649,0,0.4,1.0
28,memoryless,dbaps,1.0,12.5,534.1484161616162,0.04749430816097483,0.7564848484848485,58.148966355897855,118.0,28.108,56.0,0.5556035973711518,0.6449504057709649,0,0.43919740575597893,1.0
29,memoryless,dbaps,1.0,13.0,535.1129252525253,0.04695454545454545,0.7742222222222223,56.69093918080265,117.0,28.352,56.5,0.5527073214606943,0.6418199419167473,0,0.42490690939180803,1.0
30,memoryless,dbaps,1.0,11.5,536.2937956521739,0.053501716247139584,0.7969130434782609,61.33230633802817,119.0,25.684,51.0,0.5553987297106563,0.6422745808790213,0,0.4471830985915493,1.0
31,memoryless,dbaps,1.0,11.5,536.0635838383839,0.05460724896019013,0.7909898989898989,57.455688622754494,117.0,28.192,56.5,0.556368705349364,0.643078283945157,0,0.4303393213572854,1.0
32,memoryless,dbaps,1.0,13.5,535.874492929293,0.04641096681096681,0.7882020202020202,58.05025329280648,120.0,28.468,57.0,0.5560403832991102,0.6435773783428321,0,0.42350557244174264,1.0
33,memoryless,dbaps,1.0,13.5,537.6336727272728,0.048364167995746936,0.814141414141414,57.56472004816376,119.0,27.9,57.5,0.5561345767050649,0.6423933209647495,0,0.4192253662452338,1.0
34,memoryless,dbaps,1.0,13.0,537.2232161616162,0.050388327721661054,0.8073939393939394,57.155429955591444,118.0,28.08,57.256,0.5578281889178133,0.646559849198869,0,0.4210738796931772,1.0
35,memoryless,dbaps,1.0,16.0,532.443090909091,0.034843434343434336,0.725939393939394,61.149299835255356,124.0,28.172,56.52,0.5547978567949342,0.6411543287327478,0,0.43430807248764414,1.0
36,memoryless,dbaps,1.0,13.5,533.4536583333335,0.04428670634920634,0.753875,58.88484210526316,121.0,29.128,55.0,0.5561073287945535,0.6470094438614901,0,0.4208421052631579,1.0
37,memoryless,dbaps,1.0,14.0,539.1532463157894,0.049397493734335836,0.8375999999999999,57.359371727748695,121.0,26.428,55.5,0.5549600566285772,0.6407666407666408,0,0.4106806282722513,1.0
38,memoryless,dbaps,1.0,12.0,536.564294949495,0.05401918343094814,0.8028282828282828,57.81506293138449,117.0,29.02,57.0,0.5556962025316455,0.6419354838709678,0,0.43808363784003246,1.0
39,memoryless,dbaps,1.0,12.5,535.6277898989899,0.050054580896686164,0.7839191919191919,56.2165725047081,118.0,28.392,57.0,0.5563146067415731,0.6518787878787878,0,0.41452186649926764,1.0
40,memoryless,dbaps,1.0,12.0,538.2786222222222,0.05498989898989899,0.8238383838383838,57.71136273341279,118.0,27.492,56.776,0.5606212882594792,0.654123112659698,0,0.4251092570520461,1.0
41,memoryless,dbaps,1.0,12.5,535.6730424242425,0.04992840687577529,0.7858989898989899,59.13415360190514,119.0,28.576,56.44,0.5560894635680587,0.6409749670619236,0,0.43341932923199045,1.0
42,memoryless,dbaps,1.0,12.0,537.0157777777779,0.054571258806552926,0.8071919191919191,56.592845659163984,117.0,28.588,57.0,0.5567341970263455,0.6450322293843076,0,0.42182475884244375,1.0
43,memoryless,dbaps,1.0,13.5,536.5954442105265,0.049733834586466165,0.8045052631578948,55.0293554562859,120.0,29.072,56.0,0.5552139794515006,0.6471222246173745,0,0.4071474154435227,1.0
44,memoryless,dbaps,1.0,12.5,534.1429252525254,0.046091440723019676,0.7572929292929294,59.38319464176984,119.0,28.028,55.5,0.5546769851951547,0.6409366869037294,0,0.43758879642784654,1.0
45,memoryless,dbaps,1.0,11.5,536.7136363636365,0.055301247771836,0.8032323232323233,58.159670781893006,117.0,28.48,56.5,0.5532903225806451,0.6416,0,0.43765432098765433,1.0
46,memoryless,dbaps,1.0,13.0,536.0976285714287,0.04821543655056007,0.7922448979591836,58.475051975051976,119.0,28.36,56.5,0.5546630968317715,0.6426076833527358,0,0.42952182952182955,1.0
47,memoryless,dbaps,1.0,13.5,534.8422585858586,0.04763051568314726,0.7708686868686868,54.69102853623486,119.0,30.184,58.5,0.5550494738495366,0.6470835081829627,0,0.39704372818723055,1.0
48,memoryless,dbaps,1.0,11.5,533.7121469387756,0.04913560090702948,0.7488163265306123,58.93536585365854,118.0,27.116,54.5,0.5562488695966721,0.640027014858172,0,0.44552845528455287,1.0
49,memoryless,dbaps,1.0,12.5,534.5735595959598,0.049124258457591795,0.7661414141414141,56.32196205086799,118.0,29.152,57.0,0.5575802347533448,0.6456300602034462,0,0.41986273718207506,1.0
0,steady,dbaps,0.0,15.056,542.5002653061225,0.06108145382695203,0.916,14.623965041398344,17.0,35.624,66.22,0.49682107175295187,0.9657210401891253,0,0.023689052437902484,1.0
1,steady,dbaps,0.0,15.096,553.4370666666667,0.07085397296965924,1.0655757575757574,14.958979206049149,17.0,31.372,71.42,0.49730796841349606,0.9777849323889246,0,0.01550094517958412,1.0
2,steady,dbaps,0.0,16.052,547.745911111111,0.06151380605596292,0.9852929292929293,15.223006644518273,17.0,33.368,70.004,0.4964259304905102,0.9730431958428061,0,0.020556478405315614,1.0
3,steady,dbaps,0.0,14.528,546.5378285714286,0.06692266840802255,0.9702448979591837,13.239172096588732,16.0,33.624,68.976,0.49598312099326464,0.9752515637748165,0,0.019739363740896895,1.0
4,steady,dbaps,0.0,14.792,548.8645535353536,0.06782707847707849,1.0017373737373738,14.24082093767652,16.0,33.204,69.496,0.4972226630693541,0.9786184210526315,0,0.01656938429674261,1.0
5,steady,dbaps,0.0,15.212,544.7123375,0.06229127159945175,0.9449583333333333,13.236570927428195,17.0,33.98,67.288,0.49709568939162335,0.9772583701831965,0,0.016663012497259374,1.0
6,steady,dbaps,0.0,15.572,547.8684525252527,0.06376574612751083,0.9906666666666666,15.05935892362485,18.0,33.32,69.104,0.49641100088716833,0.9706546275395034,0,0.020973486347447567,1.0
7,steady,dbaps,0.0,13.864,546.0798464646465,0.06933764198764197,0.9582626262626264,13.138919313618109,15.0,33.604,69.164,0.4964838255977497,0.973638470451912,0,0.018802482657904344,1.0
8,steady,dbaps,0.0,17.172,541.1311474747476,0.0520848192972032,0.8920404040404042,15.680504587155964,18.0,36.684,68.368,0.4971278123504069,0.9723858615611193,0,0.019954128440366974,1.0
9,steady,dbaps,0.0,15.952,543.8073333333335,0.0581488413127216,0.9281212121212121,15.026285973260821,19.0,35.224,67.788,0.4978338527019837,0.9781920506507211,0,0.019487876727849535,1.0
10,steady,dbaps,0.0,16.144,549.8594383838384,0.06304444727385904,1.0167272727272727,14.752661118637507,17.0,32.824,69.26,0.4973968158152871,0.9805547612239062,0,0.015676407973679116,1.0
11,steady,dbaps,0.0,17.064,548.3257898989899,0.05849623208844055,0.9951515151515151,15.575943483918945,18.0,32.732,69.968,0.4972117434804002,0.9776164549304295,0,0.01691764268451385,1.0
12,steady,dbaps,0.0,14.272,545.0207474747476,0.06650195175195177,0.9451717171717171,13.452547247329498,15.0,33.94,68.008,0.4970791290493893,0.9755620723362659,0,0.017666392769104356,1.0
13,steady,dbaps,0.0,14.808,544.7154626262627,0.06380510310314232,0.9427878787878787,13.825988467874794,16.0,34.84,68.652,0.49729078868151716,0.974679270762998,0,0.018533772652388796,1.0
14,steady,dbaps,0.0,14.104,543.9441535353536,0.06638831353831354,0.9368888888888889,13.428449744463373,15.0,35.628,68.372,0.49631393027184767,0.9739776951672863,0,0.019804088586030666,1.0
15,steady,dbaps,0.0,13.82,543.1717737373738,0.0673333139924049,0.9257777777777778,13.443333333333333,15.0,36.712,68.848,0.4970164690906198,0.9747526441487547,0,0.01911111111111111,1.0
16,steady,dbaps,0.0,14.876,549.1764987654321,0.06784690413677341,1.00879012345679,14.083936324167873,16.0,26.58,56.904,0.4965725806451613,0.9759717314487633,0,0.01881331403762663,1.0
17,steady,dbaps,0.0,15.964,548.38075,0.062470374747121075,0.9962083333333334,14.551926298157454,17.0,32.316,68.7,0.4964993169398907,0.9730085582620145,0,0.020309882747068676,1.0
18,steady,dbaps,0.0,16.168,546.2384444444447,0.05939897027446048,0.9604444444444443,14.67506092607636,17.0,32.936,68.796,0.49690672588832485,0.972310630171865,0,0.02091795288383428,1.0
19,steady,dbaps,0.0,16.068,546.8202707070708,0.06077447313035548,0.9751515151515151,14.50140958517922,17.0,33.8,69.572,0.49712643678160917,0.9786866359447005,0,0.016915022150624244,1.0
20,steady,dbaps,0.0,13.976,551.449296969697,0.07421857031857032,1.035919191919192,13.430153961697334,15.0,31.608,70.484,0.49679333012666343,0.9807146908678389,0,0.014832895230942547,1.0
21,steady,dbaps,0.0,14.628,551.4804888888889,0.07108208240561181,1.0358787878787878,14.657988387338452,16.0,30.888,69.428,0.49586445033325305,0.971243304200733,0,0.020977711181869262,1.0
22,steady,dbaps,0.0,14.252,547.8701916666668,0.06945374503968253,0.9904583333333333,13.907126168224298,15.0,32.4,67.008,0.49667194928684627,0.9739644970414201,0,0.0190809968847352,1.0
23,steady,dbaps,0.0,15.524,549.1533583333334,0.06534650589402426,1.0143333333333333,15.090253451473316,17.0,33.06,67.884,0.4975249601476634,0.9795125397386083,0,0.01442406758705955,1.0
24,steady,dbaps,0.0,14.664,548.2287474747475,0.06797858231093525,0.996,14.282357790601814,15.0,32.884,68.864,0.4973240016467682,0.9764530551415798,0,0.018342951360263808,1.0
25,steady,dbaps,0.0,15.044,545.6605265306123,0.0638562918574023,0.9602857142857143,13.772079207920791,15.0,34.616,68.908,0.49602164226607254,0.9707730986800754,0,0.020792079207920793,1.0
26,steady,dbaps,0.0,16.56,548.5152242424242,0.06024912854030501,0.9962020202020202,14.08276385725133,17.0,32.12,70.032,0.4972323127486594,0.9813845258871436,0,0.014236902050113895,1.0
27,steady,dbaps,0.0,14.632,552.3676484848486,0.07184917508054763,1.0455353535353535,12.490480507706256,16.0,30.512,71.892,0.49751871477836657,0.9828302409304902,0,0.012692656391659111,1.0
28,steady,dbaps,0.0,14.632,543.7636121212123,0.06344965633495045,0.9275151515151515,13.573559460563956,16.0,34.52,68.248,0.49650026921006074,0.9716572190730244,0,0.02022885165508786,1.0
29,steady,dbaps,0.0,15.116,547.4888080808081,0.06561896132190251,0.9902222222222222,13.814176245210728,16.0,34.86,70.556,0.4969041525633617,0.9760918074593561,0,0.017454235845040442,1.0
30,steady,dbaps,0.0,13.936,547.8289695652174,0.0719991419812072,0.9999565217391304,14.30852775543041,16.0,32.38,63.688,0.49698221092757305,0.9775174160861304,0,0.016492357200321803,1.0
31,steady,dbaps,0.0,13.728,545.8975636363638,0.07037165242165243,0.9642424242424242,13.473785576717312,15.0,34.916,68.904,0.49697619229885936,0.9727613210759278,0,0.018189599828803766,1.0
32,steady,dbaps,0.0,15.228,545.1262707070708,0.06261791008555714,0.9506262626262627,14.072371134020619,16.0,34.1,68.476,0.4967960799095364,0.9695142378559464,0,0.02020618556701031,1.0
33,steady,dbaps,0.0,15.672,549.7008686868687,0.06521137533490474,1.0214141414141413,14.719822365765038,16.0,33.568,70.596,0.4966966488895964,0.9735764793449945,0,0.017561566410981024,1.0
34,steady,dbaps,0.0,14.484,543.8361535353537,0.06481079106079105,0.9382222222222222,14.365335598980458,16.0,35.544,67.672,0.4968739980763065,0.9687004754358162,0,0.021240441801189464,1.0
35,steady,dbaps,0.0,19.288,540.8606707070708,0.04572891137662325,0.8796767676767676,16.333993399339935,21.0,35.5,68.884,0.49695175056610347,0.9754335260115607,0,0.01892189218921892,1.0
36,steady,dbaps,0.0,15.892,543.5875625,0.05835872383675693,0.9254166666666667,14.625474483340362,17.0,33.452,65.952,0.49704573637756216,0.978819542502118,0,0.018135807676086038,1.0
37,steady,dbaps,0.0,16.628,549.134812631579,0.06092706373777581,1.011242105263158,16.054552829040762,18.0,32.668,67.076,0.49653870358716173,0.9710696612105063,0,0.017440681403366458,1.0
38,steady,dbaps,0.0,13.832,546.8716242424242,0.07095854461442695,0.9803232323232324,13.915047540305912,15.0,34.468,68.688,0.4968017057569296,0.9771377672209026,0,0.018602728400165358,1.0
39,steady,dbaps,0.0,14.664,546.078597979798,0.06605412920412922,0.9665454545454545,13.593252705283259,15.0,34.744,69.86,0.49723847992745857,0.9785187560115421,0,0.017610863568852112,1.0
40,steady,dbaps,0.0,14.4,549.887292929293,0.0712922898749102,1.0208888888888887,15.080816326530613,17.0,33.484,69.592,0.4968407050216162,0.9761018001241465,0,0.01979591836734694,1.0
41,steady,dbaps,0.0,14.94,546.7167353535352,0.06501352329587624,0.9701010101010102,14.667571971754482,16.0,33.096,68.24,0.49666588216835333,0.9735628650476483,0,0.018649284808980628,1.0
42,steady,dbaps,0.0,14.32,548.544985858586,0.06993268953268952,0.9991919191919192,13.786209887250651,16.0,33.664,69.216,0.49751050256729423,0.9790209790209791,0,0.016045099739809193,1.0
43,steady,dbaps,0.0,14.444,545.7703831578948,0.06710897006330442,0.9574736842105264,13.139596720584978,18.0,32.404,65.14,0.4965275239418086,0.9732008431195424,0,0.021271881231996456,1.0
44,steady,dbaps,0.0,14.992,544.5229454545456,0.06296108020519785,0.9423838383838383,14.433599654502267,17.0,35.512,68.748,0.49678047319556756,0.9732824427480916,0,0.020729863960267762,1.0
45,steady,dbaps,0.0,13.9,547.0108646464647,0.07095273615273615,0.9836767676767677,13.799255737027083,15.0,34.468,68.536,0.49719898703092624,0.9744021556079488,0,0.018193094893529046,1.0
46,steady,dbaps,0.0,15.792,549.0641959183674,0.06379411280995914,1.008,15.262162694504628,17.0,32.14,69.076,0.49621306699958384,0.9733142037302726,0,0.020681504825684458,1.0
47,steady,dbaps,0.0,15.2,544.3402666666667,0.06137256349315173,0.9313131313131313,14.005107051659792,16.0,34.224,69.24,0.4972937865338818,0.9763930826242108,0,0.01983893144765272,1.0
48,steady,dbaps,0.0,15.208,546.7537142857143,0.06377382447484489,0.9681224489795918,14.123117972174576,16.0,33.02,69.148,0.4971732896353953,0.9802731411229135,0,0.014675052410901468,1.0
49,steady,dbaps,0.0,14.904,542.7923595959596,0.06170085977929115,0.9176161616161617,14.059027777777779,16.0,36.596,68.504,0.4971015529950619,0.9739015526924347,0,0.018446180555555556,1.0
0,steady,ewma,0.0,15.056,542.5002653061225,0.06108145382695203,0.916,14.623965041398344,17.0,35.624,66.22,0.49682107175295187,0.9657210401891253,0,0.023689052437902484,1.0
1,steady,ewma,0.0,15.096,553.4370666666667,0.07085397296965924,1.0655757575757574,14.958979206049149,17.0,31.372,71.42,0.49730796841349606,0.9777849323889246,0,0.01550094517958412,1.0
2,steady,ewma,0.0,16.052,547.745911111111,0.06151380605596292,0.9852929292929293,15.223006644518273,17.0,33.368,70.004,0.4964259304905102,0.9730431958428061,0,0.020556478405315614,1.0
3,steady,ewma,0.0,14.528,546.5378285714286,0.06692266840802255,0.9702448979591837,13.239172096588732,16.0,33.624,68.976,0.49598312099326464,0.9752515637748165,0,0.019739363740896895,1.0
4,steady,ewma,0.0,14.792,548.8645535353536,0.06782707847707849,1.0017373737373738,14.24082093767652,16.0,33.204,69.496,0.4972226630693541,0.9786184210526315,0,0.01656938429674261,1.0
5,steady,ewma,0.0,15.212,544.7123375,0.06229127159945175,0.9449583333333333,13.236570927428195,17.0,33.98,67.288,0.49709568939162335,0.9772583701831965,0,0.016663012497259374,1.0
6,steady,ewma,0.0,15.572,547.8684525252527,0.06376574612751083,0.9906666666666666,15.05935892362485,18.0,33.32,69.104,0.49641100088716833,0.9706546275395034,0,0.020973486347447567,1.0
7,steady,ewma,0.0,13.864,546.0798464646465,0.06933764198764197,0.9582626262626264,13.138919313618109,15.0,33.604,69.164,0.4964838255977497,0.973638470451912,0,0.018802482657904344,1.0
8,steady,ewma,0.0,17.172,541.1311474747476,0.0520848192972032,0.8920404040404042,15.680504587155964,18.0,36.684,68.368,0.4971278123504069,0.9723858615611193,0,0.019954128440366974,1.0
9,steady,ewma,0.0,15.952,543.8073333333335,0.0581488413127216,0.9281212121212121,15.026285973260821,19.0,35.224,67.788,0.4978338527019837,0.9781920506507211,0,0.019487876727849535,1.0
10,steady,ewma,0.0,16.144,549.8594383838384,0.06304444727385904,1.0167272727272727,14.752661118637507,17.0,32.824,69.26,0.4973968158152871,0.9805547612239062,0,0.015676407973679116,1.0
11,steady,ewma,0.0,17.064,548.3257898989899,0.05849623208844055,0.9951515151515151,15.575943483918945,18.0,32.732,69.968,0.4972117434804002,0.9776164549304295,0,0.01691764268451385,1.0
12,steady,ewma,0.0,14.272,545.0207474747476,0.06650195175195177,0.9451717171717171,13.452547247329498,15.0,33.94,68.008,0.4970791290493893,0.9755620723362659,0,0.017666392769104356,1.0
13,steady,ewma,0.0,14.808,544.7154626262627,0.06380510310314232,0.9427878787878787,13.825988467874794,16.0,34.84,68.652,0.49729078868151716,0.974679270762998,0,0.018533772652388796,1.0
14,steady,ewma,0.0,14.104,543.9441535353536,0.06638831353831354,0.9368888888888889,13.428449744463373,15.0,35.628,68.372,0.49631393027184767,0.9739776951672863,0,0.019804088586030666,1.0
15,steady,ewma,0.0,13.82,543.1717737373738,0.0673333139924049,0.9257777777777778,13.443333333333333,15.0,36.712,68.848,0.4970164690906198,0.9747526441487547,0,0.01911111111111111,1.0
16,steady,ewma,0.0,14.876,549.1764987654321,0.06784690413677341,1.00879012345679,14.083936324167873,16.0,26.58,56.904,0.4965725806451613,0.9759717314487633,0,0.01881331403762663,1.0
17,steady,ewma,0.0,15.964,548.38075,0.062470374747121075,0.9962083333333334,14.551926298157454,17.0,32.316,68.7,0.4964993169398907,0.9730085582620145,0,0.020309882747068676,1.0
18,steady,ewma,0.0,16.168,546.2384444444447,0.05939897027446048,0.9604444444444443,14.67506092607636,17.0,32.936,68.796,0.49690672588832485,0.972310630171865,0,0.02091795288383428,1.0
19,steady,ewma,0.0,16.068,546.8202707070708,0.06077447313035548,0.9751515151515151,14.50140958517922,17.0,33.8,69.572,0.49712643678160917,0.9786866359447005,0,0.016915022150624244,1.0
20,steady,ewma,0.0,13.976,551.449296969697,0.07421857031857032,1.035919191919192,13.430153961697334,15.0,31.608,70.484,0.49679333012666343,0.9807146908678389,0,0.014832895230942547,1.0
21,steady,ewma,0.0,14.628,551.4804888888889,0.07108208240561181,1.0358787878787878,14.657988387338452,16.0,30.888,69.428,0.49586445033325305,0.971243304200733,0,0.020977711181869262,1.0
22,steady,ewma,0.0,14.252,547.8701916666668,0.06945374503968253,0.9904583333333333,13.907126168224298,15.0,32.4,67.008,0.49667194928684627,0.9739644970414201,0,0.0190809968847352,1.0
23,steady,ewma,0.0,15.524,549.1533583333334,0.06534650589402426,1.0143333333333333,15.090253451473316,17.0,33.06,67.884,0.4975249601476634,0.9795125397386083,0,0.01442406758705955,1.0
24,steady,ewma,0.0,14.664,548.2287474747475,0.06797858231093525,0.996,14.282357790601814,15.0,32.884,68.864,0.4973240016467682,0.9764530551415798,0,0.018342951360263808,1.0
25,steady,ewma,0.0,15.044,545.6605265306123,0.0638562918574023,0.9602857142857143,13.772079207920791,15.0,34.616,68.908,0.49602164226607254,0.9707730986800754,0,0.020792079207920793,1.0
26,steady,ewma,0.0,16.56,548.5152242424242,0.06024912854030501,0.9962020202020202,14.08276385725133,17.0,32.12,70.032,0.4972323127486594,0.9813845258871436,0,0.014236902050113895,1.0
27,steady,ewma,0.0,14.632,552.3676484848486,0.07184917508054763,1.0455353535353535,12.490480507706256,16.0,30.512,71.892,0.49751871477836657,0.9828302409304902,0,0.012692656391659111,1.0
28,steady,ewma,0.0,14.632,543.7636121212123,0.06344965633495045,0.9275151515151515,13.573559460563956,16.0,34.52,68.248,0.49650026921006074,0.9716572190730244,0,0.02022885165508786,1.0
29,steady,ewma,0.0,15.116,547.4888080808081,0.06561896132190251,0.9902222222222222,13.814176245210728,16.0,34.86,70.556,0.4969041525633617,0.9760918074593561,0,0.017454235845040442,1.0
30,steady,ewma,0.0,13.936,547.8289695652174,0.0719991419812072,0.9999565217391304,14.30852775543041,16.0,32.38,63.688,0.49698221092757305,0.9775174160861304,0,0.016492357200321803,1.0
31,steady,ewma,0.0,13.728,545.8975636363638,0.07037165242165243,0.9642424242424242,13.473785576717312,15.0,34.916,68.904,0.49697619229885936,0.9727613210759278,0,0.018189599828803766,1.0
32,steady,ewma,0.0,15.228,545.1262707070708,0.06261791008555714,0.9506262626262627,14.072371134020619,16.0,34.1,68.476,0.4967960799095364,0.9695142378559464,0,0.02020618556701031,1.0
33,steady,ewma,0.0,15.672,549.7008686868687,0.06521137533490474,1.0214141414141413,14.719822365765038,16.0,33.568,70.596,0.4966966488895964,0.9735764793449945,0,0.017561566410981024,1.0
34,steady,ewma,0.0,14.484,543.8361535353537,0.06481079106079105,0.9382222222222222,14.365335598980458,16.0,35.544,67.672,0.4968739980763065,0.9687004754358162,0,0.021240441801189464,1.0
35,steady,ewma,0.0,19.288,540.8606707070708,0.04572891137662325,0.8796767676767676,16.333993399339935,21.0,35.5,68.884,0.49695175056610347,0.9754335260115607,0,0.01892189218921892,1.0
36,steady,ewma,0.0,15.892,543.5875625,0.05835872383675693,0.9254166666666667,14.625474483340362,17.0,33.452,65.952,0.49704573637756216,0.978819542502118,0,0.018135807676086038,1.0
37,steady,ewma,0.0,16.628,549.134812631579,0.06092706373777581,1.011242105263158,16.054552829040762,18.0,32.668,67.076,0.49653870358716173,0.9710696612105063,0,0.017440681403366458,1.0
38,steady,ewma,0.0,13.832,546.8716242424242,0.07095854461442695,0.9803232323232324,13.915047540305912,15.0,34.468,68.688,0.4968017057569296,0.9771377672209026,0,0.018602728400165358,1.0
39,steady,ewma,0.0,14.664,546.078597979798,0.06605412920412922,0.9665454545454545,13.593252705283259,15.0,34.744,69.86,0.49723847992745857,0.9785187560115421,0,0.017610863568852112,1.0
40,steady,ewma,0.0,14.4,549.887292929293,0.0712922898749102,1.0208888888888887,15.080816326530613,17.0,33.484,69.592,0.4968407050216162,0.9761018001241465,0,0.01979591836734694,1.0
41,steady,ewma,0.0,14.94,546.7167353535352,0.06501352329587624,0.9701010101010102,14.667571971754482,16.0,33.096,68.24,0.49666588216835333,0.9735628650476483,0,0.018649284808980628,1.0
42,steady,ewma,0.0,14.32,548.544985858586,0.06993268953268952,0.9991919191919192,13.786209887250651,16.0,33.664,69.216,0.49751050256729423,0.9790209790209791,0,0.016045099739809193,1.0
43,steady,ewma,0.0,14.444,545.7703831578948,0.06710897006330442,0.9574736842105264,13.139596720584978,18.0,32.404,65.14,0.4965275239418086,0.9732008431195424,0,0.021271881231996456,1.0
44,steady,ewma,0.0,14.992,544.5229454545456,0.06296108020519785,0.9423838383838383,14.433599654502267,17.0,35.512,68.748,0.49678047319556756,0.9732824427480916,0,0.020729863960267762,1.0
45,steady,ewma,0.0,13.9,547.0108646464647,0.07095273615273615,0.9836767676767677,13.799255737027083,15.0,34.468,68.536,0.49719898703092624,0.9744021556079488,0,0.018193094893529046,1.0
46,steady,ewma,0.0,15.792,549.0641959183674,0.06379411280995914,1.008,15.262162694504628,17.0,32.14,69.076,0.49621306699958384,0.9733142037302726,0,0.020681504825684458,1.0
47,steady,ewma,0.0,15.2,544.3402666666667,0.06137256349315173,0.9313131313131313,14.005107051659792,16.0,34.224,69.24,0.4972937865338818,0.9763930826242108,0,0.01983893144765272,1.0
48,steady,ewma,0.0,15.208,546.7537142857143,0.06377382447484489,0.9681224489795918,14.123117972174576,16.0,33.02,69.148,0.4971732896353953,0.9802731411229135,0,0.014675052410901468,1.0
49,steady,ewma,0.0,14.904,542.7923595959596,0.06170085977929115,0.9176161616161617,14.059027777777779,16.0,36.596,68.504,0.4971015529950619,0.9739015526924347,0,0.018446180555555556,1.0
0,steady,dbaps,0.5,15.024,542.5271836734695,0.061240952021834376,0.9164081632653062,14.5524379024839,17.0,35.624,66.24,0.4967834708241883,0.966495861253449,0,0.023229070837166514,1.0
1,steady,dbaps,0.5,14.956,553.3532040404042,0.07136411043567907,1.0637979797979797,14.967485822306239,17.0,31.348,71.38,0.49681414340841784,0.9771483746379144,0,0.015879017013232515,1.0
2,steady,dbaps,0.5,16.012,547.685103030303,0.061582156768431276,0.9838787878787879,15.239617940199336,17.0,33.232,69.868,0.4960558751027116,0.9733766233766233,0,0.020556478405315614,1.0
3,steady,dbaps,0.5,14.696,546.5707632653061,0.06613942148287888,0.9708571428571429,13.252970486776542,16.0,33.66,69.024,0.49549695740365113,0.9760544217687075,0,0.0193560751245688,1.0
4,steady,dbaps,0.5,14.496,548.8316404040405,0.06927621311150722,1.0015757575757576,14.262474110337036,16.0,33.3,69.536,0.49666719568322487,0.9775219298245614,0,0.01751082658633026,1.0
5,steady,dbaps,0.5,15.192,544.6946,0.06232844229572171,0.9447916666666665,13.265731199298399,16.0,34.016,67.304,0.4965606848058698,0.9759949463044851,0,0.017540013155009866,1.0
6,steady,dbaps,0.5,15.608,547.872686868687,0.06359781003310415,0.9907878787878788,15.160664819944598,18.0,33.284,69.068,0.49612840780771095,0.9709864603481625,0,0.020973486347447567,1.0
7,steady,dbaps,0.5,13.972,546.1221858585859,0.06879155104155105,0.9593131313131315,13.277290982110259,15.0,33.852,69.408,0.4961712767619941,0.9733487833140209,0,0.019167579408543262,1.0
8,steady,dbaps,0.5,17.016,541.3288,0.05285743242538908,0.8964848484848486,15.488073394495412,18.0,37.124,68.82,0.49696824636987397,0.9742268041237113,0,0.019724770642201836,1.0
9,steady,dbaps,0.5,16.168,543.6429656565657,0.05756795709181487,0.9246868686868687,15.097212780421483,20.0,34.96,67.488,0.49737782169187505,0.976785086176574,0,0.020394289598912305,1.0
10,steady,dbaps,0.5,15.892,549.8326747474748,0.0640335643659173,1.0163636363636364,14.634991290884459,17.0,32.84,69.252,0.49671772428884026,0.979982842436374,0,0.015676407973679116,1.0
11,steady,dbaps,0.5,17.068,548.4181050505051,0.05854943761662028,0.9972121212121212,15.676333891057817,18.0,32.992,70.236,0.496760436315919,0.9776232234653764,0,0.01654582636177728,1.0
12,steady,dbaps,0.5,14.244,545.0858505050506,0.0667461001961002,0.9463838383838384,13.319433032046014,15.0,34.004,68.1,0.49681383705052345,0.9771838331160365,0,0.01684470008216927,1.0
13,steady,dbaps,0.5,14.892,544.7650868686869,0.06349297982337199,0.9439191919191919,13.877677100494234,16.0,34.952,68.764,0.49714027694160146,0.975016880486158,0,0.018121911037891267,1.0
14,steady,dbaps,0.5,14.408,544.0251838383838,0.0651370388870389,0.9386666666666666,13.56388415672913,15.0,35.78,68.536,0.4958531715558286,0.9733581164807931,0,0.02022998296422487,1.0
15,steady,dbaps,0.5,13.808,543.1111797979798,0.0674554649054649,0.9249292929292928,13.629777777777777,15.0,36.732,68.816,0.49630042167236854,0.9716820197884681,0,0.020888888888888887,1.0
16,steady,dbaps,0.5,14.932,549.1000543209877,0.06747221636992878,1.0070123456790123,14.197780993728895,16.0,26.436,56.76,0.4960685483870968,0.9777385159010601,0,0.01808972503617945,1.0
17,steady,dbaps,0.5,15.864,548.4050500000001,0.06288106666277622,0.99675,14.462730318257956,16.0,32.364,68.748,0.4962431693989071,0.9733377221856484,0,0.020309882747068676,1.0
18,steady,dbaps,0.5,16.136,546.4153818181819,0.05973505162230652,0.9643232323232324,14.65800162469537,17.0,33.276,69.16,0.4966687817258883,0.9729471674092934,0,0.019902518277822908,1.0
19,steady,dbaps,0.5,16.012,546.8361010101011,0.061005174999292644,0.975111111111111,14.262384212645992,17.0,33.716,69.528,0.49684681088848087,0.979556579326231,0,0.01631091421667338,1.0
20,steady,dbaps,0.5,14.016,551.507802020202,0.07405336986246076,1.036848484848485,13.345475028163726,15.0,31.62,70.536,0.4964726631393298,0.9821327283040272,0,0.013706346226060834,1.0
21,steady,dbaps,0.5,14.388,551.5921494949495,0.07235141340141339,1.0383030303030303,14.486795280014984,16.0,31.096,69.652,0.49574433916813876,0.973209249858996,0,0.019853905225697695,1.0
22,steady,dbaps,0.5,14.2,548.0038625000001,0.06990951999389498,0.9931666666666666,13.848714953271028,15.0,32.588,67.232,0.4963948973932335,0.9763243563184374,0,0.01732866043613707,1.0
23,steady,dbaps,0.5,15.54,549.1537208333334,0.06530699842436974,1.0142083333333334,14.912013187718937,16.0,33.024,67.86,0.49706326564859876,0.9795197740112994,0,0.014218009478672985,1.0
24,steady,dbaps,0.5,14.488,548.2552,0.06886882006882007,0.9968080808080809,14.046990931574609,15.0,33.004,68.964,0.4967067347274823,0.9767441860465116,0,0.018342951360263808,1.0
25,steady,dbaps,0.5,15.052,545.6777428571428,0.06385639244708873,0.9601632653061225,13.733465346534654,16.0,34.512,68.852,0.4958625079567155,0.9720301697045883,0,0.02,1.0
26,steady,dbaps,0.5,16.412,548.5790747474749,0.06070477086457479,0.9971717171717172,13.806947608200456,17.0,31.972,69.936,0.4967568969990487,0.983997672388711,0,0.012908124525436599,1.0
27,steady,dbaps,0.5,14.768,552.3370181818183,0.07118740511485609,1.044888888888889,12.52438803263826,16.0,30.464,71.84,0.4971399730820996,0.9833887043189369,0,0.012873980054397098,1.0
28,steady,dbaps,0.5,14.58,543.6310424242424,0.06355628554452084,0.9249292929292929,13.575398447078054,16.0,34.356,68.04,0.49588493192831323,0.970323441147049,0,0.021046178994687373,1.0
29,steady,dbaps,0.5,15.284,547.3915151515153,0.06475018108253403,0.9879595959595959,14.08790974882929,16.0,34.636,70.332,0.4959544253632761,0.9748247291268324,0,0.018305661983822902,1.0
30,steady,dbaps,0.5,13.956,547.8323304347826,0.07189357580824972,1.0001739130434784,14.513274336283185,15.0,32.424,63.72,0.49650571791613723,0.9768841038632046,0,0.016894609814963796,1.0
31,steady,dbaps,0.5,13.688,545.8475313131313,0.07048613608613609,0.962949494949495,13.43890434410443,15.0,34.764,68.764,0.4968996402051596,0.9734422880490297,0,0.017975604536700194,1.0
32,steady,dbaps,0.5,15.292,545.2428525252526,0.06247000515824046,0.952969696969697,14.061237113402061,16.0,34.304,68.712,0.49656992084432716,0.9705192629815745,0,0.01979381443298969,1.0
33,steady,dbaps,0.5,15.592,549.7538101010101,0.06565645215351097,1.0223434343434343,14.572870407751312,17.0,33.604,70.66,0.496617050067659,0.9750651283959807,0,0.016552280985062576,1.0
34,steady,dbaps,0.5,14.512,543.9866222222223,0.0650058867058867,0.9413333333333334,14.267841971112999,16.0,35.78,67.944,0.4968739980763065,0.9702852614896988,0,0.02017841971112999,1.0
35,steady,dbaps,0.5,19.256,540.9116727272728,0.04577610761599634,0.8805656565656566,16.244444444444444,21.0,35.564,68.984,0.4967775648841665,0.976878612716763,0,0.018041804180418043,1.0
36,steady,dbaps,0.5,15.984,543.6360166666667,0.05807250096197949,0.9261666666666666,14.64888232813159,17.0,33.456,65.992,0.4966810124735575,0.9796667608020333,0,0.017292281737663433,1.0
37,steady,dbaps,0.5,16.408,549.0136294736842,0.061731407931593686,1.008378947368421,15.861488541877915,18.0,32.392,66.804,0.4963136126595936,0.9710806697108066,0,0.017643480024335835,1.0
38,steady,dbaps,0.5,13.984,546.8093131313132,0.07008017309487898,0.9787878787878789,14.01322860686234,15.0,34.3,68.528,0.49638315693291707,0.9768339768339769,0,0.018396031417941296,1.0
39,steady,dbaps,0.5,14.952,546.1104565656567,0.06481161986161986,0.9670707070707072,13.745597284107786,15.0,34.76,69.896,0.4970736130574561,0.979480602757294,0,0.016974326331423723,1.0
40,steady,dbaps,0.5,14.316,550.0339757575758,0.07201218802983507,1.0243636363636366,14.958163265306123,17.0,33.84,69.94,0.49634186897239774,0.9751707014276847,0,0.02,1.0
41,steady,dbaps,0.5,14.84,546.768698989899,0.06553851159733513,0.971030303030303,14.478182147383668,16.0,33.144,68.316,0.4965089825056876,0.9747924992314786,0,0.01810610175629187,1.0
42,steady,dbaps,0.5,14.468,548.4532363636363,0.06911659821659823,0.9975757575757576,14.104076322636601,16.0,33.6,69.104,0.49712151859343395,0.9774316592498411,0,0.017346053772766695,1.0
43,steady,dbaps,0.5,14.256,545.9288589473686,0.0680386590499284,0.9608421052631579,13.089297584755151,17.0,32.676,65.436,0.49586958110973023,0.9735019572417947,0,0.020828717039663196,1.0
44,steady,dbaps,0.5,15.088,544.472501010101,0.06242231457721654,0.9415353535353536,14.582595551716691,17.0,35.488,68.696,0.49618149146451035,0.9716921119592875,0,0.021377672209026127,1.0
45,steady,dbaps,0.5,13.82,547.1246141414142,0.07150795130795132,0.9860202020202021,13.668182757907793,15.0,34.644,68.74,0.4968152866242038,0.9747389693499495,0,0.01777961546413066,1.0
46,steady,dbaps,0.5,15.748,549.0312448979593,0.06401235094770509,1.0074285714285713,15.319480007878669,17.0,32.128,69.044,0.4955472326258843,0.9730272596843615,0,0.02127240496356116,1.0
47,steady,dbaps,0.5,15.108,544.3687676767677,0.061769672593202006,0.9317171717171717,13.720094284030642,16.0,34.228,69.268,0.496427798224724,0.9769420807027175,0,0.01885680612846199,1.0
48,steady,dbaps,0.5,15.48,546.809330612245,0.06278634310867204,0.9693469387755101,14.420811892510006,16.0,33.288,69.416,0.49659975419909874,0.9802731411229135,0,0.014484467314655993,1.0
49,steady,dbaps,0.5,14.948,542.651397979798,0.061267314167314166,0.9144242424242425,14.120008680555555,16.0,36.304,68.204,0.4966721534387748,0.973571192599934,0,0.018446180555555556,1.0
0,steady,ewma,0.5,15.024,542.5271836734695,0.061240952021834376,0.9164081632653062,14.5524379024839,17.0,35.624,66.24,0.4967834708241883,0.966495861253449,0,0.023229070837166514,1.0
1,steady,ewma,0.5,14.956,553.3532040404042,0.07136411043567907,1.0637979797979797,14.967485822306239,17.0,31.348,71.38,0.49681414340841784,0.9771483746379144,0,0.015879017013232515,1.0
2,steady,ewma,0.5,16.024,547.6771595959596,0.06149530883060295,0.9837575757575757,15.238164451827242,17.0,33.232,69.86,0.4960972804206721,0.9733679766157843,0,0.020556478405315614,1.0
3,steady,ewma,0.5,14.696,546.5707632653061,0.06613942148287888,0.9708571428571429,13.252970486776542,16.0,33.66,69.024,0.49549695740365113,0.9760544217687075,0,0.0193560751245688,1.0
4,steady,ewma,0.5,14.496,548.8316404040405,0.06927621311150722,1.0015757575757576,14.262474110337036,16.0,33.3,69.536,0.49666719568322487,0.9775219298245614,0,0.01751082658633026,1.0
5,steady,ewma,0.5,15.192,544.6946,0.06232844229572171,0.9447916666666665,13.265731199298399,16.0,34.016,67.304,0.4965606848058698,0.9759949463044851,0,0.017540013155009866,1.0
6,steady,ewma,0.5,15.608,547.872686868687,0.06359781003310415,0.9907878787878788,15.160664819944598,18.0,33.284,69.068,0.49612840780771095,0.9709864603481625,0,0.020973486347447567,1.0
7,steady,ewma,0.5,13.972,546.1221858585859,0.06879155104155105,0.9593131313131315,13.277290982110259,15.0,33.852,69.408,0.4961712767619941,0.9733487833140209,0,0.019167579408543262,1.0
8,steady,ewma,0.5,17.016,541.3288,0.05285743242538908,0.8964848484848486,15.488073394495412,18.0,37.124,68.82,0.49696824636987397,0.9742268041237113,0,0.019724770642201836,1.0
9,steady,ewma,0.5,16.168,543.6429656565657,0.05756795709181487,0.9246868686868687,15.097212780421483,20.0,34.96,67.488,0.49737782169187505,0.976785086176574,0,0.020394289598912305,1.0
10,steady,ewma,0.5,15.892,549.8326747474748,0.0640335643659173,1.0163636363636364,14.634991290884459,17.0,32.84,69.252,0.49671772428884026,0.979982842436374,0,0.015676407973679116,1.0
11,steady,ewma,0.5,17.068,548.4181050505051,0.05854943761662028,0.9972121212121212,15.676333891057817,18.0,32.992,70.236,0.496760436315919,0.9776232234653764,0,0.01654582636177728,1.0
12,steady,ewma,0.5,14.244,545.0858505050506,0.0667461001961002,0.9463838383838384,13.319433032046014,15.0,34.004,68.1,0.49681383705052345,0.9771838331160365,0,0.01684470008216927,1.0
13,steady,ewma,0.5,14.892,544.7650868686869,0.06349297982337199,0.9439191919191919,13.877677100494234,16.0,34.952,68.764,0.49714027694160146,0.975016880486158,0,0.018121911037891267,1.0
14,steady,ewma,0.5,14.408,544.0251838383838,0.0651370388870389,0.9386666666666666,13.56388415672913,15.0,35.78,68.536,0.4958531715558286,0.9733581164807931,0,0.02022998296422487,1.0
15,steady,ewma,0.5,13.808,543.1111797979798,0.0674554649054649,0.9249292929292928,13.629777777777777,15.0,36.732,68.816,0.49630042167236854,0.9716820197884681,0,0.020888888888888887,1.0
16,steady,ewma,0.5,14.932,549.1000543209877,0.06747221636992878,1.0070123456790123,14.197780993728895,16.0,26.436,56.76,0.4960685483870968,0.9777385159010601,0,0.01808972503617945,1.0
17,steady,ewma,0.5,15.864,548.4050500000001,0.06288106666277622,0.99675,14.462730318257956,16.0,32.364,68.748,0.4962431693989071,0.9733377221856484,0,0.020309882747068676,1.0
18,steady,ewma,0.5,16.136,546.4153818181819,0.05973505162230652,0.9643232323232324,14.65800162469537,17.0,33.276,69.16,0.4966687817258883,0.9729471674092934,0,0.019902518277822908,1.0
19,steady,ewma,0.5,16.012,546.8361010101011,0.061005174999292644,0.975111111111111,14.262384212645992,17.0,33.716,69.528,0.49684681088848087,0.979556579326231,0,0.01631091421667338,1.0
20,steady,ewma,0.5,14.016,551.507802020202,0.07405336986246076,1.036848484848485,13.345475028163726,15.0,31.62,70.536,0.4964726631393298,0.9821327283040272,0,0.013706346226060834,1.0
21,steady,ewma,0.5,14.388,551.5921494949495,0.07235141340141339,1.0383030303030303,14.486795280014984,16.0,31.096,69.652,0.49574433916813876,0.973209249858996,0,0.019853905225697695,1.0
22,steady,ewma,0.5,14.2,548.0038625000001,0.06990951999389498,0.9931666666666666,13.848714953271028,15.0,32.588,67.232,0.4963948973932335,0.9763243563184374,0,0.01732866043613707,1.0
23,steady,ewma,0.5,15.54,549.1537208333334,0.06530699842436974,1.0142083333333334,14.912013187718937,16.0,33.024,67.86,0.49706326564859876,0.9795197740112994,0,0.014218009478672985,1.0
24,steady,ewma,0.5,14.488,548.2552,0.06886882006882007,0.9968080808080809,14.046990931574609,15.0,33.004,68.964,0.4967067347274823,0.9767441860465116,0,0.018342951360263808,1.0
25,steady,ewma,0.5,15.052,545.6777428571428,0.06385639244708873,0.9601632653061225,13.733465346534654,16.0,34.512,68.852,0.4958625079567155,0.9720301697045883,0,0.02,1.0
26,steady,ewma,0.5,16.412,548.5790747474749,0.06070477086457479,0.9971717171717172,13.806947608200456,17.0,31.972,69.936,0.4967568969990487,0.983997672388711,0,0.012908124525436599,1.0
27,steady,ewma,0.5,14.768,552.3370181818183,0.07118740511485609,1.044888888888889,12.52438803263826,16.0,30.464,71.84,0.4971399730820996,0.9833887043189369,0,0.012873980054397098,1.0
28,steady,ewma,0.5,14.58,543.6310424242424,0.06355628554452084,0.9249292929292929,13.575398447078054,16.0,34.356,68.04,0.49588493192831323,0.970323441147049,0,0.021046178994687373,1.0
29,steady,ewma,0.5,15.284,547.3915151515153,0.06475018108253403,0.9879595959595959,14.08790974882929,16.0,34.636,70.332,0.4959544253632761,0.9748247291268324,0,0.018305661983822902,1.0
30,steady,ewma,0.5,13.956,547.8323304347826,0.07189357580824972,1.0001739130434784,14.513274336283185,15.0,32.424,63.72,0.49650571791613723,0.9768841038632046,0,0.016894609814963796,1.0
31,steady,ewma,0.5,13.688,545.8475313131313,0.07048613608613609,0.962949494949495,13.43890434410443,15.0,34.764,68.764,0.4968996402051596,0.9734422880490297,0,0.017975604536700194,1.0
32,steady,ewma,0.5,15.292,545.2428525252526,0.06247000515824046,0.952969696969697,14.061237113402061,16.0,34.304,68.712,0.49656992084432716,0.9705192629815745,0,0.01979381443298969,1.0
33,steady,ewma,0.5,15.596,549.7591393939394,0.06564134685213116,1.0224242424242425,14.549858700040371,17.0,33.604,70.664,0.496617050067659,0.9754372906587272,0,0.016350423899878886,1.0
34,steady,ewma,0.5,14.548,543.8755474747476,0.06465303955303955,0.9387070707070707,14.261469838572642,16.0,35.512,67.68,0.49695415197178583,0.9706814580031695,0,0.02017841971112999,1.0
35,steady,ewma,0.5,19.256,540.9116727272728,0.04577610761599634,0.8805656565656566,16.244444444444444,21.0,35.564,68.984,0.4967775648841665,0.976878612716763,0,0.018041804180418043,1.0
36,steady,ewma,0.5,15.984,543.6360166666667,0.05807250096197949,0.9261666666666666,14.64888232813159,17.0,33.456,65.992,0.4966810124735575,0.9796667608020333,0,0.017292281737663433,1.0
37,steady,ewma,0.5,16.408,549.0136294736842,0.061731407931593686,1.008378947368421,15.861488541877915,18.0,32.392,66.804,0.4963136126595936,0.9710806697108066,0,0.017643480024335835,1.0
38,steady,ewma,0.5,13.984,546.8093131313132,0.07008017309487898,0.9787878787878789,14.01322860686234,15.0,34.3,68.528,0.49638315693291707,0.9768339768339769,0,0.018396031417941296,1.0
39,steady,ewma,0.5,14.92,546.107098989899,0.06494178784178785,0.966949494949495,13.713558243157225,15.0,34.74,69.88,0.4971560464924573,0.9798012183392113,0,0.016762147252280923,1.0
40,steady,ewma,0.5,14.3,550.0518181818182,0.07209868301633007,1.0246060606060605,14.888571428571428,17.0,33.832,69.948,0.4964668717266606,0.9760943806271344,0,0.019387755102040816,1.0
41,steady,ewma,0.5,14.84,546.768698989899,0.06553851159733513,0.971030303030303,14.478182147383668,16.0,33.144,68.316,0.4965089825056876,0.9747924992314786,0,0.01810610175629187,1.0
42,steady,ewma,0.5,14.468,548.4532363636363,0.06911659821659823,0.9975757575757576,14.104076322636601,16.0,33.6,69.104,0.49712151859343395,0.9774316592498411,0,0.017346053772766695,1.0
43,steady,ewma,0.5,14.256,545.9288589473686,0.0680386590499284,0.9608421052631579,13.089297584755151,17.0,32.676,65.436,0.49586958110973023,0.9735019572417947,0,0.020828717039663196,1.0
44,steady,ewma,0.5,15.088,544.472501010101,0.06242231457721654,0.9415353535353536,14.582595551716691,17.0,35.488,68.696,0.49618149146451035,0.9716921119592875,0,0.021377672209026127,1.0
45,steady,ewma,0.5,13.82,547.1246141414142,0.07150795130795132,0.9860202020202021,13.668182757907793,15.0,34.644,68.74,0.4968152866242038,0.9747389693499495,0,0.01777961546413066,1.0
46,steady,ewma,0.5,15.748,549.0312448979593,0.06401235094770509,1.0074285714285713,15.319480007878669,17.0,32.128,69.044,0.4955472326258843,0.9730272596843615,0,0.02127240496356116,1.0
47,steady,ewma,0.5,15.108,544.3687676767677,0.061769672593202006,0.9317171717171717,13.720094284030642,16.0,34.228,69.268,0.496427798224724,0.9769420807027175,0,0.01885680612846199,1.0
48,steady,ewma,0.5,15.48,546.809330612245,0.06278634310867204,0.9693469387755101,14.420811892510006,16.0,33.288,69.416,0.49659975419909874,0.9802731411229135,0,0.014484467314655993,1.0
49,steady,ewma,0.5,14.948,542.651397979798,0.061267314167314166,0.9144242424242425,14.120008680555555,16.0,36.304,68.204,0.4966721534387748,0.973571192599934,0,0.018446180555555556,1.0
0,steady,dbaps,0.7,15.108,540.6586326530613,0.05929100625598225,0.8911020408163265,21.706071757129713,112.0,36.52,65.396,0.494201470476768,0.8713335940555338,0,0.09337626494940203,1.0
1,steady,dbaps,0.7,15.076,551.3489373737375,0.0689311590370414,1.0368484848484847,20.44234404536862,113.0,32.236,70.396,0.49232564401759266,0.9002894821486008,0,0.07032136105860114,1.0
2,steady,dbaps,0.7,15.872,546.0131232323232,0.06078231568721765,0.9611313131313132,20.862541528239202,113.0,34.036,69.108,0.49366672150024676,0.8974773609314359,0,0.0795265780730897,1.0
3,steady,dbaps,0.7,14.3,544.3738734693878,0.06565273043283247,0.938,18.978919126101953,111.0,33.884,67.496,0.4927736278012342,0.9049945711183496,0,0.07934074357991568,1.0
4,steady,dbaps,0.7,14.716,546.6529212121212,0.06600570061746533,0.971030303030303,20.27433628318584,112.0,34.024,68.36,0.4923761118170267,0.901858939311099,0,0.07851628695160986,1.0
5,steady,dbaps,0.7,15.116,542.3615541666667,0.06021979436005171,0.9106666666666667,20.301907476430607,112.0,34.504,65.876,0.49364763508342263,0.8834798994974874,0,0.08638456478842359,1.0
6,steady,dbaps,0.7,15.476,545.9058828282829,0.06221166166898881,0.9614545454545455,20.60387811634349,113.0,33.504,67.72,0.4935033492050682,0.8944998391765842,0,0.07736446379105659,1.0
7,steady,dbaps,0.7,13.76,544.1142505050507,0.06770167425167425,0.9295353535353535,19.08105147864184,111.0,33.964,67.856,0.49214168425991084,0.8904940768563999,0,0.07867834976268712,1.0
8,steady,dbaps,0.7,16.464,538.8976848484848,0.05214829954664836,0.856767676767677,21.50275229357798,113.0,36.368,66.388,0.4936122644522517,0.8859134262655907,0,0.08463302752293578,1.0
9,steady,dbaps,0.7,15.692,541.6410060606061,0.057168885076625015,0.8984646464646464,21.95263992748697,113.39999999999964,36.172,66.736,0.49376236117450173,0.8836720392431675,0,0.09154769997733968,1.0
10,steady,dbaps,0.7,16.144,547.869991919192,0.06150330813932465,0.9898181818181819,20.945035804141668,110.0,33.772,68.36,0.4927886430567092,0.8990590248075278,0,0.0774143603638475,1.0
11,steady,dbaps,0.7,16.664,546.225911111111,0.058031259273158144,0.9657777777777778,21.268079568693064,113.0,33.636,68.968,0.49306296691568835,0.8984633925881289,0,0.0747350808700502,1.0
12,steady,dbaps,0.7,13.716,543.045313131313,0.06688042698042697,0.9167676767676767,19.270542317173376,111.0,34.464,66.836,0.493508465568294,0.8905488795063332,0,0.0794987674609696,1.0
13,steady,dbaps,0.7,14.88,542.9999474747475,0.06182862715772933,0.9182626262626262,19.340609555189456,111.0,35.32,67.62,0.4939015208552929,0.8908355795148248,0,0.07392915980230642,1.0
14,steady,dbaps,0.7,14.224,542.1517616161617,0.06422514892514893,0.9124444444444444,19.902683134582624,111.0,36.492,67.576,0.4933538225124856,0.8942812982998455,0,0.08390119250425894,1.0
15,steady,dbaps,0.7,13.892,540.901793939394,0.06459812779812779,0.8945050505050506,20.570222222222224,112.0,37.712,67.768,0.49303288478382035,0.8803128187691261,0,0.08933333333333333,1.0
16,steady,dbaps,0.7,14.504,546.9355901234569,0.0674046239768462,0.9763456790123457,20.160395561987457,112.0,26.984,55.788,0.49318938553122793,0.8989080662205001,0,0.08273034249879402,1.0
17,steady,dbaps,0.7,15.92,546.1114500000002,0.06054809654856095,0.9624166666666666,20.547738693467338,112.0,32.492,67.076,0.49286019666524156,0.8847790507364975,0,0.08207705192629816,1.0
18,steady,dbaps,0.7,16.016,544.2788848484848,0.05845538720538721,0.9324848484848485,20.503655564581642,111.0,33.488,67.664,0.4938487181522343,0.8901935893367185,0,0.08204711616571893,1.0
19,steady,dbaps,0.7,15.756,544.7044161616162,0.05999395767631061,0.9436363636363636,20.20761175996778,111.75,34.044,68.112,0.49320760747962283,0.9013195639701663,0,0.07712444623439388,1.0
20,steady,dbaps,0.7,14.048,549.399987878788,0.0716940762940763,1.0052121212121214,18.803792714983103,110.0,31.732,69.0,0.4931396934927385,0.9095278484591461,0,0.06928276380022531,1.0
21,steady,dbaps,0.7,14.144,549.7732080808081,0.07162803862803863,1.0115959595959596,19.871886120996443,112.0,31.352,68.428,0.49421128798842257,0.8997754070746772,0,0.07510769807079977,1.0
22,steady,dbaps,0.7,14.444,545.8480375000001,0.0666752442002442,0.9615416666666666,19.754283489096572,112.0,32.94,65.856,0.4929421094369548,0.8943952802359882,0,0.07554517133956386,1.0
23,steady,dbaps,0.7,15.436,546.6436833333335,0.06337382957456486,0.9775416666666668,21.444879456006593,114.0,33.44,66.288,0.49319785018474976,0.8842364532019704,0,0.07974448794560066,1.0
24,steady,dbaps,0.7,14.384,546.1063515151516,0.06738968428086074,0.9684848484848485,20.833058532563893,112.0,34.272,68.184,0.4927452596867271,0.8940652818991098,0,0.08676834295136027,1.0
25,steady,dbaps,0.7,15.044,543.7885877551021,0.062168649877533434,0.9342448979591836,19.962772277227725,111.0,35.336,67.944,0.49350752808093684,0.8855176728182671,0,0.08217821782178218,1.0
26,steady,dbaps,0.7,16.252,546.3792888888889,0.0594776143609477,0.967111111111111,19.81700835231587,111.0,33.228,69.132,0.49259547934528447,0.9006660874601795,0,0.07498101746393318,1.0
27,steady,dbaps,0.7,14.312,550.041991919192,0.0711236719707308,1.0123232323232323,18.53853127833182,110.0,31.104,70.468,0.49225719575828986,0.9054726368159204,0,0.07488667271078876,1.0
28,steady,dbaps,0.7,14.312,541.77858989899,0.06293028746852275,0.8993939393939393,19.954025337147527,111.0,35.14,67.104,0.49337646333949475,0.8796419098143236,0,0.08684102983244789,1.0
29,steady,dbaps,0.7,14.892,545.6415595959597,0.06479837384837384,0.9635555555555556,19.140911025968496,111.0,35.332,69.46,0.49417499793439645,0.9088020336828726,0,0.07279693486590039,1.0
30,steady,dbaps,0.7,13.796,545.4770565217392,0.07029475621352219,0.9669565217391305,21.216411906677394,112.0,33.088,62.524,0.49181240063593007,0.8791798107255521,0,0.08668543845534996,1.0
31,steady,dbaps,0.7,13.348,543.8431313131314,0.07008066075338804,0.9344646464646466,19.74363364005992,112.0,35.36,67.628,0.4934467693722695,0.8818151032847952,0,0.08367215921249732,1.0
32,steady,dbaps,0.7,15.48,543.4080202020202,0.06005156517411419,0.9274747474747476,20.081443298969074,111.0,34.924,67.68,0.4933967247754886,0.8836278759586529,0,0.08041237113402062,1.0
33,steady,dbaps,0.7,15.396,547.8072121212122,0.06467332130469386,0.9941818181818183,20.351433185304803,112.0,34.036,69.48,0.49450023912003827,0.8872041420118343,0,0.0742834073475979,1.0
34,steady,dbaps,0.7,14.504,541.9022303030305,0.06286119719060897,0.9107474747474748,20.592183517417162,112.64999999999964,36.124,66.572,0.494303594351733,0.8793375394321766,0,0.08198810535259134,1.0
35,steady,dbaps,0.7,18.892,538.4836686868688,0.044664877763648754,0.8438787878787879,22.94191419141914,114.0,35.792,67.152,0.4931136680613668,0.8884089272858171,0,0.08712871287128712,1.0
36,steady,dbaps,0.7,15.784,541.4375583333333,0.05679450396077235,0.8945416666666667,22.333403627161534,113.0,34.02,64.684,0.4923290473407364,0.8871420550252667,0,0.09426402361872628,1.0
37,steady,dbaps,0.7,16.28,547.5503284210528,0.06095827903091061,0.990778947368421,21.15595213952545,113.0,33.644,66.56,0.493653794220902,0.8856493752366528,0,0.0709795173392821,1.0
38,steady,dbaps,0.7,13.628,544.8753535353536,0.06993139453139452,0.952,19.830301777594048,111.0,35.056,67.536,0.49336991312299955,0.8999407933688574,0,0.07978503513848698,1.0
39,steady,dbaps,0.7,14.576,543.594698989899,0.06366760461760462,0.9285656565656566,20.43263314237216,112.0,34.752,67.936,0.4934368034343268,0.8922537456168314,0,0.08741778060683217,1.0
40,steady,dbaps,0.7,14.316,547.5686626262627,0.069020782594312,0.9873939393939393,21.25408163265306,113.0,33.98,68.164,0.492469002246817,0.8901948654500464,0,0.08346938775510204,1.0
41,steady,dbaps,0.7,14.5,544.4867030303031,0.06482148875090053,0.9383434343434343,20.73202969400688,112.0,33.724,66.936,0.49273541192177805,0.8827670645852465,0,0.08292594604381677,1.0
42,steady,dbaps,0.7,13.96,546.1652040404042,0.06932216487216487,0.9648080808080808,21.261708586296617,112.0,34.172,67.74,0.4921327309549774,0.8795066413662239,0,0.09323503902862099,1.0
43,steady,dbaps,0.7,13.852,544.0505852631579,0.0678118424197062,0.9330947368421052,18.953467759805008,110.0,32.904,64.208,0.49432857665568974,0.8983508245877061,0,0.08309328606248616,1.0
44,steady,dbaps,0.7,15.252,542.6305737373738,0.060208331211272385,0.9177777777777778,21.83308140790326,113.0,36.796,68.184,0.4935921456943716,0.8783655369021223,0,0.09004534657741309,1.0
45,steady,dbaps,0.7,13.724,544.9831434343434,0.06966093906093905,0.9549090909090909,19.942733099028324,111.0,35.028,67.38,0.4939675708906478,0.887847338466689,0,0.08166218730618152,1.0
46,steady,dbaps,0.7,15.636,547.0792653061226,0.0628893958682374,0.9817142857142858,21.457947606854443,113.0,33.436,68.484,0.493459968341248,0.8984844152130398,0,0.08371085286586567,1.0
47,steady,dbaps,0.7,14.98,542.4844282828283,0.060454331833743595,0.9043636363636364,19.775879002160675,112.0,34.64,68.024,0.4935008665511265,0.9000547645125958,0,0.07994500098212531,1.0
48,steady,dbaps,0.7,15.124,544.5407673469389,0.062010998721833056,0.9354693877551019,19.59576901086335,112.0,33.46,67.764,0.4938484251968504,0.9005441354292624,0,0.07032590051457976,1.0
49,steady,dbaps,0.7,14.868,540.9422626262627,0.059988395047218576,0.8902222222222221,19.98828125,111.0,36.844,67.22,0.4945550938529875,0.8921761998685076,0,0.07855902777777778,1.0
0,steady,ewma,0.7,15.328,541.3466734693878,0.05899364821887884,0.898408163265306,18.395814167433304,110.0,35.644,65.352,0.4930708065126846,0.9178781925343812,0,0.06071757129714812,1.0
1,steady,ewma,0.7,15.132,552.4107797979799,0.06975892847167357,1.052,17.79905482041588,18.0,32.04,71.104,0.4914767629642921,0.939110824742268,0,0.043478260869565216,1.0
2,steady,ewma,0.7,15.9,546.9908121212122,0.06148237833335873,0.9750707070707072,17.86108803986711,17.0,33.744,69.672,0.4928489232286701,0.9367704280155642,0,0.04838039867109634,1.0
3,steady,ewma,0.7,14.54,545.6670040816327,0.06599374859834044,0.9588163265306122,16.14488309697202,16.0,34.188,68.692,0.49188575137942225,0.941512513601741,0,0.04810272134917593,1.0
4,steady,ewma,0.7,14.612,547.8774343434344,0.06787126022126022,0.9898989898989898,17.28826962907174,17.0,34.116,69.36,0.49138683813606415,0.9373117985217629,0,0.04933157597439277,1.0
5,steady,ewma,0.7,15.096,543.6096041666667,0.06187319939728029,0.9299166666666666,16.83556237667178,106.0,34.528,66.836,0.49235123145173626,0.9269521410579346,0,0.053716290287217715,1.0
6,steady,ewma,0.7,15.58,547.1276767676768,0.06313868902759512,0.9808888888888889,17.521764938662447,19.0,33.76,68.832,0.49233623749596644,0.9346005154639175,0,0.046893549663632766,1.0
7,steady,ewma,0.7,13.724,545.0575878787879,0.06891532726532726,0.943030303030303,15.88809784592917,16.0,33.728,68.46,0.491796875,0.9339130434782609,0,0.04782767433369843,1.0
8,steady,ewma,0.7,16.724,540.2181575757576,0.05268149083840518,0.8785454545454545,18.48715596330275,106.05000000000018,36.876,67.796,0.4930960172400032,0.9305402425578831,0,0.05206422018348624,1.0
9,steady,ewma,0.7,15.56,542.6348202020203,0.05862081313262005,0.9119595959595959,18.781554498073874,109.0,35.72,67.216,0.4926985092789778,0.9253155680224404,0,0.05778382053025153,1.0
10,steady,ewma,0.7,16.128,548.7810828282829,0.062260116100312186,1.0028282828282828,18.16876330559319,18.0,33.544,68.92,0.4917352253000226,0.9351613824621536,0,0.04973872653377202,1.0
11,steady,ewma,0.7,16.72,547.477098989899,0.05903824623948463,0.9847272727272728,18.255065997397285,18.0,33.772,70.1,0.4920830256788908,0.9374811235276351,0,0.04536159137386131,1.0
12,steady,ewma,0.7,13.916,544.0382101010101,0.06717879897879897,0.9315555555555556,16.290673788003286,16.0,34.36,67.54,0.4930955993930197,0.9351791530944625,0,0.04786359901396878,1.0
13,steady,ewma,0.7,14.812,543.873486868687,0.06289112419896734,0.9309898989898989,16.49814662273476,16.0,35.164,68.212,0.49307645996387717,0.9328156650911547,0,0.045510708401976935,1.0
14,steady,ewma,0.7,14.056,543.161688888889,0.06588129278129279,0.9265454545454544,16.341354344122657,16.0,36.116,68.1,0.4928571428571429,0.9377708978328173,0,0.049403747870528106,1.0
15,steady,ewma,0.7,14.084,542.2229373737374,0.06513879083879084,0.9153535353535354,17.544,109.0,37.904,68.916,0.4917602101743492,0.9220823409322899,0,0.057777777777777775,1.0
16,steady,ewma,0.7,14.676,547.990301234568,0.06760216494955057,0.9916049382716049,17.13603473227207,106.0,26.796,56.316,0.4918297357272544,0.935472496473907,0,0.05161601543656536,1.0
17,steady,ewma,0.7,15.888,547.10975,0.061534683654444686,0.9769583333333334,17.736390284757118,104.25,32.304,67.704,0.49150081148031094,0.9263884324679592,0,0.05339195979899498,1.0
18,steady,ewma,0.7,16.056,545.5333010101011,0.05931390544821918,0.9526464646464646,17.709179528838344,102.84999999999945,33.772,68.828,0.49226374672696976,0.9300921512551636,0,0.051584077985377744,1.0
19,steady,ewma,0.7,15.872,545.8183313131314,0.060660416478373134,0.9608888888888889,17.539871123640758,19.0,34.112,69.012,0.4920520808371276,0.937948865268601,0,0.048932742650020136,1.0
20,steady,ewma,0.7,14.004,550.383591919192,0.07286018175724059,1.0198787878787878,16.03360871197897,16.0,31.656,69.7,0.49298597194388777,0.946950354609929,0,0.0411190386781825,1.0
21,steady,ewma,0.7,14.268,550.679094949495,0.07207611212317094,1.024888888888889,17.21708185053381,17.0,31.232,69.048,0.4928468091946632,0.9367622259696459,0,0.047012549166510584,1.0
22,steady,ewma,0.7,14.228,546.8755708333333,0.06867438377594627,0.97725,16.859034267912772,16.0,32.956,66.64,0.4917188366748554,0.9322685595977521,0,0.04848130841121495,1.0
23,steady,ewma,0.7,15.508,548.0164,0.06445472543183939,0.9996666666666666,18.5567690088605,17.0,33.796,67.54,0.4918982453194526,0.9256780556533991,0,0.04986606222954873,1.0
24,steady,ewma,0.7,14.804,547.3005090909093,0.06669135679135679,0.9853333333333334,17.964138499587797,109.0,33.892,68.836,0.49172089957986653,0.9342457601904195,0,0.05358615004122012,1.0
25,steady,ewma,0.7,15.136,544.6450408163266,0.06257680698653087,0.9458367346938776,17.022178217821782,104.0,34.94,68.344,0.4921949665498566,0.9264245460237946,0,0.05287128712871287,1.0
26,steady,ewma,0.7,16.672,547.6993454545454,0.05926508785332314,0.9875555555555556,17.302201974183752,18.0,33.256,70.168,0.4918628808864266,0.9382250580046404,0,0.045937737281700836,1.0
27,steady,ewma,0.7,14.444,551.2677777777778,0.07155065762124585,1.0315555555555553,15.758295557570262,16.0,31.22,71.48,0.49154396297854436,0.9399723374827109,0,0.0456935630099728,1.0
28,steady,ewma,0.7,14.408,542.7214303030304,0.06341208946529801,0.9125252525252524,16.85022476501839,103.34999999999945,34.808,67.632,0.4919596830037701,0.9257409257409257,0,0.05373927257866776,1.0
29,steady,ewma,0.7,15.396,546.8106787878789,0.0639360928831517,0.9818989898989899,16.69220945083014,17.0,35.448,70.428,0.49339170659177267,0.9446564885496184,0,0.043209876543209874,1.0
30,steady,ewma,0.7,13.8,546.4612130434784,0.07111353519668738,0.9795652173913044,18.20997586484312,111.0,32.472,62.796,0.4908194897067006,0.9226885452824235,0,0.05551086082059534,1.0
31,steady,ewma,0.7,13.616,544.9801616161617,0.07016823614096342,0.9517575757575758,16.741065696554674,106.39999999999964,35.344,68.488,0.49260706351030414,0.9267051238547676,0,0.05221485127327199,1.0
32,steady,ewma,0.7,15.356,544.4618222222224,0.061488015833113877,0.9426666666666668,16.95257731958763,18.0,34.744,68.404,0.4930236066068331,0.9291206954195921,0,0.04927835051546392,1.0
33,steady,ewma,0.7,15.576,548.8136202020203,0.06494944449160135,1.0093333333333334,17.588817117480822,17.0,33.988,70.208,0.4938655194391332,0.9277242401779096,0,0.046023415421881306,1.0
34,steady,ewma,0.7,14.52,542.8827434343435,0.06368561210031799,0.9251313131313131,17.58411214953271,107.0,35.976,67.228,0.49330446636195974,0.922499011466983,0,0.05310110450297366,1.0
35,steady,ewma,0.7,18.896,539.955402020202,0.045935060128827185,0.8678787878787879,19.219141914191418,101.0,36.232,68.648,0.4928129628016378,0.934319740166005,0,0.050605060506050605,1.0
36,steady,ewma,0.7,15.688,542.4039333333334,0.058040137908795995,0.9080416666666667,18.745466048080978,110.0,33.684,65.212,0.4911268531366392,0.9274669665448412,0,0.060944749051033316,1.0
37,steady,ewma,0.7,16.388,548.0583242105263,0.06087598211214311,0.9946947368421053,18.620158182924357,18.0,32.612,66.252,0.49275883781595753,0.9308773262438284,0,0.044818495234232404,1.0
38,steady,ewma,0.7,13.988,545.887903030303,0.06920128945128945,0.9665454545454545,17.115957007027696,28.749999999969077,34.828,68.164,0.49245771750723755,0.9371665678719621,0,0.05002066969822241,1.0
39,steady,ewma,0.7,14.648,544.8385696969697,0.06497958512076159,0.9491313131313132,17.48313176320815,108.39999999999964,35.196,69.204,0.4919155254908431,0.9277493606138107,0,0.05750053044769786,1.0
40,steady,ewma,0.7,14.168,548.984294949495,0.07148317673611791,1.0094949494949497,17.92918367346939,17.0,34.16,69.356,0.4918100939552673,0.9332919640086875,0,0.049591836734693875,1.0
41,steady,ewma,0.7,14.692,545.4861050505051,0.0649388957447781,0.9522020202020202,17.76009415172913,104.0,33.348,67.464,0.4915227629513344,0.9260736196319018,0,0.052507695093246425,1.0
42,steady,ewma,0.7,14.188,547.4166787878789,0.06951441168259351,0.9846464646464647,18.285342584562013,110.0,34.42,68.86,0.4908114000934434,0.9211526282457252,0,0.06049436253252385,1.0
43,steady,ewma,0.7,14.632,545.0095115789475,0.06565781345101046,0.9468631578947367,16.0059827165965,102.0,32.692,64.768,0.49363662960795784,0.9378004807692307,0,0.05052071792599158,1.0
44,steady,ewma,0.7,15.028,543.6621050505051,0.06197489221018633,0.9313939393939393,18.220902612826603,110.0,36.028,68.416,0.4923572606024277,0.9232720355104629,0,0.055927445476139065,1.0
45,steady,ewma,0.7,13.792,545.8483353535355,0.07006934176934176,0.965979797979798,16.939425263593137,107.0,34.44,67.644,0.49316331233676447,0.9299128101945003,0,0.051064709530700844,1.0
46,steady,ewma,0.7,15.444,548.069367346939,0.06452199634432527,0.995061224489796,18.1301949970455,108.0,32.792,68.756,0.49192339716902583,0.9361031518624642,0,0.05298404569627733,1.0
47,steady,ewma,0.7,15.152,543.5313050505051,0.060960271536742126,0.9205252525252525,16.96700058927519,17.0,34.716,68.916,0.4928906531937928,0.9377229080932785,0,0.049695541151050876,1.0
48,steady,ewma,0.7,14.956,545.4315877551021,0.06367180658477177,0.9477551020408164,16.902611015818565,18.0,32.856,67.972,0.49278688524590164,0.9363636363636364,0,0.044787497617686294,1.0
49,steady,ewma,0.7,14.856,541.6377373737374,0.06065612807671632,0.8991919191919192,17.051866319444443,17.0,36.384,67.464,0.4937361300021476,0.932035631804685,0,0.04904513888888889,1.0
0,steady,dbaps,0.8,14.64,537.7533265306123,0.05793259930345765,0.8473469387755103,29.599816007359706,114.0,36.66,63.272,0.4934405095927808,0.7666796722590714,0,0.17571297148114076,1.0
1,steady,dbaps,0.8,14.688,548.6184121212121,0.06792726260667438,0.9953131313131313,26.31531190926276,114.0,32.2,68.268,0.490381157856886,0.8112603966730646,0,0.1334593572778828,1.0
2,steady,dbaps,0.8,15.516,542.9266545454545,0.05933212941742353,0.9154343434343434,28.78467607973422,115.0,34.464,66.98,0.4905691458693683,0.8031521389514313,0,0.15967607973421927,1.0
3,steady,dbaps,0.8,14.216,541.9526612244898,0.0634685766614338,0.9027755102040816,26.523955538520507,113.0,34.424,65.976,0.48975276512687055,0.8142548596112311,0,0.1540820237638942,1.0
4,steady,dbaps,0.8,15.24,544.0931959595961,0.061193529165097786,0.9333737373737374,27.393711165505554,114.0,34.384,66.624,0.4895477307050314,0.8143908421913328,0,0.1479947279231783,1.0
5,steady,dbaps,0.8,14.58,540.3806541666667,0.06064460851648352,0.8841666666666668,26.582766937075203,114.0,35.588,65.08,0.49222043381620295,0.7939431782703715,0,0.15391361543521156,1.0
6,steady,dbaps,0.8,15.16,543.715204040404,0.06174975881436149,0.9306262626262626,26.97170557973882,114.0,34.204,66.512,0.4912309060050109,0.8023664854493124,0,0.14384645825089037,1.0
7,steady,dbaps,0.8,13.88,541.4916040404041,0.06451405614587433,0.8894949494949494,26.505293902884265,113.0,33.964,65.78,0.4884175927375176,0.7911866359447005,0,0.1511500547645126,1.0
8,steady,dbaps,0.8,16.34,536.9772363636364,0.05089212998330645,0.8312727272727274,28.587614678899083,115.0,37.628,65.708,0.4918058997521784,0.7902225465158701,0,0.15619266055045872,1.0
9,steady,dbaps,0.8,15.608,539.0005050505051,0.05514230192465486,0.8607676767676767,29.845683208701562,116.0,36.888,65.156,0.4921190893169877,0.7847924659923264,0,0.17176523906639474,1.0
10,steady,dbaps,0.8,15.88,546.0578424242425,0.06095145573189949,0.9654545454545455,26.978517514999034,116.0,34.68,67.56,0.4896353457406567,0.8162514156285391,0,0.13876524095219664,1.0
11,steady,dbaps,0.8,17.224,543.6790585858587,0.05428863491169993,0.931030303030303,28.71741959472021,116.0,35.164,68.12,0.49058929892331715,0.8082808280828083,0,0.14277746793084217,1.0
12,steady,dbaps,0.8,14.436,540.9914060606061,0.06188412161549416,0.8879595959595958,26.154889071487265,113.0,35.144,65.684,0.4917135472099742,0.7974806201550387,0,0.14831552999178307,1.0
13,steady,dbaps,0.8,14.9,540.8463797979799,0.059779725938549466,0.8877171717171717,25.87314662273476,113.0,35.96,66.332,0.49057883629785953,0.7920858484238766,0,0.14476935749588138,1.0
14,steady,dbaps,0.8,13.908,539.7398020202022,0.06305360380360381,0.8776565656565656,27.573253833049403,113.0,37.084,66.112,0.4895793278474198,0.796735448105944,0,0.16098807495741055,1.0
15,steady,dbaps,0.8,13.772,538.8748686868687,0.06316085026085026,0.8692525252525253,28.054444444444446,113.0,39.34,67.284,0.49083227040816324,0.7743572395128552,0,0.166,1.0
16,steady,dbaps,0.8,14.44,544.5204049382718,0.0652730633563967,0.9424197530864197,26.920405209840812,113.0,27.672,54.744,0.4906079579882852,0.8117977528089888,0,0.15002411963338158,1.0
17,steady,dbaps,0.8,15.644,544.2956166666667,0.06032211134453782,0.9417083333333333,26.98994974874372,114.0,34.552,67.112,0.4902833661501584,0.7953730856956663,0,0.1474036850921273,1.0
18,steady,dbaps,0.8,15.428,541.9558787878789,0.05878301056433151,0.901090909090909,27.761982128350933,113.0,34.66,66.636,0.4905840286054827,0.7958925750394945,0,0.15800162469536963,1.0
19,steady,dbaps,0.8,15.776,542.5503555555557,0.05793226765971864,0.9152727272727272,26.989931534434152,114.0,35.336,67.3,0.49019764743538446,0.8118755352554953,0,0.14397905759162305,1.0
20,steady,dbaps,0.8,13.908,547.283983838384,0.07037586454939396,0.9753535353535354,24.819939917386407,113.0,32.384,67.832,0.49008271099333495,0.8311248942768537,0,0.12936537739391663,1.0
21,steady,dbaps,0.8,13.976,547.783995959596,0.0705056055056055,0.9846060606060605,26.800899044764936,114.0,32.28,67.516,0.4913806992105687,0.8098159509202454,0,0.14497096834613224,1.0
22,steady,dbaps,0.8,13.868,543.6318083333333,0.06705956196581196,0.9305416666666667,26.18282710280374,113.0,33.7,64.716,0.48963874553394204,0.7955947136563877,0,0.14641744548286603,1.0
23,steady,dbaps,0.8,15.12,544.2641125,0.06235482115923292,0.940875,27.81001442406759,115.0,33.32,64.436,0.49154965105524256,0.7934896744837242,0,0.1483618380383268,1.0
24,steady,dbaps,0.8,14.288,543.289684848485,0.06494777988895636,0.9266666666666667,27.88499587798846,114.0,34.616,66.268,0.4901410774688557,0.8052678307191476,0,0.15787304204451771,1.0
25,steady,dbaps,0.8,14.68,541.5514081632654,0.06154496336996337,0.9025714285714287,26.84138613861386,113.0,36.084,66.72,0.4905389221556886,0.7872868217054264,0,0.15445544554455445,1.0
26,steady,dbaps,0.8,16.22,543.9946585858587,0.05752092552175111,0.9323636363636363,26.283219438116934,114.0,33.688,67.568,0.49015867510621697,0.8197288722238246,0,0.1391419893697798,1.0
27,steady,dbaps,0.8,13.96,547.4472040404041,0.0700712306212306,0.9749898989898991,25.056935630099726,113.0,31.788,68.904,0.4887072307433002,0.8164556962025317,0,0.14233907524932005,1.0
28,steady,dbaps,0.8,13.92,539.4472484848485,0.0622669759533396,0.866060606060606,27.0004086636698,113.0,35.78,65.708,0.491023961784421,0.7785501489572989,0,0.16203514507560277,1.0
29,steady,dbaps,0.8,15.044,543.484,0.062155375343610646,0.9338989898989898,26.107492550021284,113.0,36.296,68.464,0.49110761849615353,0.8199936728883265,0,0.1417624521072797,1.0
30,steady,dbaps,0.8,13.556,542.8033913043479,0.0685354880200788,0.9262173913043479,28.068785197103782,113.0,33.044,60.628,0.489690311280949,0.7801818751959863,0,0.1582864038616251,1.0
31,steady,dbaps,0.8,13.808,541.2266828282828,0.06506115921115921,0.8964040404040404,27.691204793494542,113.0,35.992,66.096,0.4914408536117295,0.7736293306424487,0,0.16006847849347314,1.0
32,steady,dbaps,0.8,15.184,540.9061090909091,0.05893650946003887,0.8916363636363637,26.984329896907216,114.0,35.8,66.376,0.491880051363396,0.7798073729657921,0,0.151340206185567,1.0
33,steady,dbaps,0.8,15.176,545.9761414141415,0.06398583127112538,0.9703434343434344,26.028865563181267,113.0,35.212,68.888,0.4924574986032405,0.7941933112826167,0,0.1322163907953169,1.0
34,steady,dbaps,0.8,14.176,538.9528484848486,0.061294457394457394,0.8658585858585858,27.976635514018692,114.0,36.172,64.348,0.4920061058889692,0.7771249510379945,0,0.1590909090909091,1.0
35,steady,dbaps,0.8,18.304,536.40058989899,0.044604019406805785,0.8159191919191919,29.532233223322333,115.80000000000018,36.976,66.2,0.4898778359511344,0.7913978494623656,0,0.15775577557755777,1.0
36,steady,dbaps,0.8,15.556,538.9711208333333,0.05519174204403984,0.8577916666666666,29.300084352593842,115.0,34.312,62.996,0.4904211757823925,0.8010632344711808,0,0.1674398987768874,1.0
37,steady,dbaps,0.8,16.048,545.1273389473685,0.059520430903805516,0.954063157894737,27.27438653417157,115.0,33.696,64.812,0.49116321009918845,0.7951127819548872,0,0.13425268708172786,1.0
38,steady,dbaps,0.8,13.788,541.8579030303031,0.0655310013219104,0.9059797979797979,28.00971475816453,114.0,35.032,65.196,0.4897414384867668,0.8087931543228091,0,0.15915667631252584,1.0
39,steady,dbaps,0.8,14.408,541.161701010101,0.062121152377034736,0.8931717171717172,27.61680458306811,113.0,35.336,66.42,0.4919401504505249,0.8046305106248017,0,0.16061956291109697,1.0
40,steady,dbaps,0.8,13.984,545.434492929293,0.06872472712472714,0.9587878787878787,28.047551020408164,114.0,35.072,67.268,0.49108630456514496,0.8022181146025879,0,0.1536734693877551,1.0
41,steady,dbaps,0.8,14.504,541.701793939394,0.06186446886446886,0.8962828282828281,27.967590077856237,113.0,33.78,64.804,0.491345397324941,0.78419452887538,0,0.15535035306898426,1.0
42,steady,dbaps,0.8,14.02,543.6572565656567,0.06639237532125233,0.928040404040404,28.866001734605376,114.0,34.556,66.072,0.4909885308574549,0.7882500785422557,0,0.1676062445793582,1.0
43,steady,dbaps,0.8,13.812,541.9366778947368,0.06582751564225248,0.904,26.260802127188125,113.0,33.736,63.212,0.490484555701947,0.8055721989215099,0,0.15444272102814094,1.0
44,steady,dbaps,0.8,15.012,539.9968444444445,0.05865940725940726,0.8797575757575757,29.366011660548477,115.0,37.368,66.532,0.49177866206171633,0.7771141150581579,0,0.16886201684301447,1.0
45,steady,dbaps,0.8,13.628,542.4774262626263,0.06741583601583602,0.9175353535353535,26.72090138515609,113.0,35.248,65.628,0.4917326770745213,0.7947947947947948,0,0.15009303287161463,1.0
46,steady,dbaps,0.8,15.088,543.8708653061225,0.061768254884371335,0.9330612244897959,29.035650974985227,114.0,33.46,66.036,0.49003252981900075,0.804044431785816,0,0.1642702383297223,1.0
47,steady,dbaps,0.8,15.004,540.5142181818183,0.05890170450464568,0.8784242424242424,26.399725004910625,114.0,35.868,67.248,0.4906724511930586,0.8149863760217984,0,0.14594382243174228,1.0
48,steady,dbaps,0.8,14.364,542.4889714285715,0.06310610101183332,0.9051428571428571,24.252525252525253,113.0,33.804,66.444,0.49101059026352517,0.8234407954203073,0,0.12254621688583953,1.0
49,steady,dbaps,0.8,14.444,538.9322343434344,0.05972867132867132,0.8618989898989899,26.56488715277778,113.0,37.48,66.08,0.49211017070721563,0.8001962066710269,0,0.14778645833333334,1.0
0,steady,ewma,0.8,15.096,540.0430775510205,0.0588143628243663,0.8820816326530612,23.114305427782888,113.0,36.64,65.032,0.4901143852738429,0.8489603766182817,0,0.10970561177552898,1.0
1,steady,ewma,0.8,14.9,550.7884525252526,0.06920086482145306,1.0284444444444443,21.83345935727788,114.0,32.332,70.052,0.48711270767849124,0.8773675762439808,0,0.08468809073724008,1.0
2,steady,ewma,0.8,15.896,545.2760727272728,0.05989228512954003,0.9505454545454545,23.112126245847175,114.0,34.228,68.652,0.48770053475935826,0.8746365105008077,0,0.09987541528239202,1.0
3,steady,ewma,0.8,14.42,543.9850285714288,0.06483334993337994,0.9340816326530612,20.860674587964738,112.0,34.508,67.62,0.4867961322824409,0.8827511508258868,0,0.09582215408202377,1.0
4,steady,ewma,0.8,14.924,546.2962868686869,0.0650006919006919,0.965979797979798,21.876106194690266,112.0,34.152,68.164,0.48748510131108463,0.8824010914051842,0,0.09169647900583694,1.0
5,steady,ewma,0.8,14.732,542.1825708333334,0.06201999367054514,0.911125,21.380399035299277,112.0,35.42,66.368,0.48825105243015693,0.8634222919937206,0,0.09997807498355624,1.0
6,steady,ewma,0.8,15.368,545.5836484848485,0.0626196954213466,0.9591111111111111,21.867233874159083,113.0,34.248,67.98,0.4874878915079109,0.8711439588688946,0,0.09101701622477246,1.0
7,steady,ewma,0.8,13.528,543.6969454545455,0.06850201835201836,0.924,20.350492880613363,112.0,34.248,67.728,0.48584831899921815,0.86878612716763,0,0.09309967141292443,1.0
8,steady,ewma,0.8,16.516,538.8975878787879,0.05232701281824089,0.861090909090909,23.15711009174312,114.0,37.776,67.34,0.48876988250339704,0.8623585250091275,0,0.10160550458715596,1.0
9,steady,ewma,0.8,15.824,540.9563232323233,0.056145088172539145,0.887959595959596,24.101744844776796,114.0,36.272,66.304,0.48904443091905053,0.8564425770308123,0,0.1114887831407206,1.0
10,steady,ewma,0.8,16.044,547.5680484848485,0.06167881505605965,0.9879191919191919,22.669247145345462,114.0,34.572,68.668,0.48624338624338626,0.8738636363636364,0,0.09521966324753242,1.0
11,steady,ewma,0.8,16.548,545.3818141414141,0.05770745225611067,0.9532929292929293,22.882134225692507,114.0,33.988,68.632,0.48715212215745834,0.8755649291955409,0,0.0922104480386689,1.0
12,steady,ewma,0.8,13.884,542.8582828282829,0.06601246777913446,0.9156363636363636,20.840797041906328,111.0,35.0,67.044,0.4887960501329282,0.86645056726094,0,0.09408381265406737,1.0
13,steady,ewma,0.8,15.02,542.7755676767677,0.06125838779956427,0.9176969696969698,21.042627677100494,112.0,36.208,68.028,0.487986743993372,0.8644466868483014,0,0.09163920922570017,1.0
14,steady,ewma,0.8,13.996,541.8484767676769,0.06507596107596109,0.9101010101010102,21.539182282793867,112.0,37.168,67.792,0.4865903327441789,0.8714859437751004,0,0.10072402044293015,1.0
15,steady,ewma,0.8,13.984,540.7319757575758,0.06436476150112513,0.8941010101010101,22.159777777777776,112.0,38.356,68.06,0.48645634161886553,0.8541383989145184,0,0.10577777777777778,1.0
16,steady,ewma,0.8,14.404,546.7525679012346,0.06778011124677792,0.9754074074074074,21.310178485287025,113.0,27.468,56.016,0.48803634528016154,0.8797891036906854,0,0.09358417752050169,1.0
17,steady,ewma,0.8,15.528,546.0057583333335,0.06225280646981014,0.9649166666666666,21.761934673366834,113.0,33.736,67.872,0.4875170998632011,0.8680419122462344,0,0.09526800670016751,1.0
18,steady,ewma,0.8,15.892,544.295393939394,0.05911658842247078,0.9375353535353536,22.224614134849716,113.0,34.864,68.584,0.48781068847772574,0.8694963573012353,0,0.09748172217709179,1.0
19,steady,ewma,0.8,16.132,544.458888888889,0.058489321317752696,0.9435959595959595,22.164317358034637,113.0,35.168,68.668,0.48665067945643486,0.8782234957020058,0,0.09262988320579943,1.0
20,steady,ewma,0.8,14.068,549.3023595959595,0.0717389184889185,1.0078787878787878,20.234509951182876,112.0,32.92,69.728,0.4872000642003049,0.8909296411415654,0,0.08261359369132558,1.0
21,steady,ewma,0.8,14.22,549.4773292929294,0.07106252821252822,1.0094545454545456,21.628207529499907,113.0,32.044,68.672,0.48782252230528095,0.8783366114076988,0,0.09084098145720172,1.0
22,steady,ewma,0.8,14.308,545.0775208333334,0.06637610462454212,0.9496666666666667,21.718068535825545,112.0,32.924,65.288,0.4863084371775538,0.8679800058806233,0,0.09598909657320873,1.0
23,steady,ewma,0.8,15.436,546.8051791666667,0.06373675303454715,0.9839166666666668,22.748815165876778,114.0,34.548,67.152,0.48823727104688286,0.8665730337078652,0,0.09169585823202143,1.0
24,steady,ewma,0.8,14.556,545.7318060606061,0.06650686949216361,0.9647272727272728,22.91941467436109,113.0,34.84,68.28,0.48655115511551156,0.8701183431952663,0,0.1042868920032976,1.0
25,steady,ewma,0.8,15.116,543.4280122448981,0.06163569372804066,0.9301632653061224,21.513663366336633,112.0,35.788,67.984,0.4874431954077972,0.862488306828812,0,0.09900990099009901,1.0
26,steady,ewma,0.8,16.304,546.0866141414142,0.059223255330840475,0.9642020202020201,21.162680334092634,112.0,33.584,69.116,0.4865309657860546,0.8848046309696093,0,0.08731966590736523,1.0
27,steady,ewma,0.8,14.428,549.6284080808081,0.07008548989137223,1.0073535353535354,20.190027198549412,112.0,31.648,70.564,0.4858538228359717,0.8813465783664459,0,0.08975521305530372,1.0
28,steady,ewma,0.8,14.044,541.300193939394,0.06385665445665445,0.8934141414141413,21.657744176542707,112.0,35.54,67.012,0.48752118317670623,0.8518886679920478,0,0.10686554965263588,1.0
29,steady,ewma,0.8,15.368,545.3402222222222,0.06263211429093782,0.9615757575757578,21.19859514687101,112.0,36.052,69.72,0.4887180758740392,0.8844811171056808,0,0.0885483184333759,1.0
30,steady,ewma,0.8,13.492,545.1563086956522,0.07166481148859666,0.963,22.19750603378922,112.0,33.332,62.464,0.4862414506123747,0.8589420654911839,0,0.09835076427996782,1.0
31,steady,ewma,0.8,13.56,543.4000080808081,0.06866137936137937,0.9294141414141414,21.588273057992723,112.0,36.148,67.916,0.4876159803696036,0.8540047313281514,0,0.1010057778728868,1.0
32,steady,ewma,0.8,15.128,542.9710343434346,0.061194483004286926,0.9232727272727272,21.509072164948453,112.0,35.772,67.952,0.4883422621293292,0.8568568568568569,0,0.0977319587628866,1.0
33,steady,ewma,0.8,15.396,547.3069292929293,0.06425872261362457,0.9880404040404039,21.762414210738797,112.0,34.468,69.392,0.4891174360200909,0.8622090875507943,0,0.08922083165119096,1.0
34,steady,ewma,0.8,14.24,541.4040242424243,0.06372029082029082,0.9055757575757575,22.185641461342396,113.0,36.86,66.692,0.4894863563402889,0.8551181102362204,0,0.10046728971962617,1.0
35,steady,ewma,0.8,18.92,538.3928606060606,0.0448287817709527,0.8454141414141415,24.126072607260728,114.0,36.88,67.868,0.48744113029827313,0.8642241379310345,0,0.1001100110011001,1.0
36,steady,ewma,0.8,15.82,541.0094875000001,0.056287345616665464,0.8887083333333332,23.605440742302825,114.0,34.228,64.496,0.48640748319204913,0.8726864834548513,0,0.10818220160269928,1.0
37,steady,ewma,0.8,16.556,547.4178273684212,0.06009421162257075,0.992,22.846075846684244,113.0,34.58,67.092,0.4882045741040879,0.8604387291981845,0,0.08720340701683228,1.0
38,steady,ewma,0.8,13.62,544.6083191919191,0.06984496984496984,0.9505858585858585,21.647995039272427,112.0,35.84,67.852,0.48685313619388765,0.8757028706717964,0,0.09818106655642828,1.0
39,steady,ewma,0.8,14.556,543.3254626262627,0.06386371852548324,0.9266666666666667,22.07362614046255,112.0,35.444,68.196,0.4880686978779622,0.8690665817139216,0,0.1039677487799703,1.0
40,steady,ewma,0.8,13.944,547.5414343434344,0.07117718560900378,0.9898181818181817,22.457755102040817,113.0,34.788,68.68,0.4870983852172465,0.8714462299134734,0,0.09693877551020408,1.0
41,steady,ewma,0.8,14.864,543.8346303030304,0.06248815998815999,0.928,22.575592974832517,113.0,33.536,66.284,0.4872681546683433,0.8608058608058609,0,0.09994568169473113,1.0
42,steady,ewma,0.8,14.368,546.1558141414141,0.06752845520492579,0.9680808080808081,23.10884648742411,113.0,35.152,68.392,0.4864759529191675,0.8593503626616209,0,0.10711188204683435,1.0
43,steady,ewma,0.8,14.004,543.8251115789474,0.06711922157306059,0.932,20.86594283181919,111.0,33.56,64.48,0.4889116592256459,0.874737788432724,0,0.10015510746731664,1.0
44,steady,ewma,0.8,14.644,541.769090909091,0.061886907962309036,0.9034747474747474,23.28589937378536,113.0,36.204,67.052,0.4888255587220639,0.8524952621604548,0,0.10926365795724466,1.0
45,steady,ewma,0.8,13.66,544.6174383838385,0.06957955007955008,0.9506262626262626,21.65391771759355,112.0,35.404,67.356,0.48857955856340846,0.8635301968635302,0,0.09716766590862104,1.0
46,steady,ewma,0.8,15.896,546.3775591836735,0.06102159072998778,0.9708163265306123,23.51703762064211,114.0,33.368,67.912,0.4865427881009916,0.87710774507002,0,0.10202875714004334,1.0
47,steady,ewma,0.8,15.444,542.5381292929293,0.05903279835632778,0.9094141414141415,21.428206639167158,113.0,35.908,68.912,0.4877132119109569,0.8790938864628821,0,0.09330190532311923,1.0
48,steady,ewma,0.8,14.892,544.3350081632655,0.0627678414222832,0.933795918367347,20.267962645321134,112.0,33.824,67.836,0.48830529339351664,0.8832579185520362,0,0.07966457023060797,1.0
49,steady,ewma,0.8,14.548,540.7863676767678,0.061199666999667,0.8896565656565657,20.745442708333332,112.0,37.372,67.46,0.48968333572145006,0.8731097961867192,0,0.08897569444444445,1.0
0,steady,dbaps,0.9,14.16,532.8810775510206,0.0534671190853964,0.7725714285714286,42.34107635694572,116.0,36.4,59.312,0.49714937286202965,0.6169556840077072,0,0.3033578656853726,1.0
1,steady,dbaps,0.9,14.048,542.9723717171718,0.06481868558258932,0.9127676767676767,39.242911153119096,116.0,33.272,64.664,0.49436886205964503,0.6464614408124405,0,0.2650283553875236,1.0
2,steady,dbaps,0.9,15.044,537.640488888889,0.05569386724386725,0.8366464646464646,42.47487541528239,115.0,35.14,63.336,0.49464050131926124,0.6422165278667521,0,0.29941860465116277,1.0
3,steady,dbaps,0.9,14.252,536.6142122448981,0.057853913433505266,0.8226938775510204,40.66788041395171,114.0,34.856,62.088,0.49364199543527876,0.6460342979635584,0,0.2972403219624377,1.0
4,steady,dbaps,0.9,14.236,538.7014747474748,0.06003181633181633,0.8527676767676767,40.34061382037281,114.0,34.704,62.74,0.493546845124283,0.6573823688480259,0,0.2833741291658821,1.0
5,steady,dbaps,0.9,14.568,535.79135,0.055262529290562384,0.8139583333333332,38.10436307827231,115.0,35.708,61.652,0.4956995853171556,0.6397149938042132,0,0.27011620258715197,1.0
6,steady,dbaps,0.9,15.392,538.7641575757576,0.055178984796115854,0.8574141414141414,39.6806489908983,119.0,34.784,63.1,0.4931174089068826,0.6368253968253968,0,0.2702809655718243,1.0
7,steady,dbaps,0.9,12.672,536.7090747474749,0.06407641449459632,0.8184242424242424,39.388097845929174,113.0,34.436,62.292,0.49474427361154694,0.6193603655054255,0,0.28933917488134353,1.0
8,steady,dbaps,0.9,16.3,533.21178989899,0.048178131571062426,0.7747070707070707,40.53073394495413,117.0,38.008,62.968,0.4946684839252786,0.6348577601728485,0,0.27522935779816515,1.0
9,steady,dbaps,0.9,14.82,534.0886626262626,0.05342659147706526,0.7871515151515153,44.12145932472241,118.0,37.516,61.836,0.49649229830715264,0.6101871101871101,0,0.31316564695218674,1.0
10,steady,dbaps,0.9,15.676,540.5843111111112,0.05611643276839355,0.8837575757575757,40.37294368105284,117.0,35.032,63.58,0.49371116835884227,0.6416103603603603,0,0.2742403715889297,1.0
11,steady,dbaps,0.9,16.44,538.6503878787879,0.05211041790453555,0.8562020202020202,40.12939208031233,116.0,35.752,64.612,0.49386780805004526,0.6466726350343182,0,0.2649191299498048,1.0
12,steady,dbaps,0.9,13.516,537.5126343434343,0.06211674251674252,0.8383030303030302,37.03471651602301,113.0,36.148,63.632,0.4948948491313624,0.6372360844529751,0,0.25986031224322104,1.0
13,steady,dbaps,0.9,14.392,536.1418101010102,0.05688413623413623,0.8166464646464646,38.31342668863262,115.0,36.22,62.836,0.49376841151144346,0.6197276652274992,0,0.26935749588138386,1.0
14,steady,dbaps,0.9,13.508,534.8638222222222,0.0594386024749661,0.8050101010101011,41.1394804088586,114.0,37.676,62.716,0.49525865392028373,0.6251906068923452,0,0.30132027257240207,1.0
15,steady,dbaps,0.9,12.792,534.6058828282829,0.06306068006068007,0.8054949494949495,38.42622222222222,113.0,39.868,64.332,0.4946047478219167,0.6219471395115423,0,0.2793333333333333,1.0
16,steady,dbaps,0.9,13.648,539.1937481481482,0.06319122688011578,0.862320987654321,39.20212252773758,113.0,27.992,51.624,0.49484014569000406,0.6489881367759944,0,0.27978774722624217,1.0
17,steady,dbaps,0.9,14.536,537.6894291666669,0.057132184298544594,0.839375,40.640075376884425,116.0,34.148,61.776,0.49433962264150944,0.6220064724919094,0,0.29020100502512564,1.0
18,steady,dbaps,0.9,14.972,536.4012242424244,0.05444709919709919,0.8174141414141414,42.368196588139725,115.0,34.896,62.42,0.49530030269236897,0.6167083854818524,0,0.30564581640942323,1.0
19,steady,dbaps,0.9,15.568,538.1131232323232,0.054806209150326794,0.8520808080808081,38.93173580346355,114.0,36.8,64.856,0.4929882202099527,0.6472593013348481,0,0.2684252919855014,1.0
20,steady,dbaps,0.9,13.592,542.3456888888891,0.06671124431124431,0.9048484848484849,36.87138565527601,114.0,33.716,64.94,0.49171226263276474,0.6777715565509519,0,0.251971460758543,1.0
21,steady,dbaps,0.9,13.952,543.4648808080809,0.06592520812520813,0.9196363636363637,38.64113129799588,114.0,32.492,64.324,0.494955202195496,0.6687898089171974,0,0.26578010863457574,1.0
22,steady,dbaps,0.9,13.54,538.1868666666667,0.06250735080891331,0.8475833333333332,39.1756230529595,114.0,33.668,60.588,0.4941860465116279,0.6297909407665505,0,0.2774532710280374,1.0
23,steady,dbaps,0.9,14.456,540.2958958333335,0.0603310639013764,0.885125,40.40984957758088,116.0,34.612,62.32,0.49582806573957017,0.6287694974003466,0,0.272408819287039,1.0
24,steady,dbaps,0.9,13.984,538.2298343434344,0.06093493358493359,0.8513939393939393,40.365828524319866,114.0,35.136,62.744,0.49491525423728816,0.6552129221732746,0,0.2877164056059357,1.0
25,steady,dbaps,0.9,14.604,535.9637836734695,0.056007309187411224,0.8156326530612246,41.21861386138614,114.0,35.6,62.1,0.49584465398753397,0.6189740420271941,0,0.2968316831683168,1.0
26,steady,dbaps,0.9,15.456,539.1362828282829,0.055863936753152446,0.8622626262626262,38.634396355353076,114.0,34.98,64.676,0.4921475054229935,0.6566906474820143,0,0.26841305998481396,1.0
27,steady,dbaps,0.9,13.66,542.3214505050506,0.06531398904126177,0.8999191919191919,37.1622846781505,115.0,32.664,65.476,0.49252596909044843,0.6501776441650724,0,0.26636446056210333,1.0
28,steady,dbaps,0.9,13.32,535.2329777777778,0.06002206564479292,0.8035151515151515,38.6636697997548,114.0,36.372,62.756,0.4965996908809892,0.6330065359477124,0,0.2811606048222313,1.0
29,steady,dbaps,0.9,14.58,538.4188,0.058580389545095424,0.8562020202020203,39.09131545338442,114.0,36.328,64.524,0.49361631570220527,0.6656210790464241,0,0.27330779054916987,1.0
30,steady,dbaps,0.9,12.932,538.6285304347826,0.0669532568880395,0.8649565217391305,39.916934835076425,113.0,33.584,58.08,0.49548830152519363,0.6228695382708398,0,0.27936444086886564,1.0
31,steady,dbaps,0.9,12.764,536.9627313131313,0.0655201835201835,0.8346666666666668,39.20543548041943,113.0,37.22,63.716,0.4958467928011075,0.6044029352901935,0,0.2833297667451316,1.0
32,steady,dbaps,0.9,14.224,536.3177616161616,0.05789176749176749,0.821858585858586,38.53835051546392,113.0,36.072,63.008,0.49564558879212417,0.6206896551724138,0,0.27463917525773196,1.0
33,steady,dbaps,0.9,14.648,541.4755434343435,0.06182268591974474,0.9025050505050506,36.74707307226484,114.0,35.424,65.636,0.49460819554277496,0.6400585865983156,0,0.24364150181671376,1.0
34,steady,dbaps,0.9,13.448,534.883204040404,0.06007835867835868,0.8066262626262626,39.80267629566695,113.0,36.988,61.728,0.4961782927025505,0.6164916374951381,0,0.28398470688190314,1.0
35,steady,dbaps,0.9,17.656,531.6616686868688,0.04296231917694368,0.7458181818181817,42.375137513751376,119.0,38.016,62.972,0.4944046161916419,0.631578947368421,0,0.2866886688668867,1.0
36,steady,dbaps,0.9,15.432,534.4508916666667,0.051246565709617185,0.79,43.499789118515395,115.0,34.592,59.672,0.49435152582159625,0.6379215035931454,0,0.3099957823703079,1.0
37,steady,dbaps,0.9,15.244,539.5709263157896,0.056878770469658536,0.8706105263157895,40.329953356317176,117.0,33.928,60.876,0.4953034682080925,0.6288274831964152,0,0.2664773879537619,1.0
38,steady,dbaps,0.9,13.812,535.915595959596,0.05869571724571725,0.8155555555555556,42.97478296816867,115.0,35.04,60.664,0.49381301558203483,0.6384976525821596,0,0.3085985944605209,1.0
39,steady,dbaps,0.9,14.476,536.8253737373739,0.05692525807525807,0.8308686868686869,39.93380012730745,114.0,36.588,63.876,0.4943233612331151,0.6506440464970153,0,0.2811372798642054,1.0
40,steady,dbaps,0.9,13.708,540.4552121212122,0.06400817330817331,0.8816969696969698,40.41591836734694,114.0,34.572,63.136,0.49289297658862874,0.6656534954407295,0,0.2795918367346939,1.0
41,steady,dbaps,0.9,14.144,536.7029252525252,0.05759861064861065,0.8194343434343434,40.04598949846098,114.0,33.66,60.924,0.49593944650319327,0.6346095869761833,0,0.27829078399420604,1.0
42,steady,dbaps,0.9,13.808,538.7894585858586,0.06258320780032009,0.8586666666666667,41.99241110147442,115.0,35.832,63.188,0.49511451575080123,0.6189585282195198,0,0.3046400693842151,1.0
43,steady,dbaps,0.9,13.34,537.6227915789475,0.06348218062639116,0.8424842105263158,38.59583425659207,114.39999999999964,34.896,60.836,0.49332453051643194,0.6517220902612827,0,0.27897185907378685,1.0
44,steady,dbaps,0.9,13.532,534.7167191919192,0.059071515689697505,0.7995959595959596,41.8091125026992,115.0,37.368,62.344,0.49654031287605294,0.6226591760299626,0,0.3023105160872382,1.0
45,steady,dbaps,0.9,13.832,538.2184323232324,0.06208156288156288,0.8557171717171717,38.36241471986769,113.0,36.108,62.972,0.49472305677528694,0.6386220602848626,0,0.26752119082075665,1.0
46,steady,dbaps,0.9,14.74,539.1839346938776,0.058616874771886776,0.8664897959183674,41.80500295450069,114.0,34.948,63.38,0.49297776291590034,0.6475409836065574,0,0.2954500689383494,1.0
47,steady,dbaps,0.9,14.324,535.7318141414141,0.05628154002859886,0.807030303030303,38.755843645649186,116.0,36.312,63.68,0.4939514668598334,0.6568335588633288,0,0.27283441367118444,1.0
48,steady,dbaps,0.9,14.728,538.1502489795919,0.05752033527696793,0.8448979591836735,35.56946826758148,114.0,35.932,64.656,0.4918181070635638,0.6690625935908955,0,0.23518200876691442,1.0
49,steady,dbaps,0.9,14.152,534.6953050505051,0.05662880267880268,0.7984242424242424,39.341579861111114,113.0,37.836,63.02,0.4949320681475092,0.6364519261897054,0,0.2790798611111111,1.0
0,steady,ewma,0.9,15.384,538.1243346938776,0.05599168495622656,0.8559591836734693,30.2155013799448,114.0,37.536,64.16,0.4882750246641876,0.759813447337738,0,0.17732290708371665,1.0
1,steady,ewma,0.9,14.792,548.6448888888889,0.06757523043405396,0.9981010101010102,27.306616257088848,114.0,32.928,68.784,0.4832763891386441,0.7982736572890026,0,0.13950850661625708,1.0
2,steady,ewma,0.9,15.616,543.6902747474749,0.05968805656942912,0.9301010101010102,28.41985049833887,115.0,35.368,68.156,0.4839107892354539,0.8009035172636334,0,0.1555232558139535,1.0
3,steady,ewma,0.9,14.372,541.7260734693879,0.0627488450325185,0.9011428571428571,27.290149482560366,113.0,34.976,66.192,0.48206296266167736,0.8071216617210683,0,0.16155615178229207,1.0
4,steady,ewma,0.9,14.116,544.5228000000001,0.06679613719613721,0.9425858585858586,27.294671436640932,114.0,35.152,67.46,0.48290394402035625,0.8070223189983668,0,0.15063076633402372,1.0
5,steady,ewma,0.9,14.584,540.4931166666667,0.060915518723515055,0.8878333333333334,26.754439815829862,113.0,36.184,65.592,0.4858215818516248,0.7904434728294816,0,0.15457136592852444,1.0
6,steady,ewma,0.9,15.032,543.6741696969698,0.061998075889252345,0.9299393939393938,27.37554412346656,114.0,34.256,66.516,0.48318784351762045,0.795076726342711,0,0.148397309062129,1.0
7,steady,ewma,0.9,13.328,542.0216484848486,0.06766916198279836,0.9006868686868688,25.757393209200437,113.0,35.068,67.004,0.48012519561815337,0.7904899135446686,0,0.14768163563344286,1.0
8,steady,ewma,0.9,16.652,536.8170787878788,0.05004510603107094,0.8292929292929293,29.45321100917431,115.0,37.66,65.536,0.485170677112479,0.7873039036847865,0,0.16261467889908257,1.0
9,steady,ewma,0.9,15.328,539.4606868686869,0.056670931864069116,0.8705050505050504,30.011783367323815,115.0,37.912,66.28,0.48533333333333334,0.7746086956521739,0,0.17221844550192614,1.0
10,steady,ewma,0.9,15.74,545.7304202020204,0.06150542154210885,0.960121212121212,27.357847880781886,115.0,34.616,67.276,0.4820443033189688,0.8106727221118365,0,0.14379717437584671,1.0
11,steady,ewma,0.9,16.648,543.4587111111111,0.05581790736496619,0.9281212121212121,28.55140360661833,115.0,35.412,68.152,0.48380999342537806,0.7989195678271308,0,0.14761108012641755,1.0
12,steady,ewma,0.9,14.764,541.64538989899,0.06130245201421672,0.9010505050505051,26.14811010682005,113.64999999999964,36.104,66.832,0.48567520328292424,0.7929472662568748,0,0.14461791290057519,1.0
13,steady,ewma,0.9,14.492,540.6813010101012,0.06109063289651524,0.884969696969697,26.55848434925865,113.0,35.952,66.208,0.4841263856421084,0.7875543660086985,0,0.14909390444810544,1.0
14,steady,ewma,0.9,13.9,540.0405212121212,0.06358682080446786,0.8839191919191919,27.39182282793867,113.0,37.564,66.664,0.48222803508232037,0.794280442804428,0,0.16034923339011925,1.0
15,steady,ewma,0.9,13.728,538.8982343434344,0.0634558978058978,0.870020202020202,27.588,113.0,39.5,67.4,0.4838478104809763,0.7789402632467094,0,0.1608888888888889,1.0
16,steady,ewma,0.9,14.556,544.800212345679,0.06533062398748674,0.9492345679012345,27.54003859141341,114.0,28.248,55.284,0.48347984237647773,0.8016123378899405,0,0.15460684997588037,1.0
17,steady,ewma,0.9,15.588,543.9040666666666,0.060039792556980054,0.9355,27.400753768844222,114.0,34.544,66.816,0.4822070145423439,0.7866013071895425,0,0.15431323283082077,1.0
18,steady,ewma,0.9,15.588,542.515696969697,0.058734433032472236,0.9138989898989899,27.435418359057678,114.0,35.932,67.936,0.4832326764144946,0.7902716361339229,0,0.1533306255077173,1.0
19,steady,ewma,0.9,15.984,542.6245131313133,0.05741203868752889,0.918141414141414,27.56725734997986,114.0,35.892,67.752,0.48240563019833654,0.8060640732265446,0,0.1482078131292791,1.0
20,steady,ewma,0.9,13.78,547.7078101010102,0.071607220121926,0.9856161616161616,24.59819752159219,112.0,33.492,68.896,0.4816926288742573,0.8285391990975748,0,0.1286143447239955,1.0
21,steady,ewma,0.9,14.388,547.9162585858586,0.06911094091094092,0.9877979797979797,27.07585690204158,113.0,32.636,67.876,0.48380860318994684,0.8089793641940881,0,0.14646937628769433,1.0
22,steady,ewma,0.9,13.8,543.5531125,0.06758397401209902,0.9311666666666667,26.691783489096572,113.0,34.28,65.052,0.48102572245157194,0.7893654524089306,0,0.14972741433021808,1.0
23,steady,ewma,0.9,15.708,545.1511916666667,0.06121247860255213,0.9604583333333334,28.279002678755408,115.0,35.032,66.24,0.48470073974445194,0.7817098808689559,0,0.14712548938800743,1.0
24,steady,ewma,0.9,14.148,543.6229292929294,0.06603078033078033,0.9338989898989898,27.939406430338003,113.0,35.24,66.94,0.48220331984474357,0.8009436744323208,0,0.1586974443528442,1.0
25,steady,ewma,0.9,15.044,541.4833510204083,0.0599446749029282,0.901795918367347,27.414653465346536,113.0,36.204,66.768,0.48332269390360677,0.785891858297079,0,0.15603960396039604,1.0
26,steady,ewma,0.9,16.208,544.1269818181819,0.057823073876015055,0.9376969696969697,26.494495064540622,114.0,34.68,68.336,0.48179927197087885,0.8131138070479491,0,0.14085041761579348,1.0
27,steady,ewma,0.9,14.16,547.9077171717172,0.07008717556952851,0.9852525252525252,25.07760652765186,113.0,32.684,69.852,0.47977755308392317,0.8102973568281938,0,0.1417951042611061,1.0
28,steady,ewma,0.9,13.948,539.559187878788,0.06245604950604951,0.8697373737373737,27.36534532080098,113.0,36.412,66.232,0.4846147913935374,0.771513353115727,0,0.1644871270944013,1.0
29,steady,ewma,0.9,14.76,543.6372888888889,0.06367385446797212,0.938060606060606,26.041081311196255,113.0,36.848,68.948,0.48456253621388956,0.8122436099715998,0,0.14346530438484462,1.0
30,steady,ewma,0.9,13.508,543.1830347826087,0.06939096085074345,0.9339130434782609,27.72184231697506,113.0,33.544,61.232,0.48276685505054523,0.7831816755569501,0,0.15345937248592115,1.0
31,steady,ewma,0.9,13.3,540.9055757575758,0.06715850950396406,0.8915555555555555,27.76481917397817,113.0,36.028,65.868,0.4854205033763045,0.7678571428571429,0,0.16392039375133746,1.0
32,steady,ewma,0.9,15.076,540.811903030303,0.059245753338890594,0.8911111111111111,27.361649484536084,113.0,35.968,66.36,0.4859798956994936,0.7777409738323948,0,0.15690721649484535,1.0
33,steady,ewma,0.9,15.292,545.8728121212122,0.0635755686579216,0.9704646464646466,26.246063786838917,113.0,35.688,69.132,0.48616096354789823,0.7847401400663472,0,0.1364553895841744,1.0
34,steady,ewma,0.9,14.26,539.7635474747475,0.06204237799237799,0.8832323232323234,27.419498725573494,113.0,37.64,65.968,0.48646695044574734,0.7771675166732052,0,0.15123194562446898,1.0
35,steady,ewma,0.9,18.976,536.609288888889,0.04343444414931891,0.8213333333333332,29.97051705170517,117.0,38.124,67.296,0.4826713225665648,0.786046511627907,0,0.1581958195819582,1.0
36,steady,ewma,0.9,15.84,539.1391708333334,0.05438355324585975,0.8607916666666667,29.842682412484184,115.0,34.52,63.292,0.4825543120473996,0.7977088572226879,0,0.16828342471531,1.0
37,steady,ewma,0.9,16.316,544.9693010526315,0.05865782168567405,0.954021052631579,28.18272155749341,115.0,34.372,65.152,0.4844580592846202,0.7785741229724632,0,0.14216183329953355,1.0
38,steady,ewma,0.9,13.52,542.4703272727273,0.06826805147714239,0.9197979797979798,27.66907813145928,114.0,36.328,66.544,0.4831006332494087,0.8040082522841143,0,0.15812319140140554,1.0
39,steady,ewma,0.9,14.316,541.5001616161617,0.06304022644022644,0.9006868686868688,27.447910036070443,113.0,36.056,67.192,0.4855820870858465,0.7991738163330155,0,0.1593464884362402,1.0
40,steady,ewma,0.9,13.8,545.803402020202,0.07012805712805713,0.9655353535353536,27.66877551020408,113.0,35.4,67.768,0.484,0.8015384615384615,0,0.1510204081632653,1.0
41,steady,ewma,0.9,14.544,542.1193898989899,0.062510121468945,0.9061010101010101,28.17997465145754,113.0,34.832,65.844,0.48398268398268396,0.7723823975720789,0,0.15661778019192468,1.0
42,steady,ewma,0.9,13.66,543.9171717171718,0.06862495282495283,0.9365252525252525,29.272983521248914,113.0,35.864,67.16,0.48311627544256414,0.7740006295247088,0,0.17367736339982653,1.0
43,steady,ewma,0.9,13.7,542.2138021052631,0.06702292744407297,0.909978947368421,26.24307555949479,113.0,34.232,63.76,0.48456858001612785,0.8035129502828222,0,0.15621537779747396,1.0
44,steady,ewma,0.9,14.716,539.6386464646465,0.059388114935173764,0.8725252525252527,29.00755776290218,114.0,36.944,65.964,0.4855148604022816,0.7795969773299748,0,0.16886201684301447,1.0
45,steady,ewma,0.9,13.696,542.7468121212121,0.06762430162430161,0.925010101010101,26.911928881538145,113.0,36.208,66.48,0.48465974625144176,0.7856427378964942,0,0.15278064916270415,1.0
46,steady,ewma,0.9,15.064,544.5332081632654,0.06301208593327441,0.9470204081632653,28.569627732913137,114.0,34.524,67.26,0.4820161896019361,0.8049473983508673,0,0.15954303722670868,1.0
47,steady,ewma,0.9,14.636,540.6658868686869,0.06038656528656529,0.8816565656565656,26.30170889805539,113.0,36.188,67.608,0.483586406362979,0.8087193460490463,0,0.14908662345315263,1.0
48,steady,ewma,0.9,14.888,542.7352285714287,0.06148803008382841,0.9124081632653062,24.955593672574803,114.0,34.94,67.424,0.4828803678462928,0.8211382113821138,0,0.12521440823327615,1.0
49,steady,ewma,0.9,14.856,538.7666545454547,0.05780779035779036,0.8585454545454545,27.460069444444443,113.0,37.264,65.82,0.4860812168173339,0.7906596995427825,0,0.1527777777777778,1.0
0,steady,dbaps,0.95,13.912,529.9667755102041,0.050869598315516684,0.7303673469387755,52.4066237350506,120.0,37.196,57.636,0.501521143900213,0.5295926210607225,0,0.3870745170193192,1.0
1,steady,dbaps,0.95,13.508,538.1557171717172,0.0604246217372777,0.8423030303030302,50.030812854442345,117.0,33.892,61.268,0.5012637660227478,0.5359394703656999,0,0.3661625708884688,1.0
2,steady,dbaps,0.95,13.52,532.2049616161618,0.05424271833006236,0.7546666666666667,52.835340531561464,117.0,35.036,58.772,0.5013227513227513,0.5298034242232086,0,0.4053156146179402,1.0
3,steady,dbaps,0.95,12.708,529.7939877551021,0.051058863545418165,0.7123265306122449,54.177654273668075,116.0,33.144,55.348,0.5013866231647635,0.5310160427807487,0,0.4208509007282484,1.0
4,steady,dbaps,0.95,12.8,532.5508363636364,0.05490584274113686,0.7569292929292929,52.59160233477688,117.0,34.2,57.656,0.500319233838787,0.5443548387096774,0,0.3997363961589155,1.0
5,steady,dbaps,0.95,13.584,531.0626000000001,0.05124548611111111,0.7420833333333333,49.85902214426661,118.0,36.084,58.14,0.501730369914635,0.534955343393902,0,0.37820653365490026,1.0
6,steady,dbaps,0.95,14.732,532.4469616161617,0.047749145130963316,0.7583838383838384,53.48377522754254,120.0,34.124,57.704,0.5004461026847271,0.5231788079470199,0,0.39097744360902253,1.0
7,steady,dbaps,0.95,12.676,531.4878747474748,0.054120410453743786,0.7377777777777779,51.195691858342464,118.0,34.172,57.856,0.5018076076705439,0.5306296086216676,0,0.3818912011683096,1.0
8,steady,dbaps,0.95,14.612,527.8298666666667,0.042933782267115604,0.6894141414141414,52.4651376146789,119.0,37.472,58.184,0.5016851227732306,0.524390243902439,0,0.38463302752293577,1.0
9,steady,dbaps,0.95,14.564,530.4244444444445,0.04898799048432222,0.7330505050505051,53.966462723770675,119.0,38.032,59.304,0.5018706574024586,0.5191181536341716,0,0.4040335372762293,1.0
10,steady,dbaps,0.95,15.432,535.2577454545454,0.05050879730291496,0.8021010101010102,51.0603832010838,117.0,34.82,59.364,0.5013280716399787,0.5300867618247971,0,0.378169150377395,1.0
11,steady,dbaps,0.95,15.804,534.094492929293,0.048539250872584205,0.7831515151515152,51.22717977319204,119.0,34.544,60.108,0.5012368073878628,0.5358837485172004,0,0.3734894961888827,1.0
12,steady,dbaps,0.95,13.548,532.8028161616162,0.05622475017555231,0.767030303030303,49.466926869350864,117.0,36.52,60.228,0.5004956912987112,0.5294867708001275,0,0.3736647493837305,1.0
13,steady,dbaps,0.95,13.744,532.4721575757577,0.05307716199427429,0.7663030303030303,48.40444810543657,117.0,37.94,61.152,0.5024574669187145,0.5147107438016529,0,0.3589373970345964,1.0
14,steady,dbaps,0.95,12.36,530.1990464646465,0.05670850496305041,0.731111111111111,50.96869676320273,115.0,37.276,58.828,0.5012355212355213,0.5351515151515152,0,0.401618398637138,1.0
15,steady,dbaps,0.95,13.004,531.5381252525253,0.058048590479963025,0.7581818181818183,48.906444444444446,116.0,39.9,61.916,0.5017605633802817,0.5282956058588548,0,0.36533333333333334,1.0
16,steady,dbaps,0.95,13.46,533.1498370370372,0.0553400860456416,0.7677530864197532,52.526772793053546,115.0,27.24,47.144,0.5010645848119234,0.5323865604433669,0,0.40858658948383986,1.0
17,steady,dbaps,0.95,13.252,530.0508916666668,0.047442999860763016,0.7152083333333333,56.68969849246231,118.0,32.54,54.684,0.5019762845849802,0.5205655526992288,0,0.4338358458961474,1.0
18,steady,dbaps,0.95,14.28,531.7385252525254,0.04839805175626547,0.7461818181818183,54.446791226645004,118.0,35.36,59.092,0.5013958682300391,0.517896047307812,0,0.40698619008935827,1.0
19,steady,dbaps,0.95,14.328,532.1949777777778,0.05020084745254086,0.7564040404040404,52.14498590414821,117.0,35.384,59.26,0.50036106876354,0.5349165959852983,0,0.3928715263793798,1.0
20,steady,dbaps,0.95,12.856,537.2557212121212,0.062045566778900114,0.8253333333333334,47.836838152459634,116.0,33.288,60.748,0.5003626400193408,0.5441381230854915,0,0.36087119789710853,1.0
21,steady,dbaps,0.95,13.152,537.4312767676768,0.05988486168878326,0.8292525252525252,51.291065742648435,118.0,33.124,60.112,0.5007675527187525,0.5578250069003589,0,0.38153212212024723,1.0
22,steady,dbaps,0.95,12.724,534.4293791666666,0.059267071759259264,0.7929583333333333,48.31269470404985,115.0,34.404,58.264,0.500916261652458,0.5288489417222383,0,0.3629283489096573,1.0
23,steady,dbaps,0.95,13.684,535.2127624999999,0.05552777777777777,0.8045416666666666,49.27859056253864,116.0,33.892,58.064,0.5003796507213364,0.5412495685191577,0,0.3647228518442201,1.0
24,steady,dbaps,0.95,12.648,531.4088767676768,0.05247575191692839,0.7420606060606061,54.8386232481451,117.0,34.012,56.656,0.5004967709885743,0.5388661601402689,0,0.4140560593569662,1.0
25,steady,dbaps,0.95,13.516,531.086306122449,0.051125984939430325,0.738734693877551,49.813663366336634,116.0,35.336,58.132,0.50336,0.5252307692307693,0,0.381980198019802,1.0
26,steady,dbaps,0.95,15.064,532.0690868686869,0.04553571762279897,0.7511919191919193,53.330675778283975,119.0,34.712,58.996,0.5,0.5251572327044025,0,0.39654517843583903,1.0
27,steady,dbaps,0.95,12.272,535.8751636363637,0.06248241724605361,0.8018585858585859,49.60888485947416,114.0,32.748,60.424,0.5001268928178665,0.5332970916009785,0,0.3914777878513146,1.0
28,steady,dbaps,0.95,14.3,531.4028606060606,0.05020278750760034,0.7455757575757576,50.02390682468329,116.0,36.8,59.976,0.5006574367700518,0.5363073917290785,0,0.3759705762157744,1.0
29,steady,dbaps,0.95,14.216,533.227490909091,0.052750395425529104,0.7787474747474746,51.220732226479356,116.0,37.28,61.064,0.498879202988792,0.5366614664586583,0,0.3895274584929757,1.0
30,steady,dbaps,0.95,12.5,532.8398565217392,0.058173222912353335,0.7709565217391305,52.66512469831054,118.0,32.288,53.108,0.50287631831256,0.5222634508348795,0,0.3889782783588093,1.0
31,steady,dbaps,0.95,12.508,531.1705818181819,0.05389908892850069,0.7410505050505051,54.173550181896,117.0,35.36,57.628,0.5025415896487985,0.5228779840848806,0,0.4040231114915472,1.0
32,steady,dbaps,0.95,14.324,530.6624282828284,0.04802658160552897,0.7331313131313132,51.651546391752575,118.0,35.42,57.976,0.5017440097057931,0.5231874591770085,0,0.39134020618556703,1.0
33,steady,dbaps,0.95,14.308,535.114715151515,0.05361232407257363,0.8010101010101011,49.557327412192166,117.0,34.464,60.104,0.5010404994397311,0.5308417997097242,0,0.3689947517157852,1.0
34,steady,dbaps,0.95,12.252,529.7191717171718,0.05412506012506013,0.7240808080808081,51.772090059473236,116.0,36.272,57.228,0.5016113438607799,0.5274343122102009,0,0.3933729821580289,1.0
35,steady,dbaps,0.95,16.94,525.3831151515152,0.034452678298132845,0.6418181818181818,58.2990099009901,124.0,36.052,56.424,0.501577287066246,0.5239605355884426,0,0.4226622662266227,1.0
36,steady,dbaps,0.95,14.72,530.3146166666667,0.04700383218146376,0.726875,54.683677773091524,118.0,34.644,56.516,0.501358795446199,0.5411279229711141,0,0.40995360607338677,1.0
37,steady,dbaps,0.95,15.784,534.5350736842106,0.04754188197767145,0.7903157894736842,51.382680997769214,120.0,32.864,56.472,0.5020795660036166,0.5241635687732342,0,0.3674711011965119,1.0
38,steady,dbaps,0.95,12.5,531.167894949495,0.055888888888888884,0.7434747474747476,53.11223646134766,116.0,35.392,57.248,0.5009951010410287,0.5250291036088475,0,0.4092600248036379,1.0
39,steady,dbaps,0.95,12.524,530.2754747474747,0.053834835280913707,0.7261414141414142,52.532145130490136,115.0,35.52,57.896,0.5018658263537606,0.5277342525853964,0,0.41162741353702526,1.0
40,steady,dbaps,0.95,12.764,533.8923272727272,0.05853086419753086,0.7833131313131313,55.112040816326534,116.0,35.036,58.504,0.5015492839795662,0.5255364158355998,0,0.4173469387755102,1.0
41,steady,dbaps,0.95,13.028,532.4362585858586,0.05220075441128073,0.7552727272727272,51.28154988231034,118.0,33.572,57.428,0.5010258838383839,0.5408653846153846,0,0.3706319029512946,1.0
42,steady,dbaps,0.95,12.196,533.6609090909092,0.06018243546576879,0.7778181818181817,53.190156114483955,116.0,35.024,58.764,0.5014082303238929,0.5282784338098198,0,0.4063313096270598,1.0
43,steady,dbaps,0.95,12.848,532.8159578947369,0.056997069143446856,0.7693894736842104,50.2058497673388,117.0,35.248,57.464,0.5006606959330495,0.53700414446418,0,0.38666075781076886,1.0
44,steady,dbaps,0.95,13.956,529.3597292929294,0.046943186248449405,0.7130101010101011,55.34463398833945,118.0,36.092,57.232,0.500828313253012,0.5304347826086957,0,0.4120060462103217,1.0
45,steady,dbaps,0.95,12.652,533.3656444444445,0.05820106621773289,0.7842828282828281,48.82406450279099,116.0,36.964,59.824,0.5011194317918629,0.5287167705940269,0,0.361794500723589,1.0
46,steady,dbaps,0.95,13.74,533.0451020408163,0.053549080110513105,0.7700816326530612,54.468583809336224,118.0,34.328,58.152,0.5011713520749665,0.5264937993235626,0,0.4106755958243057,1.0
47,steady,dbaps,0.95,14.004,530.951498989899,0.049650962386791266,0.7357171717171715,50.33844038499313,117.0,37.012,60.268,0.49931054503229555,0.5447460360118248,0,0.3769396975054017,1.0
48,steady,dbaps,0.95,12.784,531.4613755102041,0.052353579527048916,0.736408163265306,51.478940346864874,118.0,33.364,57.128,0.499835255354201,0.5422619047619047,0,0.37869258623975605,1.0
49,steady,dbaps,0.95,12.916,529.1203151515152,0.05305509641873279,0.7141414141414141,51.64800347222222,116.0,38.26,58.804,0.5015822784810127,0.5209948320413437,0,0.4001736111111111,1.0
0,steady,ewma,0.95,14.34,535.7795551020408,0.0572152145473574,0.8220408163265306,36.81485740570377,114.0,38.084,62.744,0.4917135472099742,0.6640986132511556,0,0.2486200551977921,1.0
1,steady,ewma,0.95,14.996,545.6976565656566,0.0639044757084864,0.9568080808080809,34.762192816635164,116.0,34.08,67.352,0.484472049689441,0.6962750716332379,0,0.21285444234404538,1.0
2,steady,ewma,0.95,15.372,540.3520767676769,0.05744929068752598,0.8812121212121212,36.926287375415285,115.0,36.056,66.02,0.4837646283171254,0.693196405648267,0,0.24148671096345514,1.0
3,steady,ewma,0.95,13.836,539.1834326530612,0.06256679375046721,0.8653877551020408,34.961862782675354,113.0,35.812,64.768,0.4827361563517915,0.703763440860215,0,0.24166347259486393,1.0
4,steady,ewma,0.95,13.856,541.3391030303031,0.06462650682650682,0.8959191919191919,34.62229335341743,114.0,35.608,65.352,0.48272017837235226,0.7156013001083423,0,0.2272641687064583,1.0
5,steady,ewma,0.95,14.476,537.4847583333334,0.05829451694139195,0.8442916666666668,34.56347292260469,114.0,37.008,63.848,0.48730146551062686,0.6882188374261734,0,0.23437842578381934,1.0
6,steady,ewma,0.95,15.276,541.7133414141415,0.05942233583410054,0.9033939393939395,33.50158290463,115.0,35.172,65.612,0.4820359281437126,0.7046467218332273,0,0.2075583696082311,1.0
7,steady,ewma,0.95,13.276,539.0171595959596,0.06453263033263033,0.8553939393939395,33.73201898503103,113.0,35.032,64.564,0.4820882652661284,0.6819352991697681,0,0.22964585615188024,1.0
8,steady,ewma,0.95,16.208,535.3446222222223,0.050333837135230326,0.811030303030303,35.049311926605505,115.0,39.12,65.4,0.48486789431545235,0.6923913043478261,0,0.22385321100917432,1.0
9,steady,ewma,0.95,15.084,536.1249777777779,0.054200478745731584,0.8204444444444443,39.13800135961931,117.0,38.14,63.836,0.48817876754118367,0.6565096952908587,0,0.2642193519147972,1.0
10,steady,ewma,0.95,15.48,542.8942464646466,0.05945734185930265,0.9198787878787879,35.3220437391136,116.0,35.396,65.612,0.4806483374990532,0.7025655483507189,0,0.22585639636152507,1.0
11,steady,ewma,0.95,16.608,540.6330666666667,0.05355896437201906,0.8875151515151515,36.09592861126603,116.0,36.108,66.452,0.4843647136273864,0.6914575866188769,0,0.22197434467373117,1.0
12,steady,ewma,0.95,13.48,539.3594060606061,0.06451085766085767,0.8671919191919192,32.665365653245686,113.0,36.38,65.208,0.4848507917174178,0.6962106615285806,0,0.21713229252259655,1.0
13,steady,ewma,0.95,14.56,538.7470222222223,0.05918366034836623,0.8606868686868687,34.021622734761124,114.0,37.376,65.632,0.48452129266082755,0.6813040585495675,0,0.2234349258649094,1.0
14,steady,ewma,0.95,14.596,537.931797979798,0.05876178081178081,0.8556767676767677,35.39139693356048,114.0,38.7,65.772,0.48402002310358105,0.6937212863705973,0,0.23807495741056217,1.0
15,steady,ewma,0.95,13.756,536.7355636363637,0.06091866460930632,0.8394747474747476,34.38022222222222,114.0,40.208,66.192,0.4839843437974279,0.6917141898691714,0,0.22755555555555557,1.0
16,steady,ewma,0.95,14.652,541.2596987654321,0.06151155428933207,0.8960493827160494,35.5721177038109,114.0,28.524,53.312,0.48521668691778047,0.6924147529575505,0,0.238543174143753,1.0
17,steady,ewma,0.95,15.876,541.1674291666667,0.0565761597267112,0.8972083333333335,35.52554438860972,115.0,35.596,65.432,0.4840562317846734,0.6747730220492867,0,0.2326214405360134,1.0
18,steady,ewma,0.95,15.676,539.5127232323233,0.055101941631353395,0.8692929292929293,35.41145410235581,115.0,36.348,65.896,0.48365545215938915,0.6918476550204595,0,0.22806661251015434,1.0
19,steady,ewma,0.95,15.752,540.0006868686869,0.05603893274481509,0.8813333333333333,34.84313330648409,114.0,36.904,66.392,0.4802178439852635,0.7040409789413773,0,0.2239226741844543,1.0
20,steady,ewma,0.95,13.676,545.1967030303031,0.06966705886705887,0.9501010101010101,31.620916259857303,113.0,34.216,67.464,0.47845312751246183,0.7380685008422234,0,0.19770935035674053,1.0
21,steady,ewma,0.95,13.94,545.66298989899,0.06864572094572094,0.955030303030303,33.153961415995504,114.0,33.068,66.428,0.48439641964357716,0.7282578494026118,0,0.21108821876755945,1.0
22,steady,ewma,0.95,13.812,540.7452166666668,0.06435581501831501,0.8898333333333333,34.30315420560748,113.0,34.704,63.232,0.482492439917237,0.6904484566103669,0,0.22468847352024923,1.0
23,steady,ewma,0.95,15.26,542.4588333333334,0.06038316881239676,0.921,35.601483618380385,115.0,35.48,64.536,0.4876590009266279,0.6811392844737756,0,0.22130640840717083,1.0
24,steady,ewma,0.95,14.34,541.3784606060607,0.06304195804195804,0.9043636363636364,35.08017312448475,114.0,36.6,66.116,0.4818978343527856,0.7110523221634333,0,0.2289777411376752,1.0
25,steady,ewma,0.95,14.776,538.9506040816327,0.058552358525827915,0.8651428571428571,34.70851485148515,114.0,36.784,65.2,0.4844899264470739,0.6822948797038865,0,0.2324752475247525,1.0
26,steady,ewma,0.95,16.016,541.2806949494951,0.05581611776023541,0.8943838383838384,33.27050113895216,114.0,34.76,66.216,0.4794199374782911,0.7158438576349024,0,0.21431283219438116,1.0
27,steady,ewma,0.95,14.2,544.9002626262627,0.06648664483664485,0.9416565656565657,32.31568449682683,113.0,33.272,67.868,0.48041202296521446,0.7100656455142232,0,0.21396192203082504,1.0
28,steady,ewma,0.95,14.02,536.8951515151516,0.05923260073260073,0.8288888888888889,34.69534123416428,113.0,36.38,64.116,0.48794994592924457,0.6810740013097577,0,0.2378422558234573,1.0
29,steady,ewma,0.95,15.232,540.9893171717172,0.05920250805839041,0.9011717171717171,34.131332481907194,115.0,38.032,67.688,0.4841033283656234,0.7209962168978562,0,0.21860366113239676,1.0
30,steady,ewma,0.95,13.432,540.519491304348,0.0666960901417423,0.8948260869565218,34.94589702333065,114.0,33.892,59.608,0.4846503468622917,0.679962605172951,0,0.22626709573612228,1.0
31,steady,ewma,0.95,13.356,538.4823595959596,0.06436230436230436,0.8586262626262626,35.389043441044294,113.0,37.456,65.056,0.48728194882041037,0.6585202544358888,0,0.23967472715600258,1.0
32,steady,ewma,0.95,14.988,538.860387878788,0.05784446283563931,0.864121212121212,34.32536082474227,114.0,36.924,65.532,0.4869933454325469,0.6711830799735624,0,0.22762886597938145,1.0
33,steady,ewma,0.95,15.648,544.0289777777779,0.060478526157937924,0.944969696969697,32.4493338716189,114.0,36.448,68.248,0.48537871524448706,0.6883686905632772,0,0.1945902301170771,1.0
34,steady,ewma,0.95,14.136,537.0113292929294,0.059764600214600214,0.8412121212121213,34.63466440101954,114.0,37.66,63.852,0.4872990353697749,0.676953125,0,0.22727272727272727,1.0
35,steady,ewma,0.95,18.596,534.1832646464647,0.04247363382934732,0.7866262626262626,36.521452145214525,117.0,38.972,65.892,0.4821256883139586,0.6895692417230331,0,0.2275027502750275,1.0
36,steady,ewma,0.95,15.528,536.9728416666668,0.053520338335232884,0.831625,37.072332349219735,117.0,35.664,62.408,0.4814787701317716,0.7091922005571031,0,0.24293547026571066,1.0
37,steady,ewma,0.95,15.836,542.3540715789475,0.058097418546365916,0.9149894736842106,34.39424051916447,116.0,34.552,63.336,0.4872188600849065,0.6823441582680104,0,0.2082741837355506,1.0
38,steady,ewma,0.95,14.056,539.9908404040405,0.06308169053169053,0.8847272727272727,35.335469202149646,114.0,37.048,65.116,0.48124092610988,0.7026076765309113,0,0.2333608929309632,1.0
39,steady,ewma,0.95,14.536,538.631701010101,0.059361829891241655,0.85810101010101,35.53978357733927,114.0,36.508,65.276,0.48555343985429256,0.7023021128981394,0,0.2384892849565033,1.0
40,steady,ewma,0.95,13.476,543.6504404040405,0.06947755947755949,0.9355959595959595,33.776326530612245,114.0,36.164,66.644,0.48188042752171006,0.7211362248014661,0,0.21244897959183673,1.0
41,steady,ewma,0.95,14.596,539.3563636363638,0.05929440875029111,0.8639595959595959,34.476733659243166,114.0,34.548,63.452,0.48661417322834644,0.6821212121212121,0,0.2234292956726417,1.0
42,steady,ewma,0.95,13.748,541.3011313131315,0.06535943315943317,0.8978585858585858,36.516045099739806,114.0,36.164,65.332,0.48620770493084314,0.6737433655947549,0,0.24913269731136167,1.0
43,steady,ewma,0.95,13.824,539.7854273684211,0.06340436237652955,0.8745263157894737,33.73853312652338,114.0,34.668,62.264,0.48210093896713613,0.7137767220902613,0,0.22978063372479504,1.0
44,steady,ewma,0.95,14.576,537.5879111111113,0.05818129278129278,0.847030303030303,36.25739581083999,115.0,38.496,65.392,0.48647430117222723,0.674812030075188,0,0.24228028503562946,1.0
45,steady,ewma,0.95,13.572,540.3973131313134,0.06575025715025715,0.8907878787878788,33.58155881744883,113.0,36.676,65.008,0.48639901363951604,0.6973205425074429,0,0.21811039900764936,1.0
46,steady,ewma,0.95,15.412,541.9488571428573,0.05907367434153148,0.9096734693877551,35.9745912940713,116.0,35.272,65.784,0.4806117332441919,0.7181663837011885,0,0.22926925349615915,1.0
47,steady,ewma,0.95,14.76,538.1539393939395,0.057538515732633376,0.8465454545454545,34.12119426438814,114.0,37.176,66.232,0.48302323897777455,0.7106048277732574,0,0.2249066980946769,1.0
48,steady,ewma,0.95,14.572,540.1149224489797,0.06037246283128637,0.8741632653061224,30.781208309510195,114.0,35.452,65.724,0.48097312402399933,0.7335733573357336,0,0.18715456451305507,1.0
49,steady,ewma,0.95,14.108,536.5471838383838,0.0586983201983202,0.828040404040404,33.72894965277778,113.0,38.284,64.764,0.48736358414704195,0.6943359375,0,0.2230902777777778,1.0
0,steady,dbaps,0.99,13.0,528.8157591836737,0.05126326530612245,0.7111836734693877,52.760809567617294,116.0,36.62,56.408,0.502776721186763,0.5140115163147793,0,0.40593376264949405,1.0
1,steady,dbaps,0.99,12.5,535.4190222222223,0.05880362448009507,0.7976161616161617,55.334404536862,117.0,32.876,58.42,0.5032974975155841,0.511474379126061,0,0.411531190926276,1.0
2,steady,dbaps,0.99,13.0,530.3739676767677,0.050683831781871,0.721090909090909,56.10880398671096,117.0,33.504,56.196,0.5033895502645502,0.5129993658845909,0,0.44082225913621265,1.0
3,steady,dbaps,0.99,11.5,528.1317020408164,0.048890756302520995,0.6838775510204081,58.17133001149866,116.0,32.068,53.088,0.5031841933376878,0.5103944562899787,0,0.45496358758144884,1.0
4,steady,dbaps,0.99,12.5,529.3024848484848,0.04651659451659452,0.7033939393939392,59.39088683863679,118.0,33.228,54.432,0.5029944901381458,0.5100617118325731,0,0.45113914517040105,1.0
5,steady,dbaps,0.99,13.0,529.1004291666667,0.04989930555555556,0.7101666666666667,55.13155009866257,118.0,35.516,56.096,0.5031915711758825,0.5127810286418232,0,0.42994957246217935,1.0
6,steady,dbaps,0.99,13.5,527.9566747474748,0.040744588744588736,0.6863434343434343,64.31757024139296,121.0,33.064,53.012,0.5027180527383367,0.5105511811023622,0,0.47863078749505344,1.0
7,steady,dbaps,0.99,12.0,530.3843030303029,0.054424581953993724,0.7208888888888889,53.761044176706825,117.0,34.132,57.0,0.5035377358490566,0.5127478753541076,0,0.4098211025921869,1.0
8,steady,dbaps,0.99,13.5,526.1688727272729,0.04283030303030303,0.6617373737373736,57.56834862385321,120.0,36.52,56.016,0.5026888193273938,0.5120028663561448,0,0.43119266055045874,1.0
9,steady,dbaps,0.99,14.5,529.388496969697,0.04706442199775533,0.7139797979797979,56.90527985497394,120.0,36.816,57.5,0.5032465052326025,0.5146098315572362,0,0.43009290731928396,1.0
10,steady,dbaps,0.99,14.5,533.2140646464646,0.049182016240839774,0.7664646464646465,54.44126185407393,117.0,33.62,57.0,0.5032654921020656,0.5120044667783361,0,0.40855428682020517,1.0
11,steady,dbaps,0.99,15.0,532.1977454545455,0.04693535353535354,0.7522020202020203,56.250604201524446,120.0,34.016,57.984,0.5033800494641385,0.5121661721068249,0,0.4153188324967466,1.0
12,steady,dbaps,0.99,12.5,529.5654424242425,0.05402160493827161,0.7152323232323232,54.65529991783073,116.0,35.692,57.0,0.5028222730739893,0.5117834394904459,0,0.4252259654889072,1.0
13,steady,dbaps,0.99,13.0,529.0391272727273,0.04808136924803591,0.7072323232323233,54.80313014827018,117.0,36.484,57.5,0.502533847666591,0.5110597556949489,0,0.4104200988467875,1.0
14,steady,dbaps,0.99,12.34,528.3019555555557,0.051615600448933784,0.7011313131313132,54.38074957410562,116.0,37.268,57.34,0.5033209762125425,0.5130224106602059,0,0.42482964224872233,1.0
15,steady,dbaps,0.99,13.5,529.6470626262627,0.05020650953984287,0.7254141414141414,53.89088888888889,118.0,39.084,59.9,0.5031214983191932,0.5129740518962076,0,0.39911111111111114,1.0
16,steady,dbaps,0.99,13.5,532.1241925925926,0.05222919389978213,0.7511111111111111,54.21225277375784,117.0,27.24,46.58,0.503242147922999,0.5111111111111111,0,0.4187168355041003,1.0
17,steady,dbaps,0.99,12.5,529.171025,0.048357473544973544,0.6990833333333333,58.80402010050251,117.0,31.2,52.8,0.5033505154639175,0.512540192926045,0,0.46063651591289784,1.0
18,steady,dbaps,0.99,13.76,529.1951474747476,0.04676094276094277,0.7051313131313132,56.97786352558895,117.0,34.992,56.9,0.5029132412802299,0.5113318845079168,0,0.44313566206336313,1.0
19,steady,dbaps,0.99,14.0,529.5305777777778,0.046581818181818176,0.7103434343434343,56.086790173177604,118.0,33.876,56.1,0.5030921211147699,0.5108481262327417,0,0.4301248489730165,1.0
20,steady,dbaps,0.99,13.0,533.8135878787879,0.05558645276292335,0.7733333333333332,54.44630116410064,117.0,33.596,58.328,0.5027820337069591,0.5095859961100305,0,0.41194141945174617,1.0
21,steady,dbaps,0.99,12.5,531.978593939394,0.04984126984126984,0.7448888888888889,58.87713054879191,118.0,32.436,55.34,0.503393665158371,0.5115894039735099,0,0.44671286757819817,1.0
22,steady,dbaps,0.99,11.784,530.3108416666668,0.05307638888888889,0.7215833333333334,56.111370716510905,116.0,32.296,53.784,0.5031903014834902,0.5115540150202196,0,0.4285436137071651,1.0
23,steady,dbaps,0.99,14.0,533.3878958333333,0.0514587962962963,0.7767916666666667,54.65217391304348,118.0,33.752,56.468,0.503334177428885,0.5136066138477438,0,0.40140119513702865,1.0
24,steady,dbaps,0.99,11.5,529.4050545454547,0.051332541097246984,0.7100606060606061,59.44785655399835,117.0,33.672,54.732,0.503728251864126,0.5131195335276968,0,0.4548639736191261,1.0
25,steady,dbaps,0.99,12.504,526.7817755102042,0.042573129251700675,0.666530612244898,59.09188118811881,117.0,33.668,53.352,0.5040793473044313,0.5157019704433498,0,0.4504950495049505,1.0
26,steady,dbaps,0.99,13.204,528.1435434343435,0.04325609478241057,0.6854949494949494,60.571753986332574,118.0,32.84,54.204,0.5027816411682893,0.5091533180778032,0,0.4648823082763857,1.0
27,steady,dbaps,0.99,12.5,533.0031797979799,0.05538720538720538,0.7557171717171717,54.601994560290116,116.0,32.604,57.96,0.5033011681056374,0.5105805751492133,0,0.4313689936536718,1.0
28,steady,dbaps,0.99,13.0,528.6553333333334,0.050018181818181816,0.6992727272727273,53.97691050265632,116.0,35.772,57.0,0.5033671336790774,0.5141187925998053,0,0.42092357989374746,1.0
29,steady,dbaps,0.99,11.0,527.3228848484849,0.049179292929292934,0.6763636363636364,58.94699872286079,116.0,34.04,54.0,0.5024495557585319,0.5091986280012473,0,0.46956151553852704,1.0
30,steady,dbaps,0.99,12.0,528.7063826086957,0.04996376811594203,0.7040434782608695,59.29907481898633,118.0,31.404,49.588,0.5033535611625679,0.5130192188468692,0,0.4559533386967015,1.0
31,steady,dbaps,0.99,12.5,531.9460686868688,0.05745454545454545,0.7577777777777779,52.624438262358225,116.0,37.48,60.0,0.5032745203790739,0.5140681893412777,0,0.40166916327840785,1.0
32,steady,dbaps,0.99,13.5,528.8521292929294,0.047346801346801345,0.7057777777777778,54.91835051546392,118.0,35.128,56.0,0.5026158162104785,0.5112708265272786,0,0.4296907216494845,1.0
33,steady,dbaps,0.99,13.42,531.2742464646466,0.048800785634118965,0.7389898989898991,56.76140492531288,118.0,33.932,56.756,0.5028818443804035,0.5130529369108049,0,0.4301574485264433,1.0
34,steady,dbaps,0.99,13.0,528.5699232323234,0.049297154552056514,0.7070707070707072,55.74553950722175,117.0,36.5,56.5,0.5029018216991779,0.5138781804163454,0,0.42183517417162275,1.0
35,steady,dbaps,0.99,16.0,524.710193939394,0.03522424242424242,0.6303030303030304,58.36853685368537,122.0,35.82,55.72,0.5031529164477141,0.5127118644067796,0,0.4387238723872387,1.0
36,steady,dbaps,0.99,14.5,528.9106,0.045632407407407406,0.702375,57.9327288064108,120.0,34.072,55.0,0.5041504444281202,0.5155347814132527,0,0.43441585828764234,1.0
37,steady,dbaps,0.99,14.5,531.1460463157895,0.04560877192982456,0.7383578947368421,57.81626444940174,121.0,32.856,54.0,0.5032100551586943,0.5131921218877741,0,0.421821131616305,1.0
38,steady,dbaps,0.99,12.5,529.4972525252525,0.05173456790123457,0.7153131313131313,57.3290615957007,116.0,34.684,55.5,0.5032139577594124,0.5122377622377622,0,0.4404712691194709,1.0
39,steady,dbaps,0.99,12.5,530.4390828282828,0.05342873176206509,0.7303838383838385,54.17568427753024,116.0,36.192,58.5,0.5029438593581558,0.5111250391726732,0,0.4194780394653087,1.0
40,steady,dbaps,0.99,12.5,531.5298545454544,0.05449643493761141,0.743030303030303,60.035714285714285,117.0,33.94,56.0,0.5033084847977217,0.5119299305345817,0,0.45571428571428574,1.0
41,steady,dbaps,0.99,12.5,529.8093535353537,0.04948573453836612,0.7155959595959596,56.789426036574326,119.0,33.912,55.628,0.5036692180225677,0.5139765554553652,0,0.41698352344740175,1.0
42,steady,dbaps,0.99,11.5,529.8468282828283,0.05345598845598845,0.7173737373737374,58.99176062445794,116.0,34.648,55.584,0.5031313605761704,0.5123992560446373,0,0.4525151777970512,1.0
43,steady,dbaps,0.99,13.0,529.8227578947369,0.049514035087719295,0.7187789473684211,54.18945269222247,118.0,34.088,54.436,0.5027531018280597,0.5110979579757324,0,0.426102370928429,1.0
44,steady,dbaps,0.99,13.0,525.6956121212122,0.040527497194163854,0.6496969696969697,61.62470308788598,118.0,34.492,53.156,0.5031257061083076,0.5128762022959975,0,0.4649103865255884,1.0
45,steady,dbaps,0.99,11.5,529.4424484848485,0.05246392496392497,0.7158383838383838,55.90014471780029,116.0,34.844,55.356,0.5024710424710425,0.5104918032786885,0,0.42609055199503826,1.0
46,steady,dbaps,0.99,14.0,533.7840938775512,0.05287800453514739,0.782204081632653,55.099665156588536,118.0,34.344,58.5,0.5031399145943231,0.5105425920719707,0,0.41382706322631474,1.0
47,steady,dbaps,0.99,11.5,526.0323393939394,0.04412615039281706,0.6506666666666667,59.100962482812804,118.0,34.056,54.008,0.5027588209670394,0.510198604401503,0,0.45315262227460223,1.0
48,steady,dbaps,0.99,11.5,528.8666326530613,0.053355342136854736,0.694,56.480655612731084,117.0,32.488,54.5,0.5029259045578175,0.5105435105435105,0,0.437011625690871,1.0
49,steady,dbaps,0.99,13.5,528.4483757575757,0.048013468013468015,0.7052525252525252,54.505642361111114,118.0,39.18,59.0,0.5024814788175214,0.511139812721989,0,0.4066840277777778,1.0
0,steady,ewma,0.99,14.648,531.8621591836736,0.0516911286492619,0.7633469387755102,48.51011959521619,116.0,38.204,59.76,0.5006469289900297,0.5323630792799694,0,0.3670653173873045,1.0
1,steady,ewma,0.99,13.572,540.7530787878788,0.06526875346875347,0.8851313131313132,44.903780718336485,115.0,34.976,64.02,0.499503744473518,0.5389958951689295,0,0.3287334593572779,1.0
2,steady,ewma,0.99,14.18,534.8264606060607,0.057326066090771975,0.7978585858585858,49.946220930232556,115.0,36.424,61.956,0.49958684514956203,0.5209656925031766,0,0.38268272425249167,1.0
3,steady,ewma,0.99,14.72,534.4955469387755,0.05534663096007634,0.7971836734693877,47.93714066692219,116.0,36.856,61.78,0.49889768923001554,0.5297095656807888,0,0.3725565350709084,1.0
4,steady,ewma,0.99,13.796,535.7770666666667,0.05885437710437711,0.8121616161616162,49.09960459423837,115.0,35.736,61.144,0.49976049816381923,0.5351772287862513,0,0.36979853135002827,1.0
5,steady,ewma,0.99,14.244,531.8314916666667,0.05209361645299145,0.7549166666666667,47.62157421618066,115.0,36.236,58.94,0.49830873308733087,0.5416409623689081,0,0.36285902214426663,1.0
6,steady,ewma,0.99,15.072,535.9805414141414,0.054037325637325634,0.8159191919191919,46.500791452315,115.0,35.2,61.272,0.49639062373266285,0.5339009776095869,0,0.3446774831816383,1.0
7,steady,ewma,0.99,12.512,533.961086868687,0.06209410774410774,0.7788282828282829,45.38517707192406,115.0,35.276,60.736,0.5010997643362136,0.5352272727272728,0,0.34903249361080685,1.0
8,steady,ewma,0.99,16.244,530.104602020202,0.04521579520697168,0.7325252525252525,48.663761467889906,116.0,39.764,61.656,0.498034811903425,0.5350341358246496,0,0.36009174311926606,1.0
9,steady,ewma,0.99,14.672,531.0538505050505,0.05060641609661217,0.7422222222222221,52.72739632902787,117.0,37.54,59.34,0.5012983045669772,0.5178940123881625,0,0.40063448900974397,1.0
10,steady,ewma,0.99,14.976,538.6337090909091,0.05740130729836612,0.8568484848484847,46.38378169150377,116.0,35.752,62.54,0.49745807724410046,0.5413049565947914,0,0.343139152312754,1.0
11,steady,ewma,0.99,15.36,535.9015838383839,0.05330281385281386,0.8155959595959595,47.13087934560327,116.0,35.984,62.464,0.4973614775725594,0.541814946619217,0,0.34337237404722065,1.0
12,steady,ewma,0.99,12.628,534.4920484848486,0.0636122261576807,0.7965252525252525,44.391947411668035,114.0,37.544,62.2,0.49725651577503427,0.5351662404092071,0,0.3366885784716516,1.0
13,steady,ewma,0.99,14.4,534.2936727272728,0.05465505370050825,0.7934949494949495,44.58855024711697,115.0,37.696,62.376,0.49829893399863917,0.5325835262983791,0,0.32742998352553543,1.0
14,steady,ewma,0.99,14.164,534.1996727272729,0.05628679098679099,0.7983434343434342,46.33198466780239,115.0,38.5,62.768,0.4948294489890415,0.5525516403402188,0,0.3513628620102215,1.0
15,steady,ewma,0.99,13.196,532.2266181818181,0.05769216843762298,0.7651313131313132,45.46622222222222,114.0,38.588,61.668,0.49780123131046616,0.5392582692950217,0,0.344,1.0
16,steady,ewma,0.99,14.404,536.1919901234568,0.056762067562067565,0.8204938271604938,49.08393632416787,115.0,28.692,50.148,0.4980249164387724,0.5304136253041363,0,0.37240713941148096,1.0
17,steady,ewma,0.99,15.036,534.9417833333334,0.053291195436507934,0.80175,47.20288944723618,115.0,35.636,60.764,0.501717622810031,0.519639407598197,0,0.3555276381909548,1.0
18,steady,ewma,0.99,15.116,533.8386464646464,0.05036740021053747,0.7813333333333333,50.5980909829407,117.0,36.088,61.292,0.4988439767200829,0.5282195198004366,0,0.37408610885458976,1.0
19,steady,ewma,0.99,14.872,534.3527515151516,0.052905331922978985,0.7929292929292928,47.807088199758354,115.0,36.16,61.448,0.4967897271268058,0.5364406779661017,0,0.360249697946033,1.0
20,steady,ewma,0.99,13.028,538.9784121212123,0.06523669932760842,0.8543838383838384,46.06139692076605,114.0,33.984,62.556,0.49512136118054995,0.5454292859127535,0,0.3458505444986857,1.0
21,steady,ewma,0.99,13.516,540.4551191919193,0.06456789136789137,0.8753131313131312,45.70668664543922,114.0,32.952,62.304,0.49673097102268143,0.582664081971753,0,0.33845289380033716,1.0
22,steady,ewma,0.99,13.716,536.5434833333334,0.060326182844932845,0.8280833333333334,45.02219626168224,114.0,35.148,60.412,0.49629570620568786,0.5480127647229475,0,0.33216510903426794,1.0
23,steady,ewma,0.99,14.928,539.2893375,0.0585892570970696,0.8722083333333333,43.588295899443644,115.0,35.22,61.976,0.49654358455572417,0.5633656509695291,0,0.30414176797856995,1.0
24,steady,ewma,0.99,13.252,534.7553777777779,0.06032617079889807,0.8024242424242425,49.93549051937345,114.0,36.352,60.896,0.49883971490137574,0.5337798485730926,0,0.38211046990931574,1.0
25,steady,ewma,0.99,14.084,534.4156612244898,0.05569826007326007,0.7968571428571429,45.413069306930694,115.0,37.08,61.836,0.49644142343062775,0.551617873651772,0,0.33960396039603963,1.0
26,steady,ewma,0.99,16.336,536.240488888889,0.050392028124381066,0.8225454545454546,47.3496583143508,116.0,36.508,63.608,0.49599721545422903,0.5350627137970353,0,0.34870918754745633,1.0
27,steady,ewma,0.99,14.296,539.1334505050506,0.06045676730676731,0.8582222222222222,44.53726201269266,115.0,35.016,64.604,0.4974623583150059,0.5538336052202284,0,0.34034451495920215,1.0
28,steady,ewma,0.99,13.012,532.311696969697,0.05845822325822326,0.7626666666666667,46.26930935839804,113.0,37.664,61.348,0.4989175815679604,0.5287018917155903,0,0.3586023702492848,1.0
29,steady,ewma,0.99,14.148,536.1576040404041,0.058483795616148554,0.828969696969697,46.523627075351214,114.0,38.556,64.312,0.49527363184079604,0.5432601880877743,0,0.35163899531715626,1.0
30,steady,ewma,0.99,12.76,535.768191304348,0.06439576365663321,0.823,46.83467417538214,113.0,33.996,56.356,0.4992401823562345,0.5266399753618725,0,0.35257441673370876,1.0
31,steady,ewma,0.99,12.96,534.7772242424244,0.06171317234953598,0.8021010101010102,46.03488123261288,114.0,37.544,62.26,0.501810617150782,0.5187024164184045,0,0.3494543120051359,1.0
32,steady,ewma,0.99,14.012,535.7845454545455,0.05808430088430089,0.8178989898989898,41.55979381443299,114.0,37.288,63.38,0.4959472767214605,0.5591997376188914,0,0.308659793814433,1.0
33,steady,ewma,0.99,14.696,540.5551838383839,0.06098648388648389,0.8945050505050506,40.72325393621316,114.0,37.152,66.104,0.4954392702832453,0.5534156976744186,0,0.28482034719418653,1.0
34,steady,ewma,0.99,13.284,533.9753575757577,0.059859473859473857,0.7955555555555556,44.14910790144435,113.0,37.668,61.464,0.49766242140899564,0.5397070161912105,0,0.32795242141036535,1.0
35,steady,ewma,0.99,18.428,530.1582666666667,0.03938299958650836,0.7246464646464646,47.38943894389439,118.0,39.18,62.8,0.4950078822911193,0.551906779661017,0,0.3375137513751375,1.0
36,steady,ewma,0.99,14.916,532.4146041666668,0.050797668650793645,0.7621666666666667,49.486503584985236,115.0,35.684,58.848,0.49478860833822663,0.5623276337562052,0,0.3749472796288486,1.0
37,steady,ewma,0.99,15.14,537.8358189473686,0.05591646616541353,0.8459368421052632,43.95011153924153,115.0,34.364,59.864,0.4962474003074419,0.5399479747305834,0,0.31170148042993306,1.0
38,steady,ewma,0.99,13.172,535.1576767676769,0.061194583194583194,0.8138989898989899,47.382182720132285,114.0,37.88,62.044,0.4933374176749885,0.5517141196978501,0,0.35923935510541544,1.0
39,steady,ewma,0.99,13.62,533.8823878787879,0.05753189830569509,0.7864242424242425,46.680033948652664,115.0,36.824,61.724,0.4950675619663434,0.555067461562598,0,0.35730956927646934,1.0
40,steady,ewma,0.99,13.424,537.5549656565657,0.06288097088097087,0.8418181818181818,47.46122448979592,114.0,35.792,61.816,0.498870954252739,0.5359854236258731,0,0.3551020408163265,1.0
41,steady,ewma,0.99,14.08,535.0286060606061,0.056689580789580786,0.7984242424242425,45.13145029875068,114.0,34.552,60.128,0.4946703513620213,0.5628185907046477,0,0.33242802824551876,1.0
42,steady,ewma,0.99,13.268,537.2783676767677,0.06352025752025753,0.8414141414141415,47.05182133564614,113.0,37.44,63.12,0.49421060866844,0.5490988191423244,0,0.35602775368603645,1.0
43,steady,ewma,0.99,13.452,534.7797515789474,0.05979677655677656,0.7998315789473683,46.86417017504986,115.0,35.136,58.916,0.49481960467337793,0.5538189324682984,0,0.3631730556171061,1.0
44,steady,ewma,0.99,15.068,533.3041737373737,0.05202837902837902,0.784080808080808,49.054415892895705,115.0,39.5,62.824,0.497138123211327,0.5347610180012414,0,0.3625566832217664,1.0
45,steady,ewma,0.99,12.772,536.805292929293,0.06586809486809486,0.8392323232323232,43.30494107918131,113.0,37.508,62.796,0.49633515932412625,0.54820664692333,0,0.3266487492247261,1.0
46,steady,ewma,0.99,14.868,536.3229265306124,0.05573977909845257,0.8241632653061225,48.743943273586765,115.0,35.56,61.78,0.4952253308761937,0.5463222908478383,0,0.36497931849517434,1.0
47,steady,ewma,0.99,13.78,532.4850666666666,0.05498486698486698,0.7593131313131313,47.70988018071106,114.0,36.824,61.368,0.4951745156374719,0.5426189835977413,0,0.369279120015714,1.0
48,steady,ewma,0.99,14.256,534.2806693877552,0.054938377438887645,0.7875918367346938,45.02001143510577,115.0,36.2,61.704,0.49300411522633747,0.5540298507462686,0,0.32647226986849626,1.0
49,steady,ewma,0.99,14.096,532.4977454545456,0.05485742405742406,0.7684444444444446,46.220486111111114,113.0,39.032,62.128,0.49733774643833645,0.529658284977434,0,0.3498263888888889,1.0
0,steady,dbaps,1.0,12.5,527.1969591836736,0.0433107769423559,0.683795918367347,56.80220791168353,119.0,36.368,54.94,0.5027775663952515,0.5139900344959755,0,0.4247930082796688,1.0
1,steady,dbaps,1.0,12.0,532.8088202020202,0.05196184062850729,0.7585050505050503,59.23062381852552,118.0,33.3,56.696,0.5035223988439307,0.512271869100063,0,0.43534971644612475,1.0
2,steady,dbaps,1.0,13.0,528.3792484848485,0.040681481481481485,0.6907878787878787,61.51806478405316,120.0,34.572,55.46,0.5034727964279808,0.5133079847908745,0,0.45099667774086377,1.0
3,steady,dbaps,1.0,10.5,525.9087755102041,0.04094331065759638,0.6498367346938776,61.59793024147183,118.0,32.316,51.5,0.503386925650861,0.5110755270883374,0,0.4743196627060176,1.0
4,steady,dbaps,1.0,12.0,530.7596404040405,0.05094864433811802,0.7302222222222223,58.133308228205614,119.0,34.524,56.408,0.503035143769968,0.5101876675603217,0,0.43005083788363774,1.0
5,steady,dbaps,1.0,12.044,525.5880375,0.038108625730994154,0.6475833333333334,58.775268581451435,119.0,33.572,52.12,0.5033076923076923,0.5132307692307693,0,0.4549440912080684,1.0
6,steady,dbaps,1.0,13.0,527.7657252525254,0.03814333814333814,0.6846464646464646,63.318757419865456,121.0,34.22,54.0,0.5026768332251784,0.5104035308953342,0,0.46359319351009104,1.0
7,steady,dbaps,1.0,11.5,527.9904646464647,0.04716004489337823,0.6846868686868687,57.99598393574297,118.0,34.716,55.5,0.5034981526609543,0.512609804477189,0,0.4348302300109529,1.0
8,steady,dbaps,1.0,13.776,524.5738868686868,0.03486562595653505,0.636888888888889,62.678440366972474,122.0,37.044,55.048,0.5027287319422151,0.5121863799283154,0,0.4525229357798165,1.0
9,steady,dbaps,1.0,13.712,526.3306949494951,0.036964886964886964,0.6623030303030303,61.264899161568096,121.0,36.328,54.948,0.5027480916030534,0.5124137931034483,0,0.44142306820756855,1.0
10,steady,dbaps,1.0,14.5,530.3278545454546,0.038905680178407454,0.7200808080808081,60.937874975808015,122.0,33.212,54.5,0.5034561336878086,0.5126917712691771,0,0.44339074898393654,1.0
11,steady,dbaps,1.0,13.5,528.3464444444445,0.037900091827364556,0.6890101010101011,62.42758877114705,122.0,32.788,54.0,0.502928801254022,0.5105060668836934,0,0.4525004647704034,1.0
12,steady,dbaps,1.0,12.888,529.9166060606061,0.04679972658920028,0.7186666666666668,56.94864420706656,119.0,35.076,56.612,0.502745995423341,0.5114649681528662,0,0.41433853738701726,1.0
13,steady,dbaps,1.0,12.0,526.6010868686869,0.04218630751964085,0.6648888888888889,58.33999176276771,118.0,34.676,54.0,0.5027607593979275,0.5120501815780786,0,0.44357495881383857,1.0
14,steady,dbaps,1.0,12.0,527.1005656565657,0.04395510662177328,0.6791111111111111,58.17802385008518,118.0,36.268,55.5,0.5032038909905041,0.5125872004852896,0,0.43611584327086883,1.0
15,steady,dbaps,1.0,12.108,526.5180767676767,0.04318999518999519,0.6679595959595959,56.57866666666666,118.0,36.48,55.608,0.5032810499359796,0.5136484687083888,0,0.41733333333333333,1.0
16,steady,dbaps,1.0,13.0,529.6796197530865,0.04227160493827161,0.7147654320987653,60.47563917028461,120.0,28.132,45.528,0.5034461787958646,0.5117891816920943,0,0.44597202122527735,1.0
17,steady,dbaps,1.0,12.5,527.9334208333333,0.04005208333333333,0.6815416666666667,59.653685092127304,119.0,32.104,52.516,0.503524153343648,0.5131578947368421,0,0.455820770519263,1.0
18,steady,dbaps,1.0,14.0,527.6675717171718,0.038334343434343436,0.6838383838383838,60.63952071486596,120.0,36.3,56.5,0.5029519706398596,0.5115049751243781,0,0.44902518277822906,1.0
19,steady,dbaps,1.0,11.5,527.6292565656566,0.044034024455077085,0.6802828282828283,60.15606121627064,119.0,33.652,54.0,0.5035330014453188,0.5124083474337281,0,0.450463149416029,1.0
20,steady,dbaps,1.0,12.0,530.5324404040405,0.04736700336700336,0.7229090909090908,59.65076980848667,118.0,33.932,56.0,0.5031847133757962,0.5109813733666945,0,0.4444235824258355,1.0
21,steady,dbaps,1.0,12.0,531.7296848484848,0.049694725028058356,0.7427474747474748,59.07173628020229,118.0,32.968,55.5,0.5035541195476575,0.5121546961325967,0,0.4455890616220266,1.0
22,steady,dbaps,1.0,11.596,530.2558958333334,0.05070115546218487,0.7248333333333333,55.963006230529594,116.0,33.608,54.596,0.5033107299561228,0.511976911976912,0,0.42017133956386293,1.0
23,steady,dbaps,1.0,13.0,531.0443500000001,0.04606923558897243,0.7384583333333332,57.61487739542551,119.0,33.444,54.668,0.5032078338679723,0.5130853994490359,0,0.4141767978569957,1.0
24,steady,dbaps,1.0,11.952,529.4680606060607,0.046167901234567904,0.7136565656565655,60.49381698268755,118.0,34.752,55.452,0.503893951946976,0.5137026239067055,0,0.4517724649629019,1.0
25,steady,dbaps,1.0,12.5,526.9356081632654,0.041073534175574994,0.6715918367346938,58.121386138613865,117.0,34.712,54.264,0.5039993601023837,0.5153940886699507,0,0.4425742574257426,1.0
26,steady,dbaps,1.0,14.0,528.6145010101011,0.038182828282828284,0.6945050505050506,58.64445709946849,119.0,34.096,55.676,0.5026951834463571,0.5088622069754145,0,0.43659832953682615,1.0
27,steady,dbaps,1.0,12.5,530.0222343434344,0.043147616516037574,0.7078383838383838,59.40217588395286,119.0,32.424,55.5,0.5035124841303428,0.5112618724559023,0,0.45693563009972804,1.0
28,steady,dbaps,1.0,11.5,526.347402020202,0.04327362514029181,0.6592727272727272,56.99100939926441,118.0,34.232,54.0,0.5033660914648301,0.5141371465713357,0,0.4321618308132407,1.0
29,steady,dbaps,1.0,12.0,527.0883313131313,0.04074971941638608,0.6731313131313131,61.652618135376756,118.0,34.36,54.0,0.5024904532624938,0.5093632958801498,0,0.46934865900383144,1.0
30,steady,dbaps,1.0,11.136,527.8799869565219,0.043974256292906175,0.6916086956521739,63.25583266291231,119.0,31.368,48.748,0.5035540292308921,0.5137813564571074,0,0.46319388576025744,1.0
31,steady,dbaps,1.0,12.0,529.1613494949497,0.048380273321449785,0.7121616161616162,56.6344960410871,117.0,35.996,56.5,0.5032342522716772,0.5139349701393497,0,0.4228546971966617,1.0
32,steady,dbaps,1.0,12.96,527.3597171717172,0.03993670033670033,0.6806868686868688,60.36494845360825,120.0,35.32,55.104,0.5026924535456959,0.5115823817292007,0,0.44742268041237115,1.0
33,steady,dbaps,1.0,13.0,529.2288161616162,0.0415462899673426,0.7072323232323232,60.70710536939846,119.0,34.484,55.5,0.5030395136778115,0.5138282387190685,0,0.44691158659668956,1.0
34,steady,dbaps,1.0,12.264,528.0207717171719,0.04551899951899952,0.6983838383838384,56.69371282922685,118.0,36.832,56.236,0.5029027576197388,0.5138568129330254,0,0.4205607476635514,1.0
35,steady,dbaps,1.0,15.0,524.4688808080809,0.03199326599326599,0.6282020202020202,61.679867986798676,124.0,36.1,55.396,0.5034609655655831,0.5139231582657737,0,0.4407040704070407,1.0
36,steady,dbaps,1.0,13.5,526.1774333333334,0.03680357142857143,0.661,62.598270771826236,121.0,35.044,53.5,0.5042603202585574,0.5159515951595159,0,0.4559257697174188,1.0
37,steady,dbaps,1.0,13.5,528.9387031578948,0.039334335839599,0.7018105263157896,60.84161427702291,121.0,32.328,52.0,0.5032094747310369,0.5132019338043883,0,0.4382478199148246,1.0
38,steady,dbaps,1.0,11.46,527.4609212121214,0.04471927114280056,0.6850909090909091,61.04816039685821,117.0,35.756,54.54,0.5032919920379727,0.5125072716695753,0,0.46548160396858207,1.0
39,steady,dbaps,1.0,11.688,526.9928444444444,0.04281903242955874,0.6728888888888889,59.906853384256316,119.0,34.604,54.36,0.5027766266058847,0.5105180533751962,0,0.4487587523870146,1.0
40,steady,dbaps,1.0,11.544,529.6511434343436,0.04750707070707071,0.7164444444444443,61.40591836734694,118.0,34.852,55.14,0.5036019433740995,0.5129830917874396,0,0.45653061224489794,1.0
41,steady,dbaps,1.0,12.0,528.0149050505051,0.04311026049973419,0.6876363636363637,61.146116241173274,119.0,33.924,54.0,0.5036680602666246,0.5139933794763768,0,0.44975556762629004,1.0
42,steady,dbaps,1.0,11.0,528.4478262626263,0.04710160427807487,0.6926060606060606,60.471379011274934,117.0,33.932,54.0,0.5033672670321065,0.513312693498452,0,0.45555073720728534,1.0
43,steady,dbaps,1.0,12.0,526.7390568421054,0.04019368421052631,0.6666105263157894,59.86616441391536,120.0,32.672,51.0,0.5029733499743044,0.511985794613791,0,0.45778861068025706,1.0
44,steady,dbaps,1.0,12.0,526.2139232323233,0.04043551302498671,0.660121212121212,60.779097387173394,119.0,35.188,54.02,0.5032015065913371,0.5131782945736434,0,0.4489311163895487,1.0
45,steady,dbaps,1.0,12.0,529.8733050505051,0.049173414820473646,0.7262222222222223,56.47839569981394,117.0,36.104,56.5,0.5025094587290557,0.5106592325352575,0,0.4207153194128592,1.0
46,steady,dbaps,1.0,12.0,528.8358530612246,0.04335682062298604,0.7006938775510205,61.69135316131574,119.0,33.388,54.028,0.5032646911099949,0.5109735509285313,0,0.46011424069332285,1.0
47,steady,dbaps,1.0,12.892,527.322096969697,0.04229761271866535,0.6755151515151515,57.056963268513066,119.0,36.024,56.7,0.5027584204413472,0.5102040816326531,0,0.42349243763504224,1.0
48,steady,dbaps,1.0,11.5,527.6576897959183,0.044878911564625854,0.6761224489795918,58.96131122546217,118.0,33.24,54.0,0.5029244583573605,0.5105623326390956,0,0.4434915189632171,1.0
49,steady,dbaps,1.0,11.384,524.64418989899,0.04050707070707071,0.6362424242424243,61.18467881944444,118.0,35.78,53.384,0.502588438308887,0.5116429495472187,0,0.4650607638888889,1.0
0,intermittent,dbaps,0.0,15.64,542.9827224489796,0.05932018450526538,0.9228979591836735,27.98867084766336,114.0,35.608,66.508,0.4731738849385908,0.7996443390634262,0,0.15213433137770585,1.0
1,intermittent,dbaps,0.0,14.732,549.0818383838384,0.06846639950463479,1.0064646464646465,28.151599443671767,115.0,33.788,69.68,0.4696955846055398,0.7988523104802174,0,0.14921517981323265,1.0
2,intermittent,dbaps,0.0,16.108,549.5003757575757,0.06273591286594382,1.0083636363636364,27.752510128589044,115.0,32.212,70.6,0.46792683994049183,0.8080041851948732,0,0.14549938347718866,1.0
3,intermittent,dbaps,0.0,14.168,543.4356448979592,0.06564872168647679,0.9286938775510205,26.13002600520104,113.0,35.364,67.688,0.47170723843301626,0.8066221480244853,0,0.15083016603320665,1.0
4,intermittent,dbaps,0.0,14.084,542.6617696969698,0.0653835842806431,0.9194747474747476,28.63648322736242,114.0,36.672,67.12,0.4734516704131463,0.7954613317408181,0,0.167068625301469,1.0
5,intermittent,dbaps,0.0,15.108,543.7569833333334,0.06171819392821232,0.9295,25.228080931943595,113.0,34.148,66.42,0.476511610085064,0.8109965635738832,0,0.13345595749029227,1.0
6,intermittent,dbaps,0.0,15.324,546.5081898989899,0.06357279445318662,0.9719595959595958,27.345454545454544,114.0,33.94,68.504,0.4741799553829629,0.8148366205475419,0,0.14606741573033707,1.0
7,intermittent,dbaps,0.0,14.02,542.4353939393941,0.0650074241662477,0.910020202020202,27.446456692913387,113.0,35.872,67.936,0.4704134885588117,0.8044795783926219,0,0.16043307086614172,1.0
8,intermittent,dbaps,0.0,17.096,540.8560080808082,0.05203144865301728,0.8872727272727272,27.78339278636544,115.0,36.388,68.1,0.47354763100619457,0.8078087167070218,0,0.1458581054300436,1.0
9,intermittent,dbaps,0.0,15.664,542.2156000000001,0.05831848057916169,0.9099797979797979,29.58783783783784,116.0,37.14,67.888,0.47249165209095245,0.7983635300993571,0,0.16279560810810811,1.0
10,intermittent,dbaps,0.0,15.94,547.040501010101,0.062000587596098444,0.9821818181818183,27.91343226788432,116.0,35.072,68.712,0.4706928549334983,0.8035620743844945,0,0.1537290715372907,1.0
11,intermittent,dbaps,0.0,16.676,544.7657979797981,0.057070446781747095,0.9478383838383839,28.753749013417522,116.0,35.256,68.86,0.47155963302752296,0.8054131054131054,0,0.14936858721389107,1.0
12,intermittent,dbaps,0.0,14.128,541.637785858586,0.06411184828243652,0.9024646464646464,26.289772727272727,113.0,36.484,67.172,0.47641509433962265,0.8000643915003219,0,0.14838286713286714,1.0
13,intermittent,dbaps,0.0,14.788,544.0701373737375,0.06326741548212136,0.934909090909091,26.33366434955313,113.0,35.388,68.6,0.4743307086614173,0.8152112676056338,0,0.1451837140019861,1.0
14,intermittent,dbaps,0.0,14.156,544.5755797979799,0.06694287009287009,0.9465050505050506,26.249809741248097,113.0,35.4,68.768,0.4719038522763451,0.8071079761258817,0,0.14745053272450534,1.0
15,intermittent,dbaps,0.0,14.156,543.3060040404041,0.0656330277961294,0.9253737373737373,26.98013524936602,113.0,35.94,68.5,0.4753345155569886,0.8009049773755657,0,0.1521555367709214,1.0
16,intermittent,dbaps,0.0,14.776,546.8446913580248,0.06627568154833949,0.9771358024691358,26.670246085011186,114.0,27.536,56.088,0.4706661234467305,0.8049113233287858,0,0.14541387024608501,1.0
17,intermittent,dbaps,0.0,15.856,546.7380208333334,0.06164320874183007,0.9767083333333334,26.899033721159533,114.0,34.032,68.58,0.46994631699375167,0.7998228520814881,0,0.14573062512324986,1.0
18,intermittent,dbaps,0.0,15.892,543.9245777777778,0.058874451707372245,0.9334141414141414,26.518999612252813,114.0,35.124,68.728,0.47382474310219275,0.8074314361545267,0,0.14443582784024817,1.0
19,intermittent,dbaps,0.0,15.848,545.6355797979799,0.060702703505644676,0.9612121212121213,26.825106054762824,114.0,35.016,69.456,0.4734470550370132,0.8143896976483762,0,0.1407635942923255,1.0
20,intermittent,dbaps,0.0,14.008,547.7504161616164,0.07069422244422245,0.9892525252525253,26.33142329020333,113.0,34.144,69.6,0.47041444398851046,0.8102228047182176,0,0.1467652495378928,1.0
21,intermittent,dbaps,0.0,14.324,545.5026707070707,0.0674235527692747,0.9582222222222222,26.538847620959647,114.0,34.784,67.46,0.47684284268700866,0.8090707262924199,0,0.14153784380646456,1.0
22,intermittent,dbaps,0.0,14.092,543.0350666666667,0.06577243017399266,0.9267916666666668,28.517530319735393,113.0,35.184,65.344,0.4719949153888933,0.7960738353354819,0,0.16670341786108048,1.0
23,intermittent,dbaps,0.0,15.5,548.7808083333333,0.06514595060780723,1.00975,27.469611021069692,115.0,33.372,67.732,0.4742970501983785,0.8095690747782003,0,0.13776337115072934,1.0
24,intermittent,dbaps,0.0,14.384,545.5353535353537,0.06702658115305174,0.9627878787878789,26.75112951807229,113.0,34.996,68.228,0.4732987739652761,0.8048999103674933,0,0.14476656626506024,1.0
25,intermittent,dbaps,0.0,15.032,542.7118734693879,0.0613435273010303,0.9208571428571429,27.54670558798999,114.0,36.548,67.888,0.4724236252545825,0.8040287769784172,0,0.1574228523769808,1.0
26,intermittent,dbaps,0.0,16.296,540.3173777777779,0.05468834682498253,0.8907070707070708,26.60607424071991,114.0,38.104,67.644,0.4793542629999189,0.8121960344182566,0,0.13970753655793025,1.0
27,intermittent,dbaps,0.0,14.48,546.6648848484849,0.06719048380813086,0.9703030303030303,25.15033072760072,113.0,34.22,69.864,0.47407957734852235,0.8136444181925576,0,0.14151132491481258,1.0
28,intermittent,dbaps,0.0,14.436,543.7551070707071,0.06427281748752336,0.9267474747474749,26.845259215454366,113.0,34.7,68.232,0.4717179052691035,0.8073191017466038,0,0.15276956436033906,1.0
29,intermittent,dbaps,0.0,15.172,545.1953737373739,0.06327595958870469,0.9594343434343434,27.072303675436835,113.0,35.884,69.512,0.47175069673169495,0.8025814021707246,0,0.1502309700743121,1.0
30,intermittent,dbaps,0.0,13.52,542.4862521739132,0.06878732000097089,0.9282608695652174,28.300416281221093,113.0,34.864,61.632,0.475555906008516,0.7966101694915254,0,0.15795559666975023,1.0
31,intermittent,dbaps,0.0,13.492,545.3846101010101,0.07110452459997915,0.9568080808080809,26.202052841665083,113.0,35.08,68.668,0.4727809706257982,0.8055875576036866,0,0.14521954001140466,1.0
32,intermittent,dbaps,0.0,15.548,544.0720080808082,0.06052683049473555,0.9371717171717171,27.804769603880356,114.0,35.14,68.22,0.4720068906115418,0.7967806841046278,0,0.154607922392886,1.0
33,intermittent,dbaps,0.0,15.544,545.2472565656566,0.06208096235645256,0.9633131313131315,26.9057546145494,114.0,36.596,69.276,0.4763373650458641,0.8027976799727056,0,0.14071661237785016,1.0
34,intermittent,dbaps,0.0,14.556,543.4859797979798,0.0642029781765076,0.9338585858585859,27.79229406554473,114.0,36.248,67.688,0.4758185142097391,0.8031018206338503,0,0.15234720992028344,1.0
35,intermittent,dbaps,0.0,19.152,541.302298989899,0.046443936604549804,0.8857777777777778,29.765260058881257,117.0,35.384,69.18,0.4706731636888648,0.7948232323232324,0,0.15093228655544652,1.0
36,intermittent,dbaps,0.0,15.88,539.5317583333333,0.0549448035250425,0.8700833333333332,28.227845486469736,115.0,35.496,64.264,0.4754314126937701,0.8102965864577504,0,0.15203470357364182,1.0
37,intermittent,dbaps,0.0,16.644,547.36392,0.05945365164717781,0.9889263157894737,28.046191747074523,116.0,33.832,66.7,0.4737131342736765,0.797316384180791,0,0.14083350441387804,1.0
38,intermittent,dbaps,0.0,13.92,544.9300888888889,0.0686977823523278,0.955030303030303,28.52394366197183,113.0,35.888,68.108,0.4721542227662179,0.7887981330221704,0,0.1647887323943662,1.0
39,intermittent,dbaps,0.0,14.644,544.380505050505,0.06455758783699961,0.9437575757575758,26.681563126252506,113.0,35.732,69.32,0.47328435465019203,0.8040953545232273,0,0.14989979959919839,1.0
40,intermittent,dbaps,0.0,14.512,547.1809292929294,0.06842458768207431,0.986909090909091,26.937310030395135,114.0,35.104,68.832,0.47215923406399596,0.7992820819623093,0,0.14437689969604864,1.0
41,intermittent,dbaps,0.0,14.952,544.5656888888889,0.06319608782647998,0.9439191919191919,28.72781520692974,114.0,34.904,67.784,0.4714538436796398,0.7993827160493827,0,0.1582290664100096,1.0
42,intermittent,dbaps,0.0,14.228,544.3154303030304,0.06647778265505538,0.9444444444444444,28.229253981559093,114.0,36.268,67.872,0.4728872681147931,0.7959243945658594,0,0.1615674769488684,1.0
43,intermittent,dbaps,0.0,14.344,542.7574905263159,0.06466459881363906,0.9194105263157896,26.91766298217911,114.0,34.652,64.468,0.47541227157926014,0.8140192198982475,0,0.1570042860365441,1.0
44,intermittent,dbaps,0.0,15.124,543.0647919191921,0.06123368363662481,0.9253333333333333,28.32869890018676,114.0,36.6,68.576,0.47189960246316937,0.803868155815854,0,0.16019921145465865,1.0
45,intermittent,dbaps,0.0,13.656,545.2598383838385,0.0704492895992896,0.9606060606060605,27.0225931202931,113.0,35.636,67.932,0.4734516765285996,0.7966917293233082,0,0.15245267657235906,1.0
46,intermittent,dbaps,0.0,15.328,543.9773918367347,0.061432922912754845,0.9404081632653063,27.521596051007815,114.0,35.532,67.488,0.4737785016286645,0.8015527950310559,0,0.14520773344302756,1.0
47,intermittent,dbaps,0.0,15.072,542.4511717171717,0.06011980325411699,0.9046868686868688,27.758882235528944,114.0,35.5,68.312,0.4716911764705882,0.803076923076923,0,0.15768463073852296,1.0
48,intermittent,dbaps,0.0,14.992,541.7059469387756,0.06033006290428259,0.9023265306122448,27.672822665267574,114.0,36.932,67.912,0.4737014047696831,0.7997542997542998,0,0.15236096537250787,1.0
49,intermittent,dbaps,0.0,14.74,541.8627474747476,0.06162051506953468,0.9025858585858587,26.91782786885246,113.0,36.432,67.672,0.47560975609756095,0.8097982708933718,0,0.14795081967213114,1.0
0,intermittent,ewma,0.0,15.64,542.9827224489796,0.05932018450526538,0.9228979591836735,27.98867084766336,114.0,35.608,66.508,0.4731738849385908,0.7996443390634262,0,0.15213433137770585,1.0
1,intermittent,ewma,0.0,14.732,549.0818383838384,0.06846639950463479,1.0064646464646465,28.151599443671767,115.0,33.788,69.68,0.4696955846055398,0.7988523104802174,0,0.14921517981323265,1.0
2,intermittent,ewma,0.0,16.108,549.5003757575757,0.06273591286594382,1.0083636363636364,27.752510128589044,115.0,32.212,70.6,0.46792683994049183,0.8080041851948732,0,0.14549938347718866,1.0
3,intermittent,ewma,0.0,14.168,543.4356448979592,0.06564872168647679,0.9286938775510205,26.13002600520104,113.0,35.364,67.688,0.47170723843301626,0.8066221480244853,0,0.15083016603320665,1.0
4,intermittent,ewma,0.0,14.084,542.6617696969698,0.0653835842806431,0.9194747474747476,28.63648322736242,114.0,36.672,67.12,0.4734516704131463,0.7954613317408181,0,0.167068625301469,1.0
5,intermittent,ewma,0.0,15.108,543.7569833333334,0.06171819392821232,0.9295,25.228080931943595,113.0,34.148,66.42,0.476511610085064,0.8109965635738832,0,0.13345595749029227,1.0
6,intermittent,ewma,0.0,15.324,546.5081898989899,0.06357279445318662,0.9719595959595958,27.345454545454544,114.0,33.94,68.504,0.4741799553829629,0.8148366205475419,0,0.14606741573033707,1.0
7,intermittent,ewma,0.0,14.02,542.4353939393941,0.0650074241662477,0.910020202020202,27.446456692913387,113.0,35.872,67.936,0.4704134885588117,0.8044795783926219,0,0.16043307086614172,1.0
8,intermittent,ewma,0.0,17.096,540.8560080808082,0.05203144865301728,0.8872727272727272,27.78339278636544,115.0,36.388,68.1,0.47354763100619457,0.8078087167070218,0,0.1458581054300436,1.0
9,intermittent,ewma,0.0,15.664,542.2156000000001,0.05831848057916169,0.9099797979797979,29.58783783783784,116.0,37.14,67.888,0.47249165209095245,0.7983635300993571,0,0.16279560810810811,1.0
10,intermittent,ewma,0.0,15.94,547.040501010101,0.062000587596098444,0.9821818181818183,27.91343226788432,116.0,35.072,68.712,0.4706928549334983,0.8035620743844945,0,0.1537290715372907,1.0
11,intermittent,ewma,0.0,16.676,544.7657979797981,0.057070446781747095,0.9478383838383839,28.753749013417522,116.0,35.256,68.86,0.47155963302752296,0.8054131054131054,0,0.14936858721389107,1.0
12,intermittent,ewma,0.0,14.128,541.637785858586,0.06411184828243652,0.9024646464646464,26.289772727272727,113.0,36.484,67.172,0.47641509433962265,0.8000643915003219,0,0.14838286713286714,1.0
13,intermittent,ewma,0.0,14.788,544.0701373737375,0.06326741548212136,0.934909090909091,26.33366434955313,113.0,35.388,68.6,0.4743307086614173,0.8152112676056338,0,0.1451837140019861,1.0
14,intermittent,ewma,0.0,14.156,544.5755797979799,0.06694287009287009,0.9465050505050506,26.249809741248097,113.0,35.4,68.768,0.4719038522763451,0.8071079761258817,0,0.14745053272450534,1.0
15,intermittent,ewma,0.0,14.156,543.3060040404041,0.0656330277961294,0.9253737373737373,26.98013524936602,113.0,35.94,68.5,0.4753345155569886,0.8009049773755657,0,0.1521555367709214,1.0
16,intermittent,ewma,0.0,14.776,546.8446913580248,0.06627568154833949,0.9771358024691358,26.670246085011186,114.0,27.536,56.088,0.4706661234467305,0.8049113233287858,0,0.14541387024608501,1.0
17,intermittent,ewma,0.0,15.856,546.7380208333334,0.06164320874183007,0.9767083333333334,26.899033721159533,114.0,34.032,68.58,0.46994631699375167,0.7998228520814881,0,0.14573062512324986,1.0
18,intermittent,ewma,0.0,15.892,543.9245777777778,0.058874451707372245,0.9334141414141414,26.518999612252813,114.0,35.124,68.728,0.47382474310219275,0.8074314361545267,0,0.14443582784024817,1.0
19,intermittent,ewma,0.0,15.848,545.6355797979799,0.060702703505644676,0.9612121212121213,26.825106054762824,114.0,35.016,69.456,0.4734470550370132,0.8143896976483762,0,0.1407635942923255,1.0
20,intermittent,ewma,0.0,14.008,547.7504161616164,0.07069422244422245,0.9892525252525253,26.33142329020333,113.0,34.144,69.6,0.47041444398851046,0.8102228047182176,0,0.1467652495378928,1.0
21,intermittent,ewma,0.0,14.324,545.5026707070707,0.0674235527692747,0.9582222222222222,26.538847620959647,114.0,34.784,67.46,0.47684284268700866,0.8090707262924199,0,0.14153784380646456,1.0
22,intermittent,ewma,0.0,14.092,543.0350666666667,0.06577243017399266,0.9267916666666668,28.517530319735393,113.0,35.184,65.344,0.4719949153888933,0.7960738353354819,0,0.16670341786108048,1.0
23,intermittent,ewma,0.0,15.5,548.7808083333333,0.06514595060780723,1.00975,27.469611021069692,115.0,33.372,67.732,0.4742970501983785,0.8095690747782003,0,0.13776337115072934,1.0
24,intermittent,ewma,0.0,14.384,545.5353535353537,0.06702658115305174,0.9627878787878789,26.75112951807229,113.0,34.996,68.228,0.4732987739652761,0.8048999103674933,0,0.14476656626506024,1.0
25,intermittent,ewma,0.0,15.032,542.7118734693879,0.0613435273010303,0.9208571428571429,27.54670558798999,114.0,36.548,67.888,0.4724236252545825,0.8040287769784172,0,0.1574228523769808,1.0
26,intermittent,ewma,0.0,16.296,540.3173777777779,0.05468834682498253,0.8907070707070708,26.60607424071991,114.0,38.104,67.644,0.4793542629999189,0.8121960344182566,0,0.13970753655793025,1.0
27,intermittent,ewma,0.0,14.48,546.6648848484849,0.06719048380813086,0.9703030303030303,25.15033072760072,113.0,34.22,69.864,0.47407957734852235,0.8136444181925576,0,0.14151132491481258,1.0
28,intermittent,ewma,0.0,14.436,543.7551070707071,0.06427281748752336,0.9267474747474749,26.845259215454366,113.0,34.7,68.232,0.4717179052691035,0.8073191017466038,0,0.15276956436033906,1.0
29,intermittent,ewma,0.0,15.172,545.1953737373739,0.06327595958870469,0.9594343434343434,27.072303675436835,113.0,35.884,69.512,0.47175069673169495,0.8025814021707246,0,0.1502309700743121,1.0
30,intermittent,ewma,0.0,13.52,542.4862521739132,0.06878732000097089,0.9282608695652174,28.300416281221093,113.0,34.864,61.632,0.475555906008516,0.7966101694915254,0,0.15795559666975023,1.0
31,intermittent,ewma,0.0,13.492,545.3846101010101,0.07110452459997915,0.9568080808080809,26.202052841665083,113.0,35.08,68.668,0.4727809706257982,0.8055875576036866,0,0.14521954001140466,1.0
32,intermittent,ewma,0.0,15.548,544.0720080808082,0.06052683049473555,0.9371717171717171,27.804769603880356,114.0,35.14,68.22,0.4720068906115418,0.7967806841046278,0,0.154607922392886,1.0
33,intermittent,ewma,0.0,15.544,545.2472565656566,0.06208096235645256,0.9633131313131315,26.9057546145494,114.0,36.596,69.276,0.4763373650458641,0.8027976799727056,0,0.14071661237785016,1.0
34,intermittent,ewma,0.0,14.556,543.4859797979798,0.0642029781765076,0.9338585858585859,27.79229406554473,114.0,36.248,67.688,0.4758185142097391,0.8031018206338503,0,0.15234720992028344,1.0
35,intermittent,ewma,0.0,19.152,541.302298989899,0.046443936604549804,0.8857777777777778,29.765260058881257,117.0,35.384,69.18,0.4706731636888648,0.7948232323232324,0,0.15093228655544652,1.0
36,intermittent,ewma,0.0,15.88,539.5317583333333,0.0549448035250425,0.8700833333333332,28.227845486469736,115.0,35.496,64.264,0.4754314126937701,0.8102965864577504,0,0.15203470357364182,1.0
37,intermittent,ewma,0.0,16.644,547.36392,0.05945365164717781,0.9889263157894737,28.046191747074523,116.0,33.832,66.7,0.4737131342736765,0.797316384180791,0,0.14083350441387804,1.0
38,intermittent,ewma,0.0,13.92,544.9300888888889,0.0686977823523278,0.955030303030303,28.52394366197183,113.0,35.888,68.108,0.4721542227662179,0.7887981330221704,0,0.1647887323943662,1.0
39,intermittent,ewma,0.0,14.644,544.380505050505,0.06455758783699961,0.9437575757575758,26.681563126252506,113.0,35.732,69.32,0.47328435465019203,0.8040953545232273,0,0.14989979959919839,1.0
40,intermittent,ewma,0.0,14.512,547.1809292929294,0.06842458768207431,0.986909090909091,26.937310030395135,114.0,35.104,68.832,0.47215923406399596,0.7992820819623093,0,0.14437689969604864,1.0
41,intermittent,ewma,0.0,14.952,544.5656888888889,0.06319608782647998,0.9439191919191919,28.72781520692974,114.0,34.904,67.784,0.4714538436796398,0.7993827160493827,0,0.1582290664100096,1.0
42,intermittent,ewma,0.0,14.228,544.3154303030304,0.06647778265505538,0.9444444444444444,28.229253981559093,114.0,36.268,67.872,0.4728872681147931,0.7959243945658594,0,0.1615674769488684,1.0
43,intermittent,ewma,0.0,14.344,542.7574905263159,0.06466459881363906,0.9194105263157896,26.91766298217911,114.0,34.652,64.468,0.47541227157926014,0.8140192198982475,0,0.1570042860365441,1.0
44,intermittent,ewma,0.0,15.124,543.0647919191921,0.06123368363662481,0.9253333333333333,28.32869890018676,114.0,36.6,68.576,0.47189960246316937,0.803868155815854,0,0.16019921145465865,1.0
45,intermittent,ewma,0.0,13.656,545.2598383838385,0.0704492895992896,0.9606060606060605,27.0225931202931,113.0,35.636,67.932,0.4734516765285996,0.7966917293233082,0,0.15245267657235906,1.0
46,intermittent,ewma,0.0,15.328,543.9773918367347,0.061432922912754845,0.9404081632653063,27.521596051007815,114.0,35.532,67.488,0.4737785016286645,0.8015527950310559,0,0.14520773344302756,1.0
47,intermittent,ewma,0.0,15.072,542.4511717171717,0.06011980325411699,0.9046868686868688,27.758882235528944,114.0,35.5,68.312,0.4716911764705882,0.803076923076923,0,0.15768463073852296,1.0
48,intermittent,ewma,0.0,14.992,541.7059469387756,0.06033006290428259,0.9023265306122448,27.672822665267574,114.0,36.932,67.912,0.4737014047696831,0.7997542997542998,0,0.15236096537250787,1.0
49,intermittent,ewma,0.0,14.74,541.8627474747476,0.06162051506953468,0.9025858585858587,26.91782786885246,113.0,36.432,67.672,0.47560975609756095,0.8097982708933718,0,0.14795081967213114,1.0
0,intermittent,dbaps,0.5,15.64,542.9827224489796,0.05932018450526538,0.9228979591836735,27.98867084766336,114.0,35.608,66.508,0.4731738849385908,0.7996443390634262,0,0.15213433137770585,1.0
1,intermittent,dbaps,0.5,14.732,549.0818383838384,0.06846639950463479,1.0064646464646465,28.151599443671767,115.0,33.788,69.68,0.4696955846055398,0.7988523104802174,0,0.14921517981323265,1.0
2,intermittent,dbaps,0.5,16.112,549.5003757575757,0.06272376524595306,1.0083636363636364,27.75374317421173,115.0,32.216,70.604,0.46792683994049183,0.8080041851948732,0,0.14549938347718866,1.0
3,intermittent,dbaps,0.5,14.168,543.4356448979592,0.06564872168647679,0.9286938775510205,26.13002600520104,113.0,35.364,67.688,0.47170723843301626,0.8066221480244853,0,0.15083016603320665,1.0
4,intermittent,dbaps,0.5,14.084,542.6617696969698,0.0653835842806431,0.9194747474747476,28.63648322736242,114.0,36.672,67.12,0.4734516704131463,0.7954613317408181,0,0.167068625301469,1.0
5,intermittent,dbaps,0.5,15.108,543.7569833333334,0.06171819392821232,0.9295,25.228080931943595,113.0,34.148,66.42,0.476511610085064,0.8109965635738832,0,0.13345595749029227,1.0
6,intermittent,dbaps,0.5,15.324,546.5081898989899,0.06357279445318662,0.9719595959595958,27.345454545454544,114.0,33.94,68.504,0.4741799553829629,0.8148366205475419,0,0.14606741573033707,1.0
7,intermittent,dbaps,0.5,14.02,542.4353939393941,0.0650074241662477,0.910020202020202,27.446456692913387,113.0,35.872,67.936,0.4704134885588117,0.8044795783926219,0,0.16043307086614172,1.0
8,intermittent,dbaps,0.5,17.1,540.8560080808082,0.05201926802318959,0.8872727272727272,27.783987316686485,115.0,36.392,68.104,0.47354763100619457,0.8078087167070218,0,0.1458581054300436,1.0
9,intermittent,dbaps,0.5,15.664,542.2156000000001,0.05831848057916169,0.9099797979797979,29.58783783783784,116.0,37.14,67.888,0.47249165209095245,0.7983635300993571,0,0.16279560810810811,1.0
10,intermittent,dbaps,0.5,15.94,547.040501010101,0.062000587596098444,0.9821818181818183,27.91343226788432,116.0,35.072,68.712,0.4706928549334983,0.8035620743844945,0,0.1537290715372907,1.0
11,intermittent,dbaps,0.5,16.676,544.7657979797981,0.057070446781747095,0.9478383838383839,28.753749013417522,116.0,35.256,68.86,0.47155963302752296,0.8054131054131054,0,0.14936858721389107,1.0
12,intermittent,dbaps,0.5,14.128,541.637785858586,0.06411184828243652,0.9024646464646464,26.289772727272727,113.0,36.484,67.172,0.47641509433962265,0.8000643915003219,0,0.14838286713286714,1.0
13,intermittent,dbaps,0.5,14.788,544.0701373737375,0.06326741548212136,0.934909090909091,26.33366434955313,113.0,35.388,68.6,0.4743307086614173,0.8152112676056338,0,0.1451837140019861,1.0
14,intermittent,dbaps,0.5,14.156,544.5755797979799,0.06694287009287009,0.9465050505050506,26.249809741248097,113.0,35.4,68.768,0.4719038522763451,0.8071079761258817,0,0.14745053272450534,1.0
15,intermittent,dbaps,0.5,14.156,543.3060040404041,0.0656330277961294,0.9253737373737373,26.98013524936602,113.0,35.94,68.5,0.4753345155569886,0.8009049773755657,0,0.1521555367709214,1.0
16,intermittent,dbaps,0.5,14.776,546.8446913580248,0.06627568154833949,0.9771358024691358,26.670246085011186,114.0,27.536,56.088,0.4706661234467305,0.8049113233287858,0,0.14541387024608501,1.0
17,intermittent,dbaps,0.5,15.856,546.7380208333334,0.06164320874183007,0.9767083333333334,26.899033721159533,114.0,34.032,68.58,0.46994631699375167,0.7998228520814881,0,0.14573062512324986,1.0
18,intermittent,dbaps,0.5,15.892,543.9245777777778,0.058874451707372245,0.9334141414141414,26.518999612252813,114.0,35.124,68.728,0.47382474310219275,0.8074314361545267,0,0.14443582784024817,1.0
19,intermittent,dbaps,0.5,15.848,545.6355797979799,0.060702703505644676,0.9612121212121213,26.825106054762824,114.0,35.016,69.456,0.4734470550370132,0.8143896976483762,0,0.1407635942923255,1.0
20,intermittent,dbaps,0.5,14.008,547.7504161616164,0.07069422244422245,0.9892525252525253,26.33142329020333,113.0,34.144,69.6,0.47041444398851046,0.8102228047182176,0,0.1467652495378928,1.0
21,intermittent,dbaps,0.5,14.324,545.5026707070707,0.0674235527692747,0.9582222222222222,26.538847620959647,114.0,34.784,67.46,0.47684284268700866,0.8090707262924199,0,0.14153784380646456,1.0
22,intermittent,dbaps,0.5,14.092,543.0350666666667,0.06577243017399266,0.9267916666666668,28.517530319735393,113.0,35.184,65.344,0.4719949153888933,0.7960738353354819,0,0.16670341786108048,1.0
23,intermittent,dbaps,0.5,15.5,548.7808083333333,0.06514595060780723,1.00975,27.469611021069692,115.0,33.372,67.732,0.4742970501983785,0.8095690747782003,0,0.13776337115072934,1.0
24,intermittent,dbaps,0.5,14.384,545.5353535353537,0.06702658115305174,0.9627878787878789,26.75112951807229,113.0,34.996,68.228,0.4732987739652761,0.8048999103674933,0,0.14476656626506024,1.0
25,intermittent,dbaps,0.5,15.032,542.7136285714286,0.061346078321438464,0.9208979591836735,27.54670558798999,114.0,36.552,67.892,0.4724236252545825,0.8040287769784172,0,0.1574228523769808,1.0
26,intermittent,dbaps,0.5,16.296,540.3173777777779,0.05468834682498253,0.8907070707070708,26.60607424071991,114.0,38.104,67.644,0.4793542629999189,0.8121960344182566,0,0.13970753655793025,1.0
27,intermittent,dbaps,0.5,14.48,546.6702141414142,0.06719625581390287,0.9703838383838385,25.130086189617156,113.0,34.22,69.868,0.47407957734852235,0.8136444181925576,0,0.1413108839446783,1.0
28,intermittent,dbaps,0.5,14.436,543.7551070707071,0.06427281748752336,0.9267474747474749,26.845259215454366,113.0,34.7,68.232,0.4717179052691035,0.8073191017466038,0,0.15276956436033906,1.0
29,intermittent,dbaps,0.5,15.172,545.1953737373739,0.06327595958870469,0.9594343434343434,27.072303675436835,113.0,35.884,69.512,0.47175069673169495,0.8025814021707246,0,0.1502309700743121,1.0
30,intermittent,dbaps,0.5,13.52,542.4862521739132,0.06878732000097089,0.9282608695652174,28.300416281221093,113.0,34.864,61.632,0.475555906008516,0.7966101694915254,0,0.15795559666975023,1.0
31,intermittent,dbaps,0.5,13.492,545.3846101010101,0.07110452459997915,0.9568080808080809,26.202052841665083,113.0,35.08,68.668,0.4727809706257982,0.8055875576036866,0,0.14521954001140466,1.0
32,intermittent,dbaps,0.5,15.548,544.0720080808082,0.06052683049473555,0.9371717171717171,27.804769603880356,114.0,35.14,68.22,0.4720068906115418,0.7967806841046278,0,0.154607922392886,1.0
33,intermittent,dbaps,0.5,15.544,545.2472565656566,0.06208096235645256,0.9633131313131315,26.9057546145494,114.0,36.596,69.276,0.4763373650458641,0.8027976799727056,0,0.14071661237785016,1.0
34,intermittent,dbaps,0.5,14.556,543.4859797979798,0.0642029781765076,0.9338585858585859,27.79229406554473,114.0,36.248,67.688,0.4758185142097391,0.8031018206338503,0,0.15234720992028344,1.0
35,intermittent,dbaps,0.5,19.152,541.302298989899,0.046443936604549804,0.8857777777777778,29.765260058881257,117.0,35.384,69.18,0.4706731636888648,0.7948232323232324,0,0.15093228655544652,1.0
36,intermittent,dbaps,0.5,15.88,539.5317583333333,0.0549448035250425,0.8700833333333332,28.227845486469736,115.0,35.496,64.264,0.4754314126937701,0.8102965864577504,0,0.15203470357364182,1.0
37,intermittent,dbaps,0.5,16.644,547.36392,0.05945365164717781,0.9889263157894737,28.046191747074523,116.0,33.832,66.7,0.4737131342736765,0.797316384180791,0,0.14083350441387804,1.0
38,intermittent,dbaps,0.5,13.92,544.9300888888889,0.0686977823523278,0.955030303030303,28.52394366197183,113.0,35.888,68.108,0.4721542227662179,0.7887981330221704,0,0.1647887323943662,1.0
39,intermittent,dbaps,0.5,14.644,544.380505050505,0.06455758783699961,0.9437575757575758,26.681563126252506,113.0,35.732,69.32,0.47328435465019203,0.8040953545232273,0,0.14989979959919839,1.0
40,intermittent,dbaps,0.5,14.512,547.1809292929294,0.06842458768207431,0.986909090909091,26.937310030395135,114.0,35.104,68.832,0.47215923406399596,0.7992820819623093,0,0.14437689969604864,1.0
41,intermittent,dbaps,0.5,14.952,544.5656888888889,0.06319608782647998,0.9439191919191919,28.72781520692974,114.0,34.904,67.784,0.4714538436796398,0.7993827160493827,0,0.1582290664100096,1.0
42,intermittent,dbaps,0.5,14.228,544.3154303030304,0.06647778265505538,0.9444444444444444,28.229253981559093,114.0,36.268,67.872,0.4728872681147931,0.7959243945658594,0,0.1615674769488684,1.0
43,intermittent,dbaps,0.5,14.344,542.7574905263159,0.06466459881363906,0.9194105263157896,26.91766298217911,114.0,34.652,64.468,0.47541227157926014,0.8140192198982475,0,0.1570042860365441,1.0
44,intermittent,dbaps,0.5,15.124,543.0647919191921,0.06123368363662481,0.9253333333333333,28.32869890018676,114.0,36.6,68.576,0.47189960246316937,0.803868155815854,0,0.16019921145465865,1.0
45,intermittent,dbaps,0.5,13.656,545.2598383838385,0.0704492895992896,0.9606060606060605,27.0225931202931,113.0,35.636,67.932,0.4734516765285996,0.7966917293233082,0,0.15245267657235906,1.0
46,intermittent,dbaps,0.5,15.328,543.9773918367347,0.061432922912754845,0.9404081632653063,27.521596051007815,114.0,35.532,67.488,0.4737785016286645,0.8015527950310559,0,0.14520773344302756,1.0
47,intermittent,dbaps,0.5,15.072,542.4511717171717,0.06011980325411699,0.9046868686868688,27.758882235528944,114.0,35.5,68.312,0.4716911764705882,0.803076923076923,0,0.15768463073852296,1.0
48,intermittent,dbaps,0.5,14.992,541.7059469387756,0.06033006290428259,0.9023265306122448,27.672822665267574,114.0,36.932,67.912,0.4737014047696831,0.7997542997542998,0,0.15236096537250787,1.0
49,intermittent,dbaps,0.5,14.74,541.8627474747476,0.06162051506953468,0.9025858585858587,26.91782786885246,113.0,36.432,67.672,0.47560975609756095,0.8097982708933718,0,0.14795081967213114,1.0
0,intermittent,ewma,0.5,15.64,542.9827224489796,0.05932018450526538,0.9228979591836735,27.98867084766336,114.0,35.608,66.508,0.4731738849385908,0.7996443390634262,0,0.15213433137770585,1.0
1,intermittent,ewma,0.5,14.732,549.0818383838384,0.06846639950463479,1.0064646464646465,28.151599443671767,115.0,33.788,69.68,0.4696955846055398,0.7988523104802174,0,0.14921517981323265,1.0
2,intermittent,ewma,0.5,16.112,549.5003757575757,0.06272376524595306,1.0083636363636364,27.75374317421173,115.0,32.216,70.604,0.46792683994049183,0.8080041851948732,0,0.14549938347718866,1.0
3,intermittent,ewma,0.5,14.168,543.4356448979592,0.06564872168647679,0.9286938775510205,26.13002600520104,113.0,35.364,67.688,0.47170723843301626,0.8066221480244853,0,0.15083016603320665,1.0
4,intermittent,ewma,0.5,14.084,542.6617696969698,0.0653835842806431,0.9194747474747476,28.63648322736242,114.0,36.672,67.12,0.4734516704131463,0.7954613317408181,0,0.167068625301469,1.0
5,intermittent,ewma,0.5,15.108,543.7569833333334,0.06171819392821232,0.9295,25.228080931943595,113.0,34.148,66.42,0.476511610085064,0.8109965635738832,0,0.13345595749029227,1.0
6,intermittent,ewma,0.5,15.324,546.5081898989899,0.06357279445318662,0.9719595959595958,27.345454545454544,114.0,33.94,68.504,0.4741799553829629,0.8148366205475419,0,0.14606741573033707,1.0
7,intermittent,ewma,0.5,14.02,542.4353939393941,0.0650074241662477,0.910020202020202,27.446456692913387,113.0,35.872,67.936,0.4704134885588117,0.8044795783926219,0,0.16043307086614172,1.0
8,intermittent,ewma,0.5,17.1,540.8560080808082,0.05201926802318959,0.8872727272727272,27.783987316686485,115.0,36.392,68.104,0.47354763100619457,0.8078087167070218,0,0.1458581054300436,1.0
9,intermittent,ewma,0.5,15.664,542.2156000000001,0.05831848057916169,0.9099797979797979,29.58783783783784,116.0,37.14,67.888,0.47249165209095245,0.7983635300993571,0,0.16279560810810811,1.0
10,intermittent,ewma,0.5,15.94,547.040501010101,0.062000587596098444,0.9821818181818183,27.91343226788432,116.0,35.072,68.712,0.4706928549334983,0.8035620743844945,0,0.1537290715372907,1.0
11,intermittent,ewma,0.5,16.676,544.7657979797981,0.057070446781747095,0.9478383838383839,28.753749013417522,116.0,35.256,68.86,0.47155963302752296,0.8054131054131054,0,0.14936858721389107,1.0
12,intermittent,ewma,0.5,14.128,541.637785858586,0.06411184828243652,0.9024646464646464,26.289772727272727,113.0,36.484,67.172,0.47641509433962265,0.8000643915003219,0,0.14838286713286714,1.0
13,intermittent,ewma,0.5,14.788,544.0737292929293,0.06327010908481498,0.934949494949495,26.31340615690169,113.0,35.384,68.6,0.4744094488188976,0.8154929577464789,0,0.14498510427010924,1.0
14,intermittent,ewma,0.5,14.156,544.5755797979799,0.06694287009287009,0.9465050505050506,26.249809741248097,113.0,35.4,68.768,0.4719038522763451,0.8071079761258817,0,0.14745053272450534,1.0
15,intermittent,ewma,0.5,14.156,543.3060040404041,0.0656330277961294,0.9253737373737373,26.98013524936602,113.0,35.94,68.5,0.4753345155569886,0.8009049773755657,0,0.1521555367709214,1.0
16,intermittent,ewma,0.5,14.776,546.8446913580248,0.06627568154833949,0.9771358024691358,26.670246085011186,114.0,27.536,56.088,0.4706661234467305,0.8049113233287858,0,0.14541387024608501,1.0
17,intermittent,ewma,0.5,15.856,546.7380208333334,0.06164320874183007,0.9767083333333334,26.899033721159533,114.0,34.032,68.58,0.46994631699375167,0.7998228520814881,0,0.14573062512324986,1.0
18,intermittent,ewma,0.5,15.892,543.9245777777778,0.058874451707372245,0.9334141414141414,26.518999612252813,114.0,35.124,68.728,0.47382474310219275,0.8074314361545267,0,0.14443582784024817,1.0
19,intermittent,ewma,0.5,15.848,545.6355797979799,0.060702703505644676,0.9612121212121213,26.825106054762824,114.0,35.016,69.456,0.4734470550370132,0.8143896976483762,0,0.1407635942923255,1.0
20,intermittent,ewma,0.5,14.008,547.7504161616164,0.07069422244422245,0.9892525252525253,26.33142329020333,113.0,34.144,69.6,0.47041444398851046,0.8102228047182176,0,0.1467652495378928,1.0
21,intermittent,ewma,0.5,14.324,545.5026707070707,0.0674235527692747,0.9582222222222222,26.538847620959647,114.0,34.784,67.46,0.47684284268700866,0.8090707262924199,0,0.14153784380646456,1.0
22,intermittent,ewma,0.5,14.092,543.0350666666667,0.06577243017399266,0.9267916666666668,28.517530319735393,113.0,35.184,65.344,0.4719949153888933,0.7960738353354819,0,0.16670341786108048,1.0
23,intermittent,ewma,0.5,15.5,548.7808083333333,0.06514595060780723,1.00975,27.469611021069692,115.0,33.372,67.732,0.4742970501983785,0.8095690747782003,0,0.13776337115072934,1.0
24,intermittent,ewma,0.5,14.384,545.5353535353537,0.06702658115305174,0.9627878787878789,26.75112951807229,113.0,34.996,68.228,0.4732987739652761,0.8048999103674933,0,0.14476656626506024,1.0
25,intermittent,ewma,0.5,15.032,542.7136285714286,0.061346078321438464,0.9208979591836735,27.54670558798999,114.0,36.552,67.892,0.4724236252545825,0.8040287769784172,0,0.1574228523769808,1.0
26,intermittent,ewma,0.5,16.296,540.3173777777779,0.05468834682498253,0.8907070707070708,26.60607424071991,114.0,38.104,67.644,0.4793542629999189,0.8121960344182566,0,0.13970753655793025,1.0
27,intermittent,ewma,0.5,14.48,546.6702141414142,0.06719625581390287,0.9703838383838385,25.130086189617156,113.0,34.22,69.868,0.47407957734852235,0.8136444181925576,0,0.1413108839446783,1.0
28,intermittent,ewma,0.5,14.436,543.7551070707071,0.06427281748752336,0.9267474747474749,26.845259215454366,113.0,34.7,68.232,0.4717179052691035,0.8073191017466038,0,0.15276956436033906,1.0
29,intermittent,ewma,0.5,15.172,545.1953737373739,0.06327595958870469,0.9594343434343434,27.072303675436835,113.0,35.884,69.512,0.47175069673169495,0.8025814021707246,0,0.1502309700743121,1.0
30,intermittent,ewma,0.5,13.52,542.4862521739132,0.06878732000097089,0.9282608695652174,28.300416281221093,113.0,34.864,61.632,0.475555906008516,0.7966101694915254,0,0.15795559666975023,1.0
31,intermittent,ewma,0.5,13.492,545.3846101010101,0.07110452459997915,0.9568080808080809,26.202052841665083,113.0,35.08,68.668,0.4727809706257982,0.8055875576036866,0,0.14521954001140466,1.0
32,intermittent,ewma,0.5,15.548,544.0720080808082,0.06052683049473555,0.9371717171717171,27.804769603880356,114.0,35.14,68.22,0.4720068906115418,0.7967806841046278,0,0.154607922392886,1.0
33,intermittent,ewma,0.5,15.544,545.2472565656566,0.06208096235645256,0.9633131313131315,26.9057546145494,114.0,36.596,69.276,0.4763373650458641,0.8027976799727056,0,0.14071661237785016,1.0
34,intermittent,ewma,0.5,14.556,543.4859797979798,0.0642029781765076,0.9338585858585859,27.79229406554473,114.0,36.248,67.688,0.4758185142097391,0.8031018206338503,0,0.15234720992028344,1.0
35,intermittent,ewma,0.5,19.152,541.302298989899,0.046443936604549804,0.8857777777777778,29.765260058881257,117.0,35.384,69.18,0.4706731636888648,0.7948232323232324,0,0.15093228655544652,1.0
36,intermittent,ewma,0.5,15.88,539.5317583333333,0.0549448035250425,0.8700833333333332,28.227845486469736,115.0,35.496,64.264,0.4754314126937701,0.8102965864577504,0,0.15203470357364182,1.0
37,intermittent,ewma,0.5,16.644,547.36392,0.05945365164717781,0.9889263157894737,28.046191747074523,116.0,33.832,66.7,0.4737131342736765,0.797316384180791,0,0.14083350441387804,1.0
38,intermittent,ewma,0.5,13.92,544.9300888888889,0.0686977823523278,0.955030303030303,28.52394366197183,113.0,35.888,68.108,0.4721542227662179,0.7887981330221704,0,0.1647887323943662,1.0
39,intermittent,ewma,0.5,14.644,544.380505050505,0.06455758783699961,0.9437575757575758,26.681563126252506,113.0,35.732,69.32,0.47328435465019203,0.8040953545232273,0,0.14989979959919839,1.0
40,intermittent,ewma,0.5,14.512,547.1809292929294,0.06842458768207431,0.986909090909091,26.937310030395135,114.0,35.104,68.832,0.47215923406399596,0.7992820819623093,0,0.14437689969604864,1.0
41,intermittent,ewma,0.5,14.952,544.5656888888889,0.06319608782647998,0.9439191919191919,28.72781520692974,114.0,34.904,67.784,0.4714538436796398,0.7993827160493827,0,0.1582290664100096,1.0
42,intermittent,ewma,0.5,14.228,544.3154303030304,0.06647778265505538,0.9444444444444444,28.229253981559093,114.0,36.268,67.872,0.4728872681147931,0.7959243945658594,0,0.1615674769488684,1.0
43,intermittent,ewma,0.5,14.344,542.7574905263159,0.06466459881363906,0.9194105263157896,26.91766298217911,114.0,34.652,64.468,0.47541227157926014,0.8140192198982475,0,0.1570042860365441,1.0
44,intermittent,ewma,0.5,15.124,543.0647919191921,0.06123368363662481,0.9253333333333333,28.32869890018676,114.0,36.6,68.576,0.47189960246316937,0.803868155815854,0,0.16019921145465865,1.0
45,intermittent,ewma,0.5,13.656,545.2598383838385,0.0704492895992896,0.9606060606060605,27.0225931202931,113.0,35.636,67.932,0.4734516765285996,0.7966917293233082,0,0.15245267657235906,1.0
46,intermittent,ewma,0.5,15.328,543.9773918367347,0.061432922912754845,0.9404081632653063,27.521596051007815,114.0,35.532,67.488,0.4737785016286645,0.8015527950310559,0,0.14520773344302756,1.0
47,intermittent,ewma,0.5,15.072,542.4511717171717,0.06011980325411699,0.9046868686868688,27.758882235528944,114.0,35.5,68.312,0.4716911764705882,0.803076923076923,0,0.15768463073852296,1.0
48,intermittent,ewma,0.5,14.992,541.7059469387756,0.06033006290428259,0.9023265306122448,27.672822665267574,114.0,36.932,67.912,0.4737014047696831,0.7997542997542998,0,0.15236096537250787,1.0
49,intermittent,ewma,0.5,14.74,541.8627474747476,0.06162051506953468,0.9025858585858587,26.91782786885246,113.0,36.432,67.672,0.47560975609756095,0.8097982708933718,0,0.14795081967213114,1.0
0,intermittent,dbaps,0.7,15.02,542.299718367347,0.06093358229353048,0.9113061224489796,30.211612381145052,114.0,35.26,65.728,0.47883554978916637,0.7738443534230545,0,0.17944568076067166,1.0
1,intermittent,dbaps,0.7,14.44,548.2786666666667,0.06892451731275259,0.9943434343434344,31.300218557520367,114.0,33.788,69.036,0.47658832170400295,0.7599761762954139,0,0.18279356248758197,1.0
2,intermittent,dbaps,0.7,16.1,548.4131676767677,0.06166848837437073,0.9911919191919192,30.881979918971286,115.0,32.052,69.656,0.4731578947368421,0.7732467532467533,0,0.1757970759203805,1.0
3,intermittent,dbaps,0.7,14.064,541.8672040816326,0.06431135157359648,0.9031836734693877,30.609521904380877,113.0,34.924,66.216,0.4769193391642371,0.7582146768893757,0,0.1964392878575715,1.0
4,intermittent,dbaps,0.7,14.04,542.292686868687,0.06519594904006669,0.9141010101010102,31.701381276035956,114.0,36.704,66.848,0.4795663703010451,0.7596266044340724,0,0.1975443981582986,1.0
5,intermittent,dbaps,0.7,14.776,542.7565041666668,0.06194746833028083,0.9146666666666667,29.159207030451665,114.0,34.228,65.712,0.4804525165460982,0.7564496314496314,0,0.1747394236664623,1.0
6,intermittent,dbaps,0.7,15.48,545.7765656565657,0.06236292440312048,0.9604444444444444,30.169356486210418,115.0,33.792,67.808,0.47817789578493197,0.7827726218097448,0,0.17548518896833504,1.0
7,intermittent,dbaps,0.7,13.864,541.4944888888889,0.06469783296521266,0.8959191919191919,31.099409448818896,114.0,35.964,67.26,0.47453386068286385,0.7648277648277648,0,0.1986220472440945,1.0
8,intermittent,dbaps,0.7,17.06,540.1705333333334,0.05153127960026825,0.8775757575757577,30.628220372572333,116.0,36.748,67.864,0.4797410894418292,0.7716159809183065,0,0.17399920729290527,1.0
9,intermittent,dbaps,0.7,15.428,541.4393535353536,0.05844866574964615,0.8971313131313131,31.97635135135135,115.0,36.868,67.068,0.47746310331072994,0.7685425685425685,0,0.18813344594594594,1.0
10,intermittent,dbaps,0.7,15.9,546.4853050505051,0.06152010531417136,0.9727676767676767,30.460426179604262,116.0,34.768,68.052,0.4755690204303581,0.778694867165334,0,0.1784627092846271,1.0
11,intermittent,dbaps,0.7,16.468,544.113987878788,0.05701977137260935,0.9364040404040405,31.464088397790054,116.0,34.964,68.172,0.47730698375481495,0.7723440134907251,0,0.17837411207576953,1.0
12,intermittent,dbaps,0.7,14.124,540.7983515151516,0.06325247261156354,0.8896161616161616,29.666958041958043,113.0,36.448,66.496,0.48162298464124703,0.7650964274423017,0,0.18247377622377622,1.0
13,intermittent,dbaps,0.7,14.776,543.4165131313132,0.06277142106259753,0.9261818181818181,29.250844091360477,114.0,35.688,68.268,0.47757776725090795,0.7737165178571429,0,0.17576961271102284,1.0
14,intermittent,dbaps,0.7,14.304,543.4290101010101,0.06496610742198979,0.9277575757575758,30.26769406392694,113.0,35.02,67.62,0.47804175665946724,0.7631368364897306,0,0.18702435312024354,1.0
15,intermittent,dbaps,0.7,13.94,542.9773737373739,0.06628365338365338,0.9228282828282829,28.773034657650044,113.0,36.616,68.64,0.4805562292828846,0.7694027467262855,0,0.1724429416737109,1.0
16,intermittent,dbaps,0.7,14.76,546.3366518518519,0.06584911031839136,0.9704197530864198,27.879642058165548,114.0,27.772,55.916,0.47382358932572827,0.7926330150068213,0,0.1574944071588367,1.0
17,intermittent,dbaps,0.7,15.728,545.8409708333335,0.061308169448334886,0.962625,29.213370143955828,114.0,33.908,67.8,0.4758285461776403,0.7729257641921398,0,0.17018339577992506,1.0
18,intermittent,dbaps,0.7,15.6,542.842488888889,0.05890741868879124,0.9167676767676767,30.421481194261343,114.0,35.064,67.84,0.4781087239583333,0.7510109763142692,0,0.18456766188445134,1.0
19,intermittent,dbaps,0.7,15.732,544.7271474747475,0.06024302879400919,0.9463434343434344,29.994986502121094,115.0,34.664,68.492,0.47764800644381794,0.7735006973500698,0,0.17258002313922097,1.0
20,intermittent,dbaps,0.7,13.988,546.9306909090909,0.06988993228993229,0.9756767676767677,28.946025878003695,113.0,33.808,68.696,0.4755123878508519,0.7751233445858219,0,0.17523105360443622,1.0
21,intermittent,dbaps,0.7,13.988,544.7849898989899,0.06792884218178336,0.9466666666666668,28.54507127082915,114.0,34.564,66.768,0.4809909629167965,0.7790771175726928,0,0.1634209997992371,1.0
22,intermittent,dbaps,0.7,13.82,541.7646583333334,0.06558140054390055,0.905875,32.791400220507164,113.0,34.76,64.104,0.4795307637060091,0.7451715191697895,0,0.212348401323043,1.0
23,intermittent,dbaps,0.7,15.492,547.4223166666668,0.06395911654725994,0.9893750000000001,30.433954619124798,115.0,33.42,66.788,0.4793324109304739,0.7674199623352166,0,0.17078606158833062,1.0
24,intermittent,dbaps,0.7,14.236,544.2473656565658,0.06620606006194242,0.9407272727272727,30.513177710843372,113.0,34.268,66.768,0.47877085742606973,0.7610489098408957,0,0.18392319277108435,1.0
25,intermittent,dbaps,0.7,14.888,541.3740530612246,0.060360738581146746,0.898408163265306,31.00750625521268,114.0,35.9,66.432,0.47865903515944397,0.7650568181818181,0,0.19224353628023352,1.0
26,intermittent,dbaps,0.7,16.516,539.625995959596,0.053248002030458166,0.8789898989898991,29.27986501687289,115.0,37.652,66.836,0.4829244437199446,0.7770047601611132,0,0.166029246344207,1.0
27,intermittent,dbaps,0.7,14.06,545.5699595959596,0.06797147863030216,0.9542222222222223,28.81559430747645,113.0,34.372,69.072,0.47807344773273647,0.7640384055862671,0,0.17939466827019443,1.0
28,intermittent,dbaps,0.7,14.16,543.1316202020203,0.06482314918197273,0.9168484848484848,29.202247191011235,113.0,34.624,67.704,0.47506880362635584,0.7737246297312123,0,0.17819830475064063,1.0
29,intermittent,dbaps,0.7,15.0,544.1268808080808,0.06284598832540009,0.9414141414141414,30.58264711789516,113.0,35.268,68.288,0.4776106721046818,0.755530020109164,0,0.18819039967865034,1.0
30,intermittent,dbaps,0.7,13.2,541.5963565217392,0.06955413242980378,0.9144782608695652,31.254394079555965,113.0,34.796,60.964,0.47970830691185795,0.7546266751754945,0,0.19172062904717854,1.0
31,intermittent,dbaps,0.7,13.668,544.8959838383839,0.06974056684056684,0.9493333333333334,28.30393461319141,113.0,35.14,68.38,0.47827826226098086,0.7763496143958869,0,0.164797567002471,1.0
32,intermittent,dbaps,0.7,15.416,543.1955070707072,0.060036579540552706,0.923070707070707,30.520412287793047,115.0,35.132,67.604,0.4779261586802828,0.7639204545454545,0,0.18249797898140663,1.0
33,intermittent,dbaps,0.7,15.48,543.8613212121213,0.06102545359506144,0.9415757575757576,30.930510314875136,114.0,36.332,68.024,0.48155387246518444,0.7566475934028947,0,0.18045602605863192,1.0
34,intermittent,dbaps,0.7,14.196,542.5842424242425,0.0648818526789115,0.9181818181818182,31.192869796279894,114.0,35.616,66.584,0.48125886968862175,0.7636544190665343,0,0.18910540301151463,1.0
35,intermittent,dbaps,0.7,19.268,540.6889656565658,0.04574009213418367,0.8754343434343435,33.28007850834151,118.0,35.212,68.52,0.4762423912055964,0.7610237434474252,0,0.1846908734052993,1.0
36,intermittent,dbaps,0.7,15.82,538.3356000000001,0.05390097485575427,0.8513333333333333,32.02458169799628,115.0,35.388,63.292,0.4794862385321101,0.7655172413793103,0,0.1902499483577773,1.0
37,intermittent,dbaps,0.7,16.456,547.2646905263159,0.06020883709432349,0.9890105263157895,29.470745226852802,116.0,34.212,66.884,0.47999264097139177,0.7804793331017714,0,0.15540956682406076,1.0
38,intermittent,dbaps,0.7,13.904,544.4799111111112,0.06812184297184297,0.9455757575757575,30.14004024144869,114.0,35.088,67.216,0.48028288108232764,0.770552850186193,0,0.18169014084507043,1.0
39,intermittent,dbaps,0.7,14.56,543.5998424242425,0.06405858923211864,0.9309090909090909,29.446092184368737,113.0,35.484,68.544,0.4790845837874088,0.7708521529659741,0,0.1781563126252505,1.0
40,intermittent,dbaps,0.7,13.78,546.7541818181819,0.07123830200300789,0.9796767676767677,28.691299392097264,114.0,34.9,68.372,0.4764437689969605,0.7733411626541398,0,0.1650835866261398,1.0
41,intermittent,dbaps,0.7,14.864,543.8505737373738,0.06274484600366953,0.9309090909090908,31.559576515880654,114.0,34.36,66.9,0.4768324184694866,0.7679955703211517,0,0.18883541867179982,1.0
42,intermittent,dbaps,0.7,14.06,543.6411272727273,0.06656941576941577,0.9344646464646464,31.28688181056161,114.0,36.3,67.352,0.47908533184606805,0.7613801101768629,0,0.1938390611902766,1.0
43,intermittent,dbaps,0.7,14.412,541.922117894737,0.0634554573805967,0.905978947368421,29.905481615159033,114.0,34.452,63.688,0.47991370331795863,0.7802136031478358,0,0.18678096097450936,1.0
44,intermittent,dbaps,0.7,14.988,542.2116969696971,0.06081780376486259,0.9114747474747473,31.49948122017016,115.0,36.448,67.844,0.4783597302806962,0.7730912973838762,0,0.19257107283668812,1.0
45,intermittent,dbaps,0.7,13.808,544.122092929293,0.06845219965219965,0.9412929292929293,30.275188276002442,113.0,35.004,66.652,0.4788810523813297,0.7610174504584443,0,0.1856299613270914,1.0
46,intermittent,dbaps,0.7,15.308,543.1051795918369,0.06055802232981104,0.925265306122449,31.433155080213904,115.0,34.96,66.444,0.479947618268129,0.7574649603900061,0,0.1851090086384204,1.0
47,intermittent,dbaps,0.7,14.692,541.8800808080808,0.06104967701144172,0.8947070707070707,30.414570858283433,114.0,35.12,67.552,0.47777285482203513,0.7716018191005558,0,0.18682634730538922,1.0
48,intermittent,dbaps,0.7,14.964,541.0210408163266,0.059767582014490776,0.8909795918367347,30.81888772298006,114.0,36.692,67.224,0.4797402810881894,0.7623762376237624,0,0.18488982161594963,1.0
49,intermittent,dbaps,0.7,14.48,541.1814989898991,0.061685730282789106,0.8926868686868688,29.690778688524592,113.0,36.536,67.172,0.4788795020008893,0.7678265830005705,0,0.17807377049180328,1.0
0,intermittent,ewma,0.7,15.82,543.980293877551,0.05956445139459293,0.94,25.509002629981794,114.0,36.196,67.66,0.4658779977466602,0.8375451263537906,0,0.1266437386202711,1.0
1,intermittent,ewma,0.7,14.856,550.278997979798,0.06934339124927359,1.0273939393939395,25.967613749254916,114.0,34.54,71.092,0.4613493580988801,0.8316498316498316,0,0.12437909795350685,1.0
2,intermittent,ewma,0.7,16.372,550.4873454545456,0.06270728534546903,1.025939393939394,25.83670952968117,115.0,33.024,71.936,0.45666201604464596,0.8365943945002644,0,0.12259996477012507,1.0
3,intermittent,ewma,0.7,14.304,543.8451877551022,0.06564441952605217,0.9377142857142856,25.069413882776555,113.0,36.192,68.596,0.46216933344054034,0.8245860230143138,0,0.13882776555311063,1.0
4,intermittent,ewma,0.7,14.656,543.6425575757576,0.0641113729407847,0.9373333333333332,25.988160491120368,114.0,37.552,68.476,0.4672485709871775,0.8314164648910412,0,0.13659285244463934,1.0
5,intermittent,ewma,0.7,15.096,544.3351875,0.06234104281135531,0.9395833333333332,24.16779072143879,113.0,34.524,67.128,0.46798255680514117,0.8301352626612142,0,0.12180666257919477,1.0
6,intermittent,ewma,0.7,15.736,547.373696969697,0.06297717358702912,0.9868282828282829,25.19652706843718,114.0,34.436,69.492,0.4651277823577906,0.8421364985163204,0,0.12359550561797752,1.0
7,intermittent,ewma,0.7,14.112,543.3534464646465,0.06567247752247753,0.926141414141414,25.375984251968504,113.0,36.58,69.188,0.46011532916866893,0.8320935175345378,0,0.13858267716535433,1.0
8,intermittent,ewma,0.7,17.408,542.0058343434345,0.05226059702633489,0.9077575757575758,25.608600871977803,115.0,37.376,69.704,0.4661151499958218,0.837953091684435,0,0.12108600871977804,1.0
9,intermittent,ewma,0.7,15.828,543.2649616161617,0.058833779880632306,0.9273535353535354,26.89674831081081,115.0,37.612,69.012,0.46378421261404207,0.8324005891016201,0,0.13407939189189189,1.0
10,intermittent,ewma,0.7,16.068,548.5668565656566,0.06288356375688678,1.007030303030303,24.637747336377473,115.0,35.624,70.26,0.46274994209835557,0.8448775348959705,0,0.11948249619482496,1.0
11,intermittent,ewma,0.7,16.856,545.6929656565658,0.057368918930322435,0.9637575757575757,26.90923441199684,115.0,35.892,70.032,0.4622610141313383,0.8317002881844381,0,0.1292423046566693,1.0
12,intermittent,ewma,0.7,14.416,542.3420484848485,0.06380864227869575,0.9148686868686868,24.2111013986014,113.0,36.976,68.06,0.47015945330296127,0.8324675324675325,0,0.1256555944055944,1.0
13,intermittent,ewma,0.7,14.796,545.0136202020203,0.0642394322453146,0.9505050505050504,23.859980139026813,113.0,35.768,69.636,0.4646472573177431,0.8431708012546336,0,0.12015888778550149,1.0
14,intermittent,ewma,0.7,14.204,545.4192525252527,0.06765775335775337,0.9604848484848485,24.16476407914764,113.0,35.776,69.684,0.4634378721714966,0.8333789329685363,0,0.12576103500761035,1.0
15,intermittent,ewma,0.7,14.364,544.7834222222222,0.06641135817044908,0.9521212121212121,23.898140321217245,113.0,37.196,70.464,0.4673580961569384,0.8334421946440235,0,0.11897717666948436,1.0
16,intermittent,ewma,0.7,15.04,548.1029382716049,0.06698645196658037,0.9998024691358024,22.99798657718121,113.0,28.348,57.392,0.4619042800768997,0.8542029996512034,0,0.10626398210290827,1.0
17,intermittent,ewma,0.7,16.012,547.7907541666666,0.06218355654761905,0.99525,23.957010451587458,114.0,34.736,69.852,0.46097860399859697,0.8416019127316199,0,0.11398146322224413,1.0
18,intermittent,ewma,0.7,16.04,544.4963959595959,0.058890912391892786,0.9435959595959595,25.176424970918962,114.0,35.604,69.516,0.46405808793868497,0.8184798807749627,0,0.13008918185343157,1.0
19,intermittent,ewma,0.7,16.02,546.6453212121213,0.06114713198547048,0.9777373737373737,24.40320092556884,114.0,35.376,70.476,0.46427999359282396,0.8474672737620945,0,0.11396066332433474,1.0
20,intermittent,ewma,0.7,14.324,548.6991555555556,0.07025606985606987,1.004,23.315157116451015,113.0,34.292,70.416,0.4623673469387755,0.8504,0,0.11589648798521257,1.0
21,intermittent,ewma,0.7,14.412,546.3604242424243,0.06809870347517406,0.9747878787878788,24.013852640032123,113.0,35.804,68.8,0.4694257149500116,0.8385534388117533,0,0.11584019273238305,1.0
22,intermittent,ewma,0.7,14.204,543.9280583333333,0.06641738209706959,0.94225,26.08269018743109,113.0,35.744,66.392,0.46561014263074485,0.8218934911242604,0,0.14134509371554577,1.0
23,intermittent,ewma,0.7,15.676,549.2238375000002,0.06500690943043884,1.018375,26.086507293354945,115.0,33.884,68.416,0.46616218075500904,0.8289009932713873,0,0.12317666126418152,1.0
24,intermittent,ewma,0.7,14.5,546.3107434343435,0.067404710431181,0.9766868686868686,25.428840361445783,113.0,35.604,69.232,0.46305580669022767,0.8229822982298229,0,0.1302710843373494,1.0
25,intermittent,ewma,0.7,15.184,543.6614489795919,0.06180163076219499,0.9370204081632653,24.739157631359465,113.0,37.064,68.996,0.46495004467549345,0.8383250945042163,0,0.1292743953294412,1.0
26,intermittent,ewma,0.7,16.372,540.9411070707072,0.05511970403941508,0.9016969696969698,24.21552305961755,114.0,38.388,68.292,0.4720064724919094,0.8333333333333334,0,0.1156355455568054,1.0
27,intermittent,ewma,0.7,14.404,547.2226424242426,0.06821067973420912,0.9813333333333334,23.335738624974944,112.0,35.048,70.872,0.463641604216421,0.8337801608579088,0,0.12287031469232311,1.0
28,intermittent,ewma,0.7,14.58,544.5619232323232,0.06448705956353015,0.9397979797979799,23.90676128523556,113.0,34.984,69.088,0.4627177141022554,0.8401581474159842,0,0.12241277350680072,1.0
29,intermittent,ewma,0.7,15.332,546.2211555555556,0.06373068413068413,0.9762424242424242,25.048403293834102,113.0,36.2,70.528,0.4618175681377099,0.8273021476904973,0,0.1287407109861418,1.0
30,intermittent,ewma,0.7,13.992,543.1761434782609,0.06781607314609232,0.9418695652173914,26.359851988899166,113.0,35.692,62.672,0.4666666666666667,0.8213464696223317,0,0.13899167437557816,1.0
31,intermittent,ewma,0.7,13.66,546.3407151515152,0.07130478965478966,0.9722020202020202,23.751758220870556,113.0,35.344,69.596,0.4652882703777336,0.8382481751824817,0,0.11993917506177533,1.0
32,intermittent,ewma,0.7,15.648,545.1182181818183,0.06130668780632661,0.956969696969697,24.888641875505254,114.0,36.332,69.864,0.4642244738893219,0.8312865497076023,0,0.12429264349232012,1.0
33,intermittent,ewma,0.7,15.712,545.8679757575758,0.062378068989833696,0.9755151515151514,25.271661237785015,114.0,37.364,70.268,0.4696074463779846,0.827979274611399,0,0.1239956568946797,1.0
34,intermittent,ewma,0.7,14.34,544.5444242424243,0.06659889696360285,0.9525656565656566,25.780558015943313,113.0,36.948,68.976,0.46749688667496886,0.8260575296108291,0,0.13330380868024802,1.0
35,intermittent,ewma,0.7,19.532,542.6214101010103,0.046586013927410255,0.9062222222222222,26.702845927379784,116.0,35.656,70.42,0.464327485380117,0.8443381180223285,0,0.11678115799803729,1.0
36,intermittent,ewma,0.7,16.048,540.1883083333333,0.0550099612286435,0.882,26.347035736418096,115.0,36.144,65.224,0.46771251368113825,0.8330042313117066,0,0.13137781450113614,1.0
37,intermittent,ewma,0.7,16.844,548.7337221052633,0.06017180779407437,1.0118315789473684,25.274686922603163,115.0,34.408,68.1,0.467075178342784,0.8387784090909091,0,0.11188667624717717,1.0
38,intermittent,ewma,0.7,14.032,546.3070343434343,0.06969441630858741,0.9765656565656566,24.474446680080483,113.0,36.044,69.264,0.4675572519083969,0.84,0,0.12233400402414486,1.0
39,intermittent,ewma,0.7,14.892,545.417785858586,0.06455854907619613,0.9606464646464646,24.25070140280561,113.0,36.116,70.396,0.464856762158561,0.8346699568167798,0,0.12304609218436874,1.0
40,intermittent,ewma,0.7,14.264,548.4431555555556,0.0710321469380293,1.0097373737373736,24.351823708206688,113.0,36.204,70.552,0.4629303845187233,0.8348928463628131,0,0.11816109422492402,1.0
41,intermittent,ewma,0.7,15.16,545.5557373737374,0.06339870195164311,0.9603636363636365,26.427333974975937,114.0,35.36,68.884,0.46310391795529204,0.8246660983233873,0,0.13493743984600579,1.0
42,intermittent,ewma,0.7,14.16,545.5992888888889,0.06839703999704,0.9665454545454545,25.685247275775357,113.0,37.044,69.38,0.4644864993269459,0.8294274695935924,0,0.13621123218776193,1.0
43,intermittent,ewma,0.7,14.772,543.5163578947368,0.06379649200074816,0.9333894736842105,24.91134671779833,114.0,35.376,65.508,0.46744203274316615,0.8380462724935732,0,0.13467177983307016,1.0
44,intermittent,ewma,0.7,15.208,543.9226626262626,0.0620327258797847,0.9402424242424242,26.154388877360446,114.0,37.164,69.616,0.4640746500777605,0.8310439560439561,0,0.13716538700975306,1.0
45,intermittent,ewma,0.7,13.956,545.9231919191919,0.06969486994486994,0.9718383838383838,25.070425401994708,113.0,35.948,68.652,0.4653395231725549,0.8277119416590701,0,0.13026663952778345,1.0
46,intermittent,ewma,0.7,15.384,544.8172204081634,0.062093080858717106,0.9535510204081633,25.68716577540107,114.0,35.572,68.144,0.46712718407151566,0.8297339593114241,0,0.12669683257918551,1.0
47,intermittent,ewma,0.7,15.02,543.3384040404042,0.06135698353933648,0.920040404040404,25.59760479041916,113.0,36.12,69.428,0.4635344132522173,0.829919626652839,0,0.13552894211576846,1.0
48,intermittent,ewma,0.7,15.464,542.685893877551,0.05970479393222491,0.9186938775510205,25.526128016789087,114.0,37.624,69.24,0.466324200913242,0.830655129789864,0,0.12633788037775445,1.0
49,intermittent,ewma,0.7,14.612,542.7756606060607,0.06290357659769424,0.918909090909091,24.645901639344263,113.0,37.128,68.84,0.4663521780791627,0.8330905913195455,0,0.1264344262295082,1.0
0,intermittent,dbaps,0.8,14.92,540.3152571428571,0.05901834459058348,0.8797142857142858,35.80558365365163,114.0,34.788,63.892,0.4903478048383155,0.7120644975525482,0,0.23507991098523165,1.0
1,intermittent,dbaps,0.8,14.076,545.8627111111113,0.06795947658006482,0.9546666666666668,37.857142857142854,114.0,32.872,66.532,0.48985641500694765,0.690014471780029,0,0.2511424597655474,1.0
2,intermittent,dbaps,0.8,15.616,546.7604000000001,0.06181222952791581,0.9640404040404039,35.93359168574951,115.0,31.332,67.824,0.48654390934844194,0.7089023773394031,0,0.22969878456931478,1.0
3,intermittent,dbaps,0.8,13.96,540.5124653061225,0.0632811803842416,0.8804489795918368,35.365273054610924,113.0,34.212,64.684,0.48976596265187966,0.7032378913567032,0,0.2454490898179636,1.0
4,intermittent,dbaps,0.8,14.036,539.742084848485,0.06255411690046271,0.8717171717171717,38.622451216838414,114.0,35.604,64.108,0.49305064782096586,0.6864864864864865,0,0.27099320324490245,1.0
5,intermittent,dbaps,0.8,14.372,541.0078583333334,0.0617327152014652,0.88675,34.59779276517474,114.0,33.832,64.104,0.4903406005120646,0.6917584052365368,0,0.23196403024729206,1.0
6,intermittent,dbaps,0.8,15.204,544.1481575757578,0.06171284902461373,0.933939393939394,35.6073544433095,115.0,33.276,66.2,0.4888647927266661,0.7211620620905724,0,0.22982635342185903,1.0
7,intermittent,dbaps,0.8,13.628,539.7426585858586,0.06377959027504482,0.8673131313131314,36.4246062992126,113.0,35.32,65.44,0.4885458976441917,0.7124365482233502,0,0.25354330708661416,1.0
8,intermittent,dbaps,0.8,16.668,538.2502585858587,0.050881456148484015,0.8457777777777779,36.27685295283393,116.0,35.772,65.592,0.48954718578078715,0.7065502183406114,0,0.23226317875544986,1.0
9,intermittent,dbaps,0.8,15.096,539.6345696969698,0.05778992126247029,0.8661818181818183,37.11423141891892,115.0,35.708,64.852,0.4887730553327987,0.7090651558073654,0,0.24324324324324326,1.0
10,intermittent,dbaps,0.8,15.5,544.4200444444446,0.061020656836188306,0.9387474747474747,35.85806697108067,116.0,33.884,65.816,0.486484375,0.7162025316455696,0,0.23554033485540335,1.0
11,intermittent,dbaps,0.8,16.24,542.3674141414142,0.05608645559233794,0.9092525252525253,36.412588792423044,116.0,34.764,66.664,0.48947457056247895,0.7127483443708609,0,0.22947908445146015,1.0
12,intermittent,dbaps,0.8,13.58,538.8621373737374,0.06341635401635401,0.8574545454545455,36.07910839160839,113.0,35.644,64.408,0.4932001536688436,0.6961360123647604,0,0.24890734265734266,1.0
13,intermittent,dbaps,0.8,14.304,541.2442181818183,0.062406816386228144,0.8909090909090909,35.98252234359484,114.0,35.032,66.12,0.48838134649053,0.6932681867535287,0,0.24508440913604768,1.0
14,intermittent,dbaps,0.8,13.852,541.5586464646466,0.06485981425981426,0.89789898989899,36.316019786910196,114.0,34.612,65.848,0.48992423021118814,0.6966701352757544,0,0.2513318112633181,1.0
15,intermittent,dbaps,0.8,13.852,541.317878787879,0.06471289148561875,0.8931717171717171,34.19611158072696,114.0,35.3,66.472,0.4913736979166667,0.7067247820672479,0,0.22696534234995774,1.0
16,intermittent,dbaps,0.8,14.304,544.2888197530864,0.06551536386634425,0.9359012345679012,33.45682326621924,114.0,27.072,54.192,0.4844070578580222,0.729180546302465,0,0.21767337807606263,1.0
17,intermittent,dbaps,0.8,15.38,544.0945583333333,0.06086944758672701,0.9350416666666668,34.142772628672844,114.0,33.616,66.296,0.4886262662164564,0.7122425629290617,0,0.22046933543679748,1.0
18,intermittent,dbaps,0.8,15.4,540.854892929293,0.05756055708996885,0.8857777777777778,36.79468786351299,115.0,34.776,66.0,0.49094633346988936,0.6781382228490832,0,0.25087243117487396,1.0
19,intermittent,dbaps,0.8,15.36,543.2565818181818,0.060123043804416354,0.9224646464646464,33.86964905514848,115.0,34.148,66.964,0.48724179829890646,0.7247606019151847,0,0.21577323563440032,1.0
20,intermittent,dbaps,0.8,14.044,544.7553333333334,0.06702686942686943,0.9405656565656566,35.09279112754159,114.0,33.128,66.572,0.48871556588118154,0.7109929078014184,0,0.2365988909426987,1.0
21,intermittent,dbaps,0.8,14.212,542.9740404040405,0.06465691171573525,0.9175757575757575,35.260188717125075,115.0,34.028,64.984,0.4911646901751355,0.70462197734925,0,0.23007428227263602,1.0
22,intermittent,dbaps,0.8,13.904,540.2623541666668,0.06345624046092796,0.880125,37.4851157662624,114.0,33.9,62.384,0.4906946895555912,0.6994906621392191,0,0.2599779492833517,1.0
23,intermittent,dbaps,0.8,15.084,545.3357333333335,0.06337741024294334,0.955625,36.53808752025932,115.0,32.832,64.848,0.4909693744001396,0.6993006993006993,0,0.23156401944894653,1.0
24,intermittent,dbaps,0.8,13.924,542.5863797979799,0.065674950806769,0.9131313131313131,34.91961596385542,113.0,33.56,65.02,0.4906615754959741,0.7121343759050102,0,0.23060993975903615,1.0
25,intermittent,dbaps,0.8,14.616,539.2863755102042,0.05910792602755388,0.8650204081632653,37.92368640533778,114.0,35.468,64.532,0.4896665294359819,0.6934812760055479,0,0.2652210175145955,1.0
26,intermittent,dbaps,0.8,16.276,537.7358141414142,0.05225798185302829,0.8503838383838384,35.45129358830146,115.0,37.952,65.592,0.49222585924713586,0.7,0,0.22879640044994376,1.0
27,intermittent,dbaps,0.8,14.144,543.6792888888889,0.06553523143523143,0.923878787878788,34.57205852876328,113.0,33.84,67.232,0.4888703626511046,0.7069900142653353,0,0.2375225496091401,1.0
28,intermittent,dbaps,0.8,14.012,540.8402707070707,0.06270481101390192,0.8787474747474748,34.86851961364084,113.0,33.664,65.228,0.4865523685707321,0.7148659626320065,0,0.2351665681056574,1.0
29,intermittent,dbaps,0.8,14.684,541.9170828282829,0.061787331187331186,0.9058181818181817,36.04619401486242,114.0,34.856,66.312,0.49256537344043755,0.6916572717023676,0,0.24482827877083752,1.0
30,intermittent,dbaps,0.8,13.336,540.0305260869565,0.06672312850193285,0.8882173913043477,36.4604532839963,113.0,34.164,59.44,0.4901179470832005,0.6998750780762024,0,0.24468085106382978,1.0
31,intermittent,dbaps,0.8,13.084,542.8248808080808,0.0699079391988483,0.9140606060606061,33.6380916175632,113.0,34.104,66.104,0.4890123158657329,0.7078557450377411,0,0.22334157004371794,1.0
32,intermittent,dbaps,0.8,15.004,541.218585858586,0.05944986393417766,0.8904242424242423,36.313055780113174,114.0,34.176,65.376,0.49009822560202787,0.6974627688913403,0,0.24454324979789815,1.0
33,intermittent,dbaps,0.8,14.912,543.0193414141414,0.06227752628634982,0.9287676767676768,34.67882736156352,114.0,36.436,67.464,0.4895654308863246,0.7103266248762784,0,0.22149837133550487,1.0
34,intermittent,dbaps,0.8,14.2,541.3000242424243,0.06349604284604285,0.8998787878787878,36.70992028343667,114.0,35.996,65.86,0.4924445936870383,0.6991580310880829,0,0.24424269264836138,1.0
35,intermittent,dbaps,0.8,18.66,539.0414303030304,0.04557945666304799,0.8486060606060605,37.23807654563297,118.0,34.508,66.66,0.4892237442922374,0.7063636363636364,0,0.2310107948969578,1.0
36,intermittent,dbaps,0.8,15.5,536.9731375000001,0.05342103672525016,0.827375,37.00640363561248,115.0,34.368,61.556,0.4905938767982294,0.712043301759134,0,0.24209873992976658,1.0
37,intermittent,dbaps,0.8,16.684,544.9848084210527,0.057388213255612636,0.9517052631578947,34.7770478341203,117.0,33.464,64.672,0.49030649926144754,0.7049348869088417,0,0.2089919934305071,1.0
38,intermittent,dbaps,0.8,13.708,542.6450060606061,0.06693844488844489,0.9157575757575758,35.80201207243461,114.0,34.52,65.42,0.49190988619648524,0.7058331007535584,0,0.23923541247484909,1.0
39,intermittent,dbaps,0.8,14.572,541.727002020202,0.061855192955192956,0.8994747474747474,35.029859719438875,113.0,34.62,66.48,0.48928270042194094,0.7135294117647059,0,0.2342685370741483,1.0
40,intermittent,dbaps,0.8,13.684,545.0246626262627,0.06972204647204645,0.9521212121212123,33.95497720364742,114.0,34.464,66.736,0.48898118325139855,0.7106025492468134,0,0.2186550151975684,1.0
41,intermittent,dbaps,0.8,14.312,541.8805292929293,0.06287331546449194,0.899030303030303,36.58537054860443,114.0,33.816,64.996,0.4913975004057783,0.7036432843936922,0,0.24446583253128007,1.0
42,intermittent,dbaps,0.8,13.908,542.0777131313132,0.0656288874227377,0.9087676767676769,35.872590108968986,113.0,35.656,65.696,0.4904708520179372,0.7084282460136674,0,0.2443419949706622,1.0
43,intermittent,dbaps,0.8,14.26,540.3768757894737,0.06233815313685283,0.8817263157894737,36.24362734040153,115.0,34.212,62.404,0.49010346378767433,0.7091753140360458,0,0.2508459282652831,1.0
44,intermittent,dbaps,0.8,14.532,540.1438868686869,0.06034140489140489,0.8765656565656565,37.38659472919693,114.0,35.256,65.32,0.4912432944146418,0.7071129707112971,0,0.254824652417514,1.0
45,intermittent,dbaps,0.8,13.492,542.5860121212122,0.06780635324271687,0.9157979797979798,34.62650111947893,114.0,34.38,65.052,0.4898837024056078,0.7109692396982008,0,0.23142682678607776,1.0
46,intermittent,dbaps,0.8,15.096,541.3349346938776,0.05953437162410752,0.8966938775510204,36.751131221719454,115.0,34.544,64.804,0.49184379634206626,0.6966091612135633,0,0.24043603455368162,1.0
47,intermittent,dbaps,0.8,14.24,540.7209818181818,0.061648868465000374,0.8767676767676769,36.29600798403194,114.0,34.9,66.384,0.489551572841526,0.7058968665186282,0,0.24790419161676647,1.0
48,intermittent,dbaps,0.8,14.192,539.0447836734694,0.060686182924718335,0.8584489795918369,35.47429171038825,114.0,35.556,64.756,0.4922912029021354,0.698605754968852,0,0.23861490031479538,1.0
49,intermittent,dbaps,0.8,14.428,538.7878060606062,0.05924276834276834,0.8534141414141413,36.706762295081965,113.0,35.652,64.7,0.4908195253022839,0.6979455857856747,0,0.24959016393442623,1.0
0,intermittent,ewma,0.8,15.94,543.5145795918368,0.05857495769659319,0.931673469387755,27.177018005259963,115.0,35.8,67.032,0.46834625322997414,0.8214497920380274,0,0.14161440420797086,1.0
1,intermittent,ewma,0.8,14.992,549.6092686868687,0.06821027110144758,1.0176969696969698,28.687264057222333,114.0,34.612,70.564,0.46189692982456143,0.8006654567453115,0,0.15060600039737732,1.0
2,intermittent,ewma,0.8,16.132,550.0847353535355,0.06344217917922769,1.0200808080808081,27.17068874405496,115.0,33.052,71.62,0.45615875513593845,0.8171083705064287,0,0.1388057072397393,1.0
3,intermittent,ewma,0.8,14.352,543.3925387755102,0.06492443405933802,0.9295102040816328,27.326665333066614,113.0,35.828,68.004,0.46315874424985876,0.798836242726517,0,0.16103220644128827,1.0
4,intermittent,ewma,0.8,14.112,543.1624040404041,0.06602115695752059,0.9287272727272727,27.53606665204999,114.0,37.164,67.84,0.4688491602817119,0.807149294082307,0,0.1561061170795878,1.0
5,intermittent,ewma,0.8,14.912,544.1092833333335,0.06297427772391007,0.937,25.511955855303494,114.0,34.78,67.108,0.46956321486144165,0.8067018305926156,0,0.13652156141426527,1.0
6,intermittent,ewma,0.8,15.524,546.713002020202,0.06328889062243036,0.976969696969697,27.35137895812053,115.0,34.476,68.996,0.46776723070573667,0.8165435745937961,0,0.145658835546476,1.0
7,intermittent,ewma,0.8,13.956,542.7202868686869,0.06580108652488331,0.9172525252525252,27.261220472440947,113.0,36.876,68.928,0.4615322968424427,0.809119830328738,0,0.15885826771653544,1.0
8,intermittent,ewma,0.8,17.388,541.0961333333335,0.05154085242815893,0.8926868686868686,27.724336107808163,115.0,37.104,68.836,0.4681403332496023,0.811611732688237,0,0.14130003963535473,1.0
9,intermittent,ewma,0.8,15.72,542.8993818181818,0.05884808725654959,0.9218181818181818,27.667652027027028,115.0,37.616,68.724,0.4667036625971143,0.8192557590076787,0,0.14252533783783783,1.0
10,intermittent,ewma,0.8,16.02,547.8360767676769,0.06260924381203019,0.9955151515151515,26.079908675799086,116.0,35.484,69.616,0.4640982087708462,0.8304370721432333,0,0.1339421613394216,1.0
11,intermittent,ewma,0.8,16.96,545.7158101010101,0.057009903298551386,0.9645656565656566,27.738950276243095,116.0,36.056,70.164,0.46408333333333335,0.8211428571428572,0,0.13595106550907657,1.0
12,intermittent,ewma,0.8,14.032,541.9003757575758,0.06505100455100456,0.9090505050505051,26.381993006993007,113.0,37.236,67.888,0.47205110654802646,0.7981296356014189,0,0.14881993006993008,1.0
13,intermittent,ewma,0.8,14.888,544.3947030303032,0.06348321210380034,0.9422626262626264,25.901489572989078,113.0,36.108,69.376,0.46473779385171793,0.8159161710563579,0,0.14240317775571004,1.0
14,intermittent,ewma,0.8,14.104,544.6895515151515,0.06733959928959928,0.949050505050505,25.938356164383563,113.0,35.728,69.072,0.4666083638098267,0.8150871459694989,0,0.1447869101978691,1.0
15,intermittent,ewma,0.8,14.112,544.0437252525253,0.06676578541284423,0.9382626262626262,25.68491124260355,113.0,36.392,69.352,0.46999516050975965,0.8123791102514507,0,0.139687235841082,1.0
16,intermittent,ewma,0.8,14.94,547.6195308641975,0.06653764682827865,0.9914567901234568,24.72080536912752,114.0,28.2,57.02,0.46197525856824173,0.8348337950138505,0,0.1250559284116331,1.0
17,intermittent,ewma,0.8,16.132,547.2841041666668,0.06119961121735018,0.9864166666666667,25.43699467560639,114.0,34.432,69.268,0.4632475630104505,0.8209931608682723,0,0.12956024452770656,1.0
18,intermittent,ewma,0.8,16.18,544.2178303030303,0.05819411340293693,0.9397979797979797,26.298177588212486,114.0,35.772,69.408,0.46623040878978833,0.811091340450771,0,0.13823187281892207,1.0
19,intermittent,ewma,0.8,15.896,546.3864404040405,0.06136516085298335,0.9736161616161617,25.894138064018513,114.0,35.304,70.192,0.46395563770794823,0.8304751194827101,0,0.130736598534516,1.0
20,intermittent,ewma,0.8,14.252,548.4550181818183,0.07041280386280385,1.0018181818181817,25.525138632162662,113.0,34.696,70.5,0.4622958890621154,0.8195646472593758,0,0.1378927911275416,1.0
21,intermittent,ewma,0.8,14.256,545.892597979798,0.06798845509808078,0.9663030303030302,26.077695241919294,114.0,35.384,68.16,0.4704328230631751,0.811242414564037,0,0.1361172455330255,1.0
22,intermittent,ewma,0.8,13.992,543.6501875000001,0.06694661088503,0.9371666666666667,26.960970231532524,113.0,35.516,66.04,0.46769206374375644,0.8142899320932979,0,0.15170893054024256,1.0
23,intermittent,ewma,0.8,15.568,548.6223708333333,0.06480640902194211,1.0090833333333333,27.836709886547812,115.0,33.844,67.96,0.46842422675971396,0.8087814190264079,0,0.13918152350081037,1.0
24,intermittent,ewma,0.8,14.364,545.9522585858587,0.06773092299857005,0.9717979797979799,26.4636671686747,113.0,35.76,69.064,0.4654775604142693,0.8098380323935213,0,0.14250753012048192,1.0
25,intermittent,ewma,0.8,14.956,543.1718653061224,0.0622113647656865,0.9299591836734694,26.415971643035864,113.0,37.168,68.684,0.4662875710804224,0.8148255813953489,0,0.14804003336113428,1.0
26,intermittent,ewma,0.8,16.82,540.4763555555556,0.05317773412040698,0.8935353535353535,26.46996625421822,114.80000000000018,38.28,67.928,0.47280844155844154,0.8149253731343283,0,0.1329583802024747,1.0
27,intermittent,ewma,0.8,14.492,547.1288363636364,0.06793016435271337,0.9797171717171718,24.8123872519543,113.0,34.928,70.708,0.4650511045169799,0.8212589073634204,0,0.1362998596913209,1.0
28,intermittent,ewma,0.8,14.564,544.2858868686869,0.06442454397454397,0.936848484848485,25.7839542676917,113.0,35.376,69.116,0.46218216929514,0.8194288913773796,0,0.14094224324857085,1.0
29,intermittent,ewma,0.8,15.412,545.3367111111111,0.06258343584520054,0.9636363636363637,27.534645511146817,114.0,36.504,70.064,0.46392624545377653,0.7980741173037642,0,0.15284193613175337,1.0
30,intermittent,ewma,0.8,13.448,542.9330869565217,0.06993794430207473,0.9373478260869565,27.12673450508788,113.0,35.492,62.364,0.46872045382918376,0.8083714846304775,0,0.14708603145235893,1.0
31,intermittent,ewma,0.8,13.66,545.9952767676768,0.07102913567913567,0.968,25.210606348602926,113.0,35.684,69.568,0.4659289921986945,0.8196625945317044,0,0.13457517582208706,1.0
32,intermittent,ewma,0.8,15.424,544.4042181818181,0.06143921561372541,0.9441212121212121,26.75909458367017,114.0,35.86,69.012,0.4654107715156726,0.8082152155047729,0,0.14470493128536782,1.0
33,intermittent,ewma,0.8,15.524,545.4146383838385,0.06249328155504626,0.969010101010101,27.095765472312703,114.0,37.504,70.004,0.4711990913516145,0.8040355677154583,0,0.14158523344191096,1.0
34,intermittent,ewma,0.8,14.192,544.0779595959597,0.06664286965757553,0.9447272727272727,27.647918511957485,113.0,36.74,68.472,0.4709452157286558,0.8064624705486368,0,0.15301151461470328,1.0
35,intermittent,ewma,0.8,19.332,541.8981818181818,0.04648206141180317,0.8963232323232323,28.596467124631992,117.0,36.032,70.112,0.4653679653679654,0.8172043010752689,0,0.13895976447497546,1.0
36,intermittent,ewma,0.8,15.788,539.5725208333334,0.05531990205804544,0.8721666666666666,28.540590787027472,115.0,36.0,64.668,0.4699041907408762,0.8057031031590719,0,0.15657921916959305,1.0
37,intermittent,ewma,0.8,16.724,548.2183031578948,0.060236920215916465,1.0058105263157895,26.60254567850544,116.0,34.944,68.084,0.4694213365024225,0.8189256492351477,0,0.12523095873537263,1.0
38,intermittent,ewma,0.8,14.068,545.7028727272728,0.06892238132238131,0.9676767676767677,26.877665995975857,113.0,36.148,68.864,0.4691783444367869,0.8113920371984888,0,0.14627766599597586,1.0
39,intermittent,ewma,0.8,14.892,545.1673131313132,0.06433929490988313,0.957010101010101,25.82565130260521,113.0,36.136,70.232,0.46680013346680016,0.8172900061312078,0,0.13887775551102205,1.0
40,intermittent,ewma,0.8,14.264,548.1871555555556,0.07072206172714195,1.0046464646464646,25.299392097264437,114.0,35.864,70.132,0.46618053809404075,0.8204278397107563,0,0.12917933130699089,1.0
41,intermittent,ewma,0.8,15.004,545.1926181818183,0.06364438916203623,0.953979797979798,27.693166506256016,114.0,35.064,68.38,0.46594464500601684,0.8144271570014144,0,0.1480269489894129,1.0
42,intermittent,ewma,0.8,14.34,545.1122343434345,0.06695629261805733,0.9585050505050504,27.45850796311819,114.0,36.848,68.856,0.465979381443299,0.8115044247787611,0,0.1527661357921207,1.0
43,intermittent,ewma,0.8,14.404,542.9625515789475,0.06454010081765499,0.924042105263158,26.85066546356869,114.0,35.096,64.92,0.46892403653374914,0.8143221058590433,0,0.15632754342431762,1.0
44,intermittent,ewma,0.8,15.12,543.5442747474748,0.06190245658480952,0.934949494949495,28.150446150653664,115.0,37.38,69.492,0.465443186255369,0.8064952638700947,0,0.1577090682714256,1.0
45,intermittent,ewma,0.8,13.932,545.2394505050506,0.06904782624782625,0.9611717171717172,27.013433747201304,113.0,35.872,68.08,0.46762362962378734,0.8042758205359831,0,0.1506208019539996,1.0
46,intermittent,ewma,0.8,15.404,544.2956285714286,0.06154229406048133,0.946204081632653,27.774167009461127,114.0,35.816,67.932,0.4693478791826101,0.8044762200808206,0,0.14747017688194158,1.0
47,intermittent,ewma,0.8,14.848,542.7411919191919,0.061470004178827704,0.9105454545454545,27.427744510978044,113.0,36.0,68.852,0.46466353217749046,0.8073559670781894,0,0.1562874251497006,1.0
48,intermittent,ewma,0.8,14.844,541.9151469387756,0.061256061508852634,0.9056326530612244,27.11794333683106,114.0,36.82,67.96,0.4684920310584389,0.804594180704441,0,0.14900314795383002,1.0
49,intermittent,ewma,0.8,14.712,542.256290909091,0.06190448255448255,0.9102222222222222,26.33831967213115,113.0,36.848,68.256,0.4685237180434461,0.8127524523946913,0,0.14282786885245902,1.0
0,intermittent,dbaps,0.9,13.948,536.3731469387756,0.05841346340734096,0.8143673469387754,45.528424033987456,114.0,33.156,59.752,0.5128647759967119,0.606694560669456,0,0.3382561197653247,1.0
1,intermittent,dbaps,0.9,14.468,542.6599313131314,0.0622654914241367,0.9008484848484849,46.05901053049871,117.0,31.368,63.084,0.514061478090255,0.6117846067098957,0,0.33061792171667,1.0
2,intermittent,dbaps,0.9,15.332,543.0382141414143,0.05870777203914459,0.9056969696969698,46.152545358463975,117.0,30.932,64.636,0.5127468581687612,0.6070559610705596,0,0.33010392813105516,1.0
3,intermittent,dbaps,0.9,13.468,536.919187755102,0.06094539881886821,0.8221632653061224,44.48409681936387,113.0,33.212,61.224,0.5137871429747304,0.6104907816151649,0,0.3416683336667333,1.0
4,intermittent,dbaps,0.9,13.272,536.3348363636364,0.06154946615080304,0.8132929292929293,49.14777461083096,114.0,33.544,60.048,0.5155643564356436,0.5966896551724138,0,0.3784257838193379,1.0
5,intermittent,dbaps,0.9,14.328,538.1520083333334,0.0587041514041514,0.84025,42.21091354996934,114.0,32.912,61.336,0.5115279406017976,0.6034732272069464,0,0.31003474351113836,1.0
6,intermittent,dbaps,0.9,14.036,540.295785858586,0.06220510188959387,0.8708282828282827,45.44719101123596,115.0,32.008,62.356,0.5093894736842105,0.6193103448275862,0,0.33381001021450457,1.0
7,intermittent,dbaps,0.9,13.508,535.2642383838385,0.05762268135904499,0.7912323232323233,48.814173228346455,115.0,32.664,59.972,0.5129090610097023,0.6064090019569471,0,0.37578740157480317,1.0
8,intermittent,dbaps,0.9,15.98,534.4975797979799,0.048672982391609845,0.7837979797979799,45.8359096313912,117.0,34.684,61.92,0.5110124637186273,0.6085972850678733,0,0.3335315101070155,1.0
9,intermittent,dbaps,0.9,14.348,536.3256242424243,0.05666425796425796,0.8116363636363637,47.414273648648646,115.0,34.34,61.292,0.5106693711967546,0.6059863945578231,0,0.3511402027027027,1.0
10,intermittent,dbaps,0.9,14.844,541.6607070707071,0.06042509614568438,0.8947878787878788,44.61796042617961,116.0,33.164,63.192,0.5096055024112578,0.6247256766642283,0,0.3280060882800609,1.0
11,intermittent,dbaps,0.9,15.772,538.6098666666667,0.053898742325212905,0.8465454545454546,45.34925019731649,116.0,32.864,62.296,0.5087719298245614,0.620010643959553,0,0.3259668508287293,1.0
12,intermittent,dbaps,0.9,13.028,535.9003959595962,0.06237327790055063,0.8092929292929293,44.36035839160839,114.0,34.7,61.452,0.512149822008977,0.6015625,0,0.33916083916083917,1.0
13,intermittent,dbaps,0.9,14.54,537.9106222222223,0.05747273880803293,0.8338181818181819,45.29592850049652,114.0,33.024,62.124,0.51170837692122,0.5987444415380592,0,0.3416087388282026,1.0
14,intermittent,dbaps,0.9,13.38,537.6219313131313,0.06163393845212028,0.8326060606060605,46.112823439878234,115.0,33.128,61.8,0.5127391127391128,0.6007566204287516,0,0.3489345509893455,1.0
15,intermittent,dbaps,0.9,13.548,537.5078424242425,0.061002456802456806,0.8317171717171717,44.50486052409129,114.0,34.328,62.868,0.5095300690108445,0.6117788461538461,0,0.3328402366863905,1.0
16,intermittent,dbaps,0.9,13.848,540.3581925925927,0.0627361788417344,0.8719012345679013,43.5241610738255,114.0,26.124,51.124,0.5101428275719313,0.6162564766839378,0,0.321923937360179,1.0
17,intermittent,dbaps,0.9,14.96,540.0964291666667,0.05806736028813235,0.8699166666666668,44.671662394005125,115.0,32.308,62.272,0.5109791216702664,0.6077515118196811,0,0.3291264050483139,1.0
18,intermittent,dbaps,0.9,14.404,538.1649454545455,0.05820138565138565,0.8401212121212122,44.075804575416825,114.0,33.316,62.884,0.5150789060563497,0.5944612009871127,0,0.33152384645211325,1.0
19,intermittent,dbaps,0.9,14.712,539.3035030303031,0.058194427467956875,0.8574545454545455,44.85576552256074,115.0,32.952,63.172,0.5085888057861429,0.6089225150013045,0,0.32819128422676436,1.0
20,intermittent,dbaps,0.9,13.424,540.8308686868687,0.06526781366781367,0.8756767676767677,44.92088724584104,114.0,31.584,62.512,0.5103737925241495,0.6190476190476191,0,0.33844731977818854,1.0
21,intermittent,dbaps,0.9,13.768,539.8481212121213,0.06296688496688498,0.86610101010101,44.31640232884963,114.0,32.844,61.796,0.5101297879075657,0.6105826397146255,0,0.3232282674161815,1.0
22,intermittent,dbaps,0.9,13.3,537.0882625,0.06191223169191919,0.8295,47.82160970231533,114.0,33.268,59.544,0.5123316566607172,0.6023407729994557,0,0.36339581036383684,1.0
23,intermittent,dbaps,0.9,14.92,542.3499041666668,0.060674242597680096,0.905875,45.03464343598055,115.0,31.612,61.792,0.5097676874340021,0.6080921441228588,0,0.32212317666126417,1.0
24,intermittent,dbaps,0.9,13.54,539.0653494949496,0.06264542268980772,0.8555959595959596,46.00432981927711,115.0,32.372,61.54,0.5125158027812895,0.5986244841815681,0,0.34186746987951805,1.0
25,intermittent,dbaps,0.9,14.148,534.9526857142858,0.05541437168273903,0.7896734693877552,48.55045871559633,114.0,32.828,59.388,0.5132006329641042,0.5936414640662571,0,0.3742702251876564,1.0
26,intermittent,dbaps,0.9,16.408,534.8119676767677,0.04872420080206457,0.8011313131313131,44.36355455568054,116.80000000000018,36.732,62.564,0.5079561381812185,0.6140717520027865,0,0.31811023622047246,1.0
27,intermittent,dbaps,0.9,13.448,540.7887676767676,0.06530632381086927,0.8768080808080808,42.77109641210664,114.0,33.044,64.468,0.5085516892745808,0.6155329110437896,0,0.3225095209460814,1.0
28,intermittent,dbaps,0.9,13.54,537.7610343434344,0.06118504458504458,0.8281616161616162,44.15178395426769,113.0,32.42,61.916,0.5088152908222112,0.6206628689798032,0,0.3341218214074512,1.0
29,intermittent,dbaps,0.9,15.008,538.9452282828283,0.05682663349722174,0.8545858585858586,45.27997589877486,115.0,33.228,62.916,0.5127294769657084,0.6115613182063749,0,0.3313918457521591,1.0
30,intermittent,dbaps,0.9,13.236,537.028543478261,0.06414599082716091,0.8380869565217391,45.27289546716004,115.0,32.928,56.516,0.5106536946208893,0.6127376999698159,0,0.3353376503237743,1.0
31,intermittent,dbaps,0.9,12.864,539.5389858585859,0.06685423599969056,0.8597171717171717,44.32427295191028,114.0,32.652,62.472,0.5088651033581175,0.6062217495346982,0,0.3328264588481277,1.0
32,intermittent,dbaps,0.9,14.428,538.5609050505051,0.05867532097532097,0.8470707070707072,44.17097817299919,114.0,33.576,62.976,0.5150183735420993,0.6053054662379421,0,0.3286176232821342,1.0
33,intermittent,dbaps,0.9,15.116,539.3786181818182,0.057468669674552025,0.8684848484848485,45.51748099891422,115.0,35.04,63.76,0.5122152525586002,0.5960433950223357,0,0.33029315960912053,1.0
34,intermittent,dbaps,0.9,13.372,537.5117696969697,0.06234205166985916,0.8376565656565655,47.261293179805136,115.0,34.816,62.124,0.5100984385607603,0.6088308457711443,0,0.35230292294065546,1.0
35,intermittent,dbaps,0.9,17.904,535.3578585858586,0.04442369055874544,0.790141414141414,46.83218842001963,118.0,34.284,63.5,0.5134686346863468,0.6041055718475073,0,0.3338567222767419,1.0
36,intermittent,dbaps,0.9,14.588,533.7847875,0.052727017569848454,0.77525,47.276595744680854,116.0,33.216,58.164,0.5094424124804061,0.6101738904749546,0,0.3488948564346209,1.0
37,intermittent,dbaps,0.9,15.448,542.1571073684212,0.05866667827184855,0.9057263157894737,44.14001231779922,117.0,32.54,61.92,0.5090654205607477,0.6055737704918033,0,0.3089714637651406,1.0
38,intermittent,dbaps,0.9,13.14,537.9143191919192,0.063492402546948,0.8370909090909091,47.26418511066398,114.0,32.52,60.464,0.5120712555668412,0.6030802485814645,0,0.3563380281690141,1.0
39,intermittent,dbaps,0.9,14.168,538.3244727272728,0.05969761676232264,0.8443636363636362,44.8,114.0,33.596,63.064,0.5106473594548552,0.6153846153846154,0,0.3344689378757515,1.0
40,intermittent,dbaps,0.9,13.344,540.9147757575759,0.06614355610719247,0.8846868686868687,44.69813829787234,114.0,32.992,62.62,0.5129791988997765,0.6048119469026548,0,0.3265577507598784,1.0
41,intermittent,dbaps,0.9,13.824,538.8264686868687,0.061127553927553924,0.8477171717171719,45.79249278152069,114.0,32.224,61.54,0.5103097017990635,0.6224196498562843,0,0.34109720885466793,1.0
42,intermittent,dbaps,0.9,13.484,539.3915838383839,0.06412758352758353,0.8642020202020202,45.209765297569156,114.0,34.472,62.82,0.5119779864033668,0.6155323819978046,0,0.3390611902766136,1.0
43,intermittent,dbaps,0.9,14.1,537.3472505263157,0.05940059572006941,0.8316210526315789,45.56034288292353,115.0,32.996,59.284,0.509640831758034,0.616158940397351,0,0.34784570268441234,1.0
44,intermittent,dbaps,0.9,14.164,537.3427959595961,0.05843474673474674,0.8298181818181818,46.163104378501764,115.0,34.216,62.496,0.5122223106935265,0.6165947729002791,0,0.3463374144013281,1.0
45,intermittent,dbaps,0.9,13.152,539.3078303030303,0.06577732267732267,0.8616565656565656,44.56381029920619,115.0,33.104,61.712,0.5099428387408421,0.6163732886281084,0,0.3303480561774883,1.0
46,intermittent,dbaps,0.9,14.52,537.4911510204082,0.05623514213877359,0.832408163265306,46.298231180584125,116.0,32.788,60.604,0.5124688279301746,0.6086455331412104,0,0.3356643356643357,1.0
47,intermittent,dbaps,0.9,14.452,536.4894020202021,0.05591020384843914,0.8062626262626263,46.481437125748506,115.0,32.928,61.668,0.5135399428313525,0.6081787922016167,0,0.35109780439121757,1.0
48,intermittent,dbaps,0.9,14.076,535.6781387755102,0.05727779771249159,0.8040816326530612,44.801259181532004,114.0,35.024,61.808,0.5127203192550716,0.6137672811059908,0,0.3320041972717733,1.0
49,intermittent,dbaps,0.9,13.564,535.0265414141414,0.05760486042972674,0.790141414141414,46.84938524590164,114.0,33.82,60.552,0.5138637733574443,0.5989806866952789,0,0.35450819672131145,1.0
0,intermittent,ewma,0.9,15.692,542.0844612244898,0.058199566310040494,0.9107346938775511,31.191786364555938,115.0,36.04,66.084,0.4729937646773018,0.7697735960011761,0,0.18470564434553916,1.0
1,intermittent,ewma,0.9,14.6,548.4083515151516,0.0684863658128364,0.9985050505050505,31.47824359229088,115.0,34.32,69.428,0.4691969196919692,0.7639138240574507,0,0.18259487383270415,1.0
2,intermittent,ewma,0.9,16.084,549.135402020202,0.06273121820464442,1.0052121212121212,30.57195701955258,115.0,32.984,70.856,0.46089630931458697,0.7751937984496124,0,0.17385943279901356,1.0
3,intermittent,ewma,0.9,14.088,542.5531306122449,0.0651143978470509,0.9169387755102041,29.79135827165433,113.0,35.872,67.372,0.47055016181229775,0.7703296703296704,0,0.1884376875375075,1.0
4,intermittent,ewma,0.9,14.22,541.8747030303031,0.06433779891132832,0.9091717171717172,32.815829861872395,114.0,37.14,66.808,0.47365960099750626,0.7472205968402574,0,0.2085069063801798,1.0
5,intermittent,ewma,0.9,15.58,542.7916041666667,0.05892742954553617,0.9162083333333333,29.79480891068874,115.0,34.544,65.948,0.47619781235556924,0.7585679314565483,0,0.17637441242591456,1.0
6,intermittent,ewma,0.9,15.172,545.4462101010101,0.06321151963504905,0.9575757575757577,31.287844739530133,115.0,34.476,68.016,0.4724709784411277,0.7665697674418605,0,0.1871297242083759,1.0
7,intermittent,ewma,0.9,13.988,541.777591919192,0.0645491156991157,0.9013737373737374,30.808858267716534,113.0,36.256,67.72,0.46895661990001614,0.7739085239085239,0,0.19448818897637796,1.0
8,intermittent,ewma,0.9,17.368,539.7947313131313,0.0503267328302932,0.8725656565656565,31.543598890210067,116.0,37.044,67.812,0.47294117647058825,0.757910447761194,0,0.1813317479191439,1.0
9,intermittent,ewma,0.9,15.604,541.3163757575759,0.057526047627028024,0.8961212121212122,32.49598817567568,116.0,37.244,67.264,0.47135229898796716,0.7618081715444799,0,0.19193412162162163,1.0
10,intermittent,ewma,0.9,16.056,546.7205494949496,0.061167031407227485,0.9785858585858586,30.391552511415526,116.0,35.452,68.708,0.46925943176525386,0.7799896587383661,0,0.17751141552511415,1.0
11,intermittent,ewma,0.9,16.668,544.2177858585859,0.05644289957262093,0.9401212121212122,31.74605367008682,116.0,35.728,68.832,0.47053900234348844,0.7736486486486487,0,0.17778216258879243,1.0
12,intermittent,ewma,0.9,13.868,540.7833616161618,0.06449111225474863,0.8903434343434343,29.649912587412587,113.0,36.752,66.696,0.47761308068459657,0.7609108159392789,0,0.18356643356643357,1.0
13,intermittent,ewma,0.9,14.508,543.4132080808082,0.06393682983682984,0.926949494949495,30.022641509433964,114.0,35.932,68.44,0.47041630460541906,0.7655249234196603,0,0.18430983118172792,1.0
14,intermittent,ewma,0.9,14.24,543.5368161616162,0.06546730121730121,0.9313131313131313,30.486301369863014,113.0,35.612,68.1,0.4719424460431655,0.7609625668449198,0,0.1889269406392694,1.0
15,intermittent,ewma,0.9,13.932,543.0052444444445,0.06632022977022978,0.9228686868686868,29.693575655114117,114.0,36.472,68.584,0.4755159854309996,0.763751987281399,0,0.18110735418427726,1.0
16,intermittent,ewma,0.9,14.884,546.3299802469136,0.06535138619550383,0.9716543209876543,28.044295302013424,114.0,28.176,56.204,0.464522040109946,0.7946703108985309,0,0.1599552572706935,1.0
17,intermittent,ewma,0.9,15.828,546.2865583333335,0.06151035203920749,0.9721666666666666,29.286728455925854,115.0,34.672,68.68,0.4669549104385423,0.7705589698565993,0,0.16900019719976336,1.0
18,intermittent,ewma,0.9,15.956,542.9455555555556,0.057747585856409385,0.9202020202020201,30.591702210158978,114.14999999999964,35.672,68.356,0.47105156313438895,0.7554585152838428,0,0.18379216750678556,1.0
19,intermittent,ewma,0.9,15.844,545.5929454545455,0.06105558252403172,0.9622626262626264,27.665059776320863,113.0,35.452,69.652,0.46721377423766997,0.798655838700644,0,0.15156189741612033,1.0
20,intermittent,ewma,0.9,14.42,547.1008040404041,0.06827355792355792,0.9805252525252526,29.095563770794826,114.0,34.492,69.312,0.4688092295014421,0.7767141009055627,0,0.1744916820702403,1.0
21,intermittent,ewma,0.9,14.252,544.9877696969698,0.06723979212508624,0.9536565656565655,29.924513149969886,114.0,35.668,67.64,0.47636136682789826,0.7583280955373979,0,0.17566753663922907,1.0
22,intermittent,ewma,0.9,13.84,542.5338875000001,0.066617580509768,0.921875,30.98544652701213,113.0,36.02,65.536,0.47151949085123307,0.7638483965014577,0,0.19338478500551268,1.0
23,intermittent,ewma,0.9,15.524,547.2506958333335,0.06364790712759463,0.9877500000000001,31.63006482982172,115.0,33.716,66.848,0.47465996707961533,0.7517929529154973,0,0.17990275526742303,1.0
24,intermittent,ewma,0.9,14.416,544.8512242424243,0.06635076024193672,0.952929292929293,30.6457078313253,114.0,35.14,67.796,0.47221303341051934,0.7634976525821596,0,0.18260542168674698,1.0
25,intermittent,ewma,0.9,14.924,541.4667795918368,0.06019275405466881,0.9012244897959183,31.224979149291077,114.0,36.396,66.84,0.4695744507065262,0.7641859138865127,0,0.19432860717264386,1.0
26,intermittent,ewma,0.9,16.156,539.3343272727274,0.05424673289100534,0.875070707070707,29.667491563554556,114.0,37.872,66.744,0.47771894093686357,0.7688073394495413,0,0.1718785151856018,1.0
27,intermittent,ewma,0.9,14.244,546.0867676767677,0.06787270322270322,0.9636767676767677,27.946081379033874,113.0,34.868,69.848,0.4694384628126553,0.7769994162288383,0,0.1713770294648226,1.0
28,intermittent,ewma,0.9,14.376,543.5148606060607,0.0644067969067969,0.9244444444444444,29.42105263157895,114.0,35.208,68.408,0.4670605373907413,0.7768935236004391,0,0.17819830475064063,1.0
29,intermittent,ewma,0.9,14.896,544.0233292929292,0.06324136147077322,0.9414949494949495,31.08455513155252,114.0,35.848,68.576,0.4695977549111319,0.7499283872815812,0,0.19321148825065274,1.0
30,intermittent,ewma,0.9,13.224,541.6090913043479,0.06934904171915042,0.9135652173913043,30.428075855689176,113.0,34.512,60.78,0.47447162194253145,0.7709335899903753,0,0.18362627197039777,1.0
31,intermittent,ewma,0.9,13.552,545.2879474747474,0.07082294742294744,0.9580606060606061,27.905151111955902,113.0,35.916,69.192,0.47162865146058425,0.7734664764621969,0,0.16232655388709372,1.0
32,intermittent,ewma,0.9,15.312,543.7136929292931,0.06110501394030805,0.9339797979797979,30.153395311236864,114.0,36.004,68.584,0.4697659808386995,0.7642207053469852,0,0.17966855295068715,1.0
33,intermittent,ewma,0.9,15.092,544.1380363636364,0.06304976167623226,0.9496969696969697,30.968729641693812,114.0,37.548,69.052,0.4765242908379524,0.7494969818913481,0,0.18284473398479914,1.0
34,intermittent,ewma,0.9,14.312,542.7985494949495,0.06467049432049433,0.9249292929292928,32.41120460584588,114.0,36.608,67.404,0.4758482366705666,0.7478576137112722,0,0.19995571302037202,1.0
35,intermittent,ewma,0.9,19.912,541.1740323232324,0.04481822941880028,0.8850909090909092,33.237684003925416,119.0,36.088,69.612,0.4687925865358408,0.7678075855689177,0,0.1801766437684004,1.0
36,intermittent,ewma,0.9,15.576,538.4182833333334,0.05491259789706481,0.8535416666666668,32.3701714521793,115.0,35.712,63.584,0.47582361141683177,0.7622203811101905,0,0.19582730840735385,1.0
37,intermittent,ewma,0.9,16.628,547.2044042105264,0.059806053394580366,0.9912842105263158,30.511393964278383,116.0,35.196,67.524,0.47166682023403667,0.7576803589920608,0,0.16587969616095258,1.0
38,intermittent,ewma,0.9,13.928,544.7030626262626,0.06832867687867687,0.9511919191919191,31.793360160965793,114.0,35.736,67.816,0.47505590253681856,0.7519116397621071,0,0.19557344064386317,1.0
39,intermittent,ewma,0.9,14.7,543.9927151515152,0.06392165416283063,0.9387070707070708,29.66633266533066,114.0,36.024,69.244,0.4721942204301075,0.7713687985654513,0,0.17975951903807616,1.0
40,intermittent,ewma,0.9,14.232,546.48338989899,0.06881442674972087,0.9766868686868687,29.385448328267476,114.0,35.248,68.428,0.4722479575507454,0.7687296416938111,0,0.1702127659574468,1.0
41,intermittent,ewma,0.9,14.812,544.0409535353535,0.06319308360484831,0.9358383838383838,31.914918190567853,114.0,34.948,67.452,0.47155193285449115,0.7666943751731782,0,0.19114533205004813,1.0
42,intermittent,ewma,0.9,14.404,544.1030585858587,0.06601102873161697,0.9431919191919191,30.089270746018443,114.0,36.812,68.072,0.4718556209254253,0.7817066043249562,0,0.1808466051969824,1.0
43,intermittent,ewma,0.9,14.152,542.0052884210528,0.06444533256217466,0.9083789473684211,30.56778705165802,114.0,34.796,63.98,0.4744258872651357,0.7714604236343366,0,0.194676291450485,1.0
44,intermittent,ewma,0.9,14.992,541.8575474747475,0.06051753355576885,0.9067070707070707,32.15625648474787,115.0,36.636,67.704,0.4703350031308704,0.7610096670247046,0,0.19962647852251506,1.0
45,intermittent,ewma,0.9,14.104,544.6184808080809,0.06760035890035891,0.9514747474747475,29.465296153063303,114.0,35.752,67.52,0.47326372409428885,0.7689100655151876,0,0.17647058823529413,1.0
46,intermittent,ewma,0.9,15.324,543.2079428571429,0.060691375451279415,0.9282857142857143,31.24496092143151,115.0,35.42,66.844,0.4736411932979158,0.760490045941807,0,0.1830522418757713,1.0
47,intermittent,ewma,0.9,14.624,542.0596646464647,0.061497731680084614,0.8985454545454546,30.689221556886228,113.55000000000018,35.476,67.952,0.47129151291512916,0.7708860759493671,0,0.18922155688622755,1.0
48,intermittent,ewma,0.9,14.9,541.2762571428572,0.060501965364900545,0.8974693877551021,30.774186778593915,114.0,37.396,67.856,0.47391732283464566,0.7633010882708585,0,0.185099685204617,1.0
49,intermittent,ewma,0.9,14.276,540.8338666666667,0.06235880045880046,0.8884040404040404,30.83688524590164,113.0,36.824,67.08,0.47466429260330883,0.7531951150241408,0,0.19200819672131147,1.0
0,intermittent,dbaps,0.95,14.5,533.524906122449,0.0503615749330035,0.7686122448979593,52.67833299615618,118.0,32.528,57.176,0.5218935888962326,0.5729566648381789,0,0.39631802549059275,1.0
1,intermittent,dbaps,0.95,13.5,539.8993131313132,0.061369248035914696,0.8553535353535353,53.72004768527717,118.0,29.916,59.836,0.5250610099493148,0.5742491657397107,0,0.39757599841049074,1.0
2,intermittent,dbaps,0.95,13.772,538.4318060606062,0.05638360586191527,0.8316363636363636,52.90241324643298,118.0,29.692,60.148,0.5267463813719321,0.5725708747274049,0,0.39475074863484233,1.0
3,intermittent,dbaps,0.95,12.5,533.5662081632653,0.05828089569160998,0.7640816326530612,51.28005601120224,116.0,31.544,57.468,0.5215018193847172,0.5767656090071648,0,0.40208041608321665,1.0
4,intermittent,dbaps,0.95,13.0,534.2982383838385,0.05632138377236417,0.7794343434343434,54.839289629467224,117.0,32.876,58.02,0.5216250596279217,0.5743464052287581,0,0.42381056785792587,1.0
5,intermittent,dbaps,0.95,13.488,536.1935333333334,0.05837355169340463,0.8069166666666666,47.21827099938688,116.0,32.032,59.248,0.519576304433111,0.5714693295292439,0,0.3547925608011445,1.0
6,intermittent,dbaps,0.95,13.532,535.6148565656566,0.05392350404631106,0.7952323232323233,55.84800817160368,119.0,31.184,58.156,0.5192144912815304,0.568909386869235,0,0.4130745658835546,1.0
7,intermittent,dbaps,0.95,12.5,532.5458060606062,0.05520903479236813,0.7478383838383839,54.13582677165354,116.0,32.612,57.824,0.5243942640514258,0.5719144800777454,0,0.42322834645669294,1.0
8,intermittent,dbaps,0.95,14.736,530.9593454545454,0.04554675056174259,0.7244444444444446,55.451050336900515,119.0,32.852,57.356,0.5213103507417889,0.572025633881304,0,0.4183511692429647,1.0
9,intermittent,dbaps,0.95,14.608,533.7157252525254,0.05168597081930415,0.7676767676767676,56.00485641891892,120.0,33.128,58.376,0.5212106379507261,0.573757349011224,0,0.41638513513513514,1.0
10,intermittent,dbaps,0.95,14.032,537.5022262626263,0.05566666666666666,0.8271919191919191,52.40981735159817,117.0,31.888,59.14,0.5232124434568685,0.5726681127982647,0,0.3970700152207002,1.0
11,intermittent,dbaps,0.95,15.048,536.2391797979799,0.05124386448214199,0.8063030303030303,53.562746645619576,119.0,31.608,59.484,0.5209298335906674,0.5760020822488288,0,0.39719810576164166,1.0
12,intermittent,dbaps,0.95,12.916,532.7509535353537,0.05572857331484783,0.757090909090909,52.37696678321678,116.0,33.488,58.084,0.5180292197699721,0.5736250739207569,0,0.3994755244755245,1.0
13,intermittent,dbaps,0.95,12.92,533.5052969696972,0.05373748597081931,0.7655757575757575,52.52135054617676,117.0,33.036,58.664,0.5213647702583085,0.5694480774261051,0,0.4,1.0
14,intermittent,dbaps,0.95,11.9,533.5882141414143,0.057590355940355935,0.7624242424242424,54.083713850837135,116.0,30.992,57.108,0.5229297801030001,0.5698282300224048,0,0.4204718417047184,1.0
15,intermittent,dbaps,0.95,12.588,535.5604323232324,0.060736802367105394,0.7987878787878787,50.38672865595942,115.0,33.592,60.836,0.5170703480201703,0.5727299441669116,0,0.3873626373626374,1.0
16,intermittent,dbaps,0.95,13.876,535.6482962962964,0.05403403754318787,0.7968395061728395,53.1923937360179,117.0,25.24,47.464,0.5221479314667781,0.5673379483952171,0,0.40961968680089483,1.0
17,intermittent,dbaps,0.95,13.664,535.9025083333336,0.053658617424242425,0.798875,52.34746598304082,117.0,30.816,58.136,0.5237145189081346,0.5718506580714477,0,0.39597712482745023,1.0
18,intermittent,dbaps,0.95,15.344,533.2613656565657,0.045763269054178136,0.7587474747474747,53.452113222179136,119.0,31.812,58.028,0.5206810631229236,0.5692722371967655,0,0.40248158200853046,1.0
19,intermittent,dbaps,0.95,14.016,535.1541696969697,0.05332272217120702,0.7880404040404041,53.13382182799846,118.0,31.42,58.968,0.5189506785832506,0.5646067415730337,0,0.40069417662938683,1.0
20,intermittent,dbaps,0.95,13.136,537.182290909091,0.060288657219851514,0.8187878787878788,52.8815157116451,117.0,31.156,59.4,0.523110661268556,0.5728764478764479,0,0.4036968576709797,1.0
21,intermittent,dbaps,0.95,13.0,537.7122626262626,0.06207565854624677,0.8333333333333334,49.60710700662518,117.0,32.82,60.16,0.5163185896926864,0.5720575286175521,0,0.36639229070467777,1.0
22,intermittent,dbaps,0.95,11.688,533.3409166666668,0.059344791666666674,0.7662083333333334,54.47453142227123,115.0,31.78,55.668,0.5211599382665909,0.5706153429113581,0,0.4269018743109151,1.0
23,intermittent,dbaps,0.95,13.828,538.8438958333334,0.058185873440285196,0.847125,50.72609400324149,116.0,30.172,58.248,0.5207690272510803,0.5696276751685723,0,0.3770259319286872,1.0
24,intermittent,dbaps,0.95,12.42,535.6416484848486,0.05907914344188854,0.7968080808080809,53.29254518072289,117.0,30.948,57.916,0.5203306900624262,0.5784421283598464,0,0.40003765060240964,1.0
25,intermittent,dbaps,0.95,13.548,532.9044204081633,0.05253609079995634,0.755673469387755,52.93181818181818,116.0,32.26,57.408,0.5235707121364093,0.5744849445324881,0,0.40763135946622187,1.0
26,intermittent,dbaps,0.95,14.004,531.1762505050507,0.048761432506887054,0.7356767676767677,52.78627671541057,117.0,33.688,57.384,0.5168007964822036,0.5687139463861555,0,0.4040494938132733,1.0
27,intermittent,dbaps,0.95,13.5,536.2789494949495,0.05724770431588613,0.8044848484848485,49.88614952896372,115.0,32.244,60.444,0.521875,0.5748633879781421,0,0.3918620966125476,1.0
28,intermittent,dbaps,0.95,12.376,535.524892929293,0.0627368490095763,0.7921616161616162,49.56061502069781,114.0,32.124,60.024,0.5216059602649007,0.5752551020408163,0,0.39128720678099743,1.0
29,intermittent,dbaps,0.95,13.82,534.2798303030303,0.05203003294981905,0.776888888888889,54.69110263105041,116.0,31.576,58.032,0.5226559776925758,0.5739268680445151,0,0.4219722835910825,1.0
30,intermittent,dbaps,0.95,13.524,534.1889652173913,0.05527205695397915,0.7896086956521738,53.609389454209065,119.0,31.676,53.66,0.518042071197411,0.5716814159292035,0,0.40032377428307125,1.0
31,intermittent,dbaps,0.95,12.16,536.196787878788,0.06189265672599005,0.8076363636363637,51.96749667363619,116.0,32.352,59.492,0.5205535538814281,0.5696937697993664,0,0.39232085154913515,1.0
32,intermittent,dbaps,0.95,13.624,533.6868646464648,0.05190206041400337,0.7658585858585858,52.70735650767987,116.64999999999964,31.576,57.62,0.5235119762877514,0.5779134589859305,0,0.40177849636216656,1.0
33,intermittent,dbaps,0.95,13.548,534.1605333333334,0.05194074074074074,0.7803232323232323,54.717480998914226,118.0,32.876,58.172,0.5212236776653955,0.5803011292346298,0,0.4062975027144408,1.0
34,intermittent,dbaps,0.95,13.508,533.5199070707072,0.05238532922810998,0.7707070707070707,54.73383525243578,117.0,33.192,57.996,0.520999829960891,0.576899320568252,0,0.41054030115146145,1.0
35,intermittent,dbaps,0.95,17.356,531.920202020202,0.038783683597912844,0.7325252525252526,55.416290480863594,123.0,33.348,60.124,0.523218092501622,0.5723779254550708,0,0.3956820412168793,1.0
36,intermittent,dbaps,0.95,14.372,531.4082250000001,0.048841519360269356,0.7379166666666668,53.24519727329064,118.0,32.952,56.152,0.5190982624325944,0.5738840430990252,0,0.39971080355298494,1.0
37,intermittent,dbaps,0.95,14.6,537.1843789473685,0.05294867343798092,0.8221052631578948,53.51036748101006,119.0,30.42,56.796,0.5204914189252555,0.5707806932296728,0,0.3956066516115787,1.0
38,intermittent,dbaps,0.95,12.324,535.1033939393939,0.059100897867564534,0.792,53.41790744466801,116.0,32.292,58.1,0.5202262194642997,0.5709737330856991,0,0.40865191146881286,1.0
39,intermittent,dbaps,0.95,13.296,535.4096000000001,0.057206808428911814,0.7979797979797979,53.02745490981964,116.0,33.096,60.368,0.5198211368131396,0.5661419497376415,0,0.40821643286573145,1.0
40,intermittent,dbaps,0.95,12.272,538.5173454545454,0.06640744041724435,0.8456565656565656,50.21941489361702,116.0,32.224,60.244,0.5219713941064966,0.577661909989023,0,0.3768996960486322,1.0
41,intermittent,dbaps,0.95,13.348,534.4617373737374,0.053323823025577415,0.7785454545454545,56.623869104908565,118.0,31.624,57.608,0.5211116608939469,0.5826019617965926,0,0.41520692974013473,1.0
42,intermittent,dbaps,0.95,12.464,535.5817333333334,0.060653030303030306,0.8035555555555557,53.50083822296731,116.0,33.748,59.4,0.5217037218014496,0.5732330018812147,0,0.4090528080469405,1.0
43,intermittent,dbaps,0.95,12.964,533.9174189473686,0.05653319573443412,0.7761263157894737,53.38822467854726,118.0,32.368,56.3,0.5193260654112983,0.567602369302086,0,0.4141664786826077,1.0
44,intermittent,dbaps,0.95,12.724,533.5049575757578,0.057350082524592325,0.7646464646464647,54.43058725876738,116.0,32.212,57.936,0.5215613978839372,0.5728131212723658,0,0.4249844366051048,1.0
45,intermittent,dbaps,0.95,12.432,535.0339434343435,0.05885671372926275,0.7916363636363636,53.23142682678608,117.0,31.908,57.64,0.5210982424880538,0.5721324938406789,0,0.40443720740891514,1.0
46,intermittent,dbaps,0.95,14.0,536.0156693877552,0.05622902494331066,0.8070612244897959,50.875976964212256,118.0,32.012,58.912,0.5207968658831374,0.571224664573223,0,0.3757712875359934,1.0
47,intermittent,dbaps,0.95,13.18,532.7945616161617,0.051626698356110126,0.7455353535353536,54.40898203592814,117.0,31.924,58.116,0.5223700120918985,0.5693533270852859,0,0.4151696606786427,1.0
48,intermittent,dbaps,0.95,13.024,531.6518326530612,0.05154218535899208,0.7353469387755102,54.562854144805875,117.0,33.076,57.304,0.5202011735121542,0.5680672268907563,0,0.4197271773347324,1.0
49,intermittent,dbaps,0.95,13.528,531.6605252525252,0.05005537730243613,0.7357171717171715,53.82745901639344,117.0,33.244,57.54,0.5194952395345322,0.5690387679235263,0,0.4057377049180328,1.0
0,intermittent,ewma,0.95,15.388,540.4857346938775,0.05747515456732143,0.884204081632653,36.3301638680963,115.0,35.32,64.38,0.48462855744923755,0.7031832520791511,0,0.23892373052801943,1.0
1,intermittent,ewma,0.95,14.676,546.4497090909092,0.06631547940077352,0.9676363636363637,37.98966818994636,115.0,33.82,67.52,0.4838500694123091,0.6870827285921626,0,0.24736737532286907,1.0
2,intermittent,ewma,0.95,15.708,546.8504848484848,0.06155083558416891,0.9674747474747476,36.54888145147085,116.0,32.14,68.512,0.47487370380218025,0.7053188807663222,0,0.2351594151840761,1.0
3,intermittent,ewma,0.95,13.944,540.557412244898,0.06343957583033213,0.8829795918367347,35.763352670534104,113.0,34.74,65.044,0.4843469753790967,0.7029994643813605,0,0.25125025005001,1.0
4,intermittent,ewma,0.95,13.94,540.1239636363637,0.063394412994413,0.8811313131313132,38.76189432142074,114.0,36.616,65.06,0.48960865814445925,0.6764789939982853,0,0.2707739530804648,1.0
5,intermittent,ewma,0.95,14.276,541.3567166666668,0.06258984661172161,0.8925833333333333,34.47353361945637,114.0,33.9,64.396,0.48844065166795964,0.687797619047619,0,0.23298589822194973,1.0
6,intermittent,ewma,0.95,14.708,544.2331838383839,0.06394388320466751,0.9372929292929292,36.013483146067415,114.0,33.852,66.68,0.48444555945810336,0.7106154714850367,0,0.236976506639428,1.0
7,intermittent,ewma,0.95,13.952,539.9714787878787,0.06279461312108371,0.8713939393939395,36.19586614173228,114.0,35.524,65.816,0.48249817266303907,0.7109474218948438,0,0.2484251968503937,1.0
8,intermittent,ewma,0.95,16.832,537.8703959595961,0.049860376952482216,0.8433535353535353,37.90507332540626,117.0,37.004,66.2,0.4845483024299382,0.680139575457982,0,0.2479191438763377,1.0
9,intermittent,ewma,0.95,15.424,540.3043191919193,0.057431484165797894,0.8817777777777779,38.06440033783784,116.0,37.456,66.596,0.48389428869788736,0.6998028724303014,0,0.24767736486486486,1.0
10,intermittent,ewma,0.95,15.772,544.528698989899,0.059946064284299584,0.9424646464646464,36.823059360730596,116.0,34.524,66.392,0.4811365059486537,0.7038248616004026,0,0.24315068493150685,1.0
11,intermittent,ewma,0.95,16.544,541.9048929292929,0.05500991866177625,0.9037979797979798,37.56629834254144,116.0,35.272,66.636,0.4841102587878277,0.6994775914215012,0,0.23993685872138912,1.0
12,intermittent,ewma,0.95,14.004,539.1449656565658,0.061584750108279525,0.8643636363636362,36.12303321678322,114.0,36.4,65.148,0.489962310591493,0.6915974145891043,0,0.2493444055944056,1.0
13,intermittent,ewma,0.95,14.904,541.5641818181819,0.060222573722573725,0.8967676767676767,35.12214498510427,114.0,35.264,66.484,0.4846703733121525,0.7019125683060109,0,0.23515392254220457,1.0
14,intermittent,ewma,0.95,13.944,542.3267474747474,0.06527940762940763,0.9106262626262626,35.166476407914764,113.0,34.904,66.688,0.4848826896718536,0.7047049649077203,0,0.23820395738203956,1.0
15,intermittent,ewma,0.95,13.992,541.7275070707071,0.06451438191438191,0.9016565656565657,34.13102282333052,114.0,35.908,67.204,0.48566308243727596,0.7050248138957816,0,0.2256973795435334,1.0
16,intermittent,ewma,0.95,14.66,545.0566518518519,0.06513778772667661,0.9520987654320988,32.68657718120805,114.0,28.132,55.38,0.47398665982555155,0.7331114808652246,0,0.2116331096196868,1.0
17,intermittent,ewma,0.95,15.732,544.3878166666666,0.05993290732959851,0.9418333333333333,34.53303096036285,115.0,34.276,66.948,0.47902595094205475,0.703830760434534,0,0.223624531650562,1.0
18,intermittent,ewma,0.95,15.556,541.5415838383839,0.05792039159097982,0.8995555555555556,35.82609538580845,114.0,35.9,67.38,0.485548186358798,0.6810856658184903,0,0.23982163629313688,1.0
19,intermittent,ewma,0.95,15.548,543.4714545454545,0.05977810384967248,0.9288888888888889,34.00115696104898,115.0,35.172,67.824,0.47862348178137654,0.7213698630136987,0,0.21577323563440032,1.0
20,intermittent,ewma,0.95,13.916,544.7910424242425,0.06787144707144709,0.9437979797979797,35.57449168207024,114.0,33.976,67.212,0.4826383120119621,0.7001514386673398,0,0.24140480591497226,1.0
21,intermittent,ewma,0.95,14.092,542.9759555555556,0.06581925003101473,0.9197171717171717,35.65629391688416,115.0,34.656,65.388,0.4890946179193472,0.6929932390903504,0,0.23408954025296125,1.0
22,intermittent,ewma,0.95,13.496,540.3761583333335,0.06561854777167278,0.8865416666666667,37.84013230429989,113.0,35.316,63.404,0.4840109272055279,0.6876758581879572,0,0.2648291069459757,1.0
23,intermittent,ewma,0.95,15.156,545.2197041666667,0.06313806314192343,0.9551666666666666,36.845421393841164,115.0,33.212,65.016,0.4896051712089448,0.6801938219261053,0,0.23723662884927066,1.0
24,intermittent,ewma,0.95,14.168,542.6794101010103,0.06501454286454286,0.9179797979797979,36.4113328313253,114.0,34.54,65.732,0.48595248020008336,0.6884450784593438,0,0.24284638554216867,1.0
25,intermittent,ewma,0.95,14.932,539.8933265306123,0.05890708294306734,0.8779591836734694,36.91638865721435,114.0,36.624,65.796,0.4824042098339089,0.697324414715719,0,0.2529190992493745,1.0
26,intermittent,ewma,0.95,16.38,537.8058424242425,0.05221548585764273,0.8517575757575757,35.02182227221597,115.0,37.932,65.564,0.4888270442825571,0.7017606899029823,0,0.22407199100112485,1.0
27,intermittent,ewma,0.95,14.888,544.4685131313131,0.06366166415284062,0.9373333333333334,33.124273401483265,115.0,34.336,68.252,0.4814753142952294,0.7159644597305819,0,0.2202846261775907,1.0
28,intermittent,ewma,0.95,14.116,541.7376686868687,0.06359599474599475,0.8964444444444446,34.008673368815295,113.0,34.888,66.78,0.4791869918699187,0.715945945945946,0,0.22708456534594915,1.0
29,intermittent,ewma,0.95,14.74,542.4951676767678,0.062343591593591596,0.9173737373737374,36.06426993372163,114.0,35.588,67.236,0.4817955966760901,0.6871680178920884,0,0.24462743522795743,1.0
30,intermittent,ewma,0.95,13.54,540.0912913043478,0.06608666786112438,0.8902608695652173,36.401480111008325,114.0,34.448,59.676,0.48667568212552703,0.7014784523435043,0,0.24306197964847365,1.0
31,intermittent,ewma,0.95,13.48,543.4353858585858,0.06895976615976616,0.9271919191919191,33.540391560539824,113.0,35.184,67.304,0.48274193548387095,0.7038888888888889,0,0.21934993347272383,1.0
32,intermittent,ewma,0.95,15.184,541.5077050505051,0.05922554765495942,0.8983838383838383,36.50666936135813,114.64999999999964,35.38,66.4,0.4857799255327577,0.6901020126826578,0,0.24393694421988682,1.0
33,intermittent,ewma,0.95,14.824,542.9778020202021,0.06293014208014208,0.9313131313131314,34.76503800217155,114.0,37.312,68.008,0.4899196852974922,0.6938976377952756,0,0.2247557003257329,1.0
34,intermittent,ewma,0.95,14.244,540.8674949494949,0.06277683057683058,0.8943030303030303,38.01062887511072,114.0,36.224,65.668,0.4885618166526493,0.6884244372990354,0,0.2577502214348981,1.0
35,intermittent,ewma,0.95,19.292,539.2861616161617,0.044334932688136555,0.8541414141414141,38.53346418056918,118.0,35.452,67.648,0.4819519327423924,0.698215905654672,0,0.23846908734052993,1.0
36,intermittent,ewma,0.95,15.008,536.4552291666668,0.05464882658191482,0.8215,39.049576533774015,115.0,35.076,61.648,0.48811375249944455,0.685882038964505,0,0.2662673001445982,1.0
37,intermittent,ewma,0.95,16.444,545.4340884210527,0.05856207722608896,0.9615578947368421,35.10716485321289,117.0,34.432,65.712,0.4838202662721893,0.7041581458759373,0,0.21248203654280434,1.0
38,intermittent,ewma,0.95,13.524,542.7383232323234,0.06817397837852385,0.9197979797979797,38.4420523138833,114.0,35.28,65.996,0.4901655912306616,0.6703326917789387,0,0.2641851106639839,1.0
39,intermittent,ewma,0.95,14.636,542.056876767677,0.06220773235479118,0.9084040404040404,35.20040080160321,114.0,35.812,67.568,0.4851585623678647,0.7054014598540146,0,0.23527054108216433,1.0
40,intermittent,ewma,0.95,13.868,545.3004080808081,0.0693910163910164,0.9613333333333335,34.71922492401216,114.0,35.968,68.012,0.4831718510963794,0.6977611940298507,0,0.22587386018237082,1.0
41,intermittent,ewma,0.95,14.28,542.2941818181819,0.06385434627101294,0.9064646464646464,36.13320500481232,114.0,34.04,65.448,0.48612012987012987,0.7125,0,0.24215591915303175,1.0
42,intermittent,ewma,0.95,14.212,542.3937777777777,0.06454419099419098,0.9151919191919192,35.66135792120704,114.0,36.18,66.308,0.48254095085896925,0.7179340028694404,0,0.23742665549036043,1.0
43,intermittent,ewma,0.95,14.544,540.0435115789475,0.060800890238072905,0.8783578947368421,37.370178208887886,115.0,34.732,62.46,0.48531175059952036,0.6974835886214442,0,0.261899390931649,1.0
44,intermittent,ewma,0.95,14.808,540.2799111111111,0.05937747513923985,0.8822626262626263,38.79601577090683,116.0,36.388,66.236,0.4850805178402273,0.6897181628392485,0,0.26644532060593484,1.0
45,intermittent,ewma,0.95,13.724,543.1896484848485,0.06780705405705405,0.9286464646464647,34.723794015876244,114.0,35.4,66.176,0.48497169736107787,0.7063928261498409,0,0.23081620191329127,1.0
46,intermittent,ewma,0.95,14.908,541.2316979591837,0.060167405313773854,0.8954693877551021,36.93130399012752,115.0,34.68,64.832,0.487118281340028,0.690540137272456,0,0.24496092143150966,1.0
47,intermittent,ewma,0.95,14.448,540.8131111111112,0.06099397084397084,0.8804040404040404,36.259481037924154,114.0,35.612,66.968,0.4837966404043407,0.7071181413741967,0,0.2467065868263473,1.0
48,intermittent,ewma,0.95,14.996,539.4811306122449,0.05812873006345396,0.868938775510204,36.40335781741868,115.0,37.224,66.42,0.4851992723664627,0.6917204932472109,0,0.24050367261280167,1.0
49,intermittent,ewma,0.95,14.308,539.1929373737375,0.06049740248857896,0.8637979797979798,36.954508196721314,114.0,36.848,65.792,0.48647032441321575,0.6819436775262286,0,0.2530737704918033,1.0
0,intermittent,dbaps,0.99,14.0,531.2115918367348,0.04726291920276883,0.7278367346938776,55.95326724661137,119.0,31.172,54.5,0.5221195113898977,0.5737479361585031,0,0.42019016791422215,1.0
1,intermittent,dbaps,0.99,12.0,536.9603797979798,0.06323484848484848,0.8077575757575758,56.10490760977548,116.0,29.032,57.0,0.5250258240210348,0.5740072202166066,0,0.42737929664216173,1.0
2,intermittent,dbaps,0.99,13.5,537.2066787878788,0.056502805836139175,0.8070707070707072,55.75180553109036,118.0,27.6,57.5,0.5262826282628262,0.5705314009661836,0,0.4250484410780342,1.0
3,intermittent,dbaps,0.99,12.5,531.1850081632654,0.052842436974789915,0.7227755102040817,55.92218443688738,117.0,30.54,54.936,0.5233683513938291,0.5722321656865252,0,0.4394878975795159,1.0
4,intermittent,dbaps,0.99,12.5,532.5708565656566,0.05636215092097445,0.7492929292929293,56.04560403420302,117.0,31.82,56.0,0.5219946006034619,0.5757658643326039,0,0.43850032887524665,1.0
5,intermittent,dbaps,0.99,13.5,534.0407583333334,0.05337268518518518,0.773375,50.45452687512773,118.0,32.172,57.708,0.5199373286329808,0.5730272596843615,0,0.3789086450030656,1.0
6,intermittent,dbaps,0.99,13.5,534.9745131313132,0.05297049441786284,0.7832727272727272,58.13258426966292,119.0,30.456,57.0,0.5200440715314857,0.5639016482031883,0,0.43575076608784474,1.0
7,intermittent,dbaps,0.99,11.5,531.6398101010101,0.056574314574314576,0.7318383838383838,55.250787401574804,116.0,31.616,56.284,0.5246806757313556,0.5727825030376671,0,0.43188976377952754,1.0
8,intermittent,dbaps,0.99,15.276,530.9238060606061,0.044456617456617456,0.725050505050505,54.64030915576694,118.0,33.772,58.276,0.5207044673539519,0.5667590027700831,0,0.41954022988505746,1.0
9,intermittent,dbaps,0.99,14.0,531.5505535353536,0.04844141414141414,0.7311919191919192,59.927576013513516,120.0,32.112,56.0,0.5211888625785907,0.5691446842525979,0,0.4484797297297297,1.0
10,intermittent,dbaps,0.99,14.0,535.7948808080808,0.05357828282828282,0.7966060606060607,54.912290715372905,116.0,30.636,57.0,0.5237414641892965,0.571944177093359,0,0.4235159817351598,1.0
11,intermittent,dbaps,0.99,16.0,536.0064606060607,0.049359669570195885,0.8017777777777778,54.38634569850039,118.0,31.124,59.0,0.5233805233805234,0.5708712613784135,0,0.40331491712707185,1.0
12,intermittent,dbaps,0.99,13.0,531.3373575757577,0.05188697431834687,0.7309494949494949,55.85992132867133,117.0,32.136,56.0,0.5193846631963328,0.5738384137318734,0,0.4241695804195804,1.0
13,intermittent,dbaps,0.99,12.5,532.8037010101011,0.055142305407011295,0.75410101010101,54.75292949354518,117.0,32.836,57.996,0.5215992277371089,0.5703063629222309,0,0.4208540218470705,1.0
14,intermittent,dbaps,0.99,11.5,532.9870868686869,0.0583466810966811,0.7527676767676766,54.18664383561644,116.0,31.212,56.868,0.5226956735094463,0.5689783743475019,0,0.4208523592085236,1.0
15,intermittent,dbaps,0.99,13.0,534.8841050505051,0.057660101010101,0.7888888888888888,51.78930684699915,116.0,33.9,60.5,0.5196029776674937,0.5695014662756598,0,0.3956043956043956,1.0
16,intermittent,dbaps,0.99,13.5,533.5952000000002,0.05174727668845316,0.7611358024691358,56.295525727069354,117.0,24.348,45.5,0.5228505843071787,0.5691724573594441,0,0.43914988814317674,1.0
17,intermittent,dbaps,0.99,13.5,533.9623250000001,0.05072685185185185,0.7657916666666668,55.890159731808325,117.0,29.484,55.5,0.523921924648207,0.5705488621151271,0,0.43364227962926444,1.0
18,intermittent,dbaps,0.99,14.5,534.472892929293,0.051603509845934085,0.7806868686868685,51.13396665374176,117.0,32.712,59.5,0.5212624584717608,0.5690026954177898,0,0.39240015509887555,1.0
19,intermittent,dbaps,0.99,13.588,532.2141171717172,0.04778092031425365,0.7406868686868686,57.58195140763594,118.0,31.04,56.28,0.5202053660152368,0.5621814475025484,0,0.4361743154647127,1.0
20,intermittent,dbaps,0.99,13.0,537.2612121212121,0.060523668053079814,0.8205252525252524,53.61460258780037,117.0,31.268,59.5,0.5247090571765897,0.570738773539353,0,0.4105360443622921,1.0
21,intermittent,dbaps,0.99,13.0,535.0126585858586,0.055285403050108935,0.7880404040404041,54.763501304958844,117.0,31.468,56.992,0.518500873431793,0.5684086905460951,0,0.4127685203774342,1.0
22,intermittent,dbaps,0.99,12.5,532.5143791666668,0.05378530092592592,0.7508333333333334,57.00595369349504,115.0,30.92,54.5,0.5208909120468217,0.5694970254191455,0,0.4456449834619625,1.0
23,intermittent,dbaps,0.99,14.0,538.3748458333334,0.05712344028520499,0.8379166666666668,52.40113452188007,116.0,29.56,57.5,0.5208535402521823,0.5693751833382223,0,0.3934359805510535,1.0
24,intermittent,dbaps,0.99,11.5,532.9338424242425,0.058278470984353334,0.7528080808080808,57.060805722891565,117.0,30.592,55.56,0.5223225588657271,0.5724459052314435,0,0.43881777108433734,1.0
25,intermittent,dbaps,0.99,14.0,532.1975836734695,0.0499321183018662,0.742938775510204,54.89491242702252,116.0,31.692,56.5,0.5237140948563794,0.5752517223105459,0,0.42472894078398665,1.0
26,intermittent,dbaps,0.99,14.5,529.6228363636365,0.04533333333333333,0.7088080808080808,55.39302587176603,117.0,32.828,55.444,0.5169014084507042,0.5696245733788395,0,0.4249718785151856,1.0
27,intermittent,dbaps,0.99,12.5,536.5857373737374,0.06266666666666666,0.8058181818181819,49.34976949288435,113.0,31.224,60.0,0.5224790449580899,0.5719707237733803,0,0.3922629785528162,1.0
28,intermittent,dbaps,0.99,12.752,533.6886343434344,0.05663504324288638,0.759030303030303,53.67297457125961,117.0,30.36,57.252,0.5238529070730495,0.5733571064696893,0,0.4180958013010053,1.0
29,intermittent,dbaps,0.99,13.5,531.5598383838384,0.046891133557800224,0.7291717171717172,59.58565977103836,117.0,30.312,55.0,0.523751416368866,0.572147206777866,0,0.46153846153846156,1.0
30,intermittent,dbaps,0.99,12.5,533.8976695652175,0.05776742581090406,0.7842173913043478,54.256244218316375,118.0,31.372,53.26,0.5194206182230134,0.5707547169811321,0,0.4070305272895467,1.0
31,intermittent,dbaps,0.99,11.5,535.3527434343434,0.06375016835016835,0.7905858585858586,53.827599315719446,115.0,30.732,57.5,0.5205378371730753,0.5658690507494084,0,0.4200722296141418,1.0
32,intermittent,dbaps,0.99,13.5,533.2466060606062,0.05246250742721331,0.7567272727272727,53.709377526273244,117.0,31.084,57.0,0.5226360571520309,0.5743670886075949,0,0.42178658043654,1.0
33,intermittent,dbaps,0.99,12.756,532.2614262626263,0.05034720218053552,0.749979797979798,57.63887079261672,118.0,32.76,56.54,0.5211489115139475,0.5806248027769012,0,0.4319218241042345,1.0
34,intermittent,dbaps,0.99,14.0,533.739094949495,0.05179084967320262,0.7730505050505051,55.88064658990257,117.0,32.968,58.0,0.5205071477195371,0.5741995073891626,0,0.4216120460584588,1.0
35,intermittent,dbaps,0.99,16.5,531.2511474747475,0.03980658761528327,0.7205252525252526,57.045731108930326,123.0,32.668,59.0,0.523580098211804,0.5736187445762222,0,0.4115799803729146,1.0
36,intermittent,dbaps,0.99,13.5,531.3697583333334,0.05167824074074073,0.7367083333333334,54.28547820698203,118.0,32.776,56.0,0.5204288177524552,0.5696752748657632,0,0.41065895476141295,1.0
37,intermittent,dbaps,0.99,15.0,537.3031705263159,0.05294708263872351,0.8223157894736841,54.089098747690414,117.0,29.88,56.5,0.5206122640623533,0.5707836181876814,0,0.4062820776021351,1.0
38,intermittent,dbaps,0.99,12.5,533.5901050505051,0.056994949494949494,0.763959595959596,56.56519114688129,117.0,30.868,56.0,0.5207449316360208,0.5699523052464229,0,0.43561368209255535,1.0
39,intermittent,dbaps,0.99,14.0,531.6328767676767,0.04612031425364759,0.7337777777777779,59.1813627254509,117.0,31.856,56.5,0.5201685731487056,0.5647253657190174,0,0.4531062124248497,1.0
40,intermittent,dbaps,0.99,12.5,537.3890787878788,0.06316815210932858,0.8265858585858586,52.317439209726444,117.0,31.668,59.0,0.5228487670287981,0.5725629791894852,0,0.3913373860182371,1.0
41,intermittent,dbaps,0.99,13.0,533.5268242424243,0.053279461279461274,0.7622626262626263,57.389990375360924,117.0,30.996,56.48,0.5243510506798517,0.5764553686934023,0,0.4323387872954764,1.0
42,intermittent,dbaps,0.99,12.5,534.2222020202021,0.05863468013468013,0.7779797979797979,54.811818943839064,116.0,32.48,57.5,0.5220965247822902,0.5731214651225425,0,0.42937971500419114,1.0
43,intermittent,dbaps,0.99,12.5,534.0086315789474,0.05915820433436533,0.7782736842105263,53.247011053462664,117.0,32.564,56.5,0.5197989643618641,0.5672182006204757,0,0.4137153169411234,1.0
44,intermittent,dbaps,0.99,12.5,532.6610585858587,0.05669399881164587,0.7521616161616161,55.80182610500104,117.0,32.14,57.052,0.5235195127814729,0.5729917930862969,0,0.4330774019506122,1.0
45,intermittent,dbaps,0.99,12.0,534.927098989899,0.05972979797979798,0.7905858585858586,53.166904131894974,116.0,32.108,57.688,0.521211139896373,0.5718201754385965,0,0.4072867901485854,1.0
46,intermittent,dbaps,0.99,13.5,536.2749102040818,0.05834285714285714,0.812,49.88564376799671,117.0,32.424,59.5,0.5208697825543614,0.5716328281384043,0,0.372069107363225,1.0
47,intermittent,dbaps,0.99,13.0,532.2191474747475,0.05139113355780022,0.736,55.37924151696607,118.0,31.82,57.592,0.5224027200604457,0.5695193434935522,0,0.4217564870259481,1.0
48,intermittent,dbaps,0.99,13.0,532.386612244898,0.054176530612244894,0.7476326530612246,52.79979013641133,116.0,33.232,58.0,0.5207269072941965,0.5695420061815116,0,0.4100734522560336,1.0
49,intermittent,dbaps,0.99,12.204,531.5847878787879,0.05574323062558356,0.733090909090909,53.40163934426229,117.0,32.832,57.204,0.5190620272314674,0.5666666666666667,0,0.40840163934426227,1.0
0,intermittent,ewma,0.99,13.884,536.9507469387755,0.05956665171563131,0.8253877551020409,46.08881246206757,114.0,33.764,60.592,0.5157616768443638,0.5908590308370044,0,0.34695529030952865,1.0
1,intermittent,ewma,0.99,13.86,543.6521090909091,0.06643211603211603,0.9216161616161616,45.90403337969402,114.0,33.076,65.008,0.5209328463051419,0.5852225020990764,0,0.3314126763361812,1.0
2,intermittent,ewma,0.99,15.22,543.5345737373738,0.060041787624140565,0.9136565656565656,45.46080676413599,115.0,31.112,65.18,0.5107642626480086,0.6014139444173574,0,0.33133697375374316,1.0
3,intermittent,ewma,0.99,13.596,537.9447755102042,0.06183089631456978,0.8400816326530612,43.90378075615123,113.0,33.796,62.34,0.512526784242624,0.6091567511639938,0,0.3340668133626725,1.0
4,intermittent,ewma,0.99,14.348,536.5978626262627,0.05698096130449072,0.8214949494949495,49.84301688226266,116.0,34.808,61.068,0.5182215164747915,0.5816689466484268,0,0.38215303661477745,1.0
5,intermittent,ewma,0.99,13.796,538.0649666666667,0.06093511523199023,0.8392916666666668,43.15675454731249,114.0,33.076,61.324,0.5153701380175659,0.5857632933104632,0,0.32291027999182503,1.0
6,intermittent,ewma,0.99,14.316,539.5558868686869,0.060269937469937473,0.8625050505050503,48.109703779366704,114.0,32.788,62.388,0.5161563187277957,0.577215878194671,0,0.3595505617977528,1.0
7,intermittent,ewma,0.99,13.02,536.1406303030303,0.0623007955007955,0.8082424242424241,48.368110236220474,113.0,33.892,61.5,0.5146853146853146,0.5914529914529915,0,0.3781496062992126,1.0
8,intermittent,ewma,0.99,16.544,534.964290909091,0.04803787878787879,0.7945858585858585,46.90388426476417,116.0,35.748,62.988,0.5146844764106516,0.5894707364883786,0,0.34165675782798255,1.0
9,intermittent,ewma,0.99,14.948,537.0514828282828,0.05535300625300626,0.8263838383838383,48.29349662162162,115.0,35.688,62.88,0.5080074790667426,0.5979994593133279,0,0.35071790540540543,1.0
10,intermittent,ewma,0.99,15.108,541.3496323232324,0.05893807184101301,0.8915959595959596,46.75342465753425,116.0,33.592,63.224,0.5152380952380953,0.586987951807229,0,0.3489345509893455,1.0
11,intermittent,ewma,0.99,15.4,538.7542141414143,0.05535914804150098,0.8510707070707071,46.41179952644041,116.0,33.972,63.38,0.5113723485816509,0.6001063546929009,0,0.3336621941594317,1.0
12,intermittent,ewma,0.99,13.18,536.6139070707071,0.06247847707847708,0.8237979797979798,44.25895979020979,113.0,35.748,62.7,0.5128443927046954,0.5931649331352155,0,0.33282342657342656,1.0
13,intermittent,ewma,0.99,13.864,538.1101292929293,0.0606499703999704,0.8399595959595958,45.59702085402185,113.0,33.84,62.748,0.5152659488992447,0.5912197686645636,0,0.3463753723932473,1.0
14,intermittent,ewma,0.99,13.36,537.9369333333334,0.06303139823139824,0.8421414141414142,45.66305175038052,114.0,34.528,63.052,0.5116525423728814,0.5952740070387129,0,0.3479832572298326,1.0
15,intermittent,ewma,0.99,14.024,539.1915232323233,0.06129318829318829,0.8616969696969696,43.57142857142857,114.0,35.476,64.964,0.5088440970793912,0.6029895366218236,0,0.3176246830092984,1.0
16,intermittent,ewma,0.99,13.576,540.9980444444444,0.06515224466891135,0.884395061728395,42.82102908277405,115.0,26.612,51.772,0.5067441377879228,0.6140745501285347,0,0.3170022371364653,1.0
17,intermittent,ewma,0.99,15.588,540.0863791666667,0.055784747023809526,0.8730833333333332,46.48649181620982,116.0,33.352,63.084,0.523701827392799,0.5784632034632035,0,0.3405639913232104,1.0
18,intermittent,ewma,0.99,14.832,537.5993171717172,0.05608131313131313,0.8316767676767677,45.49127568825126,114.0,33.548,62.656,0.5188866799204771,0.5823817292006526,0,0.3404420317952695,1.0
19,intermittent,ewma,0.99,15.056,539.264804040404,0.056812409812409814,0.8620202020202019,46.532394909371384,115.0,34.456,64.148,0.5143022009727145,0.5864564486947532,0,0.34284612418048593,1.0
20,intermittent,ewma,0.99,14.036,541.5129535353536,0.06336126096126096,0.8893333333333334,46.485027726432534,114.0,32.556,63.716,0.5158629975595388,0.5904785037648773,0,0.34731977818853976,1.0
21,intermittent,ewma,0.99,13.652,539.8924444444445,0.06362760707306163,0.8685252525252526,45.03794418791407,116.0,33.368,62.176,0.5128144092676347,0.5893435384162496,0,0.3290503914876531,1.0
22,intermittent,ewma,0.99,13.576,537.6597,0.06196559829059828,0.8394583333333333,46.97574421168688,113.0,33.484,60.068,0.5104453441295547,0.6057534246575342,0,0.3545755237045204,1.0
23,intermittent,ewma,0.99,14.704,542.6649458333333,0.0621561507936508,0.9142083333333333,45.38391410048622,115.0,32.564,62.664,0.5167607621736062,0.5787932044522555,0,0.3217179902755267,1.0
24,intermittent,ewma,0.99,14.292,539.2697292929292,0.06013466533466533,0.8592323232323231,46.58433734939759,114.0,32.504,61.784,0.5142808998230685,0.5901955384191683,0,0.34262048192771083,1.0
25,intermittent,ewma,0.99,14.364,535.5210653061224,0.05525123532929655,0.8036734693877551,48.02147623019183,115.0,34.352,60.836,0.5183206744011352,0.5818519501193951,0,0.3640533778148457,1.0
26,intermittent,ewma,0.99,15.32,535.1035636363637,0.05277876524347113,0.808121212121212,43.4326209223847,114.0,37.36,63.16,0.5113551903542819,0.584918713248011,0,0.3169853768278965,1.0
27,intermittent,ewma,0.99,13.212,540.6996242424243,0.06670766270766271,0.878828282828283,43.66185608338344,113.0,33.892,64.968,0.5142134120624209,0.5860082304526749,0,0.3339346562437362,1.0
28,intermittent,ewma,0.99,13.624,538.1681575757577,0.061309921055375596,0.8387070707070706,44.68736447861226,114.0,33.82,63.176,0.5065930443382232,0.6060527677185722,0,0.3355016755371575,1.0
29,intermittent,ewma,0.99,14.744,538.363995959596,0.058082902500549566,0.8490101010101009,47.15726049407512,115.0,34.284,63.168,0.5167750325097529,0.585464333781965,0,0.3526812612974493,1.0
30,intermittent,ewma,0.99,11.88,537.2333173913045,0.07102635046113306,0.8407826086956522,46.870490286771506,112.0,32.824,56.588,0.5114547073585364,0.5802178392699441,0,0.3603145235892692,1.0
31,intermittent,ewma,0.99,13.2,540.2649171717171,0.06614893994893996,0.8754747474747474,42.99657859722486,113.0,34.176,64.172,0.5114510060526746,0.5972443031266561,0,0.3164797567002471,1.0
32,intermittent,ewma,0.99,14.108,537.8679151515153,0.05936738816738817,0.8367676767676769,45.692400970088926,114.0,33.304,62.148,0.5182312490004798,0.5886752136752137,0,0.3490299110751819,1.0
33,intermittent,ewma,0.99,15.048,540.0560565656567,0.05822202982202982,0.880929292929293,45.48599348534202,115.0,35.696,64.704,0.5173043406091792,0.5757575757575758,0,0.33072747014115095,1.0
34,intermittent,ewma,0.99,14.012,538.1151555555556,0.06082850482850483,0.8496161616161617,47.66496899911426,115.0,35.388,63.0,0.514025841550493,0.5865265760197775,0,0.35473870682019487,1.0
35,intermittent,ewma,0.99,18.08,535.0654464646466,0.043951317744567585,0.785979797979798,47.81373895976448,117.0,34.252,63.276,0.5149578586644439,0.5890529973935708,0,0.34563297350343475,1.0
36,intermittent,ewma,0.99,14.492,533.6598291666667,0.053674855006105006,0.7725833333333334,47.740756042140056,115.0,33.02,57.976,0.5148366843560804,0.5871867734435546,0,0.3654203676926255,1.0
37,intermittent,ewma,0.99,15.776,542.0176673684211,0.057495964912280706,0.9069894736842106,44.69636624923014,116.0,33.588,62.548,0.5140765765765766,0.5804783451842276,0,0.3124615068774379,1.0
38,intermittent,ewma,0.99,13.328,539.7938949494951,0.06546275946275947,0.8722828282828283,46.48108651911469,114.0,34.428,63.16,0.5141624166339741,0.5885486018641811,0,0.35070422535211265,1.0
39,intermittent,ewma,0.99,13.536,537.8942424242424,0.061805283605283604,0.8374949494949495,46.47675350701403,114.0,33.5,62.656,0.5146303901437371,0.592363840539023,0,0.35671342685370744,1.0
40,intermittent,ewma,0.99,13.248,541.0040606060606,0.06833970003060913,0.8893737373737374,45.03229483282675,115.0,33.956,63.344,0.515336894709633,0.5875411635565313,0,0.3332066869300912,1.0
41,intermittent,ewma,0.99,13.632,537.7812444444445,0.06089597590961227,0.833858585858586,48.36612127045236,114.0,32.816,61.184,0.518093192333113,0.5841889117043121,0,0.3666987487969201,1.0
42,intermittent,ewma,0.99,13.048,538.8126464646466,0.06564672364672364,0.8562424242424242,46.31663872590109,113.0,34.76,62.568,0.51261049387722,0.5988007631507223,0,0.35184409052808047,1.0
43,intermittent,ewma,0.99,13.492,536.87248,0.06223521075415812,0.8269473684210528,47.0561696368148,115.0,33.732,59.428,0.5130850337555943,0.5949698716269322,0,0.36363636363636365,1.0
44,intermittent,ewma,0.99,14.088,536.6584565656566,0.058405910755910756,0.8227878787878787,48.0522930068479,114.0,35.096,62.552,0.5184208423239831,0.5854025583145221,0,0.3666735837310645,1.0
45,intermittent,ewma,0.99,13.392,539.2239353535355,0.06444466644466644,0.8615757575757576,45.5347038469367,114.0,33.448,61.872,0.514992745445752,0.5915414579855315,0,0.3399145125178099,1.0
46,intermittent,ewma,0.99,15.2,537.9140857142859,0.056138471322594974,0.842530612244898,46.68428630193336,117.0,34.088,61.884,0.5165,0.5851428571428572,0,0.3381324557795146,1.0
47,intermittent,ewma,0.99,13.976,537.4356808080809,0.058987249787249785,0.8242424242424242,45.858882235528945,114.0,34.124,63.248,0.5150922092585623,0.6004744958481614,0,0.34870259481037924,1.0
48,intermittent,ewma,0.99,14.052,535.9411918367348,0.057656871869626966,0.8089387755102041,45.57607555089192,114.0,35.116,62.06,0.5163797426040448,0.5865874363327674,0,0.34207764952780695,1.0
49,intermittent,ewma,0.99,14.26,535.9657131313132,0.056718259518259526,0.8075959595959595,47.19139344262295,114.0,34.564,61.764,0.5139635207749943,0.5835753894903618,0,0.3567622950819672,1.0
0,intermittent,dbaps,1.0,12.0,529.9122979591837,0.043664446831364126,0.7066530612244898,57.503742666396924,119.0,31.248,53.5,0.5221772528289419,0.5737029920395279,0,0.43071009508395713,1.0
1,intermittent,dbaps,1.0,11.5,533.3799111111113,0.0494361391694725,0.7508686868686868,61.948738327041525,118.0,28.664,54.0,0.5241943061166964,0.5713889658996396,0,0.45857341545797736,1.0
2,intermittent,dbaps,1.0,13.0,534.272298989899,0.04620942760942761,0.7625050505050506,60.36093006869826,120.0,28.784,56.136,0.5265383231378193,0.571359458151911,0,0.4410780341729787,1.0
3,intermittent,dbaps,1.0,11.5,530.0985469387756,0.04642040816326531,0.7093877551020408,57.243448689737946,118.0,31.584,54.552,0.5242228835978836,0.5750512295081968,0,0.4354870974194839,1.0
4,intermittent,dbaps,1.0,12.0,530.6166181818181,0.04671600212652844,0.7214141414141413,59.73646130234598,119.0,32.884,55.152,0.5225432608350532,0.5777656078860898,0,0.44705108528831394,1.0
5,intermittent,dbaps,1.0,13.0,530.4668,0.043327067669172936,0.716,57.20519108931126,119.0,31.764,54.5,0.5196671115647327,0.5713065755764304,0,0.4336807684447169,1.0
6,intermittent,dbaps,1.0,13.5,533.1960323232324,0.045150553150553156,0.7598787878787878,60.421246169560774,121.0,31.772,56.5,0.5208209651429057,0.5661903478026422,0,0.4398365679264556,1.0
7,intermittent,dbaps,1.0,12.0,530.7795111111111,0.04773737373737374,0.7212525252525253,57.87322834645669,118.0,32.712,56.308,0.524905162460828,0.5732298739088264,0,0.4338582677165354,1.0
8,intermittent,dbaps,1.0,14.076,529.0964000000001,0.0384669202851021,0.6947474747474748,60.99524375743163,121.0,32.768,55.812,0.520371325425477,0.5655420353982301,0,0.4409433214427269,1.0
9,intermittent,dbaps,1.0,13.02,529.1939313131314,0.03951168831168832,0.6928888888888889,64.18327702702703,121.0,31.924,54.02,0.5213026444662096,0.5696371398078975,0,0.4653716216216216,1.0
10,intermittent,dbaps,1.0,14.0,532.7262020202021,0.04139149066421794,0.7485656565656565,60.43664383561644,122.0,30.392,54.5,0.524149417083036,0.5735329630524028,0,0.4461567732115677,1.0
11,intermittent,dbaps,1.0,14.5,532.3990060606061,0.040855568673750495,0.7455757575757577,59.474743488555646,122.0,31.536,56.424,0.5228987993138936,0.56953125,0,0.425414364640884,1.0
12,intermittent,dbaps,1.0,12.5,530.0049131313132,0.0454428495481127,0.715030303030303,58.00743006993007,119.0,33.84,56.064,0.5189184989511304,0.5720627404557561,0,0.4263548951048951,1.0
13,intermittent,dbaps,1.0,12.0,530.1160444444446,0.0453692480359147,0.708929292929293,58.03416087388282,118.0,31.952,55.068,0.5218126207340631,0.5708311552535285,0,0.4423038728897716,1.0
14,intermittent,dbaps,1.0,12.5,531.1750424242425,0.045091550424883754,0.7265050505050504,58.52283105022831,118.0,32.076,56.0,0.522169502617801,0.5673124689518132,0,0.439117199391172,1.0
15,intermittent,dbaps,1.0,12.0,529.7005777777778,0.04401346801346802,0.7016565656565656,60.222738799661876,118.0,32.536,55.5,0.519094065134733,0.5679012345679012,0,0.45202874049027897,1.0
16,intermittent,dbaps,1.0,13.5,533.5899308641975,0.04551181657848325,0.7666172839506173,56.92617449664429,120.0,26.404,47.0,0.5246533930991348,0.5749128919860628,0,0.41387024608501116,1.0
17,intermittent,dbaps,1.0,13.0,531.9294750000001,0.04266180555555556,0.731125,57.885624137251035,119.0,29.312,54.0,0.5245515491936945,0.5730064655172413,0,0.4377834746598304,1.0
18,intermittent,dbaps,1.0,14.0,532.1166101010102,0.04322020202020202,0.7424646464646464,55.6308646762311,119.0,32.496,57.5,0.5211431419788984,0.5685429571774845,0,0.41004265219077163,1.0
19,intermittent,dbaps,1.0,12.5,531.0829292929294,0.04301896154527734,0.7203636363636362,60.34438873891246,119.0,30.184,54.5,0.5204833236778945,0.5631861118202706,0,0.4490937138449672,1.0
20,intermittent,dbaps,1.0,11.524,533.4484121212121,0.05265274971941639,0.7603232323232323,58.69316081330869,118.0,31.276,56.524,0.5237974469524052,0.5674898105969791,0,0.4410351201478743,1.0
21,intermittent,dbaps,1.0,12.0,534.5302262626263,0.05539393939393939,0.7825454545454545,55.126882152178275,118.0,32.028,57.0,0.5182121838714808,0.5668417980151781,0,0.41056012848825535,1.0
22,intermittent,dbaps,1.0,11.5,530.2219166666667,0.04741339869281046,0.7165,59.610143329658214,116.0,31.776,53.28,0.5217638460289102,0.5727075420510038,0,0.45424476295479604,1.0
23,intermittent,dbaps,1.0,13.064,534.9872458333333,0.04912104479949875,0.7865833333333333,57.44145056726094,119.0,30.168,55.34,0.5217506164142304,0.572775486152033,0,0.4088330632090762,1.0
24,intermittent,dbaps,1.0,12.0,531.6980404040405,0.046727272727272735,0.7362020202020201,59.07793674698795,118.0,31.612,55.248,0.5219886891196084,0.5713112510265536,0,0.43862951807228917,1.0
25,intermittent,dbaps,1.0,12.0,529.8932040816328,0.044773242630385485,0.7065714285714285,57.356547122602166,117.0,31.828,54.536,0.5229096989966555,0.5722955145118733,0,0.4370308590492077,1.0
26,intermittent,dbaps,1.0,14.0,529.2956282828283,0.0397969696969697,0.7066666666666668,55.74195725534308,119.0,34.508,56.484,0.5172813924575218,0.5710391822827938,0,0.4065241844769404,1.0
27,intermittent,dbaps,1.0,12.5,533.7441252525254,0.051029239766081876,0.764969696969697,55.133293245139306,119.0,32.272,58.252,0.522240108447005,0.57100351636462,0,0.4195229504910804,1.0
28,intermittent,dbaps,1.0,12.5,531.0170262626262,0.046052910052910054,0.7235555555555555,58.25665286812537,118.0,32.792,56.712,0.5227668574272207,0.5696170428607659,0,0.43938497930218806,1.0
29,intermittent,dbaps,1.0,13.0,531.6883757575758,0.04468799102132435,0.7351919191919192,58.56858806989355,117.0,31.892,56.088,0.5240006982021295,0.5725210970464135,0,0.4424583249648524,1.0
30,intermittent,dbaps,1.0,12.0,531.0736913043479,0.04770297482837529,0.7384782608695653,59.564986123959294,119.0,31.06,51.0,0.5192820761581373,0.5705412599822538,0,0.4315448658649399,1.0
31,intermittent,dbaps,1.0,11.5,532.3990707070708,0.05128976034858388,0.7462222222222221,58.70880060824938,117.0,31.656,56.016,0.521543250327654,0.5693565400843882,0,0.44098080212887286,1.0
32,intermittent,dbaps,1.0,12.5,530.3927595959597,0.04245252525252525,0.7138989898989898,61.55133387227163,120.0,31.324,54.5,0.5228092680189209,0.5753243314800106,0,0.4535165723524656,1.0
33,intermittent,dbaps,1.0,13.0,531.6752727272728,0.044387331966279336,0.7398787878787879,60.153745928338765,119.0,32.252,55.5,0.5208091527109932,0.578732747804266,0,0.44234527687296415,1.0
34,intermittent,dbaps,1.0,12.5,530.9716767676769,0.04564694564694565,0.7294545454545455,58.77524357838795,118.0,33.292,56.004,0.5202857871906098,0.5735430157261795,0,0.43622674933569533,1.0
35,intermittent,dbaps,1.0,16.0,529.2514383838384,0.03331818181818182,0.6887676767676768,62.03846908734053,124.0,32.044,56.616,0.5228727846339427,0.5709761013532969,0,0.4412168792934249,1.0
36,intermittent,dbaps,1.0,14.0,528.3133625,0.0376765873015873,0.686875,60.49411278661434,121.0,32.56,53.5,0.5207552824816425,0.570952868852459,0,0.43586035942986984,1.0
37,intermittent,dbaps,1.0,14.128,533.5851957894737,0.043051127819548875,0.7649684210526316,60.20385957708889,121.0,30.104,53.888,0.5208900572716176,0.5717973539851565,0,0.4358447957298296,1.0
38,intermittent,dbaps,1.0,11.5,530.6844969696971,0.046269756387403445,0.7190303030303031,60.08249496981891,117.0,31.316,54.0,0.52149356761845,0.5730277185501066,0,0.4573440643863179,1.0
39,intermittent,dbaps,1.0,12.0,530.9475757575758,0.045807974481658686,0.7222626262626263,60.441683366733464,118.0,31.496,55.5,0.5201408571673967,0.5650124757416135,0,0.45410821643286575,1.0
40,intermittent,dbaps,1.0,11.5,533.7273131313132,0.052994388327721666,0.7663838383838384,57.328077507598785,118.0,30.628,55.5,0.5228330174047906,0.572722283205269,0,0.42401215805471126,1.0
41,intermittent,dbaps,1.0,12.5,531.8862181818182,0.045847244373560164,0.7373333333333334,59.72242540904716,119.0,31.504,55.5,0.5237584557003795,0.57426508509541,0,0.43695861405197306,1.0
42,intermittent,dbaps,1.0,11.156,531.5523595959597,0.05171899386017033,0.736969696969697,58.89061190276614,117.0,32.756,55.608,0.5223941368078175,0.5739247311827957,0,0.4432103939647946,1.0
43,intermittent,dbaps,1.0,13.0,529.944172631579,0.04242035087719298,0.7143999999999998,59.146627565982406,120.0,32.584,53.476,0.5198385499961922,0.5673300594468855,0,0.44642454319873676,1.0
44,intermittent,dbaps,1.0,12.5,530.0632727272728,0.04280347332978913,0.7096161616161617,60.008300477277444,119.0,32.316,55.284,0.5227509830671696,0.5701906412478336,0,0.4461506536625856,1.0
45,intermittent,dbaps,1.0,12.0,534.4561575757577,0.055162040573805284,0.7873939393939394,54.172603297374316,117.0,33.552,58.252,0.520838391195274,0.5706835026077409,0,0.3991451251780989,1.0
46,intermittent,dbaps,1.0,12.5,532.1819755102042,0.047727175080558536,0.7476326530612245,57.44014808720691,119.0,31.732,55.5,0.5220073357785928,0.5753424657534246,0,0.4197860962566845,1.0
47,intermittent,dbaps,1.0,13.5,531.6726464646465,0.04567464114832536,0.7338181818181817,56.337325349301395,119.0,33.852,58.5,0.5232953258325153,0.5724688747944562,0,0.4127744510978044,1.0
48,intermittent,dbaps,1.0,11.0,528.8956163265307,0.04619614512471655,0.6871020408163265,60.486463798530956,118.0,30.664,53.0,0.5199194833515055,0.5663964215823316,0,0.4614900314795383,1.0
49,intermittent,dbaps,1.0,12.5,529.2505898989899,0.0436389289722623,0.6964848484848485,57.09610655737705,118.0,33.048,55.5,0.5190026445032112,0.5667994687915007,0,0.4262295081967213,1.0
0,memoryless,static,-1.0,19.0,559.4152775510205,0.066515574650913,1.263795918367347,15.082983403319336,19.0,63.148,98.0,0.0,1.0,0,0.0,1.0
1,memoryless,static,-1.0,18.0,561.9808000000002,0.07198204264870932,1.295676767676768,16.313331968052427,18.0,61.728,99.0,0.0,1.0,0,0.0,1.0
2,memoryless,static,-1.0,20.0,560.0665777777778,0.06324444444444444,1.264888888888889,17.046502305071158,20.0,61.776,99.0,0.0,1.0,0,0.0,1.0
3,memoryless,static,-1.0,18.0,557.9229755102042,0.0689546485260771,1.2411836734693877,14.483678916033668,18.0,63.364,98.0,0.0,1.0,0,0.0,1.0
4,memoryless,static,-1.0,19.0,559.9533414141415,0.06673896863370549,1.268040404040404,15.85902293120638,19.0,63.464,99.0,0.0,1.0,0,0.0,1.0
5,memoryless,static,-1.0,19.0,558.6769041666668,0.06545833333333334,1.2437083333333332,14.507015706806282,19.0,60.604,96.0,0.0,1.0,0,0.0,1.0
6,memoryless,static,-1.0,21.0,560.7243151515152,0.061221741221741226,1.2856565656565657,17.285316354954237,21.0,62.72,99.0,0.0,1.0,0,0.0,1.0
7,memoryless,static,-1.0,18.0,556.5074828282827,0.06744781144781145,1.214060606060606,15.388843813387425,18.0,64.808,99.0,0.0,1.0,0,0.0,1.0
8,memoryless,static,-1.0,22.0,556.4382868686869,0.0548870523415978,1.2075151515151514,18.216107652138984,22.0,63.456,99.0,0.0,1.0,0,0.0,1.0
9,memoryless,static,-1.0,21.0,557.3672040404042,0.0583992303992304,1.2263838383838384,17.825125628140704,21.0,64.588,99.0,0.0,1.0,0,0.0,1.0
10,memoryless,static,-1.0,22.0,561.1496242424242,0.058567493112947656,1.2884848484848486,17.172489959839357,22.0,63.44,99.0,0.0,1.0,0,0.0,1.0
11,memoryless,static,-1.0,22.0,559.2124606060607,0.057311294765840216,1.2608484848484847,17.990874062056378,22.0,63.176,99.0,0.0,1.0,0,0.0,1.0
12,memoryless,static,-1.0,19.0,558.2655272727274,0.06544603934077618,1.2434747474747476,16.206747582801892,19.0,63.896,99.0,0.0,1.0,0,0.0,1.0
13,memoryless,static,-1.0,18.0,558.9754303030304,0.06925476992143659,1.2465858585858587,14.7204,18.0,62.588,99.0,0.0,1.0,0,0.0,1.0
14,memoryless,static,-1.0,18.0,558.1266626262626,0.06934904601571268,1.2482828282828282,15.228460596161698,18.0,64.42,99.0,0.0,1.0,0,0.0,1.0
15,memoryless,static,-1.0,18.0,558.7896323232324,0.06924803591470258,1.2464646464646467,15.621306532663317,18.0,62.6,99.0,0.0,1.0,0,0.0,1.0
16,memoryless,static,-1.0,20.0,560.7618271604939,0.06448888888888887,1.289777777777778,16.524698943229296,20.0,51.528,81.0,0.0,1.0,0,0.0,1.0
17,memoryless,static,-1.0,20.0,559.7937125,0.06311875,1.262375,14.748215035699285,20.0,59.812,96.0,0.0,1.0,0,0.0,1.0
18,memoryless,static,-1.0,20.0,558.9321737373739,0.06245454545454546,1.249090909090909,15.88156042630203,20.0,62.34,99.0,0.0,1.0,0,0.0,1.0
19,memoryless,static,-1.0,19.0,559.118593939394,0.0663604465709729,1.2608484848484847,15.95693108974359,19.0,63.176,99.0,0.0,1.0,0,0.0,1.0
20,memoryless,static,-1.0,18.0,559.932492929293,0.07055892255892256,1.2700606060606061,15.424578709412248,18.0,63.264,99.0,0.0,1.0,0,0.0,1.0
21,memoryless,static,-1.0,18.0,561.295280808081,0.07178900112233444,1.2922020202020204,15.27079107505071,18.0,63.072,99.0,0.0,1.0,0,0.0,1.0
22,memoryless,static,-1.0,17.0,559.2095541666667,0.07444362745098039,1.2655416666666668,14.803049555273189,17.0,62.508,96.0,0.0,1.0,0,0.0,1.0
23,memoryless,static,-1.0,19.0,562.1714041666668,0.0688530701754386,1.3082083333333334,17.47990594271056,19.0,60.412,96.0,0.0,1.0,0,0.0,1.0
24,memoryless,static,-1.0,18.0,560.1556727272729,0.07129741863075197,1.2833535353535352,15.981627296587927,18.0,63.948,99.0,0.0,1.0,0,0.0,1.0
25,memoryless,static,-1.0,18.0,557.7655142857144,0.0688185941043084,1.2387346938775514,14.37269372693727,18.0,63.604,98.0,0.0,1.0,0,0.0,1.0
26,memoryless,static,-1.0,20.0,559.2589414141415,0.0632,1.264,15.978401291885346,20.0,62.864,99.0,0.0,1.0,0,0.0,1.0
27,memoryless,static,-1.0,19.0,559.8377535353536,0.06620308346624135,1.257858585858586,14.265524193548387,19.0,61.472,99.0,0.0,1.0,0,0.0,1.0
28,memoryless,static,-1.0,18.0,557.076585858586,0.06789450056116723,1.22210101010101,14.991892987434131,18.0,64.012,99.0,0.0,1.0,0,0.0,1.0
29,memoryless,static,-1.0,18.0,559.6315595959596,0.07063299663299663,1.2713939393939395,14.934629706247414,18.0,63.132,99.0,0.0,1.0,0,0.0,1.0
30,memoryless,static,-1.0,19.0,561.6773739130435,0.0691899313501144,1.314608695652174,17.362015845070424,19.0,60.056,92.0,0.0,1.0,0,0.0,1.0
31,memoryless,static,-1.0,17.0,559.8325212121213,0.07474034462269756,1.2705858585858587,15.196806387225548,17.0,63.212,99.0,0.0,1.0,0,0.0,1.0
32,memoryless,static,-1.0,20.0,559.2357494949496,0.06308686868686869,1.2617373737373736,16.592705167173253,20.0,63.088,99.0,0.0,1.0,0,0.0,1.0
33,memoryless,static,-1.0,19.0,562.7806707070708,0.06918872939925572,1.3145858585858587,16.486654625727475,19.0,60.856,99.0,0.0,1.0,0,0.0,1.0
34,memoryless,static,-1.0,18.0,560.8538222222223,0.0714635241301908,1.2863434343434341,15.776140492531288,18.0,62.652,99.0,0.0,1.0,0,0.0,1.0
35,memoryless,static,-1.0,24.0,554.0990585858585,0.048580808080808086,1.165939393939394,18.799423393739705,24.0,63.572,99.0,0.0,1.0,0,0.0,1.0
36,memoryless,static,-1.0,21.0,555.6145041666667,0.057565476190476195,1.208875,17.859578947368423,21.0,63.948,96.0,0.0,1.0,0,0.0,1.0
37,memoryless,static,-1.0,21.0,562.5192084210527,0.062199498746867164,1.3061894736842106,17.39392670157068,21.0,58.912,95.0,0.0,1.0,0,0.0,1.0
38,memoryless,static,-1.0,17.0,559.7737292929294,0.0751610219845514,1.2777373737373736,14.673162809581811,17.0,64.504,99.0,0.0,1.0,0,0.0,1.0
39,memoryless,static,-1.0,19.0,558.2458181818182,0.0656034024455077,1.2464646464646467,15.770872567482737,19.0,63.6,99.0,0.0,1.0,0,0.0,1.0
40,memoryless,static,-1.0,18.0,562.6186626262628,0.07286419753086419,1.3115555555555556,15.958879618593564,18.0,62.156,99.0,0.0,1.0,0,0.0,1.0
41,memoryless,static,-1.0,19.0,558.8817979797982,0.06625624667729932,1.2588686868686871,16.703314149632863,19.0,64.372,99.0,0.0,1.0,0,0.0,1.0
42,memoryless,static,-1.0,17.0,560.648896969697,0.07535115864527629,1.280969696969697,15.1258038585209,17.0,63.184,99.0,0.0,1.0,0,0.0,1.0
43,memoryless,static,-1.0,20.0,558.5761263157896,0.06262736842105263,1.2525473684210529,15.122101680493513,20.0,62.008,95.0,0.0,1.0,0,0.0,1.0
44,memoryless,static,-1.0,19.0,557.8518585858586,0.06521850079744818,1.2391515151515151,16.34950274000406,19.0,64.324,99.0,0.0,1.0,0,0.0,1.0
45,memoryless,static,-1.0,17.0,561.2462747474748,0.07637551990493167,1.2983838383838384,15.123251028806584,17.0,63.46,99.0,0.0,1.0,0,0.0,1.0
46,memoryless,static,-1.0,19.0,559.6410816326531,0.06706981740064447,1.2743265306122449,16.43970893970894,19.0,63.116,98.0,0.0,1.0,0,0.0,1.0
47,memoryless,static,-1.0,19.0,555.6331717171718,0.06265178096757043,1.1903838383838383,16.042701703962226,19.0,64.152,99.0,0.0,1.0,0,0.0,1.0
48,memoryless,static,-1.0,18.0,557.0253877551021,0.06783673469387755,1.221061224489796,15.095325203252033,18.0,63.336,98.0,0.0,1.0,0,0.0,1.0
49,memoryless,static,-1.0,18.0,557.0153616161616,0.06780246913580247,1.2204444444444447,15.115865966895438,18.0,64.176,99.0,0.0,1.0,0,0.0,1.0
0,memoryless,oracle,-1.0,10.296,533.4327469387755,0.06397179215342481,0.6595510204081633,8.450309938012397,12.0,0.0,34.852,1.0,1.0,0,0.0,1.0
1,memoryless,oracle,-1.0,10.552,536.8427393939395,0.06735272819212212,0.7110707070707072,9.155437231210321,12.0,0.0,37.272,1.0,1.0,0,0.0,1.0
2,memoryless,oracle,-1.0,11.044,535.2012848484849,0.06212365389941148,0.6866262626262626,8.889957907396273,12.0,0.0,37.224,1.0,1.0,0,0.0,1.0
3,memoryless,oracle,-1.0,9.884,531.9790571428572,0.06440460582501399,0.6378367346938776,7.322315746253336,11.0,0.0,34.636,1.0,1.0,0,0.0,1.0
4,memoryless,oracle,-1.0,9.868,534.434795959596,0.0683015511985209,0.6745858585858585,8.350947158524427,11.0,0.0,35.536,1.0,1.0,0,0.0,1.0
5,memoryless,oracle,-1.0,10.836,533.8390291666668,0.06141729069541569,0.6660833333333334,8.28502617801047,12.0,0.0,35.396,1.0,1.0,0,0.0,1.0
6,memoryless,oracle,-1.0,10.32,534.5056080808082,0.06548157521490856,0.675919191919192,8.34799044966176,12.0,0.0,36.28,1.0,1.0,0,0.0,1.0
7,memoryless,oracle,-1.0,9.428,531.2512808080809,0.06646171191322704,0.6267070707070707,7.435091277890466,11.0,0.0,34.192,1.0,1.0,0,0.0,1.0
8,memoryless,oracle,-1.0,11.1,531.9013575757576,0.05746767643131279,0.636888888888889,8.31432014460735,12.0,0.0,35.544,1.0,1.0,0,0.0,1.0
9,memoryless,oracle,-1.0,10.148,532.1770222222223,0.0631547011976602,0.6405656565656566,8.482412060301508,12.0,0.0,34.412,1.0,1.0,0,0.0,1.0
10,memoryless,oracle,-1.0,10.472,535.3166141414142,0.06603673117006449,0.6877171717171718,8.928112449799197,13.0,0.0,35.56,1.0,1.0,0,0.0,1.0
11,memoryless,oracle,-1.0,11.244,533.2491474747475,0.058241612147672754,0.6570505050505051,8.972824984790103,13.0,0.0,35.824,1.0,1.0,0,0.0,1.0
12,memoryless,oracle,-1.0,9.684,532.6618505050506,0.06685831217043338,0.6480404040404042,7.526640608928204,11.0,0.0,35.104,1.0,1.0,0,0.0,1.0
13,memoryless,oracle,-1.0,10.688,534.3203595959596,0.06291590093408275,0.6732121212121213,8.42,12.0,0.0,36.412,1.0,1.0,0,0.0,1.0
14,memoryless,oracle,-1.0,9.848,531.6786222222224,0.06420315991528114,0.6332121212121212,7.537158023683136,11.0,0.0,34.58,1.0,1.0,0,0.0,1.0
15,memoryless,oracle,-1.0,9.948,533.8183595959597,0.06691819392728483,0.6657373737373736,7.83175879396985,11.0,0.0,36.4,1.0,1.0,0,0.0,1.0
16,memoryless,oracle,-1.0,9.98,534.1060740740742,0.06704235928680373,0.6698765432098764,7.9601867780781514,11.0,0.0,29.472,1.0,1.0,0,0.0,1.0
17,memoryless,oracle,-1.0,11.22,534.7480041666666,0.0604910069097569,0.6799166666666666,8.364342713145737,12.0,0.0,36.188,1.0,1.0,0,0.0,1.0
18,memoryless,oracle,-1.0,11.176,533.9122545454546,0.0597339385642416,0.6672323232323232,8.35230243313895,12.0,0.0,36.66,1.0,1.0,0,0.0,1.0
19,memoryless,oracle,-1.0,10.784,532.9884929292931,0.060502130977888556,0.6531717171717172,8.202524038461538,12.0,0.0,35.824,1.0,1.0,0,0.0,1.0
20,memoryless,oracle,-1.0,9.832,534.1446545454545,0.06810450907117574,0.6703434343434342,7.927250308261406,11.0,0.0,35.736,1.0,1.0,0,0.0,1.0
21,memoryless,oracle,-1.0,10.084,535.2937454545455,0.06814129764735825,0.6875151515151515,8.851521298174442,12.0,0.0,35.928,1.0,1.0,0,0.0,1.0
22,memoryless,oracle,-1.0,10.0,532.6230125000001,0.06462759740259741,0.64725,8.115417196103346,11.0,0.0,33.492,1.0,1.0,0,0.0,1.0
23,memoryless,oracle,-1.0,11.108,535.8500291666668,0.06242915209790209,0.6960833333333334,9.583155194527576,12.0,0.0,35.588,1.0,1.0,0,0.0,1.0
24,memoryless,oracle,-1.0,9.864,533.1464606060607,0.06629543453179816,0.6552323232323232,7.964264082374319,11.0,0.0,35.052,1.0,1.0,0,0.0,1.0
25,memoryless,oracle,-1.0,10.504,531.8233510204084,0.06040769468626611,0.6354285714285715,8.047355473554736,11.0,0.0,34.396,1.0,1.0,0,0.0,1.0
26,memoryless,oracle,-1.0,11.936,533.0159111111112,0.0547290458138943,0.6536969696969698,8.901291885345175,13.0,0.0,36.136,1.0,1.0,0,0.0,1.0
27,memoryless,oracle,-1.0,10.064,535.4189656565658,0.0684059084574236,0.689979797979798,7.741129032258065,11.0,0.0,37.528,1.0,1.0,0,0.0,1.0
28,memoryless,oracle,-1.0,10.22,531.9072525252525,0.06216205220144615,0.6367676767676768,7.890352655046615,11.0,0.0,34.988,1.0,1.0,0,0.0,1.0
29,memoryless,oracle,-1.0,10.728,533.1557212121212,0.06093704544613635,0.6556767676767676,8.128465039304924,11.0,0.0,35.868,1.0,1.0,0,0.0,1.0
30,memoryless,oracle,-1.0,8.952,533.6095913043479,0.07365042505803376,0.6618695652173913,8.128741197183098,10.0,0.0,31.944,1.0,1.0,0,0.0,1.0
31,memoryless,oracle,-1.0,9.692,533.8066626262628,0.06859230612260916,0.6653333333333333,8.024750499001996,11.0,0.0,35.788,1.0,1.0,0,0.0,1.0
32,memoryless,oracle,-1.0,10.74,533.2116282828282,0.061007260640593974,0.6565252525252524,8.098480243161093,12.0,0.0,35.912,1.0,1.0,0,0.0,1.0
33,memoryless,oracle,-1.0,11.276,536.8451555555556,0.06298888468433922,0.7114343434343434,9.039333734697973,12.0,0.0,38.144,1.0,1.0,0,0.0,1.0
34,memoryless,oracle,-1.0,10.484,534.7862666666667,0.06463259557501982,0.680121212121212,8.78502220427937,12.0,0.0,36.348,1.0,1.0,0,0.0,1.0
35,memoryless,oracle,-1.0,12.364,530.364795959596,0.049739984228486904,0.613979797979798,8.747940691927512,14.0,0.0,35.428,1.0,1.0,0,0.0,1.0
36,memoryless,oracle,-1.0,10.44,529.3397125000001,0.0573174371924372,0.5978333333333332,8.23242105263158,12.0,0.0,32.052,1.0,1.0,0,0.0,1.0
37,memoryless,oracle,-1.0,11.212,537.0976084210528,0.06369627109732372,0.7149894736842106,9.414240837696335,13.0,0.0,36.088,1.0,1.0,0,0.0,1.0
38,memoryless,oracle,-1.0,9.688,532.7315070707072,0.0669366085093358,0.6488484848484849,8.214778725131954,11.0,0.0,34.496,1.0,1.0,0,0.0,1.0
39,memoryless,oracle,-1.0,10.18,532.2633939393941,0.0629054366508912,0.6422222222222221,7.691148775894539,11.0,0.0,35.4,1.0,1.0,0,0.0,1.0
40,memoryless,oracle,-1.0,9.88,536.698783838384,0.07167546639667853,0.7087676767676768,8.730433055224474,11.0,0.0,36.844,1.0,1.0,0,0.0,1.0
41,memoryless,oracle,-1.0,10.092,532.5136767676769,0.06390847401756493,0.6456565656565656,8.219487993649533,11.0,0.0,34.628,1.0,1.0,0,0.0,1.0
42,memoryless,oracle,-1.0,9.892,534.8349979797981,0.06875495323980173,0.6806464646464646,8.320739549839228,11.0,0.0,35.816,1.0,1.0,0,0.0,1.0
43,memoryless,oracle,-1.0,9.316,532.4085894736843,0.06925507124454493,0.644,7.676664539459689,11.0,0.0,32.992,1.0,1.0,0,0.0,1.0
44,memoryless,oracle,-1.0,10.036,532.0101616161617,0.06355508442175108,0.6381818181818183,8.011771869291659,11.0,0.0,34.676,1.0,1.0,0,0.0,1.0
45,memoryless,oracle,-1.0,9.816,534.4021131313132,0.06858019881353215,0.6741010101010102,8.142181069958848,11.0,0.0,35.54,1.0,1.0,0,0.0,1.0
46,memoryless,oracle,-1.0,10.596,532.8038163265306,0.061214823271966125,0.6502040816326531,8.497920997920998,12.0,0.0,34.884,1.0,1.0,0,0.0,1.0
47,memoryless,oracle,-1.0,10.36,531.6800000000001,0.06102749495173738,0.6333333333333335,7.938205707246972,11.0,0.0,34.848,1.0,1.0,0,0.0,1.0
48,memoryless,oracle,-1.0,10.144,531.8905714285714,0.06281827741419578,0.6365306122448979,8.083130081300814,12.0,0.0,34.664,1.0,1.0,0,0.0,1.0
49,memoryless,oracle,-1.0,10.364,531.9276848484848,0.061325581377096525,0.637010101010101,7.91522002422285,11.0,0.0,34.824,1.0,1.0,0,0.0,1.0
0,steady,static,-1.0,19.0,556.1712938775511,0.06458216970998926,1.2270612244897958,15.119365225390984,19.0,66.748,98.0,0.0,1.0,0,0.0,1.0
1,steady,static,-1.0,18.0,564.9361898989898,0.07379349046015712,1.3282828282828283,16.460113421550094,18.0,58.5,99.0,0.0,1.0,0,0.0,1.0
2,steady,static,-1.0,20.0,560.0287636363637,0.06324242424242425,1.2648484848484847,17.069975083056477,20.0,61.78,99.0,0.0,1.0,0,0.0,1.0
3,steady,static,-1.0,18.0,559.0126979591837,0.06968934240362813,1.2544081632653061,14.49290916059793,18.0,62.068,98.0,0.0,1.0,0,0.0,1.0
4,steady,static,-1.0,19.0,561.0537656565658,0.06738755980861244,1.2803636363636364,16.01148559593297,19.0,62.244,99.0,0.0,1.0,0,0.0,1.0
5,steady,static,-1.0,19.0,556.9984875,0.06454166666666668,1.2262916666666666,13.761675071256304,19.0,62.276,96.0,0.0,1.0,0,0.0,1.0
6,steady,static,-1.0,21.0,560.8577737373738,0.06126599326599327,1.2865858585858587,17.453897902651367,21.0,62.628,99.0,0.0,1.0,0,0.0,1.0
7,steady,static,-1.0,18.0,558.0920000000001,0.06848933782267116,1.2328080808080808,15.304673238408178,18.0,62.952,99.0,0.0,1.0,0,0.0,1.0
8,steady,static,-1.0,22.0,553.497103030303,0.053368227731864094,1.17410101010101,18.202064220183487,22.0,66.764,99.0,0.0,1.0,0,0.0,1.0
9,steady,static,-1.0,21.0,556.2845171717172,0.05775853775853776,1.2129292929292927,17.768411511443464,21.0,65.92,99.0,0.0,1.0,0,0.0,1.0
10,steady,static,-1.0,22.0,562.2886222222222,0.05915886134067952,1.3014949494949497,17.449390361912133,22.0,62.152,99.0,0.0,1.0,0,0.0,1.0
11,steady,static,-1.0,22.0,560.8630303030305,0.058222222222222224,1.2808888888888892,17.878601970626512,22.0,61.192,99.0,0.0,1.0,0,0.0,1.0
12,steady,static,-1.0,19.0,557.767785858586,0.06512068048910155,1.2372929292929293,16.419474116680362,19.0,64.508,99.0,0.0,1.0,0,0.0,1.0
13,steady,static,-1.0,18.0,557.0893535353537,0.06807856341189673,1.2254141414141415,14.506383855024712,18.0,64.684,99.0,0.0,1.0,0,0.0,1.0
14,steady,static,-1.0,18.0,557.0173171717172,0.0686240179573513,1.2352323232323232,15.31324531516184,18.0,65.712,99.0,0.0,1.0,0,0.0,1.0
15,steady,static,-1.0,18.0,555.5527313131314,0.06714029180695848,1.2085252525252526,15.775555555555556,18.0,66.356,99.0,0.0,1.0,0,0.0,1.0
16,steady,static,-1.0,20.0,562.1782271604939,0.06528148148148148,1.3056296296296297,16.552339604438014,20.0,50.244,81.0,0.0,1.0,0,0.0,1.0
17,steady,static,-1.0,20.0,560.4464499999999,0.063525,1.2705,14.516331658291458,20.0,59.032,96.0,0.0,1.0,0,0.0,1.0
18,steady,static,-1.0,20.0,558.8249333333333,0.06235353535353535,1.2470707070707072,16.287977254264824,20.0,62.54,99.0,0.0,1.0,0,0.0,1.0
19,steady,static,-1.0,19.0,559.5221858585859,0.06659649122807018,1.2653333333333334,15.801449859041481,19.0,62.732,99.0,0.0,1.0,0,0.0,1.0
20,steady,static,-1.0,18.0,563.230290909091,0.07254096520763187,1.3057373737373736,15.84209538114908,18.0,59.732,99.0,0.0,1.0,0,0.0,1.0
21,steady,static,-1.0,18.0,564.0969979797981,0.07354657687991022,1.3238383838383838,15.107323468814386,18.0,59.94,99.0,0.0,1.0,0,0.0,1.0
22,steady,static,-1.0,17.0,560.6862625000001,0.07545343137254903,1.2827083333333336,14.856308411214954,17.0,60.86,96.0,0.0,1.0,0,0.0,1.0
23,steady,static,-1.0,19.0,561.8205583333333,0.06865789473684211,1.3045,17.203791469194314,19.0,60.768,96.0,0.0,1.0,0,0.0,1.0
24,steady,static,-1.0,18.0,561.4582424242425,0.07211447811447812,1.298060606060606,15.903338829348723,18.0,62.492,99.0,0.0,1.0,0,0.0,1.0
25,steady,static,-1.0,18.0,558.1272244897959,0.06910204081632654,1.2438367346938777,14.394851485148514,18.0,63.104,98.0,0.0,1.0,0,0.0,1.0
26,steady,static,-1.0,20.0,561.223183838384,0.06433939393939395,1.2867878787878788,15.7625284738041,20.0,60.608,99.0,0.0,1.0,0,0.0,1.0
27,steady,static,-1.0,19.0,563.4841333333334,0.06844231791600214,1.3004040404040402,14.108612873980054,19.0,57.26,99.0,0.0,1.0,0,0.0,1.0
28,steady,static,-1.0,18.0,556.323402020202,0.0674702581369248,1.2144646464646465,14.592357989374744,18.0,64.768,99.0,0.0,1.0,0,0.0,1.0
29,steady,static,-1.0,18.0,559.9636121212122,0.07082828282828282,1.274909090909091,15.068965517241379,18.0,62.784,99.0,0.0,1.0,0,0.0,1.0
30,steady,static,-1.0,19.0,561.4869260869566,0.06907780320366132,1.312478260869565,17.42497988736927,19.0,60.252,92.0,0.0,1.0,0,0.0,1.0
31,steady,static,-1.0,17.0,558.7574383838383,0.07398692810457518,1.2577777777777779,15.148084742135673,17.0,64.48,99.0,0.0,1.0,0,0.0,1.0
32,steady,static,-1.0,20.0,558.3587232323233,0.062610101010101,1.25220202020202,16.36659793814433,20.0,64.032,99.0,0.0,1.0,0,0.0,1.0
33,steady,static,-1.0,19.0,562.2496444444445,0.06885061137692716,1.3081616161616163,16.600524828421477,19.0,61.492,99.0,0.0,1.0,0,0.0,1.0
34,steady,static,-1.0,18.0,557.4903313131314,0.06942087542087542,1.2495757575757576,15.545666949872558,18.0,66.292,99.0,0.0,1.0,0,0.0,1.0
35,steady,static,-1.0,24.0,552.7583151515151,0.04795791245791246,1.150989898989899,18.578877887788778,24.0,65.052,99.0,0.0,1.0,0,0.0,1.0
36,steady,static,-1.0,21.0,556.411025,0.05802777777777778,1.2185833333333334,17.626107127794178,21.0,63.016,96.0,0.0,1.0,0,0.0,1.0
37,steady,static,-1.0,21.0,561.4961178947368,0.06159799498746867,1.2935578947368422,17.799229365240315,21.0,60.112,95.0,0.0,1.0,0,0.0,1.0
38,steady,static,-1.0,17.0,559.9980444444444,0.07530362448009506,1.280161616161616,14.864820173625466,17.0,64.264,99.0,0.0,1.0,0,0.0,1.0
39,steady,static,-1.0,19.0,558.4620121212122,0.06573950026581606,1.2490505050505052,15.769573520050923,19.0,63.344,99.0,0.0,1.0,0,0.0,1.0
40,steady,static,-1.0,18.0,562.5479393939395,0.0727564534231201,1.3096161616161617,16.219591836734693,18.0,62.348,99.0,0.0,1.0,0,0.0,1.0
41,steady,static,-1.0,19.0,559.8519353535355,0.06682828282828282,1.2697373737373736,16.816042006156074,19.0,63.296,99.0,0.0,1.0,0,0.0,1.0
42,steady,static,-1.0,17.0,560.9542868686871,0.07546524064171123,1.282909090909091,15.439722463139637,17.0,62.992,99.0,0.0,1.0,0,0.0,1.0
43,steady,static,-1.0,20.0,558.83168,0.06277052631578947,1.2554105263157895,14.62663416795923,20.0,61.736,95.0,0.0,1.0,0,0.0,1.0
44,steady,static,-1.0,19.0,557.1685737373738,0.06476129718234981,1.2304646464646467,16.44849924422371,19.0,65.184,99.0,0.0,1.0,0,0.0,1.0
45,steady,static,-1.0,17.0,560.3552000000001,0.07580273321449792,1.2886464646464646,15.300806284887328,17.0,64.424,99.0,0.0,1.0,0,0.0,1.0
46,steady,static,-1.0,19.0,561.9803632653062,0.06850912996777658,1.3016734693877552,16.214102816623992,19.0,60.436,98.0,0.0,1.0,0,0.0,1.0
47,steady,static,-1.0,19.0,556.0522545454546,0.06304518872939925,1.1978585858585857,15.678059320369279,19.0,63.412,99.0,0.0,1.0,0,0.0,1.0
48,steady,static,-1.0,18.0,558.6726000000001,0.06892290249433106,1.240612244897959,15.368591576138746,18.0,61.42,98.0,0.0,1.0,0,0.0,1.0
49,steady,static,-1.0,18.0,554.9461535353536,0.06642199775533109,1.1955959595959598,15.11306423611111,18.0,66.636,99.0,0.0,1.0,0,0.0,1.0
0,steady,oracle,-1.0,9.88,528.6477836734695,0.05934385535099821,0.5869795918367346,8.055427782888685,11.0,0.0,31.252,1.0,1.0,0,0.0,1.0
1,steady,oracle,-1.0,11.524,541.3009575757576,0.06790437800134771,0.7786262626262626,9.864272211720227,13.0,0.0,40.5,1.0,1.0,0,0.0,1.0
2,steady,oracle,-1.0,10.8,535.1009252525254,0.06368500018500019,0.685131313131313,8.496885382059801,12.0,0.0,37.22,1.0,1.0,0,0.0,1.0
3,steady,oracle,-1.0,10.136,533.4847387755103,0.06511676973819831,0.660734693877551,7.555960137983902,11.0,0.0,35.932,1.0,1.0,0,0.0,1.0
4,steady,oracle,-1.0,10.164,536.0738060606061,0.0686902254871952,0.6994343434343434,8.610619469026549,12.0,0.0,36.756,1.0,1.0,0,0.0,1.0
5,steady,oracle,-1.0,10.624,531.1805708333334,0.05868262512950012,0.625875,8.078491558868668,11.0,0.0,33.724,1.0,1.0,0,0.0,1.0
6,steady,oracle,-1.0,10.636,534.7693696969698,0.06416642336339307,0.679878787878788,8.518005540166206,12.0,0.0,36.372,1.0,1.0,0,0.0,1.0
7,steady,oracle,-1.0,9.592,533.4960000000001,0.06858310410128592,0.6608080808080808,7.627418765972982,11.0,0.0,36.048,1.0,1.0,0,0.0,1.0
8,steady,oracle,-1.0,10.58,527.5754868686869,0.05411204351204351,0.5712727272727273,7.7642201834862385,11.0,0.0,32.236,1.0,1.0,0,0.0,1.0
9,steady,oracle,-1.0,9.616,530.7173252525253,0.06352640659004295,0.6183434343434344,8.251076365284387,13.0,0.0,33.08,1.0,1.0,0,0.0,1.0
10,steady,oracle,-1.0,10.736,536.9837737373738,0.06653549189306766,0.7130101010101011,9.135475130636733,13.0,0.0,36.848,1.0,1.0,0,0.0,1.0
11,steady,oracle,-1.0,12.02,535.5286464646466,0.057616775998148545,0.6917171717171717,9.637479085331845,14.0,0.0,37.808,1.0,1.0,0,0.0,1.0
12,steady,oracle,-1.0,9.396,531.9903717171718,0.0678052239567391,0.6378181818181817,7.3586688578471655,10.0,0.0,34.492,1.0,1.0,0,0.0,1.0
13,steady,oracle,-1.0,10.172,531.5169494949496,0.061816386083052746,0.6307070707070707,8.014003294892916,11.0,0.0,34.316,1.0,1.0,0,0.0,1.0
14,steady,oracle,-1.0,9.832,530.0984484848485,0.061352528952528955,0.6092121212121211,7.659710391822828,11.0,0.0,33.288,1.0,1.0,0,0.0,1.0
15,steady,oracle,-1.0,9.24,529.1915595959597,0.06430326643053916,0.5954747474747476,7.245777777777778,10.0,0.0,32.644,1.0,1.0,0,0.0,1.0
16,steady,oracle,-1.0,9.876,536.2168444444446,0.07094833698537403,0.7018765432098765,7.793535938253738,11.0,0.0,30.756,1.0,1.0,0,0.0,1.0
17,steady,oracle,-1.0,11.028,535.6264916666667,0.06286139647389646,0.6932916666666668,8.118090452261306,12.0,0.0,36.968,1.0,1.0,0,0.0,1.0
18,steady,oracle,-1.0,11.204,533.8467111111112,0.05965263535566565,0.6661818181818182,8.334890333062551,12.0,0.0,36.46,1.0,1.0,0,0.0,1.0
19,steady,oracle,-1.0,11.144,533.5936202020202,0.059479674758462636,0.6623434343434345,8.43193717277487,12.0,0.0,36.268,1.0,1.0,0,0.0,1.0
20,steady,oracle,-1.0,10.152,539.2006747474747,0.07346438118559331,0.7469090909090909,8.403492301915133,11.0,0.0,39.268,1.0,1.0,0,0.0,1.0
21,steady,oracle,-1.0,10.264,539.4367151515152,0.07304835220895826,0.7503434343434344,9.180558156958233,12.0,0.0,39.06,1.0,1.0,0,0.0,1.0
22,steady,oracle,-1.0,10.312,534.7500958333335,0.06560897967772968,0.6795416666666666,8.369158878504672,11.0,0.0,35.14,1.0,1.0,0,0.0,1.0
23,steady,oracle,-1.0,11.236,535.3021000000001,0.060901406695156694,0.6877916666666666,9.660828353595713,12.0,0.0,35.232,1.0,1.0,0,0.0,1.0
24,steady,oracle,-1.0,10.04,535.0727474747475,0.06805723905723905,0.6844444444444443,8.044311624072547,11.0,0.0,36.508,1.0,1.0,0,0.0,1.0
25,steady,oracle,-1.0,10.764,532.241224489796,0.059587105751391464,0.6418367346938776,7.991287128712871,11.0,0.0,34.896,1.0,1.0,0,0.0,1.0
26,steady,oracle,-1.0,12.076,535.8505777777777,0.05752368349944107,0.6967272727272728,9.020690964312832,13.0,0.0,38.392,1.0,1.0,0,0.0,1.0
27,steady,oracle,-1.0,10.532,540.6533050505051,0.07318087008390038,0.7694545454545455,8.087941976427924,12.0,0.0,41.74,1.0,1.0,0,0.0,1.0
28,steady,oracle,-1.0,10.26,530.6936646464648,0.06013745827685221,0.6184242424242425,7.634450347364119,11.0,0.0,34.232,1.0,1.0,0,0.0,1.0
29,steady,oracle,-1.0,10.932,533.6736727272729,0.06069038111159322,0.6635151515151515,8.40974882928906,12.0,0.0,36.216,1.0,1.0,0,0.0,1.0
30,steady,oracle,-1.0,8.908,533.3256652173914,0.07379493694711084,0.6575652173913044,8.009654062751407,10.0,0.0,31.748,1.0,1.0,0,0.0,1.0
31,steady,oracle,-1.0,9.792,532.2937616161616,0.06574825455128484,0.6423434343434344,7.936871388829446,11.0,0.0,34.52,1.0,1.0,0,0.0,1.0
32,steady,oracle,-1.0,10.656,531.8724606060607,0.05955686311443888,0.6362424242424243,8.108659793814432,12.0,0.0,34.968,1.0,1.0,0,0.0,1.0
33,steady,oracle,-1.0,11.232,536.1091191919193,0.06227878003029518,0.7002424242424242,9.014735567218409,12.0,0.0,37.508,1.0,1.0,0,0.0,1.0
34,steady,oracle,-1.0,10.188,529.6732404040405,0.059139012054163574,0.6026666666666667,8.313296516567545,11.0,0.0,32.708,1.0,1.0,0,0.0,1.0
35,steady,oracle,-1.0,12.44,528.3603757575759,0.04684889491573983,0.5835959595959596,8.685588558855885,14.0,0.0,33.948,1.0,1.0,0,0.0,1.0
36,steady,oracle,-1.0,10.672,530.4354416666666,0.05776427773615274,0.6145,8.322859552931252,12.0,0.0,32.984,1.0,1.0,0,0.0,1.0
37,steady,oracle,-1.0,11.32,535.7087915789474,0.06130202148728465,0.6938526315789475,9.404583248833909,12.0,0.0,34.888,1.0,1.0,0,0.0,1.0
38,steady,oracle,-1.0,9.768,533.0757010101012,0.06701868176716662,0.654060606060606,8.298677139313765,11.0,0.0,34.736,1.0,1.0,0,0.0,1.0
39,steady,oracle,-1.0,10.188,532.5664565656567,0.06371389710177588,0.6468282828282829,7.5962232123912585,11.0,0.0,35.656,1.0,1.0,0,0.0,1.0
40,steady,oracle,-1.0,10.228,536.7253535353535,0.06937491543249119,0.709090909090909,9.20530612244898,11.0,0.0,36.652,1.0,1.0,0,0.0,1.0
41,steady,oracle,-1.0,10.308,533.9581171717173,0.0647905927966534,0.6675555555555556,8.410284265797573,11.0,0.0,35.704,1.0,1.0,0,0.0,1.0
42,steady,oracle,-1.0,9.784,535.4600646464647,0.07064640511004149,0.6900202020202021,8.571986123156982,12.0,0.0,36.008,1.0,1.0,0,0.0,1.0
43,steady,oracle,-1.0,9.152,532.7890694736843,0.07090109364319891,0.6497684210526317,7.5255927321072456,10.0,0.0,33.264,1.0,1.0,0,0.0,1.0
44,steady,oracle,-1.0,9.828,531.1114424242425,0.06344104245922427,0.6244848484848485,8.013819909306845,11.0,0.0,33.816,1.0,1.0,0,0.0,1.0
45,steady,oracle,-1.0,9.588,533.0471595959597,0.06803391199148776,0.6535757575757576,7.933636551581559,10.0,0.0,34.576,1.0,1.0,0,0.0,1.0
46,steady,oracle,-1.0,11.008,536.1557918367347,0.06368993636748739,0.7011020408163268,8.70770139846366,12.0,0.0,37.564,1.0,1.0,0,0.0,1.0
47,steady,oracle,-1.0,10.668,531.9844161616163,0.05985321614412523,0.6381414141414141,8.036338636810058,12.0,0.0,35.588,1.0,1.0,0,0.0,1.0
48,steady,oracle,-1.0,10.48,534.2170081632654,0.06447302232914479,0.671877551020408,8.372784448256146,12.0,0.0,36.58,1.0,1.0,0,0.0,1.0
49,steady,oracle,-1.0,10.188,529.0384363636364,0.05810926581835672,0.593090909090909,7.749131944444445,11.0,0.0,32.364,1.0,1.0,0,0.0,1.0
0,intermittent,static,-1.0,19.0,558.6126367346939,0.06601933404940924,1.2543673469387755,15.176613392676511,19.0,64.072,98.0,0.0,1.0,0,0.0,1.0
1,intermittent,static,-1.0,18.0,563.9626383838385,0.07313804713804714,1.3164848484848486,16.630240413272404,18.0,59.668,99.0,0.0,1.0,0,0.0,1.0
2,intermittent,static,-1.0,20.0,563.8478545454547,0.06545858585858585,1.3091717171717172,16.923022723269334,20.0,57.392,99.0,0.0,1.0,0,0.0,1.0
3,intermittent,static,-1.0,18.0,558.5138489795919,0.06934920634920635,1.2482857142857142,14.414082816563313,18.0,62.668,98.0,0.0,1.0,0,0.0,1.0
4,intermittent,static,-1.0,19.0,558.2807838383839,0.06573950026581604,1.2490505050505052,15.568077176057882,19.0,65.344,99.0,0.0,1.0,0,0.0,1.0
5,intermittent,static,-1.0,19.0,558.4175708333335,0.06529166666666666,1.2405416666666667,14.464541181279378,19.0,60.908,96.0,0.0,1.0,0,0.0,1.0
6,intermittent,static,-1.0,21.0,561.8632323232323,0.061818181818181814,1.2981818181818183,17.345045965270685,21.0,61.48,99.0,0.0,1.0,0,0.0,1.0
7,intermittent,static,-1.0,18.0,557.4301696969696,0.06809652076318742,1.2257373737373736,15.233858267716535,18.0,63.652,99.0,0.0,1.0,0,0.0,1.0
8,intermittent,static,-1.0,22.0,555.5062868686867,0.05448301193755739,1.1986262626262627,17.91775663892192,22.0,64.336,99.0,0.0,1.0,0,0.0,1.0
9,intermittent,static,-1.0,21.0,557.0751191919193,0.0581972101972102,1.2221414141414144,18.160472972972972,21.0,65.008,99.0,0.0,1.0,0,0.0,1.0
10,intermittent,static,-1.0,22.0,562.1914626262626,0.05914967860422406,1.3012929292929294,16.54204718417047,22.0,62.172,99.0,0.0,1.0,0,0.0,1.0
11,intermittent,static,-1.0,22.0,560.2126909090911,0.05783471074380165,1.2723636363636366,17.924625098658247,22.0,62.036,99.0,0.0,1.0,0,0.0,1.0
12,intermittent,static,-1.0,19.0,556.7457656565658,0.06452950558213716,1.226060606060606,16.24541083916084,19.0,65.62,99.0,0.0,1.0,0,0.0,1.0
13,intermittent,static,-1.0,18.0,558.5546989898991,0.06905050505050506,1.242909090909091,14.308639523336643,18.0,62.952,99.0,0.0,1.0,0,0.0,1.0
14,intermittent,static,-1.0,18.0,559.8035515151515,0.07043546576879911,1.2678383838383838,15.267884322678844,18.0,62.484,99.0,0.0,1.0,0,0.0,1.0
15,intermittent,static,-1.0,18.0,558.2922505050506,0.06891582491582492,1.2404848484848485,15.649196956889265,18.0,63.192,99.0,0.0,1.0,0,0.0,1.0
16,intermittent,static,-1.0,20.0,562.505851851852,0.06545432098765432,1.3090864197530865,16.450782997762865,20.0,49.964,81.0,0.0,1.0,0,0.0,1.0
17,intermittent,static,-1.0,20.0,561.0465041666666,0.06385624999999999,1.277125,14.794517846578584,20.0,58.396,96.0,0.0,1.0,0,0.0,1.0
18,intermittent,static,-1.0,20.0,558.843195959596,0.06245454545454545,1.249090909090909,15.630670802636681,20.0,62.34,99.0,0.0,1.0,0,0.0,1.0
19,intermittent,static,-1.0,19.0,560.6902181818183,0.06728973950026583,1.2785050505050508,16.15156189741612,19.0,61.428,99.0,0.0,1.0,0,0.0,1.0
20,intermittent,static,-1.0,18.0,562.5879191919192,0.07222446689113356,1.3000404040404039,15.397042513863216,18.0,60.296,99.0,0.0,1.0,0,0.0,1.0
21,intermittent,static,-1.0,18.0,560.8034262626263,0.07145230078563414,1.2861414141414143,15.140132503513351,18.0,63.672,99.0,0.0,1.0,0,0.0,1.0
22,intermittent,static,-1.0,17.0,558.8742666666667,0.07425980392156861,1.2624166666666665,14.700551267916207,17.0,62.808,96.0,0.0,1.0,0,0.0,1.0
23,intermittent,static,-1.0,19.0,563.5783083333333,0.06968421052631579,1.324,17.56847649918963,19.0,58.896,96.0,0.0,1.0,0,0.0,1.0
24,intermittent,static,-1.0,18.0,561.1470626262627,0.0719236812570146,1.2946262626262628,15.855609939759036,18.0,62.832,99.0,0.0,1.0,0,0.0,1.0
25,intermittent,static,-1.0,18.0,557.732575510204,0.0688140589569161,1.2386530612244897,14.274812343619683,18.0,63.612,98.0,0.0,1.0,0,0.0,1.0
26,intermittent,static,-1.0,20.0,555.8950868686869,0.06125252525252525,1.2250505050505052,16.222272215973003,20.0,66.72,99.0,0.0,1.0,0,0.0,1.0
27,intermittent,static,-1.0,19.0,560.7654666666668,0.06675810738968634,1.2684040404040406,13.911204650230507,19.0,60.428,99.0,0.0,1.0,0,0.0,1.0
28,intermittent,static,-1.0,18.0,558.6182181818183,0.06887317620650955,1.2397171717171716,14.967869110979697,18.0,62.268,99.0,0.0,1.0,0,0.0,1.0
29,intermittent,static,-1.0,18.0,560.5939757575758,0.07127048260381594,1.282868686868687,14.888933520787306,18.0,61.996,99.0,0.0,1.0,0,0.0,1.0
30,intermittent,static,-1.0,19.0,559.3111521739131,0.06778718535469108,1.2879565217391304,17.28723404255319,19.0,62.508,92.0,0.0,1.0,0,0.0,1.0
31,intermittent,static,-1.0,17.0,560.6886747474748,0.07529649435531789,1.280040404040404,15.306975860102643,17.0,62.276,99.0,0.0,1.0,0,0.0,1.0
32,intermittent,static,-1.0,20.0,559.3718222222224,0.06313535353535352,1.2627070707070707,16.767582861762328,20.0,62.992,99.0,0.0,1.0,0,0.0,1.0
33,intermittent,static,-1.0,19.0,560.3488000000001,0.0677044125465178,1.2863838383838384,16.532899022801303,19.0,63.648,99.0,0.0,1.0,0,0.0,1.0
34,intermittent,static,-1.0,18.0,559.3801171717172,0.0705297418630752,1.2695353535353533,15.860496014171833,18.0,64.316,99.0,0.0,1.0,0,0.0,1.0
35,intermittent,static,-1.0,24.0,555.7120929292929,0.0494023569023569,1.1856565656565659,18.84160942100098,24.0,61.62,99.0,0.0,1.0,0,0.0,1.0
36,intermittent,static,-1.0,21.0,554.9302833333334,0.05721031746031747,1.2014166666666668,17.802933278248297,21.0,64.664,96.0,0.0,1.0,0,0.0,1.0
37,intermittent,static,-1.0,21.0,562.3759494736843,0.062123308270676685,1.3045894736842105,17.41141449394375,21.0,59.064,95.0,0.0,1.0,0,0.0,1.0
38,intermittent,static,-1.0,17.0,560.8743919191919,0.07585502079619727,1.2895353535353535,14.777263581488933,17.0,63.336,99.0,0.0,1.0,0,0.0,1.0
39,intermittent,static,-1.0,19.0,559.5103555555555,0.0664093567251462,1.2617777777777779,15.779158316633266,19.0,62.084,99.0,0.0,1.0,0,0.0,1.0
40,intermittent,static,-1.0,18.0,562.6912808080809,0.0729517396184063,1.3131313131313131,15.827507598784194,18.0,62.0,99.0,0.0,1.0,0,0.0,1.0
41,intermittent,static,-1.0,19.0,560.2999676767677,0.06710047846889952,1.2749090909090908,16.79730510105871,19.0,62.784,99.0,0.0,1.0,0,0.0,1.0
42,intermittent,static,-1.0,17.0,559.752791919192,0.07472846108140226,1.2703838383838384,15.186295054484493,17.0,64.232,99.0,0.0,1.0,0,0.0,1.0
43,intermittent,static,-1.0,20.0,558.1409010526316,0.06238315789473684,1.247663157894737,15.08143469433792,20.0,62.472,95.0,0.0,1.0,0,0.0,1.0
44,intermittent,static,-1.0,19.0,558.271995959596,0.06553322700691121,1.245131313131313,16.036729611952687,19.0,63.732,99.0,0.0,1.0,0,0.0,1.0
45,intermittent,static,-1.0,17.0,560.9353737373739,0.07615686274509804,1.2946666666666666,15.254630571951964,17.0,63.828,99.0,0.0,1.0,0,0.0,1.0
46,intermittent,static,-1.0,19.0,559.7476000000001,0.0671235230934479,1.2753469387755103,16.49362402303579,19.0,63.016,98.0,0.0,1.0,0,0.0,1.0
47,intermittent,static,-1.0,19.0,556.495292929293,0.0631812865497076,1.2004444444444444,16.03692614770459,19.0,63.156,99.0,0.0,1.0,0,0.0,1.0
48,intermittent,static,-1.0,18.0,556.6928285714285,0.06761224489795918,1.2170204081632654,14.998740818467995,18.0,63.732,98.0,0.0,1.0,0,0.0,1.0
49,intermittent,static,-1.0,18.0,556.5298909090909,0.06742087542087542,1.2135757575757578,15.28954918032787,18.0,64.856,99.0,0.0,1.0,0,0.0,1.0
0,intermittent,oracle,-1.0,10.228,532.2878612244898,0.06275130119313793,0.6421632653061224,8.453773012340683,12.0,0.0,33.928,1.0,1.0,0,0.0,1.0
1,intermittent,oracle,-1.0,10.676,539.9538707070708,0.07097680961014294,0.7581414141414141,9.57162726008345,12.0,0.0,39.332,1.0,1.0,0,0.0,1.0
2,intermittent,oracle,-1.0,11.768,540.6104808080809,0.06529665788756699,0.7687676767676768,9.418883212964595,13.0,0.0,41.608,1.0,1.0,0,0.0,1.0
3,intermittent,oracle,-1.0,10.0,532.8033591836735,0.06496864122272285,0.6503673469387754,7.303260652130426,11.0,0.0,35.332,1.0,1.0,0,0.0,1.0
4,intermittent,oracle,-1.0,9.316,531.9734707070708,0.06822779599749297,0.6372525252525252,7.895856171892129,11.0,0.0,33.656,1.0,1.0,0,0.0,1.0
5,intermittent,oracle,-1.0,10.776,533.4829458333335,0.06124905707718209,0.6606666666666666,8.217249131412222,12.0,0.0,35.092,1.0,1.0,0,0.0,1.0
6,intermittent,oracle,-1.0,10.44,536.2282828282828,0.06732706945131187,0.702020202020202,8.44514811031665,12.0,0.0,37.52,1.0,1.0,0,0.0,1.0
7,intermittent,oracle,-1.0,9.848,532.4710585858587,0.06516597723264389,0.6452929292929294,7.816929133858268,11.0,0.0,35.348,1.0,1.0,0,0.0,1.0
8,intermittent,oracle,-1.0,11.468,530.3352161616161,0.05367282526676466,0.6132525252525253,8.404478795085216,12.0,0.0,34.664,1.0,1.0,0,0.0,1.0
9,intermittent,oracle,-1.0,10.076,531.8536646464646,0.0630952426922124,0.6355959595959596,8.460304054054054,12.0,0.0,33.992,1.0,1.0,0,0.0,1.0
10,intermittent,oracle,-1.0,10.132,536.7372,0.07033285345406558,0.7093333333333334,8.641171993911719,12.0,0.0,36.828,1.0,1.0,0,0.0,1.0
11,intermittent,oracle,-1.0,11.344,534.7028323232324,0.05975067401734069,0.6791111111111111,9.087016574585636,13.0,0.0,36.964,1.0,1.0,0,0.0,1.0
12,intermittent,oracle,-1.0,9.484,530.4436646464646,0.06480658959446839,0.6143838383838384,7.3426573426573425,10.0,0.0,33.38,1.0,1.0,0,0.0,1.0
13,intermittent,oracle,-1.0,10.628,533.5747393939395,0.062223977145189256,0.6619797979797979,8.200595829195631,12.0,0.0,36.048,1.0,1.0,0,0.0,1.0
14,intermittent,oracle,-1.0,10.192,534.0869454545456,0.06559204353446778,0.6697777777777778,7.883561643835616,11.0,0.0,36.516,1.0,1.0,0,0.0,1.0
15,intermittent,oracle,-1.0,10.088,533.1246545454545,0.06503665077907501,0.6551919191919192,7.907861369399831,11.0,0.0,35.808,1.0,1.0,0,0.0,1.0
16,intermittent,oracle,-1.0,10.3,536.7292098765433,0.06879561042524006,0.7096296296296296,8.14228187919463,11.0,0.0,31.036,1.0,1.0,0,0.0,1.0
17,intermittent,oracle,-1.0,11.464,536.5311291666667,0.06153347948347948,0.707,8.584894498126602,12.0,0.0,37.604,1.0,1.0,0,0.0,1.0
18,intermittent,oracle,-1.0,11.132,533.6651757575758,0.05960429334974789,0.6635555555555556,8.191934858472276,12.0,0.0,36.66,1.0,1.0,0,0.0,1.0
19,intermittent,oracle,-1.0,10.968,535.3228242424242,0.06293881326305568,0.6885656565656566,8.351908985730814,12.0,0.0,37.572,1.0,1.0,0,0.0,1.0
20,intermittent,oracle,-1.0,10.448,538.0718383838384,0.06980396270396269,0.7298989898989898,8.373382624768947,11.0,0.0,38.704,1.0,1.0,0,0.0,1.0
21,intermittent,oracle,-1.0,9.748,534.6246787878788,0.06956048115745085,0.6773333333333333,8.645854246135315,11.0,0.0,35.328,1.0,1.0,0,0.0,1.0
22,intermittent,oracle,-1.0,9.956,532.051225,0.06410258537758537,0.638625,7.980815876515987,11.0,0.0,33.192,1.0,1.0,0,0.0,1.0
23,intermittent,oracle,-1.0,11.408,537.94135,0.0635077765984016,0.7277916666666667,9.886345218800649,13.0,0.0,37.104,1.0,1.0,0,0.0,1.0
24,intermittent,oracle,-1.0,10.004,534.6034666666668,0.06741912711306651,0.6773333333333333,8.10410391566265,11.0,0.0,36.168,1.0,1.0,0,0.0,1.0
25,intermittent,oracle,-1.0,10.388,531.7412693877552,0.06098579685620502,0.634204081632653,7.949749791492911,11.0,0.0,34.388,1.0,1.0,0,0.0,1.0
26,intermittent,oracle,-1.0,11.356,528.1527030303031,0.05088747929960052,0.579878787878788,8.481439820022498,12.800000000000182,0.0,32.28,1.0,1.0,0,0.0,1.0
27,intermittent,oracle,-1.0,10.204,536.7827595959596,0.06949202705263312,0.7106666666666668,7.8819402685909,11.0,0.0,38.572,1.0,1.0,0,0.0,1.0
28,intermittent,oracle,-1.0,10.46,534.1629454545456,0.0640699399366066,0.670989898989899,8.020106445890006,11.0,0.0,36.732,1.0,1.0,0,0.0,1.0
29,intermittent,oracle,-1.0,11.06,534.5090464646464,0.06113579159336735,0.6762424242424242,8.348463546896967,12.0,0.0,37.004,1.0,1.0,0,0.0,1.0
30,intermittent,oracle,-1.0,8.648,530.1029347826087,0.07042413890457368,0.608695652173913,7.706984273820536,10.0,0.0,29.492,1.0,1.0,0,0.0,1.0
31,intermittent,oracle,-1.0,9.572,535.0971595959596,0.07156214526214527,0.6848888888888889,7.8979281505417225,11.0,0.0,36.724,1.0,1.0,0,0.0,1.0
32,intermittent,oracle,-1.0,10.788,533.4780040404041,0.06107670701913126,0.6605252525252525,8.210792239288601,12.0,0.0,36.008,1.0,1.0,0,0.0,1.0
33,intermittent,oracle,-1.0,10.776,533.3343757575758,0.06096551854430642,0.6581414141414141,8.662323561346362,12.0,0.0,35.352,1.0,1.0,0,0.0,1.0
34,intermittent,oracle,-1.0,10.148,532.6262989898989,0.06377921663073179,0.6473535353535353,8.425155004428698,11.0,0.0,34.684,1.0,1.0,0,0.0,1.0
35,intermittent,oracle,-1.0,13.064,532.5772242424243,0.04969764321306211,0.6476363636363637,9.377428851815505,15.0,0.0,37.38,1.0,1.0,0,0.0,1.0
36,intermittent,oracle,-1.0,10.556,528.2971583333334,0.055218518634143635,0.5820416666666668,8.342078083040693,12.0,0.0,31.336,1.0,1.0,0,0.0,1.0
37,intermittent,oracle,-1.0,11.464,536.8837389473684,0.06205045042676621,0.7117473684210527,9.561691644426196,13.0,0.0,35.936,1.0,1.0,0,0.0,1.0
38,intermittent,oracle,-1.0,10.08,534.4315636363638,0.06696029593302322,0.6745858585858585,8.556740442655936,11.0,0.0,35.664,1.0,1.0,0,0.0,1.0
39,intermittent,oracle,-1.0,10.38,534.0143959595961,0.06421578802790924,0.6688484848484848,7.785771543086172,11.0,0.0,36.916,1.0,1.0,0,0.0,1.0
40,intermittent,oracle,-1.0,9.728,536.719280808081,0.07280198959289867,0.7091313131313132,8.523366261398177,11.0,0.0,37.0,1.0,1.0,0,0.0,1.0
41,intermittent,oracle,-1.0,10.316,534.607684848485,0.06557596757899788,0.6774141414141414,8.435418671799807,11.0,0.0,36.216,1.0,1.0,0,0.0,1.0
42,intermittent,oracle,-1.0,9.884,533.5636202020203,0.06691979804707077,0.6613333333333333,8.357082984073763,11.0,0.0,34.768,1.0,1.0,0,0.0,1.0
43,intermittent,oracle,-1.0,9.124,531.7615326315789,0.0695524234829498,0.6341894736842105,7.527408075795172,10.0,0.0,32.528,1.0,1.0,0,0.0,1.0
44,intermittent,oracle,-1.0,10.112,532.4893696969697,0.06376838257141287,0.6455353535353536,7.9097323096078025,12.0,0.0,35.268,1.0,1.0,0,0.0,1.0
45,intermittent,oracle,-1.0,9.784,533.9661212121213,0.06817814071450436,0.6674747474747474,8.157744758803176,11.0,0.0,35.172,1.0,1.0,0,0.0,1.0
46,intermittent,oracle,-1.0,10.34,532.9822938775511,0.06298811981669125,0.6528979591836734,8.25503907856849,12.0,0.0,34.984,1.0,1.0,0,0.0,1.0
47,intermittent,oracle,-1.0,10.28,532.9173939393941,0.06331898785838179,0.652121212121212,7.863273453093813,11.0,0.0,35.844,1.0,1.0,0,0.0,1.0
48,intermittent,oracle,-1.0,9.836,531.4316448979594,0.0641295666918116,0.6295510204081632,7.7995802728226655,11.0,0.0,34.268,1.0,1.0,0,0.0,1.0
49,intermittent,oracle,-1.0,10.124,531.3692444444446,0.06176504146807177,0.6284444444444445,7.795286885245901,11.0,0.0,34.144,1.0,1.0,0,0.0,1.0
