net,q,scheme,frame_len,energy_uC,duty_b,radio_on,latency,latency_p95,wasted,granted,removal,service,failed,delayed,pdr
0,0.5,static,19.0,557.4017632653062,0.06532760472610095,1.2412244897959186,14.920025867643888,19.0,65.36,98.0,0.0,1.0,0,0.0,1.0
1,0.5,static,18.0,561.7730666666666,0.07183389450056117,1.2930101010101012,16.456401878701246,18.0,61.992,99.0,0.0,1.0,0,0.0,1.0
2,0.5,static,20.0,560.5551191919192,0.06353131313131315,1.2706262626262625,16.984432609586236,20.0,61.208,99.0,0.0,1.0,0,0.0,1.0
3,0.5,static,18.0,559.749036734694,0.07017233560090702,1.2631020408163265,14.26715497301465,18.0,61.216,98.0,0.0,1.0,0,0.0,1.0
4,0.5,static,19.0,558.819191919192,0.0660414673046252,1.254787878787879,15.764582017266793,19.0,64.776,99.0,0.0,1.0,0,0.0,1.0
5,0.5,static,19.0,558.089875,0.06508333333333334,1.2365833333333336,14.320966716133135,19.0,61.288,96.0,0.0,1.0,0,0.0,1.0
6,0.5,static,21.0,561.5905454545455,0.06166426166426166,1.2949494949494949,17.368495646892082,21.0,61.8,99.0,0.0,1.0,0,0.0,1.0
7,0.5,static,18.0,558.0928565656566,0.06844893378226712,1.232080808080808,15.31745419479267,18.0,63.024,99.0,0.0,1.0,0,0.0,1.0
8,0.5,static,22.0,556.3070828282829,0.054837465564738286,1.2064242424242424,17.98731587561375,22.0,63.564,99.0,0.0,1.0,0,0.0,1.0
9,0.5,static,21.0,556.2924606060607,0.05779316979316979,1.2136565656565657,18.013110594205962,21.0,65.848,99.0,0.0,1.0,0,0.0,1.0
10,0.5,static,22.0,561.7749777777778,0.058896235078053256,1.2957171717171716,17.07416930379747,22.0,62.724,99.0,0.0,1.0,0,0.0,1.0
11,0.5,static,22.0,558.4658020202021,0.056966023875114784,1.2532525252525253,17.693410355156182,22.0,63.928,99.0,0.0,1.0,0,0.0,1.0
12,0.5,static,19.0,558.7067959595961,0.06574375332270069,1.2491313131313129,16.129681836488118,19.0,63.336,99.0,0.0,1.0,0,0.0,1.0
13,0.5,static,18.0,559.9089696969697,0.06982716049382716,1.256888888888889,14.696581196581196,18.0,61.568,99.0,0.0,1.0,0,0.0,1.0
14,0.5,static,18.0,557.4530383838385,0.06893602693602693,1.240848484848485,15.29404617253949,18.0,65.156,99.0,0.0,1.0,0,0.0,1.0
15,0.5,static,18.0,559.0446585858587,0.06940740740740739,1.2493333333333334,15.591307814992026,18.0,62.316,99.0,0.0,1.0,0,0.0,1.0
16,0.5,static,20.0,560.2936197530864,0.06420740740740741,1.2841481481481483,16.398936170212767,20.0,51.984,81.0,0.0,1.0,0,0.0,1.0
17,0.5,static,20.0,560.5147291666667,0.06353958333333333,1.2707916666666665,14.856391925988225,20.0,59.004,96.0,0.0,1.0,0,0.0,1.0
18,0.5,static,20.0,557.948606060606,0.061890909090909094,1.2378181818181817,15.815898713158987,20.0,63.456,99.0,0.0,1.0,0,0.0,1.0
19,0.5,static,19.0,559.9575878787879,0.06689420520999469,1.2709898989898991,16.09032131661442,19.0,62.172,99.0,0.0,1.0,0,0.0,1.0
20,0.5,static,18.0,561.0452686868687,0.07123232323232324,1.2821818181818183,15.504734299516908,18.0,62.064,99.0,0.0,1.0,0,0.0,1.0
21,0.5,static,18.0,560.6188202020202,0.07129966329966331,1.2833939393939393,15.473597698787755,18.0,63.944,99.0,0.0,1.0,0,0.0,1.0
22,0.5,static,17.0,558.4616833333333,0.07396078431372548,1.2573333333333334,14.796149732620322,17.0,63.296,96.0,0.0,1.0,0,0.0,1.0
23,0.5,static,19.0,563.2260416666668,0.06946491228070176,1.3198333333333332,17.514237855946398,19.0,59.296,96.0,0.0,1.0,0,0.0,1.0
24,0.5,static,18.0,561.1621090909092,0.07194163860830528,1.2949494949494949,15.986319845857418,18.0,62.8,99.0,0.0,1.0,0,0.0,1.0
25,0.5,static,18.0,558.2491428571429,0.06913378684807256,1.2444081632653061,14.231318905675787,18.0,63.048,98.0,0.0,1.0,0,0.0,1.0
26,0.5,static,20.0,557.9011959595961,0.06243636363636364,1.2487272727272725,16.067219917012448,20.0,64.376,99.0,0.0,1.0,0,0.0,1.0
27,0.5,static,19.0,558.8881292929293,0.06562466772993088,1.246868686868687,14.234143327841846,19.0,62.56,99.0,0.0,1.0,0,0.0,1.0
28,0.5,static,18.0,559.3621656565657,0.0693692480359147,1.2486464646464646,14.82607876389674,18.0,61.384,99.0,0.0,1.0,0,0.0,1.0
29,0.5,static,18.0,560.7855838383839,0.07136700336700338,1.2846060606060605,14.971850393700787,18.0,61.824,99.0,0.0,1.0,0,0.0,1.0
30,0.5,static,19.0,561.4813000000001,0.06907322654462243,1.312391304347826,17.385656864819126,19.0,60.26,92.0,0.0,1.0,0,0.0,1.0
31,0.5,static,17.0,558.9969212121213,0.07419132501485443,1.261252525252525,15.229087261785356,17.0,64.136,99.0,0.0,1.0,0,0.0,1.0
32,0.5,static,20.0,558.8536080808082,0.06284444444444444,1.256888888888889,16.843557019349525,20.0,63.568,99.0,0.0,1.0,0,0.0,1.0
33,0.5,static,19.0,563.7253858585859,0.06976076555023925,1.3254545454545454,16.427037773359842,19.0,59.78,99.0,0.0,1.0,0,0.0,1.0
34,0.5,static,18.0,558.4059676767678,0.0698922558922559,1.258060606060606,15.783310901749664,18.0,65.452,99.0,0.0,1.0,0,0.0,1.0
35,0.5,static,24.0,556.2083757575757,0.04962121212121212,1.190909090909091,18.748362235067436,24.0,61.1,99.0,0.0,1.0,0,0.0,1.0
36,0.5,static,21.0,556.0014041666667,0.05776785714285715,1.213125,17.90284757118928,21.0,63.54,96.0,0.0,1.0,0,0.0,1.0
37,0.5,static,21.0,562.4174568421053,0.06214335839598998,1.3050105263157894,17.482306411323897,21.0,59.024,95.0,0.0,1.0,0,0.0,1.0
38,0.5,static,17.0,560.0261616161617,0.07533452168746285,1.2806868686868689,14.67859984089101,17.0,64.212,99.0,0.0,1.0,0,0.0,1.0
39,0.5,static,19.0,559.6177535353536,0.06646251993620414,1.262787878787879,15.75389711613406,19.0,61.984,99.0,0.0,1.0,0,0.0,1.0
40,0.5,static,18.0,562.2571555555556,0.07262850729517396,1.3073131313131312,15.998405421566673,18.0,62.576,99.0,0.0,1.0,0,0.0,1.0
41,0.5,static,19.0,559.0825858585858,0.06636469962785753,1.2609292929292928,16.731967213114753,19.0,64.168,99.0,0.0,1.0,0,0.0,1.0
42,0.5,static,17.0,560.0882585858587,0.074989898989899,1.2748282828282829,15.043584521384929,17.0,63.792,99.0,0.0,1.0,0,0.0,1.0
43,0.5,static,20.0,559.7443242105264,0.0632821052631579,1.2656421052631577,15.274164133738601,20.0,60.764,95.0,0.0,1.0,0,0.0,1.0
44,0.5,static,19.0,557.5652848484849,0.06508878256246677,1.2366868686868686,16.225826575171553,19.0,64.568,99.0,0.0,1.0,0,0.0,1.0
45,0.5,static,17.0,560.0478505050506,0.07557219251336897,1.2847272727272725,15.277508941721019,17.0,64.812,99.0,0.0,1.0,0,0.0,1.0
46,0.5,static,19.0,559.6519265306123,0.06706337271750806,1.274204081632653,16.414116177389133,19.0,63.128,98.0,0.0,1.0,0,0.0,1.0
47,0.5,static,19.0,556.530294949495,0.06322169059011164,1.2012121212121212,15.995279307631787,19.0,63.08,99.0,0.0,1.0,0,0.0,1.0
48,0.5,static,18.0,557.9289428571429,0.06841496598639456,1.231469387755102,15.057344064386317,18.0,62.316,98.0,0.0,1.0,0,0.0,1.0
49,0.5,static,18.0,557.1588404040406,0.06793490460157127,1.2228282828282826,15.020346494762288,18.0,63.94,99.0,0.0,1.0,0,0.0,1.0
0,0.5,bsps,15.612,541.6188897959183,0.05826464681496273,0.9057551020408163,34.16231946540203,115.0,36.54,66.18,0.4639915178207324,0.7466322728575523,0,0.2155636990730761,1.0
1,0.5,bsps,14.988,546.82138989899,0.06539889921262469,0.9782222222222222,32.95017357565857,115.0,35.304,69.136,0.46313218130824213,0.7450735064122614,0,0.1956299775372677,1.0
2,0.5,bsps,15.716,545.7396161616161,0.06126435872921941,0.9591111111111111,34.3455551003687,115.0,34.852,69.416,0.4627016980653882,0.7386463521828304,0,0.21179844326095862,1.0
3,0.5,bsps,14.524,544.5337428571428,0.06516317900786689,0.9441632653061224,33.063801079414034,114.0,34.812,68.248,0.4581596932822137,0.7496251874062968,0,0.21915959907478796,1.0
4,0.5,bsps,14.212,543.6013050505051,0.06584836637581737,0.9327676767676768,35.09812592124658,114.0,36.472,67.644,0.460635579687001,0.735373054213634,0,0.23036428721836177,1.0
5,0.5,bsps,15.008,543.3396375,0.061793955514335745,0.9252083333333334,32.35234259062964,114.0,34.74,66.504,0.4653527788726843,0.7531556802244039,0,0.20479118083527667,1.0
6,0.5,bsps,15.368,546.0262181818183,0.06311170258459403,0.9667474747474747,35.03887426604576,115.0,34.632,68.604,0.45930928363822876,0.7485533929510784,0,0.22231220894918,1.0
7,0.5,bsps,13.944,543.0916525252527,0.06609580166318135,0.9184646464646465,33.379363548698166,114.0,35.628,68.164,0.45958485958485956,0.7495586380832282,0,0.21986499517839922,1.0
8,0.5,bsps,17.004,541.4982464646465,0.05287324828212341,0.8962020202020202,34.18207855973814,116.0,36.54,68.556,0.46227137388345385,0.7487839771101573,0,0.20765139116202946,1.0
9,0.5,bsps,15.652,541.4104121212122,0.05768896759892632,0.8988686868686868,35.36942271093255,116.0,37.444,67.528,0.462736193333874,0.749795584627964,0,0.22182279551702264,1.0
10,0.5,bsps,15.896,546.5866464646466,0.06169710293910499,0.9761212121212121,34.23991297468354,116.0,35.452,68.536,0.46156835315147277,0.7453000257532836,0,0.21360759493670886,1.0
11,0.5,bsps,16.648,543.0877494949495,0.05573159277178885,0.9273131313131313,34.781985451433464,116.0,36.612,68.572,0.4645786726323639,0.7490527542990382,0,0.21159606332905434,1.0
12,0.5,bsps,13.964,543.7922787878788,0.06710074628283184,0.9328080808080809,33.27124446234394,113.0,35.624,68.324,0.46007237635705667,0.7420707732634338,0,0.21949254933548126,1.0
13,0.5,bsps,15.048,545.6286303030304,0.06359351857293033,0.9553939393939394,33.23640248640249,114.0,34.64,69.128,0.4601502531438837,0.7534965034965035,0,0.21017871017871018,1.0
14,0.5,bsps,14.236,542.1533212121213,0.06428962333962335,0.9143030303030303,32.62130417172944,114.0,36.856,67.868,0.4637795898978703,0.745233489914341,0,0.21040907249898744,1.0
15,0.5,bsps,14.168,544.4026303030304,0.06678602632265733,0.943030303030303,31.87858851674641,114.0,36.184,69.516,0.46215441672285906,0.7516501650165016,0,0.20135566188197768,1.0
16,0.5,bsps,14.652,544.2410222222223,0.06454348298357013,0.9441975308641974,33.17383945841393,114.0,29.184,55.588,0.46176590538336054,0.7460910944935418,0,0.2122823984526112,1.0
17,0.5,bsps,15.856,545.5876041666668,0.060608394257388065,0.9604583333333333,34.56160639192599,115.0,34.508,68.008,0.4579405691713798,0.7388535031847133,0,0.22056349873843567,1.0
18,0.5,bsps,15.812,543.1752767676768,0.05850029581892327,0.9242828282828283,34.09755085097551,115.0,36.068,68.656,0.46127196238554813,0.7416597739178384,0,0.21959319219593193,1.0
19,0.5,bsps,15.744,544.5467474747475,0.06018166778755014,0.9460202020202021,33.73334639498432,115.0,35.28,68.848,0.46075866579463703,0.7460191082802548,0,0.2106191222570533,1.0
20,0.5,bsps,14.136,545.9315353535353,0.06833293231822644,0.9647676767676768,33.01487922705314,114.0,35.12,68.812,0.4603745808456694,0.7394646170156374,0,0.21217391304347827,1.0
21,0.5,bsps,14.456,545.4846787878788,0.06666934220793401,0.9598787878787878,32.64824327100884,115.0,35.472,67.848,0.46718329906689865,0.7513416815742398,0,0.1995068830901993,1.0
22,0.5,bsps,13.988,542.8367958333334,0.06616468253968254,0.9245833333333334,33.00705882352941,113.0,35.452,65.32,0.4638588046530285,0.7442715700141442,0,0.21240641711229946,1.0
23,0.5,bsps,15.5,547.5974750000001,0.06419638547726783,0.994875,35.39468174204355,115.0,34.328,67.496,0.45933948863636365,0.7392426850258176,0,0.21608040201005024,1.0
24,0.5,bsps,14.44,545.1460888888889,0.06643272947096478,0.9581414141414141,33.91194605009634,114.0,35.368,68.204,0.46094205919132974,0.7358059914407988,0,0.21579961464354527,1.0
25,0.5,bsps,15.024,543.0475020408164,0.06143767188193959,0.922734693877551,32.74438546345447,114.0,35.6,67.48,0.4629736171611737,0.7474183644990232,0,0.20967741935483872,1.0
26,0.5,bsps,16.44,541.9327838383839,0.055568697092381304,0.9119191919191919,32.76680497925311,115.0,36.852,68.124,0.46556380823767723,0.7442893401015228,0,0.2016597510373444,1.0
27,0.5,bsps,14.352,544.6212323232323,0.06589269347210523,0.9432727272727273,31.367998352553542,114.0,35.452,69.136,0.4637070105820106,0.7432432432432432,0,0.2026359143327842,1.0
28,0.5,bsps,14.416,544.5007797979798,0.06507491930727224,0.9367676767676768,32.57753909930281,114.0,34.256,68.564,0.4586397058823529,0.7566964285714286,0,0.20991143772376106,1.0
29,0.5,bsps,15.096,545.5647272727273,0.06397750310691488,0.9648888888888889,31.944881889763778,114.0,35.864,69.768,0.46014118457300274,0.7473858007705009,0,0.19921259842519684,1.0
30,0.5,bsps,13.848,545.2073,0.07016232832523216,0.9661739130434782,33.74952401100064,114.0,33.992,62.94,0.4626275930194271,0.7501388117712382,0,0.2119737677173683,1.0
31,0.5,bsps,13.7,543.635890909091,0.06835871939508303,0.9349898989898989,32.910330992978935,114.0,36.576,68.42,0.4642084168336673,0.7446808510638298,0,0.21063189568706117,1.0
32,0.5,bsps,15.648,543.6437252525253,0.05992894414189564,0.9347474747474747,34.4477151090984,115.0,36.5,68.86,0.4611195643469208,0.7411639649216051,0,0.21963771099217785,1.0
33,0.5,bsps,15.468,548.4395111111112,0.06520607312077902,1.006949494949495,34.08667992047714,115.0,34.872,70.58,0.45785540493569693,0.7405130946018172,0,0.21192842942345924,1.0
34,0.5,bsps,14.44,542.9697010101011,0.0644037222037222,0.9287676767676768,33.67092866756393,114.0,37.084,67.832,0.4666107382550336,0.7428571428571429,0,0.2117541498429789,1.0
35,0.5,bsps,19.104,542.2171555555556,0.047188341539312555,0.8984646464646464,34.87630057803468,118.0,35.26,69.764,0.4587806927457754,0.7541678440237355,0,0.2048169556840077,1.0
36,0.5,bsps,15.596,540.4254500000001,0.05670436702458761,0.88175,35.18174204355109,115.0,35.032,64.544,0.46292388847023364,0.7520100502512563,0,0.22340871021775544,1.0
37,0.5,bsps,16.452,547.4396378947368,0.06048660881186056,0.992842105263158,34.10970024979184,116.0,34.628,67.3,0.4626220886551465,0.743391360412637,0,0.20149875104079934,1.0
38,0.5,bsps,13.996,544.1238707070706,0.06755781793963613,0.9444848484848485,34.54793158313445,114.0,36.212,67.804,0.4597126299912678,0.7389187804253139,0,0.2243436754176611,1.0
39,0.5,bsps,14.716,544.4357090909091,0.06425015873741365,0.9432323232323233,32.61847233047545,114.0,35.288,69.048,0.4606479481641469,0.7507482993197279,0,0.20849571317225254,1.0
40,0.5,bsps,14.408,547.1050303030304,0.06896814162598476,0.9864646464646464,33.145106637432725,114.0,35.448,68.908,0.4633877931092864,0.7471632237416351,0,0.20530197329081123,1.0
41,0.5,bsps,14.72,543.1987111111112,0.06297908790555849,0.9258181818181818,35.14405737704918,115.0,35.752,67.316,0.4620745542949757,0.7420765027322405,0,0.225,1.0
42,0.5,bsps,14.092,544.7977333333334,0.06771855715091009,0.9524040404040404,33.184928716904274,114.0,36.304,68.364,0.4639820311246591,0.7470288624787776,0,0.2130346232179226,1.0
43,0.5,bsps,14.408,544.4254610526317,0.06571603977377971,0.9414736842105262,33.7402228976697,115.0,33.724,65.016,0.459990749306198,0.7445382323733863,0,0.2237082066869301,1.0
44,0.5,bsps,15.004,542.3837090909092,0.061153176235529176,0.9162020202020202,34.64358494489499,115.0,37.068,68.308,0.4609850581073603,0.7437029343027785,0,0.22249948014140153,1.0
45,0.5,bsps,13.908,544.0175555555555,0.06792272912272912,0.9441212121212121,33.796128760782665,114.0,36.312,67.468,0.4640227974352885,0.7306207306207306,0,0.218388386282348,1.0
46,0.5,bsps,15.46,544.0481265306122,0.06103923126658168,0.9421632653061224,34.20029148448886,115.0,35.74,67.688,0.4640750892931307,0.7497832996243861,0,0.21153445763064752,1.0
47,0.5,bsps,14.956,542.7002424242424,0.06090593197652021,0.9088888888888887,33.68450039339103,114.0,35.564,68.572,0.46049169235395837,0.7508930697785187,0,0.21675845790715972,1.0
48,0.5,bsps,15.024,542.9041836734694,0.06120041734642575,0.9177142857142858,35.022736418511066,115.0,36.088,68.26,0.45674113689295265,0.7420015357051446,0,0.22655935613682093,1.0
49,0.5,bsps,14.804,542.2979595959596,0.061576120792787466,0.9093333333333332,34.21232876712329,114.0,36.204,68.088,0.46159730722154224,0.744653767820774,0,0.22320709105560033,1.0
0,0.5,ewma,15.512,541.775555102041,0.058881784414170524,0.9086530612244899,34.8094416900194,115.0,36.664,66.364,0.4635561366236313,0.7425968109339408,0,0.22289286484156068,1.0
1,0.5,ewma,14.82,546.7376444444444,0.0661178023501553,0.9780202020202021,33.47130896467225,115.0,35.596,69.264,0.4635317568179759,0.7394957983193278,0,0.2025730038799265,1.0
2,0.5,ewma,15.82,546.0592080808082,0.061087436238416636,0.9641212121212122,33.95411716509627,115.0,34.892,69.668,0.4644513789322763,0.7447686413203655,0,0.20811142974190905,1.0
3,0.5,ewma,14.38,544.6364693877551,0.06602176880742305,0.9463265306122448,33.27679259830378,114.0,35.12,68.524,0.45468958611481974,0.7368027888446215,0,0.22147262914417887,1.0
4,0.5,ewma,14.244,543.4249171717173,0.06546639944857413,0.930141414141414,35.3794483049063,114.0,36.452,67.504,0.4601055324592261,0.7316942811330839,0,0.23268056432933248,1.0
5,0.5,ewma,15.288,543.4820750000001,0.06081281924094424,0.9281666666666666,33.367606529573884,115.0,35.004,66.764,0.4631578947368421,0.738865836791148,0,0.21327114691541235,1.0
6,0.5,ewma,15.432,546.2368363636364,0.06324048844363601,0.9712323232323232,35.416076128771,115.0,34.992,68.996,0.45699845811204387,0.740460010454783,0,0.22534926098400485,1.0
7,0.5,ewma,13.824,543.5203111111111,0.06712310097310098,0.9259797979797979,33.770684667309546,114.0,35.968,68.74,0.4562178072111847,0.7369992535456581,0,0.2244937319189971,1.0
8,0.5,ewma,17.028,541.7483272727274,0.05320369970204851,0.9012525252525252,34.46481178396072,116.0,36.904,68.972,0.46115181461918553,0.739749430523918,0,0.2107201309328969,1.0
9,0.5,ewma,15.772,541.4717454545455,0.05768090013033253,0.902020202020202,35.025586804821316,116.0,38.132,68.056,0.46303627696533894,0.7493789677063207,0,0.2180164939733559,1.0
10,0.5,ewma,16.296,546.7211191919192,0.060221643879951416,0.9785858585858587,34.38370253164557,117.0,35.588,68.744,0.4605631611698818,0.7449922958397535,0,0.21340981012658228,1.0
11,0.5,ewma,16.656,543.2026383838385,0.05586471834170492,0.9293333333333332,35.66195977749251,116.0,36.928,68.94,0.4642916459059957,0.7423366107576634,0,0.21908429610611896,1.0
12,0.5,ewma,14.24,543.6529979797981,0.06565678336979584,0.930989898989899,33.564438179621426,114.0,35.748,68.312,0.46003538115149567,0.7372836916622968,0,0.220700765203383,1.0
13,0.5,ewma,15.08,545.6801898989899,0.06352578543460898,0.9571717171717172,33.20221445221445,114.0,34.936,69.364,0.4569239546825332,0.7503139914594323,0,0.21017871017871018,1.0
14,0.5,ewma,14.076,541.9987838383838,0.06492897657897657,0.9126060606060605,32.235115431348724,113.0,37.056,67.852,0.4647853924590941,0.7438177271464296,0,0.2069663831510733,1.0
15,0.5,ewma,14.212,544.7148565656566,0.06692965383794261,0.948929292929293,32.06359649122807,114.0,36.548,70.0,0.46040438079191237,0.7473829201101928,0,0.2025518341307815,1.0
16,0.5,ewma,14.92,544.6371654320988,0.06380072927556588,0.9506172839506173,32.963249516441,115.0,29.196,55.852,0.4600632459451188,0.7505938242280285,0,0.20889748549323017,1.0
17,0.5,ewma,15.756,545.886325,0.06145235592634489,0.9665416666666667,34.255046257359126,115.0,34.984,68.568,0.4580940416367552,0.7376594564614531,0,0.21783010933557612,1.0
18,0.5,ewma,15.772,542.7348282828283,0.05833270534839163,0.9173333333333333,35.27812370278124,115.0,36.056,68.328,0.4629996696399075,0.7314662273476112,0,0.23100871731008718,1.0
19,0.5,ewma,15.86,545.0524282828283,0.06028585056918391,0.9547070707070706,33.15301724137931,115.0,35.572,69.444,0.46012119226989845,0.7486800422386484,0,0.20454545454545456,1.0
20,0.5,ewma,14.184,545.9005454545455,0.06812016643487231,0.9646868686868686,33.11458937198068,114.0,35.256,68.876,0.46145059965733864,0.7373764360138926,0,0.2144927536231884,1.0
21,0.5,ewma,14.392,545.4289656565658,0.06697079630609042,0.9586262626262626,33.134579823299774,115.0,35.332,67.704,0.46707867839315426,0.744303048239124,0,0.20484898294637355,1.0
22,0.5,ewma,14.148,542.7259166666668,0.06523148656898657,0.922625,33.39358288770053,114.0,35.404,65.212,0.4641679401592536,0.7488085225679842,0,0.21497326203208555,1.0
23,0.5,ewma,15.524,548.1851666666668,0.06474211803311067,1.0047083333333333,34.65975711892797,115.0,34.532,68.068,0.45856990773598294,0.7426682001150087,0,0.20938023450586266,1.0
24,0.5,ewma,14.464,545.4463393939395,0.06661075511271589,0.9629494949494949,33.414065510597304,114.0,35.436,68.48,0.46193020537652363,0.7382169222032936,0,0.2115606936416185,1.0
25,0.5,ewma,15.016,543.1824775510205,0.06175179995074953,0.9260408163265306,32.36974275214373,114.0,35.972,67.824,0.4627956636005256,0.7434247341913822,0,0.20579828501429154,1.0
26,0.5,ewma,16.544,542.3260242424243,0.05554414028237558,0.9179393939393939,32.29377593360996,115.0,36.896,68.5,0.46519682378780197,0.7526881720430108,0,0.1970954356846473,1.0
27,0.5,ewma,14.284,544.604488888889,0.06631444111444112,0.9447676767676767,31.462932454695224,114.0,35.94,69.464,0.46379566870557115,0.7413286302175192,0,0.20345963756177923,1.0
28,0.5,ewma,14.484,544.5539393939395,0.06490832685832686,0.9384242424242425,32.882419446014694,114.0,34.568,68.856,0.45572263993316625,0.749379652605459,0,0.21254946297343133,1.0
29,0.5,ewma,15.084,545.5994343434344,0.06414699254993371,0.9662222222222222,31.89803149606299,114.0,36.156,69.988,0.460328376171237,0.7467514514791264,0,0.19881889763779528,1.0
30,0.5,ewma,13.692,544.973595652174,0.0708058215619277,0.9637826086956521,34.39242648614343,114.0,34.284,62.976,0.46110744891232697,0.7351964582180409,0,0.21895493970806007,1.0
31,0.5,ewma,13.576,543.5527151515153,0.06890041103677468,0.9337777777777778,33.25195586760281,113.0,36.456,68.252,0.4658963248274755,0.7416619559072922,0,0.2156469408224674,1.0
32,0.5,ewma,15.62,543.5445616161617,0.06000659628564685,0.934141414141414,34.673939892960064,115.0,36.776,68.972,0.46228456913827654,0.7380132450331126,0,0.2225195553725813,1.0
33,0.5,ewma,15.604,548.4984727272728,0.06474775224775225,1.0087676767676768,33.49324055666004,115.0,35.16,70.816,0.45779474277782595,0.7456352403975288,0,0.20596421471172963,1.0
34,0.5,ewma,14.492,543.1681696969697,0.06445278066160419,0.9327676767676768,33.97510094212652,114.0,37.388,68.172,0.46740498363956706,0.7406686140863356,0,0.21467025572005383,1.0
35,0.5,ewma,19.248,541.9477696969698,0.04669568031178489,0.8959191919191919,35.1514450867052,118.0,35.904,70.004,0.45745969620725,0.7522023302074453,0,0.20578034682080926,1.0
36,0.5,ewma,15.816,540.5173958333334,0.055938973344623506,0.882875,36.13630653266332,116.0,34.94,64.56,0.46085839504307086,0.7405378486055777,0,0.23115577889447236,1.0
37,0.5,ewma,16.548,547.5382231578948,0.06026998805062192,0.9946526315789475,34.26519567027477,116.0,34.728,67.464,0.4628603624753498,0.7429861335053208,0,0.20274771024146546,1.0
38,0.5,ewma,14.144,544.3117212121211,0.06721550355962119,0.9485656565656566,33.80509148766905,114.0,36.552,68.196,0.46166032953105196,0.749484004127967,0,0.21539379474940334,1.0
39,0.5,ewma,14.636,544.7375313131313,0.06484235416000121,0.9474747474747476,32.473889321901794,113.0,35.284,69.272,0.459020640815269,0.7491146826477799,0,0.20869056897895558,1.0
40,0.5,ewma,14.124,547.3855757575758,0.07039459189058118,0.9914747474747476,32.774167829380104,114.0,35.708,69.3,0.4631561095565166,0.7405264680358693,0,0.2023121387283237,1.0
41,0.5,ewma,14.656,543.5435151515153,0.06365617345617346,0.931959595959596,34.256557377049184,114.0,35.988,67.724,0.4625030337351347,0.7436108821104699,0,0.21700819672131147,1.0
42,0.5,ewma,14.312,545.136294949495,0.06696933099580159,0.9575353535353536,32.82973523421589,114.0,36.328,68.636,0.4637890844787397,0.7454341107052543,0,0.2079429735234216,1.0
43,0.5,ewma,14.496,544.3804715789474,0.06530393145554138,0.9417684210526317,34.20303951367781,115.0,33.988,65.148,0.45827221493090403,0.7363479120336052,0,0.2275582573454914,1.0
44,0.5,ewma,14.984,542.4641414141415,0.06144988649694533,0.9183838383838383,34.63547515075899,115.0,37.372,68.6,0.4619028819581524,0.7426336375488918,0,0.223123310459555,1.0
45,0.5,ewma,13.708,544.2025373737374,0.06925926346380892,0.9465050505050505,33.413843888070694,114.0,36.164,67.5,0.4665611396913336,0.7346210995542348,0,0.21586366505365032,1.0
46,0.5,ewma,15.352,544.2993714285714,0.06180427306453717,0.9468163265306123,33.84988548823652,115.0,36.024,68.096,0.4631089716988962,0.7473196175021732,0,0.2096606287736831,1.0
47,0.5,ewma,14.96,542.6536161616162,0.0609110492992846,0.9092929292929294,34.64260424862313,114.0,35.944,68.776,0.45774860419496,0.7371643900141309,0,0.22659323367427223,1.0
48,0.5,ewma,15.144,542.892718367347,0.060859105766848866,0.9192244897959183,35.24486921529175,115.0,36.732,68.724,0.4559799948262482,0.7363566487317448,0,0.22736418511066397,1.0
49,0.5,ewma,14.716,542.3727838383838,0.06209985178220472,0.9117979797979798,35.046333601933924,114.0,36.588,68.428,0.4591383011346213,0.7353387259858443,0,0.2322723609991942,1.0
0,0.6,static,19.0,558.2375836734695,0.06580021482277121,1.250204081632653,15.03716777408638,19.0,64.48,98.0,0.0,1.0,0,0.0,1.0
1,0.6,static,18.0,564.5401414141415,0.07356004489337824,1.3240808080808082,16.435072353389184,18.0,58.916,99.0,0.0,1.0,0,0.0,1.0
2,0.6,static,20.0,562.808290909091,0.0648161616161616,1.296323232323232,17.096239761727475,20.0,58.664,99.0,0.0,1.0,0,0.0,1.0
3,0.6,static,18.0,558.6132122448979,0.06943537414965985,1.2498367346938777,14.243546798029557,18.0,62.516,98.0,0.0,1.0,0,0.0,1.0
4,0.6,static,19.0,558.4012929292929,0.0658160552897395,1.2505050505050503,15.665104388581167,19.0,65.2,99.0,0.0,1.0,0,0.0,1.0
5,0.6,static,19.0,557.82155,0.06494298245614036,1.2339166666666668,14.443218954248366,19.0,61.544,96.0,0.0,1.0,0,0.0,1.0
6,0.6,static,21.0,562.036004040404,0.061920153920153924,1.3003232323232323,17.128780292409374,21.0,61.268,99.0,0.0,1.0,0,0.0,1.0
7,0.6,static,18.0,556.4758545454545,0.06744332210998878,1.213979797979798,15.353864980624108,18.0,64.816,99.0,0.0,1.0,0,0.0,1.0
8,0.6,static,22.0,557.0077292929292,0.05525619834710744,1.2156363636363638,17.87730061349693,22.0,62.652,99.0,0.0,1.0,0,0.0,1.0
9,0.6,static,21.0,557.1231313131315,0.05822607022607022,1.222747474747475,18.084881756756758,21.0,64.948,99.0,0.0,1.0,0,0.0,1.0
10,0.6,static,22.0,561.751490909091,0.058890725436179986,1.2955959595959594,16.8772,22.0,62.736,99.0,0.0,1.0,0,0.0,1.0
11,0.6,static,22.0,559.2315191919192,0.05735353535353536,1.2617777777777779,17.80886758538047,22.0,63.084,99.0,0.0,1.0,0,0.0,1.0
12,0.6,static,19.0,558.1936080808081,0.06537799043062201,1.2421818181818183,16.31171463315768,19.0,64.024,99.0,0.0,1.0,0,0.0,1.0
13,0.6,static,18.0,559.5923434343434,0.06966778900112233,1.254020202020202,14.501159196290573,18.0,61.852,99.0,0.0,1.0,0,0.0,1.0
14,0.6,static,18.0,558.2605414141415,0.0694320987654321,1.2497777777777779,15.365044687189672,18.0,64.272,99.0,0.0,1.0,0,0.0,1.0
15,0.6,static,18.0,558.4380040404042,0.06904601571268239,1.2428282828282828,15.496604239555465,18.0,62.96,99.0,0.0,1.0,0,0.0,1.0
16,0.6,static,20.0,561.516513580247,0.06490864197530864,1.2981728395061727,16.339924670433145,20.0,50.848,81.0,0.0,1.0,0,0.0,1.0
17,0.6,static,20.0,560.8036333333334,0.06369583333333333,1.2739166666666666,14.913161182840483,20.0,58.704,96.0,0.0,1.0,0,0.0,1.0
18,0.6,static,20.0,558.9201414141415,0.06246262626262626,1.2492525252525253,15.782847072645389,20.0,62.324,99.0,0.0,1.0,0,0.0,1.0
19,0.6,static,19.0,560.1283030303032,0.06697501329080277,1.2725252525252526,16.13927952225005,19.0,62.02,99.0,0.0,1.0,0,0.0,1.0
20,0.6,static,18.0,561.5230545454546,0.07155106621773288,1.2879191919191917,15.485081999604821,18.0,61.496,99.0,0.0,1.0,0,0.0,1.0
21,0.6,static,18.0,560.6652565656566,0.07135129068462402,1.2843232323232323,15.281825460368294,18.0,63.852,99.0,0.0,1.0,0,0.0,1.0
22,0.6,static,17.0,558.3330041666668,0.07386029411764704,1.255625,14.81231538286753,17.0,63.46,96.0,0.0,1.0,0,0.0,1.0
23,0.6,static,19.0,562.0522125,0.06878728070175438,1.3069583333333332,17.553872053872055,19.0,60.532,96.0,0.0,1.0,0,0.0,1.0
24,0.6,static,18.0,561.230294949495,0.07196408529741863,1.2953535353535353,15.906811377245509,18.0,62.76,99.0,0.0,1.0,0,0.0,1.0
25,0.6,static,18.0,559.390955102041,0.06989115646258504,1.2580408163265309,14.220697765582125,18.0,61.712,98.0,0.0,1.0,0,0.0,1.0
26,0.6,static,20.0,556.4475838383839,0.06156161616161616,1.231232323232323,16.203827325322653,20.0,66.108,99.0,0.0,1.0,0,0.0,1.0
27,0.6,static,19.0,559.8821333333333,0.0662200956937799,1.258181818181818,14.014253716147424,19.0,61.44,99.0,0.0,1.0,0,0.0,1.0
28,0.6,static,18.0,558.8277858585859,0.06898092031425365,1.2416565656565657,15.060146041506533,18.0,62.076,99.0,0.0,1.0,0,0.0,1.0
29,0.6,static,18.0,559.7913010101009,0.07075420875420875,1.2735757575757576,14.945373916549082,18.0,62.916,99.0,0.0,1.0,0,0.0,1.0
30,0.6,static,19.0,560.9932304347827,0.06878489702517163,1.306913043478261,17.350239442751416,19.0,60.764,92.0,0.0,1.0,0,0.0,1.0
31,0.6,static,17.0,560.3059353535355,0.07503030303030303,1.2755151515151515,15.316955684007707,17.0,62.724,99.0,0.0,1.0,0,0.0,1.0
32,0.6,static,20.0,559.705591919192,0.06333737373737373,1.2667474747474747,16.74530725153132,20.0,62.592,99.0,0.0,1.0,0,0.0,1.0
33,0.6,static,19.0,561.8026303030304,0.06859117490696438,1.303232323232323,16.53752072968491,19.0,61.98,99.0,0.0,1.0,0,0.0,1.0
34,0.6,static,18.0,559.8147393939395,0.0708013468013468,1.2744242424242425,15.76672384219554,18.0,63.832,99.0,0.0,1.0,0,0.0,1.0
35,0.6,static,24.0,556.7100080808079,0.04987373737373737,1.196969696969697,18.807992565055763,24.0,60.5,99.0,0.0,1.0,0,0.0,1.0
36,0.6,static,21.0,555.5040791666668,0.05751388888888889,1.2077916666666668,17.859901396877568,21.0,64.052,96.0,0.0,1.0,0,0.0,1.0
37,0.6,static,21.0,562.6393221052632,0.062261654135338344,1.3074947368421053,17.275876120619397,21.0,58.788,95.0,0.0,1.0,0,0.0,1.0
38,0.6,static,17.0,560.1296080808081,0.07537967914438502,1.2814545454545452,14.739139059710375,17.0,64.136,99.0,0.0,1.0,0,0.0,1.0
39,0.6,static,19.0,559.2526343434344,0.0662307283359915,1.2583838383838384,15.802514945372089,19.0,62.42,99.0,0.0,1.0,0,0.0,1.0
40,0.6,static,18.0,562.3525212121212,0.07269360269360269,1.3084848484848486,15.97328464347492,18.0,62.46,99.0,0.0,1.0,0,0.0,1.0
41,0.6,static,19.0,560.5101333333336,0.06718553960659224,1.2765252525252524,16.915083135391924,19.0,62.624,99.0,0.0,1.0,0,0.0,1.0
42,0.6,static,17.0,559.699890909091,0.07469281045751633,1.269777777777778,15.181623931623932,17.0,64.292,99.0,0.0,1.0,0,0.0,1.0
43,0.6,static,20.0,559.171932631579,0.06295157894736841,1.2590315789473685,15.34910102739726,20.0,61.392,95.0,0.0,1.0,0,0.0,1.0
44,0.6,static,19.0,556.8521090909092,0.06466135034556086,1.2285656565656566,16.32381974248927,19.0,65.372,99.0,0.0,1.0,0,0.0,1.0
45,0.6,static,17.0,560.0288323232325,0.07553178847296493,1.2840404040404039,15.38920514442336,17.0,64.88,99.0,0.0,1.0,0,0.0,1.0
46,0.6,static,19.0,560.470673469388,0.06755102040816327,1.283469387755102,16.471690509772316,19.0,62.22,98.0,0.0,1.0,0,0.0,1.0
47,0.6,static,19.0,555.8165010101011,0.06280489101541734,1.1932929292929293,15.931257581884351,19.0,63.864,99.0,0.0,1.0,0,0.0,1.0
48,0.6,static,18.0,556.5889714285715,0.06756462585034013,1.2161632653061225,14.98598619535662,18.0,63.816,98.0,0.0,1.0,0,0.0,1.0
49,0.6,static,18.0,557.5619313131314,0.0681257014590348,1.2262626262626264,15.252836950029863,18.0,63.6,99.0,0.0,1.0,0,0.0,1.0
0,0.6,bsps,15.484,542.3786734693878,0.059355142809003295,0.9151836734693878,31.214285714285715,115.0,36.024,66.332,0.4690430003233107,0.7705743043220841,0,0.18687707641196014,1.0
1,0.6,bsps,14.96,549.7117333333334,0.06815241947594888,1.016969696969697,31.35853008377761,115.0,33.78,70.244,0.46135787397877737,0.771452374340461,0,0.17955064737242954,1.0
2,0.6,bsps,15.888,548.0147515151516,0.06253112432039161,0.9894545454545454,31.89668652271035,115.0,33.592,70.308,0.46228206456067666,0.7622816593886463,0,0.18670886075949367,1.0
3,0.6,bsps,14.32,543.2848,0.06487801736079046,0.9263265306122448,29.296354679802956,113.0,35.32,67.592,0.4649546086529811,0.775245163000265,0,0.18305418719211822,1.0
4,0.6,bsps,14.352,542.9402141414142,0.06451229260935143,0.9239191919191919,31.873242437153813,114.0,36.696,67.364,0.46717052432687767,0.7657835400225479,0,0.19791222837665104,1.0
5,0.6,bsps,14.944,543.0198416666668,0.061759520031303125,0.9214166666666667,29.022467320261438,114.0,34.956,66.428,0.4695706381983948,0.771729587357331,0,0.1721813725490196,1.0
6,0.6,bsps,15.4,546.2851717171718,0.06326795740856629,0.9694949494949495,32.02443420789105,115.0,34.196,68.516,0.46400540129968776,0.7666392769104355,0,0.1942719807730823,1.0
7,0.6,bsps,13.976,541.3348161616162,0.0642347859310426,0.8955151515151515,30.980216194166836,114.0,36.728,67.58,0.46663489037178263,0.7687056253413436,0,0.1947787069141342,1.0
8,0.6,bsps,17.18,542.216197979798,0.05293402676328373,0.9065858585858585,31.225460122699385,116.0,36.112,68.956,0.464999146320642,0.7672511312217195,0,0.178489263803681,1.0
9,0.6,bsps,15.732,542.1104848484848,0.05797752831755083,0.9077171717171717,32.763935810810814,116.0,36.92,67.668,0.46674182638105977,0.7721943048576214,0,0.1953125,1.0
10,0.6,bsps,15.648,546.4305737373738,0.06268146441526214,0.9734545454545455,31.1724,116.0,35.336,68.356,0.4668361451351976,0.7742106659591403,0,0.1856,1.0
11,0.6,bsps,16.64,543.5817414141414,0.05609384128274738,0.9325656565656566,31.776313161573796,116.0,36.112,68.644,0.46780692377271604,0.7640011979634621,0,0.18034751348112643,1.0
12,0.6,bsps,14.16,543.423701010101,0.06567268742348956,0.926909090909091,28.949939197405754,113.0,35.756,68.012,0.46947731369014967,0.7750071653768988,0,0.17430077016619375,1.0
13,0.6,bsps,14.944,544.9804646464647,0.06352186071009601,0.947878787878788,30.489567233384854,114.0,35.228,69.112,0.46614729740583083,0.777836272703343,0,0.18527820710973725,1.0
14,0.6,bsps,14.14,542.7835030303032,0.06530086025086025,0.9219393939393938,29.738430983118175,113.0,36.32,67.964,0.4685660466211443,0.7697349672271302,0,0.1817279046673287,1.0
15,0.6,bsps,14.188,543.6338383838385,0.06595515894285947,0.9324848484848485,29.50710022638403,114.0,36.436,69.168,0.4681762041992589,0.7707898658718331,0,0.17843177608561434,1.0
16,0.6,bsps,14.88,545.7170024691359,0.06500372777791079,0.9632098765432099,29.380885122410547,114.0,28.252,55.896,0.46763754045307443,0.7791754018169113,0,0.17278719397363465,1.0
17,0.6,bsps,15.756,545.9685541666666,0.061310472142917,0.9653333333333334,31.131195335276967,115.0,34.26,68.112,0.46472733742549593,0.7725847819891707,0,0.18700541441066224,1.0
18,0.6,bsps,15.884,543.8996323232325,0.05888761639881351,0.9339797979797979,30.816722146074017,114.0,35.576,68.924,0.46408977556109726,0.7688172043010753,0,0.18699823771294302,1.0
19,0.6,bsps,15.88,544.8136767676768,0.05996015886800201,0.9505858585858586,29.685802350221536,115.0,35.536,69.212,0.46795803066989505,0.7817174515235457,0,0.16990945867848198,1.0
20,0.6,bsps,14.088,546.1844323232323,0.06878402893402892,0.9680808080808081,30.55720213396562,114.0,34.896,68.9,0.4646415155969296,0.7682472029834843,0,0.18929065402094447,1.0
21,0.6,bsps,14.332,545.161591919192,0.06687246474064656,0.9553535353535353,30.11869495596477,114.0,35.504,67.664,0.4702282890091786,0.7654472794343683,0,0.1765412329863891,1.0
22,0.6,bsps,13.868,542.3209541666668,0.06610986912393162,0.916125,31.495341967734607,113.0,35.392,64.868,0.4687301587301587,0.7688235294117647,0,0.19722790274937516,1.0
23,0.6,bsps,15.416,546.821375,0.06392129513664441,0.98525,31.297348484848484,115.0,34.812,67.292,0.4684723540067282,0.7671840354767184,0,0.17634680134680134,1.0
24,0.6,bsps,14.456,545.313284848485,0.06653567695920637,0.9606464646464646,30.38192365269461,114.0,35.408,68.328,0.466033966033966,0.7663417431192661,0,0.17982784431137724,1.0
25,0.6,bsps,15.224,543.9550408163266,0.06155782862595588,0.9361632653061224,30.76675813406507,114.0,35.32,68.044,0.4652357669677633,0.7708389899538419,0,0.18835750686005487,1.0
26,0.6,bsps,16.292,540.4299030303031,0.05462920254076085,0.890949494949495,31.213395638629283,115.0,37.58,67.336,0.47134551495016613,0.7692567567567568,0,0.1855807743658211,1.0
27,0.6,bsps,14.412,545.2083515151515,0.06611699429836684,0.9498989898989898,28.554876807167584,113.0,34.824,69.164,0.4685516445470283,0.7735233006826951,0,0.17511708409692528,1.0
28,0.6,bsps,14.504,543.9408282828283,0.06404818014229778,0.9282828282828283,29.946771714066102,114.0,34.388,68.136,0.4666666666666667,0.7817218543046358,0,0.18197540353574174,1.0
29,0.6,bsps,14.9,544.4333656565657,0.06391108531990884,0.9501414141414141,29.08224148357186,114.0,36.552,69.392,0.46776636929809795,0.7731591448931117,0,0.1729490022172949,1.0
30,0.6,bsps,13.392,543.9338565217391,0.07092845180182136,0.9479565217391305,31.737701349586416,113.0,34.268,62.24,0.4673561732385262,0.7611144042679312,0,0.19394862864606008,1.0
31,0.6,bsps,13.468,544.9970101010102,0.07086871394598666,0.9528080808080809,29.051059730250483,113.0,35.704,68.808,0.4685847090879949,0.7748438387279954,0,0.17360308285163775,1.0
32,0.6,bsps,15.852,544.3437454545456,0.059633499558576955,0.9425454545454545,31.4665085951393,115.0,35.608,68.82,0.46435188914847336,0.7690904352358614,0,0.18988342224856747,1.0
33,0.6,bsps,15.368,546.6071393939394,0.06402548508136743,0.9823030303030302,30.003109452736318,114.0,35.968,69.9,0.46865919468659195,0.7656786271450858,0,0.1720563847429519,1.0
34,0.6,bsps,14.408,544.0522464646465,0.06547018330253625,0.9422222222222222,31.75278730703259,114.0,36.172,68.064,0.46822429906542057,0.7684210526315789,0,0.19318181818181818,1.0
35,0.6,bsps,19.308,542.2991636363637,0.046756924132368226,0.8985454545454545,32.729739776951675,117.0,34.82,69.544,0.462540415704388,0.7655474452554745,0,0.17992565055762083,1.0
36,0.6,bsps,15.716,539.9216625000001,0.055754202279202275,0.875,32.13722267871816,115.0,35.232,64.348,0.46892152499629136,0.7760084925690022,0,0.19309778142974526,1.0
37,0.6,bsps,16.3,547.54888,0.06102467337272292,0.9926736842105263,30.742461287693562,116.0,34.136,67.028,0.4692897386164219,0.7731782415326719,0,0.17053789731051344,1.0
38,0.6,bsps,13.98,544.171785858586,0.06781386441840988,0.9454141414141415,31.19063677841698,114.0,36.324,67.872,0.46668737381580994,0.7633903920485919,0,0.1916286451100972,1.0
39,0.6,bsps,14.824,543.6987838383839,0.06303251229525739,0.9330909090909091,30.4011544011544,114.0,35.724,68.736,0.4669655697487522,0.7745698454359872,0,0.18491032776747063,1.0
40,0.6,bsps,14.152,546.6522707070708,0.0693227873400779,0.9785050505050505,29.650586200269075,114.0,35.14,68.368,0.4685982247529727,0.7711608222490931,0,0.17105516048433597,1.0
41,0.6,bsps,14.972,544.9344646464647,0.06340712530026255,0.9485252525252525,32.112826603325416,115.0,34.756,67.884,0.46646662882166895,0.7726901062959934,0,0.191409342834521,1.0
42,0.6,bsps,14.164,544.3367434343435,0.06693700993995111,0.9461414141414141,31.092735042735043,114.0,36.616,68.136,0.4682527052832591,0.7671911421911422,0,0.19166666666666668,1.0
43,0.6,bsps,14.528,543.6992926315789,0.0646348163264686,0.9318736842105263,31.34246575342466,115.0,34.148,64.764,0.4660416190258404,0.7722236536975007,0,0.19820205479452055,1.0
44,0.6,bsps,15.088,541.5159797979799,0.06010940511920904,0.9047272727272727,31.993776824034335,115.0,37.556,67.976,0.467565682399442,0.7667500695023631,0,0.19527896995708155,1.0
45,0.6,bsps,13.86,544.0698181818182,0.06824969844969846,0.944969696969697,29.41492726122707,114.0,36.428,67.54,0.4708362614195362,0.7685562167240839,0,0.17436221800548177,1.0
46,0.6,bsps,15.556,544.8889755102041,0.06142288971883336,0.9536734693877551,30.524078178521055,115.0,35.368,68.044,0.46771653543307085,0.7737991266375546,0,0.17388676203908926,1.0
47,0.6,bsps,14.808,541.5842505050506,0.060523175081998615,0.89389898989899,30.96724625960372,114.0,36.156,68.124,0.4661848218895199,0.7678254250190307,0,0.1916700363930449,1.0
48,0.6,bsps,14.892,541.4773673469389,0.06054617526804613,0.8998775510204082,30.779753189709265,114.0,37.172,67.912,0.4665558786871624,0.7662337662337663,0,0.184898556787283,1.0
49,0.6,bsps,14.72,542.8642747474748,0.062446280734516024,0.9162828282828283,30.87079434600836,114.0,35.82,68.108,0.46682897139379187,0.7746369294605809,0,0.18913000199084212,1.0
0,0.6,ewma,15.436,543.0989959183675,0.060234618690352563,0.9268979591836735,29.43563122923588,114.0,36.224,67.024,0.4641819941916747,0.7921884317233154,0,0.16777408637873753,1.0
1,0.6,ewma,14.884,550.2389979797981,0.06920962918708017,1.0282828282828282,30.551980198019802,115.0,34.748,71.3,0.45313819307627357,0.7780562517404622,0,0.17231530845392232,1.0
2,0.6,ewma,15.948,548.8542666666666,0.0630796363766952,1.0037979797979797,29.997766195085628,115.0,34.104,71.292,0.455006882312457,0.7793712079426365,0,0.16734921816827997,1.0
3,0.6,ewma,14.448,543.7240775510205,0.06487205904339757,0.935265306122449,28.502660098522167,113.0,36.004,68.408,0.4578096947935368,0.7872397223705285,0,0.17320197044334976,1.0
4,0.6,ewma,14.332,543.4600767676767,0.06518292698586817,0.9328080808080809,29.97933532168726,114.0,37.04,67.988,0.4627755550325567,0.7836140451041964,0,0.17895185342991052,1.0
5,0.6,ewma,15.14,543.4023000000001,0.06132130063563887,0.92775,27.83026960784314,114.0,35.152,66.848,0.4632741985683162,0.788993525603296,0,0.15849673202614378,1.0
6,0.6,ewma,15.32,547.150892929293,0.06441378955486282,0.9848484848484848,30.12096935709994,115.0,34.736,69.552,0.4581824307251748,0.7866004962779156,0,0.17484478269577408,1.0
7,0.6,ewma,13.86,541.8658060606061,0.06535464467202436,0.9043232323232323,29.818682439322863,113.0,37.004,68.216,0.4596761390696936,0.778751369112815,0,0.18437691209463594,1.0
8,0.6,ewma,17.312,543.1837616161616,0.053409767425556906,0.9216565656565656,29.237730061349694,116.0,36.304,69.892,0.4597221038274657,0.7934072179596476,0,0.1575920245398773,1.0
9,0.6,ewma,15.812,542.6523474747476,0.05850025753400367,0.9181010101010101,31.08467060810811,116.0,37.572,68.532,0.45972857945876494,0.7879898505779532,0,0.17778716216216217,1.0
10,0.6,ewma,16.144,547.0502747474749,0.0611992328849914,0.9845656565656565,30.1846,116.0,35.872,69.196,0.4605738902992538,0.7856571580911756,0,0.1728,1.0
11,0.6,ewma,16.696,543.9677212121212,0.05642955867088994,0.9397171717171718,30.48012782105053,116.0,36.476,69.192,0.462428219852338,0.775226586102719,0,0.16616736568803675,1.0
12,0.6,ewma,13.98,543.7335151515152,0.06696573474060105,0.9336161616161617,28.20368869071747,113.0,36.444,68.704,0.46231430805316653,0.7884393063583816,0,0.16700445885691123,1.0
13,0.6,ewma,15.112,545.7763232323233,0.06374917717492537,0.9626262626262626,28.791537867078826,114.0,36.028,70.284,0.4569918308505526,0.7901168969181721,0,0.16769706336939721,1.0
14,0.6,ewma,14.384,543.3538222222223,0.0648734087263499,0.9322424242424242,28.588679245283018,113.0,36.816,68.724,0.46361143752448103,0.7793400286944046,0,0.16901688182720953,1.0
15,0.6,ewma,14.22,544.3002707070707,0.06651008370714254,0.9434343434343434,27.661452973862936,113.0,36.704,69.86,0.46252360233149986,0.7924073516119313,0,0.1597036427248405,1.0
16,0.6,ewma,14.848,546.4424098765433,0.06592716807520728,0.9766419753086419,27.810263653483993,114.0,28.852,56.74,0.45962294586147795,0.7986577181208053,0,0.15772128060263654,1.0
17,0.6,ewma,15.524,546.7522583333334,0.06314321117335824,0.9792916666666668,29.177634319033736,114.0,34.872,69.112,0.4573911501285803,0.7869277281888857,0,0.16847147022074135,1.0
18,0.6,ewma,15.916,544.2293050505051,0.05931949666356271,0.9421414141414141,29.7000195809673,114.0,36.56,69.86,0.45894719417315016,0.7840785169029444,0,0.17329156060309378,1.0
19,0.6,ewma,15.908,545.5805454545457,0.060655822463665604,0.9641212121212122,28.027740319784243,114.0,36.064,70.164,0.46054219290483467,0.7982628187167273,0,0.151415912155654,1.0
20,0.6,ewma,14.164,546.8210141414144,0.0692570282658518,0.9793939393939394,28.979845880260818,114.0,35.4,69.732,0.45718243298297073,0.7837402736785618,0,0.1726931436475005,1.0
21,0.6,ewma,14.368,545.8554101010102,0.0675071709336415,0.9673939393939394,27.828662930344276,114.0,35.952,68.496,0.46598293274876695,0.7911372792066935,0,0.15272217774219377,1.0
22,0.6,ewma,14.004,542.8282333333334,0.06614431280525031,0.9259166666666666,29.976823449216088,113.0,35.932,65.62,0.4653700189753321,0.7837112171837709,0,0.1822313110656669,1.0
23,0.6,ewma,15.508,547.2488291666667,0.06402611487436854,0.992375,30.274200336700336,115.0,34.996,67.744,0.46301724137931033,0.780952380952381,0,0.1656144781144781,1.0
24,0.6,ewma,14.504,546.08858989899,0.06725757967522673,0.9737373737373738,28.848615269461078,113.0,35.784,69.16,0.4597452335359254,0.7838922327314417,0,0.16429640718562874,1.0
25,0.6,ewma,15.168,544.6635551020408,0.06256543859301962,0.9476734693877551,28.15719325754606,114.0,35.612,68.792,0.4595442536327609,0.7938427707531611,0,0.16307330458643668,1.0
26,0.6,ewma,16.484,541.0694181818183,0.05479787947785884,0.903030303030303,29.474410324877613,115.0,38.352,68.388,0.46524952254421653,0.7852553263442679,0,0.16599910992434358,1.0
27,0.6,ewma,14.312,545.9997737373737,0.06749842020724374,0.9645252525252526,27.452657299938913,113.0,35.6,70.32,0.46252059308072485,0.7845238095238095,0,0.1633068621462024,1.0
28,0.6,ewma,14.652,544.5725535353537,0.0642663403045756,0.9403636363636364,28.180053804765564,114.0,35.2,69.188,0.45841140529531565,0.7940939597315436,0,0.16391237509607995,1.0
29,0.6,ewma,15.104,544.7625292929293,0.06339764687019589,0.9556767676767677,28.80407175972586,114.0,36.644,69.708,0.46215943491422806,0.7778439547349613,0,0.16750655109856882,1.0
30,0.6,ewma,13.624,544.8030391304349,0.07094645367420305,0.962,29.38789725729212,113.0,34.488,62.996,0.46192320103259116,0.7853309481216458,0,0.17022202873313017,1.0
31,0.6,ewma,13.8,545.4599757575759,0.06984706404706403,0.9618181818181818,28.755491329479767,113.0,36.272,69.56,0.4601379531600898,0.7766138165345413,0,0.16801541425818883,1.0
32,0.6,ewma,15.676,544.8305777777778,0.060811794655293114,0.9520808080808081,30.17862082592373,115.0,36.156,69.54,0.45692010930718535,0.7794117647058824,0,0.17704011065006917,1.0
33,0.6,ewma,15.592,547.1163676767677,0.0637675345351816,0.992929292929293,28.55700663349917,114.0,36.696,70.764,0.4635015328527633,0.7802577805721471,0,0.15671641791044777,1.0
34,0.6,ewma,14.492,544.849103030303,0.06605130773366068,0.9563232323232324,30.149228130360207,114.0,36.724,69.048,0.46153846153846156,0.7836747361887026,0,0.17645797598627788,1.0
35,0.6,ewma,19.536,543.4995757575759,0.04716637077280216,0.9185050505050505,30.054460966542752,117.0,35.42,70.96,0.4573243716048246,0.8031867807612865,0,0.15223048327137548,1.0
36,0.6,ewma,15.78,540.4227541666667,0.05612492384493159,0.8840833333333334,30.5626540673788,115.0,35.692,65.056,0.46305345772249373,0.7892628205128205,0,0.17584223500410848,1.0
37,0.6,ewma,16.444,548.34776,0.06126628126440576,1.0060631578947368,28.637530562347187,116.0,34.476,67.872,0.4647562885838017,0.7939247497411115,0,0.14812550937245314,1.0
38,0.6,ewma,13.988,544.995204040404,0.06865954421560483,0.9591111111111111,28.79845268795874,113.0,36.676,68.736,0.4626646010844307,0.7905292479108635,0,0.16623685776631622,1.0
39,0.6,ewma,14.736,544.4495313131313,0.06431893563952387,0.9464646464646466,29.213976499690787,114.0,36.344,69.756,0.45991882293252156,0.7888434579439252,0,0.17398474541331685,1.0
40,0.6,ewma,14.232,547.3506343434344,0.0698586251076447,0.9918383838383839,28.459734768402843,114.0,35.932,69.436,0.4617767730051076,0.7828847898397339,0,0.1583701710551605,1.0
41,0.6,ewma,14.828,545.5068525252526,0.06486700826406709,0.9601616161616162,31.254354711005544,114.0,35.616,68.912,0.4584682642487047,0.7785087719298246,0,0.18428345209817895,1.0
42,0.6,ewma,14.256,544.7350343434344,0.06678553298553298,0.9526868686868688,30.096367521367522,114.0,36.796,68.568,0.46267588838540424,0.7816427945045309,0,0.17927350427350427,1.0
43,0.6,ewma,14.528,544.3804842105263,0.06532443912812334,0.9449263157894737,29.34910102739726,115.0,34.92,65.78,0.4599226510957761,0.7894046682402308,0,0.1778681506849315,1.0
44,0.6,ewma,15.18,541.7504444444445,0.060017093400426734,0.9095353535353535,30.63068669527897,115.0,38.024,68.508,0.46333359091260334,0.7788704692329306,0,0.1811158798283262,1.0
45,0.6,ewma,13.856,544.5353373737374,0.06885777000777,0.9535757575757575,29.480708412397217,114.0,36.852,68.172,0.4642438452520516,0.7694227769110764,0,0.174573055028463,1.0
46,0.6,ewma,15.512,545.3920408163266,0.062162344388304765,0.9628163265306122,29.17005843239976,115.0,35.808,68.744,0.4628940183668404,0.7896278933489599,0,0.1603868627846061,1.0
47,0.6,ewma,14.768,542.0983111111112,0.06138274463372503,0.9026262626262627,29.274160938131825,114.0,36.524,68.804,0.4603618179143992,0.7883136852895951,0,0.17428224828143954,1.0
48,0.6,ewma,15.132,541.9564,0.060155927206047254,0.9089795918367347,29.9299309767831,115.0,37.952,68.896,0.45993031358885017,0.7820661636680208,0,0.17444049362058148,1.0
49,0.6,ewma,14.912,543.2273373737374,0.06204018483332209,0.924,29.539319131992833,114.0,36.5,68.868,0.4600878521660103,0.791622760800843,0,0.17360143340633089,1.0
0,0.7,static,19.0,558.6126367346939,0.06601933404940924,1.2543673469387755,15.176613392676511,19.0,64.072,98.0,0.0,1.0,0,0.0,1.0
1,0.7,static,18.0,563.9626383838385,0.07313804713804714,1.3164848484848486,16.630240413272404,18.0,59.668,99.0,0.0,1.0,0,0.0,1.0
2,0.7,static,20.0,563.8478545454547,0.06545858585858585,1.3091717171717172,16.923022723269334,20.0,57.392,99.0,0.0,1.0,0,0.0,1.0
3,0.7,static,18.0,558.5138489795919,0.06934920634920635,1.2482857142857142,14.414082816563313,18.0,62.668,98.0,0.0,1.0,0,0.0,1.0
4,0.7,static,19.0,558.2807838383839,0.06573950026581604,1.2490505050505052,15.568077176057882,19.0,65.344,99.0,0.0,1.0,0,0.0,1.0
5,0.7,static,19.0,558.4175708333335,0.06529166666666666,1.2405416666666667,14.464541181279378,19.0,60.908,96.0,0.0,1.0,0,0.0,1.0
6,0.7,static,21.0,561.8632323232323,0.061818181818181814,1.2981818181818183,17.345045965270685,21.0,61.48,99.0,0.0,1.0,0,0.0,1.0
7,0.7,static,18.0,557.4301696969696,0.06809652076318742,1.2257373737373736,15.233858267716535,18.0,63.652,99.0,0.0,1.0,0,0.0,1.0
8,0.7,static,22.0,555.5062868686867,0.05448301193755739,1.1986262626262627,17.91775663892192,22.0,64.336,99.0,0.0,1.0,0,0.0,1.0
9,0.7,static,21.0,557.0751191919193,0.0581972101972102,1.2221414141414144,18.160472972972972,21.0,65.008,99.0,0.0,1.0,0,0.0,1.0
10,0.7,static,22.0,562.1914626262626,0.05914967860422406,1.3012929292929294,16.54204718417047,22.0,62.172,99.0,0.0,1.0,0,0.0,1.0
11,0.7,static,22.0,560.2126909090911,0.05783471074380165,1.2723636363636366,17.924625098658247,22.0,62.036,99.0,0.0,1.0,0,0.0,1.0
12,0.7,static,19.0,556.7457656565658,0.06452950558213716,1.226060606060606,16.24541083916084,19.0,65.62,99.0,0.0,1.0,0,0.0,1.0
13,0.7,static,18.0,558.5546989898991,0.06905050505050506,1.242909090909091,14.308639523336643,18.0,62.952,99.0,0.0,1.0,0,0.0,1.0
14,0.7,static,18.0,559.8035515151515,0.07043546576879911,1.2678383838383838,15.267884322678844,18.0,62.484,99.0,0.0,1.0,0,0.0,1.0
15,0.7,static,18.0,558.2922505050506,0.06891582491582492,1.2404848484848485,15.649196956889265,18.0,63.192,99.0,0.0,1.0,0,0.0,1.0
16,0.7,static,20.0,562.505851851852,0.06545432098765432,1.3090864197530865,16.450782997762865,20.0,49.964,81.0,0.0,1.0,0,0.0,1.0
17,0.7,static,20.0,561.0465041666666,0.06385624999999999,1.277125,14.794517846578584,20.0,58.396,96.0,0.0,1.0,0,0.0,1.0
18,0.7,static,20.0,558.843195959596,0.06245454545454545,1.249090909090909,15.630670802636681,20.0,62.34,99.0,0.0,1.0,0,0.0,1.0
19,0.7,static,19.0,560.6902181818183,0.06728973950026583,1.2785050505050508,16.15156189741612,19.0,61.428,99.0,0.0,1.0,0,0.0,1.0
20,0.7,static,18.0,562.5879191919192,0.07222446689113356,1.3000404040404039,15.397042513863216,18.0,60.296,99.0,0.0,1.0,0,0.0,1.0
21,0.7,static,18.0,560.8034262626263,0.07145230078563414,1.2861414141414143,15.140132503513351,18.0,63.672,99.0,0.0,1.0,0,0.0,1.0
22,0.7,static,17.0,558.8742666666667,0.07425980392156861,1.2624166666666665,14.700551267916207,17.0,62.808,96.0,0.0,1.0,0,0.0,1.0
23,0.7,static,19.0,563.5783083333333,0.06968421052631579,1.324,17.56847649918963,19.0,58.896,96.0,0.0,1.0,0,0.0,1.0
24,0.7,static,18.0,561.1470626262627,0.0719236812570146,1.2946262626262628,15.855609939759036,18.0,62.832,99.0,0.0,1.0,0,0.0,1.0
25,0.7,static,18.0,557.732575510204,0.0688140589569161,1.2386530612244897,14.274812343619683,18.0,63.612,98.0,0.0,1.0,0,0.0,1.0
26,0.7,static,20.0,555.8950868686869,0.06125252525252525,1.2250505050505052,16.222272215973003,20.0,66.72,99.0,0.0,1.0,0,0.0,1.0
27,0.7,static,19.0,560.7654666666668,0.06675810738968634,1.2684040404040406,13.911204650230507,19.0,60.428,99.0,0.0,1.0,0,0.0,1.0
28,0.7,static,18.0,558.6182181818183,0.06887317620650955,1.2397171717171716,14.967869110979697,18.0,62.268,99.0,0.0,1.0,0,0.0,1.0
29,0.7,static,18.0,560.5939757575758,0.07127048260381594,1.282868686868687,14.888933520787306,18.0,61.996,99.0,0.0,1.0,0,0.0,1.0
30,0.7,static,19.0,559.3111521739131,0.06778718535469108,1.2879565217391304,17.28723404255319,19.0,62.508,92.0,0.0,1.0,0,0.0,1.0
31,0.7,static,17.0,560.6886747474748,0.07529649435531789,1.280040404040404,15.306975860102643,17.0,62.276,99.0,0.0,1.0,0,0.0,1.0
32,0.7,static,20.0,559.3718222222224,0.06313535353535352,1.2627070707070707,16.767582861762328,20.0,62.992,99.0,0.0,1.0,0,0.0,1.0
33,0.7,static,19.0,560.3488000000001,0.0677044125465178,1.2863838383838384,16.532899022801303,19.0,63.648,99.0,0.0,1.0,0,0.0,1.0
34,0.7,static,18.0,559.3801171717172,0.0705297418630752,1.2695353535353533,15.860496014171833,18.0,64.316,99.0,0.0,1.0,0,0.0,1.0
35,0.7,static,24.0,555.7120929292929,0.0494023569023569,1.1856565656565659,18.84160942100098,24.0,61.62,99.0,0.0,1.0,0,0.0,1.0
36,0.7,static,21.0,554.9302833333334,0.05721031746031747,1.2014166666666668,17.802933278248297,21.0,64.664,96.0,0.0,1.0,0,0.0,1.0
37,0.7,static,21.0,562.3759494736843,0.062123308270676685,1.3045894736842105,17.41141449394375,21.0,59.064,95.0,0.0,1.0,0,0.0,1.0
38,0.7,static,17.0,560.8743919191919,0.07585502079619727,1.2895353535353535,14.777263581488933,17.0,63.336,99.0,0.0,1.0,0,0.0,1.0
39,0.7,static,19.0,559.5103555555555,0.0664093567251462,1.2617777777777779,15.779158316633266,19.0,62.084,99.0,0.0,1.0,0,0.0,1.0
40,0.7,static,18.0,562.6912808080809,0.0729517396184063,1.3131313131313131,15.827507598784194,18.0,62.0,99.0,0.0,1.0,0,0.0,1.0
41,0.7,static,19.0,560.2999676767677,0.06710047846889952,1.2749090909090908,16.79730510105871,19.0,62.784,99.0,0.0,1.0,0,0.0,1.0
42,0.7,static,17.0,559.752791919192,0.07472846108140226,1.2703838383838384,15.186295054484493,17.0,64.232,99.0,0.0,1.0,0,0.0,1.0
43,0.7,static,20.0,558.1409010526316,0.06238315789473684,1.247663157894737,15.08143469433792,20.0,62.472,95.0,0.0,1.0,0,0.0,1.0
44,0.7,static,19.0,558.271995959596,0.06553322700691121,1.245131313131313,16.036729611952687,19.0,63.732,99.0,0.0,1.0,0,0.0,1.0
45,0.7,static,17.0,560.9353737373739,0.07615686274509804,1.2946666666666666,15.254630571951964,17.0,63.828,99.0,0.0,1.0,0,0.0,1.0
46,0.7,static,19.0,559.7476000000001,0.0671235230934479,1.2753469387755103,16.49362402303579,19.0,63.016,98.0,0.0,1.0,0,0.0,1.0
47,0.7,static,19.0,556.495292929293,0.0631812865497076,1.2004444444444444,16.03692614770459,19.0,63.156,99.0,0.0,1.0,0,0.0,1.0
48,0.7,static,18.0,556.6928285714285,0.06761224489795918,1.2170204081632654,14.998740818467995,18.0,63.732,98.0,0.0,1.0,0,0.0,1.0
49,0.7,static,18.0,556.5298909090909,0.06742087542087542,1.2135757575757578,15.28954918032787,18.0,64.856,99.0,0.0,1.0,0,0.0,1.0
0,0.7,bsps,15.64,542.9827224489796,0.05932018450526538,0.9228979591836735,27.98867084766336,114.0,35.608,66.508,0.4731738849385908,0.7996443390634262,0,0.15213433137770585,1.0
1,0.7,bsps,14.732,549.0818383838384,0.06846639950463479,1.0064646464646465,28.151599443671767,115.0,33.788,69.68,0.4696955846055398,0.7988523104802174,0,0.14921517981323265,1.0
2,0.7,bsps,16.108,549.5003757575757,0.06273591286594382,1.0083636363636364,27.752510128589044,115.0,32.212,70.6,0.46792683994049183,0.8080041851948732,0,0.14549938347718866,1.0
3,0.7,bsps,14.168,543.4356448979592,0.06564872168647679,0.9286938775510205,26.13002600520104,113.0,35.364,67.688,0.47170723843301626,0.8066221480244853,0,0.15083016603320665,1.0
4,0.7,bsps,14.084,542.6617696969698,0.0653835842806431,0.9194747474747476,28.63648322736242,114.0,36.672,67.12,0.4734516704131463,0.7954613317408181,0,0.167068625301469,1.0
5,0.7,bsps,15.108,543.7569833333334,0.06171819392821232,0.9295,25.228080931943595,113.0,34.148,66.42,0.476511610085064,0.8109965635738832,0,0.13345595749029227,1.0
6,0.7,bsps,15.324,546.5081898989899,0.06357279445318662,0.9719595959595958,27.345454545454544,114.0,33.94,68.504,0.4741799553829629,0.8148366205475419,0,0.14606741573033707,1.0
7,0.7,bsps,14.02,542.4353939393941,0.0650074241662477,0.910020202020202,27.446456692913387,113.0,35.872,67.936,0.4704134885588117,0.8044795783926219,0,0.16043307086614172,1.0
8,0.7,bsps,17.096,540.8560080808082,0.05203144865301728,0.8872727272727272,27.78339278636544,115.0,36.388,68.1,0.47354763100619457,0.8078087167070218,0,0.1458581054300436,1.0
9,0.7,bsps,15.664,542.2156000000001,0.05831848057916169,0.9099797979797979,29.58783783783784,116.0,37.14,67.888,0.47249165209095245,0.7983635300993571,0,0.16279560810810811,1.0
10,0.7,bsps,15.94,547.040501010101,0.062000587596098444,0.9821818181818183,27.91343226788432,116.0,35.072,68.712,0.4706928549334983,0.8035620743844945,0,0.1537290715372907,1.0
11,0.7,bsps,16.676,544.7657979797981,0.057070446781747095,0.9478383838383839,28.753749013417522,116.0,35.256,68.86,0.47155963302752296,0.8054131054131054,0,0.14936858721389107,1.0
12,0.7,bsps,14.128,541.637785858586,0.06411184828243652,0.9024646464646464,26.289772727272727,113.0,36.484,67.172,0.47641509433962265,0.8000643915003219,0,0.14838286713286714,1.0
13,0.7,bsps,14.788,544.0701373737375,0.06326741548212136,0.934909090909091,26.33366434955313,113.0,35.388,68.6,0.4743307086614173,0.8152112676056338,0,0.1451837140019861,1.0
14,0.7,bsps,14.156,544.5755797979799,0.06694287009287009,0.9465050505050506,26.249809741248097,113.0,35.4,68.768,0.4719038522763451,0.8071079761258817,0,0.14745053272450534,1.0
15,0.7,bsps,14.156,543.3060040404041,0.0656330277961294,0.9253737373737373,26.98013524936602,113.0,35.94,68.5,0.4753345155569886,0.8009049773755657,0,0.1521555367709214,1.0
16,0.7,bsps,14.776,546.8446913580248,0.06627568154833949,0.9771358024691358,26.670246085011186,114.0,27.536,56.088,0.4706661234467305,0.8049113233287858,0,0.14541387024608501,1.0
17,0.7,bsps,15.856,546.7380208333334,0.06164320874183007,0.9767083333333334,26.899033721159533,114.0,34.032,68.58,0.46994631699375167,0.7998228520814881,0,0.14573062512324986,1.0
18,0.7,bsps,15.892,543.9245777777778,0.058874451707372245,0.9334141414141414,26.518999612252813,114.0,35.124,68.728,0.47382474310219275,0.8074314361545267,0,0.14443582784024817,1.0
19,0.7,bsps,15.848,545.6355797979799,0.060702703505644676,0.9612121212121213,26.825106054762824,114.0,35.016,69.456,0.4734470550370132,0.8143896976483762,0,0.1407635942923255,1.0
20,0.7,bsps,14.008,547.7504161616164,0.07069422244422245,0.9892525252525253,26.33142329020333,113.0,34.144,69.6,0.47041444398851046,0.8102228047182176,0,0.1467652495378928,1.0
21,0.7,bsps,14.324,545.5026707070707,0.0674235527692747,0.9582222222222222,26.538847620959647,114.0,34.784,67.46,0.47684284268700866,0.8090707262924199,0,0.14153784380646456,1.0
22,0.7,bsps,14.092,543.0350666666667,0.06577243017399266,0.9267916666666668,28.517530319735393,113.0,35.184,65.344,0.4719949153888933,0.7960738353354819,0,0.16670341786108048,1.0
23,0.7,bsps,15.5,548.7808083333333,0.06514595060780723,1.00975,27.469611021069692,115.0,33.372,67.732,0.4742970501983785,0.8095690747782003,0,0.13776337115072934,1.0
24,0.7,bsps,14.384,545.5353535353537,0.06702658115305174,0.9627878787878789,26.75112951807229,113.0,34.996,68.228,0.4732987739652761,0.8048999103674933,0,0.14476656626506024,1.0
25,0.7,bsps,15.032,542.7118734693879,0.0613435273010303,0.9208571428571429,27.54670558798999,114.0,36.548,67.888,0.4724236252545825,0.8040287769784172,0,0.1574228523769808,1.0
26,0.7,bsps,16.296,540.3173777777779,0.05468834682498253,0.8907070707070708,26.60607424071991,114.0,38.104,67.644,0.4793542629999189,0.8121960344182566,0,0.13970753655793025,1.0
27,0.7,bsps,14.48,546.6648848484849,0.06719048380813086,0.9703030303030303,25.15033072760072,113.0,34.22,69.864,0.47407957734852235,0.8136444181925576,0,0.14151132491481258,1.0
28,0.7,bsps,14.436,543.7551070707071,0.06427281748752336,0.9267474747474749,26.845259215454366,113.0,34.7,68.232,0.4717179052691035,0.8073191017466038,0,0.15276956436033906,1.0
29,0.7,bsps,15.172,545.1953737373739,0.06327595958870469,0.9594343434343434,27.072303675436835,113.0,35.884,69.512,0.47175069673169495,0.8025814021707246,0,0.1502309700743121,1.0
30,0.7,bsps,13.52,542.4862521739132,0.06878732000097089,0.9282608695652174,28.300416281221093,113.0,34.864,61.632,0.475555906008516,0.7966101694915254,0,0.15795559666975023,1.0
31,0.7,bsps,13.492,545.3846101010101,0.07110452459997915,0.9568080808080809,26.202052841665083,113.0,35.08,68.668,0.4727809706257982,0.8055875576036866,0,0.14521954001140466,1.0
32,0.7,bsps,15.548,544.0720080808082,0.06052683049473555,0.9371717171717171,27.804769603880356,114.0,35.14,68.22,0.4720068906115418,0.7967806841046278,0,0.154607922392886,1.0
33,0.7,bsps,15.544,545.2472565656566,0.06208096235645256,0.9633131313131315,26.9057546145494,114.0,36.596,69.276,0.4763373650458641,0.8027976799727056,0,0.14071661237785016,1.0
34,0.7,bsps,14.556,543.4859797979798,0.0642029781765076,0.9338585858585859,27.79229406554473,114.0,36.248,67.688,0.4758185142097391,0.8031018206338503,0,0.15234720992028344,1.0
35,0.7,bsps,19.152,541.302298989899,0.046443936604549804,0.8857777777777778,29.765260058881257,117.0,35.384,69.18,0.4706731636888648,0.7948232323232324,0,0.15093228655544652,1.0
36,0.7,bsps,15.88,539.5317583333333,0.0549448035250425,0.8700833333333332,28.227845486469736,115.0,35.496,64.264,0.4754314126937701,0.8102965864577504,0,0.15203470357364182,1.0
37,0.7,bsps,16.644,547.36392,0.05945365164717781,0.9889263157894737,28.046191747074523,116.0,33.832,66.7,0.4737131342736765,0.797316384180791,0,0.14083350441387804,1.0
38,0.7,bsps,13.92,544.9300888888889,0.0686977823523278,0.955030303030303,28.52394366197183,113.0,35.888,68.108,0.4721542227662179,0.7887981330221704,0,0.1647887323943662,1.0
39,0.7,bsps,14.644,544.380505050505,0.06455758783699961,0.9437575757575758,26.681563126252506,113.0,35.732,69.32,0.47328435465019203,0.8040953545232273,0,0.14989979959919839,1.0
40,0.7,bsps,14.512,547.1809292929294,0.06842458768207431,0.986909090909091,26.937310030395135,114.0,35.104,68.832,0.47215923406399596,0.7992820819623093,0,0.14437689969604864,1.0
41,0.7,bsps,14.952,544.5656888888889,0.06319608782647998,0.9439191919191919,28.72781520692974,114.0,34.904,67.784,0.4714538436796398,0.7993827160493827,0,0.1582290664100096,1.0
42,0.7,bsps,14.228,544.3154303030304,0.06647778265505538,0.9444444444444444,28.229253981559093,114.0,36.268,67.872,0.4728872681147931,0.7959243945658594,0,0.1615674769488684,1.0
43,0.7,bsps,14.344,542.7574905263159,0.06466459881363906,0.9194105263157896,26.91766298217911,114.0,34.652,64.468,0.47541227157926014,0.8140192198982475,0,0.1570042860365441,1.0
44,0.7,bsps,15.124,543.0647919191921,0.06123368363662481,0.9253333333333333,28.32869890018676,114.0,36.6,68.576,0.47189960246316937,0.803868155815854,0,0.16019921145465865,1.0
45,0.7,bsps,13.656,545.2598383838385,0.0704492895992896,0.9606060606060605,27.0225931202931,113.0,35.636,67.932,0.4734516765285996,0.7966917293233082,0,0.15245267657235906,1.0
46,0.7,bsps,15.328,543.9773918367347,0.061432922912754845,0.9404081632653063,27.521596051007815,114.0,35.532,67.488,0.4737785016286645,0.8015527950310559,0,0.14520773344302756,1.0
47,0.7,bsps,15.072,542.4511717171717,0.06011980325411699,0.9046868686868688,27.758882235528944,114.0,35.5,68.312,0.4716911764705882,0.803076923076923,0,0.15768463073852296,1.0
48,0.7,bsps,14.992,541.7059469387756,0.06033006290428259,0.9023265306122448,27.672822665267574,114.0,36.932,67.912,0.4737014047696831,0.7997542997542998,0,0.15236096537250787,1.0
49,0.7,bsps,14.74,541.8627474747476,0.06162051506953468,0.9025858585858587,26.91782786885246,113.0,36.432,67.672,0.47560975609756095,0.8097982708933718,0,0.14795081967213114,1.0
0,0.7,ewma,15.82,543.980293877551,0.05956445139459293,0.94,25.509002629981794,114.0,36.196,67.66,0.4658779977466602,0.8375451263537906,0,0.1266437386202711,1.0
1,0.7,ewma,14.856,550.278997979798,0.06934339124927359,1.0273939393939395,25.967613749254916,114.0,34.54,71.092,0.4613493580988801,0.8316498316498316,0,0.12437909795350685,1.0
2,0.7,ewma,16.372,550.4873454545456,0.06270728534546903,1.025939393939394,25.83670952968117,115.0,33.024,71.936,0.45666201604464596,0.8365943945002644,0,0.12259996477012507,1.0
3,0.7,ewma,14.304,543.8451877551022,0.06564441952605217,0.9377142857142856,25.069413882776555,113.0,36.192,68.596,0.46216933344054034,0.8245860230143138,0,0.13882776555311063,1.0
4,0.7,ewma,14.656,543.6425575757576,0.0641113729407847,0.9373333333333332,25.988160491120368,114.0,37.552,68.476,0.4672485709871775,0.8314164648910412,0,0.13659285244463934,1.0
5,0.7,ewma,15.096,544.3351875,0.06234104281135531,0.9395833333333332,24.16779072143879,113.0,34.524,67.128,0.46798255680514117,0.8301352626612142,0,0.12180666257919477,1.0
6,0.7,ewma,15.736,547.373696969697,0.06297717358702912,0.9868282828282829,25.19652706843718,114.0,34.436,69.492,0.4651277823577906,0.8421364985163204,0,0.12359550561797752,1.0
7,0.7,ewma,14.112,543.3534464646465,0.06567247752247753,0.926141414141414,25.375984251968504,113.0,36.58,69.188,0.46011532916866893,0.8320935175345378,0,0.13858267716535433,1.0
8,0.7,ewma,17.408,542.0058343434345,0.05226059702633489,0.9077575757575758,25.608600871977803,115.0,37.376,69.704,0.4661151499958218,0.837953091684435,0,0.12108600871977804,1.0
9,0.7,ewma,15.828,543.2649616161617,0.058833779880632306,0.9273535353535354,26.89674831081081,115.0,37.612,69.012,0.46378421261404207,0.8324005891016201,0,0.13407939189189189,1.0
10,0.7,ewma,16.068,548.5668565656566,0.06288356375688678,1.007030303030303,24.637747336377473,115.0,35.624,70.26,0.46274994209835557,0.8448775348959705,0,0.11948249619482496,1.0
11,0.7,ewma,16.856,545.6929656565658,0.057368918930322435,0.9637575757575757,26.90923441199684,115.0,35.892,70.032,0.4622610141313383,0.8317002881844381,0,0.1292423046566693,1.0
12,0.7,ewma,14.416,542.3420484848485,0.06380864227869575,0.9148686868686868,24.2111013986014,113.0,36.976,68.06,0.47015945330296127,0.8324675324675325,0,0.1256555944055944,1.0
13,0.7,ewma,14.796,545.0136202020203,0.0642394322453146,0.9505050505050504,23.859980139026813,113.0,35.768,69.636,0.4646472573177431,0.8431708012546336,0,0.12015888778550149,1.0
14,0.7,ewma,14.204,545.4192525252527,0.06765775335775337,0.9604848484848485,24.16476407914764,113.0,35.776,69.684,0.4634378721714966,0.8333789329685363,0,0.12576103500761035,1.0
15,0.7,ewma,14.364,544.7834222222222,0.06641135817044908,0.9521212121212121,23.898140321217245,113.0,37.196,70.464,0.4673580961569384,0.8334421946440235,0,0.11897717666948436,1.0
16,0.7,ewma,15.04,548.1029382716049,0.06698645196658037,0.9998024691358024,22.99798657718121,113.0,28.348,57.392,0.4619042800768997,0.8542029996512034,0,0.10626398210290827,1.0
17,0.7,ewma,16.012,547.7907541666666,0.06218355654761905,0.99525,23.957010451587458,114.0,34.736,69.852,0.46097860399859697,0.8416019127316199,0,0.11398146322224413,1.0
18,0.7,ewma,16.04,544.4963959595959,0.058890912391892786,0.9435959595959595,25.176424970918962,114.0,35.604,69.516,0.46405808793868497,0.8184798807749627,0,0.13008918185343157,1.0
19,0.7,ewma,16.02,546.6453212121213,0.06114713198547048,0.9777373737373737,24.40320092556884,114.0,35.376,70.476,0.46427999359282396,0.8474672737620945,0,0.11396066332433474,1.0
20,0.7,ewma,14.324,548.6991555555556,0.07025606985606987,1.004,23.315157116451015,113.0,34.292,70.416,0.4623673469387755,0.8504,0,0.11589648798521257,1.0
21,0.7,ewma,14.412,546.3604242424243,0.06809870347517406,0.9747878787878788,24.013852640032123,113.0,35.804,68.8,0.4694257149500116,0.8385534388117533,0,0.11584019273238305,1.0
22,0.7,ewma,14.204,543.9280583333333,0.06641738209706959,0.94225,26.08269018743109,113.0,35.744,66.392,0.46561014263074485,0.8218934911242604,0,0.14134509371554577,1.0
23,0.7,ewma,15.676,549.2238375000002,0.06500690943043884,1.018375,26.086507293354945,115.0,33.884,68.416,0.46616218075500904,0.8289009932713873,0,0.12317666126418152,1.0
24,0.7,ewma,14.5,546.3107434343435,0.067404710431181,0.9766868686868686,25.428840361445783,113.0,35.604,69.232,0.46305580669022767,0.8229822982298229,0,0.1302710843373494,1.0
25,0.7,ewma,15.184,543.6614489795919,0.06180163076219499,0.9370204081632653,24.739157631359465,113.0,37.064,68.996,0.46495004467549345,0.8383250945042163,0,0.1292743953294412,1.0
26,0.7,ewma,16.372,540.9411070707072,0.05511970403941508,0.9016969696969698,24.21552305961755,114.0,38.388,68.292,0.4720064724919094,0.8333333333333334,0,0.1156355455568054,1.0
27,0.7,ewma,14.404,547.2226424242426,0.06821067973420912,0.9813333333333334,23.335738624974944,112.0,35.048,70.872,0.463641604216421,0.8337801608579088,0,0.12287031469232311,1.0
28,0.7,ewma,14.58,544.5619232323232,0.06448705956353015,0.9397979797979799,23.90676128523556,113.0,34.984,69.088,0.4627177141022554,0.8401581474159842,0,0.12241277350680072,1.0
29,0.7,ewma,15.332,546.2211555555556,0.06373068413068413,0.9762424242424242,25.048403293834102,113.0,36.2,70.528,0.4618175681377099,0.8273021476904973,0,0.1287407109861418,1.0
30,0.7,ewma,13.992,543.1761434782609,0.06781607314609232,0.9418695652173914,26.359851988899166,113.0,35.692,62.672,0.4666666666666667,0.8213464696223317,0,0.13899167437557816,1.0
31,0.7,ewma,13.66,546.3407151515152,0.07130478965478966,0.9722020202020202,23.751758220870556,113.0,35.344,69.596,0.4652882703777336,0.8382481751824817,0,0.11993917506177533,1.0
32,0.7,ewma,15.648,545.1182181818183,0.06130668780632661,0.956969696969697,24.888641875505254,114.0,36.332,69.864,0.4642244738893219,0.8312865497076023,0,0.12429264349232012,1.0
33,0.7,ewma,15.712,545.8679757575758,0.062378068989833696,0.9755151515151514,25.271661237785015,114.0,37.364,70.268,0.4696074463779846,0.827979274611399,0,0.1239956568946797,1.0
34,0.7,ewma,14.34,544.5444242424243,0.06659889696360285,0.9525656565656566,25.780558015943313,113.0,36.948,68.976,0.46749688667496886,0.8260575296108291,0,0.13330380868024802,1.0
35,0.7,ewma,19.532,542.6214101010103,0.046586013927410255,0.9062222222222222,26.702845927379784,116.0,35.656,70.42,0.464327485380117,0.8443381180223285,0,0.11678115799803729,1.0
36,0.7,ewma,16.048,540.1883083333333,0.0550099612286435,0.882,26.347035736418096,115.0,36.144,65.224,0.46771251368113825,0.8330042313117066,0,0.13137781450113614,1.0
37,0.7,ewma,16.844,548.7337221052633,0.06017180779407437,1.0118315789473684,25.274686922603163,115.0,34.408,68.1,0.467075178342784,0.8387784090909091,0,0.11188667624717717,1.0
38,0.7,ewma,14.032,546.3070343434343,0.06969441630858741,0.9765656565656566,24.474446680080483,113.0,36.044,69.264,0.4675572519083969,0.84,0,0.12233400402414486,1.0
39,0.7,ewma,14.892,545.417785858586,0.06455854907619613,0.9606464646464646,24.25070140280561,113.0,36.116,70.396,0.464856762158561,0.8346699568167798,0,0.12304609218436874,1.0
40,0.7,ewma,14.264,548.4431555555556,0.0710321469380293,1.0097373737373736,24.351823708206688,113.0,36.204,70.552,0.4629303845187233,0.8348928463628131,0,0.11816109422492402,1.0
41,0.7,ewma,15.16,545.5557373737374,0.06339870195164311,0.9603636363636365,26.427333974975937,114.0,35.36,68.884,0.46310391795529204,0.8246660983233873,0,0.13493743984600579,1.0
42,0.7,ewma,14.16,545.5992888888889,0.06839703999704,0.9665454545454545,25.685247275775357,113.0,37.044,69.38,0.4644864993269459,0.8294274695935924,0,0.13621123218776193,1.0
43,0.7,ewma,14.772,543.5163578947368,0.06379649200074816,0.9333894736842105,24.91134671779833,114.0,35.376,65.508,0.46744203274316615,0.8380462724935732,0,0.13467177983307016,1.0
44,0.7,ewma,15.208,543.9226626262626,0.0620327258797847,0.9402424242424242,26.154388877360446,114.0,37.164,69.616,0.4640746500777605,0.8310439560439561,0,0.13716538700975306,1.0
45,0.7,ewma,13.956,545.9231919191919,0.06969486994486994,0.9718383838383838,25.070425401994708,113.0,35.948,68.652,0.4653395231725549,0.8277119416590701,0,0.13026663952778345,1.0
46,0.7,ewma,15.384,544.8172204081634,0.062093080858717106,0.9535510204081633,25.68716577540107,114.0,35.572,68.144,0.46712718407151566,0.8297339593114241,0,0.12669683257918551,1.0
47,0.7,ewma,15.02,543.3384040404042,0.06135698353933648,0.920040404040404,25.59760479041916,113.0,36.12,69.428,0.4635344132522173,0.829919626652839,0,0.13552894211576846,1.0
48,0.7,ewma,15.464,542.685893877551,0.05970479393222491,0.9186938775510205,25.526128016789087,114.0,37.624,69.24,0.466324200913242,0.830655129789864,0,0.12633788037775445,1.0
49,0.7,ewma,14.612,542.7756606060607,0.06290357659769424,0.918909090909091,24.645901639344263,113.0,37.128,68.84,0.4663521780791627,0.8330905913195455,0,0.1264344262295082,1.0
0,0.8,static,19.0,558.2728000000001,0.06579591836734694,1.250122448979592,15.105166802278275,19.0,64.488,98.0,0.0,1.0,0,0.0,1.0
1,0.8,static,18.0,564.1908242424244,0.07325925925925926,1.3186666666666664,16.67751004016064,18.0,59.452,99.0,0.0,1.0,0,0.0,1.0
2,0.8,static,20.0,563.8153090909091,0.06547272727272727,1.3094545454545454,16.836879432624112,20.0,57.364,99.0,0.0,1.0,0,0.0,1.0
3,0.8,static,18.0,557.8054897959184,0.06886394557823129,1.2395510204081635,14.460062565172054,18.0,63.524,98.0,0.0,1.0,0,0.0,1.0
4,0.8,static,19.0,559.6383111111112,0.06657735247208932,1.264969696969697,15.427480916030534,19.0,63.768,99.0,0.0,1.0,0,0.0,1.0
5,0.8,static,19.0,558.525075,0.06538157894736843,1.24225,14.453996376082141,19.0,60.744,96.0,0.0,1.0,0,0.0,1.0
6,0.8,static,21.0,561.9289050505051,0.06186435786435787,1.299151515151515,17.39724680432645,21.0,61.384,99.0,0.0,1.0,0,0.0,1.0
7,0.8,static,18.0,556.462286868687,0.06748372615039283,1.2147070707070706,15.22682569575225,18.0,64.744,99.0,0.0,1.0,0,0.0,1.0
8,0.8,static,22.0,553.9607797979799,0.05360330578512396,1.1792727272727273,17.899914821124362,22.0,66.252,99.0,0.0,1.0,0,0.0,1.0
9,0.8,static,21.0,556.4226060606062,0.057822029822029816,1.2142626262626264,18.230999146029035,21.0,65.788,99.0,0.0,1.0,0,0.0,1.0
10,0.8,static,22.0,560.8898707070707,0.0584811753902663,1.2865858585858587,16.656892080590463,22.0,63.628,99.0,0.0,1.0,0,0.0,1.0
11,0.8,static,22.0,558.4913818181819,0.05692011019283747,1.252242424242424,18.07818332642057,22.0,64.028,99.0,0.0,1.0,0,0.0,1.0
12,0.8,static,19.0,555.8194303030305,0.06399787347155768,1.215959595959596,16.158307893589186,19.0,66.62,99.0,0.0,1.0,0,0.0,1.0
13,0.8,static,18.0,558.3238585858587,0.06891358024691357,1.2404444444444445,14.308257244938467,18.0,63.196,99.0,0.0,1.0,0,0.0,1.0
14,0.8,static,18.0,559.6742626262626,0.07036139169472502,1.2665050505050506,15.147970903522205,18.0,62.616,99.0,0.0,1.0,0,0.0,1.0
15,0.8,static,18.0,559.2500969696971,0.06955106621773288,1.2519191919191919,15.534786085565774,18.0,62.06,99.0,0.0,1.0,0,0.0,1.0
16,0.8,static,20.0,562.3793679012347,0.06539259259259259,1.3078518518518518,16.315672799822657,20.0,50.064,81.0,0.0,1.0,0,0.0,1.0
17,0.8,static,20.0,560.8217250000001,0.06377916666666666,1.2755833333333333,14.891444162931203,20.0,58.544,96.0,0.0,1.0,0,0.0,1.0
18,0.8,static,20.0,557.1908727272728,0.06151313131313131,1.2302626262626264,15.39005897219882,20.0,64.204,99.0,0.0,1.0,0,0.0,1.0
19,0.8,static,19.0,559.421292929293,0.06653907496012759,1.2642424242424242,16.117290192113245,19.0,62.84,99.0,0.0,1.0,0,0.0,1.0
20,0.8,static,18.0,563.2380161616163,0.0726172839506173,1.3071111111111111,15.484931506849316,18.0,59.596,99.0,0.0,1.0,0,0.0,1.0
21,0.8,static,18.0,561.1724767676768,0.0717037037037037,1.2906666666666664,15.107402316905556,18.0,63.224,99.0,0.0,1.0,0,0.0,1.0
22,0.8,static,17.0,560.2505916666668,0.07519117647058823,1.27825,14.690566835871405,17.0,61.288,96.0,0.0,1.0,0,0.0,1.0
23,0.8,static,19.0,563.5244125,0.0696469298245614,1.3232916666666665,17.62494741270509,19.0,58.964,96.0,0.0,1.0,0,0.0,1.0
24,0.8,static,18.0,561.3577090909091,0.07206509539842876,1.2971717171717174,15.837466615795497,18.0,62.58,99.0,0.0,1.0,0,0.0,1.0
25,0.8,static,18.0,558.6908000000001,0.06939682539682539,1.249142857142857,14.2525110486139,18.0,62.584,98.0,0.0,1.0,0,0.0,1.0
26,0.8,static,20.0,555.3321131313131,0.06092929292929293,1.2185858585858587,16.268967147246514,20.0,67.36,99.0,0.0,1.0,0,0.0,1.0
27,0.8,static,19.0,561.5704363636365,0.0672514619883041,1.277777777777778,13.817228464419475,19.0,59.5,99.0,0.0,1.0,0,0.0,1.0
28,0.8,static,18.0,559.3660161616162,0.06934904601571269,1.2482828282828282,14.942982456140351,18.0,61.42,99.0,0.0,1.0,0,0.0,1.0
29,0.8,static,18.0,560.0215636363637,0.07091582491582492,1.2764848484848486,14.765182987141444,18.0,62.628,99.0,0.0,1.0,0,0.0,1.0
30,0.8,static,19.0,558.7622913043479,0.06746224256292907,1.281782608695652,17.353646833013435,19.0,63.076,92.0,0.0,1.0,0,0.0,1.0
31,0.8,static,17.0,560.6106909090909,0.07526559714795009,1.2795151515151515,15.247895046015273,17.0,62.328,99.0,0.0,1.0,0,0.0,1.0
32,0.8,static,20.0,559.4107353535355,0.06317373737373737,1.2634747474747476,16.696951583980873,20.0,62.916,99.0,0.0,1.0,0,0.0,1.0
33,0.8,static,19.0,560.979402020202,0.0680956937799043,1.2938181818181815,16.532752020416844,19.0,62.912,99.0,0.0,1.0,0,0.0,1.0
34,0.8,static,18.0,558.9614787878788,0.07026262626262628,1.2647272727272727,15.813127930341594,18.0,64.792,99.0,0.0,1.0,0,0.0,1.0
35,0.8,static,24.0,555.2411515151516,0.04916329966329966,1.179919191919192,19.143922596250757,24.0,62.188,99.0,0.0,1.0,0,0.0,1.0
36,0.8,static,21.0,554.3888375,0.05693055555555557,1.1955416666666665,17.75772120200334,21.0,65.228,96.0,0.0,1.0,0,0.0,1.0
37,0.8,static,21.0,563.572012631579,0.06275087719298246,1.3177684210526317,17.529213705684295,21.0,57.812,95.0,0.0,1.0,0,0.0,1.0
38,0.8,static,17.0,561.3109898989899,0.07614973262032086,1.2945454545454544,14.689628332360382,17.0,62.84,99.0,0.0,1.0,0,0.0,1.0
39,0.8,static,19.0,559.0332080808082,0.06610313662945243,1.2559595959595962,15.813914501257335,19.0,62.66,99.0,0.0,1.0,0,0.0,1.0
40,0.8,static,18.0,562.987393939394,0.07311784511784512,1.316121212121212,15.904347826086957,18.0,61.704,99.0,0.0,1.0,0,0.0,1.0
41,0.8,static,19.0,561.3752282828284,0.0677278043593833,1.2868282828282829,16.90815765352887,19.0,61.604,99.0,0.0,1.0,0,0.0,1.0
42,0.8,static,17.0,561.2986545454545,0.07576232917409388,1.287959595959596,15.199567440031458,17.0,62.492,99.0,0.0,1.0,0,0.0,1.0
43,0.8,static,20.0,557.7145768421052,0.06216,1.2432,14.901178603807796,20.0,62.896,95.0,0.0,1.0,0,0.0,1.0
44,0.8,static,19.0,558.1879232323232,0.0654354066985646,1.2432727272727275,16.290096767551987,19.0,63.916,99.0,0.0,1.0,0,0.0,1.0
45,0.8,static,17.0,560.2228363636365,0.07567439096850861,1.2864646464646468,15.33284853521712,17.0,64.64,99.0,0.0,1.0,0,0.0,1.0
46,0.8,static,19.0,558.9683632653062,0.06663587540279269,1.2660816326530613,16.62467588591184,19.0,63.924,98.0,0.0,1.0,0,0.0,1.0
47,0.8,static,19.0,556.8849373737374,0.06343859649122807,1.2053333333333336,15.995927865037812,19.0,62.672,99.0,0.0,1.0,0,0.0,1.0
48,0.8,static,18.0,558.3371387755102,0.068718820861678,1.2369387755102041,14.865625602467707,18.0,61.78,98.0,0.0,1.0,0,0.0,1.0
49,0.8,static,18.0,555.6551393939394,0.06688888888888889,1.204,15.299724050095522,18.0,65.804,99.0,0.0,1.0,0,0.0,1.0
0,0.8,bsps,15.42,543.0295918367348,0.06005627894496916,0.9221224489795918,23.86879576891782,113.0,35.24,66.248,0.48044782087165133,0.8477657935285053,0,0.11187957689178193,1.0
1,0.8,bsps,14.388,549.6266707070707,0.07053878811819987,1.013010101010101,25.180722891566266,114.0,33.364,69.784,0.4753097667638484,0.8347587049480758,0,0.12068273092369478,1.0
2,0.8,bsps,15.992,549.817103030303,0.06337607164077752,1.0115959595959596,24.435992907801417,114.0,31.64,70.54,0.4759228840667416,0.8487645940809123,0,0.1127659574468085,1.0
3,0.8,bsps,14.216,542.8775877551021,0.06487229012484116,0.921469387755102,23.213555787278416,112.0,35.796,67.48,0.4784124217697853,0.8421676043825881,0,0.12116788321167883,1.0
4,0.8,bsps,14.416,544.4879030303031,0.0657923158903551,0.9432727272727273,24.904368108566583,113.0,35.432,67.736,0.478328900015647,0.8414071510957324,0,0.1291348600508906,1.0
5,0.8,bsps,14.876,544.2074916666667,0.06294679038281979,0.9347916666666667,22.313468894705053,112.0,33.548,66.396,0.48130414956680345,0.843143596377749,0,0.10469096033823233,1.0
6,0.8,bsps,15.228,546.8044161616164,0.06411616274067254,0.9753535353535353,24.455457227138645,114.0,33.652,68.576,0.4784649592357737,0.8415251712838844,0,0.11642084562438544,1.0
7,0.8,bsps,13.84,541.7385131313132,0.06528354140412963,0.9014545454545455,24.008997698263236,113.0,36.364,67.732,0.4786304788644517,0.8392648774795799,0,0.12722326846620632,1.0
8,0.8,bsps,16.828,539.804,0.05217262308077581,0.8736565656565657,23.81026405451448,114.0,37.336,67.736,0.4822592324402607,0.8447359092520382,0,0.10711243611584327,1.0
9,0.8,bsps,15.9,541.8399393939394,0.057067834212571056,0.902989898989899,25.444278394534585,115.0,36.944,67.452,0.4804626445764301,0.8445692883895131,0,0.11870196413321947,1.0
10,0.8,bsps,15.956,546.1781737373738,0.061207315109688694,0.971030303030303,24.395372032714942,115.0,35.62,68.428,0.4793544965527691,0.8470853280765981,0,0.118491921005386,1.0
11,0.8,bsps,16.648,543.3772040404041,0.05597682086479817,0.928969696969697,25.204272086271256,114.0,36.176,68.4,0.4797828376954866,0.8426717315606205,0,0.11447532144338449,1.0
12,0.8,bsps,14.256,541.3184363636364,0.06337080775235855,0.900929292929293,22.1072830353249,112.0,37.368,67.556,0.4826093560145808,0.8500973393900065,0,0.10815525512429132,1.0
13,0.8,bsps,14.844,544.1750828282828,0.06314636485518837,0.9353939393939393,22.616514489876934,112.0,34.992,68.436,0.48046692607003894,0.8491176470588235,0,0.10817784835252084,1.0
14,0.8,bsps,14.156,544.8896282828284,0.06717876012876013,0.9507878787878787,22.960566615620216,112.0,35.204,68.888,0.47878025778057215,0.8462847419171866,0,0.11408882082695253,1.0
15,0.8,bsps,14.332,545.1788686868688,0.0667339711091048,0.9521616161616162,23.120951619352258,113.0,35.2,69.488,0.4797626788036411,0.8435544430538173,0,0.1135545781687325,1.0
16,0.8,bsps,14.836,547.3434666666668,0.0665451690647769,0.984246913580247,22.619818222123698,113.0,27.396,56.316,0.47963483146067415,0.8544212796549245,0,0.10507647971624917,1.0
17,0.8,bsps,15.776,546.7154041666668,0.06205750294776031,0.977375,23.786396413954396,113.0,34.108,68.728,0.47593582887700536,0.8381693090038888,0,0.11479243812122393,1.0
18,0.8,bsps,15.652,542.3640202020204,0.05830434826611298,0.9113131313131313,23.163647851727042,113.0,35.764,68.016,0.4816939032055311,0.8448047650562541,0,0.11352148272957034,1.0
19,0.8,bsps,15.632,544.5099434343434,0.06055166652519593,0.9445252525252524,23.02932254802831,113.0,35.088,68.652,0.4812149015265364,0.8564194221030682,0,0.10535894843276036,1.0
20,0.8,bsps,13.96,548.6416121212121,0.07166112351700588,0.9991111111111112,23.256438356164384,113.0,33.112,69.54,0.4758853011256265,0.847218594933403,0,0.11744292237442923,1.0
21,0.8,bsps,14.22,546.0407151515152,0.06807484084542909,0.9648888888888889,23.278617710583152,113.0,34.3,67.592,0.4809071072319202,0.8446969696969697,0,0.10897310033379148,1.0
22,0.8,bsps,14.0,544.8148791666667,0.06792061202686203,0.9502083333333333,25.205795262267344,113.0,34.1,65.944,0.476236507169325,0.8365867261572784,0,0.1343062605752961,1.0
23,0.8,bsps,15.552,548.8835583333333,0.06506401143790849,1.01125,25.058897770298696,115.0,33.344,67.784,0.4805605400324703,0.8487036429274697,0,0.11169541438788388,1.0
24,0.8,bsps,14.508,545.7644525252525,0.06655765465471349,0.9641212121212122,23.862838611217093,113.0,34.356,67.988,0.47816054062963576,0.8416518122400475,0,0.11541396413582602,1.0
25,0.8,bsps,15.236,544.0783346938777,0.061541236604531924,0.9373061224489796,24.029128163921254,113.0,35.312,68.072,0.47789421974783036,0.8461538461538461,0,0.11932503013258337,1.0
26,0.8,bsps,16.124,539.737094949495,0.0546170128041129,0.8795959595959596,23.366580004727016,113.0,37.232,66.572,0.48462828395751817,0.8473960436011304,0,0.10872134247222878,1.0
27,0.8,bsps,14.104,547.9921050505052,0.07014888531947355,0.9873939393939394,21.06441947565543,111.0,33.324,70.332,0.48050986842105264,0.8565868263473054,0,0.10168539325842697,1.0
28,0.8,bsps,14.672,545.0293131313132,0.06441720501720502,0.9435151515151515,23.408276125095348,112.0,33.924,68.704,0.47790744466800805,0.8464335664335665,0,0.11536994660564455,1.0
29,0.8,bsps,15.256,544.9580404040405,0.06262833593421828,0.9543838383838384,23.60336300692384,113.0,35.4,69.052,0.47878636325748103,0.8432216415616354,0,0.11572700296735905,1.0
30,0.8,bsps,13.532,542.4710260869566,0.06894680298388738,0.9280434782608696,24.022552783109404,113.0,34.876,61.628,0.48238398261679344,0.8428770949720671,0,0.11564299424184261,1.0
31,0.8,bsps,13.764,545.9865212121213,0.07037977850036672,0.9660202020202021,22.937536714313687,113.0,35.004,69.116,0.4796071909400491,0.8493922324340349,0,0.11024084589778735,1.0
32,0.8,bsps,15.596,544.2808444444445,0.06048239534612084,0.94020202020202,24.098824467025302,113.0,35.128,68.428,0.4788449660284126,0.8347483323226198,0,0.1177525403466826,1.0
33,0.8,bsps,15.524,546.1356525252527,0.06282204110341365,0.9745454545454545,23.916418545299873,113.0,35.74,69.364,0.4812881464824928,0.8348820586132952,0,0.10974053594215227,1.0
34,0.8,bsps,14.376,543.4660646464647,0.06512453302292874,0.9336565656565656,24.4362580933244,113.0,36.28,67.7,0.4810985193150798,0.8430092751631741,0,0.12100915382897968,1.0
35,0.8,bsps,19.06,541.4774424242427,0.04683884447565374,0.8877979797979798,25.82563999193711,116.0,35.236,69.176,0.47946764731634706,0.8328031106398021,0,0.11187260632936907,1.0
36,0.8,bsps,15.908,538.9460791666668,0.054258155002891856,0.8615833333333334,25.1817612687813,114.44999999999982,35.576,63.932,0.48108185872536324,0.8428912783751493,0,0.12166110183639399,1.0
37,0.8,bsps,16.736,549.2406736842106,0.06064051079711663,1.0138526315789473,25.291740938799762,115.0,32.876,67.372,0.4782769117240107,0.8387762117566174,0,0.11091305208952268,1.0
38,0.8,bsps,13.98,545.9829737373738,0.0693573963073963,0.9682828282828283,24.406110138159175,113.0,35.04,68.344,0.4782608695652174,0.836947094535993,0,0.12220276318349874,1.0
39,0.8,bsps,14.82,544.2548323232324,0.0635651053739289,0.9405252525252524,22.972967309304273,112.0,35.392,68.956,0.4817207818761757,0.8514720476347999,0,0.1125314333612741,1.0
40,0.8,bsps,14.284,548.244387878788,0.0703565527065527,1.002060606060606,23.003780718336483,113.0,34.88,69.448,0.48004646146187674,0.8489208633093526,0,0.10491493383742911,1.0
41,0.8,bsps,14.808,546.1944686868686,0.06521012970326696,0.9648888888888889,25.17635197066911,114.0,33.848,68.292,0.47695796549769176,0.8395839036408431,0,0.1233730522456462,1.0
42,0.8,bsps,14.276,546.5501777777778,0.0683738171414642,0.9743434343434344,23.989382618953993,113.0,35.06,68.768,0.47833027376486553,0.8421204263900893,0,0.11875737318128195,1.0
43,0.8,bsps,14.368,542.5295536842107,0.06392730049104661,0.9154947368421054,23.25929283771532,113.0,34.444,64.2,0.4808912498155526,0.8514219384793964,0,0.12194016319129647,1.0
44,0.8,bsps,14.852,543.2998222222224,0.06257764131293543,0.9268282828282828,24.640518838789376,114.0,36.116,68.3,0.4786219624730852,0.842391304347826,0,0.12456248713197447,1.0
45,0.8,bsps,13.776,544.7610262626263,0.06938878865242501,0.9546666666666667,23.77020569291502,113.0,36.1,67.852,0.4802290489824344,0.8316542086447839,0,0.11905256596717224,1.0
46,0.8,bsps,15.108,543.7967673469389,0.062033346928515004,0.9370204081632653,23.354796888504755,113.0,35.32,67.136,0.4824596293055445,0.8518265619665415,0,0.10458081244598098,1.0
47,0.8,bsps,15.176,543.261591919192,0.060525284882147624,0.915030303030303,23.982354081830522,113.0,34.812,68.516,0.477874154660394,0.8457392197125256,0,0.12100058173356602,1.0
48,0.8,bsps,15.288,544.0599673469388,0.061125747148676315,0.9330612244897959,23.518025833815308,114.0,35.176,68.664,0.47886393659180976,0.845926800472255,0,0.10911895122421439,1.0
49,0.8,bsps,14.804,541.0864161616162,0.060334710278827926,0.8911515151515151,23.547866694969223,113.0,36.504,67.168,0.4820783350195115,0.8431372549019608,0,0.11441307578008915,1.0
0,0.8,ewma,15.592,543.9824979591838,0.06038108967126469,0.9388163265306123,21.526037428803907,113.0,35.884,67.396,0.4735035913806864,0.8816770186335404,0,0.0870626525630594,1.0
1,0.8,ewma,14.78,551.0646828282829,0.07033507803017608,1.037090909090909,22.59558232931727,113.0,33.868,71.152,0.4679073990013618,0.876661514683153,0,0.09196787148594378,1.0
2,0.8,ewma,16.172,550.7952525252526,0.0636995390860716,1.0282020202020203,21.91755319148936,113.0,32.192,71.708,0.46601690529584266,0.8826586433260394,0,0.0875886524822695,1.0
3,0.8,ewma,14.2,543.773718367347,0.06605924160873142,0.9368571428571429,20.97997914494265,112.0,36.308,68.52,0.4713833992094862,0.8740298507462687,0,0.09801876955161627,1.0
4,0.8,ewma,14.764,545.4448484848486,0.06525430962712603,0.9585858585858587,22.448261238337576,113.0,35.712,68.664,0.4712858926342072,0.872743156668608,0,0.10156912637828669,1.0
5,0.8,ewma,15.188,545.2220958333335,0.06280018315018315,0.951625,19.810750956311658,111.0,33.932,67.424,0.476194086429113,0.8820261437908496,0,0.07831689148379303,1.0
6,0.8,ewma,15.332,547.839696969697,0.06491412207980835,0.9925252525252526,21.3795476892822,113.0,34.084,69.68,0.47120118148999013,0.8861714975845411,0,0.08416912487708948,1.0
7,0.8,ewma,13.98,542.767802020202,0.0656372455431279,0.9174141414141415,21.32349863988282,112.0,36.564,68.752,0.47084048027444253,0.8773364485981309,0,0.09834693450512659,1.0
8,0.8,ewma,17.084,540.4904121212121,0.05195586411066287,0.8837979797979798,21.719548551959114,113.0,37.416,68.396,0.477491961414791,0.8804270462633452,0,0.08411413969335604,1.0
9,0.8,ewma,16.056,542.6413656565657,0.05764592254125043,0.9163636363636364,23.495943637916312,114.0,37.328,68.32,0.4717216631562524,0.8711097139264382,0,0.09863364645602049,1.0
10,0.8,ewma,16.168,547.3623232323233,0.06165020389540513,0.9905858585858586,21.801516058248552,114.0,36.14,69.72,0.4722306295399516,0.880871533672892,0,0.08996608817075603,1.0
11,0.8,ewma,16.692,544.290294949495,0.056703823831636004,0.9433131313131314,22.54313562836997,114.0,36.288,69.168,0.47310958350181964,0.8800637958532695,0,0.08730817088345084,1.0
12,0.8,ewma,14.156,541.7753494949495,0.06448315041069051,0.9082828282828281,20.649803750545136,111.0,37.472,68.012,0.4751934456076468,0.8794002607561929,0,0.09180113388573921,1.0
13,0.8,ewma,14.98,544.9849050505051,0.06333308681151818,0.9486868686868687,19.855498213576816,112.0,35.344,69.344,0.47475765800697944,0.8912071535022354,0,0.0793965859468043,1.0
14,0.8,ewma,14.424,545.9010626262626,0.06719669894375777,0.9676363636363635,21.14854517611026,112.0,35.612,69.936,0.47177957453489283,0.8738251210481345,0,0.0945635528330781,1.0
15,0.8,ewma,14.396,546.254193939394,0.06756820031820032,0.9711515151515151,20.646341463414632,112.0,36.004,70.848,0.47175324675324676,0.8776729559748427,0,0.08856457417033187,1.0
16,0.8,ewma,14.936,548.6024,0.06768943146742712,1.0062222222222224,19.42473952560408,111.0,28.1,57.572,0.4716358179089545,0.8976406533575317,0,0.07381955220571935,1.0
17,0.8,ewma,16.064,547.5627125000001,0.06173713478446935,0.9898333333333332,21.545507698304423,113.0,34.008,69.324,0.46774617067833696,0.8754887218045113,0,0.0904307152601832,1.0
18,0.8,ewma,15.972,543.3922464646465,0.05823371907685633,0.9297777777777777,20.87089300758214,112.0,36.668,69.44,0.4748099976494555,0.8751255440241045,0,0.08803706823925864,1.0
19,0.8,ewma,15.832,545.4717131313132,0.06079457837006856,0.9615353535353536,21.41799797775531,112.0,35.772,69.856,0.47296123786216154,0.8841884188418841,0,0.08574317492416582,1.0
20,0.8,ewma,14.484,549.9682343434345,0.07056323306323307,1.02,20.14027397260274,112.0,33.368,70.72,0.46913378090715574,0.8935552033808769,0,0.08200913242009132,1.0
21,0.8,ewma,14.376,546.944888888889,0.06860593821574212,0.9801212121212121,21.221087767524054,112.0,34.744,68.584,0.47402850245308,0.8774928774928775,0,0.08757117612409189,1.0
22,0.8,ewma,14.072,546.0885250000001,0.06901314293345544,0.9705000000000001,21.594754653130288,112.0,34.388,67.092,0.46998394863563403,0.8779661016949153,0,0.09729272419627749,1.0
23,0.8,ewma,15.832,549.7193708333333,0.06483762254901962,1.02525,22.947833403449728,114.0,33.7,68.648,0.4727551803530315,0.8759510420112471,0,0.08897770298695835,1.0
24,0.8,ewma,14.7,546.9333414141415,0.0670838605343953,0.9844040404040404,21.752384586035863,112.0,35.096,69.368,0.4700946112710819,0.8750373692077728,0,0.09252193819152996,1.0
25,0.8,ewma,15.172,544.9774367346939,0.06275763327308946,0.9523265306122449,21.408196062675774,112.0,35.768,69.056,0.47050183598531214,0.8786838340486409,0,0.09421454399357171,1.0
26,0.8,ewma,16.34,540.4253696969698,0.0546774084589874,0.8917575757575757,21.365634601748994,112.0,37.688,67.412,0.4791733163102458,0.8784440842787682,0,0.08863152918931695,1.0
27,0.8,ewma,14.244,548.5577010101011,0.07011651866651866,0.9975353535353536,19.482209737827716,110.0,33.752,71.052,0.47191011235955055,0.8799516177804657,0,0.08445692883895131,1.0
28,0.8,ewma,14.776,545.8572848484849,0.06486710087298322,0.9572121212121213,20.59515636918383,112.0,34.256,69.6,0.4685370741482966,0.8831205673758865,0,0.08657513348588863,1.0
29,0.8,ewma,15.136,546.0599030303031,0.06434365634365634,0.9733737373737374,20.17784371909001,111.0,36.056,70.336,0.47175610566539294,0.8826276463262764,0,0.08387734915924827,1.0
30,0.8,ewma,13.644,543.2425304347826,0.06937032826508531,0.942086956521739,21.885076775431862,112.0,35.496,62.584,0.475267483330749,0.870617110799439,0,0.09596928982725528,1.0
31,0.8,ewma,13.724,546.5592202020201,0.07124007692644056,0.9755959595959596,20.908948502056003,112.0,35.292,69.768,0.4716236482753177,0.8763134193935755,0,0.09144311728999413,1.0
32,0.8,ewma,15.728,545.5682101010102,0.061242976027908944,0.9614545454545455,21.314604502889022,112.0,35.688,69.84,0.47129629629629627,0.8738601823708206,0,0.08846383741781232,1.0
33,0.8,ewma,15.684,547.2302222222222,0.06349401343028793,0.9946666666666666,21.240535942152274,113.0,36.696,70.84,0.4765875561257216,0.8743700503959683,0,0.08273075287111867,1.0
34,0.8,ewma,14.308,544.5947353535355,0.06673449698449699,0.9534949494949494,21.91560616208975,113.0,37.032,69.076,0.47325408618127784,0.8707553707553708,0,0.09555704398303193,1.0
35,0.8,ewma,19.672,542.386105050505,0.04598759989541938,0.9023434343434343,23.861922999395283,115.0,35.736,70.348,0.4737762237762238,0.8743772241992882,0,0.08748236242693005,1.0
36,0.8,ewma,16.06,539.7380750000001,0.05457731264908122,0.8754166666666667,22.811978297161936,114.0,36.12,64.92,0.4739788959873663,0.8722506779150346,0,0.09724540901502504,1.0
37,0.8,ewma,16.92,550.3961136842106,0.061120764217044155,1.0326315789473683,22.774806892453952,114.0,33.24,68.492,0.4706966457795798,0.8747412008281573,0,0.08476926123984947,1.0
38,0.8,ewma,14.188,547.4672040404041,0.0700036162490708,0.9917979797979799,20.653434520334695,112.0,35.32,69.676,0.4731322718922229,0.889406286379511,0,0.08250632418758513,1.0
39,0.8,ewma,14.772,545.3642141414141,0.06491505161505162,0.9578181818181818,20.2476948868399,112.0,35.52,69.932,0.4741872243097533,0.8849734042553191,0,0.08445096395641241,1.0
40,0.8,ewma,14.268,549.5220525252525,0.07189435988847753,1.023030303030303,20.24914933837429,112.0,35.368,70.768,0.4736536868268434,0.889937106918239,0,0.07693761814744801,1.0
41,0.8,ewma,14.908,547.4225858585859,0.06613938479820831,0.9852121212121212,22.736571952337304,113.0,34.352,69.56,0.467178658043654,0.8705234159779615,0,0.09825847846012832,1.0
42,0.8,ewma,14.54,547.7263717171718,0.0683896473896474,0.9932121212121212,21.16220998820291,113.0,35.384,69.9,0.4708455970089889,0.883931175269758,0,0.08887141171844279,1.0
43,0.8,ewma,14.576,543.4622231578948,0.06465942560019959,0.9314105263157895,20.34927470534905,110.0,34.96,65.232,0.47539174575148974,0.8902260052832404,0,0.09043517679057117,1.0
44,0.8,ewma,15.244,544.4764,0.0621756440727029,0.9471111111111111,22.56639901173564,113.0,36.988,69.856,0.4708499539736115,0.8700923787528868,0,0.09944410129709698,1.0
45,0.8,ewma,14.12,545.7553171717173,0.06901581784228843,0.9708686868686869,21.358196551007687,112.0,36.42,68.816,0.4739117011423279,0.8758212877792378,0,0.0918346145854976,1.0
46,0.8,ewma,15.348,544.1772408163266,0.06150530333012325,0.9429795918367347,22.354796888504755,113.0,35.412,67.508,0.4768253968253968,0.8744827586206897,0,0.09183232497839239,1.0
47,0.8,ewma,15.092,544.2313454545455,0.06193176191999721,0.9317171717171717,21.495443087066125,112.0,35.464,69.712,0.47044172588088784,0.8784099766173032,0,0.09443474888501066,1.0
48,0.8,ewma,15.32,544.852918367347,0.06203772512668071,0.9458775510204082,21.44900713321766,113.0,35.256,69.292,0.47128141738772145,0.875482912332838,0,0.08771929824561403,1.0
49,0.8,ewma,14.676,542.3277373737374,0.062260526510526513,0.9123636363636363,20.70494587136489,112.0,37.176,68.588,0.47643450018044026,0.8842607313195548,0,0.08681808533220123,1.0
0,0.9,static,19.0,557.5527714285714,0.06539419978517721,1.2424897959183674,15.01443816698054,19.0,65.236,98.0,0.0,1.0,0,0.0,1.0
1,0.9,static,18.0,564.1211797979798,0.07318518518518517,1.317333333333333,16.742781077206637,18.0,59.584,99.0,0.0,1.0,0,0.0,1.0
2,0.9,static,20.0,563.6022303030304,0.06539797979797979,1.3079595959595958,16.66870174178488,20.0,57.512,99.0,0.0,1.0,0,0.0,1.0
3,0.9,static,18.0,558.8831551020409,0.06953061224489795,1.2515510204081635,14.68235294117647,18.0,62.348,98.0,0.0,1.0,0,0.0,1.0
4,0.9,static,19.0,558.8864444444445,0.06617969165337587,1.2574141414141413,15.384197959626656,19.0,64.516,99.0,0.0,1.0,0,0.0,1.0
5,0.9,static,19.0,558.8853666666666,0.06558771929824561,1.2461666666666664,14.530901722391084,19.0,60.368,96.0,0.0,1.0,0,0.0,1.0
6,0.9,static,21.0,560.2429575757576,0.06095238095238095,1.28,17.25776265418971,21.0,63.28,99.0,0.0,1.0,0,0.0,1.0
7,0.9,static,18.0,556.848,0.06774859708193043,1.2194747474747474,15.215821501014199,18.0,64.272,99.0,0.0,1.0,0,0.0,1.0
8,0.9,static,22.0,553.4602060606061,0.05334986225895317,1.1736969696969697,17.819780674529277,22.0,66.804,99.0,0.0,1.0,0,0.0,1.0
9,0.9,static,21.0,554.6181454545455,0.05685233285233285,1.1938989898989898,18.255797773654916,21.0,67.804,99.0,0.0,1.0,0,0.0,1.0
10,0.9,static,22.0,560.5502343434343,0.05829752066115702,1.2825454545454544,16.85807770961145,22.0,64.028,99.0,0.0,1.0,0,0.0,1.0
11,0.9,static,22.0,557.928286868687,0.05659320477502296,1.245050505050505,18.113127001067237,22.0,64.74,99.0,0.0,1.0,0,0.0,1.0
12,0.9,static,19.0,555.3666101010102,0.06375757575757576,1.2113939393939395,16.076772082878954,19.0,67.072,99.0,0.0,1.0,0,0.0,1.0
13,0.9,static,18.0,559.3260444444445,0.06955331088664421,1.2519595959595964,14.409531189461449,18.0,62.056,99.0,0.0,1.0,0,0.0,1.0
14,0.9,static,18.0,560.4441898989899,0.0708260381593715,1.274868686868687,15.122091941187419,18.0,61.788,99.0,0.0,1.0,0,0.0,1.0
15,0.9,static,18.0,558.2354787878788,0.0688956228956229,1.240121212121212,15.563215996667362,18.0,63.228,99.0,0.0,1.0,0,0.0,1.0
16,0.9,static,20.0,561.8110666666666,0.065079012345679,1.3015802469135802,16.26248023492207,20.0,50.572,81.0,0.0,1.0,0,0.0,1.0
17,0.9,static,20.0,562.0934291666667,0.06454375,1.290875,14.854657687991022,20.0,57.076,96.0,0.0,1.0,0,0.0,1.0
18,0.9,static,20.0,556.6464565656565,0.061183838383838375,1.2236767676767677,15.38798525265669,20.0,64.856,99.0,0.0,1.0,0,0.0,1.0
19,0.9,static,19.0,558.2974222222222,0.06589686337054758,1.2520404040404038,15.989652317880795,19.0,64.048,99.0,0.0,1.0,0,0.0,1.0
20,0.9,static,18.0,564.1634343434345,0.07319865319865321,1.3175757575757574,15.466606660666066,18.0,58.56,99.0,0.0,1.0,0,0.0,1.0
21,0.9,static,18.0,560.7097575757575,0.07140965207631873,1.2853737373737375,15.28310502283105,18.0,63.748,99.0,0.0,1.0,0,0.0,1.0
22,0.9,static,17.0,560.1984041666668,0.07515931372549019,1.2777083333333332,14.623571730850614,17.0,61.34,96.0,0.0,1.0,0,0.0,1.0
23,0.9,static,19.0,565.4280250000002,0.07077631578947369,1.34475,17.634455445544553,19.0,56.904,96.0,0.0,1.0,0,0.0,1.0
24,0.9,static,18.0,562.2973171717173,0.07270482603815936,1.3086868686868687,15.564729313778743,18.0,61.44,99.0,0.0,1.0,0,0.0,1.0
25,0.9,static,18.0,557.7609387755103,0.06882993197278912,1.238938775510204,14.22262156448203,18.0,63.584,98.0,0.0,1.0,0,0.0,1.0
26,0.9,static,20.0,553.5576242424243,0.05990707070707071,1.1981414141414144,16.35317047817048,20.0,69.384,99.0,0.0,1.0,0,0.0,1.0
27,0.9,static,19.0,562.3130464646465,0.06771079213184476,1.2865050505050506,13.812864431486881,19.0,58.636,99.0,0.0,1.0,0,0.0,1.0
28,0.9,static,18.0,559.071397979798,0.06913804713804714,1.2444848484848485,15.053564620663362,18.0,61.796,99.0,0.0,1.0,0,0.0,1.0
29,0.9,static,18.0,558.5518505050507,0.07000897867564536,1.2601616161616163,14.729643086129515,18.0,64.244,99.0,0.0,1.0,0,0.0,1.0
30,0.9,static,19.0,558.6210391304348,0.06737986270022885,1.2802173913043478,17.37576349865624,19.0,63.22,92.0,0.0,1.0,0,0.0,1.0
31,0.9,static,17.0,560.0484161616162,0.07490196078431373,1.2733333333333334,15.206656038262256,17.0,62.94,99.0,0.0,1.0,0,0.0,1.0
32,0.9,static,20.0,559.3216363636365,0.06313737373737374,1.2627474747474747,16.7046818727491,20.0,62.988,99.0,0.0,1.0,0,0.0,1.0
33,0.9,static,19.0,561.4525575757576,0.06837639553429027,1.299151515151515,16.549219562955255,19.0,62.384,99.0,0.0,1.0,0,0.0,1.0
34,0.9,static,18.0,558.1638141414143,0.06978675645342312,1.2561616161616163,15.683010262257696,18.0,65.64,99.0,0.0,1.0,0,0.0,1.0
35,0.9,static,24.0,554.9936282828284,0.049045454545454545,1.1770909090909092,19.352692075015124,24.0,62.468,99.0,0.0,1.0,0,0.0,1.0
36,0.9,static,21.0,553.4654083333335,0.05641269841269842,1.1846666666666668,17.877444589308997,21.0,66.272,96.0,0.0,1.0,0,0.0,1.0
37,0.9,static,21.0,564.7780378947369,0.06341052631578947,1.331621052631579,17.39918730650155,21.0,56.496,95.0,0.0,1.0,0,0.0,1.0
38,0.9,static,17.0,562.1711353535354,0.07673440285204991,1.3044848484848486,14.675721243911577,17.0,61.856,99.0,0.0,1.0,0,0.0,1.0
39,0.9,static,19.0,558.869296969697,0.06600956937799043,1.254181818181818,15.720480456026058,19.0,62.836,99.0,0.0,1.0,0,0.0,1.0
40,0.9,static,18.0,563.7933414141414,0.07363860830527497,1.3254949494949495,15.972289833364538,18.0,60.776,99.0,0.0,1.0,0,0.0,1.0
41,0.9,static,19.0,558.810795959596,0.06616905901116428,1.257212121212121,16.979656706929433,19.0,64.536,99.0,0.0,1.0,0,0.0,1.0
42,0.9,static,17.0,562.7073252525253,0.07668924539512775,1.3037171717171718,15.240727139184722,17.0,60.932,99.0,0.0,1.0,0,0.0,1.0
43,0.9,static,20.0,558.5435621052632,0.06264,1.2528,14.920192940144705,20.0,61.984,95.0,0.0,1.0,0,0.0,1.0
44,0.9,static,19.0,558.7332767676768,0.0657692716640085,1.2496161616161616,16.30761523046092,19.0,63.288,99.0,0.0,1.0,0,0.0,1.0
45,0.9,static,17.0,560.4755676767677,0.07583838383838384,1.289252525252525,15.358662613981762,17.0,64.364,99.0,0.0,1.0,0,0.0,1.0
46,0.9,static,19.0,559.024787755102,0.06667454350161117,1.266816326530612,16.64116652578191,19.0,63.852,98.0,0.0,1.0,0,0.0,1.0
47,0.9,static,19.0,557.4850464646464,0.06377246145667198,1.2116767676767677,16.117996930161166,19.0,62.044,99.0,0.0,1.0,0,0.0,1.0
48,0.9,static,18.0,555.877024489796,0.06709070294784582,1.2076326530612245,15.07232968881413,18.0,64.652,98.0,0.0,1.0,0,0.0,1.0
49,0.9,static,18.0,555.1496161616163,0.06655892255892257,1.198060606060606,15.307321166352004,18.0,66.392,99.0,0.0,1.0,0,0.0,1.0
0,0.9,bsps,15.312,542.6162408163266,0.060199126145542084,0.9173061224489796,20.595312826951243,112.0,35.552,66.204,0.48624505928853756,0.8893548387096775,0,0.08181627955639255,1.0
1,0.9,bsps,14.416,550.5489292929294,0.07116711708770532,1.024121212121212,20.726807290600043,113.0,32.496,69.784,0.48523206751054854,0.8948891031822566,0,0.07474912963342208,1.0
2,0.9,bsps,15.952,550.5556484848485,0.06423013598601834,1.0232727272727273,19.85706590052074,111.0,31.536,71.14,0.4854343903067801,0.9050650429006366,0,0.06895313341713054,1.0
3,0.9,bsps,14.356,544.7408530612246,0.06580882858637961,0.9441224489795919,19.311266201395814,111.0,34.148,67.76,0.48560063643595863,0.8950437317784257,0,0.07976071784646062,1.0
4,0.9,bsps,14.54,544.4936161616163,0.06517299933182287,0.9436767676767677,20.31560668547862,112.0,35.328,67.784,0.48692835659751676,0.8967407858665855,0,0.0824831777729542,1.0
5,0.9,bsps,15.092,545.2723291666666,0.06289263325522516,0.9477083333333333,18.51874366767984,110.0,32.628,66.552,0.48859344311829583,0.900066401062417,0,0.06524822695035461,1.0
6,0.9,bsps,15.124,545.9740606060607,0.06390616148557324,0.9644444444444444,19.421097405359422,112.0,34.028,68.196,0.48816378758797185,0.9035380507343124,0,0.06890684814972352,1.0
7,0.9,bsps,13.948,542.964290909091,0.06596526066526068,0.9177373737373736,19.69371196754564,111.0,35.572,68.196,0.4857075913776945,0.8926291352292514,0,0.08336713995943205,1.0
8,0.9,bsps,16.8,539.8179595959597,0.052139330947690084,0.8744242424242425,20.221187668115043,112.0,37.492,67.872,0.4879537423707035,0.8927805575411007,0,0.07034967928822677,1.0
9,0.9,bsps,16.144,540.6443272727274,0.05529462282738856,0.8882828282828283,21.96730055658627,114.0,37.856,67.164,0.4874942458186282,0.8904248145650708,0,0.08302411873840446,1.0
10,0.9,bsps,15.836,546.7151797979799,0.062219499391790424,0.9781818181818182,19.858895705521473,110.0,35.36,68.644,0.4876788255561381,0.9040894380700206,0,0.07177914110429448,1.0
11,0.9,bsps,16.692,543.6951959595959,0.05602256187607065,0.9334141414141414,21.01152614727855,113.0,36.392,68.78,0.4876072832277212,0.8968018463567425,0,0.07299893276414088,1.0
12,0.9,bsps,13.988,541.426981818182,0.06496947712616162,0.904080808080808,18.20567066521265,110.0,37.588,67.876,0.4890151515151515,0.9036065573770492,0,0.06935659760087241,1.0
13,0.9,bsps,15.08,546.0122747474749,0.06368838634132752,0.9591919191919192,18.449050755521117,110.0,33.712,69.0,0.48781057714775294,0.9064790384051598,0,0.06586594343277799,1.0
14,0.9,bsps,14.58,546.4467474747474,0.06676743441743442,0.9714343434343433,19.351944909733856,111.0,34.42,69.516,0.4849495671511397,0.8961464881115059,0,0.07593523171412618,1.0
15,0.9,bsps,14.596,544.8833575757577,0.06515985746279863,0.9483232323232323,19.02332847323474,111.0,35.5,69.456,0.4883683747701655,0.9003677699765965,0,0.06956883982503645,1.0
16,0.9,bsps,14.564,547.4593135802469,0.06798086765570426,0.9861234567901235,19.00880957759205,111.0,27.348,56.368,0.48618290258449304,0.8981412639405204,0,0.07273548678563362,1.0
17,0.9,bsps,15.928,549.3186500000002,0.06378449365857454,1.0145416666666667,19.47100635989525,111.75,33.136,70.088,0.4842207334273625,0.8963593658250146,0,0.07033295922184811,1.0
18,0.9,bsps,15.76,542.6455595959598,0.05808710095278723,0.9155151515151515,19.20212535241813,111.0,35.72,68.16,0.4889792090042207,0.9032476319350473,0,0.07243548037302104,1.0
19,0.9,bsps,15.876,543.8904444444445,0.0590013977308095,0.9356363636363636,19.481581125827816,111.0,35.056,68.22,0.488268418582825,0.9041692594897324,0,0.06808774834437085,1.0
20,0.9,bsps,14.14,550.6174020202021,0.0726526677026677,1.025252525252525,19.407380738073808,111.0,31.992,70.276,0.48400198938992045,0.9016768292682927,0,0.07650765076507651,1.0
21,0.9,bsps,14.232,546.3085131313132,0.06846403226403225,0.9698181818181819,19.448318804483186,112.0,34.556,67.96,0.488244816156633,0.8995705318797489,0,0.06994603569946035,1.0
22,0.9,bsps,14.04,545.7026541666667,0.06855195674423616,0.96225,20.21540414727042,112.0,33.656,66.316,0.48507402961184476,0.8955777460770328,0,0.08442657638595007,1.0
23,0.9,bsps,15.644,551.6841458333333,0.06684500358369842,1.04575,20.864554455445546,113.0,31.12,68.34,0.48713757205540736,0.9031020147105853,0,0.06891089108910892,1.0
24,0.9,bsps,14.472,547.6731757575758,0.06849895968229303,0.9900202020202019,19.648741625927936,112.0,33.296,68.82,0.4855963681386711,0.8957163958641063,0,0.07459713923592251,1.0
25,0.9,bsps,15.076,543.8081551020408,0.061889987313606766,0.9327346938775509,19.08139534883721,111.0,35.108,67.772,0.48795420211497176,0.9029309801449732,0,0.07209302325581396,1.0
26,0.9,bsps,16.536,538.5012727272729,0.05256490445685492,0.8650101010101009,19.69204781704782,111.0,38.596,66.56,0.49110541443331,0.8951574988246357,0,0.06938669438669438,1.0
27,0.9,bsps,14.264,549.4975797979799,0.07084104599104599,1.0084444444444443,17.88228862973761,110.0,32.648,71.052,0.48654449397391447,0.9019492025989368,0,0.06869533527696793,1.0
28,0.9,bsps,14.408,545.5975757575758,0.06609042782331552,0.9498181818181818,18.0327868852459,110.0,33.208,68.608,0.4882784750177599,0.9081356949864905,0,0.06385817765916889,1.0
29,0.9,bsps,15.3,544.0160727272728,0.06155969868911045,0.9416969696969697,19.126309040393245,111.0,35.808,68.664,0.4878524416998456,0.9007815154604145,0,0.07095533233596922,1.0
30,0.9,bsps,13.976,543.0207826086958,0.06736076387380735,0.9362608695652174,20.157341803078427,112.0,34.832,61.984,0.48883584847551587,0.8975380159304851,0,0.07549474712924505,1.0
31,0.9,bsps,13.768,546.1727111111111,0.07056144781144781,0.9688484848484847,18.95795137504982,111.0,34.888,69.192,0.48719755696499883,0.9005884174667079,0,0.0707453168593065,1.0
32,0.9,bsps,15.756,545.1174545454546,0.06046526300401429,0.9509090909090909,19.30952380952381,111.0,34.388,68.588,0.4878776290630975,0.8998425196850394,0,0.06942777110844338,1.0
33,0.9,bsps,15.436,547.4968484848487,0.06451908908085378,0.9935353535353535,20.275754422476588,112.0,35.288,70.112,0.48755454986261515,0.8946453407510431,0,0.07346514047866805,1.0
34,0.9,bsps,14.244,543.7244808080809,0.06589545084545086,0.9380202020202021,19.225541619156214,112.0,36.26,67.936,0.4889717807330522,0.8969265367316341,0,0.07069555302166476,1.0
35,0.9,bsps,19.036,541.9824444444445,0.04711972791952152,0.8937777777777778,21.73724541238153,112.0,34.676,69.216,0.4874511506730352,0.8936014625228519,0,0.07118370639241782,1.0
36,0.9,bsps,15.956,538.6962041666667,0.05388884275088803,0.8584166666666666,20.739895697522815,113.0,35.808,63.884,0.48845470692717585,0.898267716535433,0,0.07518470230334637,1.0
37,0.9,bsps,16.788,551.4511621052632,0.06234445903199692,1.0429894736842107,21.332236842105264,113.0,31.58,68.136,0.4862792201792479,0.896822685343355,0,0.07140092879256967,1.0
38,0.9,bsps,14.044,547.8990626262627,0.0707951621363386,0.9934545454545454,19.423004870738104,111.0,33.836,69.012,0.4867371971787795,0.9001736111111112,0,0.07399775196702885,1.0
39,0.9,bsps,15.044,544.9624929292929,0.06326085606477765,0.950060606060606,19.104030944625407,111.0,34.992,69.276,0.48766090022136593,0.9027186374058304,0,0.07145765472312704,1.0
40,0.9,bsps,14.584,549.9689616161618,0.07054388694094577,1.0244040404040404,19.618610747051115,112.0,33.688,69.992,0.48672122933021544,0.9010989010989011,0,0.06927541658865381,1.0
41,0.9,bsps,14.732,543.8515272727274,0.06327958327075975,0.9315555555555557,21.23882178427633,113.0,34.6,66.964,0.4870245565109613,0.8867680362342284,0,0.08539944903581267,1.0
42,0.9,bsps,14.384,548.8699515151517,0.06989215784215784,1.002909090909091,19.945464561145794,112.0,33.172,69.232,0.48444050306352787,0.8923804226918799,0,0.07712082262210797,1.0
43,0.9,bsps,14.328,544.2738231578948,0.06593114319352546,0.9388631578947367,18.684279763209823,110.0,33.496,64.852,0.4879793510324484,0.9052325581395348,0,0.07498355623766718,1.0
44,0.9,bsps,14.912,544.7350505050506,0.0634510422930209,0.9450101010101011,20.013627254509018,112.55000000000018,34.924,68.608,0.4865774378585086,0.8972262773722628,0,0.07795591182364729,1.0
45,0.9,bsps,13.872,545.802880808081,0.06979322159322159,0.966989898989899,19.412360688956433,111.0,35.128,67.98,0.4870119769793125,0.8940165499681731,0,0.07456940222897669,1.0
46,0.9,bsps,15.308,544.2528653061224,0.06157023750892299,0.9423673469387754,19.898140321217245,112.0,34.936,67.256,0.4885351824127334,0.8953364186543253,0,0.06931530008453085,1.0
47,0.9,bsps,14.876,544.7105818181819,0.06294245362480656,0.9352323232323232,19.71834228702993,111.0,34.292,69.216,0.4859963436928702,0.8988235294117647,0,0.07693783576362241,1.0
48,0.9,bsps,14.82,541.7102979591837,0.06073224454617011,0.8985714285714286,20.14003364171573,112.0,35.568,66.94,0.48715288860517075,0.8871293800539084,0,0.07863751051303616,1.0
49,0.9,bsps,14.796,541.402387878788,0.06052412228294581,0.8947474747474747,18.728130899937067,111.0,36.176,67.188,0.48966058185966915,0.9038978494623656,0,0.06754772393538913,1.0
0,0.9,ewma,15.752,543.4075632653062,0.05916336983800653,0.9304489795918366,18.97489014438167,111.0,35.864,67.02,0.48308300395256915,0.9190322580645162,0,0.06277463904582549,1.0
1,0.9,ewma,14.508,551.2274424242426,0.0714217188403463,1.0347070707070707,19.51750972762646,112.0,32.748,70.524,0.4808071748878924,0.917741935483871,0,0.061847225066557446,1.0
2,0.9,ewma,16.26,550.850698989899,0.06349981730420327,1.0292929292929294,19.151553241156403,110.0,32.02,71.74,0.4793509058126556,0.9203441576464058,0,0.060872688094810556,1.0
3,0.9,ewma,14.336,545.232093877551,0.06645947708753831,0.9522448979591837,18.436689930209372,110.0,34.32,68.252,0.47968513954043096,0.908851884312007,0,0.07178464606181456,1.0
4,0.9,ewma,14.692,544.9317818181819,0.06527075324820425,0.9511111111111111,19.152159756891688,111.0,35.6,68.32,0.4817383263985206,0.9119804400977995,0,0.07054482309528978,1.0
5,0.9,ewma,15.296,545.6322791666666,0.06266388208061001,0.9543333333333333,18.065856129685915,109.0,32.96,67.06,0.48405139833711264,0.9069536423841059,0,0.060587639311043565,1.0
6,0.9,ewma,15.544,546.0487030303032,0.062467207048579595,0.9663434343434343,18.96554657592514,110.0,34.312,68.448,0.483687829841676,0.9134936539746159,0,0.0635899617184177,1.0
7,0.9,ewma,13.828,543.5425252525253,0.06715219797037979,0.9275555555555557,17.910953346855983,110.0,35.92,68.908,0.48079625292740047,0.9174418604651163,0,0.06632860040567952,1.0
8,0.9,ewma,17.076,540.0778747474747,0.051702061849017475,0.878828282828283,19.511069728946826,111.0,37.784,68.352,0.4839900489527325,0.9078522768017211,0,0.06228015725222429,1.0
9,0.9,ewma,16.156,541.0114545454546,0.05559680856161765,0.8945050505050506,20.67277365491651,112.0,38.012,67.52,0.48247833755080133,0.9087529570800946,0,0.0698051948051948,1.0
10,0.9,ewma,15.844,547.195680808081,0.06247973465016808,0.988040404040404,18.773415132924335,109.0,36.116,69.56,0.48293413173652694,0.9171091445427728,0,0.06114519427402863,1.0
11,0.9,ewma,16.368,543.9929292929294,0.057367364266280675,0.9380202020202021,20.30992529348986,112.0,36.292,68.876,0.48235482836060317,0.9089709762532981,0,0.06766275346851654,1.0
12,0.9,ewma,13.924,541.5736161616162,0.06529255777892141,0.9076767676767676,17.844711014176664,110.0,38.068,68.324,0.483001438631029,0.9116003943476833,0,0.0663031624863686,1.0
13,0.9,ewma,14.856,546.3487595959597,0.06508757712875361,0.9657373737373737,17.666408368849282,108.94999999999982,34.136,69.568,0.4831478166108819,0.9177196591243021,0,0.05908562572646261,1.0
14,0.9,ewma,14.504,546.8583757575757,0.06757622007622006,0.9772525252525253,18.31044109436069,109.39999999999964,34.312,69.752,0.4803337306317044,0.91268758526603,0,0.06588498045784479,1.0
15,0.9,ewma,14.352,545.4692000000001,0.06703073408073408,0.9591919191919192,18.146011247656737,110.0,36.068,70.288,0.48268969377148796,0.9148012028065486,0,0.06269527181837117,1.0
16,0.9,ewma,14.672,548.1920839506173,0.06822956897858859,0.9988641975308641,16.81725773661622,75.79999999998472,27.776,57.116,0.4820701301281414,0.9280655982109579,0,0.050146826293200816,1.0
17,0.9,ewma,16.124,549.4652791666668,0.06315709325396826,1.0166666666666668,18.62214739992518,109.0,33.132,70.208,0.4778247096092925,0.9134672179562906,0,0.06172839506172839,1.0
18,0.9,ewma,15.876,542.9474505050506,0.05815831898675036,0.9222222222222222,18.566905226631967,110.0,36.448,68.896,0.48348559381588196,0.90927624872579,0,0.06527868141400997,1.0
19,0.9,ewma,16.052,544.1550505050506,0.05878491922021334,0.9418989898989898,19.656043046357617,111.0,35.72,68.876,0.48244859666953327,0.9093175444063571,0,0.06643211920529801,1.0
20,0.9,ewma,14.508,551.2389535353536,0.07151208508267333,1.0353535353535352,18.23852385238524,111.0,32.2,70.892,0.4782932891466446,0.9208651399491095,0,0.06282628262826283,1.0
21,0.9,ewma,14.26,546.9127797979799,0.06894905147338302,0.9797171717171718,18.515151515151516,111.0,34.768,68.572,0.4833166371272251,0.9176314918954681,0,0.059568285595682856,1.0
22,0.9,ewma,14.136,546.3078375000001,0.06875815960999784,0.9721666666666666,18.641768937790943,111.0,33.896,66.932,0.48097217780620405,0.9149484536082474,0,0.06792213288192975,1.0
23,0.9,ewma,15.672,552.0761583333334,0.06723894238250855,1.0533333333333332,19.94891089108911,112.55000000000018,31.584,68.944,0.48215360798142254,0.9125840537944284,0,0.06079207920792079,1.0
24,0.9,ewma,14.596,548.159785858586,0.0685482544688427,0.9985858585858586,18.410284265797575,110.0,33.64,69.436,0.47987462883536786,0.9155805687203792,0,0.062103929024081114,1.0
25,0.9,ewma,15.08,544.545142857143,0.06288208393247409,0.9473469387755101,17.98012684989429,110.0,36.1,68.996,0.4824408072461465,0.9146649810366625,0,0.06342494714587738,1.0
26,0.9,ewma,16.16,538.7990262626263,0.053964780056162925,0.8697373737373738,19.159823284823286,111.0,38.648,66.82,0.48854012897210786,0.9084077031470174,0,0.06704781704781705,1.0
27,0.9,ewma,14.5,550.1180000000002,0.07034502458325989,1.0184242424242425,16.77478134110787,106.0,32.8,71.644,0.48127989444169555,0.9196799051570835,0,0.056669096209912534,1.0
28,0.9,ewma,14.64,546.025393939394,0.06547906102611985,0.9566464646464646,17.089210827296988,108.0,33.34,69.04,0.4822963488683858,0.9261825851159988,0,0.05394586351505909,1.0
29,0.9,ewma,15.124,544.2745131313133,0.06269977745565981,0.9482020202020202,18.68005984184655,111.0,36.548,69.356,0.4825822168087698,0.9086882453151618,0,0.06860440265013892,1.0
30,0.9,ewma,13.664,543.2495217391305,0.06887856943780857,0.938913043478261,19.19716589298803,112.0,34.612,61.996,0.4848694848694849,0.9113282663771263,0,0.06718788174932812,1.0
31,0.9,ewma,13.848,546.3803757575758,0.0706604119785938,0.9731313131313132,18.204264647269827,111.0,35.232,69.612,0.48149597058133164,0.9142590866728798,0,0.06277401355121562,1.0
32,0.9,ewma,15.652,545.8136646464646,0.061682414245159335,0.9636363636363636,18.209883953581432,109.0,35.004,69.54,0.4816061185468451,0.9130708661417323,0,0.0584233693477391,1.0
33,0.9,ewma,15.952,548.0352242424243,0.06297510325549541,1.0032727272727273,19.132362122788763,111.0,35.664,70.744,0.4839126919967664,0.9135416666666667,0,0.0595213319458897,1.0
34,0.9,ewma,14.32,544.0404808080809,0.0659982905982906,0.9437575757575758,18.60957810718358,111.0,36.528,68.364,0.48436233997731326,0.9112114371708051,0,0.06362599771949828,1.0
35,0.9,ewma,19.276,542.378602020202,0.0469662076494284,0.9006060606060606,21.259124823553137,111.0,34.984,69.8,0.48263587428372984,0.907393850658858,0,0.06291591046581972,1.0
36,0.9,ewma,16.044,539.0279166666668,0.053945217670401495,0.8649583333333334,19.923946110386787,112.0,36.244,64.436,0.48411175090637665,0.9104618284637135,0,0.0686657974793568,1.0
37,0.9,ewma,16.836,552.0303621052632,0.06265575778972717,1.0534315789473683,20.13080495356037,112.0,32.072,68.908,0.4797303536799335,0.9133858267716536,0,0.058243034055727554,1.0
38,0.9,ewma,14.336,548.7034787878789,0.07033907018907018,1.0078787878787878,18.434432371674784,111.0,34.452,70.04,0.4815184049079755,0.9153179190751445,0,0.060134881978269016,1.0
39,0.9,ewma,14.876,545.4864606060607,0.06465125898067074,0.9600808080808082,17.964169381107492,110.0,35.612,70.12,0.48188821504671364,0.9156824146981627,0,0.061482084690553745,1.0
40,0.9,ewma,14.028,550.5717575757577,0.07391413586413585,1.0349494949494948,18.25444673282157,111.0,34.116,70.74,0.4812619981637593,0.9152646069134291,0,0.05841602696124321,1.0
41,0.9,ewma,14.756,544.2918989898991,0.06377440729205434,0.9388686868686869,20.311718584445856,112.0,34.764,67.408,0.48142127264282397,0.8990914990266061,0,0.07628734901462174,1.0
42,0.9,ewma,14.456,549.5939111111112,0.07039897020191137,1.0155555555555558,18.343004039662137,110.0,33.648,70.124,0.4797362495979415,0.9208754208754208,0,0.06077855306647081,1.0
43,0.9,ewma,14.56,544.5975663157894,0.06526670877797812,0.945221052631579,17.954395965796973,109.0,33.944,65.4,0.48260100265408434,0.9158905704307334,0,0.0666520499890375,1.0
44,0.9,ewma,15.308,545.3723959595959,0.06269673231634015,0.9573737373737374,19.695991983967936,111.0,35.888,69.8,0.48058103975535166,0.9058479532163742,0,0.07174348697394789,1.0
45,0.9,ewma,13.86,546.2562424242425,0.0705398878898879,0.9747070707070706,18.27335359675785,110.0,35.368,68.48,0.4825174825174825,0.9185303514376997,0,0.06160081053698075,1.0
46,0.9,ewma,15.184,544.5349959183674,0.062453316931168075,0.9473877551020408,19.73647506339814,112.0,35.14,67.612,0.48495589161940766,0.9054921540656206,0,0.0676246830092984,1.0
47,0.9,ewma,14.896,545.606084848485,0.06386522921522922,0.9502222222222222,18.07943207981581,109.0,34.72,70.2,0.4806258224886679,0.9191522762951334,0,0.060629316960859554,1.0
48,0.9,ewma,15.148,542.6186489795919,0.06066188281173275,0.9160408163265306,19.26135407905803,111.0,37.092,68.808,0.48221690590111643,0.9054054054054054,0,0.06539108494533222,1.0
49,0.9,ewma,14.796,541.6564323232324,0.060877740052249864,0.8982222222222221,18.00818124606671,110.0,36.092,67.336,0.48517039783259663,0.9159381304640215,0,0.06041535556954059,1.0
0,1.0,static,19.0,556.1712938775511,0.06458216970998926,1.2270612244897958,15.119365225390984,19.0,66.748,98.0,0.0,1.0,0,0.0,1.0
1,1.0,static,18.0,564.9361898989898,0.07379349046015712,1.3282828282828283,16.460113421550094,18.0,58.5,99.0,0.0,1.0,0,0.0,1.0
2,1.0,static,20.0,560.0287636363637,0.06324242424242425,1.2648484848484847,17.069975083056477,20.0,61.78,99.0,0.0,1.0,0,0.0,1.0
3,1.0,static,18.0,559.0126979591837,0.06968934240362813,1.2544081632653061,14.49290916059793,18.0,62.068,98.0,0.0,1.0,0,0.0,1.0
4,1.0,static,19.0,561.0537656565658,0.06738755980861244,1.2803636363636364,16.01148559593297,19.0,62.244,99.0,0.0,1.0,0,0.0,1.0
5,1.0,static,19.0,556.9984875,0.06454166666666668,1.2262916666666666,13.761675071256304,19.0,62.276,96.0,0.0,1.0,0,0.0,1.0
6,1.0,static,21.0,560.8577737373738,0.06126599326599327,1.2865858585858587,17.453897902651367,21.0,62.628,99.0,0.0,1.0,0,0.0,1.0
7,1.0,static,18.0,558.0920000000001,0.06848933782267116,1.2328080808080808,15.304673238408178,18.0,62.952,99.0,0.0,1.0,0,0.0,1.0
8,1.0,static,22.0,553.497103030303,0.053368227731864094,1.17410101010101,18.202064220183487,22.0,66.764,99.0,0.0,1.0,0,0.0,1.0
9,1.0,static,21.0,556.2845171717172,0.05775853775853776,1.2129292929292927,17.768411511443464,21.0,65.92,99.0,0.0,1.0,0,0.0,1.0
10,1.0,static,22.0,562.2886222222222,0.05915886134067952,1.3014949494949497,17.449390361912133,22.0,62.152,99.0,0.0,1.0,0,0.0,1.0
11,1.0,static,22.0,560.8630303030305,0.058222222222222224,1.2808888888888892,17.878601970626512,22.0,61.192,99.0,0.0,1.0,0,0.0,1.0
12,1.0,static,19.0,557.767785858586,0.06512068048910155,1.2372929292929293,16.419474116680362,19.0,64.508,99.0,0.0,1.0,0,0.0,1.0
13,1.0,static,18.0,557.0893535353537,0.06807856341189673,1.2254141414141415,14.506383855024712,18.0,64.684,99.0,0.0,1.0,0,0.0,1.0
14,1.0,static,18.0,557.0173171717172,0.0686240179573513,1.2352323232323232,15.31324531516184,18.0,65.712,99.0,0.0,1.0,0,0.0,1.0
15,1.0,static,18.0,555.5527313131314,0.06714029180695848,1.2085252525252526,15.775555555555556,18.0,66.356,99.0,0.0,1.0,0,0.0,1.0
16,1.0,static,20.0,562.1782271604939,0.06528148148148148,1.3056296296296297,16.552339604438014,20.0,50.244,81.0,0.0,1.0,0,0.0,1.0
17,1.0,static,20.0,560.4464499999999,0.063525,1.2705,14.516331658291458,20.0,59.032,96.0,0.0,1.0,0,0.0,1.0
18,1.0,static,20.0,558.8249333333333,0.06235353535353535,1.2470707070707072,16.287977254264824,20.0,62.54,99.0,0.0,1.0,0,0.0,1.0
19,1.0,static,19.0,559.5221858585859,0.06659649122807018,1.2653333333333334,15.801449859041481,19.0,62.732,99.0,0.0,1.0,0,0.0,1.0
20,1.0,static,18.0,563.230290909091,0.07254096520763187,1.3057373737373736,15.84209538114908,18.0,59.732,99.0,0.0,1.0,0,0.0,1.0
21,1.0,static,18.0,564.0969979797981,0.07354657687991022,1.3238383838383838,15.107323468814386,18.0,59.94,99.0,0.0,1.0,0,0.0,1.0
22,1.0,static,17.0,560.6862625000001,0.07545343137254903,1.2827083333333336,14.856308411214954,17.0,60.86,96.0,0.0,1.0,0,0.0,1.0
23,1.0,static,19.0,561.8205583333333,0.06865789473684211,1.3045,17.203791469194314,19.0,60.768,96.0,0.0,1.0,0,0.0,1.0
24,1.0,static,18.0,561.4582424242425,0.07211447811447812,1.298060606060606,15.903338829348723,18.0,62.492,99.0,0.0,1.0,0,0.0,1.0
25,1.0,static,18.0,558.1272244897959,0.06910204081632654,1.2438367346938777,14.394851485148514,18.0,63.104,98.0,0.0,1.0,0,0.0,1.0
26,1.0,static,20.0,561.223183838384,0.06433939393939395,1.2867878787878788,15.7625284738041,20.0,60.608,99.0,0.0,1.0,0,0.0,1.0
27,1.0,static,19.0,563.4841333333334,0.06844231791600214,1.3004040404040402,14.108612873980054,19.0,57.26,99.0,0.0,1.0,0,0.0,1.0
28,1.0,static,18.0,556.323402020202,0.0674702581369248,1.2144646464646465,14.592357989374744,18.0,64.768,99.0,0.0,1.0,0,0.0,1.0
29,1.0,static,18.0,559.9636121212122,0.07082828282828282,1.274909090909091,15.068965517241379,18.0,62.784,99.0,0.0,1.0,0,0.0,1.0
30,1.0,static,19.0,561.4869260869566,0.06907780320366132,1.312478260869565,17.42497988736927,19.0,60.252,92.0,0.0,1.0,0,0.0,1.0
31,1.0,static,17.0,558.7574383838383,0.07398692810457518,1.2577777777777779,15.148084742135673,17.0,64.48,99.0,0.0,1.0,0,0.0,1.0
32,1.0,static,20.0,558.3587232323233,0.062610101010101,1.25220202020202,16.36659793814433,20.0,64.032,99.0,0.0,1.0,0,0.0,1.0
33,1.0,static,19.0,562.2496444444445,0.06885061137692716,1.3081616161616163,16.600524828421477,19.0,61.492,99.0,0.0,1.0,0,0.0,1.0
34,1.0,static,18.0,557.4903313131314,0.06942087542087542,1.2495757575757576,15.545666949872558,18.0,66.292,99.0,0.0,1.0,0,0.0,1.0
35,1.0,static,24.0,552.7583151515151,0.04795791245791246,1.150989898989899,18.578877887788778,24.0,65.052,99.0,0.0,1.0,0,0.0,1.0
36,1.0,static,21.0,556.411025,0.05802777777777778,1.2185833333333334,17.626107127794178,21.0,63.016,96.0,0.0,1.0,0,0.0,1.0
37,1.0,static,21.0,561.4961178947368,0.06159799498746867,1.2935578947368422,17.799229365240315,21.0,60.112,95.0,0.0,1.0,0,0.0,1.0
38,1.0,static,17.0,559.9980444444444,0.07530362448009506,1.280161616161616,14.864820173625466,17.0,64.264,99.0,0.0,1.0,0,0.0,1.0
39,1.0,static,19.0,558.4620121212122,0.06573950026581606,1.2490505050505052,15.769573520050923,19.0,63.344,99.0,0.0,1.0,0,0.0,1.0
40,1.0,static,18.0,562.5479393939395,0.0727564534231201,1.3096161616161617,16.219591836734693,18.0,62.348,99.0,0.0,1.0,0,0.0,1.0
41,1.0,static,19.0,559.8519353535355,0.06682828282828282,1.2697373737373736,16.816042006156074,19.0,63.296,99.0,0.0,1.0,0,0.0,1.0
42,1.0,static,17.0,560.9542868686871,0.07546524064171123,1.282909090909091,15.439722463139637,17.0,62.992,99.0,0.0,1.0,0,0.0,1.0
43,1.0,static,20.0,558.83168,0.06277052631578947,1.2554105263157895,14.62663416795923,20.0,61.736,95.0,0.0,1.0,0,0.0,1.0
44,1.0,static,19.0,557.1685737373738,0.06476129718234981,1.2304646464646467,16.44849924422371,19.0,65.184,99.0,0.0,1.0,0,0.0,1.0
45,1.0,static,17.0,560.3552000000001,0.07580273321449792,1.2886464646464646,15.300806284887328,17.0,64.424,99.0,0.0,1.0,0,0.0,1.0
46,1.0,static,19.0,561.9803632653062,0.06850912996777658,1.3016734693877552,16.214102816623992,19.0,60.436,98.0,0.0,1.0,0,0.0,1.0
47,1.0,static,19.0,556.0522545454546,0.06304518872939925,1.1978585858585857,15.678059320369279,19.0,63.412,99.0,0.0,1.0,0,0.0,1.0
48,1.0,static,18.0,558.6726000000001,0.06892290249433106,1.240612244897959,15.368591576138746,18.0,61.42,98.0,0.0,1.0,0,0.0,1.0
49,1.0,static,18.0,554.9461535353536,0.06642199775533109,1.1955959595959598,15.11306423611111,18.0,66.636,99.0,0.0,1.0,0,0.0,1.0
0,1.0,bsps,15.056,542.5002653061225,0.06108145382695203,0.916,14.623965041398344,17.0,35.624,66.22,0.49682107175295187,0.9657210401891253,0,0.023689052437902484,1.0
1,1.0,bsps,15.096,553.4370666666667,0.07085397296965924,1.0655757575757574,14.958979206049149,17.0,31.372,71.42,0.49730796841349606,0.9777849323889246,0,0.01550094517958412,1.0
2,1.0,bsps,16.052,547.745911111111,0.06151380605596292,0.9852929292929293,15.223006644518273,17.0,33.368,70.004,0.4964259304905102,0.9730431958428061,0,0.020556478405315614,1.0
3,1.0,bsps,14.528,546.5378285714286,0.06692266840802255,0.9702448979591837,13.239172096588732,16.0,33.624,68.976,0.49598312099326464,0.9752515637748165,0,0.019739363740896895,1.0
4,1.0,bsps,14.792,548.8645535353536,0.06782707847707849,1.0017373737373738,14.24082093767652,16.0,33.204,69.496,0.4972226630693541,0.9786184210526315,0,0.01656938429674261,1.0
5,1.0,bsps,15.212,544.7123375,0.06229127159945175,0.9449583333333333,13.236570927428195,17.0,33.98,67.288,0.49709568939162335,0.9772583701831965,0,0.016663012497259374,1.0
6,1.0,bsps,15.572,547.8684525252527,0.06376574612751083,0.9906666666666666,15.05935892362485,18.0,33.32,69.104,0.49641100088716833,0.9706546275395034,0,0.020973486347447567,1.0
7,1.0,bsps,13.864,546.0798464646465,0.06933764198764197,0.9582626262626264,13.138919313618109,15.0,33.604,69.164,0.4964838255977497,0.973638470451912,0,0.018802482657904344,1.0
8,1.0,bsps,17.172,541.1311474747476,0.0520848192972032,0.8920404040404042,15.680504587155964,18.0,36.684,68.368,0.4971278123504069,0.9723858615611193,0,0.019954128440366974,1.0
9,1.0,bsps,15.952,543.8073333333335,0.0581488413127216,0.9281212121212121,15.026285973260821,19.0,35.224,67.788,0.4978338527019837,0.9781920506507211,0,0.019487876727849535,1.0
10,1.0,bsps,16.144,549.8594383838384,0.06304444727385904,1.0167272727272727,14.752661118637507,17.0,32.824,69.26,0.4973968158152871,0.9805547612239062,0,0.015676407973679116,1.0
11,1.0,bsps,17.064,548.3257898989899,0.05849623208844055,0.9951515151515151,15.575943483918945,18.0,32.732,69.968,0.4972117434804002,0.9776164549304295,0,0.01691764268451385,1.0
12,1.0,bsps,14.272,545.0207474747476,0.06650195175195177,0.9451717171717171,13.452547247329498,15.0,33.94,68.008,0.4970791290493893,0.9755620723362659,0,0.017666392769104356,1.0
13,1.0,bsps,14.808,544.7154626262627,0.06380510310314232,0.9427878787878787,13.825988467874794,16.0,34.84,68.652,0.49729078868151716,0.974679270762998,0,0.018533772652388796,1.0
14,1.0,bsps,14.104,543.9441535353536,0.06638831353831354,0.9368888888888889,13.428449744463373,15.0,35.628,68.372,0.49631393027184767,0.9739776951672863,0,0.019804088586030666,1.0
15,1.0,bsps,13.82,543.1717737373738,0.0673333139924049,0.9257777777777778,13.443333333333333,15.0,36.712,68.848,0.4970164690906198,0.9747526441487547,0,0.01911111111111111,1.0
16,1.0,bsps,14.876,549.1764987654321,0.06784690413677341,1.00879012345679,14.083936324167873,16.0,26.58,56.904,0.4965725806451613,0.9759717314487633,0,0.01881331403762663,1.0
17,1.0,bsps,15.964,548.38075,0.062470374747121075,0.9962083333333334,14.551926298157454,17.0,32.316,68.7,0.4964993169398907,0.9730085582620145,0,0.020309882747068676,1.0
18,1.0,bsps,16.168,546.2384444444447,0.05939897027446048,0.9604444444444443,14.67506092607636,17.0,32.936,68.796,0.49690672588832485,0.972310630171865,0,0.02091795288383428,1.0
19,1.0,bsps,16.068,546.8202707070708,0.06077447313035548,0.9751515151515151,14.50140958517922,17.0,33.8,69.572,0.49712643678160917,0.9786866359447005,0,0.016915022150624244,1.0
20,1.0,bsps,13.976,551.449296969697,0.07421857031857032,1.035919191919192,13.430153961697334,15.0,31.608,70.484,0.49679333012666343,0.9807146908678389,0,0.014832895230942547,1.0
21,1.0,bsps,14.628,551.4804888888889,0.07108208240561181,1.0358787878787878,14.657988387338452,16.0,30.888,69.428,0.49586445033325305,0.971243304200733,0,0.020977711181869262,1.0
22,1.0,bsps,14.252,547.8701916666668,0.06945374503968253,0.9904583333333333,13.907126168224298,15.0,32.4,67.008,0.49667194928684627,0.9739644970414201,0,0.0190809968847352,1.0
23,1.0,bsps,15.524,549.1533583333334,0.06534650589402426,1.0143333333333333,15.090253451473316,17.0,33.06,67.884,0.4975249601476634,0.9795125397386083,0,0.01442406758705955,1.0
24,1.0,bsps,14.664,548.2287474747475,0.06797858231093525,0.996,14.282357790601814,15.0,32.884,68.864,0.4973240016467682,0.9764530551415798,0,0.018342951360263808,1.0
25,1.0,bsps,15.044,545.6605265306123,0.0638562918574023,0.9602857142857143,13.772079207920791,15.0,34.616,68.908,0.49602164226607254,0.9707730986800754,0,0.020792079207920793,1.0
26,1.0,bsps,16.56,548.5152242424242,0.06024912854030501,0.9962020202020202,14.08276385725133,17.0,32.12,70.032,0.4972323127486594,0.9813845258871436,0,0.014236902050113895,1.0
27,1.0,bsps,14.632,552.3676484848486,0.07184917508054763,1.0455353535353535,12.490480507706256,16.0,30.512,71.892,0.49751871477836657,0.9828302409304902,0,0.012692656391659111,1.0
28,1.0,bsps,14.632,543.7636121212123,0.06344965633495045,0.9275151515151515,13.573559460563956,16.0,34.52,68.248,0.49650026921006074,0.9716572190730244,0,0.02022885165508786,1.0
29,1.0,bsps,15.116,547.4888080808081,0.06561896132190251,0.9902222222222222,13.814176245210728,16.0,34.86,70.556,0.4969041525633617,0.9760918074593561,0,0.017454235845040442,1.0
30,1.0,bsps,13.936,547.8289695652174,0.0719991419812072,0.9999565217391304,14.30852775543041,16.0,32.38,63.688,0.49698221092757305,0.9775174160861304,0,0.016492357200321803,1.0
31,1.0,bsps,13.728,545.8975636363638,0.07037165242165243,0.9642424242424242,13.473785576717312,15.0,34.916,68.904,0.49697619229885936,0.9727613210759278,0,0.018189599828803766,1.0
32,1.0,bsps,15.228,545.1262707070708,0.06261791008555714,0.9506262626262627,14.072371134020619,16.0,34.1,68.476,0.4967960799095364,0.9695142378559464,0,0.02020618556701031,1.0
33,1.0,bsps,15.672,549.7008686868687,0.06521137533490474,1.0214141414141413,14.719822365765038,16.0,33.568,70.596,0.4966966488895964,0.9735764793449945,0,0.017561566410981024,1.0
34,1.0,bsps,14.484,543.8361535353537,0.06481079106079105,0.9382222222222222,14.365335598980458,16.0,35.544,67.672,0.4968739980763065,0.9687004754358162,0,0.021240441801189464,1.0
35,1.0,bsps,19.288,540.8606707070708,0.04572891137662325,0.8796767676767676,16.333993399339935,21.0,35.5,68.884,0.49695175056610347,0.9754335260115607,0,0.01892189218921892,1.0
36,1.0,bsps,15.892,543.5875625,0.05835872383675693,0.9254166666666667,14.625474483340362,17.0,33.452,65.952,0.49704573637756216,0.978819542502118,0,0.018135807676086038,1.0
37,1.0,bsps,16.628,549.134812631579,0.06092706373777581,1.011242105263158,16.054552829040762,18.0,32.668,67.076,0.49653870358716173,0.9710696612105063,0,0.017440681403366458,1.0
38,1.0,bsps,13.832,546.8716242424242,0.07095854461442695,0.9803232323232324,13.915047540305912,15.0,34.468,68.688,0.4968017057569296,0.9771377672209026,0,0.018602728400165358,1.0
39,1.0,bsps,14.664,546.078597979798,0.06605412920412922,0.9665454545454545,13.593252705283259,15.0,34.744,69.86,0.49723847992745857,0.9785187560115421,0,0.017610863568852112,1.0
40,1.0,bsps,14.4,549.887292929293,0.0712922898749102,1.0208888888888887,15.080816326530613,17.0,33.484,69.592,0.4968407050216162,0.9761018001241465,0,0.01979591836734694,1.0
41,1.0,bsps,14.94,546.7167353535352,0.06501352329587624,0.9701010101010102,14.667571971754482,16.0,33.096,68.24,0.49666588216835333,0.9735628650476483,0,0.018649284808980628,1.0
42,1.0,bsps,14.32,548.544985858586,0.06993268953268952,0.9991919191919192,13.786209887250651,16.0,33.664,69.216,0.49751050256729423,0.9790209790209791,0,0.016045099739809193,1.0
43,1.0,bsps,14.444,545.7703831578948,0.06710897006330442,0.9574736842105264,13.139596720584978,18.0,32.404,65.14,0.4965275239418086,0.9732008431195424,0,0.021271881231996456,1.0
44,1.0,bsps,14.992,544.5229454545456,0.06296108020519785,0.9423838383838383,14.433599654502267,17.0,35.512,68.748,0.49678047319556756,0.9732824427480916,0,0.020729863960267762,1.0
45,1.0,bsps,13.9,547.0108646464647,0.07095273615273615,0.9836767676767677,13.799255737027083,15.0,34.468,68.536,0.49719898703092624,0.9744021556079488,0,0.018193094893529046,1.0
46,1.0,bsps,15.792,549.0641959183674,0.06379411280995914,1.008,15.262162694504628,17.0,32.14,69.076,0.49621306699958384,0.9733142037302726,0,0.020681504825684458,1.0
47,1.0,bsps,15.2,544.3402666666667,0.06137256349315173,0.9313131313131313,14.005107051659792,16.0,34.224,69.24,0.4972937865338818,0.9763930826242108,0,0.01983893144765272,1.0
48,1.0,bsps,15.208,546.7537142857143,0.06377382447484489,0.9681224489795918,14.123117972174576,16.0,33.02,69.148,0.4971732896353953,0.9802731411229135,0,0.014675052410901468,1.0
49,1.0,bsps,14.904,542.7923595959596,0.06170085977929115,0.9176161616161617,14.059027777777779,16.0,36.596,68.504,0.4971015529950619,0.9739015526924347,0,0.018446180555555556,1.0
0,1.0,ewma,15.328,541.3466734693878,0.05899364821887884,0.898408163265306,18.395814167433304,110.0,35.644,65.352,0.4930708065126846,0.9178781925343812,0,0.06071757129714812,1.0
1,1.0,ewma,15.132,552.4107797979799,0.06975892847167357,1.052,17.79905482041588,18.0,32.04,71.104,0.4914767629642921,0.939110824742268,0,0.043478260869565216,1.0
2,1.0,ewma,15.9,546.9908121212122,0.06148237833335873,0.9750707070707072,17.86108803986711,17.0,33.744,69.672,0.4928489232286701,0.9367704280155642,0,0.04838039867109634,1.0
3,1.0,ewma,14.54,545.6670040816327,0.06599374859834044,0.9588163265306122,16.14488309697202,16.0,34.188,68.692,0.49188575137942225,0.941512513601741,0,0.04810272134917593,1.0
4,1.0,ewma,14.612,547.8774343434344,0.06787126022126022,0.9898989898989898,17.28826962907174,17.0,34.116,69.36,0.49138683813606415,0.9373117985217629,0,0.04933157597439277,1.0
5,1.0,ewma,15.096,543.6096041666667,0.06187319939728029,0.9299166666666666,16.83556237667178,106.0,34.528,66.836,0.49235123145173626,0.9269521410579346,0,0.053716290287217715,1.0
6,1.0,ewma,15.58,547.1276767676768,0.06313868902759512,0.9808888888888889,17.521764938662447,19.0,33.76,68.832,0.49233623749596644,0.9346005154639175,0,0.046893549663632766,1.0
7,1.0,ewma,13.724,545.0575878787879,0.06891532726532726,0.943030303030303,15.88809784592917,16.0,33.728,68.46,0.491796875,0.9339130434782609,0,0.04782767433369843,1.0
8,1.0,ewma,16.724,540.2181575757576,0.05268149083840518,0.8785454545454545,18.48715596330275,106.05000000000018,36.876,67.796,0.4930960172400032,0.9305402425578831,0,0.05206422018348624,1.0
9,1.0,ewma,15.56,542.6348202020203,0.05862081313262005,0.9119595959595959,18.781554498073874,109.0,35.72,67.216,0.4926985092789778,0.9253155680224404,0,0.05778382053025153,1.0
10,1.0,ewma,16.128,548.7810828282829,0.062260116100312186,1.0028282828282828,18.16876330559319,18.0,33.544,68.92,0.4917352253000226,0.9351613824621536,0,0.04973872653377202,1.0
11,1.0,ewma,16.72,547.477098989899,0.05903824623948463,0.9847272727272728,18.255065997397285,18.0,33.772,70.1,0.4920830256788908,0.9374811235276351,0,0.04536159137386131,1.0
12,1.0,ewma,13.916,544.0382101010101,0.06717879897879897,0.9315555555555556,16.290673788003286,16.0,34.36,67.54,0.4930955993930197,0.9351791530944625,0,0.04786359901396878,1.0
13,1.0,ewma,14.812,543.873486868687,0.06289112419896734,0.9309898989898989,16.49814662273476,16.0,35.164,68.212,0.49307645996387717,0.9328156650911547,0,0.045510708401976935,1.0
14,1.0,ewma,14.056,543.161688888889,0.06588129278129279,0.9265454545454544,16.341354344122657,16.0,36.116,68.1,0.4928571428571429,0.9377708978328173,0,0.049403747870528106,1.0
15,1.0,ewma,14.084,542.2229373737374,0.06513879083879084,0.9153535353535354,17.544,109.0,37.904,68.916,0.4917602101743492,0.9220823409322899,0,0.057777777777777775,1.0
16,1.0,ewma,14.676,547.990301234568,0.06760216494955057,0.9916049382716049,17.13603473227207,106.0,26.796,56.316,0.4918297357272544,0.935472496473907,0,0.05161601543656536,1.0
17,1.0,ewma,15.888,547.10975,0.061534683654444686,0.9769583333333334,17.736390284757118,104.25,32.304,67.704,0.49150081148031094,0.9263884324679592,0,0.05339195979899498,1.0
18,1.0,ewma,16.056,545.5333010101011,0.05931390544821918,0.9526464646464646,17.709179528838344,102.84999999999945,33.772,68.828,0.49226374672696976,0.9300921512551636,0,0.051584077985377744,1.0
19,1.0,ewma,15.872,545.8183313131314,0.060660416478373134,0.9608888888888889,17.539871123640758,19.0,34.112,69.012,0.4920520808371276,0.937948865268601,0,0.048932742650020136,1.0
20,1.0,ewma,14.004,550.383591919192,0.07286018175724059,1.0198787878787878,16.03360871197897,16.0,31.656,69.7,0.49298597194388777,0.946950354609929,0,0.0411190386781825,1.0
21,1.0,ewma,14.268,550.679094949495,0.07207611212317094,1.024888888888889,17.21708185053381,17.0,31.232,69.048,0.4928468091946632,0.9367622259696459,0,0.047012549166510584,1.0
22,1.0,ewma,14.228,546.8755708333333,0.06867438377594627,0.97725,16.859034267912772,16.0,32.956,66.64,0.4917188366748554,0.9322685595977521,0,0.04848130841121495,1.0
23,1.0,ewma,15.508,548.0164,0.06445472543183939,0.9996666666666666,18.5567690088605,17.0,33.796,67.54,0.4918982453194526,0.9256780556533991,0,0.04986606222954873,1.0
24,1.0,ewma,14.804,547.3005090909093,0.06669135679135679,0.9853333333333334,17.964138499587797,109.0,33.892,68.836,0.49172089957986653,0.9342457601904195,0,0.05358615004122012,1.0
25,1.0,ewma,15.136,544.6450408163266,0.06257680698653087,0.9458367346938776,17.022178217821782,104.0,34.94,68.344,0.4921949665498566,0.9264245460237946,0,0.05287128712871287,1.0
26,1.0,ewma,16.672,547.6993454545454,0.05926508785332314,0.9875555555555556,17.302201974183752,18.0,33.256,70.168,0.4918628808864266,0.9382250580046404,0,0.045937737281700836,1.0
27,1.0,ewma,14.444,551.2677777777778,0.07155065762124585,1.0315555555555553,15.758295557570262,16.0,31.22,71.48,0.49154396297854436,0.9399723374827109,0,0.0456935630099728,1.0
28,1.0,ewma,14.408,542.7214303030304,0.06341208946529801,0.9125252525252524,16.85022476501839,103.34999999999945,34.808,67.632,0.4919596830037701,0.9257409257409257,0,0.05373927257866776,1.0
29,1.0,ewma,15.396,546.8106787878789,0.0639360928831517,0.9818989898989899,16.69220945083014,17.0,35.448,70.428,0.49339170659177267,0.9446564885496184,0,0.043209876543209874,1.0
30,1.0,ewma,13.8,546.4612130434784,0.07111353519668738,0.9795652173913044,18.20997586484312,111.0,32.472,62.796,0.4908194897067006,0.9226885452824235,0,0.05551086082059534,1.0
31,1.0,ewma,13.616,544.9801616161617,0.07016823614096342,0.9517575757575758,16.741065696554674,106.39999999999964,35.344,68.488,0.49260706351030414,0.9267051238547676,0,0.05221485127327199,1.0
32,1.0,ewma,15.356,544.4618222222224,0.061488015833113877,0.9426666666666668,16.95257731958763,18.0,34.744,68.404,0.4930236066068331,0.9291206954195921,0,0.04927835051546392,1.0
33,1.0,ewma,15.576,548.8136202020203,0.06494944449160135,1.0093333333333334,17.588817117480822,17.0,33.988,70.208,0.4938655194391332,0.9277242401779096,0,0.046023415421881306,1.0
34,1.0,ewma,14.52,542.8827434343435,0.06368561210031799,0.9251313131313131,17.58411214953271,107.0,35.976,67.228,0.49330446636195974,0.922499011466983,0,0.05310110450297366,1.0
35,1.0,ewma,18.896,539.955402020202,0.045935060128827185,0.8678787878787879,19.219141914191418,101.0,36.232,68.648,0.4928129628016378,0.934319740166005,0,0.050605060506050605,1.0
36,1.0,ewma,15.688,542.4039333333334,0.058040137908795995,0.9080416666666667,18.745466048080978,110.0,33.684,65.212,0.4911268531366392,0.9274669665448412,0,0.060944749051033316,1.0
37,1.0,ewma,16.388,548.0583242105263,0.06087598211214311,0.9946947368421053,18.620158182924357,18.0,32.612,66.252,0.49275883781595753,0.9308773262438284,0,0.044818495234232404,1.0
38,1.0,ewma,13.988,545.887903030303,0.06920128945128945,0.9665454545454545,17.115957007027696,28.749999999969077,34.828,68.164,0.49245771750723755,0.9371665678719621,0,0.05002066969822241,1.0
39,1.0,ewma,14.648,544.8385696969697,0.06497958512076159,0.9491313131313132,17.48313176320815,108.39999999999964,35.196,69.204,0.4919155254908431,0.9277493606138107,0,0.05750053044769786,1.0
40,1.0,ewma,14.168,548.984294949495,0.07148317673611791,1.0094949494949497,17.92918367346939,17.0,34.16,69.356,0.4918100939552673,0.9332919640086875,0,0.049591836734693875,1.0
41,1.0,ewma,14.692,545.4861050505051,0.0649388957447781,0.9522020202020202,17.76009415172913,104.0,33.348,67.464,0.4915227629513344,0.9260736196319018,0,0.052507695093246425,1.0
42,1.0,ewma,14.188,547.4166787878789,0.06951441168259351,0.9846464646464647,18.285342584562013,110.0,34.42,68.86,0.4908114000934434,0.9211526282457252,0,0.06049436253252385,1.0
43,1.0,ewma,14.632,545.0095115789475,0.06565781345101046,0.9468631578947367,16.0059827165965,102.0,32.692,64.768,0.49363662960795784,0.9378004807692307,0,0.05052071792599158,1.0
44,1.0,ewma,15.028,543.6621050505051,0.06197489221018633,0.9313939393939393,18.220902612826603,110.0,36.028,68.416,0.4923572606024277,0.9232720355104629,0,0.055927445476139065,1.0
45,1.0,ewma,13.792,545.8483353535355,0.07006934176934176,0.965979797979798,16.939425263593137,107.0,34.44,67.644,0.49316331233676447,0.9299128101945003,0,0.051064709530700844,1.0
46,1.0,ewma,15.444,548.069367346939,0.06452199634432527,0.995061224489796,18.1301949970455,108.0,32.792,68.756,0.49192339716902583,0.9361031518624642,0,0.05298404569627733,1.0
47,1.0,ewma,15.152,543.5313050505051,0.060960271536742126,0.9205252525252525,16.96700058927519,17.0,34.716,68.916,0.4928906531937928,0.9377229080932785,0,0.049695541151050876,1.0
48,1.0,ewma,14.956,545.4315877551021,0.06367180658477177,0.9477551020408164,16.902611015818565,18.0,32.856,67.972,0.49278688524590164,0.9363636363636364,0,0.044787497617686294,1.0
49,1.0,ewma,14.856,541.6377373737374,0.06065612807671632,0.8991919191919192,17.051866319444443,17.0,36.384,67.464,0.4937361300021476,0.932035631804685,0,0.04904513888888889,1.0
