net,round,scheme,frame_len,energy_uC,duty_b,radio_on,latency,latency_p95,wasted,granted,removal,service,failed,delayed,pdr
0,30,rand_st,19.0,216.35161632653057,0.06647905477980666,1.2631020408163263,39.054174247018395,72.0,63.216,98.0,0.0,1.0,0,0.0,1.0
1,30,rand_st,15.0,219.14866262626262,0.0865131313131313,1.2976969696969698,43.20218466611706,94.0,61.528,99.0,0.0,1.0,0,0.0,1.0
2,30,rand_st,17.0,217.10347474747473,0.07442899584076056,1.2652929292929294,38.779456193353475,76.0,61.736,99.0,0.0,1.0,0,0.0,1.0
3,30,rand_st,16.0,215.59397959183676,0.07806377551020409,1.2490204081632654,38.397590361445786,72.0,62.596,98.0,0.0,1.0,0,0.0,1.0
4,30,rand_st,16.0,216.75215353535356,0.07909595959595958,1.2655353535353533,50.72615446662633,101.0,63.712,99.0,0.0,1.0,0,0.0,1.0
5,30,rand_st,17.0,215.66780833333334,0.07315196078431371,1.2435833333333333,39.78777054002942,71.0,60.616,96.0,0.0,1.0,0,0.0,1.0
6,30,rand_st,19.0,217.74027878787876,0.06766400850611377,1.2856161616161617,41.70634126825365,78.0,62.724,99.0,0.0,1.0,0,0.0,1.0
7,30,rand_st,15.0,213.8558787878788,0.08119057239057238,1.217858585858586,33.08482142857143,73.0,64.432,99.0,0.0,1.0,0,0.0,1.0
8,30,rand_st,21.0,213.56404444444442,0.057579605579605585,1.2091717171717173,27.45526156332054,51.0,63.292,99.0,0.0,1.0,0,0.0,1.0
9,30,rand_st,18.0,214.0308,0.06789898989898989,1.2221818181818183,30.416581371545547,70.0,65.004,99.0,0.0,1.0,0,0.0,1.0
10,30,rand_st,17.0,218.10554343434342,0.07576470588235293,1.288,38.249643657096314,72.0,63.488,99.0,0.0,1.0,0,0.0,1.0
11,30,rand_st,19.0,216.1279919191919,0.06634343434343436,1.2605252525252526,38.52621951219512,92.0,63.208,99.0,0.0,1.0,0,0.0,1.0
12,30,rand_st,18.0,215.9803797979798,0.06954882154882155,1.251878787878788,36.82372881355932,92.0,63.064,99.0,0.0,1.0,0,0.0,1.0
13,30,rand_st,15.0,215.78446060606063,0.0829845117845118,1.2447676767676767,44.397683397683394,98.0,62.768,99.0,0.0,1.0,0,0.0,1.0
14,30,rand_st,17.0,215.54266666666666,0.07370172311348781,1.2529292929292928,31.320615261685976,63.0,63.96,99.0,0.0,1.0,0,0.0,1.0
15,30,rand_st,15.0,216.11749494949495,0.08335084175084176,1.2502626262626264,36.14263074484945,74.0,62.224,99.0,0.0,1.0,0,0.0,1.0
16,30,rand_st,16.0,217.24737777777776,0.08024691358024691,1.2839506172839505,38.17003241087011,73.0,52.0,81.0,0.0,1.0,0,0.0,1.0
17,30,rand_st,20.0,216.73948750000002,0.06308541666666667,1.2617083333333334,38.6323219553308,93.0,59.876,96.0,0.0,1.0,0,0.0,1.0
18,30,rand_st,14.0,215.46911515151515,0.08883694083694084,1.2437171717171718,37.17958603896104,73.0,62.872,99.0,0.0,1.0,0,0.0,1.0
19,30,rand_st,16.0,216.88373333333334,0.07936363636363636,1.2698181818181817,37.78838504375497,68.0,62.288,99.0,0.0,1.0,0,0.0,1.0
20,30,rand_st,16.0,217.29701414141414,0.07967424242424243,1.2747878787878788,34.16794664510913,72.0,62.796,99.0,0.0,1.0,0,0.0,1.0
21,30,rand_st,15.0,218.4634222222222,0.08626262626262628,1.293939393939394,49.75393621316108,97.0,62.9,99.0,0.0,1.0,0,0.0,1.0
22,30,rand_st,15.0,216.0542875,0.08424166666666667,1.263625,34.12492060131272,70.0,62.692,96.0,0.0,1.0,0,0.0,1.0
23,30,rand_st,14.0,219.90680416666666,0.09401488095238096,1.3162083333333334,34.33790808899979,69.0,59.644,96.0,0.0,1.0,0,0.0,1.0
24,30,rand_st,15.0,217.24153939393938,0.08561616161616162,1.2842424242424242,36.68818071803146,91.0,63.86,99.0,0.0,1.0,0,0.0,1.0
25,30,rand_st,14.0,214.85223673469386,0.08853644314868805,1.2395102040816328,32.14148980441115,67.0,63.528,98.0,0.0,1.0,0,0.0,1.0
26,30,rand_st,18.0,215.6055111111111,0.06980471380471381,1.2564848484848485,34.521274409044196,71.0,63.608,99.0,0.0,1.0,0,0.0,1.0
27,30,rand_st,16.0,216.53794747474748,0.07838888888888888,1.2542222222222221,34.43465909090909,66.0,61.832,99.0,0.0,1.0,0,0.0,1.0
28,30,rand_st,16.0,214.2650626262626,0.07653787878787878,1.2246060606060605,35.131472491909385,76.0,63.764,99.0,0.0,1.0,0,0.0,1.0
29,30,rand_st,14.0,216.88985858585855,0.09102453102453104,1.2743434343434343,37.60282258064516,66.0,62.84,99.0,0.0,1.0,0,0.0,1.0
30,30,rand_st,19.0,218.77997391304348,0.06924942791762012,1.3157391304347825,37.14905090595341,75.0,59.952,92.0,0.0,1.0,0,0.0,1.0
31,30,rand_st,16.0,216.83351919191918,0.07941919191919193,1.270707070707071,39.0444847020934,94.0,63.2,99.0,0.0,1.0,0,0.0,1.0
32,30,rand_st,19.0,216.78758787878786,0.0667304625199362,1.267878787878788,30.632338208775796,70.0,62.48,99.0,0.0,1.0,0,0.0,1.0
33,30,rand_st,14.0,219.52500606060605,0.0936998556998557,1.3117979797979797,49.88496302382909,94.0,61.132,99.0,0.0,1.0,0,0.0,1.0
34,30,rand_st,15.0,217.96814545454544,0.08585589225589225,1.2878383838383838,34.88272963778267,67.0,62.504,99.0,0.0,1.0,0,0.0,1.0
35,30,rand_st,22.0,211.5605616161616,0.053261707988980715,1.171757575757576,26.82627972591697,65.0,62.996,99.0,0.0,1.0,0,0.0,1.0
36,30,rand_st,17.0,213.46411666666663,0.07167647058823529,1.2185,36.27693856998993,99.0,63.024,96.0,0.0,1.0,0,0.0,1.0
37,30,rand_st,15.0,219.42866526315788,0.08700070175438596,1.3050105263157894,48.34036773923945,92.0,59.024,95.0,0.0,1.0,0,0.0,1.0
38,30,rand_st,16.0,216.742,0.07981565656565655,1.2770505050505048,38.57008410092111,65.0,64.572,99.0,0.0,1.0,0,0.0,1.0
39,30,rand_st,15.0,216.0301131313131,0.08366599326599326,1.2549898989898989,36.33810195446303,72.0,62.756,99.0,0.0,1.0,0,0.0,1.0
40,30,rand_st,16.0,219.11874747474744,0.08162626262626263,1.306020202020202,46.27735163504239,95.0,62.704,99.0,0.0,1.0,0,0.0,1.0
41,30,rand_st,15.0,215.3646222222222,0.08356094276094277,1.2534141414141413,33.23045519493774,68.0,64.912,99.0,0.0,1.0,0,0.0,1.0
42,30,rand_st,15.0,216.84095353535352,0.08475690235690236,1.2713535353535352,46.481055055474144,93.0,64.136,99.0,0.0,1.0,0,0.0,1.0
43,30,rand_st,18.0,215.78204210526314,0.06972865497076024,1.2551157894736844,43.70743001473374,95.0,61.764,95.0,0.0,1.0,0,0.0,1.0
44,30,rand_st,16.0,214.8480686868687,0.07749242424242425,1.239878787878788,31.442404680250153,67.0,64.252,99.0,0.0,1.0,0,0.0,1.0
45,30,rand_st,15.0,218.86408484848485,0.08702222222222222,1.3053333333333332,40.6211909978092,69.0,62.772,99.0,0.0,1.0,0,0.0,1.0
46,30,rand_st,16.0,216.76838367346937,0.07972448979591837,1.275591836734694,30.065950273914876,62.0,62.992,98.0,0.0,1.0,0,0.0,1.0
47,30,rand_st,17.0,212.89903434343432,0.07021984551396317,1.1937373737373738,36.437665243034374,68.0,63.82,99.0,0.0,1.0,0,0.0,1.0
48,30,rand_st,18.0,213.65595918367347,0.06761451247165533,1.2170612244897958,32.26921470342523,64.0,63.728,98.0,0.0,1.0,0,0.0,1.0
49,30,rand_st,16.0,213.48084444444444,0.07591161616161617,1.2145858585858587,38.63602714373843,71.0,64.756,99.0,0.0,1.0,0,0.0,1.0
0,30,rand_dt,19.54,214.85642040816327,0.06377749661723882,1.2449387755102042,41.1502808988764,92.0,64.996,98.0,0.0,1.0,0,0.0,1.0
1,30,rand_dt,14.676,217.24905454545456,0.08712916255857434,1.2755151515151515,55.080605055946954,105.0,63.724,99.0,0.0,1.0,0,0.0,1.0
2,30,rand_dt,17.212,215.4568161616162,0.07257124029126094,1.2452525252525253,46.457848253713365,123.0,63.72,99.0,0.0,1.0,0,0.0,1.0
3,30,rand_dt,15.108,213.83103265306121,0.08136890327559596,1.2264897959183674,39.03005351996706,76.0,64.804,98.0,0.0,1.0,0,0.0,1.0
4,30,rand_dt,16.724,214.77717575757575,0.07443901432626923,1.242868686868687,46.439861139473145,101.0,65.956,99.0,0.0,1.0,0,0.0,1.0
5,30,rand_dt,16.812,213.65139999999997,0.07264647922399955,1.2189166666666664,38.93161157024793,92.0,62.984,96.0,0.0,1.0,0,0.0,1.0
6,30,rand_dt,19.08,216.28433131313133,0.06645709728867624,1.26779797979798,46.51394182547643,98.0,64.488,99.0,0.0,1.0,0,0.0,1.0
7,30,rand_dt,16.084,212.34802828282827,0.07473075856605269,1.1995555555555557,38.545144462279296,96.0,66.244,99.0,0.0,1.0,0,0.0,1.0
8,30,rand_dt,20.212,211.6743313131313,0.05876769802095369,1.1857373737373738,35.18364881192106,78.0,65.612,99.0,0.0,1.0,0,0.0,1.0
9,30,rand_dt,19.272,212.99297373737372,0.0629010298933744,1.2099797979797982,38.21703241393195,77.0,66.212,99.0,0.0,1.0,0,0.0,1.0
10,30,rand_dt,17.364,216.54231919191918,0.07319973731119242,1.2698989898989899,51.56936827137924,101.0,65.28,99.0,0.0,1.0,0,0.0,1.0
11,30,rand_dt,18.78,214.43776969696972,0.06613425621887954,1.2391919191919192,40.07955936352509,92.0,65.32,99.0,0.0,1.0,0,0.0,1.0
12,30,rand_dt,16.564,214.2667717171717,0.0745037467902277,1.231030303030303,41.53245456361095,99.0,65.128,99.0,0.0,1.0,0,0.0,1.0
13,30,rand_dt,15.976,213.80361212121213,0.07652836865385884,1.220121212121212,47.58512363194163,101.0,65.208,99.0,0.0,1.0,0,0.0,1.0
14,30,rand_dt,15.868,214.37734545454546,0.07815559516735987,1.2384242424242422,38.324254473161034,75.0,65.396,99.0,0.0,1.0,0,0.0,1.0
15,30,rand_dt,14.244,214.9844404040404,0.08703375698375697,1.2357575757575758,38.47834645669291,75.0,63.66,99.0,0.0,1.0,0,0.0,1.0
16,30,rand_dt,16.504,216.05338271604938,0.07696979513052785,1.2688395061728395,44.049306243805745,97.0,53.224,81.0,0.0,1.0,0,0.0,1.0
17,30,rand_dt,18.468,214.55704999999998,0.06693958333333333,1.2350833333333333,39.23341156390015,93.0,62.432,96.0,0.0,1.0,0,0.0,1.0
18,30,rand_dt,14.512,213.45128888888888,0.08409723870900342,1.218181818181818,40.937396694214875,92.0,65.4,99.0,0.0,1.0,0,0.0,1.0
19,30,rand_dt,15.62,214.56979393939395,0.07967021428099857,1.2412929292929293,39.38741654865466,91.0,65.112,99.0,0.0,1.0,0,0.0,1.0
20,30,rand_dt,16.256,215.71892121212122,0.07727954380405362,1.2554747474747476,47.23118932038835,99.0,64.708,99.0,0.0,1.0,0,0.0,1.0
21,30,rand_dt,15.068,216.8582909090909,0.08461717171717172,1.2747070707070707,57.65466316002428,122.0,64.804,99.0,0.0,1.0,0,0.0,1.0
22,30,rand_dt,14.884,215.4277875,0.08457466882586369,1.255625,42.230593607305934,92.0,63.46,96.0,0.0,1.0,0,0.0,1.0
23,30,rand_dt,14.272,217.96550833333333,0.09079076999389499,1.2925,52.5552096305521,100.14999999999964,61.92,96.0,0.0,1.0,0,0.0,1.0
24,30,rand_dt,15.804,215.91096969696966,0.08037018099814798,1.2677575757575759,41.120818974255016,95.0,65.492,99.0,0.0,1.0,0,0.0,1.0
25,30,rand_dt,15.264,213.47309387755104,0.08032447924224635,1.2222857142857142,37.73258473695155,75.0,65.216,98.0,0.0,1.0,0,0.0,1.0
26,30,rand_dt,17.556,214.36884848484846,0.07073296223327184,1.2402424242424241,37.059186189889026,75.0,65.216,99.0,0.0,1.0,0,0.0,1.0
27,30,rand_dt,16.16,214.8951393939394,0.07638609955766819,1.2338181818181817,43.47501517297188,98.0,63.852,99.0,0.0,1.0,0,0.0,1.0
28,30,rand_dt,15.052,213.16359595959597,0.08058685029567382,1.209939393939394,38.93998799759952,91.0,65.216,99.0,0.0,1.0,0,0.0,1.0
29,30,rand_dt,14.548,215.9401898989899,0.08688466903466903,1.261131313131313,37.76799679165831,73.0,64.148,99.0,0.0,1.0,0,0.0,1.0
30,30,rand_dt,19.076,217.09321304347827,0.0679525171624714,1.2960434782608694,43.52785087719298,97.0,61.764,92.0,0.0,1.0,0,0.0,1.0
31,30,rand_dt,14.668,215.00854141414143,0.08526616161616161,1.2484848484848485,42.47596836341513,97.0,65.4,99.0,0.0,1.0,0,0.0,1.0
32,30,rand_dt,18.728,214.5098868686869,0.06626503632819421,1.2397171717171716,40.1743212900592,77.0,65.268,99.0,0.0,1.0,0,0.0,1.0
33,30,rand_dt,14.492,217.5545535353535,0.08894831225419461,1.2869494949494948,49.030111902339776,96.0,63.592,99.0,0.0,1.0,0,0.0,1.0
34,30,rand_dt,14.932,216.21011717171717,0.08501944185081439,1.2664242424242425,43.86348949919225,94.0,64.624,99.0,0.0,1.0,0,0.0,1.0
35,30,rand_dt,21.076,210.18371313131314,0.054823660350621035,1.1533333333333335,32.50281237444757,77.0,64.82,99.0,0.0,1.0,0,0.0,1.0
36,30,rand_dt,16.38,211.72222916666666,0.07316552627995643,1.197375,40.614896664620424,93.0,65.052,96.0,0.0,1.0,0,0.0,1.0
37,30,rand_dt,17.112,217.95477473684207,0.07543332753969546,1.2877894736842104,47.28968834971763,100.0,60.66,95.0,0.0,1.0,0,0.0,1.0
38,30,rand_dt,15.892,215.9186303030303,0.07988480557206047,1.266787878787879,41.10583501006036,94.0,65.588,99.0,0.0,1.0,0,0.0,1.0
39,30,rand_dt,15.28,213.98664646464647,0.08067611832611833,1.2301010101010101,37.00533005330053,75.0,65.22,99.0,0.0,1.0,0,0.0,1.0
40,30,rand_dt,16.02,217.92866262626265,0.08080276361829511,1.2915555555555553,50.94932432432432,98.0,64.136,99.0,0.0,1.0,0,0.0,1.0
41,30,rand_dt,15.624,214.16559595959592,0.07937419621047072,1.2381010101010101,41.71215526046987,92.0,66.428,99.0,0.0,1.0,0,0.0,1.0
42,30,rand_dt,15.816,215.8700363636364,0.07982513180356318,1.2597171717171716,45.25503080082135,97.0,65.288,99.0,0.0,1.0,0,0.0,1.0
43,30,rand_dt,17.708,214.72715368421052,0.07019922510093604,1.241221052631579,48.54597096570587,99.0,63.084,95.0,0.0,1.0,0,0.0,1.0
44,30,rand_dt,16.764,213.45829090909092,0.073082261382313,1.2221010101010101,37.71728068389986,75.0,66.012,99.0,0.0,1.0,0,0.0,1.0
45,30,rand_dt,15.184,216.91281212121214,0.08450589225589226,1.282141414141414,45.2639314145744,98.0,65.068,99.0,0.0,1.0,0,0.0,1.0
46,30,rand_dt,16.096,214.81493877551017,0.07798750457576514,1.2519183673469387,40.773995771670194,95.0,65.312,98.0,0.0,1.0,0,0.0,1.0
47,30,rand_dt,17.28,211.07920404040405,0.06789137070741819,1.1711111111111112,41.971440064360415,95.0,66.06,99.0,0.0,1.0,0,0.0,1.0
48,30,rand_dt,16.452,212.62185306122447,0.07337540269240528,1.203673469387755,36.05913648455085,75.0,65.04,98.0,0.0,1.0,0,0.0,1.0
49,30,rand_dt,16.384,211.9832484848485,0.07310270298443673,1.1952323232323234,38.60208986415883,76.0,66.672,99.0,0.0,1.0,0,0.0,1.0
0,30,static,19.0,216.26156734693876,0.06642749731471537,1.262122448979592,15.072281838428832,19.0,63.312,98.0,0.0,1.0,0,0.0,1.0
1,30,static,18.0,219.37850505050505,0.07222446689113356,1.300040404040404,16.36063544460491,18.0,61.296,99.0,0.0,1.0,0,0.0,1.0
2,30,static,20.0,217.15605656565657,0.0632969696969697,1.265939393939394,17.008074283407346,20.0,61.672,99.0,0.0,1.0,0,0.0,1.0
3,30,static,18.0,215.65066530612245,0.06940816326530613,1.24934693877551,14.55922131147541,18.0,62.564,98.0,0.0,1.0,0,0.0,1.0
4,30,static,19.0,216.7547474747475,0.06660287081339714,1.2654545454545454,16.00161322847348,19.0,63.72,99.0,0.0,1.0,0,0.0,1.0
5,30,static,19.0,215.66039999999998,0.06544736842105263,1.2435,14.351305812973884,19.0,60.624,96.0,0.0,1.0,0,0.0,1.0
6,30,static,21.0,217.81503030303028,0.06125252525252525,1.2863030303030305,17.35621372823694,21.0,62.656,99.0,0.0,1.0,0,0.0,1.0
7,30,static,18.0,213.72988282828283,0.06759595959595958,1.2167272727272724,15.331375329147255,18.0,64.544,99.0,0.0,1.0,0,0.0,1.0
8,30,static,22.0,212.9249414141414,0.05461707988980716,1.2015757575757575,18.1963850528026,22.0,64.044,99.0,0.0,1.0,0,0.0,1.0
9,30,static,21.0,214.05137373737372,0.05821067821067821,1.2224242424242424,17.87131751227496,21.0,64.98,99.0,0.0,1.0,0,0.0,1.0
10,30,static,22.0,218.24758383838383,0.05861707988980717,1.2895757575757576,17.199310624493105,22.0,63.332,99.0,0.0,1.0,0,0.0,1.0
11,30,static,22.0,216.2178101010101,0.05734802571166207,1.2616565656565657,17.83272431993504,22.0,63.096,99.0,0.0,1.0,0,0.0,1.0
12,30,static,19.0,216.20864646464648,0.0660287081339713,1.2545454545454544,16.170450019912387,19.0,62.8,99.0,0.0,1.0,0,0.0,1.0
13,30,static,18.0,215.56078383838383,0.06901459034792368,1.2422626262626264,14.576212705500305,18.0,63.016,99.0,0.0,1.0,0,0.0,1.0
14,30,static,18.0,215.8525898989899,0.06981369248035915,1.2566464646464646,15.27616394747314,18.0,63.592,99.0,0.0,1.0,0,0.0,1.0
15,30,static,18.0,216.0443797979798,0.06942312008978675,1.2496161616161616,15.58107841200869,18.0,62.288,99.0,0.0,1.0,0,0.0,1.0
16,30,static,20.0,217.1735012345679,0.0641432098765432,1.2828641975308641,16.585846000498382,20.0,52.088,81.0,0.0,1.0,0,0.0,1.0
17,30,static,20.0,216.79435,0.06310833333333334,1.2621666666666667,14.77291841883936,20.0,59.832,96.0,0.0,1.0,0,0.0,1.0
18,30,static,20.0,215.4005696969697,0.062155555555555554,1.243111111111111,15.855231143552311,20.0,62.932,99.0,0.0,1.0,0,0.0,1.0
19,30,static,19.0,216.45988686868685,0.06658160552897395,1.265050505050505,16.0,19.0,62.76,99.0,0.0,1.0,0,0.0,1.0
20,30,static,18.0,217.13627474747474,0.0706936026936027,1.2724848484848486,15.435685483870968,18.0,63.024,99.0,0.0,1.0,0,0.0,1.0
21,30,static,18.0,218.48361616161617,0.07188103254769922,1.2938585858585858,15.315980629539952,18.0,62.908,99.0,0.0,1.0,0,0.0,1.0
22,30,static,17.0,216.23515416666666,0.07446323529411764,1.265875,14.83006122018155,17.0,62.476,96.0,0.0,1.0,0,0.0,1.0
23,30,static,19.0,219.72194583333334,0.06916885964912281,1.3142083333333332,17.486194727008513,19.0,59.836,96.0,0.0,1.0,0,0.0,1.0
24,30,static,18.0,217.65756363636362,0.07161167227833895,1.2890101010101012,15.995577889447237,18.0,63.388,99.0,0.0,1.0,0,0.0,1.0
25,30,static,18.0,214.89154693877552,0.06890476190476191,1.2402857142857142,14.2731433326399,18.0,63.452,98.0,0.0,1.0,0,0.0,1.0
26,30,static,20.0,215.83505454545457,0.06294949494949495,1.258989898989899,16.042548818088388,20.0,63.36,99.0,0.0,1.0,0,0.0,1.0
27,30,static,19.0,217.1734181818182,0.06639659755449229,1.2615353535353535,14.189714517108726,19.0,61.108,99.0,0.0,1.0,0,0.0,1.0
28,30,static,18.0,214.10502222222223,0.06792143658810326,1.2225858585858587,14.970337261275905,18.0,63.964,99.0,0.0,1.0,0,0.0,1.0
29,30,static,18.0,217.6353616161616,0.0712682379349046,1.2828282828282829,14.942373564376386,18.0,62.0,99.0,0.0,1.0,0,0.0,1.0
30,30,static,19.0,219.0280565217391,0.06939816933638443,1.3185652173913045,17.37028251024369,19.0,59.692,92.0,0.0,1.0,0,0.0,1.0
31,30,static,17.0,216.39594343434342,0.07445276292335118,1.2656969696969698,15.208308126638435,17.0,63.696,99.0,0.0,1.0,0,0.0,1.0
32,30,static,20.0,216.4796808080808,0.06322626262626263,1.2645252525252526,16.649629184205253,20.0,62.812,99.0,0.0,1.0,0,0.0,1.0
33,30,static,19.0,219.252298989899,0.0688654970760234,1.3084444444444443,16.473921971252565,19.0,61.464,99.0,0.0,1.0,0,0.0,1.0
34,30,static,18.0,217.91067474747473,0.07151066217732883,1.2871919191919192,15.792614770459082,18.0,62.568,99.0,0.0,1.0,0,0.0,1.0
35,30,static,24.0,212.01541818181815,0.04903367003367003,1.1768080808080807,18.973928860145513,24.0,62.496,99.0,0.0,1.0,0,0.0,1.0
36,30,static,21.0,213.20225416666665,0.05791865079365081,1.2162916666666668,17.818181818181817,21.0,63.236,96.0,0.0,1.0,0,0.0,1.0
37,30,static,21.0,219.83935157894737,0.062351879699248124,1.3093894736842102,17.45323289391086,21.0,58.608,95.0,0.0,1.0,0,0.0,1.0
38,30,static,17.0,217.1727313131313,0.07541532976827094,1.282060606060606,14.717583299879566,17.0,64.076,99.0,0.0,1.0,0,0.0,1.0
39,30,static,19.0,215.65072727272727,0.06584370015948963,1.251030303030303,15.859245815688647,19.0,63.148,99.0,0.0,1.0,0,0.0,1.0
40,30,static,18.0,218.77326464646464,0.07233894500561168,1.30210101010101,15.923371647509578,18.0,63.092,99.0,0.0,1.0,0,0.0,1.0
41,30,static,19.0,215.37442020202022,0.06597554492291334,1.2535353535353535,16.639983746444535,19.0,64.9,99.0,0.0,1.0,0,0.0,1.0
42,30,static,17.0,217.2909616161616,0.07509685086155675,1.2766464646464646,15.149759464547166,17.0,63.612,99.0,0.0,1.0,0,0.0,1.0
43,30,static,20.0,215.78476631578948,0.06275789473684211,1.255157894736842,15.075872215216478,20.0,61.76,95.0,0.0,1.0,0,0.0,1.0
44,30,static,19.0,214.9328767676768,0.06527804359383307,1.2402828282828284,16.32666262381241,19.0,64.212,99.0,0.0,1.0,0,0.0,1.0
45,30,static,17.0,218.99894141414143,0.07687225193107547,1.3068282828282827,15.138151327610302,17.0,62.624,99.0,0.0,1.0,0,0.0,1.0
46,30,static,19.0,216.3976448979592,0.06692803437164341,1.2716326530612245,16.416173986486488,19.0,63.38,98.0,0.0,1.0,0,0.0,1.0
47,30,static,19.0,212.9672808080808,0.06286868686868687,1.1945050505050505,15.977571226510406,19.0,63.744,99.0,0.0,1.0,0,0.0,1.0
48,30,static,18.0,213.30987346938772,0.06738095238095237,1.2128571428571426,15.048306148055207,18.0,64.14,98.0,0.0,1.0,0,0.0,1.0
49,30,static,18.0,213.54609696969695,0.06749943883277215,1.214989898989899,15.118661465818107,18.0,64.716,99.0,0.0,1.0,0,0.0,1.0
0,30,bsps,15.704,201.88552244897957,0.060883528319752814,0.9513469387755101,22.09779307552136,46.0,35.416,67.868,0.4437716262975779,0.6897374701670644,0,0.31038671795910105,1.0
1,30,bsps,15.008,205.63057777777775,0.06710607765509727,1.0045252525252524,22.257066226531876,46.0,35.008,70.328,0.4450586105022396,0.6915091828586638,0,0.2972972972972973,1.0
2,30,bsps,15.94,203.61564848484846,0.061094221441899466,0.9725252525252526,21.7561566410981,46.0,34.836,70.096,0.44547729710404005,0.7006400787789266,0,0.2823980621719822,1.0
3,30,bsps,14.308,201.3093469387755,0.06591713773421456,0.9410204081632653,20.464344262295082,44.0,35.104,68.128,0.4442556084296397,0.6897448015122873,0,0.30655737704918035,1.0
4,30,bsps,14.584,202.6294303030303,0.06607694074262702,0.9606060606060606,21.858842508570277,45.0,35.568,68.6,0.44258010118043845,0.6881548974943053,0,0.313571284533172,1.0
5,30,bsps,15.268,202.02525,0.06230459266055725,0.9485416666666666,20.93428812131424,45.0,33.988,67.276,0.444816333361225,0.6929518492672715,0,0.30054759898904804,1.0
6,30,bsps,15.296,203.0472727272727,0.06351749959133861,0.9690101010101009,22.027016209725836,45.0,35.224,69.04,0.44398449885502905,0.6939218523878437,0,0.30518310986591957,1.0
7,30,bsps,13.868,199.76739797979798,0.06619158170013785,0.9154343434343434,20.97913712781041,44.0,36.2,68.324,0.4420857552017522,0.6864580954555835,0,0.31962730403078793,1.0
8,30,bsps,17.064,199.2545616161616,0.053298688764891036,0.9074343434343434,22.53310316815597,47.0,36.536,69.112,0.4453138893828917,0.6928071928071928,0,0.2971161657189277,1.0
9,30,bsps,15.768,200.2090505050505,0.05885768517306185,0.9236363636363636,22.76759410801964,46.0,36.612,68.388,0.4437266235974158,0.6848441926345609,0,0.3199672667757774,1.0
10,30,bsps,16.04,204.24867474747472,0.061778182246603294,0.98610101010101,21.920721816707218,47.0,35.44,69.02,0.44585262815825816,0.7009682503940554,0,0.2962287104622871,1.0
11,30,bsps,16.748,201.6278909090909,0.05677055326472251,0.9487676767676768,22.878197320341048,47.0,36.264,69.516,0.4444541714085617,0.6904586705911209,0,0.30105562322371093,1.0
12,30,bsps,14.2,202.13823434343433,0.06711803523274112,0.9511111111111111,20.729191557148546,44.0,35.116,68.992,0.4428896569164629,0.6913608388420333,0,0.30605336519315013,1.0
13,30,bsps,15.04,202.4193494949495,0.063508176609157,0.9541818181818181,20.96001623706109,45.0,35.064,69.348,0.44515859766277127,0.6932084309133489,0,0.29632636492794806,1.0
14,30,bsps,14.18,201.3898262626263,0.06676710315827962,0.9452121212121213,20.58376442499005,44.0,35.908,68.932,0.4434255909817448,0.6928718771487509,0,0.30202944687624356,1.0
15,30,bsps,14.164,202.46170505050503,0.06780973721267838,0.957939393939394,20.501876357890577,44.0,35.86,70.18,0.4417194328012129,0.6941917424772568,0,0.2907367173612483,1.0
16,30,bsps,14.8,202.3324197530864,0.06509081615552204,0.9606913580246912,21.28532270122103,45.0,29.064,56.212,0.44588836812952704,0.6983938132064248,0,0.3017692499377025,1.0
17,30,bsps,15.912,203.04808333333332,0.060851214586711874,0.96725,21.22708158116064,45.25,34.532,68.34,0.44492540062626634,0.6921891058581706,0,0.28973927670311184,1.0
18,30,bsps,15.988,201.48702222222224,0.05907492123936912,0.9430707070707071,21.20559610705596,45.0,35.604,69.38,0.44467442863303147,0.6936221419975933,0,0.29501216545012166,1.0
19,30,bsps,15.836,202.14098989898991,0.060392237319688305,0.9555151515151515,21.459836555710584,45.0,35.432,69.38,0.44423569598633644,0.6995337995337996,0,0.2928044648196133,1.0
20,30,bsps,14.064,203.20661010101009,0.06902109170290989,0.9692121212121211,20.308467741935484,44.0,35.148,69.116,0.4474284266531543,0.6999278672757875,0,0.2899193548387097,1.0
21,30,bsps,14.536,204.2659111111111,0.06802056699160086,0.985010101010101,22.140637610976594,45.0,34.732,68.792,0.44334301828747225,0.6865984178687762,0,0.3155770782889427,1.0
22,30,bsps,14.144,201.5513125,0.06711692612942613,0.9485,21.292379142917458,44.0,34.96,66.244,0.44570994684889903,0.6872437906920665,0,0.3113785096052354,1.0
23,30,bsps,15.648,205.50067916666663,0.06443413281979457,1.0080833333333332,22.65642516088852,46.0,34.096,68.02,0.4429505479325905,0.6820868671292727,0,0.29209051276728254,1.0
24,30,bsps,14.488,202.40362020202022,0.06651821446527328,0.9623434343434344,21.751959798994974,44.0,35.524,68.492,0.44304466566822304,0.6890817064352857,0,0.31236180904522615,1.0
25,30,bsps,15.184,200.76929795918366,0.06160365574801349,0.9348571428571429,21.066153526107758,45.0,35.896,68.24,0.4441758051981694,0.6903334132885585,0,0.30517994591221137,1.0
26,30,bsps,16.54,201.0072525252525,0.05692200837040878,0.9406464646464645,21.75930113052415,46.0,36.176,69.18,0.44633992237566567,0.6977811782708493,0,0.2961973278520041,1.0
27,30,bsps,14.364,203.8332727272727,0.06803933567917525,0.9740606060606061,20.266855638793277,44.0,34.584,70.268,0.44145583666222815,0.687603305785124,0,0.3043126138894513,1.0
28,30,bsps,14.492,200.30136565656565,0.06372247295188473,0.9226262626262627,20.894758228362456,44.0,35.52,68.464,0.44413289149460444,0.690144173954148,0,0.30780170662332385,1.0
29,30,bsps,15.14,203.3193777777778,0.06448808965181514,0.9754747474747475,20.986903082812816,45.0,35.612,70.164,0.4425612052730697,0.6882166382044401,0,0.29619181946403383,1.0
30,30,bsps,13.784,203.65084347826084,0.07170724802690916,0.9851304347826088,21.8419236575372,44.0,33.2,63.416,0.44506920415224915,0.6971360381861575,0,0.30838904464093164,1.0
31,30,bsps,13.644,202.33105050505048,0.07034605798242163,0.9584646464646465,20.52006452913894,44.0,35.804,69.184,0.4457841555574425,0.6983187307601232,0,0.29219600725952816,1.0
32,30,bsps,15.656,201.8531313131313,0.06093543240958101,0.950909090909091,21.300661455201443,46.0,35.572,69.204,0.44483538577532045,0.6946440992348714,0,0.29585087191822007,1.0
33,30,bsps,15.512,205.32488080808082,0.06499567999175843,1.0061414141414142,21.173305954825462,45.0,35.256,70.72,0.4468689018981728,0.6994466800804829,0,0.2751540041067762,1.0
34,30,bsps,14.58,203.10489696969697,0.06668003728297844,0.9713131313131315,21.85748502994012,45.0,35.412,69.164,0.44237612920886943,0.6894333085869834,0,0.3069860279441118,1.0
35,30,bsps,19.336,198.52517575757574,0.046185777667465726,0.8907070707070707,23.662489894907033,49.0,36.36,69.956,0.4444444444444444,0.6925720327782183,0,0.2940582053354891,1.0
36,30,bsps,15.984,198.71000416666666,0.056407420884176884,0.899625,22.518905872888173,46.0,34.5,65.264,0.44463846337010876,0.6989894646312621,0,0.31234915526950924,1.0
37,30,bsps,16.664,206.33777684210526,0.061277838523434096,1.018778947368421,22.706214689265536,47.0,33.936,68.184,0.4425510712506228,0.6901749663526245,0,0.28897258840761664,1.0
38,30,bsps,14.088,202.26111515151518,0.06828348546877959,0.9600404040404041,21.54817342432758,44.0,35.8,68.36,0.4433774834437086,0.6891402714932127,0,0.31112003211561623,1.0
39,30,bsps,14.856,201.56765656565653,0.06376195648940747,0.9454141414141414,20.6854204476709,44.0,35.68,69.324,0.4458990114881111,0.6983337478239244,0,0.2917927001411575,1.0
40,30,bsps,14.56,204.6841818181818,0.06866528541439414,0.9957575757575757,21.698527929017946,45.0,35.568,69.468,0.4441960293328564,0.6932153392330384,0,0.30046380318612625,1.0
41,30,bsps,14.716,200.5018424242424,0.06339599104599106,0.9311919191919191,21.96342950020317,45.0,35.86,67.668,0.444839255499154,0.6882775119617225,0,0.3161316537992686,1.0
42,30,bsps,14.16,202.8749616161616,0.06836258371258372,0.9665858585858587,20.887262079062957,44.0,35.768,68.756,0.4479359730412805,0.7,0,0.2972181551976574,1.0
43,30,bsps,14.492,201.61275368421053,0.0655788550458829,0.9448421052631579,20.62400168137873,45.0,33.792,65.252,0.4447198017427452,0.6911600979737252,0,0.30958385876418665,1.0
44,30,bsps,15.076,201.00170505050502,0.06232213244272068,0.9383434343434344,21.487972508591064,45.0,36.46,69.092,0.44519476241455985,0.694514574248336,0,0.29917121487770365,1.0
45,30,bsps,14.024,204.28765252525253,0.07058772002408367,0.9888888888888889,20.835695747654224,44.0,34.856,68.968,0.4447936130456939,0.691670610506389,0,0.29766420443202235,1.0
46,30,bsps,15.592,201.95345306122448,0.061363384144866744,0.9558367346938776,22.47318412162162,46.0,35.644,68.316,0.44584316810910046,0.6939177542477223,0,0.31017736486486486,1.0
47,30,bsps,14.936,200.19361616161618,0.06140714049929736,0.9151919191919192,20.8272378258234,45.0,35.232,68.728,0.4459803845856823,0.6947923533289387,0,0.2964235199030107,1.0
48,30,bsps,15.052,199.49126530612241,0.06090082175727434,0.9141224489795918,21.498536177331662,45.0,36.784,68.44,0.4458620990998864,0.6950948977076657,0,0.30154746967795903,1.0
49,30,bsps,14.872,199.8797696969697,0.06176930836048484,0.917010101010101,21.181687538493122,44.0,35.948,68.28,0.4462724527102209,0.6935264825712992,0,0.30650790392116606,1.0
0,30,baps,12.724,192.7772897959184,0.04881023988542785,0.785795918367347,27.20651953836809,49.0,28.036,55.772,0.5543468725326783,0.6423810618248679,0,0.4296416278598907,1.0
1,30,baps,12.5,195.96439999999996,0.055248677248677255,0.8346666666666668,28.410769548174127,48.0,27.528,57.58,0.5539196567862714,0.6384576865297947,0,0.43016298741489584,1.0
2,30,baps,14.0,194.92234747474745,0.04858181818181818,0.816969696969697,28.146346386758175,50.0,28.62,59.0,0.5554334889682322,0.6399352900392882,0,0.4057327412192168,1.0
3,30,baps,12.5,192.54560408163266,0.05016099773242631,0.7821224489795918,25.908196721311477,48.0,28.852,57.0,0.5567768738099359,0.6475483580746738,0,0.4067622950819672,1.0
4,30,baps,12.5,193.9445777777778,0.0523331561226298,0.8038383838383837,28.059689453518853,49.0,28.42,57.0,0.5582837942620832,0.6457032091320267,0,0.4297237346239161,1.0
5,30,baps,14.0,194.763275,0.0504556530214425,0.8220833333333333,25.29865206402696,49.0,30.08,59.0,0.5541107023697494,0.6386757290067967,0,0.3938500421229992,1.0
6,30,baps,13.512,193.3403595959596,0.045225589225589224,0.7908686868686868,29.843506103662197,51.0,27.216,56.012,0.5554853273137698,0.6388700564971751,0,0.44786872123273963,1.0
7,30,baps,11.664,191.11564444444446,0.05073445566778901,0.7568888888888889,28.082843832286812,48.0,28.168,55.8,0.5544835903178569,0.6362852833441068,0,0.45088110188373504,1.0
8,30,baps,14.5,190.53315555555554,0.039731339367703,0.7457777777777779,30.23415922014622,52.0,28.364,56.348,0.5536429872495446,0.6379391100702576,0,0.4370430544272949,1.0
9,30,baps,13.0,190.30795555555557,0.04212255892255892,0.7415757575757577,30.85576923076923,51.0,27.808,54.612,0.5548325524900226,0.6412606168976308,0,0.45458265139116205,1.0
10,30,baps,14.5,194.84520808080808,0.04633136560409288,0.8196363636363637,28.900040551500407,52.0,28.356,57.0,0.5566719255999336,0.6449968132568515,0,0.4205190592051906,1.0
11,30,baps,14.5,192.21258585858584,0.041323625869080415,0.7759595959595958,30.021518473406417,52.0,27.832,56.076,0.5557639074917403,0.6451987909788421,0,0.43239951278928135,1.0
12,30,baps,12.5,193.5252282828283,0.051739854687223114,0.7951919191919191,27.993428912783752,49.0,28.276,57.5,0.5551998615677453,0.6359761295822677,0,0.42592592592592593,1.0
13,30,baps,12.568,192.80010101010103,0.05029028379028379,0.7822626262626263,26.532981530343008,48.0,28.192,57.068,0.5546848381601363,0.642350332594235,0,0.4235843312360463,1.0
14,30,baps,12.5,191.57467474747472,0.04730479397146064,0.7650101010101009,27.577397532829288,48.0,28.264,56.0,0.5560030850972663,0.6426544422615149,0,0.43274970155193,1.0
15,30,baps,12.5,192.73976161616162,0.04938784672118005,0.7802828282828281,27.69168477187438,48.0,27.904,57.076,0.5592309094222708,0.6436146707909854,0,0.4311672921192969,1.0
16,30,baps,13.0,192.25085925925924,0.045301234567901236,0.7784691358024691,29.341390480936955,50.0,22.944,45.5,0.5543656430991148,0.6382328424562378,0,0.44953899825566906,1.0
17,30,baps,14.316,195.57820416666667,0.049203125,0.8309583333333332,25.613751051303616,49.0,28.552,58.412,0.555274024024024,0.6438690766976063,0,0.3904541631623213,1.0
18,30,baps,13.5,192.6429898989899,0.04647186147186146,0.7826666666666667,27.31346309813463,50.0,28.352,57.168,0.5565515423147904,0.6472203157172272,0,0.41321978913219787,1.0
19,30,baps,13.5,193.66523636363635,0.0483160552897395,0.8007272727272727,27.38249950169424,49.0,28.728,58.0,0.5589110644257703,0.6470716783216783,0,0.41080326888578833,1.0
20,30,baps,12.316,193.6040080808081,0.05265223665223665,0.8005656565656566,27.250201612903226,48.0,28.876,57.316,0.5532815198618307,0.6395927601809954,0,0.42358870967741935,1.0
21,30,baps,12.0,195.6627515151515,0.05786980920314254,0.8326060606060605,26.792978208232444,48.0,28.572,58.0,0.5589436191469029,0.6511472488304745,0,0.40940274414850686,1.0
22,30,baps,12.0,193.23624166666664,0.05425665266106442,0.798375,26.841460840194216,46.0,28.724,55.684,0.5516676721537533,0.6363429611098477,0,0.4279079586236014,1.0
23,30,baps,13.0,195.020525,0.05043358395989975,0.8191666666666666,29.345858418102555,49.0,26.536,55.088,0.5541615953562401,0.6421725239616614,0,0.42661407515050864,1.0
24,30,baps,12.192,193.17908282828284,0.05044765111431778,0.791959595959596,28.285226130653268,48.0,27.98,56.192,0.5575221238938053,0.6439222774514234,0,0.4349748743718593,1.0
25,30,baps,13.02,192.04142040816325,0.04774829931972789,0.774,26.04888703973372,47.0,28.688,56.52,0.5576146144387845,0.65032080659945,0,0.41626794258373206,1.0
26,30,baps,14.864,191.45492525252524,0.040985409652076324,0.7647272727272727,28.464337101747173,49.0,28.656,56.432,0.5535154087470013,0.6393560788082653,0,0.4365878725590956,1.0
27,30,baps,13.0,194.05242424242425,0.0502832839674945,0.8021010101010102,26.20530471755416,49.0,28.092,58.0,0.5561695959412937,0.6389511429852084,0,0.42781939663899576,1.0
28,30,baps,12.728,192.22041212121212,0.05006004489337823,0.7774141414141414,26.929297033726126,48.0,29.324,57.644,0.5540187891440501,0.6378774422735346,0,0.42746850873628606,1.0
29,30,baps,13.7,194.04002424242424,0.049016835016835014,0.8066666666666668,26.46201894015716,47.0,29.092,58.476,0.5556268328445748,0.6399262332872291,0,0.4088253072738263,1.0
30,30,baps,12.0,194.4443,0.05399862700228833,0.8156086956521739,29.43088203579901,49.0,25.964,52.0,0.5570233377366799,0.6473265073947668,0,0.43023506577528575,1.0
31,30,baps,11.0,192.88432727272726,0.05711562685680333,0.7890505050505051,27.06029441419641,47.0,28.384,56.5,0.5539194456474664,0.6397306397306397,0,0.4240774349667272,1.0
32,30,baps,14.0,192.94038383838384,0.04491717171717171,0.7882828282828283,28.4237322108639,50.0,28.576,57.308,0.5568328043235824,0.6442412366644894,0,0.42032471437161756,1.0
33,30,baps,13.652,195.75256565656565,0.05071838265697915,0.8355959595959596,27.63388090349076,49.0,29.08,59.152,0.5547159504734159,0.6408813877168308,0,0.4051334702258727,1.0
34,30,baps,13.0,194.0251595959596,0.0500594837261504,0.80379797979798,27.591616766467066,48.0,27.924,57.0,0.5564245810055866,0.6422535211267606,0,0.4173652694610778,1.0
35,30,baps,16.5,190.84782626262628,0.03660157126823794,0.750020202020202,30.08589329021827,54.0,28.748,58.0,0.5559229721843999,0.6449092741935484,0,0.4118835893290218,1.0
36,30,baps,14.5,191.46467916666666,0.04303621031746031,0.770375,29.35901045856798,51.0,29.088,55.772,0.5573877020550727,0.643045150840251,0,0.41773934030571197,1.0
37,30,baps,14.42,195.70103578947368,0.046252631578947365,0.8271578947368421,29.54279137894957,51.0,25.58,54.58,0.5584732824427481,0.6463694267515924,0,0.42958777987026575,1.0
38,30,baps,11.5,192.51886464646464,0.052465834818775994,0.7825858585858586,27.547169811320753,47.0,28.024,55.5,0.5551420838971584,0.6394354148845167,0,0.4472099558410277,1.0
39,30,baps,13.0,193.26326464646465,0.049579403053087265,0.7945454545454546,27.15910465819722,48.0,28.984,58.072,0.5560811425452561,0.6448202959830867,0,0.41157491429723736,1.0
40,30,baps,11.5,194.25517575757576,0.055749494949494945,0.8082020202020203,27.900786448880822,48.0,27.488,56.0,0.5557174071376547,0.6434599156118144,0,0.42609397055858034,1.0
41,30,baps,13.0,192.4431393939394,0.048051948051948054,0.7838787878787878,28.608492482730597,49.0,28.896,56.5,0.5540669029302446,0.6411645226811103,0,0.4278748476229175,1.0
42,30,baps,11.688,193.02362828282827,0.05378083354553943,0.7911919191919192,27.82242208742941,47.0,28.548,56.188,0.5535144458818456,0.6408626560726447,0,0.445095168374817,1.0
43,30,baps,13.0,193.2578947368421,0.0508659649122807,0.7982315789473685,26.469945355191257,50.0,28.668,55.5,0.5556278464541314,0.6454081632653061,0,0.4098360655737705,1.0
44,30,baps,12.5,191.7951393939394,0.04825305688463583,0.7702626262626263,28.389326864766524,49.0,28.744,56.5,0.5543936582897622,0.6389487289961223,0,0.43117040630685266,1.0
45,30,baps,12.0,194.98854949494947,0.055941261353026066,0.8231515151515152,26.960870433220204,47.0,28.508,57.5,0.5560759823054905,0.6445985238201745,0,0.42004392094230386,1.0
46,30,baps,13.0,193.52219183673472,0.0492487340800982,0.7996326530612246,28.15793918918919,49.0,28.636,57.0,0.5558634250983197,0.6449443413729128,0,0.42377533783783783,1.0
47,30,baps,13.5,192.0068686868687,0.04764540138224349,0.7729292929292929,27.269549403919985,49.0,29.98,58.5,0.5546930693069307,0.6416410256410257,0,0.41139624166498284,1.0
48,30,baps,11.64,191.19922040816326,0.051556916099773246,0.7604897959183675,27.410497699707236,48.0,27.972,55.32,0.5538104586828485,0.6404285048905449,0,0.44040150564617314,1.0
49,30,baps,13.0,192.35344646464645,0.050267115600448935,0.782989898989899,26.318825703141037,47.0,30.484,58.5,0.5543319838056681,0.6443010752688172,0,0.40422911106548964,1.0
0,30,oracle,10.236,190.1983020408163,0.06408682451335512,0.656,8.477019639603158,12.0,0.0,34.688,1.0,1.0,0,0.0,1.0
1,30,oracle,10.728,194.44545454545454,0.0672339496642527,0.7202020202020202,9.318341242005364,13.0,0.0,37.704,1.0,1.0,0,0.0,1.0
2,30,oracle,10.968,192.32898585858587,0.06277011159435401,0.6885656565656566,8.867581752119499,12.0,0.0,37.328,1.0,1.0,0,0.0,1.0
3,30,oracle,10.092,190.06127755102042,0.06471008334069557,0.6542448979591836,7.523770491803279,11.0,0.0,35.436,1.0,1.0,0,0.0,1.0
4,30,oracle,9.896,191.18060606060607,0.06771540233055384,0.6707070707070707,8.399274047186934,12.0,0.0,35.28,1.0,1.0,0,0.0,1.0
5,30,oracle,10.716,190.81714999999997,0.06189531695156695,0.66575,8.208298230834036,12.0,0.0,35.376,1.0,1.0,0,0.0,1.0
6,30,oracle,10.392,191.68319191919193,0.06526306353579082,0.6785858585858586,8.43245947568541,12.0,0.0,36.344,1.0,1.0,0,0.0,1.0
7,30,oracle,9.384,188.56228686868684,0.06731949655282987,0.6314343434343435,7.336641685233948,10.0,0.0,34.456,1.0,1.0,0,0.0,1.0
8,30,oracle,11.072,188.15867878787878,0.0565581869309142,0.6256161616161616,8.291632818846466,12.0,0.0,34.956,1.0,1.0,0,0.0,1.0
9,30,oracle,10.068,188.7552121212121,0.06307157074126771,0.6341414141414141,8.430441898527006,12.0,0.0,34.02,1.0,1.0,0,0.0,1.0
10,30,oracle,10.448,192.46322020202018,0.0663350527138406,0.6899393939393939,8.884225466342254,13.0,0.0,35.668,1.0,1.0,0,0.0,1.0
11,30,oracle,11.392,190.17110303030302,0.05751341066341067,0.6559191919191919,8.996548924076329,12.0,0.0,35.904,1.0,1.0,0,0.0,1.0
12,30,oracle,9.924,191.0080404040404,0.06728252376131164,0.6684848484848485,7.686778176025488,11.0,0.0,36.2,1.0,1.0,0,0.0,1.0
13,30,oracle,10.572,190.6659555555555,0.0625973166003469,0.6633131313131313,8.314390095392733,12.0,0.0,35.984,1.0,1.0,0,0.0,1.0
14,30,oracle,9.968,189.7329131313131,0.0650156380095774,0.6492121212121212,7.6824512534818945,11.0,0.0,35.408,1.0,1.0,0,0.0,1.0
15,30,oracle,9.956,191.16345050505052,0.06740672032793245,0.6709898989898989,7.850681414181316,11.0,0.0,36.712,1.0,1.0,0,0.0,1.0
16,30,oracle,9.896,190.26718024691357,0.06624429452577602,0.6571358024691358,7.943184649887865,11.0,0.0,28.912,1.0,1.0,0,0.0,1.0
17,30,oracle,11.2,191.773725,0.06064602133977134,0.6802916666666667,8.387931034482758,12.0,0.0,36.168,1.0,1.0,0,0.0,1.0
18,30,oracle,11.08,190.12351919191917,0.059173239442936405,0.6552727272727272,8.219789132197892,12.0,0.0,36.068,1.0,1.0,0,0.0,1.0
19,30,oracle,10.832,190.45313939393938,0.06093264154476276,0.6602424242424243,8.248355590990633,12.0,0.0,36.24,1.0,1.0,0,0.0,1.0
20,30,oracle,9.936,191.43183030303032,0.06783341350008015,0.6747070707070708,8.009274193548388,11.0,0.0,35.976,1.0,1.0,0,0.0,1.0
21,30,oracle,10.144,192.62628282828283,0.06831206156357672,0.6925252525252524,8.9818401937046,12.0,0.0,36.092,1.0,1.0,0,0.0,1.0
22,30,oracle,10.048,189.65577916666666,0.06432355850168349,0.64775,8.123073675321933,11.0,0.0,33.524,1.0,1.0,0,0.0,1.0
23,30,oracle,11.2,193.68902916666664,0.06300650171587671,0.7087916666666667,9.69483080755657,12.0,0.0,36.164,1.0,1.0,0,0.0,1.0
24,30,oracle,9.92,190.88984646464647,0.06708382347170226,0.6665050505050506,8.062713567839197,11.0,0.0,35.612,1.0,1.0,0,0.0,1.0
25,30,oracle,10.384,188.99501632653062,0.061316377273520135,0.6380408163265306,7.950696900353651,11.0,0.0,34.548,1.0,1.0,0,0.0,1.0
26,30,oracle,11.88,189.41481212121212,0.05412599936539331,0.6445656565656566,8.859609455292908,13.0,0.0,35.64,1.0,1.0,0,0.0,1.0
27,30,oracle,10.172,192.9283676767677,0.06852428861822801,0.6976969696969697,7.862725248025916,11.0,0.0,37.892,1.0,1.0,0,0.0,1.0
28,30,oracle,10.2,188.93047676767677,0.06237265271204665,0.6371313131313132,7.8449817147501015,11.0,0.0,35.036,1.0,1.0,0,0.0,1.0
29,30,oracle,10.936,191.62861414141412,0.061859901490204525,0.6780202020202021,8.306467862180133,12.0,0.0,37.0,1.0,1.0,0,0.0,1.0
30,30,oracle,8.988,191.12853478260868,0.07430440115440115,0.6697391304347826,8.136726331679965,10.0,0.0,32.308,1.0,1.0,0,0.0,1.0
31,30,oracle,9.632,190.15638787878788,0.0680386578629003,0.6554747474747475,7.952006452913894,11.0,0.0,35.304,1.0,1.0,0,0.0,1.0
32,30,oracle,10.9,190.56848888888885,0.06053134934650086,0.6619393939393938,8.22449388655041,12.0,0.0,36.188,1.0,1.0,0,0.0,1.0
33,30,oracle,11.144,193.08397575757576,0.06266526301980847,0.6998787878787879,8.955852156057494,12.0,0.0,37.536,1.0,1.0,0,0.0,1.0
34,30,oracle,10.556,191.84659393939393,0.0644568540326116,0.6810505050505051,8.768463073852296,12.0,0.0,36.432,1.0,1.0,0,0.0,1.0
35,30,oracle,12.656,188.659903030303,0.05025470731157006,0.6336565656565656,8.927041228779304,14.0,0.0,36.504,1.0,1.0,0,0.0,1.0
36,30,oracle,10.596,187.11917083333333,0.0575107788045288,0.6097083333333333,8.344127111826227,12.0,0.0,32.764,1.0,1.0,0,0.0,1.0
37,30,oracle,11.296,194.61871999999997,0.06386740020213705,0.7228631578947369,9.57187696170747,13.0,0.0,36.392,1.0,1.0,0,0.0,1.0
38,30,oracle,9.712,190.34246868686867,0.06771835089713878,0.6581010101010102,8.290244881573665,11.0,0.0,34.924,1.0,1.0,0,0.0,1.0
39,30,oracle,10.192,189.86288888888888,0.06381241575484,0.6513131313131313,7.715466827989514,11.0,0.0,35.852,1.0,1.0,0,0.0,1.0
40,30,oracle,9.924,192.43815353535354,0.06957945713097229,0.6896565656565656,8.71607178866707,11.0,0.0,35.908,1.0,1.0,0,0.0,1.0
41,30,oracle,9.944,188.71789494949496,0.06364739413224263,0.6336161616161616,8.01950426655831,11.0,0.0,34.1,1.0,1.0,0,0.0,1.0
42,30,oracle,9.824,191.33807272727273,0.0684553176341055,0.673090909090909,8.326709893327756,11.0,0.0,35.388,1.0,1.0,0,0.0,1.0
43,30,oracle,9.36,189.68783999999997,0.06934735615261932,0.6482526315789473,7.720050441361916,11.0,0.0,33.24,1.0,1.0,0,0.0,1.0
44,30,oracle,9.992,189.1050787878788,0.06391464046615561,0.6396363636363637,7.975945017182131,11.0,0.0,34.788,1.0,1.0,0,0.0,1.0
45,30,oracle,9.896,192.52136565656565,0.06975715776927899,0.6910707070707071,8.225993212218007,11.0,0.0,36.376,1.0,1.0,0,0.0,1.0
46,30,oracle,10.432,189.43752244897962,0.06168039715386654,0.6446530612244898,8.333826013513514,12.0,0.0,34.62,1.0,1.0,0,0.0,1.0
47,30,oracle,10.316,189.13398787878788,0.06201822498489165,0.6402424242424243,7.8553243079409985,11.0,0.0,35.256,1.0,1.0,0,0.0,1.0
48,30,oracle,10.016,187.84685306122452,0.06208385967773723,0.6206938775510205,7.979924717691342,11.0,0.0,33.86,1.0,1.0,0,0.0,1.0
49,30,oracle,10.352,188.25167272727273,0.060451470975713406,0.6267474747474747,7.890576883596798,11.0,0.0,34.284,1.0,1.0,0,0.0,1.0
0,50,rand_st,19.0,314.35161632653063,0.06647905477980666,1.2631020408163263,60.06084495653932,112.0,63.216,98.0,0.0,1.0,0,0.0,1.0
1,50,rand_st,15.0,317.14866262626265,0.0865131313131313,1.2976969696969698,68.3217230008244,154.0,61.528,99.0,0.0,1.0,0,0.0,1.0
2,50,rand_st,17.0,315.10347474747476,0.07442899584076056,1.2652929292929294,57.740181268882175,116.0,61.736,99.0,0.0,1.0,0,0.0,1.0
3,50,rand_st,16.0,313.5939795918368,0.07806377551020409,1.2490204081632654,57.515417602613844,112.0,62.596,98.0,0.0,1.0,0,0.0,1.0
4,50,rand_st,16.0,314.7521535353536,0.07909595959595958,1.2655353535353533,80.09497882637629,161.0,63.712,99.0,0.0,1.0,0,0.0,1.0
5,50,rand_st,17.0,313.66780833333337,0.07315196078431371,1.2435833333333333,61.779785669258246,111.0,60.616,96.0,0.0,1.0,0,0.0,1.0
6,50,rand_st,19.0,315.7402787878788,0.06766400850611377,1.2856161616161617,62.2744548909782,118.0,62.724,99.0,0.0,1.0,0,0.0,1.0
7,50,rand_st,15.0,311.8558787878788,0.08119057239057238,1.217858585858586,48.6286525974026,113.0,64.432,99.0,0.0,1.0,0,0.0,1.0
8,50,rand_st,21.0,311.56404444444445,0.057579605579605585,1.2091717171717173,37.03312462128863,71.0,63.292,99.0,0.0,1.0,0,0.0,1.0
9,50,rand_st,18.0,312.03080000000006,0.06789898989898989,1.2221818181818183,45.02047082906858,110.0,65.004,99.0,0.0,1.0,0,0.0,1.0
10,50,rand_st,17.0,316.1055434343435,0.07576470588235293,1.288,56.97495418448381,112.0,63.488,99.0,0.0,1.0,0,0.0,1.0
11,50,rand_st,19.0,314.1279919191919,0.06634343434343436,1.2605252525252526,59.05467479674797,152.0,63.208,99.0,0.0,1.0,0,0.0,1.0
12,50,rand_st,18.0,313.98037979797977,0.06954882154882155,1.251878787878788,55.65523429710868,152.0,63.064,99.0,0.0,1.0,0,0.0,1.0
13,50,rand_st,15.0,313.7844606060606,0.0829845117845118,1.2447676767676767,69.95752895752896,158.0,62.768,99.0,0.0,1.0,0,0.0,1.0
14,50,rand_st,17.0,313.54266666666666,0.07370172311348781,1.2529292929292928,46.422493008389935,103.0,63.96,99.0,0.0,1.0,0,0.0,1.0
15,50,rand_st,15.0,314.1174949494949,0.08335084175084176,1.2502626262626264,53.543581616481774,114.0,62.224,99.0,0.0,1.0,0,0.0,1.0
16,50,rand_st,16.0,315.24737777777784,0.08024691358024691,1.2839506172839505,58.58389429070057,113.0,52.0,81.0,0.0,1.0,0,0.0,1.0
17,50,rand_st,20.0,314.73948750000005,0.06308541666666667,1.2617083333333334,58.40054782975137,153.0,59.876,96.0,0.0,1.0,0,0.0,1.0
18,50,rand_st,14.0,313.46911515151515,0.08883694083694084,1.2437171717171718,56.78997564935065,113.0,62.872,99.0,0.0,1.0,0,0.0,1.0
19,50,rand_st,16.0,314.8837333333334,0.07936363636363636,1.2698181818181817,59.04534606205251,108.0,62.288,99.0,0.0,1.0,0,0.0,1.0
20,50,rand_st,16.0,315.29701414141414,0.07967424242424243,1.2747878787878788,50.966653193209375,112.0,62.796,99.0,0.0,1.0,0,0.0,1.0
21,50,rand_st,15.0,316.4634222222222,0.08626262626262628,1.293939393939394,79.0878078320549,157.0,62.9,99.0,0.0,1.0,0,0.0,1.0
22,50,rand_st,15.0,314.05428750000004,0.08424166666666667,1.263625,52.227821300021176,110.0,62.692,96.0,0.0,1.0,0,0.0,1.0
23,50,rand_st,14.0,317.9068041666667,0.09401488095238096,1.3162083333333334,51.21459762944479,109.0,59.644,96.0,0.0,1.0,0,0.0,1.0
24,50,rand_st,15.0,315.24153939393943,0.08561616161616162,1.2842424242424242,56.70835014118596,151.0,63.86,99.0,0.0,1.0,0,0.0,1.0
25,50,rand_st,14.0,312.85223673469386,0.08853644314868805,1.2395102040816328,48.24219725343321,107.0,63.528,98.0,0.0,1.0,0,0.0,1.0
26,50,rand_st,18.0,313.6055111111111,0.06980471380471381,1.2564848484848485,52.77821171634121,111.0,63.608,99.0,0.0,1.0,0,0.0,1.0
27,50,rand_st,16.0,314.53794747474757,0.07838888888888888,1.2542222222222221,52.70982142857143,106.0,61.832,99.0,0.0,1.0,0,0.0,1.0
28,50,rand_st,16.0,312.26506262626265,0.07653787878787878,1.2246060606060605,51.13066343042071,116.0,63.764,99.0,0.0,1.0,0,0.0,1.0
29,50,rand_st,14.0,314.8898585858586,0.09102453102453104,1.2743434343434343,58.828629032258064,106.0,62.84,99.0,0.0,1.0,0,0.0,1.0
30,50,rand_st,19.0,316.7799739130435,0.06924942791762012,1.3157391304347825,53.26207937877481,115.0,59.952,92.0,0.0,1.0,0,0.0,1.0
31,50,rand_st,16.0,314.83351919191927,0.07941919191919193,1.270707070707071,58.496980676328505,154.0,63.2,99.0,0.0,1.0,0,0.0,1.0
32,50,rand_st,19.0,314.7875878787879,0.0667304625199362,1.267878787878788,44.000400721298334,110.0,62.48,99.0,0.0,1.0,0,0.0,1.0
33,50,rand_st,14.0,317.5250060606061,0.0936998556998557,1.3117979797979797,79.94248151191455,154.0,61.132,99.0,0.0,1.0,0,0.0,1.0
34,50,rand_st,15.0,315.96814545454544,0.08585589225589225,1.2878383838383838,54.15429257554533,107.0,62.504,99.0,0.0,1.0,0,0.0,1.0
35,50,rand_st,22.0,309.56056161616164,0.053261707988980715,1.171757575757576,36.048367593712214,105.0,62.996,99.0,0.0,1.0,0,0.0,1.0
36,50,rand_st,17.0,311.4641166666667,0.07167647058823529,1.2185,52.36555891238671,159.0,63.024,96.0,0.0,1.0,0,0.0,1.0
37,50,rand_st,15.0,317.42866526315794,0.08700070175438596,1.3050105263157894,78.3069368992896,152.0,59.024,95.0,0.0,1.0,0,0.0,1.0
38,50,rand_st,16.0,314.742,0.07981565656565655,1.2770505050505048,60.26411694032839,105.0,64.572,99.0,0.0,1.0,0,0.0,1.0
39,50,rand_st,15.0,314.03011313131316,0.08366599326599326,1.2549898989898989,55.51601853717509,112.0,62.756,99.0,0.0,1.0,0,0.0,1.0
40,50,rand_st,16.0,317.11874747474747,0.08162626262626263,1.306020202020202,73.72991522002422,155.0,62.704,99.0,0.0,1.0,0,0.0,1.0
41,50,rand_st,15.0,313.3646222222223,0.08356094276094277,1.2534141414141413,48.894876505409265,108.0,64.912,99.0,0.0,1.0,0,0.0,1.0
42,50,rand_st,15.0,314.8409535353536,0.08475690235690236,1.2713535353535352,75.26899727862676,153.0,64.136,99.0,0.0,1.0,0,0.0,1.0
43,50,rand_st,18.0,313.7820421052632,0.06972865497076024,1.2551157894736844,69.07893075142076,155.0,61.764,95.0,0.0,1.0,0,0.0,1.0
44,50,rand_st,16.0,312.8480686868687,0.07749242424242425,1.239878787878788,46.875126084325196,107.0,64.252,99.0,0.0,1.0,0,0.0,1.0
45,50,rand_st,15.0,316.8640848484848,0.08702222222222222,1.3053333333333332,63.911372236606255,109.0,62.772,99.0,0.0,1.0,0,0.0,1.0
46,50,rand_st,16.0,314.76838367346943,0.07972448979591837,1.275591836734694,45.95722713864307,102.0,62.992,98.0,0.0,1.0,0,0.0,1.0
47,50,rand_st,17.0,310.8990343434344,0.07021984551396317,1.1937373737373738,56.039048200122025,108.0,63.82,99.0,0.0,1.0,0,0.0,1.0
48,50,rand_st,18.0,311.6559591836735,0.06761451247165533,1.2170612244897958,48.150584795321635,104.0,63.728,98.0,0.0,1.0,0,0.0,1.0
49,50,rand_st,16.0,311.4808444444445,0.07591161616161617,1.2145858585858587,58.829323462882996,111.0,64.756,99.0,0.0,1.0,0,0.0,1.0
0,50,rand_dt,19.54,312.85642040816333,0.06377749661723882,1.2449387755102042,62.51865971107544,152.0,64.996,98.0,0.0,1.0,0,0.0,1.0
1,50,rand_dt,14.676,315.24905454545456,0.08712916255857434,1.2755151515151515,86.28242851222545,165.0,63.724,99.0,0.0,1.0,0,0.0,1.0
2,50,rand_dt,17.212,313.45681616161625,0.07257124029126094,1.2452525252525253,70.76134082697712,203.0,63.72,99.0,0.0,1.0,0,0.0,1.0
3,50,rand_dt,15.108,311.83103265306124,0.08136890327559596,1.2264897959183674,59.363524083985176,116.0,64.804,98.0,0.0,1.0,0,0.0,1.0
4,50,rand_dt,16.724,312.7771757575758,0.07443901432626923,1.242868686868687,71.16520318562385,161.0,65.956,99.0,0.0,1.0,0,0.0,1.0
5,50,rand_dt,16.812,311.6514,0.07264647922399955,1.2189166666666664,58.700206611570245,152.0,62.984,96.0,0.0,1.0,0,0.0,1.0
6,50,rand_dt,19.08,314.28433131313136,0.06645709728867624,1.26779797979798,72.05055165496489,158.0,64.488,99.0,0.0,1.0,0,0.0,1.0
7,50,rand_dt,16.084,310.3480282828283,0.07473075856605269,1.1995555555555557,57.44963884430177,156.0,66.244,99.0,0.0,1.0,0,0.0,1.0
8,50,rand_dt,20.212,309.67433131313135,0.05876769802095369,1.1857373737373738,50.90253725332259,118.0,65.612,99.0,0.0,1.0,0,0.0,1.0
9,50,rand_dt,19.272,310.99297373737375,0.0629010298933744,1.2099797979797982,56.71109321522046,117.0,66.212,99.0,0.0,1.0,0,0.0,1.0
10,50,rand_dt,17.364,314.54231919191915,0.07319973731119242,1.2698989898989899,80.54357099329677,161.0,65.28,99.0,0.0,1.0,0,0.0,1.0
11,50,rand_dt,18.78,312.4377696969698,0.06613425621887954,1.2391919191919192,59.802121583027336,152.0,65.32,99.0,0.0,1.0,0,0.0,1.0
12,50,rand_dt,16.564,312.2667717171717,0.0745037467902277,1.231030303030303,62.81066506890353,159.0,65.128,99.0,0.0,1.0,0,0.0,1.0
13,50,rand_dt,15.976,311.80361212121215,0.07652836865385884,1.220121212121212,73.9167004458857,161.0,65.208,99.0,0.0,1.0,0,0.0,1.0
14,50,rand_dt,15.868,312.3773454545455,0.07815559516735987,1.2384242424242422,58.34015904572565,115.0,65.396,99.0,0.0,1.0,0,0.0,1.0
15,50,rand_dt,14.244,312.9844404040404,0.08703375698375697,1.2357575757575758,58.238188976377955,115.0,63.66,99.0,0.0,1.0,0,0.0,1.0
16,50,rand_dt,16.504,314.0533827160494,0.07696979513052785,1.2688395061728395,67.9888503468781,157.0,53.224,81.0,0.0,1.0,0,0.0,1.0
17,50,rand_dt,18.468,312.55705000000006,0.06693958333333333,1.2350833333333333,59.0584595690207,153.0,62.432,96.0,0.0,1.0,0,0.0,1.0
18,50,rand_dt,14.512,311.4512888888889,0.08409723870900342,1.218181818181818,62.58202479338843,152.0,65.4,99.0,0.0,1.0,0,0.0,1.0
19,50,rand_dt,15.62,312.56979393939395,0.07967021428099857,1.2412929292929293,59.990289297997165,151.0,65.112,99.0,0.0,1.0,0,0.0,1.0
20,50,rand_dt,16.256,313.71892121212124,0.07727954380405362,1.2554747474747476,73.26678802588997,159.0,64.708,99.0,0.0,1.0,0,0.0,1.0
21,50,rand_dt,15.068,314.8582909090909,0.08461717171717172,1.2747070707070707,90.804572122193,202.0,64.804,99.0,0.0,1.0,0,0.0,1.0
22,50,rand_dt,14.884,313.42778749999997,0.08457466882586369,1.255625,64.70464923204649,152.0,63.46,96.0,0.0,1.0,0,0.0,1.0
23,50,rand_dt,14.272,315.96550833333333,0.09079076999389499,1.2925,82.50124533001245,160.14999999999964,61.92,96.0,0.0,1.0,0,0.0,1.0
24,50,rand_dt,15.804,313.91096969696974,0.08037018099814798,1.2677575757575759,63.0060814919927,155.0,65.492,99.0,0.0,1.0,0,0.0,1.0
25,50,rand_dt,15.264,311.47309387755104,0.08032447924224635,1.2222857142857142,56.917446454564356,115.0,65.216,98.0,0.0,1.0,0,0.0,1.0
26,50,rand_dt,17.556,312.3688484848485,0.07073296223327184,1.2402424242424241,55.36580353473079,115.0,65.216,99.0,0.0,1.0,0,0.0,1.0
27,50,rand_dt,16.16,312.8951393939394,0.07638609955766819,1.2338181818181817,67.11652842403399,158.0,63.852,99.0,0.0,1.0,0,0.0,1.0
28,50,rand_dt,15.052,311.16359595959597,0.08058685029567382,1.209939393939394,58.83596719343869,151.0,65.216,99.0,0.0,1.0,0,0.0,1.0
29,50,rand_dt,14.548,313.94018989898996,0.08688466903466903,1.261131313131313,57.338881090836175,113.0,64.148,99.0,0.0,1.0,0,0.0,1.0
30,50,rand_dt,19.076,315.09321304347833,0.0679525171624714,1.2960434782608694,66.17697368421052,157.0,61.764,92.0,0.0,1.0,0,0.0,1.0
31,50,rand_dt,14.668,313.0085414141414,0.08526616161616161,1.2484848484848485,64.84060028391806,157.0,65.4,99.0,0.0,1.0,0,0.0,1.0
32,50,rand_dt,18.728,312.50988686868686,0.06626503632819421,1.2397171717171716,60.56623800775669,117.0,65.268,99.0,0.0,1.0,0,0.0,1.0
33,50,rand_dt,14.492,315.5545535353536,0.08894831225419461,1.2869494949494948,77.88056968463886,156.0,63.592,99.0,0.0,1.0,0,0.0,1.0
34,50,rand_dt,14.932,314.2101171717172,0.08501944185081439,1.2664242424242425,67.84168012924071,154.0,64.624,99.0,0.0,1.0,0,0.0,1.0
35,50,rand_dt,21.076,308.18371313131314,0.054823660350621035,1.1533333333333335,45.78123744475693,117.0,64.82,99.0,0.0,1.0,0,0.0,1.0
36,50,rand_dt,16.38,309.7222291666667,0.07316552627995643,1.197375,61.46613464293022,153.0,65.052,96.0,0.0,1.0,0,0.0,1.0
37,50,rand_dt,17.112,315.9547747368421,0.07543332753969546,1.2877894736842104,72.44342187826814,160.0,60.66,95.0,0.0,1.0,0,0.0,1.0
38,50,rand_dt,15.892,313.91863030303034,0.07988480557206047,1.266787878787879,62.48611670020121,154.0,65.588,99.0,0.0,1.0,0,0.0,1.0
39,50,rand_dt,15.28,311.9866464646465,0.08067611832611833,1.2301010101010101,55.30791307913079,115.0,65.22,99.0,0.0,1.0,0,0.0,1.0
40,50,rand_dt,16.02,315.9286626262626,0.08080276361829511,1.2915555555555553,80.27762321144674,158.0,64.136,99.0,0.0,1.0,0,0.0,1.0
41,50,rand_dt,15.624,312.165595959596,0.07937419621047072,1.2381010101010101,63.87354443309499,152.0,66.428,99.0,0.0,1.0,0,0.0,1.0
42,50,rand_dt,15.816,313.87003636363636,0.07982513180356318,1.2597171717171716,69.76837782340863,157.0,65.288,99.0,0.0,1.0,0,0.0,1.0
43,50,rand_dt,17.708,312.7271536842106,0.07019922510093604,1.241221052631579,75.5436566379129,159.0,63.084,95.0,0.0,1.0,0,0.0,1.0
44,50,rand_dt,16.764,311.458290909091,0.073082261382313,1.2221010101010101,56.756564217382454,115.0,66.012,99.0,0.0,1.0,0,0.0,1.0
45,50,rand_dt,15.184,314.91281212121214,0.08450589225589226,1.282141414141414,69.99959175341907,158.0,65.068,99.0,0.0,1.0,0,0.0,1.0
46,50,rand_dt,16.096,312.81493877551026,0.07798750457576514,1.2519183673469387,62.12706131078224,155.0,65.312,98.0,0.0,1.0,0,0.0,1.0
47,50,rand_dt,17.28,309.0792040404041,0.06789137070741819,1.1711111111111112,63.3390989541432,155.0,66.06,99.0,0.0,1.0,0,0.0,1.0
48,50,rand_dt,16.452,310.6218530612245,0.07337540269240528,1.203673469387755,53.50133005934111,115.0,65.04,98.0,0.0,1.0,0,0.0,1.0
49,50,rand_dt,16.384,309.98324848484856,0.07310270298443673,1.1952323232323234,57.63657262277952,116.0,66.672,99.0,0.0,1.0,0,0.0,1.0
0,50,static,19.0,314.2615673469388,0.06642749731471537,1.262122448979592,15.072281838428832,19.0,63.312,98.0,0.0,1.0,0,0.0,1.0
1,50,static,18.0,317.3785050505051,0.07222446689113356,1.300040404040404,16.36063544460491,18.0,61.296,99.0,0.0,1.0,0,0.0,1.0
2,50,static,20.0,315.1560565656566,0.0632969696969697,1.265939393939394,17.008074283407346,20.0,61.672,99.0,0.0,1.0,0,0.0,1.0
3,50,static,18.0,313.65066530612245,0.06940816326530613,1.24934693877551,14.55922131147541,18.0,62.564,98.0,0.0,1.0,0,0.0,1.0
4,50,static,19.0,314.7547474747475,0.06660287081339714,1.2654545454545454,16.00161322847348,19.0,63.72,99.0,0.0,1.0,0,0.0,1.0
5,50,static,19.0,313.66040000000004,0.06544736842105263,1.2435,14.351305812973884,19.0,60.624,96.0,0.0,1.0,0,0.0,1.0
6,50,static,21.0,315.81503030303026,0.06125252525252525,1.2863030303030305,17.35621372823694,21.0,62.656,99.0,0.0,1.0,0,0.0,1.0
7,50,static,18.0,311.7298828282828,0.06759595959595958,1.2167272727272724,15.331375329147255,18.0,64.544,99.0,0.0,1.0,0,0.0,1.0
8,50,static,22.0,310.9249414141415,0.05461707988980716,1.2015757575757575,18.1963850528026,22.0,64.044,99.0,0.0,1.0,0,0.0,1.0
9,50,static,21.0,312.05137373737375,0.05821067821067821,1.2224242424242424,17.87131751227496,21.0,64.98,99.0,0.0,1.0,0,0.0,1.0
10,50,static,22.0,316.24758383838383,0.05861707988980717,1.2895757575757576,17.199310624493105,22.0,63.332,99.0,0.0,1.0,0,0.0,1.0
11,50,static,22.0,314.2178101010101,0.05734802571166207,1.2616565656565657,17.83272431993504,22.0,63.096,99.0,0.0,1.0,0,0.0,1.0
12,50,static,19.0,314.20864646464645,0.0660287081339713,1.2545454545454544,16.170450019912387,19.0,62.8,99.0,0.0,1.0,0,0.0,1.0
13,50,static,18.0,313.5607838383838,0.06901459034792368,1.2422626262626264,14.576212705500305,18.0,63.016,99.0,0.0,1.0,0,0.0,1.0
14,50,static,18.0,313.85258989898995,0.06981369248035915,1.2566464646464646,15.27616394747314,18.0,63.592,99.0,0.0,1.0,0,0.0,1.0
15,50,static,18.0,314.04437979797984,0.06942312008978675,1.2496161616161616,15.58107841200869,18.0,62.288,99.0,0.0,1.0,0,0.0,1.0
16,50,static,20.0,315.17350123456794,0.0641432098765432,1.2828641975308641,16.585846000498382,20.0,52.088,81.0,0.0,1.0,0,0.0,1.0
17,50,static,20.0,314.79435,0.06310833333333334,1.2621666666666667,14.77291841883936,20.0,59.832,96.0,0.0,1.0,0,0.0,1.0
18,50,static,20.0,313.4005696969697,0.062155555555555554,1.243111111111111,15.855231143552311,20.0,62.932,99.0,0.0,1.0,0,0.0,1.0
19,50,static,19.0,314.4598868686869,0.06658160552897395,1.265050505050505,16.0,19.0,62.76,99.0,0.0,1.0,0,0.0,1.0
20,50,static,18.0,315.13627474747483,0.0706936026936027,1.2724848484848486,15.435685483870968,18.0,63.024,99.0,0.0,1.0,0,0.0,1.0
21,50,static,18.0,316.48361616161617,0.07188103254769922,1.2938585858585858,15.315980629539952,18.0,62.908,99.0,0.0,1.0,0,0.0,1.0
22,50,static,17.0,314.2351541666667,0.07446323529411764,1.265875,14.83006122018155,17.0,62.476,96.0,0.0,1.0,0,0.0,1.0
23,50,static,19.0,317.72194583333334,0.06916885964912281,1.3142083333333332,17.486194727008513,19.0,59.836,96.0,0.0,1.0,0,0.0,1.0
24,50,static,18.0,315.6575636363636,0.07161167227833895,1.2890101010101012,15.995577889447237,18.0,63.388,99.0,0.0,1.0,0,0.0,1.0
25,50,static,18.0,312.89154693877555,0.06890476190476191,1.2402857142857142,14.2731433326399,18.0,63.452,98.0,0.0,1.0,0,0.0,1.0
26,50,static,20.0,313.83505454545457,0.06294949494949495,1.258989898989899,16.042548818088388,20.0,63.36,99.0,0.0,1.0,0,0.0,1.0
27,50,static,19.0,315.1734181818182,0.06639659755449229,1.2615353535353535,14.189714517108726,19.0,61.108,99.0,0.0,1.0,0,0.0,1.0
28,50,static,18.0,312.10502222222226,0.06792143658810326,1.2225858585858587,14.970337261275905,18.0,63.964,99.0,0.0,1.0,0,0.0,1.0
29,50,static,18.0,315.6353616161617,0.0712682379349046,1.2828282828282829,14.942373564376386,18.0,62.0,99.0,0.0,1.0,0,0.0,1.0
30,50,static,19.0,317.02805652173924,0.06939816933638443,1.3185652173913045,17.37028251024369,19.0,59.692,92.0,0.0,1.0,0,0.0,1.0
31,50,static,17.0,314.39594343434345,0.07445276292335118,1.2656969696969698,15.208308126638435,17.0,63.696,99.0,0.0,1.0,0,0.0,1.0
32,50,static,20.0,314.4796808080809,0.06322626262626263,1.2645252525252526,16.649629184205253,20.0,62.812,99.0,0.0,1.0,0,0.0,1.0
33,50,static,19.0,317.252298989899,0.0688654970760234,1.3084444444444443,16.473921971252565,19.0,61.464,99.0,0.0,1.0,0,0.0,1.0
34,50,static,18.0,315.9106747474748,0.07151066217732883,1.2871919191919192,15.792614770459082,18.0,62.568,99.0,0.0,1.0,0,0.0,1.0
35,50,static,24.0,310.01541818181823,0.04903367003367003,1.1768080808080807,18.973928860145513,24.0,62.496,99.0,0.0,1.0,0,0.0,1.0
36,50,static,21.0,311.20225416666665,0.05791865079365081,1.2162916666666668,17.818181818181817,21.0,63.236,96.0,0.0,1.0,0,0.0,1.0
37,50,static,21.0,317.8393515789474,0.062351879699248124,1.3093894736842102,17.45323289391086,21.0,58.608,95.0,0.0,1.0,0,0.0,1.0
38,50,static,17.0,315.17273131313135,0.07541532976827094,1.282060606060606,14.717583299879566,17.0,64.076,99.0,0.0,1.0,0,0.0,1.0
39,50,static,19.0,313.6507272727273,0.06584370015948963,1.251030303030303,15.859245815688647,19.0,63.148,99.0,0.0,1.0,0,0.0,1.0
40,50,static,18.0,316.7732646464647,0.07233894500561168,1.30210101010101,15.923371647509578,18.0,63.092,99.0,0.0,1.0,0,0.0,1.0
41,50,static,19.0,313.3744202020202,0.06597554492291334,1.2535353535353535,16.639983746444535,19.0,64.9,99.0,0.0,1.0,0,0.0,1.0
42,50,static,17.0,315.2909616161616,0.07509685086155675,1.2766464646464646,15.149759464547166,17.0,63.612,99.0,0.0,1.0,0,0.0,1.0
43,50,static,20.0,313.78476631578957,0.06275789473684211,1.255157894736842,15.075872215216478,20.0,61.76,95.0,0.0,1.0,0,0.0,1.0
44,50,static,19.0,312.9328767676768,0.06527804359383307,1.2402828282828284,16.32666262381241,19.0,64.212,99.0,0.0,1.0,0,0.0,1.0
45,50,static,17.0,316.9989414141414,0.07687225193107547,1.3068282828282827,15.138151327610302,17.0,62.624,99.0,0.0,1.0,0,0.0,1.0
46,50,static,19.0,314.3976448979592,0.06692803437164341,1.2716326530612245,16.416173986486488,19.0,63.38,98.0,0.0,1.0,0,0.0,1.0
47,50,static,19.0,310.96728080808083,0.06286868686868687,1.1945050505050505,15.977571226510406,19.0,63.744,99.0,0.0,1.0,0,0.0,1.0
48,50,static,18.0,311.3098734693878,0.06738095238095237,1.2128571428571426,15.048306148055207,18.0,64.14,98.0,0.0,1.0,0,0.0,1.0
49,50,static,18.0,311.546096969697,0.06749943883277215,1.214989898989899,15.118661465818107,18.0,64.716,99.0,0.0,1.0,0,0.0,1.0
0,50,bsps,15.704,299.88552244897966,0.060883528319752814,0.9513469387755101,28.305527434703382,66.0,35.416,67.868,0.4437716262975779,0.6897374701670644,0,0.31038671795910105,1.0
1,50,bsps,15.008,303.6305777777778,0.06710607765509727,1.0045252525252524,28.20301217247782,66.0,35.008,70.328,0.4450586105022396,0.6915091828586638,0,0.2972972972972973,1.0
2,50,bsps,15.94,301.6156484848486,0.061094221441899466,0.9725252525252526,27.404117884537747,66.0,34.836,70.096,0.44547729710404005,0.7006400787789266,0,0.2823980621719822,1.0
3,50,bsps,14.308,299.3093469387755,0.06591713773421456,0.9410204081632653,26.595491803278687,64.0,35.104,68.128,0.4442556084296397,0.6897448015122873,0,0.30655737704918035,1.0
4,50,bsps,14.584,300.6294303030303,0.06607694074262702,0.9606060606060606,28.130268199233715,65.0,35.568,68.6,0.44258010118043845,0.6881548974943053,0,0.313571284533172,1.0
5,50,bsps,15.268,300.0252500000001,0.06230459266055725,0.9485416666666666,26.945240101095198,65.0,33.988,67.276,0.444816333361225,0.6929518492672715,0,0.30054759898904804,1.0
6,50,bsps,15.296,301.0472727272727,0.06351749959133861,0.9690101010101009,28.130678407044226,65.0,35.224,69.04,0.44398449885502905,0.6939218523878437,0,0.30518310986591957,1.0
7,50,bsps,13.868,297.76739797979803,0.06619158170013785,0.9154343434343434,27.37168320842617,64.0,36.2,68.324,0.4420857552017522,0.6864580954555835,0,0.31962730403078793,1.0
8,50,bsps,17.064,297.2545616161616,0.053298688764891036,0.9074343434343434,28.475426482534523,67.0,36.536,69.112,0.4453138893828917,0.6928071928071928,0,0.2971161657189277,1.0
9,50,bsps,15.768,298.2090505050505,0.05885768517306185,0.9236363636363636,29.16693944353519,66.0,36.612,68.388,0.4437266235974158,0.6848441926345609,0,0.3199672667757774,1.0
10,50,bsps,16.04,302.2486747474748,0.061778182246603294,0.98610101010101,27.845296025952962,67.0,35.44,69.02,0.44585262815825816,0.7009682503940554,0,0.2962287104622871,1.0
11,50,bsps,16.748,299.6278909090909,0.05677055326472251,0.9487676767676768,28.899309784815266,67.0,36.264,69.516,0.4444541714085617,0.6904586705911209,0,0.30105562322371093,1.0
12,50,bsps,14.2,300.13823434343436,0.06711803523274112,0.9511111111111111,26.85025886101155,64.0,35.116,68.992,0.4428896569164629,0.6913608388420333,0,0.30605336519315013,1.0
13,50,bsps,15.04,300.41934949494953,0.063508176609157,0.9541818181818181,26.886543535620053,65.0,35.064,69.348,0.44515859766277127,0.6932084309133489,0,0.29632636492794806,1.0
14,50,bsps,14.18,299.38982626262634,0.06676710315827962,0.9452121212121213,26.624353362514924,64.0,35.908,68.932,0.4434255909817448,0.6928718771487509,0,0.30202944687624356,1.0
15,50,bsps,14.164,300.4617050505051,0.06780973721267838,0.957939393939394,26.316610705115544,64.0,35.86,70.18,0.4417194328012129,0.6941917424772568,0,0.2907367173612483,1.0
16,50,bsps,14.8,300.33241975308647,0.06509081615552204,0.9606913580246912,27.32070769997508,65.0,29.064,56.212,0.44588836812952704,0.6983938132064248,0,0.3017692499377025,1.0
17,50,bsps,15.912,301.04808333333335,0.060851214586711874,0.96725,27.021867115222875,65.25,34.532,68.34,0.44492540062626634,0.6921891058581706,0,0.28973927670311184,1.0
18,50,bsps,15.988,299.4870222222223,0.05907492123936912,0.9430707070707071,27.105839416058394,65.0,35.604,69.38,0.44467442863303147,0.6936221419975933,0,0.29501216545012166,1.0
19,50,bsps,15.836,300.1409898989899,0.060392237319688305,0.9555151515151515,27.31592585210285,65.0,35.432,69.38,0.44423569598633644,0.6995337995337996,0,0.2928044648196133,1.0
20,50,bsps,14.064,301.2066101010102,0.06902109170290989,0.9692121212121211,26.106854838709676,64.0,35.148,69.116,0.4474284266531543,0.6999278672757875,0,0.2899193548387097,1.0
21,50,bsps,14.536,302.2659111111111,0.06802056699160086,0.985010101010101,28.452179176755447,65.0,34.732,68.792,0.44334301828747225,0.6865984178687762,0,0.3155770782889427,1.0
22,50,bsps,14.144,299.55131250000005,0.06711692612942613,0.9485,27.519949335022165,64.0,34.96,66.244,0.44570994684889903,0.6872437906920665,0,0.3113785096052354,1.0
23,50,bsps,15.648,303.5006791666667,0.06443413281979457,1.0080833333333332,28.49823541623417,66.0,34.096,68.02,0.4429505479325905,0.6820868671292727,0,0.29209051276728254,1.0
24,50,bsps,14.488,300.4036202020202,0.06651821446527328,0.9623434343434344,27.999195979899497,64.0,35.524,68.492,0.44304466566822304,0.6890817064352857,0,0.31236180904522615,1.0
25,50,bsps,15.184,298.7692979591837,0.06160365574801349,0.9348571428571429,27.169752444351985,65.0,35.896,68.24,0.4441758051981694,0.6903334132885585,0,0.30517994591221137,1.0
26,50,bsps,16.54,299.0072525252525,0.05692200837040878,0.9406464646464645,27.683247687564233,66.0,36.176,69.18,0.44633992237566567,0.6977811782708493,0,0.2961973278520041,1.0
27,50,bsps,14.364,301.8332727272727,0.06803933567917525,0.9740606060606061,26.353107916582303,64.0,34.584,70.268,0.44145583666222815,0.687603305785124,0,0.3043126138894513,1.0
28,50,bsps,14.492,298.3013656565656,0.06372247295188473,0.9226262626262627,27.050792360828932,64.0,35.52,68.464,0.44413289149460444,0.690144173954148,0,0.30780170662332385,1.0
29,50,bsps,15.14,301.31937777777785,0.06448808965181514,0.9754747474747475,26.910739472093493,65.0,35.612,70.164,0.4425612052730697,0.6882166382044401,0,0.29619181946403383,1.0
30,50,bsps,13.784,301.6508434782609,0.07170724802690916,0.9851304347826088,28.009704550355835,64.0,33.2,63.416,0.44506920415224915,0.6971360381861575,0,0.30838904464093164,1.0
31,50,bsps,13.644,300.33105050505054,0.07034605798242163,0.9584646464646465,26.3639846743295,64.0,35.804,69.184,0.4457841555574425,0.6983187307601232,0,0.29219600725952816,1.0
32,50,bsps,15.656,299.8531313131313,0.06093543240958101,0.950909090909091,27.217678893565846,66.0,35.572,69.204,0.44483538577532045,0.6946440992348714,0,0.29585087191822007,1.0
33,50,bsps,15.512,303.3248808080808,0.06499567999175843,1.0061414141414142,26.676386036960984,65.0,35.256,70.72,0.4468689018981728,0.6994466800804829,0,0.2751540041067762,1.0
34,50,bsps,14.58,301.104896969697,0.06668003728297844,0.9713131313131315,27.997205588822354,65.0,35.412,69.164,0.44237612920886943,0.6894333085869834,0,0.3069860279441118,1.0
35,50,bsps,19.336,296.5251757575758,0.046185777667465726,0.8907070707070707,29.543654001616815,69.0,36.36,69.956,0.4444444444444444,0.6925720327782183,0,0.2940582053354891,1.0
36,50,bsps,15.984,296.71000416666664,0.056407420884176884,0.899625,28.765888978278358,66.0,34.5,65.264,0.44463846337010876,0.6989894646312621,0,0.31234915526950924,1.0
37,50,bsps,16.664,304.33777684210526,0.061277838523434096,1.018778947368421,28.48566645741787,67.0,33.936,68.184,0.4425510712506228,0.6901749663526245,0,0.28897258840761664,1.0
38,50,bsps,14.088,300.2611151515151,0.06828348546877959,0.9600404040404041,27.770574066639902,64.0,35.8,68.36,0.4433774834437086,0.6891402714932127,0,0.31112003211561623,1.0
39,50,bsps,14.856,299.56765656565653,0.06376195648940747,0.9454141414141414,26.52127445049405,64.0,35.68,69.324,0.4458990114881111,0.6983337478239244,0,0.2917927001411575,1.0
40,50,bsps,14.56,302.68418181818186,0.06866528541439414,0.9957575757575757,27.707803992740473,65.0,35.568,69.468,0.4441960293328564,0.6932153392330384,0,0.30046380318612625,1.0
41,50,bsps,14.716,298.50184242424245,0.06339599104599106,0.9311919191919191,28.28606257618854,65.0,35.86,67.668,0.444839255499154,0.6882775119617225,0,0.3161316537992686,1.0
42,50,bsps,14.16,300.8749616161616,0.06836258371258372,0.9665858585858587,26.831625183016104,64.0,35.768,68.756,0.4479359730412805,0.7,0,0.2972181551976574,1.0
43,50,bsps,14.492,299.6127536842106,0.0655788550458829,0.9448421052631579,26.815678856662462,65.0,33.792,65.252,0.4447198017427452,0.6911600979737252,0,0.30958385876418665,1.0
44,50,bsps,15.076,299.00170505050505,0.06232213244272068,0.9383434343434344,27.471396806145137,65.0,36.46,69.092,0.44519476241455985,0.694514574248336,0,0.29917121487770365,1.0
45,50,bsps,14.024,302.28765252525255,0.07058772002408367,0.9888888888888889,26.78897983629467,64.0,34.856,68.968,0.4447936130456939,0.691670610506389,0,0.29766420443202235,1.0
46,50,bsps,15.592,299.95345306122454,0.061363384144866744,0.9558367346938776,28.67673141891892,66.0,35.644,68.316,0.44584316810910046,0.6939177542477223,0,0.31017736486486486,1.0
47,50,bsps,14.936,298.19361616161615,0.06140714049929736,0.9151919191919192,26.755708223883612,65.0,35.232,68.728,0.4459803845856823,0.6947923533289387,0,0.2964235199030107,1.0
48,50,bsps,15.052,297.4912653061225,0.06090082175727434,0.9141224489795918,27.52948557089084,65.0,36.784,68.44,0.4458620990998864,0.6950948977076657,0,0.30154746967795903,1.0
49,50,bsps,14.872,297.8797696969698,0.06176930836048484,0.917010101010101,27.311845616916443,64.0,35.948,68.28,0.4462724527102209,0.6935264825712992,0,0.30650790392116606,1.0
0,50,baps,12.724,290.77728979591836,0.04881023988542785,0.785795918367347,35.7993520955659,69.0,28.036,55.772,0.5543468725326783,0.6423810618248679,0,0.4296416278598907,1.0
1,50,baps,12.5,293.9644,0.055248677248677255,0.8346666666666668,37.014029296472046,68.0,27.528,57.58,0.5539196567862714,0.6384576865297947,0,0.43016298741489584,1.0
2,50,baps,14.0,292.92234747474754,0.04858181818181818,0.816969696969697,36.26100121114251,70.0,28.62,59.0,0.5554334889682322,0.6399352900392882,0,0.4057327412192168,1.0
3,50,baps,12.5,290.5456040816327,0.05016099773242631,0.7821224489795918,34.04344262295082,68.0,28.852,57.0,0.5567768738099359,0.6475483580746738,0,0.4067622950819672,1.0
4,50,baps,12.5,291.9445777777778,0.0523331561226298,0.8038383838383837,36.65416414599718,69.0,28.42,57.0,0.5582837942620832,0.6457032091320267,0,0.4297237346239161,1.0
5,50,baps,14.0,292.763275,0.0504556530214425,0.8220833333333333,33.17565290648694,69.0,30.08,59.0,0.5541107023697494,0.6386757290067967,0,0.3938500421229992,1.0
6,50,baps,13.512,291.3403595959597,0.045225589225589224,0.7908686868686868,38.80088052831699,71.0,27.216,56.012,0.5554853273137698,0.6388700564971751,0,0.44786872123273963,1.0
7,50,baps,11.664,289.1156444444445,0.05073445566778901,0.7568888888888889,37.10046586996152,68.0,28.168,55.8,0.5544835903178569,0.6362852833441068,0,0.45088110188373504,1.0
8,50,baps,14.5,288.5331555555556,0.039731339367703,0.7457777777777779,38.97502030869212,72.0,28.364,56.348,0.5536429872495446,0.6379391100702576,0,0.4370430544272949,1.0
9,50,baps,13.0,288.3079555555556,0.04212255892255892,0.7415757575757577,39.94742225859247,71.0,27.808,54.612,0.5548325524900226,0.6412606168976308,0,0.45458265139116205,1.0
10,50,baps,14.5,292.84520808080816,0.04633136560409288,0.8196363636363637,37.310421735604216,72.0,28.356,57.0,0.5566719255999336,0.6449968132568515,0,0.4205190592051906,1.0
11,50,baps,14.5,290.2125858585859,0.041323625869080415,0.7759595959595958,38.66950872919204,72.0,27.832,56.076,0.5557639074917403,0.6451987909788421,0,0.43239951278928135,1.0
12,50,baps,12.5,291.52522828282827,0.051739854687223114,0.7951919191919191,36.51194743130227,69.0,28.276,57.5,0.5551998615677453,0.6359761295822677,0,0.42592592592592593,1.0
13,50,baps,12.568,290.80010101010106,0.05029028379028379,0.7822626262626263,35.00466815506393,68.0,28.192,57.068,0.5546848381601363,0.642350332594235,0,0.4235843312360463,1.0
14,50,baps,12.5,289.5746747474747,0.04730479397146064,0.7650101010101009,36.232391563867886,68.0,28.264,56.0,0.5560030850972663,0.6426544422615149,0,0.43274970155193,1.0
15,50,baps,12.5,290.7397616161617,0.04938784672118005,0.7802828282828281,36.31503061426032,68.0,27.904,57.076,0.5592309094222708,0.6436146707909854,0,0.4311672921192969,1.0
16,50,baps,13.0,290.2508592592593,0.045301234567901236,0.7784691358024691,38.332170446050334,70.0,22.944,45.5,0.5543656430991148,0.6382328424562378,0,0.44953899825566906,1.0
17,50,baps,14.316,293.5782041666667,0.049203125,0.8309583333333332,33.422834314550045,69.0,28.552,58.412,0.555274024024024,0.6438690766976063,0,0.3904541631623213,1.0
18,50,baps,13.5,290.6429898989899,0.04647186147186146,0.7826666666666667,35.57785888077859,70.0,28.352,57.168,0.5565515423147904,0.6472203157172272,0,0.41321978913219787,1.0
19,50,baps,13.5,291.6652363636364,0.0483160552897395,0.8007272727272727,35.598564879410006,69.0,28.728,58.0,0.5589110644257703,0.6470716783216783,0,0.41080326888578833,1.0
20,50,baps,12.316,291.6040080808081,0.05265223665223665,0.8005656565656566,35.72197580645161,68.0,28.876,57.316,0.5532815198618307,0.6395927601809954,0,0.42358870967741935,1.0
21,50,baps,12.0,293.66275151515157,0.05786980920314254,0.8326060606060605,34.98103309120258,68.0,28.572,58.0,0.5589436191469029,0.6511472488304745,0,0.40940274414850686,1.0
22,50,baps,12.0,291.2362416666667,0.05425665266106442,0.798375,35.39962001266625,66.0,28.724,55.684,0.5516676721537533,0.6363429611098477,0,0.4279079586236014,1.0
23,50,baps,13.0,293.020525,0.05043358395989975,0.8191666666666666,37.87813992111273,69.0,26.536,55.088,0.5541615953562401,0.6421725239616614,0,0.42661407515050864,1.0
24,50,baps,12.192,291.17908282828284,0.05044765111431778,0.791959595959596,36.98472361809045,68.0,27.98,56.192,0.5575221238938053,0.6439222774514234,0,0.4349748743718593,1.0
25,50,baps,13.02,290.0414204081633,0.04774829931972789,0.774,34.374245891408364,67.0,28.688,56.52,0.5576146144387845,0.65032080659945,0,0.41626794258373206,1.0
26,50,baps,14.864,289.45492525252524,0.040985409652076324,0.7647272727272727,37.19609455292908,69.0,28.656,56.432,0.5535154087470013,0.6393560788082653,0,0.4365878725590956,1.0
27,50,baps,13.0,292.05242424242425,0.0502832839674945,0.8021010101010102,34.761692650334076,69.0,28.092,58.0,0.5561695959412937,0.6389511429852084,0,0.42781939663899576,1.0
28,50,baps,12.728,290.2204121212121,0.05006004489337823,0.7774141414141414,35.478667208451846,68.0,29.324,57.644,0.5540187891440501,0.6378774422735346,0,0.42746850873628606,1.0
29,50,baps,13.7,292.0400242424243,0.049016835016835014,0.8066666666666668,34.63852508563369,67.0,29.092,58.476,0.5556268328445748,0.6399262332872291,0,0.4088253072738263,1.0
30,50,baps,12.0,292.44430000000006,0.05399862700228833,0.8156086956521739,38.03558335130472,69.0,25.964,52.0,0.5570233377366799,0.6473265073947668,0,0.43023506577528575,1.0
31,50,baps,11.0,290.8843272727273,0.05711562685680333,0.7890505050505051,35.54184311353095,67.0,28.384,56.5,0.5539194456474664,0.6397306397306397,0,0.4240774349667272,1.0
32,50,baps,14.0,290.9403838383838,0.04491717171717171,0.7882828282828283,36.83022649829625,70.0,28.576,57.308,0.5568328043235824,0.6442412366644894,0,0.42032471437161756,1.0
33,50,baps,13.652,293.7525656565657,0.05071838265697915,0.8355959595959596,35.73655030800821,69.0,29.08,59.152,0.5547159504734159,0.6408813877168308,0,0.4051334702258727,1.0
34,50,baps,13.0,292.0251595959596,0.0500594837261504,0.80379797979798,35.93892215568862,68.0,27.924,57.0,0.5564245810055866,0.6422535211267606,0,0.4173652694610778,1.0
35,50,baps,16.5,288.8478262626263,0.03660157126823794,0.750020202020202,38.32356507679871,74.0,28.748,58.0,0.5559229721843999,0.6449092741935484,0,0.4118835893290218,1.0
36,50,baps,14.5,289.4646791666667,0.04303621031746031,0.770375,37.71379726468222,71.0,29.088,55.772,0.5573877020550727,0.643045150840251,0,0.41773934030571197,1.0
37,50,baps,14.42,293.7010357894737,0.046252631578947365,0.8271578947368421,38.13454697635488,71.0,25.58,54.58,0.5584732824427481,0.6463694267515924,0,0.42958777987026575,1.0
38,50,baps,11.5,290.5188646464647,0.052465834818775994,0.7825858585858586,36.491368928141306,67.0,28.024,55.5,0.5551420838971584,0.6394354148845167,0,0.4472099558410277,1.0
39,50,baps,13.0,291.2632646464647,0.049579403053087265,0.7945454545454546,35.39060294414197,68.0,28.984,58.072,0.5560811425452561,0.6448202959830867,0,0.41157491429723736,1.0
40,50,baps,11.5,292.2551757575758,0.055749494949494945,0.8082020202020203,36.42266586005243,68.0,27.488,56.0,0.5557174071376547,0.6434599156118144,0,0.42609397055858034,1.0
41,50,baps,13.0,290.4431393939394,0.048051948051948054,0.7838787878787878,37.16598943518895,69.0,28.896,56.5,0.5540669029302446,0.6411645226811103,0,0.4278748476229175,1.0
42,50,baps,11.688,291.0236282828283,0.05378083354553943,0.7911919191919192,36.72432545492575,67.0,28.548,56.188,0.5535144458818456,0.6408626560726447,0,0.445095168374817,1.0
43,50,baps,13.0,291.25789473684216,0.0508659649122807,0.7982315789473685,34.666666666666664,70.0,28.668,55.5,0.5556278464541314,0.6454081632653061,0,0.4098360655737705,1.0
44,50,baps,12.5,289.7951393939394,0.04825305688463583,0.7702626262626263,37.01273499090358,69.0,28.744,56.5,0.5543936582897622,0.6389487289961223,0,0.43117040630685266,1.0
45,50,baps,12.0,292.9885494949495,0.055941261353026066,0.8231515151515152,35.36174885206628,67.0,28.508,57.5,0.5560759823054905,0.6445985238201745,0,0.42004392094230386,1.0
46,50,baps,13.0,291.52219183673475,0.0492487340800982,0.7996326530612246,36.633445945945944,69.0,28.636,57.0,0.5558634250983197,0.6449443413729128,0,0.42377533783783783,1.0
47,50,baps,13.5,290.0068686868687,0.04764540138224349,0.7729292929292929,35.49747423721964,69.0,29.98,58.5,0.5546930693069307,0.6416410256410257,0,0.41139624166498284,1.0
48,50,baps,11.64,289.1992204081633,0.051556916099773246,0.7604897959183675,36.2185278126307,68.0,27.972,55.32,0.5538104586828485,0.6404285048905449,0,0.44040150564617314,1.0
49,50,baps,13.0,290.3534464646465,0.050267115600448935,0.782989898989899,34.40340792445083,67.0,30.484,58.5,0.5543319838056681,0.6443010752688172,0,0.40422911106548964,1.0
0,50,oracle,10.236,288.19830204081626,0.06408682451335512,0.656,8.477019639603158,12.0,0.0,34.688,1.0,1.0,0,0.0,1.0
1,50,oracle,10.728,292.4454545454546,0.0672339496642527,0.7202020202020202,9.318341242005364,13.0,0.0,37.704,1.0,1.0,0,0.0,1.0
2,50,oracle,10.968,290.3289858585859,0.06277011159435401,0.6885656565656566,8.867581752119499,12.0,0.0,37.328,1.0,1.0,0,0.0,1.0
3,50,oracle,10.092,288.06127755102045,0.06471008334069557,0.6542448979591836,7.523770491803279,11.0,0.0,35.436,1.0,1.0,0,0.0,1.0
4,50,oracle,9.896,289.18060606060607,0.06771540233055384,0.6707070707070707,8.399274047186934,12.0,0.0,35.28,1.0,1.0,0,0.0,1.0
5,50,oracle,10.716,288.81715,0.06189531695156695,0.66575,8.208298230834036,12.0,0.0,35.376,1.0,1.0,0,0.0,1.0
6,50,oracle,10.392,289.683191919192,0.06526306353579082,0.6785858585858586,8.43245947568541,12.0,0.0,36.344,1.0,1.0,0,0.0,1.0
7,50,oracle,9.384,286.5622868686869,0.06731949655282987,0.6314343434343435,7.336641685233948,10.0,0.0,34.456,1.0,1.0,0,0.0,1.0
8,50,oracle,11.072,286.15867878787884,0.0565581869309142,0.6256161616161616,8.291632818846466,12.0,0.0,34.956,1.0,1.0,0,0.0,1.0
9,50,oracle,10.068,286.75521212121214,0.06307157074126771,0.6341414141414141,8.430441898527006,12.0,0.0,34.02,1.0,1.0,0,0.0,1.0
10,50,oracle,10.448,290.46322020202024,0.0663350527138406,0.6899393939393939,8.884225466342254,13.0,0.0,35.668,1.0,1.0,0,0.0,1.0
11,50,oracle,11.392,288.1711030303031,0.05751341066341067,0.6559191919191919,8.996548924076329,12.0,0.0,35.904,1.0,1.0,0,0.0,1.0
12,50,oracle,9.924,289.0080404040404,0.06728252376131164,0.6684848484848485,7.686778176025488,11.0,0.0,36.2,1.0,1.0,0,0.0,1.0
13,50,oracle,10.572,288.66595555555557,0.0625973166003469,0.6633131313131313,8.314390095392733,12.0,0.0,35.984,1.0,1.0,0,0.0,1.0
14,50,oracle,9.968,287.7329131313132,0.0650156380095774,0.6492121212121212,7.6824512534818945,11.0,0.0,35.408,1.0,1.0,0,0.0,1.0
15,50,oracle,9.956,289.16345050505055,0.06740672032793245,0.6709898989898989,7.850681414181316,11.0,0.0,36.712,1.0,1.0,0,0.0,1.0
16,50,oracle,9.896,288.2671802469136,0.06624429452577602,0.6571358024691358,7.943184649887865,11.0,0.0,28.912,1.0,1.0,0,0.0,1.0
17,50,oracle,11.2,289.77372499999996,0.06064602133977134,0.6802916666666667,8.387931034482758,12.0,0.0,36.168,1.0,1.0,0,0.0,1.0
18,50,oracle,11.08,288.12351919191923,0.059173239442936405,0.6552727272727272,8.219789132197892,12.0,0.0,36.068,1.0,1.0,0,0.0,1.0
19,50,oracle,10.832,288.4531393939394,0.06093264154476276,0.6602424242424243,8.248355590990633,12.0,0.0,36.24,1.0,1.0,0,0.0,1.0
20,50,oracle,9.936,289.4318303030303,0.06783341350008015,0.6747070707070708,8.009274193548388,11.0,0.0,35.976,1.0,1.0,0,0.0,1.0
21,50,oracle,10.144,290.62628282828285,0.06831206156357672,0.6925252525252524,8.9818401937046,12.0,0.0,36.092,1.0,1.0,0,0.0,1.0
22,50,oracle,10.048,287.6557791666667,0.06432355850168349,0.64775,8.123073675321933,11.0,0.0,33.524,1.0,1.0,0,0.0,1.0
23,50,oracle,11.2,291.68902916666667,0.06300650171587671,0.7087916666666667,9.69483080755657,12.0,0.0,36.164,1.0,1.0,0,0.0,1.0
24,50,oracle,9.92,288.8898464646465,0.06708382347170226,0.6665050505050506,8.062713567839197,11.0,0.0,35.612,1.0,1.0,0,0.0,1.0
25,50,oracle,10.384,286.9950163265306,0.061316377273520135,0.6380408163265306,7.950696900353651,11.0,0.0,34.548,1.0,1.0,0,0.0,1.0
26,50,oracle,11.88,287.41481212121215,0.05412599936539331,0.6445656565656566,8.859609455292908,13.0,0.0,35.64,1.0,1.0,0,0.0,1.0
27,50,oracle,10.172,290.9283676767678,0.06852428861822801,0.6976969696969697,7.862725248025916,11.0,0.0,37.892,1.0,1.0,0,0.0,1.0
28,50,oracle,10.2,286.93047676767685,0.06237265271204665,0.6371313131313132,7.8449817147501015,11.0,0.0,35.036,1.0,1.0,0,0.0,1.0
29,50,oracle,10.936,289.6286141414142,0.061859901490204525,0.6780202020202021,8.306467862180133,12.0,0.0,37.0,1.0,1.0,0,0.0,1.0
30,50,oracle,8.988,289.1285347826087,0.07430440115440115,0.6697391304347826,8.136726331679965,10.0,0.0,32.308,1.0,1.0,0,0.0,1.0
31,50,oracle,9.632,288.15638787878794,0.0680386578629003,0.6554747474747475,7.952006452913894,11.0,0.0,35.304,1.0,1.0,0,0.0,1.0
32,50,oracle,10.9,288.56848888888896,0.06053134934650086,0.6619393939393938,8.22449388655041,12.0,0.0,36.188,1.0,1.0,0,0.0,1.0
33,50,oracle,11.144,291.08397575757584,0.06266526301980847,0.6998787878787879,8.955852156057494,12.0,0.0,37.536,1.0,1.0,0,0.0,1.0
34,50,oracle,10.556,289.846593939394,0.0644568540326116,0.6810505050505051,8.768463073852296,12.0,0.0,36.432,1.0,1.0,0,0.0,1.0
35,50,oracle,12.656,286.6599030303031,0.05025470731157006,0.6336565656565656,8.927041228779304,14.0,0.0,36.504,1.0,1.0,0,0.0,1.0
36,50,oracle,10.596,285.1191708333334,0.0575107788045288,0.6097083333333333,8.344127111826227,12.0,0.0,32.764,1.0,1.0,0,0.0,1.0
37,50,oracle,11.296,292.6187200000001,0.06386740020213705,0.7228631578947369,9.57187696170747,13.0,0.0,36.392,1.0,1.0,0,0.0,1.0
38,50,oracle,9.712,288.34246868686876,0.06771835089713878,0.6581010101010102,8.290244881573665,11.0,0.0,34.924,1.0,1.0,0,0.0,1.0
39,50,oracle,10.192,287.86288888888896,0.06381241575484,0.6513131313131313,7.715466827989514,11.0,0.0,35.852,1.0,1.0,0,0.0,1.0
40,50,oracle,9.924,290.43815353535354,0.06957945713097229,0.6896565656565656,8.71607178866707,11.0,0.0,35.908,1.0,1.0,0,0.0,1.0
41,50,oracle,9.944,286.71789494949496,0.06364739413224263,0.6336161616161616,8.01950426655831,11.0,0.0,34.1,1.0,1.0,0,0.0,1.0
42,50,oracle,9.824,289.33807272727273,0.0684553176341055,0.673090909090909,8.326709893327756,11.0,0.0,35.388,1.0,1.0,0,0.0,1.0
43,50,oracle,9.36,287.6878400000001,0.06934735615261932,0.6482526315789473,7.720050441361916,11.0,0.0,33.24,1.0,1.0,0,0.0,1.0
44,50,oracle,9.992,287.1050787878788,0.06391464046615561,0.6396363636363637,7.975945017182131,11.0,0.0,34.788,1.0,1.0,0,0.0,1.0
45,50,oracle,9.896,290.52136565656565,0.06975715776927899,0.6910707070707071,8.225993212218007,11.0,0.0,36.376,1.0,1.0,0,0.0,1.0
46,50,oracle,10.432,287.4375224489796,0.06168039715386654,0.6446530612244898,8.333826013513514,12.0,0.0,34.62,1.0,1.0,0,0.0,1.0
47,50,oracle,10.316,287.13398787878793,0.06201822498489165,0.6402424242424243,7.8553243079409985,11.0,0.0,35.256,1.0,1.0,0,0.0,1.0
48,50,oracle,10.016,285.8468530612246,0.06208385967773723,0.6206938775510205,7.979924717691342,11.0,0.0,33.86,1.0,1.0,0,0.0,1.0
49,50,oracle,10.352,286.2516727272727,0.060451470975713406,0.6267474747474747,7.890576883596798,11.0,0.0,34.284,1.0,1.0,0,0.0,1.0
0,100,rand_st,19.0,559.3516163265307,0.06647905477980666,1.2631020408163263,112.57752173034162,212.0,63.216,98.0,0.0,1.0,0,0.0,1.0
1,100,rand_st,15.0,562.1486626262628,0.0865131313131313,1.2976969696969698,131.12056883759274,304.0,61.528,99.0,0.0,1.0,0,0.0,1.0
2,100,rand_st,17.0,560.1034747474748,0.07442899584076056,1.2652929292929294,105.14199395770393,216.0,61.736,99.0,0.0,1.0,0,0.0,1.0
3,100,rand_st,16.0,558.5939795918368,0.07806377551020409,1.2490204081632654,105.309985705534,212.0,62.596,98.0,0.0,1.0,0,0.0,1.0
4,100,rand_st,16.0,559.7521535353536,0.07909595959595958,1.2655353535353533,153.51703972575115,311.0,63.712,99.0,0.0,1.0,0,0.0,1.0
5,100,rand_st,17.0,558.6678083333334,0.07315196078431371,1.2435833333333333,116.75982349233033,211.0,60.616,96.0,0.0,1.0,0,0.0,1.0
6,100,rand_st,19.0,560.7402787878788,0.06766400850611377,1.2856161616161617,113.69473894778956,218.0,62.724,99.0,0.0,1.0,0,0.0,1.0
7,100,rand_st,15.0,556.8558787878789,0.08119057239057238,1.217858585858586,87.48823051948052,213.0,64.432,99.0,0.0,1.0,0,0.0,1.0
8,100,rand_st,21.0,556.5640444444446,0.057579605579605585,1.2091717171717173,60.97778226620885,121.0,63.292,99.0,0.0,1.0,0,0.0,1.0
9,100,rand_st,18.0,557.0308,0.06789898989898989,1.2221818181818183,81.53019447287615,210.0,65.004,99.0,0.0,1.0,0,0.0,1.0
10,100,rand_st,17.0,561.1055434343435,0.07576470588235293,1.288,103.78823050295256,212.0,63.488,99.0,0.0,1.0,0,0.0,1.0
11,100,rand_st,19.0,559.1279919191919,0.06634343434343436,1.2605252525252526,110.37581300813008,302.0,63.208,99.0,0.0,1.0,0,0.0,1.0
12,100,rand_st,18.0,558.9803797979798,0.06954882154882155,1.251878787878788,102.73399800598206,302.0,63.064,99.0,0.0,1.0,0,0.0,1.0
13,100,rand_st,15.0,558.7844606060606,0.0829845117845118,1.2447676767676767,133.85714285714286,308.0,62.768,99.0,0.0,1.0,0,0.0,1.0
14,100,rand_st,17.0,558.5426666666667,0.07370172311348781,1.2529292929292928,84.17718737514981,203.0,63.96,99.0,0.0,1.0,0,0.0,1.0
15,100,rand_st,15.0,559.117494949495,0.08335084175084176,1.2502626262626264,97.0459587955626,214.0,62.224,99.0,0.0,1.0,0,0.0,1.0
16,100,rand_st,16.0,560.2473777777778,0.08024691358024691,1.2839506172839505,109.61854899027674,213.0,52.0,81.0,0.0,1.0,0,0.0,1.0
17,100,rand_st,20.0,559.7394875,0.06308541666666667,1.2617083333333334,107.82111251580278,303.0,59.876,96.0,0.0,1.0,0,0.0,1.0
18,100,rand_st,14.0,558.4691151515152,0.08883694083694084,1.2437171717171718,105.81594967532467,213.0,62.872,99.0,0.0,1.0,0,0.0,1.0
19,100,rand_st,16.0,559.8837333333333,0.07936363636363636,1.2698181818181817,112.18774860779634,208.0,62.288,99.0,0.0,1.0,0,0.0,1.0
20,100,rand_st,16.0,560.2970141414141,0.07967424242424243,1.2747878787878788,92.96341956345998,212.0,62.796,99.0,0.0,1.0,0,0.0,1.0
21,100,rand_st,15.0,561.4634222222222,0.08626262626262628,1.293939393939394,152.42248687928947,307.0,62.9,99.0,0.0,1.0,0,0.0,1.0
22,100,rand_st,15.0,559.0542875000001,0.08424166666666667,1.263625,97.4850730467923,210.0,62.692,96.0,0.0,1.0,0,0.0,1.0
23,100,rand_st,14.0,562.9068041666668,0.09401488095238096,1.3162083333333334,93.4063214805573,209.0,59.644,96.0,0.0,1.0,0,0.0,1.0
24,100,rand_st,15.0,560.2415393939395,0.08561616161616162,1.2842424242424242,106.75877369907221,301.0,63.86,99.0,0.0,1.0,0,0.0,1.0
25,100,rand_st,14.0,557.852236734694,0.08853644314868805,1.2395102040816328,88.49396587598835,207.0,63.528,98.0,0.0,1.0,0,0.0,1.0
26,100,rand_st,18.0,558.6055111111111,0.06980471380471381,1.2564848484848485,98.42055498458376,211.0,63.608,99.0,0.0,1.0,0,0.0,1.0
27,100,rand_st,16.0,559.5379474747475,0.07838888888888888,1.2542222222222221,98.39772727272727,206.0,61.832,99.0,0.0,1.0,0,0.0,1.0
28,100,rand_st,16.0,557.2650626262626,0.07653787878787878,1.2246060606060605,91.12864077669903,216.0,63.764,99.0,0.0,1.0,0,0.0,1.0
29,100,rand_st,14.0,559.8898585858587,0.09102453102453104,1.2743434343434343,111.89314516129032,206.0,62.84,99.0,0.0,1.0,0,0.0,1.0
30,100,rand_st,19.0,561.7799739130435,0.06924942791762012,1.3157391304347825,93.5446505608283,215.0,59.952,92.0,0.0,1.0,0,0.0,1.0
31,100,rand_st,16.0,559.8335191919192,0.07941919191919193,1.270707070707071,107.12822061191626,304.0,63.2,99.0,0.0,1.0,0,0.0,1.0
32,100,rand_st,19.0,559.7875878787879,0.0667304625199362,1.267878787878788,77.42055700260468,210.0,62.48,99.0,0.0,1.0,0,0.0,1.0
33,100,rand_st,14.0,562.5250060606061,0.0936998556998557,1.3117979797979797,155.0862777321282,304.0,61.132,99.0,0.0,1.0,0,0.0,1.0
34,100,rand_st,15.0,560.9681454545455,0.08585589225589225,1.2878383838383838,102.33319991995197,207.0,62.504,99.0,0.0,1.0,0,0.0,1.0
35,100,rand_st,22.0,554.5605616161616,0.053261707988980715,1.171757575757576,59.103587263200325,205.0,62.996,99.0,0.0,1.0,0,0.0,1.0
36,100,rand_st,17.0,556.4641166666667,0.07167647058823529,1.2185,92.58710976837865,309.0,63.024,96.0,0.0,1.0,0,0.0,1.0
37,100,rand_st,15.0,562.428665263158,0.08700070175438596,1.3050105263157894,153.22335979941496,302.0,59.024,95.0,0.0,1.0,0,0.0,1.0
38,100,rand_st,16.0,559.742,0.07981565656565655,1.2770505050505048,114.49919903884661,205.0,64.572,99.0,0.0,1.0,0,0.0,1.0
39,100,rand_st,15.0,559.0301131313131,0.08366599326599326,1.2549898989898989,103.46080999395527,212.0,62.756,99.0,0.0,1.0,0,0.0,1.0
40,100,rand_st,16.0,562.1187474747475,0.08162626262626263,1.306020202020202,142.3613241824788,305.0,62.704,99.0,0.0,1.0,0,0.0,1.0
41,100,rand_st,15.0,558.3646222222224,0.08356094276094277,1.2534141414141413,88.05592978158808,208.0,64.912,99.0,0.0,1.0,0,0.0,1.0
42,100,rand_st,15.0,559.8409535353536,0.08475690235690236,1.2713535353535352,147.23885283650827,303.0,64.136,99.0,0.0,1.0,0,0.0,1.0
43,100,rand_st,18.0,558.7820421052633,0.06972865497076024,1.2551157894736844,132.5076825931383,305.0,61.764,95.0,0.0,1.0,0,0.0,1.0
44,100,rand_st,16.0,557.8480686868686,0.07749242424242425,1.239878787878788,85.45692959451281,207.0,64.252,99.0,0.0,1.0,0,0.0,1.0
45,100,rand_st,15.0,561.8640848484849,0.08702222222222222,1.3053333333333332,122.13682533359888,209.0,62.772,99.0,0.0,1.0,0,0.0,1.0
46,100,rand_st,16.0,559.7683836734694,0.07972448979591837,1.275591836734694,85.68541930046355,202.0,62.992,98.0,0.0,1.0,0,0.0,1.0
47,100,rand_st,17.0,555.8990343434344,0.07021984551396317,1.1937373737373738,105.04250559284117,208.0,63.82,99.0,0.0,1.0,0,0.0,1.0
48,100,rand_st,18.0,556.6559591836735,0.06761451247165533,1.2170612244897958,87.85401002506266,204.0,63.728,98.0,0.0,1.0,0,0.0,1.0
49,100,rand_st,16.0,556.4808444444444,0.07591161616161617,1.2145858585858587,109.3125642607444,211.0,64.756,99.0,0.0,1.0,0,0.0,1.0
0,100,rand_dt,19.54,557.8564204081633,0.06377749661723882,1.2449387755102042,115.93960674157303,302.0,64.996,98.0,0.0,1.0,0,0.0,1.0
1,100,rand_dt,14.676,560.2490545454546,0.08712916255857434,1.2755151515151515,164.28698715292168,315.0,63.724,99.0,0.0,1.0,0,0.0,1.0
2,100,rand_dt,17.212,558.4568161616162,0.07257124029126094,1.2452525252525253,131.5200722601365,403.0,63.72,99.0,0.0,1.0,0,0.0,1.0
3,100,rand_dt,15.108,556.8310326530612,0.08136890327559596,1.2264897959183674,110.19720049403047,216.0,64.804,98.0,0.0,1.0,0,0.0,1.0
4,100,rand_dt,16.724,557.7771757575758,0.07443901432626923,1.242868686868687,132.97855830100062,311.0,65.956,99.0,0.0,1.0,0,0.0,1.0
5,100,rand_dt,16.812,556.6514000000002,0.07264647922399955,1.2189166666666664,108.12169421487603,302.0,62.984,96.0,0.0,1.0,0,0.0,1.0
6,100,rand_dt,19.08,559.2843313131314,0.06645709728867624,1.26779797979798,135.89207622868605,308.0,64.488,99.0,0.0,1.0,0,0.0,1.0
7,100,rand_dt,16.084,555.3480282828284,0.07473075856605269,1.1995555555555557,104.71087479935794,306.0,66.244,99.0,0.0,1.0,0,0.0,1.0
8,100,rand_dt,20.212,554.6743313131313,0.05876769802095369,1.1857373737373738,90.19975835682642,218.0,65.612,99.0,0.0,1.0,0,0.0,1.0
9,100,rand_dt,19.272,555.9929737373737,0.0629010298933744,1.2099797979797982,102.94624521844172,217.0,66.212,99.0,0.0,1.0,0,0.0,1.0
10,100,rand_dt,17.364,559.5423191919193,0.07319973731119242,1.2698989898989899,152.9790777980906,311.0,65.28,99.0,0.0,1.0,0,0.0,1.0
11,100,rand_dt,18.78,557.4377696969698,0.06613425621887954,1.2391919191919192,109.10852713178295,302.0,65.32,99.0,0.0,1.0,0,0.0,1.0
12,100,rand_dt,16.564,557.2667717171718,0.0745037467902277,1.231030303030303,116.00619133213502,309.0,65.128,99.0,0.0,1.0,0,0.0,1.0
13,100,rand_dt,15.976,556.8036121212122,0.07652836865385884,1.220121212121212,139.74564248074586,311.0,65.208,99.0,0.0,1.0,0,0.0,1.0
14,100,rand_dt,15.868,557.3773454545455,0.07815559516735987,1.2384242424242422,108.37992047713718,215.0,65.396,99.0,0.0,1.0,0,0.0,1.0
15,100,rand_dt,14.244,557.9844404040405,0.08703375698375697,1.2357575757575758,107.63779527559055,215.0,63.66,99.0,0.0,1.0,0,0.0,1.0
16,100,rand_dt,16.504,559.0533827160494,0.07696979513052785,1.2688395061728395,127.83771060455896,307.0,53.224,81.0,0.0,1.0,0,0.0,1.0
17,100,rand_dt,18.468,557.55705,0.06693958333333333,1.2350833333333333,108.62107958182206,303.0,62.432,96.0,0.0,1.0,0,0.0,1.0
18,100,rand_dt,14.512,556.451288888889,0.08409723870900342,1.218181818181818,116.69359504132231,302.0,65.4,99.0,0.0,1.0,0,0.0,1.0
19,100,rand_dt,15.62,557.5697939393939,0.07967021428099857,1.2412929292929293,111.49747117135342,301.0,65.112,99.0,0.0,1.0,0,0.0,1.0
20,100,rand_dt,16.256,558.7189212121212,0.07727954380405362,1.2554747474747476,138.35578478964402,309.0,64.708,99.0,0.0,1.0,0,0.0,1.0
21,100,rand_dt,15.068,559.858290909091,0.08461717171717172,1.2747070707070707,173.6793445276148,402.0,64.804,99.0,0.0,1.0,0,0.0,1.0
22,100,rand_dt,14.884,558.4277875000001,0.08457466882586369,1.255625,120.88978829389788,302.0,63.46,96.0,0.0,1.0,0,0.0,1.0
23,100,rand_dt,14.272,560.9655083333336,0.09079076999389499,1.2925,157.36633457866336,310.14999999999964,61.92,96.0,0.0,1.0,0,0.0,1.0
24,100,rand_dt,15.804,558.9109696969697,0.08037018099814798,1.2677575757575759,117.71923778633692,305.0,65.492,99.0,0.0,1.0,0,0.0,1.0
25,100,rand_dt,15.264,556.473093877551,0.08032447924224635,1.2222857142857142,104.87960074859639,215.0,65.216,98.0,0.0,1.0,0,0.0,1.0
26,100,rand_dt,17.556,557.3688484848486,0.07073296223327184,1.2402424242424241,101.13234689683519,215.0,65.216,99.0,0.0,1.0,0,0.0,1.0
27,100,rand_dt,16.16,557.8951393939394,0.07638609955766819,1.2338181818181817,126.22031155168926,308.0,63.852,99.0,0.0,1.0,0,0.0,1.0
28,100,rand_dt,15.052,556.163595959596,0.08058685029567382,1.209939393939394,108.57591518303661,301.0,65.216,99.0,0.0,1.0,0,0.0,1.0
29,100,rand_dt,14.548,558.94018989899,0.08688466903466903,1.261131313131313,106.26609183878082,213.0,64.148,99.0,0.0,1.0,0,0.0,1.0
30,100,rand_dt,19.076,560.0932130434783,0.0679525171624714,1.2960434782608694,122.79978070175439,307.0,61.764,92.0,0.0,1.0,0,0.0,1.0
31,100,rand_dt,14.668,558.0085414141415,0.08526616161616161,1.2484848484848485,120.75218008517543,307.0,65.4,99.0,0.0,1.0,0,0.0,1.0
32,100,rand_dt,18.728,557.509886868687,0.06626503632819421,1.2397171717171716,111.5460298020004,217.0,65.268,99.0,0.0,1.0,0,0.0,1.0
33,100,rand_dt,14.492,560.5545535353536,0.08894831225419461,1.2869494949494948,150.00671414038658,306.0,63.592,99.0,0.0,1.0,0,0.0,1.0
34,100,rand_dt,14.932,559.2101171717172,0.08501944185081439,1.2664242424242425,127.78715670436188,304.0,64.624,99.0,0.0,1.0,0,0.0,1.0
35,100,rand_dt,21.076,553.1837131313132,0.054823660350621035,1.1533333333333335,78.97730012053033,217.0,64.82,99.0,0.0,1.0,0,0.0,1.0
36,100,rand_dt,16.38,554.7222291666667,0.07316552627995643,1.197375,113.59422958870472,303.0,65.052,96.0,0.0,1.0,0,0.0,1.0
37,100,rand_dt,17.112,560.9547747368422,0.07543332753969546,1.2877894736842104,135.32775569964443,310.0,60.66,95.0,0.0,1.0,0,0.0,1.0
38,100,rand_dt,15.892,558.9186303030303,0.07988480557206047,1.266787878787879,115.93682092555332,304.0,65.588,99.0,0.0,1.0,0,0.0,1.0
39,100,rand_dt,15.28,556.9866464646465,0.08067611832611833,1.2301010101010101,101.06437064370644,215.0,65.22,99.0,0.0,1.0,0,0.0,1.0
40,100,rand_dt,16.02,560.9286626262627,0.08080276361829511,1.2915555555555553,153.59837042925278,308.0,64.136,99.0,0.0,1.0,0,0.0,1.0
41,100,rand_dt,15.624,557.165595959596,0.07937419621047072,1.2381010101010101,119.27701736465781,302.0,66.428,99.0,0.0,1.0,0,0.0,1.0
42,100,rand_dt,15.816,558.8700363636364,0.07982513180356318,1.2597171717171716,131.0517453798768,307.0,65.288,99.0,0.0,1.0,0,0.0,1.0
43,100,rand_dt,17.708,557.7271536842106,0.07019922510093604,1.241221052631579,143.03787081843046,309.0,63.084,95.0,0.0,1.0,0,0.0,1.0
44,100,rand_dt,16.764,556.458290909091,0.073082261382313,1.2221010101010101,104.35477305108894,215.0,66.012,99.0,0.0,1.0,0,0.0,1.0
45,100,rand_dt,15.184,559.9128121212123,0.08450589225589226,1.282141414141414,131.8387426005307,308.0,65.068,99.0,0.0,1.0,0,0.0,1.0
46,100,rand_dt,16.096,557.8149387755103,0.07798750457576514,1.2519183673469387,115.50972515856236,305.0,65.312,98.0,0.0,1.0,0,0.0,1.0
47,100,rand_dt,17.28,554.0792040404042,0.06789137070741819,1.1711111111111112,116.75824617860016,305.0,66.06,99.0,0.0,1.0,0,0.0,1.0
48,100,rand_dt,16.452,555.6218530612246,0.07337540269240528,1.203673469387755,97.10681399631676,215.0,65.04,98.0,0.0,1.0,0,0.0,1.0
49,100,rand_dt,16.384,554.9832484848486,0.07310270298443673,1.1952323232323234,105.22277951933124,216.0,66.672,99.0,0.0,1.0,0,0.0,1.0
0,100,static,19.0,559.2615673469389,0.06642749731471537,1.262122448979592,15.072281838428832,19.0,63.312,98.0,0.0,1.0,0,0.0,1.0
1,100,static,18.0,562.3785050505052,0.07222446689113356,1.300040404040404,16.36063544460491,18.0,61.296,99.0,0.0,1.0,0,0.0,1.0
2,100,static,20.0,560.1560565656566,0.0632969696969697,1.265939393939394,17.008074283407346,20.0,61.672,99.0,0.0,1.0,0,0.0,1.0
3,100,static,18.0,558.6506653061225,0.06940816326530613,1.24934693877551,14.55922131147541,18.0,62.564,98.0,0.0,1.0,0,0.0,1.0
4,100,static,19.0,559.7547474747474,0.06660287081339714,1.2654545454545454,16.00161322847348,19.0,63.72,99.0,0.0,1.0,0,0.0,1.0
5,100,static,19.0,558.6604000000001,0.06544736842105263,1.2435,14.351305812973884,19.0,60.624,96.0,0.0,1.0,0,0.0,1.0
6,100,static,21.0,560.8150303030304,0.06125252525252525,1.2863030303030305,17.35621372823694,21.0,62.656,99.0,0.0,1.0,0,0.0,1.0
7,100,static,18.0,556.7298828282829,0.06759595959595958,1.2167272727272724,15.331375329147255,18.0,64.544,99.0,0.0,1.0,0,0.0,1.0
8,100,static,22.0,555.9249414141415,0.05461707988980716,1.2015757575757575,18.1963850528026,22.0,64.044,99.0,0.0,1.0,0,0.0,1.0
9,100,static,21.0,557.0513737373739,0.05821067821067821,1.2224242424242424,17.87131751227496,21.0,64.98,99.0,0.0,1.0,0,0.0,1.0
10,100,static,22.0,561.2475838383839,0.05861707988980717,1.2895757575757576,17.199310624493105,22.0,63.332,99.0,0.0,1.0,0,0.0,1.0
11,100,static,22.0,559.2178101010102,0.05734802571166207,1.2616565656565657,17.83272431993504,22.0,63.096,99.0,0.0,1.0,0,0.0,1.0
12,100,static,19.0,559.2086464646466,0.0660287081339713,1.2545454545454544,16.170450019912387,19.0,62.8,99.0,0.0,1.0,0,0.0,1.0
13,100,static,18.0,558.5607838383838,0.06901459034792368,1.2422626262626264,14.576212705500305,18.0,63.016,99.0,0.0,1.0,0,0.0,1.0
14,100,static,18.0,558.85258989899,0.06981369248035915,1.2566464646464646,15.27616394747314,18.0,63.592,99.0,0.0,1.0,0,0.0,1.0
15,100,static,18.0,559.0443797979798,0.06942312008978675,1.2496161616161616,15.58107841200869,18.0,62.288,99.0,0.0,1.0,0,0.0,1.0
16,100,static,20.0,560.173501234568,0.0641432098765432,1.2828641975308641,16.585846000498382,20.0,52.088,81.0,0.0,1.0,0,0.0,1.0
17,100,static,20.0,559.7943500000001,0.06310833333333334,1.2621666666666667,14.77291841883936,20.0,59.832,96.0,0.0,1.0,0,0.0,1.0
18,100,static,20.0,558.4005696969698,0.062155555555555554,1.243111111111111,15.855231143552311,20.0,62.932,99.0,0.0,1.0,0,0.0,1.0
19,100,static,19.0,559.4598868686869,0.06658160552897395,1.265050505050505,16.0,19.0,62.76,99.0,0.0,1.0,0,0.0,1.0
20,100,static,18.0,560.1362747474748,0.0706936026936027,1.2724848484848486,15.435685483870968,18.0,63.024,99.0,0.0,1.0,0,0.0,1.0
21,100,static,18.0,561.4836161616162,0.07188103254769922,1.2938585858585858,15.315980629539952,18.0,62.908,99.0,0.0,1.0,0,0.0,1.0
22,100,static,17.0,559.2351541666667,0.07446323529411764,1.265875,14.83006122018155,17.0,62.476,96.0,0.0,1.0,0,0.0,1.0
23,100,static,19.0,562.7219458333334,0.06916885964912281,1.3142083333333332,17.486194727008513,19.0,59.836,96.0,0.0,1.0,0,0.0,1.0
24,100,static,18.0,560.6575636363638,0.07161167227833895,1.2890101010101012,15.995577889447237,18.0,63.388,99.0,0.0,1.0,0,0.0,1.0
25,100,static,18.0,557.8915469387756,0.06890476190476191,1.2402857142857142,14.2731433326399,18.0,63.452,98.0,0.0,1.0,0,0.0,1.0
26,100,static,20.0,558.8350545454547,0.06294949494949495,1.258989898989899,16.042548818088388,20.0,63.36,99.0,0.0,1.0,0,0.0,1.0
27,100,static,19.0,560.1734181818182,0.06639659755449229,1.2615353535353535,14.189714517108726,19.0,61.108,99.0,0.0,1.0,0,0.0,1.0
28,100,static,18.0,557.1050222222223,0.06792143658810326,1.2225858585858587,14.970337261275905,18.0,63.964,99.0,0.0,1.0,0,0.0,1.0
29,100,static,18.0,560.6353616161616,0.0712682379349046,1.2828282828282829,14.942373564376386,18.0,62.0,99.0,0.0,1.0,0,0.0,1.0
30,100,static,19.0,562.0280565217392,0.06939816933638443,1.3185652173913045,17.37028251024369,19.0,59.692,92.0,0.0,1.0,0,0.0,1.0
31,100,static,17.0,559.3959434343435,0.07445276292335118,1.2656969696969698,15.208308126638435,17.0,63.696,99.0,0.0,1.0,0,0.0,1.0
32,100,static,20.0,559.4796808080808,0.06322626262626263,1.2645252525252526,16.649629184205253,20.0,62.812,99.0,0.0,1.0,0,0.0,1.0
33,100,static,19.0,562.252298989899,0.0688654970760234,1.3084444444444443,16.473921971252565,19.0,61.464,99.0,0.0,1.0,0,0.0,1.0
34,100,static,18.0,560.9106747474747,0.07151066217732883,1.2871919191919192,15.792614770459082,18.0,62.568,99.0,0.0,1.0,0,0.0,1.0
35,100,static,24.0,555.0154181818182,0.04903367003367003,1.1768080808080807,18.973928860145513,24.0,62.496,99.0,0.0,1.0,0,0.0,1.0
36,100,static,21.0,556.2022541666666,0.05791865079365081,1.2162916666666668,17.818181818181817,21.0,63.236,96.0,0.0,1.0,0,0.0,1.0
37,100,static,21.0,562.8393515789473,0.062351879699248124,1.3093894736842102,17.45323289391086,21.0,58.608,95.0,0.0,1.0,0,0.0,1.0
38,100,static,17.0,560.1727313131314,0.07541532976827094,1.282060606060606,14.717583299879566,17.0,64.076,99.0,0.0,1.0,0,0.0,1.0
39,100,static,19.0,558.6507272727274,0.06584370015948963,1.251030303030303,15.859245815688647,19.0,63.148,99.0,0.0,1.0,0,0.0,1.0
40,100,static,18.0,561.7732646464648,0.07233894500561168,1.30210101010101,15.923371647509578,18.0,63.092,99.0,0.0,1.0,0,0.0,1.0
41,100,static,19.0,558.3744202020204,0.06597554492291334,1.2535353535353535,16.639983746444535,19.0,64.9,99.0,0.0,1.0,0,0.0,1.0
42,100,static,17.0,560.2909616161618,0.07509685086155675,1.2766464646464646,15.149759464547166,17.0,63.612,99.0,0.0,1.0,0,0.0,1.0
43,100,static,20.0,558.7847663157895,0.06275789473684211,1.255157894736842,15.075872215216478,20.0,61.76,95.0,0.0,1.0,0,0.0,1.0
44,100,static,19.0,557.9328767676768,0.06527804359383307,1.2402828282828284,16.32666262381241,19.0,64.212,99.0,0.0,1.0,0,0.0,1.0
45,100,static,17.0,561.9989414141414,0.07687225193107547,1.3068282828282827,15.138151327610302,17.0,62.624,99.0,0.0,1.0,0,0.0,1.0
46,100,static,19.0,559.3976448979591,0.06692803437164341,1.2716326530612245,16.416173986486488,19.0,63.38,98.0,0.0,1.0,0,0.0,1.0
47,100,static,19.0,555.9672808080809,0.06286868686868687,1.1945050505050505,15.977571226510406,19.0,63.744,99.0,0.0,1.0,0,0.0,1.0
48,100,static,18.0,556.3098734693878,0.06738095238095237,1.2128571428571426,15.048306148055207,18.0,64.14,98.0,0.0,1.0,0,0.0,1.0
49,100,static,18.0,556.546096969697,0.06749943883277215,1.214989898989899,15.118661465818107,18.0,64.716,99.0,0.0,1.0,0,0.0,1.0
0,100,bsps,15.704,544.8855224489796,0.060883528319752814,0.9513469387755101,43.82486333265843,116.0,35.416,67.868,0.4437716262975779,0.6897374701670644,0,0.31038671795910105,1.0
1,100,bsps,15.008,548.6305777777778,0.06710607765509727,1.0045252525252524,43.06787703734268,116.0,35.008,70.328,0.4450586105022396,0.6915091828586638,0,0.2972972972972973,1.0
2,100,bsps,15.94,546.6156484848485,0.061094221441899466,0.9725252525252526,41.52402099313686,116.0,34.836,70.096,0.44547729710404005,0.7006400787789266,0,0.2823980621719822,1.0
3,100,bsps,14.308,544.3093469387755,0.06591713773421456,0.9410204081632653,41.9233606557377,114.0,35.104,68.128,0.4442556084296397,0.6897448015122873,0,0.30655737704918035,1.0
4,100,bsps,14.584,545.6294303030304,0.06607694074262702,0.9606060606060606,43.80883242589232,115.0,35.568,68.6,0.44258010118043845,0.6881548974943053,0,0.313571284533172,1.0
5,100,bsps,15.268,545.02525,0.06230459266055725,0.9485416666666666,41.9726200505476,115.0,33.988,67.276,0.444816333361225,0.6929518492672715,0,0.30054759898904804,1.0
6,100,bsps,15.296,546.0472727272727,0.06351749959133861,0.9690101010101009,43.38983390034021,115.0,35.224,69.04,0.44398449885502905,0.6939218523878437,0,0.30518310986591957,1.0
7,100,bsps,13.868,542.7673979797981,0.06619158170013785,0.9154343434343434,43.35304840996557,114.0,36.2,68.324,0.4420857552017522,0.6864580954555835,0,0.31962730403078793,1.0
8,100,bsps,17.064,542.2545616161616,0.053298688764891036,0.9074343434343434,43.33123476848091,117.0,36.536,69.112,0.4453138893828917,0.6928071928071928,0,0.2971161657189277,1.0
9,100,bsps,15.768,543.2090505050505,0.05885768517306185,0.9236363636363636,45.16530278232406,116.0,36.612,68.388,0.4437266235974158,0.6848441926345609,0,0.3199672667757774,1.0
10,100,bsps,16.04,547.2486747474749,0.061778182246603294,0.98610101010101,42.65673154906732,117.0,35.44,69.02,0.44585262815825816,0.7009682503940554,0,0.2962287104622871,1.0
11,100,bsps,16.748,544.627890909091,0.05677055326472251,0.9487676767676768,43.952090946000816,117.0,36.264,69.516,0.4444541714085617,0.6904586705911209,0,0.30105562322371093,1.0
12,100,bsps,14.2,545.1382343434344,0.06711803523274112,0.9511111111111111,42.152927120669055,114.0,35.116,68.992,0.4428896569164629,0.6913608388420333,0,0.30605336519315013,1.0
13,100,bsps,15.04,545.4193494949495,0.063508176609157,0.9541818181818181,41.70286178201746,115.0,35.064,69.348,0.44515859766277127,0.6932084309133489,0,0.29632636492794806,1.0
14,100,bsps,14.18,544.3898262626263,0.06676710315827962,0.9452121212121213,41.7258257063271,114.0,35.908,68.932,0.4434255909817448,0.6928718771487509,0,0.30202944687624356,1.0
15,100,bsps,14.164,545.4617050505051,0.06780973721267838,0.957939393939394,40.853446573177955,114.0,35.86,70.18,0.4417194328012129,0.6941917424772568,0,0.2907367173612483,1.0
16,100,bsps,14.8,545.3324197530865,0.06509081615552204,0.9606913580246912,42.4091701968602,115.0,29.064,56.212,0.44588836812952704,0.6983938132064248,0,0.3017692499377025,1.0
17,100,bsps,15.912,546.0480833333334,0.060851214586711874,0.96725,41.50883095037847,115.25,34.532,68.34,0.44492540062626634,0.6921891058581706,0,0.28973927670311184,1.0
18,100,bsps,15.988,544.4870222222223,0.05907492123936912,0.9430707070707071,41.85644768856448,115.0,35.604,69.38,0.44467442863303147,0.6936221419975933,0,0.29501216545012166,1.0
19,100,bsps,15.836,545.14098989899,0.060392237319688305,0.9555151515151515,41.95614909308352,115.0,35.432,69.38,0.44423569598633644,0.6995337995337996,0,0.2928044648196133,1.0
20,100,bsps,14.064,546.2066101010101,0.06902109170290989,0.9692121212121211,40.60282258064516,114.0,35.148,69.116,0.4474284266531543,0.6999278672757875,0,0.2899193548387097,1.0
21,100,bsps,14.536,547.2659111111112,0.06802056699160086,0.985010101010101,44.23103309120258,115.0,34.732,68.792,0.44334301828747225,0.6865984178687762,0,0.3155770782889427,1.0
22,100,bsps,14.144,544.5513125,0.06711692612942613,0.9485,43.08887481528394,114.0,34.96,66.244,0.44570994684889903,0.6872437906920665,0,0.3113785096052354,1.0
23,100,bsps,15.648,548.5006791666667,0.06443413281979457,1.0080833333333332,43.1027610545983,116.0,34.096,68.02,0.4429505479325905,0.6820868671292727,0,0.29209051276728254,1.0
24,100,bsps,14.488,545.4036202020203,0.06651821446527328,0.9623434343434344,43.6172864321608,114.0,35.524,68.492,0.44304466566822304,0.6890817064352857,0,0.31236180904522615,1.0
25,100,bsps,15.184,543.7692979591839,0.06160365574801349,0.9348571428571429,42.428749739962555,115.0,35.896,68.24,0.4441758051981694,0.6903334132885585,0,0.30517994591221137,1.0
26,100,bsps,16.54,544.0072525252526,0.05692200837040878,0.9406464646464645,42.49311408016444,116.0,36.176,69.18,0.44633992237566567,0.6977811782708493,0,0.2961973278520041,1.0
27,100,bsps,14.364,546.8332727272729,0.06803933567917525,0.9740606060606061,41.56873861105487,114.0,34.584,70.268,0.44145583666222815,0.687603305785124,0,0.3043126138894513,1.0
28,100,bsps,14.492,543.3013656565657,0.06372247295188473,0.9226262626262627,42.44087769199513,114.0,35.52,68.464,0.44413289149460444,0.690144173954148,0,0.30780170662332385,1.0
29,100,bsps,15.14,546.3193777777778,0.06448808965181514,0.9754747474747475,41.72033044529518,115.0,35.612,70.164,0.4425612052730697,0.6882166382044401,0,0.29619181946403383,1.0
30,100,bsps,13.784,546.6508434782609,0.07170724802690916,0.9851304347826088,43.429156782402416,114.0,33.2,63.416,0.44506920415224915,0.6971360381861575,0,0.30838904464093164,1.0
31,100,bsps,13.644,545.3310505050506,0.07034605798242163,0.9584646464646465,40.97378503730591,114.0,35.804,69.184,0.4457841555574425,0.6983187307601232,0,0.29219600725952816,1.0
32,100,bsps,15.656,544.8531313131314,0.06093543240958101,0.950909090909091,42.01022248947685,116.0,35.572,69.204,0.44483538577532045,0.6946440992348714,0,0.29585087191822007,1.0
33,100,bsps,15.512,548.3248808080808,0.06499567999175843,1.0061414141414142,40.43408624229979,115.0,35.256,70.72,0.4468689018981728,0.6994466800804829,0,0.2751540041067762,1.0
34,100,bsps,14.58,546.1048969696969,0.06668003728297844,0.9713131313131315,43.34650698602795,115.0,35.412,69.164,0.44237612920886943,0.6894333085869834,0,0.3069860279441118,1.0
35,100,bsps,19.336,541.5251757575758,0.046185777667465726,0.8907070707070707,44.24656426839127,119.0,36.36,69.956,0.4444444444444444,0.6925720327782183,0,0.2940582053354891,1.0
36,100,bsps,15.984,541.7100041666666,0.056407420884176884,0.899625,44.38334674175382,116.0,34.5,65.264,0.44463846337010876,0.6989894646312621,0,0.31234915526950924,1.0
37,100,bsps,16.664,549.3377768421054,0.061277838523434096,1.018778947368421,42.934295877798704,117.0,33.936,68.184,0.4425510712506228,0.6901749663526245,0,0.28897258840761664,1.0
38,100,bsps,14.088,545.2611151515152,0.06828348546877959,0.9600404040404041,43.32657567242072,114.0,35.8,68.36,0.4433774834437086,0.6891402714932127,0,0.31112003211561623,1.0
39,100,bsps,14.856,544.5676565656565,0.06376195648940747,0.9454141414141414,41.11090945755193,114.0,35.68,69.324,0.4458990114881111,0.6983337478239244,0,0.2917927001411575,1.0
40,100,bsps,14.56,547.6841818181819,0.06866528541439414,0.9957575757575757,42.73099415204678,115.0,35.568,69.468,0.4441960293328564,0.6932153392330384,0,0.30046380318612625,1.0
41,100,bsps,14.716,543.5018424242426,0.06339599104599106,0.9311919191919191,44.09264526615197,115.0,35.86,67.668,0.444839255499154,0.6882775119617225,0,0.3161316537992686,1.0
42,100,bsps,14.16,545.8749616161617,0.06836258371258372,0.9665858585858587,41.69253294289898,114.0,35.768,68.756,0.4479359730412805,0.7,0,0.2972181551976574,1.0
43,100,bsps,14.492,544.6127536842106,0.0655788550458829,0.9448421052631579,42.294871794871796,115.0,33.792,65.252,0.4447198017427452,0.6911600979737252,0,0.30958385876418665,1.0
44,100,bsps,15.076,544.001705050505,0.06232213244272068,0.9383434343434344,42.42995755003032,115.0,36.46,69.092,0.44519476241455985,0.694514574248336,0,0.29917121487770365,1.0
45,100,bsps,14.024,547.2876525252525,0.07058772002408367,0.9888888888888889,41.67219005789579,114.0,34.856,68.968,0.4447936130456939,0.691670610506389,0,0.29766420443202235,1.0
46,100,bsps,15.592,544.9534530612245,0.061363384144866744,0.9558367346938776,44.18559966216216,116.0,35.644,68.316,0.44584316810910046,0.6939177542477223,0,0.31017736486486486,1.0
47,100,bsps,14.936,543.1936161616163,0.06140714049929736,0.9151919191919192,41.57688421903415,115.0,35.232,68.728,0.4459803845856823,0.6947923533289387,0,0.2964235199030107,1.0
48,100,bsps,15.052,542.4912653061225,0.06090082175727434,0.9141224489795918,42.60685905478879,115.0,36.784,68.44,0.4458620990998864,0.6950948977076657,0,0.30154746967795903,1.0
49,100,bsps,14.872,542.8797696969698,0.06176930836048484,0.917010101010101,42.637240812974746,114.0,35.948,68.28,0.4462724527102209,0.6935264825712992,0,0.30650790392116606,1.0
0,100,baps,12.724,535.7772897959184,0.04881023988542785,0.785795918367347,57.28143348856044,119.0,28.036,55.772,0.5543468725326783,0.6423810618248679,0,0.4296416278598907,1.0
1,100,baps,12.5,538.9644000000001,0.055248677248677255,0.8346666666666668,58.522178667216835,118.0,27.528,57.58,0.5539196567862714,0.6384576865297947,0,0.43016298741489584,1.0
2,100,baps,14.0,537.9223474747475,0.04858181818181818,0.816969696969697,56.54763827210335,120.0,28.62,59.0,0.5554334889682322,0.6399352900392882,0,0.4057327412192168,1.0
3,100,baps,12.5,535.5456040816326,0.05016099773242631,0.7821224489795918,54.381557377049184,118.0,28.852,57.0,0.5567768738099359,0.6475483580746738,0,0.4067622950819672,1.0
4,100,baps,12.5,536.9445777777778,0.0523331561226298,0.8038383838383837,58.14035087719298,119.0,28.42,57.0,0.5582837942620832,0.6457032091320267,0,0.4297237346239161,1.0
5,100,baps,14.0,537.7632750000001,0.0504556530214425,0.8220833333333333,52.8681550126369,119.0,30.08,59.0,0.5541107023697494,0.6386757290067967,0,0.3938500421229992,1.0
6,100,baps,13.512,536.3403595959596,0.045225589225589224,0.7908686868686868,61.19431658995397,121.0,27.216,56.012,0.5554853273137698,0.6388700564971751,0,0.44786872123273963,1.0
7,100,baps,11.664,534.1156444444446,0.05073445566778901,0.7568888888888889,59.64452096414827,118.0,28.168,55.8,0.5544835903178569,0.6362852833441068,0,0.45088110188373504,1.0
8,100,baps,14.5,533.5331555555556,0.039731339367703,0.7457777777777779,60.82717303005686,122.0,28.364,56.348,0.5536429872495446,0.6379391100702576,0,0.4370430544272949,1.0
9,100,baps,13.0,533.3079555555556,0.04212255892255892,0.7415757575757577,62.67655482815057,121.0,27.808,54.612,0.5548325524900226,0.6412606168976308,0,0.45458265139116205,1.0
10,100,baps,14.5,537.8452080808082,0.04633136560409288,0.8196363636363637,58.336374695863746,122.0,28.356,57.0,0.5566719255999336,0.6449968132568515,0,0.4205190592051906,1.0
11,100,baps,14.5,535.2125858585858,0.041323625869080415,0.7759595959595958,60.28948436865611,122.0,27.832,56.076,0.5557639074917403,0.6451987909788421,0,0.43239951278928135,1.0
12,100,baps,12.5,536.5252282828284,0.051739854687223114,0.7951919191919191,57.808243727598565,119.0,28.276,57.5,0.5551998615677453,0.6359761295822677,0,0.42592592592592593,1.0
13,100,baps,12.568,535.8001010101011,0.05029028379028379,0.7822626262626263,56.183884716866245,118.0,28.192,57.068,0.5546848381601363,0.642350332594235,0,0.4235843312360463,1.0
14,100,baps,12.5,534.5746747474749,0.04730479397146064,0.7650101010101009,57.86987664146439,118.0,28.264,56.0,0.5560030850972663,0.6426544422615149,0,0.43274970155193,1.0
15,100,baps,12.5,535.7397616161617,0.04938784672118005,0.7802828282828281,57.87339522022516,118.0,27.904,57.076,0.5592309094222708,0.6436146707909854,0,0.4311672921192969,1.0
16,100,baps,13.0,535.2508592592593,0.045301234567901236,0.7784691358024691,60.80912035883379,120.0,22.944,45.5,0.5543656430991148,0.6382328424562378,0,0.44953899825566906,1.0
17,100,baps,14.316,538.5782041666669,0.049203125,0.8309583333333332,52.945542472666105,119.0,28.552,58.412,0.555274024024024,0.6438690766976063,0,0.3904541631623213,1.0
18,100,baps,13.5,535.64298989899,0.04647186147186146,0.7826666666666667,56.23884833738848,120.0,28.352,57.168,0.5565515423147904,0.6472203157172272,0,0.41321978913219787,1.0
19,100,baps,13.5,536.6652363636364,0.0483160552897395,0.8007272727272727,56.138728323699425,119.0,28.728,58.0,0.5589110644257703,0.6470716783216783,0,0.41080326888578833,1.0
20,100,baps,12.316,536.6040080808082,0.05265223665223665,0.8005656565656566,56.90141129032258,118.0,28.876,57.316,0.5532815198618307,0.6395927601809954,0,0.42358870967741935,1.0
21,100,baps,12.0,538.6627515151516,0.05786980920314254,0.8326060606060605,55.45117029862793,118.0,28.572,58.0,0.5589436191469029,0.6511472488304745,0,0.40940274414850686,1.0
22,100,baps,12.0,536.2362416666667,0.05425665266106442,0.798375,56.79501794384632,116.0,28.724,55.684,0.5516676721537533,0.6363429611098477,0,0.4279079586236014,1.0
23,100,baps,13.0,538.020525,0.05043358395989975,0.8191666666666666,59.208843678638154,119.0,26.536,55.088,0.5541615953562401,0.6421725239616614,0,0.42661407515050864,1.0
24,100,baps,12.192,536.1790828282828,0.05044765111431778,0.791959595959596,58.73346733668342,118.0,27.98,56.192,0.5575221238938053,0.6439222774514234,0,0.4349748743718593,1.0
25,100,baps,13.02,535.0414204081634,0.04774829931972789,0.774,55.18764302059497,117.0,28.688,56.52,0.5576146144387845,0.65032080659945,0,0.41626794258373206,1.0
26,100,baps,14.864,534.4549252525254,0.040985409652076324,0.7647272727272727,59.02548818088386,119.0,28.656,56.432,0.5535154087470013,0.6393560788082653,0,0.4365878725590956,1.0
27,100,baps,13.0,537.0524242424243,0.0502832839674945,0.8021010101010102,56.152662482283866,119.0,28.092,58.0,0.5561695959412937,0.6389511429852084,0,0.42781939663899576,1.0
28,100,baps,12.728,535.2204121212121,0.05006004489337823,0.7774141414141414,56.852092645266154,118.0,29.324,57.644,0.5540187891440501,0.6378774422735346,0,0.42746850873628606,1.0
29,100,baps,13.7,537.0400242424244,0.049016835016835014,0.8066666666666668,55.079790449325,117.0,29.092,58.476,0.5556268328445748,0.6399262332872291,0,0.4088253072738263,1.0
30,100,baps,12.0,537.4443,0.05399862700228833,0.8156086956521739,59.54733664006901,119.0,25.964,52.0,0.5570233377366799,0.6473265073947668,0,0.43023506577528575,1.0
31,100,baps,11.0,535.8843272727274,0.05711562685680333,0.7890505050505051,56.74571486186731,117.0,28.384,56.5,0.5539194456474664,0.6397306397306397,0,0.4240774349667272,1.0
32,100,baps,14.0,535.9403838383838,0.04491717171717171,0.7882828282828283,57.84646221687713,120.0,28.576,57.308,0.5568328043235824,0.6442412366644894,0,0.42032471437161756,1.0
33,100,baps,13.652,538.7525656565657,0.05071838265697915,0.8355959595959596,55.993223819301846,119.0,29.08,59.152,0.5547159504734159,0.6408813877168308,0,0.4051334702258727,1.0
34,100,baps,13.0,537.0251595959596,0.0500594837261504,0.80379797979798,56.807185628742516,118.0,27.924,57.0,0.5564245810055866,0.6422535211267606,0,0.4173652694610778,1.0
35,100,baps,16.5,533.8478262626263,0.03660157126823794,0.750020202020202,58.917744543249796,124.0,28.748,58.0,0.5559229721843999,0.6449092741935484,0,0.4118835893290218,1.0
36,100,baps,14.5,534.4646791666667,0.04303621031746031,0.770375,58.60076427996782,121.0,29.088,55.772,0.5573877020550727,0.643045150840251,0,0.41773934030571197,1.0
37,100,baps,14.42,538.7010357894737,0.046252631578947365,0.8271578947368421,59.61393596986817,121.0,25.58,54.58,0.5584732824427481,0.6463694267515924,0,0.42958777987026575,1.0
38,100,baps,11.5,535.5188646464647,0.052465834818775994,0.7825858585858586,58.851866720192696,117.0,28.024,55.5,0.5551420838971584,0.6394354148845167,0,0.4472099558410277,1.0
39,100,baps,13.0,536.2632646464647,0.049579403053087265,0.7945454545454546,55.969348659003835,118.0,28.984,58.072,0.5560811425452561,0.6448202959830867,0,0.41157491429723736,1.0
40,100,baps,11.5,537.2551757575759,0.055749494949494945,0.8082020202020203,57.727364387981446,118.0,27.488,56.0,0.5557174071376547,0.6434599156118144,0,0.42609397055858034,1.0
41,100,baps,13.0,535.4431393939395,0.048051948051948054,0.7838787878787878,58.559731816334825,119.0,28.896,56.5,0.5540669029302446,0.6411645226811103,0,0.4278748476229175,1.0
42,100,baps,11.688,536.0236282828283,0.05378083354553943,0.7911919191919192,58.979083873666596,117.0,28.548,56.188,0.5535144458818456,0.6408626560726447,0,0.445095168374817,1.0
43,100,baps,13.0,536.2578947368421,0.0508659649122807,0.7982315789473685,55.15846994535519,120.0,28.668,55.5,0.5556278464541314,0.6454081632653061,0,0.4098360655737705,1.0
44,100,baps,12.5,534.7951393939394,0.04825305688463583,0.7702626262626263,58.57125530624621,119.0,28.744,56.5,0.5543936582897622,0.6389487289961223,0,0.43117040630685266,1.0
45,100,baps,12.0,537.9885494949497,0.055941261353026066,0.8231515151515152,56.363944899181476,117.0,28.508,57.5,0.5560759823054905,0.6445985238201745,0,0.42004392094230386,1.0
46,100,baps,13.0,536.5221918367348,0.0492487340800982,0.7996326530612246,57.82221283783784,119.0,28.636,57.0,0.5558634250983197,0.6449443413729128,0,0.42377533783783783,1.0
47,100,baps,13.5,535.0068686868686,0.04764540138224349,0.7729292929292929,56.06728632046878,119.0,29.98,58.5,0.5546930693069307,0.6416410256410257,0,0.41139624166498284,1.0
48,100,baps,11.64,534.1992204081632,0.051556916099773246,0.7604897959183675,58.23860309493936,118.0,27.972,55.32,0.5538104586828485,0.6404285048905449,0,0.44040150564617314,1.0
49,100,baps,13.0,535.3534464646466,0.050267115600448935,0.782989898989899,54.614863477725315,117.0,30.484,58.5,0.5543319838056681,0.6443010752688172,0,0.40422911106548964,1.0
0,100,oracle,10.236,533.1983020408164,0.06408682451335512,0.656,8.477019639603158,12.0,0.0,34.688,1.0,1.0,0,0.0,1.0
1,100,oracle,10.728,537.4454545454546,0.0672339496642527,0.7202020202020202,9.318341242005364,13.0,0.0,37.704,1.0,1.0,0,0.0,1.0
2,100,oracle,10.968,535.328985858586,0.06277011159435401,0.6885656565656566,8.867581752119499,12.0,0.0,37.328,1.0,1.0,0,0.0,1.0
3,100,oracle,10.092,533.0612775510205,0.06471008334069557,0.6542448979591836,7.523770491803279,11.0,0.0,35.436,1.0,1.0,0,0.0,1.0
4,100,oracle,9.896,534.1806060606062,0.06771540233055384,0.6707070707070707,8.399274047186934,12.0,0.0,35.28,1.0,1.0,0,0.0,1.0
5,100,oracle,10.716,533.8171500000001,0.06189531695156695,0.66575,8.208298230834036,12.0,0.0,35.376,1.0,1.0,0,0.0,1.0
6,100,oracle,10.392,534.6831919191919,0.06526306353579082,0.6785858585858586,8.43245947568541,12.0,0.0,36.344,1.0,1.0,0,0.0,1.0
7,100,oracle,9.384,531.5622868686869,0.06731949655282987,0.6314343434343435,7.336641685233948,10.0,0.0,34.456,1.0,1.0,0,0.0,1.0
8,100,oracle,11.072,531.1586787878788,0.0565581869309142,0.6256161616161616,8.291632818846466,12.0,0.0,34.956,1.0,1.0,0,0.0,1.0
9,100,oracle,10.068,531.7552121212121,0.06307157074126771,0.6341414141414141,8.430441898527006,12.0,0.0,34.02,1.0,1.0,0,0.0,1.0
10,100,oracle,10.448,535.4632202020202,0.0663350527138406,0.6899393939393939,8.884225466342254,13.0,0.0,35.668,1.0,1.0,0,0.0,1.0
11,100,oracle,11.392,533.1711030303031,0.05751341066341067,0.6559191919191919,8.996548924076329,12.0,0.0,35.904,1.0,1.0,0,0.0,1.0
12,100,oracle,9.924,534.0080404040403,0.06728252376131164,0.6684848484848485,7.686778176025488,11.0,0.0,36.2,1.0,1.0,0,0.0,1.0
13,100,oracle,10.572,533.6659555555557,0.0625973166003469,0.6633131313131313,8.314390095392733,12.0,0.0,35.984,1.0,1.0,0,0.0,1.0
14,100,oracle,9.968,532.7329131313131,0.0650156380095774,0.6492121212121212,7.6824512534818945,11.0,0.0,35.408,1.0,1.0,0,0.0,1.0
15,100,oracle,9.956,534.1634505050506,0.06740672032793245,0.6709898989898989,7.850681414181316,11.0,0.0,36.712,1.0,1.0,0,0.0,1.0
16,100,oracle,9.896,533.2671802469135,0.06624429452577602,0.6571358024691358,7.943184649887865,11.0,0.0,28.912,1.0,1.0,0,0.0,1.0
17,100,oracle,11.2,534.7737250000001,0.06064602133977134,0.6802916666666667,8.387931034482758,12.0,0.0,36.168,1.0,1.0,0,0.0,1.0
18,100,oracle,11.08,533.1235191919193,0.059173239442936405,0.6552727272727272,8.219789132197892,12.0,0.0,36.068,1.0,1.0,0,0.0,1.0
19,100,oracle,10.832,533.4531393939394,0.06093264154476276,0.6602424242424243,8.248355590990633,12.0,0.0,36.24,1.0,1.0,0,0.0,1.0
20,100,oracle,9.936,534.4318303030303,0.06783341350008015,0.6747070707070708,8.009274193548388,11.0,0.0,35.976,1.0,1.0,0,0.0,1.0
21,100,oracle,10.144,535.6262828282829,0.06831206156357672,0.6925252525252524,8.9818401937046,12.0,0.0,36.092,1.0,1.0,0,0.0,1.0
22,100,oracle,10.048,532.6557791666668,0.06432355850168349,0.64775,8.123073675321933,11.0,0.0,33.524,1.0,1.0,0,0.0,1.0
23,100,oracle,11.2,536.6890291666667,0.06300650171587671,0.7087916666666667,9.69483080755657,12.0,0.0,36.164,1.0,1.0,0,0.0,1.0
24,100,oracle,9.92,533.8898464646466,0.06708382347170226,0.6665050505050506,8.062713567839197,11.0,0.0,35.612,1.0,1.0,0,0.0,1.0
25,100,oracle,10.384,531.9950163265306,0.061316377273520135,0.6380408163265306,7.950696900353651,11.0,0.0,34.548,1.0,1.0,0,0.0,1.0
26,100,oracle,11.88,532.4148121212122,0.05412599936539331,0.6445656565656566,8.859609455292908,13.0,0.0,35.64,1.0,1.0,0,0.0,1.0
27,100,oracle,10.172,535.9283676767677,0.06852428861822801,0.6976969696969697,7.862725248025916,11.0,0.0,37.892,1.0,1.0,0,0.0,1.0
28,100,oracle,10.2,531.9304767676767,0.06237265271204665,0.6371313131313132,7.8449817147501015,11.0,0.0,35.036,1.0,1.0,0,0.0,1.0
29,100,oracle,10.936,534.6286141414141,0.061859901490204525,0.6780202020202021,8.306467862180133,12.0,0.0,37.0,1.0,1.0,0,0.0,1.0
30,100,oracle,8.988,534.1285347826088,0.07430440115440115,0.6697391304347826,8.136726331679965,10.0,0.0,32.308,1.0,1.0,0,0.0,1.0
31,100,oracle,9.632,533.1563878787879,0.0680386578629003,0.6554747474747475,7.952006452913894,11.0,0.0,35.304,1.0,1.0,0,0.0,1.0
32,100,oracle,10.9,533.568488888889,0.06053134934650086,0.6619393939393938,8.22449388655041,12.0,0.0,36.188,1.0,1.0,0,0.0,1.0
33,100,oracle,11.144,536.0839757575758,0.06266526301980847,0.6998787878787879,8.955852156057494,12.0,0.0,37.536,1.0,1.0,0,0.0,1.0
34,100,oracle,10.556,534.846593939394,0.0644568540326116,0.6810505050505051,8.768463073852296,12.0,0.0,36.432,1.0,1.0,0,0.0,1.0
35,100,oracle,12.656,531.6599030303032,0.05025470731157006,0.6336565656565656,8.927041228779304,14.0,0.0,36.504,1.0,1.0,0,0.0,1.0
36,100,oracle,10.596,530.1191708333334,0.0575107788045288,0.6097083333333333,8.344127111826227,12.0,0.0,32.764,1.0,1.0,0,0.0,1.0
37,100,oracle,11.296,537.61872,0.06386740020213705,0.7228631578947369,9.57187696170747,13.0,0.0,36.392,1.0,1.0,0,0.0,1.0
38,100,oracle,9.712,533.3424686868688,0.06771835089713878,0.6581010101010102,8.290244881573665,11.0,0.0,34.924,1.0,1.0,0,0.0,1.0
39,100,oracle,10.192,532.862888888889,0.06381241575484,0.6513131313131313,7.715466827989514,11.0,0.0,35.852,1.0,1.0,0,0.0,1.0
40,100,oracle,9.924,535.4381535353536,0.06957945713097229,0.6896565656565656,8.71607178866707,11.0,0.0,35.908,1.0,1.0,0,0.0,1.0
41,100,oracle,9.944,531.717894949495,0.06364739413224263,0.6336161616161616,8.01950426655831,11.0,0.0,34.1,1.0,1.0,0,0.0,1.0
42,100,oracle,9.824,534.3380727272728,0.0684553176341055,0.673090909090909,8.326709893327756,11.0,0.0,35.388,1.0,1.0,0,0.0,1.0
43,100,oracle,9.36,532.68784,0.06934735615261932,0.6482526315789473,7.720050441361916,11.0,0.0,33.24,1.0,1.0,0,0.0,1.0
44,100,oracle,9.992,532.1050787878788,0.06391464046615561,0.6396363636363637,7.975945017182131,11.0,0.0,34.788,1.0,1.0,0,0.0,1.0
45,100,oracle,9.896,535.5213656565658,0.06975715776927899,0.6910707070707071,8.225993212218007,11.0,0.0,36.376,1.0,1.0,0,0.0,1.0
46,100,oracle,10.432,532.4375224489796,0.06168039715386654,0.6446530612244898,8.333826013513514,12.0,0.0,34.62,1.0,1.0,0,0.0,1.0
47,100,oracle,10.316,532.1339878787878,0.06201822498489165,0.6402424242424243,7.8553243079409985,11.0,0.0,35.256,1.0,1.0,0,0.0,1.0
48,100,oracle,10.016,530.8468530612246,0.06208385967773723,0.6206938775510205,7.979924717691342,11.0,0.0,33.86,1.0,1.0,0,0.0,1.0
49,100,oracle,10.352,531.2516727272728,0.060451470975713406,0.6267474747474747,7.890576883596798,11.0,0.0,34.284,1.0,1.0,0,0.0,1.0
0,200,rand_st,19.0,1049.3516163265308,0.06647905477980666,1.2631020408163263,217.61087527794623,412.0,63.216,98.0,0.0,1.0,0,0.0,1.0
1,200,rand_st,15.0,1052.1486626262626,0.0865131313131313,1.2976969696969698,256.7182605111294,604.0,61.528,99.0,0.0,1.0,0,0.0,1.0
2,200,rand_st,17.0,1050.1034747474748,0.07442899584076056,1.2652929292929294,199.94561933534743,416.0,61.736,99.0,0.0,1.0,0,0.0,1.0
3,200,rand_st,16.0,1048.5939795918366,0.07806377551020409,1.2490204081632654,200.89912191137432,412.0,62.596,98.0,0.0,1.0,0,0.0,1.0
4,200,rand_st,16.0,1049.7521535353535,0.07909595959595958,1.2655353535353533,300.3611615245009,611.0,63.712,99.0,0.0,1.0,0,0.0,1.0
5,200,rand_st,17.0,1048.6678083333336,0.07315196078431371,1.2435833333333333,226.71989913847446,411.0,60.616,96.0,0.0,1.0,0,0.0,1.0
6,200,rand_st,19.0,1050.7402787878789,0.06766400850611377,1.2856161616161617,216.53530706141228,418.0,62.724,99.0,0.0,1.0,0,0.0,1.0
7,200,rand_st,15.0,1046.855878787879,0.08119057239057238,1.217858585858586,165.20738636363637,413.0,64.432,99.0,0.0,1.0,0,0.0,1.0
8,200,rand_st,21.0,1046.5640444444446,0.057579605579605585,1.2091717171717173,108.86709755604929,221.0,63.292,99.0,0.0,1.0,0,0.0,1.0
9,200,rand_st,18.0,1047.0308000000002,0.06789898989898989,1.2221818181818183,154.5496417604913,410.0,65.004,99.0,0.0,1.0,0,0.0,1.0
10,200,rand_st,17.0,1051.1055434343436,0.07576470588235293,1.288,197.41478313989003,412.0,63.488,99.0,0.0,1.0,0,0.0,1.0
11,200,rand_st,19.0,1049.127991919192,0.06634343434343436,1.2605252525252526,213.01808943089432,602.0,63.208,99.0,0.0,1.0,0,0.0,1.0
12,200,rand_st,18.0,1048.98037979798,0.06954882154882155,1.251878787878788,196.8915254237288,602.0,63.064,99.0,0.0,1.0,0,0.0,1.0
13,200,rand_st,15.0,1048.7844606060605,0.0829845117845118,1.2447676767676767,261.65637065637065,608.0,62.768,99.0,0.0,1.0,0,0.0,1.0
14,200,rand_st,17.0,1048.5426666666667,0.07370172311348781,1.2529292929292928,159.68657610866958,403.0,63.96,99.0,0.0,1.0,0,0.0,1.0
15,200,rand_st,15.0,1049.117494949495,0.08335084175084176,1.2502626262626264,184.05071315372425,414.0,62.224,99.0,0.0,1.0,0,0.0,1.0
16,200,rand_st,16.0,1050.247377777778,0.08024691358024691,1.2839506172839505,211.68785838942907,413.0,52.0,81.0,0.0,1.0,0,0.0,1.0
17,200,rand_st,20.0,1049.7394875,0.06308541666666667,1.2617083333333334,206.6622418879056,603.0,59.876,96.0,0.0,1.0,0,0.0,1.0
18,200,rand_st,14.0,1048.4691151515153,0.08883694083694084,1.2437171717171718,203.86789772727272,413.0,62.872,99.0,0.0,1.0,0,0.0,1.0
19,200,rand_st,16.0,1049.8837333333333,0.07936363636363636,1.2698181818181817,218.47255369928402,408.0,62.288,99.0,0.0,1.0,0,0.0,1.0
20,200,rand_st,16.0,1050.2970141414141,0.07967424242424243,1.2747878787878788,176.9569523039612,412.0,62.796,99.0,0.0,1.0,0,0.0,1.0
21,200,rand_st,15.0,1051.463422222222,0.08626262626262628,1.293939393939394,299.09184497375855,607.0,62.9,99.0,0.0,1.0,0,0.0,1.0
22,200,rand_st,15.0,1049.0542875,0.08424166666666667,1.263625,187.99957654033454,410.0,62.692,96.0,0.0,1.0,0,0.0,1.0
23,200,rand_st,14.0,1052.9068041666667,0.09401488095238096,1.3162083333333334,177.7897691827823,409.0,59.644,96.0,0.0,1.0,0,0.0,1.0
24,200,rand_st,15.0,1050.2415393939395,0.08561616161616162,1.2842424242424242,206.8596208148447,601.0,63.86,99.0,0.0,1.0,0,0.0,1.0
25,200,rand_st,14.0,1047.8522367346939,0.08853644314868805,1.2395102040816328,168.99750312109862,407.0,63.528,98.0,0.0,1.0,0,0.0,1.0
26,200,rand_st,18.0,1048.6055111111111,0.06980471380471381,1.2564848484848485,189.70524152106887,411.0,63.608,99.0,0.0,1.0,0,0.0,1.0
27,200,rand_st,16.0,1049.5379474747474,0.07838888888888888,1.2542222222222221,189.77353896103895,406.0,61.832,99.0,0.0,1.0,0,0.0,1.0
28,200,rand_st,16.0,1047.2650626262628,0.07653787878787878,1.2246060606060605,171.12459546925567,416.0,63.764,99.0,0.0,1.0,0,0.0,1.0
29,200,rand_st,14.0,1049.8898585858587,0.09102453102453104,1.2743434343434343,218.02217741935485,406.0,62.84,99.0,0.0,1.0,0,0.0,1.0
30,200,rand_st,19.0,1051.7799739130437,0.06924942791762012,1.3157391304347825,174.10979292493528,415.0,59.952,92.0,0.0,1.0,0,0.0,1.0
31,200,rand_st,16.0,1049.8335191919193,0.07941919191919193,1.270707070707071,204.3907004830918,604.0,63.2,99.0,0.0,1.0,0,0.0,1.0
32,200,rand_st,19.0,1049.787587878788,0.0667304625199362,1.267878787878788,144.2608695652174,410.0,62.48,99.0,0.0,1.0,0,0.0,1.0
33,200,rand_st,14.0,1052.5250060606063,0.0936998556998557,1.3117979797979797,305.3738701725555,604.0,61.132,99.0,0.0,1.0,0,0.0,1.0
34,200,rand_st,15.0,1050.9681454545455,0.08585589225589225,1.2878383838383838,198.69101460876527,407.0,62.504,99.0,0.0,1.0,0,0.0,1.0
35,200,rand_st,22.0,1044.5605616161615,0.053261707988980715,1.171757575757576,105.21402660217655,405.0,62.996,99.0,0.0,1.0,0,0.0,1.0
36,200,rand_st,17.0,1046.4641166666668,0.07167647058823529,1.2185,173.03021148036254,609.0,63.024,96.0,0.0,1.0,0,0.0,1.0
37,200,rand_st,15.0,1052.428665263158,0.08700070175438596,1.3050105263157894,303.0562055996657,602.0,59.024,95.0,0.0,1.0,0,0.0,1.0
38,200,rand_st,16.0,1049.742,0.07981565656565655,1.2770505050505048,222.96936323588307,405.0,64.572,99.0,0.0,1.0,0,0.0,1.0
39,200,rand_st,15.0,1049.030113131313,0.08366599326599326,1.2549898989898989,199.3503929075156,412.0,62.756,99.0,0.0,1.0,0,0.0,1.0
40,200,rand_st,16.0,1052.1187474747478,0.08162626262626263,1.306020202020202,279.62414210738797,605.0,62.704,99.0,0.0,1.0,0,0.0,1.0
41,200,rand_st,15.0,1048.3646222222224,0.08356094276094277,1.2534141414141413,166.37803633394572,408.0,64.912,99.0,0.0,1.0,0,0.0,1.0
42,200,rand_st,15.0,1049.8409535353535,0.08475690235690236,1.2713535353535352,291.1785639522713,603.0,64.136,99.0,0.0,1.0,0,0.0,1.0
43,200,rand_st,18.0,1048.7820421052631,0.06972865497076024,1.2551157894736844,259.36518627657335,605.0,61.764,95.0,0.0,1.0,0,0.0,1.0
44,200,rand_st,16.0,1047.8480686868688,0.07749242424242425,1.239878787878788,162.62053661488804,407.0,64.252,99.0,0.0,1.0,0,0.0,1.0
45,200,rand_st,15.0,1051.864084848485,0.08702222222222222,1.3053333333333332,238.58773152758414,409.0,62.772,99.0,0.0,1.0,0,0.0,1.0
46,200,rand_st,16.0,1049.7683836734695,0.07972448979591837,1.275591836734694,165.1418036241045,402.0,62.992,98.0,0.0,1.0,0,0.0,1.0
47,200,rand_st,17.0,1045.8990343434346,0.07021984551396317,1.1937373737373738,203.04942037827945,408.0,63.82,99.0,0.0,1.0,0,0.0,1.0
48,200,rand_st,18.0,1046.6559591836735,0.06761451247165533,1.2170612244897958,167.2608604845447,404.0,63.728,98.0,0.0,1.0,0,0.0,1.0
49,200,rand_st,16.0,1046.4808444444445,0.07591161616161617,1.2145858585858587,210.2790458564672,411.0,64.756,99.0,0.0,1.0,0,0.0,1.0
0,200,rand_dt,19.54,1047.8564204081633,0.06377749661723882,1.2449387755102042,222.78150080256822,602.0,64.996,98.0,0.0,1.0,0,0.0,1.0
1,200,rand_dt,14.676,1050.2490545454548,0.08712916255857434,1.2755151515151515,320.29610443431415,615.0,63.724,99.0,0.0,1.0,0,0.0,1.0
2,200,rand_dt,17.212,1048.4568161616162,0.07257124029126094,1.2452525252525253,253.03753512645523,803.0,63.72,99.0,0.0,1.0,0,0.0,1.0
3,200,rand_dt,15.108,1046.8310326530611,0.08136890327559596,1.2264897959183674,211.86455331412103,416.0,64.804,98.0,0.0,1.0,0,0.0,1.0
4,200,rand_dt,16.724,1047.7771757575758,0.07443901432626923,1.242868686868687,256.6052685317541,611.0,65.956,99.0,0.0,1.0,0,0.0,1.0
5,200,rand_dt,16.812,1046.6514000000002,0.07264647922399955,1.2189166666666664,206.9646694214876,602.0,62.984,96.0,0.0,1.0,0,0.0,1.0
6,200,rand_dt,19.08,1049.2843313131314,0.06645709728867624,1.26779797979798,263.57512537612837,608.0,64.488,99.0,0.0,1.0,0,0.0,1.0
7,200,rand_dt,16.084,1045.3480282828284,0.07473075856605269,1.1995555555555557,199.2333467094703,606.0,66.244,99.0,0.0,1.0,0,0.0,1.0
8,200,rand_dt,20.212,1044.6743313131315,0.05876769802095369,1.1857373737373738,168.79420056383407,418.0,65.612,99.0,0.0,1.0,0,0.0,1.0
9,200,rand_dt,19.272,1045.9929737373736,0.0629010298933744,1.2099797979797982,195.41654922488425,417.0,66.212,99.0,0.0,1.0,0,0.0,1.0
10,200,rand_dt,17.364,1049.5423191919194,0.07319973731119242,1.2698989898989899,297.85009140767824,611.0,65.28,99.0,0.0,1.0,0,0.0,1.0
11,200,rand_dt,18.78,1047.4377696969698,0.06613425621887954,1.2391919191919192,207.72133822929416,602.0,65.32,99.0,0.0,1.0,0,0.0,1.0
12,200,rand_dt,16.564,1047.2667717171719,0.0745037467902277,1.231030303030303,222.39724385859796,609.0,65.128,99.0,0.0,1.0,0,0.0,1.0
13,200,rand_dt,15.976,1046.8036121212124,0.07652836865385884,1.220121212121212,271.40352655046615,611.0,65.208,99.0,0.0,1.0,0,0.0,1.0
14,200,rand_dt,15.868,1047.3773454545455,0.07815559516735987,1.2384242424242422,208.45944333996025,415.0,65.396,99.0,0.0,1.0,0,0.0,1.0
15,200,rand_dt,14.244,1047.9844404040405,0.08703375698375697,1.2357575757575758,206.43700787401573,415.0,63.66,99.0,0.0,1.0,0,0.0,1.0
16,200,rand_dt,16.504,1049.0533827160493,0.07696979513052785,1.2688395061728395,247.5354311199207,607.0,53.224,81.0,0.0,1.0,0,0.0,1.0
17,200,rand_dt,18.468,1047.5570500000001,0.06693958333333333,1.2350833333333333,207.7463196074248,603.0,62.432,96.0,0.0,1.0,0,0.0,1.0
18,200,rand_dt,14.512,1046.451288888889,0.08409723870900342,1.218181818181818,224.91673553719008,602.0,65.4,99.0,0.0,1.0,0,0.0,1.0
19,200,rand_dt,15.62,1047.569793939394,0.07967021428099857,1.2412929292929293,214.51183491806594,601.0,65.112,99.0,0.0,1.0,0,0.0,1.0
20,200,rand_dt,16.256,1048.7189212121214,0.07727954380405362,1.2554747474747476,268.5337783171521,609.0,64.708,99.0,0.0,1.0,0,0.0,1.0
21,200,rand_dt,15.068,1049.858290909091,0.08461717171717172,1.2747070707070707,339.4288893384584,802.0,64.804,99.0,0.0,1.0,0,0.0,1.0
22,200,rand_dt,14.884,1048.4277875,0.08457466882586369,1.255625,233.26006641760065,602.0,63.46,96.0,0.0,1.0,0,0.0,1.0
23,200,rand_dt,14.272,1050.9655083333332,0.09079076999389499,1.2925,307.0965130759651,610.1499999999996,61.92,96.0,0.0,1.0,0,0.0,1.0
24,200,rand_dt,15.804,1048.9109696969697,0.08037018099814798,1.2677575757575759,227.14555037502535,605.0,65.492,99.0,0.0,1.0,0,0.0,1.0
25,200,rand_dt,15.264,1046.473093877551,0.08032447924224635,1.2222857142857142,200.80390933666044,415.0,65.216,98.0,0.0,1.0,0,0.0,1.0
26,200,rand_dt,17.556,1047.3688484848485,0.07073296223327184,1.2402424242424241,192.66543362104397,415.0,65.216,99.0,0.0,1.0,0,0.0,1.0
27,200,rand_dt,16.16,1047.8951393939394,0.07638609955766819,1.2338181818181817,244.4278778069998,608.0,63.852,99.0,0.0,1.0,0,0.0,1.0
28,200,rand_dt,15.052,1046.163595959596,0.08058685029567382,1.209939393939394,208.05581116223246,601.0,65.216,99.0,0.0,1.0,0,0.0,1.0
29,200,rand_dt,14.548,1048.94018989899,0.08688466903466903,1.261131313131313,204.12051333467014,413.0,64.148,99.0,0.0,1.0,0,0.0,1.0
30,200,rand_dt,19.076,1050.0932130434783,0.0679525171624714,1.2960434782608694,236.0453947368421,607.0,61.764,92.0,0.0,1.0,0,0.0,1.0
31,200,rand_dt,14.668,1048.0085414141415,0.08526616161616161,1.2484848484848485,232.57533968769013,607.0,65.4,99.0,0.0,1.0,0,0.0,1.0
32,200,rand_dt,18.728,1047.509886868687,0.06626503632819421,1.2397171717171716,213.50561339048787,417.0,65.268,99.0,0.0,1.0,0,0.0,1.0
33,200,rand_dt,14.492,1050.5545535353535,0.08894831225419461,1.2869494949494948,294.259003051882,606.0,63.592,99.0,0.0,1.0,0,0.0,1.0
34,200,rand_dt,14.932,1049.2101171717172,0.08501944185081439,1.2664242424242425,247.6781098546042,604.0,64.624,99.0,0.0,1.0,0,0.0,1.0
35,200,rand_dt,21.076,1043.1837131313134,0.054823660350621035,1.1533333333333335,145.36942547207713,417.0,64.82,99.0,0.0,1.0,0,0.0,1.0
36,200,rand_dt,16.38,1044.7222291666667,0.07316552627995643,1.197375,217.85041948025375,603.0,65.052,96.0,0.0,1.0,0,0.0,1.0
37,200,rand_dt,17.112,1050.9547747368422,0.07543332753969546,1.2877894736842104,261.096423342397,610.0,60.66,95.0,0.0,1.0,0,0.0,1.0
38,200,rand_dt,15.892,1048.9186303030303,0.07988480557206047,1.266787878787879,222.83822937625754,604.0,65.588,99.0,0.0,1.0,0,0.0,1.0
39,200,rand_dt,15.28,1046.9866464646466,0.08067611832611833,1.2301010101010101,192.57728577285772,415.0,65.22,99.0,0.0,1.0,0,0.0,1.0
40,200,rand_dt,16.02,1050.9286626262628,0.08080276361829511,1.2915555555555553,300.23986486486484,608.0,64.136,99.0,0.0,1.0,0,0.0,1.0
41,200,rand_dt,15.624,1047.165595959596,0.07937419621047072,1.2381010101010101,230.08396322778344,602.0,66.428,99.0,0.0,1.0,0,0.0,1.0
42,200,rand_dt,15.816,1048.8700363636365,0.07982513180356318,1.2597171717171716,253.61848049281315,607.0,65.288,99.0,0.0,1.0,0,0.0,1.0
43,200,rand_dt,17.708,1047.7271536842106,0.07019922510093604,1.241221052631579,278.0262991794656,609.0,63.084,95.0,0.0,1.0,0,0.0,1.0
44,200,rand_dt,16.764,1046.458290909091,0.073082261382313,1.2221010101010101,199.55119071850194,415.0,66.012,99.0,0.0,1.0,0,0.0,1.0
45,200,rand_dt,15.184,1049.9128121212123,0.08450589225589226,1.282141414141414,255.51704429475404,608.0,65.068,99.0,0.0,1.0,0,0.0,1.0
46,200,rand_dt,16.096,1047.8149387755104,0.07798750457576514,1.2519183673469387,222.27505285412263,605.0,65.312,98.0,0.0,1.0,0,0.0,1.0
47,200,rand_dt,17.28,1044.079204040404,0.06789137070741819,1.1711111111111112,223.5965406275141,605.0,66.06,99.0,0.0,1.0,0,0.0,1.0
48,200,rand_dt,16.452,1045.6218530612246,0.07337540269240528,1.203673469387755,184.31778187026805,415.0,65.04,98.0,0.0,1.0,0,0.0,1.0
49,200,rand_dt,16.384,1044.9832484848484,0.07310270298443673,1.1952323232323234,200.39519331243469,416.0,66.672,99.0,0.0,1.0,0,0.0,1.0
0,200,static,19.0,1049.2615673469388,0.06642749731471537,1.262122448979592,15.072281838428832,19.0,63.312,98.0,0.0,1.0,0,0.0,1.0
1,200,static,18.0,1052.378505050505,0.07222446689113356,1.300040404040404,16.36063544460491,18.0,61.296,99.0,0.0,1.0,0,0.0,1.0
2,200,static,20.0,1050.1560565656569,0.0632969696969697,1.265939393939394,17.008074283407346,20.0,61.672,99.0,0.0,1.0,0,0.0,1.0
3,200,static,18.0,1048.6506653061226,0.06940816326530613,1.24934693877551,14.55922131147541,18.0,62.564,98.0,0.0,1.0,0,0.0,1.0
4,200,static,19.0,1049.7547474747478,0.06660287081339714,1.2654545454545454,16.00161322847348,19.0,63.72,99.0,0.0,1.0,0,0.0,1.0
5,200,static,19.0,1048.6604,0.06544736842105263,1.2435,14.351305812973884,19.0,60.624,96.0,0.0,1.0,0,0.0,1.0
6,200,static,21.0,1050.8150303030302,0.06125252525252525,1.2863030303030305,17.35621372823694,21.0,62.656,99.0,0.0,1.0,0,0.0,1.0
7,200,static,18.0,1046.7298828282828,0.06759595959595958,1.2167272727272724,15.331375329147255,18.0,64.544,99.0,0.0,1.0,0,0.0,1.0
8,200,static,22.0,1045.9249414141416,0.05461707988980716,1.2015757575757575,18.1963850528026,22.0,64.044,99.0,0.0,1.0,0,0.0,1.0
9,200,static,21.0,1047.0513737373738,0.05821067821067821,1.2224242424242424,17.87131751227496,21.0,64.98,99.0,0.0,1.0,0,0.0,1.0
10,200,static,22.0,1051.247583838384,0.05861707988980717,1.2895757575757576,17.199310624493105,22.0,63.332,99.0,0.0,1.0,0,0.0,1.0
11,200,static,22.0,1049.2178101010102,0.05734802571166207,1.2616565656565657,17.83272431993504,22.0,63.096,99.0,0.0,1.0,0,0.0,1.0
12,200,static,19.0,1049.2086464646466,0.0660287081339713,1.2545454545454544,16.170450019912387,19.0,62.8,99.0,0.0,1.0,0,0.0,1.0
13,200,static,18.0,1048.560783838384,0.06901459034792368,1.2422626262626264,14.576212705500305,18.0,63.016,99.0,0.0,1.0,0,0.0,1.0
14,200,static,18.0,1048.85258989899,0.06981369248035915,1.2566464646464646,15.27616394747314,18.0,63.592,99.0,0.0,1.0,0,0.0,1.0
15,200,static,18.0,1049.04437979798,0.06942312008978675,1.2496161616161616,15.58107841200869,18.0,62.288,99.0,0.0,1.0,0,0.0,1.0
16,200,static,20.0,1050.173501234568,0.0641432098765432,1.2828641975308641,16.585846000498382,20.0,52.088,81.0,0.0,1.0,0,0.0,1.0
17,200,static,20.0,1049.7943500000001,0.06310833333333334,1.2621666666666667,14.77291841883936,20.0,59.832,96.0,0.0,1.0,0,0.0,1.0
18,200,static,20.0,1048.4005696969698,0.062155555555555554,1.243111111111111,15.855231143552311,20.0,62.932,99.0,0.0,1.0,0,0.0,1.0
19,200,static,19.0,1049.459886868687,0.06658160552897395,1.265050505050505,16.0,19.0,62.76,99.0,0.0,1.0,0,0.0,1.0
20,200,static,18.0,1050.1362747474745,0.0706936026936027,1.2724848484848486,15.435685483870968,18.0,63.024,99.0,0.0,1.0,0,0.0,1.0
21,200,static,18.0,1051.4836161616163,0.07188103254769922,1.2938585858585858,15.315980629539952,18.0,62.908,99.0,0.0,1.0,0,0.0,1.0
22,200,static,17.0,1049.2351541666667,0.07446323529411764,1.265875,14.83006122018155,17.0,62.476,96.0,0.0,1.0,0,0.0,1.0
23,200,static,19.0,1052.7219458333334,0.06916885964912281,1.3142083333333332,17.486194727008513,19.0,59.836,96.0,0.0,1.0,0,0.0,1.0
24,200,static,18.0,1050.6575636363636,0.07161167227833895,1.2890101010101012,15.995577889447237,18.0,63.388,99.0,0.0,1.0,0,0.0,1.0
25,200,static,18.0,1047.8915469387757,0.06890476190476191,1.2402857142857142,14.2731433326399,18.0,63.452,98.0,0.0,1.0,0,0.0,1.0
26,200,static,20.0,1048.8350545454546,0.06294949494949495,1.258989898989899,16.042548818088388,20.0,63.36,99.0,0.0,1.0,0,0.0,1.0
27,200,static,19.0,1050.1734181818183,0.06639659755449229,1.2615353535353535,14.189714517108726,19.0,61.108,99.0,0.0,1.0,0,0.0,1.0
28,200,static,18.0,1047.1050222222223,0.06792143658810326,1.2225858585858587,14.970337261275905,18.0,63.964,99.0,0.0,1.0,0,0.0,1.0
29,200,static,18.0,1050.6353616161616,0.0712682379349046,1.2828282828282829,14.942373564376386,18.0,62.0,99.0,0.0,1.0,0,0.0,1.0
30,200,static,19.0,1052.028056521739,0.06939816933638443,1.3185652173913045,17.37028251024369,19.0,59.692,92.0,0.0,1.0,0,0.0,1.0
31,200,static,17.0,1049.3959434343437,0.07445276292335118,1.2656969696969698,15.208308126638435,17.0,63.696,99.0,0.0,1.0,0,0.0,1.0
32,200,static,20.0,1049.4796808080807,0.06322626262626263,1.2645252525252526,16.649629184205253,20.0,62.812,99.0,0.0,1.0,0,0.0,1.0
33,200,static,19.0,1052.252298989899,0.0688654970760234,1.3084444444444443,16.473921971252565,19.0,61.464,99.0,0.0,1.0,0,0.0,1.0
34,200,static,18.0,1050.910674747475,0.07151066217732883,1.2871919191919192,15.792614770459082,18.0,62.568,99.0,0.0,1.0,0,0.0,1.0
35,200,static,24.0,1045.0154181818182,0.04903367003367003,1.1768080808080807,18.973928860145513,24.0,62.496,99.0,0.0,1.0,0,0.0,1.0
36,200,static,21.0,1046.2022541666668,0.05791865079365081,1.2162916666666668,17.818181818181817,21.0,63.236,96.0,0.0,1.0,0,0.0,1.0
37,200,static,21.0,1052.8393515789476,0.062351879699248124,1.3093894736842102,17.45323289391086,21.0,58.608,95.0,0.0,1.0,0,0.0,1.0
38,200,static,17.0,1050.1727313131312,0.07541532976827094,1.282060606060606,14.717583299879566,17.0,64.076,99.0,0.0,1.0,0,0.0,1.0
39,200,static,19.0,1048.6507272727272,0.06584370015948963,1.251030303030303,15.859245815688647,19.0,63.148,99.0,0.0,1.0,0,0.0,1.0
40,200,static,18.0,1051.7732646464647,0.07233894500561168,1.30210101010101,15.923371647509578,18.0,63.092,99.0,0.0,1.0,0,0.0,1.0
41,200,static,19.0,1048.3744202020205,0.06597554492291334,1.2535353535353535,16.639983746444535,19.0,64.9,99.0,0.0,1.0,0,0.0,1.0
42,200,static,17.0,1050.2909616161617,0.07509685086155675,1.2766464646464646,15.149759464547166,17.0,63.612,99.0,0.0,1.0,0,0.0,1.0
43,200,static,20.0,1048.7847663157895,0.06275789473684211,1.255157894736842,15.075872215216478,20.0,61.76,95.0,0.0,1.0,0,0.0,1.0
44,200,static,19.0,1047.9328767676768,0.06527804359383307,1.2402828282828284,16.32666262381241,19.0,64.212,99.0,0.0,1.0,0,0.0,1.0
45,200,static,17.0,1051.9989414141417,0.07687225193107547,1.3068282828282827,15.138151327610302,17.0,62.624,99.0,0.0,1.0,0,0.0,1.0
46,200,static,19.0,1049.3976448979593,0.06692803437164341,1.2716326530612245,16.416173986486488,19.0,63.38,98.0,0.0,1.0,0,0.0,1.0
47,200,static,19.0,1045.967280808081,0.06286868686868687,1.1945050505050505,15.977571226510406,19.0,63.744,99.0,0.0,1.0,0,0.0,1.0
48,200,static,18.0,1046.3098734693879,0.06738095238095237,1.2128571428571426,15.048306148055207,18.0,64.14,98.0,0.0,1.0,0,0.0,1.0
49,200,static,18.0,1046.5460969696971,0.06749943883277215,1.214989898989899,15.118661465818107,18.0,64.716,99.0,0.0,1.0,0,0.0,1.0
0,200,bsps,15.704,1034.8855224489798,0.060883528319752814,0.9513469387755101,74.86353512856854,216.0,35.416,67.868,0.4437716262975779,0.6897374701670644,0,0.31038671795910105,1.0
1,200,bsps,15.008,1038.630577777778,0.06710607765509727,1.0045252525252524,72.79760676707241,216.0,35.008,70.328,0.4450586105022396,0.6915091828586638,0,0.2972972972972973,1.0
2,200,bsps,15.94,1036.6156484848486,0.061094221441899466,0.9725252525252526,69.76382721033508,216.0,34.836,70.096,0.44547729710404005,0.7006400787789266,0,0.2823980621719822,1.0
3,200,bsps,14.308,1034.3093469387757,0.06591713773421456,0.9410204081632653,72.57909836065573,214.0,35.104,68.128,0.4442556084296397,0.6897448015122873,0,0.30655737704918035,1.0
4,200,bsps,14.584,1035.6294303030304,0.06607694074262702,0.9606060606060606,75.16596087920952,215.0,35.568,68.6,0.44258010118043845,0.6881548974943053,0,0.313571284533172,1.0
5,200,bsps,15.268,1035.02525,0.06230459266055725,0.9485416666666666,72.0273799494524,215.0,33.988,67.276,0.444816333361225,0.6929518492672715,0,0.30054759898904804,1.0
6,200,bsps,15.296,1036.047272727273,0.06351749959133861,0.9690101010101009,73.90814488693216,215.0,35.224,69.04,0.44398449885502905,0.6939218523878437,0,0.30518310986591957,1.0
7,200,bsps,13.868,1032.767397979798,0.06619158170013785,0.9154343434343434,75.31577881304436,214.0,36.2,68.324,0.4420857552017522,0.6864580954555835,0,0.31962730403078793,1.0
8,200,bsps,17.064,1032.2545616161617,0.053298688764891036,0.9074343434343434,73.04285134037367,217.0,36.536,69.112,0.4453138893828917,0.6928071928071928,0,0.2971161657189277,1.0
9,200,bsps,15.768,1033.2090505050505,0.05885768517306185,0.9236363636363636,77.1620294599018,216.0,36.612,68.388,0.4437266235974158,0.6848441926345609,0,0.3199672667757774,1.0
10,200,bsps,16.04,1037.2486747474748,0.061778182246603294,0.98610101010101,72.27960259529603,217.0,35.44,69.02,0.44585262815825816,0.7009682503940554,0,0.2962287104622871,1.0
11,200,bsps,16.748,1034.6278909090909,0.05677055326472251,0.9487676767676768,74.05765326837191,217.0,36.264,69.516,0.4444541714085617,0.6904586705911209,0,0.30105562322371093,1.0
12,200,bsps,14.2,1035.1382343434345,0.06711803523274112,0.9511111111111111,72.75826363998407,214.0,35.116,68.992,0.4428896569164629,0.6913608388420333,0,0.30605336519315013,1.0
13,200,bsps,15.04,1035.4193494949495,0.063508176609157,0.9541818181818181,71.33549827481225,215.0,35.064,69.348,0.44515859766277127,0.6932084309133489,0,0.29632636492794806,1.0
14,200,bsps,14.18,1034.3898262626262,0.06676710315827962,0.9452121212121213,71.92877039395145,214.0,35.908,68.932,0.4434255909817448,0.6928718771487509,0,0.30202944687624356,1.0
15,200,bsps,14.164,1035.461705050505,0.06780973721267838,0.957939393939394,69.92711830930278,214.0,35.86,70.18,0.4417194328012129,0.6941917424772568,0,0.2907367173612483,1.0
16,200,bsps,14.8,1035.3324197530865,0.06509081615552204,0.9606913580246912,72.58609519063045,215.0,29.064,56.212,0.44588836812952704,0.6983938132064248,0,0.3017692499377025,1.0
17,200,bsps,15.912,1036.0480833333334,0.060851214586711874,0.96725,70.48275862068965,215.25,34.532,68.34,0.44492540062626634,0.6921891058581706,0,0.28973927670311184,1.0
18,200,bsps,15.988,1034.487022222222,0.05907492123936912,0.9430707070707071,71.35766423357664,215.0,35.604,69.38,0.44467442863303147,0.6936221419975933,0,0.29501216545012166,1.0
19,200,bsps,15.836,1035.14098989899,0.060392237319688305,0.9555151515151515,71.23659557504484,215.0,35.432,69.38,0.44423569598633644,0.6995337995337996,0,0.2928044648196133,1.0
20,200,bsps,14.064,1036.2066101010103,0.06902109170290989,0.9692121212121211,69.59475806451613,214.0,35.148,69.116,0.4474284266531543,0.6999278672757875,0,0.2899193548387097,1.0
21,200,bsps,14.536,1037.265911111111,0.06802056699160086,0.985010101010101,75.78874092009686,215.0,34.732,68.792,0.44334301828747225,0.6865984178687762,0,0.3155770782889427,1.0
22,200,bsps,14.144,1034.5513125,0.06711692612942613,0.9485,74.22672577580747,214.0,34.96,66.244,0.44570994684889903,0.6872437906920665,0,0.3113785096052354,1.0
23,200,bsps,15.648,1038.5006791666667,0.06443413281979457,1.0080833333333332,72.31181233132655,216.0,34.096,68.02,0.4429505479325905,0.6820868671292727,0,0.29209051276728254,1.0
24,200,bsps,14.488,1035.4036202020202,0.06651821446527328,0.9623434343434344,74.85346733668342,214.0,35.524,68.492,0.44304466566822304,0.6890817064352857,0,0.31236180904522615,1.0
25,200,bsps,15.184,1033.7692979591839,0.06160365574801349,0.9348571428571429,72.9467443311837,215.0,35.896,68.24,0.4441758051981694,0.6903334132885585,0,0.30517994591221137,1.0
26,200,bsps,16.54,1034.0072525252526,0.05692200837040878,0.9406464646464645,72.11284686536484,216.0,36.176,69.18,0.44633992237566567,0.6977811782708493,0,0.2961973278520041,1.0
27,200,bsps,14.364,1036.8332727272727,0.06803933567917525,0.9740606060606061,72.0,214.0,34.584,70.268,0.44145583666222815,0.687603305785124,0,0.3043126138894513,1.0
28,200,bsps,14.492,1033.3013656565658,0.06372247295188473,0.9226262626262627,73.22104835432751,214.0,35.52,68.464,0.44413289149460444,0.690144173954148,0,0.30780170662332385,1.0
29,200,bsps,15.14,1036.319377777778,0.06448808965181514,0.9754747474747475,71.33951239169856,215.0,35.612,70.164,0.4425612052730697,0.6882166382044401,0,0.29619181946403383,1.0
30,200,bsps,13.784,1036.650843478261,0.07170724802690916,0.9851304347826088,74.26806124649558,214.0,33.2,63.416,0.44506920415224915,0.6971360381861575,0,0.30838904464093164,1.0
31,200,bsps,13.644,1035.3310505050506,0.07034605798242163,0.9584646464646465,70.19338576325872,214.0,35.804,69.184,0.4457841555574425,0.6983187307601232,0,0.29219600725952816,1.0
32,200,bsps,15.656,1034.8531313131314,0.06093543240958101,0.950909090909091,71.59530968129886,216.0,35.572,69.204,0.44483538577532045,0.6946440992348714,0,0.29585087191822007,1.0
33,200,bsps,15.512,1038.324880808081,0.06499567999175843,1.0061414141414142,67.94948665297741,215.0,35.256,70.72,0.4468689018981728,0.6994466800804829,0,0.2751540041067762,1.0
34,200,bsps,14.58,1036.1048969696972,0.06668003728297844,0.9713131313131315,74.04510978043912,215.0,35.412,69.164,0.44237612920886943,0.6894333085869834,0,0.3069860279441118,1.0
35,200,bsps,19.336,1031.5251757575759,0.046185777667465726,0.8907070707070707,73.65238480194017,219.0,36.36,69.956,0.4444444444444444,0.6925720327782183,0,0.2940582053354891,1.0
36,200,bsps,15.984,1031.7100041666667,0.056407420884176884,0.899625,75.61826226870474,216.0,34.5,65.264,0.44463846337010876,0.6989894646312621,0,0.31234915526950924,1.0
37,200,bsps,16.664,1039.3377768421055,0.061277838523434096,1.018778947368421,71.83155471856037,217.0,33.936,68.184,0.4425510712506228,0.6901749663526245,0,0.28897258840761664,1.0
38,200,bsps,14.088,1035.2611151515152,0.06828348546877959,0.9600404040404041,74.43857888398233,214.0,35.8,68.36,0.4433774834437086,0.6891402714932127,0,0.31112003211561623,1.0
39,200,bsps,14.856,1034.5676565656568,0.06376195648940747,0.9454141414141414,70.29017947166767,214.0,35.68,69.324,0.4458990114881111,0.6983337478239244,0,0.2917927001411575,1.0
40,200,bsps,14.56,1037.684181818182,0.06866528541439414,0.9957575757575757,72.77737447065941,215.0,35.568,69.468,0.4441960293328564,0.6932153392330384,0,0.30046380318612625,1.0
41,200,bsps,14.716,1033.5018424242426,0.06339599104599106,0.9311919191919191,75.70581064607883,215.0,35.86,67.668,0.444839255499154,0.6882775119617225,0,0.3161316537992686,1.0
42,200,bsps,14.16,1035.8749616161617,0.06836258371258372,0.9665858585858587,71.41434846266472,214.0,35.768,68.756,0.4479359730412805,0.7,0,0.2972181551976574,1.0
43,200,bsps,14.492,1034.612753684211,0.0655788550458829,0.9448421052631579,73.25325767129046,215.0,33.792,65.252,0.4447198017427452,0.6911600979737252,0,0.30958385876418665,1.0
44,200,bsps,15.076,1034.001705050505,0.06232213244272068,0.9383434343434344,72.34707903780068,215.0,36.46,69.092,0.44519476241455985,0.694514574248336,0,0.29917121487770365,1.0
45,200,bsps,14.024,1037.2876525252527,0.07058772002408367,0.9888888888888889,71.43861050109803,214.0,34.856,68.968,0.4447936130456939,0.691670610506389,0,0.29766420443202235,1.0
46,200,bsps,15.592,1034.9534530612245,0.061363384144866744,0.9558367346938776,75.20333614864865,216.0,35.644,68.316,0.44584316810910046,0.6939177542477223,0,0.31017736486486486,1.0
47,200,bsps,14.936,1033.1936161616163,0.06140714049929736,0.9151919191919192,71.21923620933522,215.0,35.232,68.728,0.4459803845856823,0.6947923533289387,0,0.2964235199030107,1.0
48,200,bsps,15.052,1032.4912653061224,0.06090082175727434,0.9141224489795918,72.76160602258469,215.0,36.784,68.44,0.4458620990998864,0.6950948977076657,0,0.30154746967795903,1.0
49,200,bsps,14.872,1032.8797696969696,0.06176930836048484,0.917010101010101,73.28803120509136,214.0,35.948,68.28,0.4462724527102209,0.6935264825712992,0,0.30650790392116606,1.0
0,200,baps,12.724,1025.7772897959185,0.04881023988542785,0.785795918367347,100.2455962745495,219.0,28.036,55.772,0.5543468725326783,0.6423810618248679,0,0.4296416278598907,1.0
1,200,baps,12.5,1028.9644,0.055248677248677255,0.8346666666666668,101.53847740870641,218.0,27.528,57.58,0.5539196567862714,0.6384576865297947,0,0.43016298741489584,1.0
2,200,baps,14.0,1027.9223474747475,0.04858181818181818,0.816969696969697,97.12091239402503,220.0,28.62,59.0,0.5554334889682322,0.6399352900392882,0,0.4057327412192168,1.0
3,200,baps,12.5,1025.5456040816327,0.05016099773242631,0.7821224489795918,95.0577868852459,218.0,28.852,57.0,0.5567768738099359,0.6475483580746738,0,0.4067622950819672,1.0
4,200,baps,12.5,1026.944577777778,0.0523331561226298,0.8038383838383837,101.11272433958459,219.0,28.42,57.0,0.5582837942620832,0.6457032091320267,0,0.4297237346239161,1.0
5,200,baps,14.0,1027.7632750000002,0.0504556530214425,0.8220833333333333,92.25315922493681,219.0,30.08,59.0,0.5541107023697494,0.6386757290067967,0,0.3938500421229992,1.0
6,200,baps,13.512,1026.3403595959599,0.045225589225589224,0.7908686868686868,105.98118871322794,221.0,27.216,56.012,0.5554853273137698,0.6388700564971751,0,0.44786872123273963,1.0
7,200,baps,11.664,1024.1156444444446,0.05073445566778901,0.7568888888888889,104.73263115252178,218.0,28.168,55.8,0.5544835903178569,0.6362852833441068,0,0.45088110188373504,1.0
8,200,baps,14.5,1023.5331555555556,0.039731339367703,0.7457777777777779,104.53147847278635,222.0,28.364,56.348,0.5536429872495446,0.6379391100702576,0,0.4370430544272949,1.0
9,200,baps,13.0,1023.3079555555557,0.04212255892255892,0.7415757575757577,108.13481996726678,221.0,27.808,54.612,0.5548325524900226,0.6412606168976308,0,0.45458265139116205,1.0
10,200,baps,14.5,1027.845208080808,0.04633136560409288,0.8196363636363637,100.3882806163828,222.0,28.356,57.0,0.5566719255999336,0.6449968132568515,0,0.4205190592051906,1.0
11,200,baps,14.5,1025.212585858586,0.041323625869080415,0.7759595959595958,103.52943564758425,222.0,27.832,56.076,0.5557639074917403,0.6451987909788421,0,0.43239951278928135,1.0
12,200,baps,12.5,1026.5252282828283,0.051739854687223114,0.7951919191919191,100.40083632019116,219.0,28.276,57.5,0.5551998615677453,0.6359761295822677,0,0.42592592592592593,1.0
13,200,baps,12.568,1025.8001010101011,0.05029028379028379,0.7822626262626263,98.54231784047087,218.0,28.192,57.068,0.5546848381601363,0.642350332594235,0,0.4235843312360463,1.0
14,200,baps,12.5,1024.5746747474748,0.04730479397146064,0.7650101010101009,101.14484679665738,218.0,28.264,56.0,0.5560030850972663,0.6426544422615149,0,0.43274970155193,1.0
15,200,baps,12.5,1025.7397616161618,0.04938784672118005,0.7802828282828281,100.99012443215484,218.0,27.904,57.076,0.5592309094222708,0.6436146707909854,0,0.4311672921192969,1.0
16,200,baps,13.0,1025.2508592592594,0.045301234567901236,0.7784691358024691,105.7630201844007,220.0,22.944,45.5,0.5543656430991148,0.6382328424562378,0,0.44953899825566906,1.0
17,200,baps,14.316,1028.5782041666669,0.049203125,0.8309583333333332,91.99095878889824,219.0,28.552,58.412,0.555274024024024,0.6438690766976063,0,0.3904541631623213,1.0
18,200,baps,13.5,1025.64298989899,0.04647186147186146,0.7826666666666667,97.56082725060827,220.0,28.352,57.168,0.5565515423147904,0.6472203157172272,0,0.41321978913219787,1.0
19,200,baps,13.5,1026.6652363636365,0.0483160552897395,0.8007272727272727,97.21905521227825,219.0,28.728,58.0,0.5589110644257703,0.6470716783216783,0,0.41080326888578833,1.0
20,200,baps,12.316,1026.6040080808084,0.05265223665223665,0.8005656565656566,99.26028225806452,218.0,28.876,57.316,0.5532815198618307,0.6395927601809954,0,0.42358870967741935,1.0
21,200,baps,12.0,1028.6627515151515,0.05786980920314254,0.8326060606060605,96.3914447134786,218.0,28.572,58.0,0.5589436191469029,0.6511472488304745,0,0.40940274414850686,1.0
22,200,baps,12.0,1026.2362416666667,0.05425665266106442,0.798375,99.58581380620646,216.0,28.724,55.684,0.5516676721537533,0.6363429611098477,0,0.4279079586236014,1.0
23,200,baps,13.0,1028.0205250000001,0.05043358395989975,0.8191666666666666,101.87025119368901,219.0,26.536,55.088,0.5541615953562401,0.6421725239616614,0,0.42661407515050864,1.0
24,200,baps,12.192,1026.1790828282828,0.05044765111431778,0.791959595959596,102.23095477386934,218.0,27.98,56.192,0.5575221238938053,0.6439222774514234,0,0.4349748743718593,1.0
25,200,baps,13.02,1025.0414204081635,0.04774829931972789,0.774,96.81443727896817,217.0,28.688,56.52,0.5576146144387845,0.65032080659945,0,0.41626794258373206,1.0
26,200,baps,14.864,1024.4549252525253,0.040985409652076324,0.7647272727272727,102.68427543679343,219.0,28.656,56.432,0.5535154087470013,0.6393560788082653,0,0.4365878725590956,1.0
27,200,baps,13.0,1027.0524242424244,0.0502832839674945,0.8021010101010102,98.93460214618344,219.0,28.092,58.0,0.5561695959412937,0.6389511429852084,0,0.42781939663899576,1.0
28,200,baps,12.728,1025.2204121212123,0.05006004489337823,0.7774141414141414,99.59894351889476,218.0,29.324,57.644,0.5540187891440501,0.6378774422735346,0,0.42746850873628606,1.0
29,200,baps,13.7,1027.0400242424244,0.049016835016835014,0.8066666666666668,95.96232117670763,217.0,29.092,58.476,0.5556268328445748,0.6399262332872291,0,0.4088253072738263,1.0
30,200,baps,12.0,1027.4443,0.05399862700228833,0.8156086956521739,102.57084321759758,219.0,25.964,52.0,0.5570233377366799,0.6473265073947668,0,0.43023506577528575,1.0
31,200,baps,11.0,1025.8843272727274,0.05711562685680333,0.7890505050505051,99.15345835854002,217.0,28.384,56.5,0.5539194456474664,0.6397306397306397,0,0.4240774349667272,1.0
32,200,baps,14.0,1025.940383838384,0.04491717171717171,0.7882828282828283,99.87893365403889,220.0,28.576,57.308,0.5568328043235824,0.6442412366644894,0,0.42032471437161756,1.0
33,200,baps,13.652,1028.7525656565656,0.05071838265697915,0.8355959595959596,96.50657084188911,219.0,29.08,59.152,0.5547159504734159,0.6408813877168308,0,0.4051334702258727,1.0
34,200,baps,13.0,1027.0251595959596,0.0500594837261504,0.80379797979798,98.5437125748503,218.0,27.924,57.0,0.5564245810055866,0.6422535211267606,0,0.4173652694610778,1.0
35,200,baps,16.5,1023.8478262626264,0.03660157126823794,0.750020202020202,100.10610347615199,224.0,28.748,58.0,0.5559229721843999,0.6449092741935484,0,0.4118835893290218,1.0
36,200,baps,14.5,1024.4646791666669,0.04303621031746031,0.770375,100.37469831053902,221.0,29.088,55.772,0.5573877020550727,0.643045150840251,0,0.41773934030571197,1.0
37,200,baps,14.42,1028.701035789474,0.046252631578947365,0.8271578947368421,102.57271395689475,221.0,25.58,54.58,0.5584732824427481,0.6463694267515924,0,0.42958777987026575,1.0
38,200,baps,11.5,1025.5188646464649,0.052465834818775994,0.7825858585858586,103.57286230429547,217.0,28.024,55.5,0.5551420838971584,0.6394354148845167,0,0.4472099558410277,1.0
39,200,baps,13.0,1026.2632646464647,0.049579403053087265,0.7945454545454546,97.12684008872756,218.0,28.984,58.072,0.5560811425452561,0.6448202959830867,0,0.41157491429723736,1.0
40,200,baps,11.5,1027.2551757575757,0.055749494949494945,0.8082020202020203,100.33676144383948,218.0,27.488,56.0,0.5557174071376547,0.6434599156118144,0,0.42609397055858034,1.0
41,200,baps,13.0,1025.4431393939394,0.048051948051948054,0.7838787878787878,101.34721657862657,219.0,28.896,56.5,0.5540669029302446,0.6411645226811103,0,0.4278748476229175,1.0
42,200,baps,11.688,1026.0236282828282,0.05378083354553943,0.7911919191919192,103.4886007111483,217.0,28.548,56.188,0.5535144458818456,0.6408626560726447,0,0.445095168374817,1.0
43,200,baps,13.0,1026.2578947368422,0.0508659649122807,0.7982315789473685,96.14207650273224,220.0,28.668,55.5,0.5556278464541314,0.6454081632653061,0,0.4098360655737705,1.0
44,200,baps,12.5,1024.7951393939395,0.04825305688463583,0.7702626262626263,101.68829593693147,219.0,28.744,56.5,0.5543936582897622,0.6389487289961223,0,0.43117040630685266,1.0
45,200,baps,12.0,1027.9885494949497,0.055941261353026066,0.8231515151515152,98.36833699341186,217.0,28.508,57.5,0.5560759823054905,0.6445985238201745,0,0.42004392094230386,1.0
46,200,baps,13.0,1026.522191836735,0.0492487340800982,0.7996326530612246,100.19974662162163,219.0,28.636,57.0,0.5558634250983197,0.6449443413729128,0,0.42377533783783783,1.0
47,200,baps,13.5,1025.0068686868688,0.04764540138224349,0.7729292929292929,97.20691048696706,219.0,29.98,58.5,0.5546930693069307,0.6416410256410257,0,0.41139624166498284,1.0
48,200,baps,11.64,1024.1992204081635,0.051556916099773246,0.7604897959183675,102.27875365955667,218.0,27.972,55.32,0.5538104586828485,0.6404285048905449,0,0.44040150564617314,1.0
49,200,baps,13.0,1025.3534464646466,0.050267115600448935,0.782989898989899,95.03777458427427,217.0,30.484,58.5,0.5543319838056681,0.6443010752688172,0,0.40422911106548964,1.0
0,200,oracle,10.236,1023.1983020408165,0.06408682451335512,0.656,8.477019639603158,12.0,0.0,34.688,1.0,1.0,0,0.0,1.0
1,200,oracle,10.728,1027.4454545454548,0.0672339496642527,0.7202020202020202,9.318341242005364,13.0,0.0,37.704,1.0,1.0,0,0.0,1.0
2,200,oracle,10.968,1025.3289858585858,0.06277011159435401,0.6885656565656566,8.867581752119499,12.0,0.0,37.328,1.0,1.0,0,0.0,1.0
3,200,oracle,10.092,1023.0612775510203,0.06471008334069557,0.6542448979591836,7.523770491803279,11.0,0.0,35.436,1.0,1.0,0,0.0,1.0
4,200,oracle,9.896,1024.1806060606061,0.06771540233055384,0.6707070707070707,8.399274047186934,12.0,0.0,35.28,1.0,1.0,0,0.0,1.0
5,200,oracle,10.716,1023.8171500000001,0.06189531695156695,0.66575,8.208298230834036,12.0,0.0,35.376,1.0,1.0,0,0.0,1.0
6,200,oracle,10.392,1024.683191919192,0.06526306353579082,0.6785858585858586,8.43245947568541,12.0,0.0,36.344,1.0,1.0,0,0.0,1.0
7,200,oracle,9.384,1021.562286868687,0.06731949655282987,0.6314343434343435,7.336641685233948,10.0,0.0,34.456,1.0,1.0,0,0.0,1.0
8,200,oracle,11.072,1021.1586787878789,0.0565581869309142,0.6256161616161616,8.291632818846466,12.0,0.0,34.956,1.0,1.0,0,0.0,1.0
9,200,oracle,10.068,1021.7552121212123,0.06307157074126771,0.6341414141414141,8.430441898527006,12.0,0.0,34.02,1.0,1.0,0,0.0,1.0
10,200,oracle,10.448,1025.4632202020205,0.0663350527138406,0.6899393939393939,8.884225466342254,13.0,0.0,35.668,1.0,1.0,0,0.0,1.0
11,200,oracle,11.392,1023.171103030303,0.05751341066341067,0.6559191919191919,8.996548924076329,12.0,0.0,35.904,1.0,1.0,0,0.0,1.0
12,200,oracle,9.924,1024.0080404040405,0.06728252376131164,0.6684848484848485,7.686778176025488,11.0,0.0,36.2,1.0,1.0,0,0.0,1.0
13,200,oracle,10.572,1023.6659555555556,0.0625973166003469,0.6633131313131313,8.314390095392733,12.0,0.0,35.984,1.0,1.0,0,0.0,1.0
14,200,oracle,9.968,1022.7329131313134,0.0650156380095774,0.6492121212121212,7.6824512534818945,11.0,0.0,35.408,1.0,1.0,0,0.0,1.0
15,200,oracle,9.956,1024.1634505050506,0.06740672032793245,0.6709898989898989,7.850681414181316,11.0,0.0,36.712,1.0,1.0,0,0.0,1.0
16,200,oracle,9.896,1023.2671802469138,0.06624429452577602,0.6571358024691358,7.943184649887865,11.0,0.0,28.912,1.0,1.0,0,0.0,1.0
17,200,oracle,11.2,1024.773725,0.06064602133977134,0.6802916666666667,8.387931034482758,12.0,0.0,36.168,1.0,1.0,0,0.0,1.0
18,200,oracle,11.08,1023.1235191919194,0.059173239442936405,0.6552727272727272,8.219789132197892,12.0,0.0,36.068,1.0,1.0,0,0.0,1.0
19,200,oracle,10.832,1023.4531393939394,0.06093264154476276,0.6602424242424243,8.248355590990633,12.0,0.0,36.24,1.0,1.0,0,0.0,1.0
20,200,oracle,9.936,1024.4318303030304,0.06783341350008015,0.6747070707070708,8.009274193548388,11.0,0.0,35.976,1.0,1.0,0,0.0,1.0
21,200,oracle,10.144,1025.626282828283,0.06831206156357672,0.6925252525252524,8.9818401937046,12.0,0.0,36.092,1.0,1.0,0,0.0,1.0
22,200,oracle,10.048,1022.6557791666668,0.06432355850168349,0.64775,8.123073675321933,11.0,0.0,33.524,1.0,1.0,0,0.0,1.0
23,200,oracle,11.2,1026.6890291666666,0.06300650171587671,0.7087916666666667,9.69483080755657,12.0,0.0,36.164,1.0,1.0,0,0.0,1.0
24,200,oracle,9.92,1023.8898464646466,0.06708382347170226,0.6665050505050506,8.062713567839197,11.0,0.0,35.612,1.0,1.0,0,0.0,1.0
25,200,oracle,10.384,1021.9950163265308,0.061316377273520135,0.6380408163265306,7.950696900353651,11.0,0.0,34.548,1.0,1.0,0,0.0,1.0
26,200,oracle,11.88,1022.4148121212122,0.05412599936539331,0.6445656565656566,8.859609455292908,13.0,0.0,35.64,1.0,1.0,0,0.0,1.0
27,200,oracle,10.172,1025.9283676767677,0.06852428861822801,0.6976969696969697,7.862725248025916,11.0,0.0,37.892,1.0,1.0,0,0.0,1.0
28,200,oracle,10.2,1021.9304767676769,0.06237265271204665,0.6371313131313132,7.8449817147501015,11.0,0.0,35.036,1.0,1.0,0,0.0,1.0
29,200,oracle,10.936,1024.6286141414143,0.061859901490204525,0.6780202020202021,8.306467862180133,12.0,0.0,37.0,1.0,1.0,0,0.0,1.0
30,200,oracle,8.988,1024.1285347826088,0.07430440115440115,0.6697391304347826,8.136726331679965,10.0,0.0,32.308,1.0,1.0,0,0.0,1.0
31,200,oracle,9.632,1023.1563878787879,0.0680386578629003,0.6554747474747475,7.952006452913894,11.0,0.0,35.304,1.0,1.0,0,0.0,1.0
32,200,oracle,10.9,1023.568488888889,0.06053134934650086,0.6619393939393938,8.22449388655041,12.0,0.0,36.188,1.0,1.0,0,0.0,1.0
33,200,oracle,11.144,1026.083975757576,0.06266526301980847,0.6998787878787879,8.955852156057494,12.0,0.0,37.536,1.0,1.0,0,0.0,1.0
34,200,oracle,10.556,1024.846593939394,0.0644568540326116,0.6810505050505051,8.768463073852296,12.0,0.0,36.432,1.0,1.0,0,0.0,1.0
35,200,oracle,12.656,1021.6599030303032,0.05025470731157006,0.6336565656565656,8.927041228779304,14.0,0.0,36.504,1.0,1.0,0,0.0,1.0
36,200,oracle,10.596,1020.1191708333336,0.0575107788045288,0.6097083333333333,8.344127111826227,12.0,0.0,32.764,1.0,1.0,0,0.0,1.0
37,200,oracle,11.296,1027.6187200000002,0.06386740020213705,0.7228631578947369,9.57187696170747,13.0,0.0,36.392,1.0,1.0,0,0.0,1.0
38,200,oracle,9.712,1023.3424686868688,0.06771835089713878,0.6581010101010102,8.290244881573665,11.0,0.0,34.924,1.0,1.0,0,0.0,1.0
39,200,oracle,10.192,1022.8628888888888,0.06381241575484,0.6513131313131313,7.715466827989514,11.0,0.0,35.852,1.0,1.0,0,0.0,1.0
40,200,oracle,9.924,1025.4381535353536,0.06957945713097229,0.6896565656565656,8.71607178866707,11.0,0.0,35.908,1.0,1.0,0,0.0,1.0
41,200,oracle,9.944,1021.7178949494951,0.06364739413224263,0.6336161616161616,8.01950426655831,11.0,0.0,34.1,1.0,1.0,0,0.0,1.0
42,200,oracle,9.824,1024.3380727272727,0.0684553176341055,0.673090909090909,8.326709893327756,11.0,0.0,35.388,1.0,1.0,0,0.0,1.0
43,200,oracle,9.36,1022.68784,0.06934735615261932,0.6482526315789473,7.720050441361916,11.0,0.0,33.24,1.0,1.0,0,0.0,1.0
44,200,oracle,9.992,1022.1050787878789,0.06391464046615561,0.6396363636363637,7.975945017182131,11.0,0.0,34.788,1.0,1.0,0,0.0,1.0
45,200,oracle,9.896,1025.5213656565656,0.06975715776927899,0.6910707070707071,8.225993212218007,11.0,0.0,36.376,1.0,1.0,0,0.0,1.0
46,200,oracle,10.432,1022.4375224489797,0.06168039715386654,0.6446530612244898,8.333826013513514,12.0,0.0,34.62,1.0,1.0,0,0.0,1.0
47,200,oracle,10.316,1022.133987878788,0.06201822498489165,0.6402424242424243,7.8553243079409985,11.0,0.0,35.256,1.0,1.0,0,0.0,1.0
48,200,oracle,10.016,1020.8468530612246,0.06208385967773723,0.6206938775510205,7.979924717691342,11.0,0.0,33.86,1.0,1.0,0,0.0,1.0
49,200,oracle,10.352,1021.251672727273,0.060451470975713406,0.6267474747474747,7.890576883596798,11.0,0.0,34.284,1.0,1.0,0,0.0,1.0
0,400,rand_st,19.0,2029.3516163265308,0.06647905477980666,1.2631020408163263,427.6775823731555,812.0,63.216,98.0,0.0,1.0,0,0.0,1.0
1,400,rand_st,15.0,2032.1486626262626,0.0865131313131313,1.2976969696969698,507.9136438582028,1204.0,61.528,99.0,0.0,1.0,0,0.0,1.0
2,400,rand_st,17.0,2030.103474747475,0.07442899584076056,1.2652929292929294,389.5528700906344,816.0,61.736,99.0,0.0,1.0,0,0.0,1.0
3,400,rand_st,16.0,2028.5939795918368,0.07806377551020409,1.2490204081632654,392.07739432305493,812.0,62.596,98.0,0.0,1.0,0,0.0,1.0
4,400,rand_st,16.0,2029.7521535353537,0.07909595959595958,1.2655353535353533,594.0494051220004,1211.0,63.712,99.0,0.0,1.0,0,0.0,1.0
5,400,rand_st,17.0,2028.6678083333334,0.07315196078431371,1.2435833333333333,446.64005043076276,811.0,60.616,96.0,0.0,1.0,0,0.0,1.0
6,400,rand_st,19.0,2030.7402787878789,0.06766400850611377,1.2856161616161617,422.21644328865773,818.0,62.724,99.0,0.0,1.0,0,0.0,1.0
7,400,rand_st,15.0,2026.8558787878792,0.08119057239057238,1.217858585858586,320.64569805194805,813.0,64.432,99.0,0.0,1.0,0,0.0,1.0
8,400,rand_st,21.0,2026.564044444445,0.057579605579605585,1.2091717171717173,204.64572813573017,421.0,63.292,99.0,0.0,1.0,0,0.0,1.0
9,400,rand_st,18.0,2027.0308000000002,0.06789898989898989,1.2221818181818183,300.5885363357216,810.0,65.004,99.0,0.0,1.0,0,0.0,1.0
10,400,rand_st,17.0,2031.1055434343436,0.07576470588235293,1.288,384.667888413765,812.0,63.488,99.0,0.0,1.0,0,0.0,1.0
11,400,rand_st,19.0,2029.127991919192,0.06634343434343436,1.2605252525252526,418.3026422764228,1202.0,63.208,99.0,0.0,1.0,0,0.0,1.0
12,400,rand_st,18.0,2028.98037979798,0.06954882154882155,1.251878787878788,385.20658025922233,1202.0,63.064,99.0,0.0,1.0,0,0.0,1.0
13,400,rand_st,15.0,2028.7844606060607,0.0829845117845118,1.2447676767676767,517.2548262548263,1208.0,62.768,99.0,0.0,1.0,0,0.0,1.0
14,400,rand_st,17.0,2028.542666666667,0.07370172311348781,1.2529292929292928,310.7053535757091,803.0,63.96,99.0,0.0,1.0,0,0.0,1.0
15,400,rand_st,15.0,2029.117494949495,0.08335084175084176,1.2502626262626264,358.06022187004754,814.0,62.224,99.0,0.0,1.0,0,0.0,1.0
16,400,rand_st,16.0,2030.2473777777782,0.08024691358024691,1.2839506172839505,415.82647718773376,813.0,52.0,81.0,0.0,1.0,0,0.0,1.0
17,400,rand_st,20.0,2029.7394875000002,0.06308541666666667,1.2617083333333334,404.34450063211125,1203.0,59.876,96.0,0.0,1.0,0,0.0,1.0
18,400,rand_st,14.0,2028.4691151515156,0.08883694083694084,1.2437171717171718,399.97179383116884,813.0,62.872,99.0,0.0,1.0,0,0.0,1.0
19,400,rand_st,16.0,2029.8837333333336,0.07936363636363636,1.2698181818181817,431.04216388225933,808.0,62.288,99.0,0.0,1.0,0,0.0,1.0
20,400,rand_st,16.0,2030.2970141414146,0.07967424242424243,1.2747878787878788,344.94401778496365,812.0,62.796,99.0,0.0,1.0,0,0.0,1.0
21,400,rand_st,15.0,2031.4634222222223,0.08626262626262628,1.293939393939394,592.4305611626968,1207.0,62.9,99.0,0.0,1.0,0,0.0,1.0
22,400,rand_st,15.0,2029.0542875,0.08424166666666667,1.263625,369.028583527419,810.0,62.692,96.0,0.0,1.0,0,0.0,1.0
23,400,rand_st,14.0,2032.9068041666667,0.09401488095238096,1.3162083333333334,346.55666458723226,809.0,59.644,96.0,0.0,1.0,0,0.0,1.0
24,400,rand_st,15.0,2030.2415393939395,0.08561616161616162,1.2842424242424242,407.06131504638967,1201.0,63.86,99.0,0.0,1.0,0,0.0,1.0
25,400,rand_st,14.0,2027.852236734694,0.08853644314868805,1.2395102040816328,330.0045776113192,807.0,63.528,98.0,0.0,1.0,0,0.0,1.0
26,400,rand_st,18.0,2028.6055111111114,0.06980471380471381,1.2564848484848485,372.27461459403906,811.0,63.608,99.0,0.0,1.0,0,0.0,1.0
27,400,rand_st,16.0,2029.5379474747474,0.07838888888888888,1.2542222222222221,372.5251623376623,806.0,61.832,99.0,0.0,1.0,0,0.0,1.0
28,400,rand_st,16.0,2027.265062626263,0.07653787878787878,1.2246060606060605,331.11650485436894,816.0,63.764,99.0,0.0,1.0,0,0.0,1.0
29,400,rand_st,14.0,2029.8898585858587,0.09102453102453104,1.2743434343434343,430.28024193548384,806.0,62.84,99.0,0.0,1.0,0,0.0,1.0
30,400,rand_st,19.0,2031.7799739130437,0.06924942791762012,1.3157391304347825,335.2400776531493,815.0,59.952,92.0,0.0,1.0,0,0.0,1.0
31,400,rand_st,16.0,2029.8335191919193,0.07941919191919193,1.270707070707071,398.9156602254428,1204.0,63.2,99.0,0.0,1.0,0,0.0,1.0
32,400,rand_st,19.0,2029.7875878787881,0.0667304625199362,1.267878787878788,277.9414946904428,810.0,62.48,99.0,0.0,1.0,0,0.0,1.0
33,400,rand_st,14.0,2032.5250060606063,0.0936998556998557,1.3117979797979797,605.94905505341,1204.0,61.132,99.0,0.0,1.0,0,0.0,1.0
34,400,rand_st,15.0,2030.9681454545457,0.08585589225589225,1.2878383838383838,391.4066439863918,807.0,62.504,99.0,0.0,1.0,0,0.0,1.0
35,400,rand_st,22.0,2024.5605616161617,0.053261707988980715,1.171757575757576,197.434905280129,805.0,62.996,99.0,0.0,1.0,0,0.0,1.0
36,400,rand_st,17.0,2026.4641166666668,0.07167647058823529,1.2185,333.91641490433034,1209.0,63.024,96.0,0.0,1.0,0,0.0,1.0
37,400,rand_st,15.0,2032.428665263158,0.08700070175438596,1.3050105263157894,602.7218972001672,1202.0,59.024,95.0,0.0,1.0,0,0.0,1.0
38,400,rand_st,16.0,2029.742,0.07981565656565655,1.2770505050505048,439.90969162995594,805.0,64.572,99.0,0.0,1.0,0,0.0,1.0
39,400,rand_st,15.0,2029.0301131313133,0.08366599326599326,1.2549898989898989,391.1295587346363,812.0,62.756,99.0,0.0,1.0,0,0.0,1.0
40,400,rand_st,16.0,2032.1187474747478,0.08162626262626263,1.306020202020202,554.1497779572063,1205.0,62.704,99.0,0.0,1.0,0,0.0,1.0
41,400,rand_st,15.0,2028.3646222222224,0.08356094276094277,1.2534141414141413,323.02224943866094,808.0,64.912,99.0,0.0,1.0,0,0.0,1.0
42,400,rand_st,15.0,2029.8409535353537,0.08475690235690236,1.2713535353535352,579.0579861837973,1203.0,64.136,99.0,0.0,1.0,0,0.0,1.0
43,400,rand_st,18.0,2028.7820421052631,0.06972865497076024,1.2551157894736844,513.0801936434435,1205.0,61.764,95.0,0.0,1.0,0,0.0,1.0
44,400,rand_st,16.0,2027.8480686868688,0.07749242424242425,1.239878787878788,316.9477506556385,807.0,64.252,99.0,0.0,1.0,0,0.0,1.0
45,400,rand_st,15.0,2031.864084848485,0.08702222222222222,1.3053333333333332,471.4895439155547,809.0,62.772,99.0,0.0,1.0,0,0.0,1.0
46,400,rand_st,16.0,2029.7683836734695,0.07972448979591837,1.275591836734694,324.0545722713864,802.0,62.992,98.0,0.0,1.0,0,0.0,1.0
47,400,rand_st,17.0,2025.8990343434346,0.07021984551396317,1.1937373737373738,399.063249949156,808.0,63.82,99.0,0.0,1.0,0,0.0,1.0
48,400,rand_st,18.0,2026.6559591836735,0.06761451247165533,1.2170612244897958,326.07456140350877,804.0,63.728,98.0,0.0,1.0,0,0.0,1.0
49,400,rand_st,16.0,2026.4808444444445,0.07591161616161617,1.2145858585858587,412.21200904791283,811.0,64.756,99.0,0.0,1.0,0,0.0,1.0
0,400,rand_dt,19.54,2027.8564204081638,0.06377749661723882,1.2449387755102042,436.4652889245586,1202.0,64.996,98.0,0.0,1.0,0,0.0,1.0
1,400,rand_dt,14.676,2030.2490545454548,0.08712916255857434,1.2755151515151515,632.3143389970991,1215.0,63.724,99.0,0.0,1.0,0,0.0,1.0
2,400,rand_dt,17.212,2028.4568161616162,0.07257124029126094,1.2452525252525253,496.07246085909276,1603.0,63.72,99.0,0.0,1.0,0,0.0,1.0
3,400,rand_dt,15.108,2026.8310326530614,0.08136890327559596,1.2264897959183674,415.1992589543022,816.0,64.804,98.0,0.0,1.0,0,0.0,1.0
4,400,rand_dt,16.724,2027.777175757576,0.07443901432626923,1.242868686868687,503.8586889932612,1211.0,65.956,99.0,0.0,1.0,0,0.0,1.0
5,400,rand_dt,16.812,2026.6514000000002,0.07264647922399955,1.2189166666666664,404.65061983471077,1202.0,62.984,96.0,0.0,1.0,0,0.0,1.0
6,400,rand_dt,19.08,2029.2843313131314,0.06645709728867624,1.26779797979798,518.9412236710131,1208.0,64.488,99.0,0.0,1.0,0,0.0,1.0
7,400,rand_dt,16.084,2025.3480282828286,0.07473075856605269,1.1995555555555557,388.278290529695,1206.0,66.244,99.0,0.0,1.0,0,0.0,1.0
8,400,rand_dt,20.212,2024.6743313131315,0.05876769802095369,1.1857373737373738,325.9830849778494,818.0,65.612,99.0,0.0,1.0,0,0.0,1.0
9,400,rand_dt,19.272,2025.9929737373739,0.0629010298933744,1.2099797979797982,380.3571572377693,817.0,66.212,99.0,0.0,1.0,0,0.0,1.0
10,400,rand_dt,17.364,2029.5423191919194,0.07319973731119242,1.2698989898989899,587.5921186268536,1211.0,65.28,99.0,0.0,1.0,0,0.0,1.0
11,400,rand_dt,18.78,2027.43776969697,0.06613425621887954,1.2391919191919192,404.9469604243166,1202.0,65.32,99.0,0.0,1.0,0,0.0,1.0
12,400,rand_dt,16.564,2027.266771717172,0.0745037467902277,1.231030303030303,435.17934891152385,1209.0,65.128,99.0,0.0,1.0,0,0.0,1.0
13,400,rand_dt,15.976,2026.8036121212126,0.07652836865385884,1.220121212121212,534.7192946899067,1211.0,65.208,99.0,0.0,1.0,0,0.0,1.0
14,400,rand_dt,15.868,2027.3773454545458,0.07815559516735987,1.2384242424242422,408.61848906560635,815.0,65.396,99.0,0.0,1.0,0,0.0,1.0
15,400,rand_dt,14.244,2027.9844404040402,0.08703375698375697,1.2357575757575758,404.03543307086613,815.0,63.66,99.0,0.0,1.0,0,0.0,1.0
16,400,rand_dt,16.504,2029.0533827160498,0.07696979513052785,1.2688395061728395,486.9308721506442,1207.0,53.224,81.0,0.0,1.0,0,0.0,1.0
17,400,rand_dt,18.468,2027.5570500000003,0.06693958333333333,1.2350833333333333,405.99679965863027,1203.0,62.432,96.0,0.0,1.0,0,0.0,1.0
18,400,rand_dt,14.512,2026.451288888889,0.08409723870900342,1.218181818181818,441.36301652892564,1202.0,65.4,99.0,0.0,1.0,0,0.0,1.0
19,400,rand_dt,15.62,2027.5697939393942,0.07967021428099857,1.2412929292929293,420.540562411491,1201.0,65.112,99.0,0.0,1.0,0,0.0,1.0
20,400,rand_dt,16.256,2028.7189212121214,0.07727954380405362,1.2554747474747476,528.8897653721683,1209.0,64.708,99.0,0.0,1.0,0,0.0,1.0
21,400,rand_dt,15.068,2029.858290909091,0.08461717171717172,1.2747070707070707,670.9279789601457,1602.0,64.804,99.0,0.0,1.0,0,0.0,1.0
22,400,rand_dt,14.884,2028.4277875,0.08457466882586369,1.255625,458.00062266500623,1202.0,63.46,96.0,0.0,1.0,0,0.0,1.0
23,400,rand_dt,14.272,2030.9655083333332,0.09079076999389499,1.2925,606.5568700705687,1210.1499999999996,61.92,96.0,0.0,1.0,0,0.0,1.0
24,400,rand_dt,15.804,2028.9109696969701,0.08037018099814798,1.2677575757575759,445.9981755524022,1205.0,65.492,99.0,0.0,1.0,0,0.0,1.0
25,400,rand_dt,15.264,2026.473093877551,0.08032447924224635,1.2222857142857142,392.65252651278854,815.0,65.216,98.0,0.0,1.0,0,0.0,1.0
26,400,rand_dt,17.556,2027.3688484848485,0.07073296223327184,1.2402424242424241,375.7316070694616,815.0,65.216,99.0,0.0,1.0,0,0.0,1.0
27,400,rand_dt,16.16,2027.8951393939396,0.07638609955766819,1.2338181818181817,480.8430103176209,1208.0,63.852,99.0,0.0,1.0,0,0.0,1.0
28,400,rand_dt,15.052,2026.1635959595963,0.08058685029567382,1.209939393939394,407.0156031206241,1201.0,65.216,99.0,0.0,1.0,0,0.0,1.0
29,400,rand_dt,14.548,2028.94018989899,0.08688466903466903,1.261131313131313,399.82935632644876,813.0,64.148,99.0,0.0,1.0,0,0.0,1.0
30,400,rand_dt,19.076,2030.0932130434783,0.0679525171624714,1.2960434782608694,462.5366228070175,1207.0,61.764,92.0,0.0,1.0,0,0.0,1.0
31,400,rand_dt,14.668,2028.0085414141415,0.08526616161616161,1.2484848484848485,456.2216588927195,1207.0,65.4,99.0,0.0,1.0,0,0.0,1.0
32,400,rand_dt,18.728,2027.509886868687,0.06626503632819421,1.2397171717171716,417.42478056746273,817.0,65.268,99.0,0.0,1.0,0,0.0,1.0
33,400,rand_dt,14.492,2030.5545535353535,0.08894831225419461,1.2869494949494948,582.7635808748728,1206.0,63.592,99.0,0.0,1.0,0,0.0,1.0
34,400,rand_dt,14.932,2029.2101171717172,0.08501944185081439,1.2664242424242425,487.46001615508885,1204.0,64.624,99.0,0.0,1.0,0,0.0,1.0
35,400,rand_dt,21.076,2023.1837131313132,0.054823660350621035,1.1533333333333335,278.15367617517074,817.0,64.82,99.0,0.0,1.0,0,0.0,1.0
36,400,rand_dt,16.38,2024.7222291666667,0.07316552627995643,1.197375,426.36279926335175,1203.0,65.052,96.0,0.0,1.0,0,0.0,1.0
37,400,rand_dt,17.112,2030.9547747368422,0.07543332753969546,1.2877894736842104,512.6337586279021,1210.0,60.66,95.0,0.0,1.0,0,0.0,1.0
38,400,rand_dt,15.892,2028.9186303030303,0.07988480557206047,1.266787878787879,436.641046277666,1204.0,65.588,99.0,0.0,1.0,0,0.0,1.0
39,400,rand_dt,15.28,2026.9866464646466,0.08067611832611833,1.2301010101010101,375.6031160311603,815.0,65.22,99.0,0.0,1.0,0,0.0,1.0
40,400,rand_dt,16.02,2030.9286626262626,0.08080276361829511,1.2915555555555553,593.522853736089,1208.0,64.136,99.0,0.0,1.0,0,0.0,1.0
41,400,rand_dt,15.624,2027.1655959595962,0.07937419621047072,1.2381010101010101,451.6978549540347,1202.0,66.428,99.0,0.0,1.0,0,0.0,1.0
42,400,rand_dt,15.816,2028.8700363636367,0.07982513180356318,1.2597171717171716,498.7519507186858,1207.0,65.288,99.0,0.0,1.0,0,0.0,1.0
43,400,rand_dt,17.708,2027.7271536842106,0.07019922510093604,1.241221052631579,548.0031559015358,1209.0,63.084,95.0,0.0,1.0,0,0.0,1.0
44,400,rand_dt,16.764,2026.458290909091,0.073082261382313,1.2221010101010101,389.9440260533279,815.0,66.012,99.0,0.0,1.0,0,0.0,1.0
45,400,rand_dt,15.184,2029.9128121212125,0.08450589225589226,1.282141414141414,502.87364768320066,1208.0,65.068,99.0,0.0,1.0,0,0.0,1.0
46,400,rand_dt,16.096,2027.8149387755104,0.07798750457576514,1.2519183673469387,435.8057082452431,1205.0,65.312,98.0,0.0,1.0,0,0.0,1.0
47,400,rand_dt,17.28,2024.0792040404042,0.06789137070741819,1.1711111111111112,437.2731295253419,1205.0,66.06,99.0,0.0,1.0,0,0.0,1.0
48,400,rand_dt,16.452,2025.6218530612248,0.07337540269240528,1.203673469387755,358.73971761817063,815.0,65.04,98.0,0.0,1.0,0,0.0,1.0
49,400,rand_dt,16.384,2024.9832484848484,0.07310270298443673,1.1952323232323234,390.7400208986416,816.0,66.672,99.0,0.0,1.0,0,0.0,1.0
0,400,static,19.0,2029.2615673469388,0.06642749731471537,1.262122448979592,15.072281838428832,19.0,63.312,98.0,0.0,1.0,0,0.0,1.0
1,400,static,18.0,2032.3785050505053,0.07222446689113356,1.300040404040404,16.36063544460491,18.0,61.296,99.0,0.0,1.0,0,0.0,1.0
2,400,static,20.0,2030.1560565656569,0.0632969696969697,1.265939393939394,17.008074283407346,20.0,61.672,99.0,0.0,1.0,0,0.0,1.0
3,400,static,18.0,2028.6506653061228,0.06940816326530613,1.24934693877551,14.55922131147541,18.0,62.564,98.0,0.0,1.0,0,0.0,1.0
4,400,static,19.0,2029.7547474747475,0.06660287081339714,1.2654545454545454,16.00161322847348,19.0,63.72,99.0,0.0,1.0,0,0.0,1.0
5,400,static,19.0,2028.6604000000002,0.06544736842105263,1.2435,14.351305812973884,19.0,60.624,96.0,0.0,1.0,0,0.0,1.0
6,400,static,21.0,2030.8150303030304,0.06125252525252525,1.2863030303030305,17.35621372823694,21.0,62.656,99.0,0.0,1.0,0,0.0,1.0
7,400,static,18.0,2026.729882828283,0.06759595959595958,1.2167272727272724,15.331375329147255,18.0,64.544,99.0,0.0,1.0,0,0.0,1.0
8,400,static,22.0,2025.9249414141418,0.05461707988980716,1.2015757575757575,18.1963850528026,22.0,64.044,99.0,0.0,1.0,0,0.0,1.0
9,400,static,21.0,2027.051373737374,0.05821067821067821,1.2224242424242424,17.87131751227496,21.0,64.98,99.0,0.0,1.0,0,0.0,1.0
10,400,static,22.0,2031.2475838383841,0.05861707988980717,1.2895757575757576,17.199310624493105,22.0,63.332,99.0,0.0,1.0,0,0.0,1.0
11,400,static,22.0,2029.2178101010104,0.05734802571166207,1.2616565656565657,17.83272431993504,22.0,63.096,99.0,0.0,1.0,0,0.0,1.0
12,400,static,19.0,2029.2086464646468,0.0660287081339713,1.2545454545454544,16.170450019912387,19.0,62.8,99.0,0.0,1.0,0,0.0,1.0
13,400,static,18.0,2028.560783838384,0.06901459034792368,1.2422626262626264,14.576212705500305,18.0,63.016,99.0,0.0,1.0,0,0.0,1.0
14,400,static,18.0,2028.85258989899,0.06981369248035915,1.2566464646464646,15.27616394747314,18.0,63.592,99.0,0.0,1.0,0,0.0,1.0
15,400,static,18.0,2029.04437979798,0.06942312008978675,1.2496161616161616,15.58107841200869,18.0,62.288,99.0,0.0,1.0,0,0.0,1.0
16,400,static,20.0,2030.1735012345682,0.0641432098765432,1.2828641975308641,16.585846000498382,20.0,52.088,81.0,0.0,1.0,0,0.0,1.0
17,400,static,20.0,2029.7943500000001,0.06310833333333334,1.2621666666666667,14.77291841883936,20.0,59.832,96.0,0.0,1.0,0,0.0,1.0
18,400,static,20.0,2028.40056969697,0.062155555555555554,1.243111111111111,15.855231143552311,20.0,62.932,99.0,0.0,1.0,0,0.0,1.0
19,400,static,19.0,2029.459886868687,0.06658160552897395,1.265050505050505,16.0,19.0,62.76,99.0,0.0,1.0,0,0.0,1.0
20,400,static,18.0,2030.136274747475,0.0706936026936027,1.2724848484848486,15.435685483870968,18.0,63.024,99.0,0.0,1.0,0,0.0,1.0
21,400,static,18.0,2031.4836161616163,0.07188103254769922,1.2938585858585858,15.315980629539952,18.0,62.908,99.0,0.0,1.0,0,0.0,1.0
22,400,static,17.0,2029.2351541666667,0.07446323529411764,1.265875,14.83006122018155,17.0,62.476,96.0,0.0,1.0,0,0.0,1.0
23,400,static,19.0,2032.7219458333334,0.06916885964912281,1.3142083333333332,17.486194727008513,19.0,59.836,96.0,0.0,1.0,0,0.0,1.0
24,400,static,18.0,2030.6575636363636,0.07161167227833895,1.2890101010101012,15.995577889447237,18.0,63.388,99.0,0.0,1.0,0,0.0,1.0
25,400,static,18.0,2027.8915469387755,0.06890476190476191,1.2402857142857142,14.2731433326399,18.0,63.452,98.0,0.0,1.0,0,0.0,1.0
26,400,static,20.0,2028.8350545454546,0.06294949494949495,1.258989898989899,16.042548818088388,20.0,63.36,99.0,0.0,1.0,0,0.0,1.0
27,400,static,19.0,2030.1734181818183,0.06639659755449229,1.2615353535353535,14.189714517108726,19.0,61.108,99.0,0.0,1.0,0,0.0,1.0
28,400,static,18.0,2027.1050222222225,0.06792143658810326,1.2225858585858587,14.970337261275905,18.0,63.964,99.0,0.0,1.0,0,0.0,1.0
29,400,static,18.0,2030.6353616161616,0.0712682379349046,1.2828282828282829,14.942373564376386,18.0,62.0,99.0,0.0,1.0,0,0.0,1.0
30,400,static,19.0,2032.0280565217392,0.06939816933638443,1.3185652173913045,17.37028251024369,19.0,59.692,92.0,0.0,1.0,0,0.0,1.0
31,400,static,17.0,2029.3959434343437,0.07445276292335118,1.2656969696969698,15.208308126638435,17.0,63.696,99.0,0.0,1.0,0,0.0,1.0
32,400,static,20.0,2029.479680808081,0.06322626262626263,1.2645252525252526,16.649629184205253,20.0,62.812,99.0,0.0,1.0,0,0.0,1.0
33,400,static,19.0,2032.2522989898991,0.0688654970760234,1.3084444444444443,16.473921971252565,19.0,61.464,99.0,0.0,1.0,0,0.0,1.0
34,400,static,18.0,2030.910674747475,0.07151066217732883,1.2871919191919192,15.792614770459082,18.0,62.568,99.0,0.0,1.0,0,0.0,1.0
35,400,static,24.0,2025.0154181818184,0.04903367003367003,1.1768080808080807,18.973928860145513,24.0,62.496,99.0,0.0,1.0,0,0.0,1.0
36,400,static,21.0,2026.202254166667,0.05791865079365081,1.2162916666666668,17.818181818181817,21.0,63.236,96.0,0.0,1.0,0,0.0,1.0
37,400,static,21.0,2032.8393515789473,0.062351879699248124,1.3093894736842102,17.45323289391086,21.0,58.608,95.0,0.0,1.0,0,0.0,1.0
38,400,static,17.0,2030.1727313131314,0.07541532976827094,1.282060606060606,14.717583299879566,17.0,64.076,99.0,0.0,1.0,0,0.0,1.0
39,400,static,19.0,2028.6507272727276,0.06584370015948963,1.251030303030303,15.859245815688647,19.0,63.148,99.0,0.0,1.0,0,0.0,1.0
40,400,static,18.0,2031.773264646465,0.07233894500561168,1.30210101010101,15.923371647509578,18.0,63.092,99.0,0.0,1.0,0,0.0,1.0
41,400,static,19.0,2028.3744202020202,0.06597554492291334,1.2535353535353535,16.639983746444535,19.0,64.9,99.0,0.0,1.0,0,0.0,1.0
42,400,static,17.0,2030.2909616161617,0.07509685086155675,1.2766464646464646,15.149759464547166,17.0,63.612,99.0,0.0,1.0,0,0.0,1.0
43,400,static,20.0,2028.78476631579,0.06275789473684211,1.255157894736842,15.075872215216478,20.0,61.76,95.0,0.0,1.0,0,0.0,1.0
44,400,static,19.0,2027.9328767676768,0.06527804359383307,1.2402828282828284,16.32666262381241,19.0,64.212,99.0,0.0,1.0,0,0.0,1.0
45,400,static,17.0,2031.9989414141417,0.07687225193107547,1.3068282828282827,15.138151327610302,17.0,62.624,99.0,0.0,1.0,0,0.0,1.0
46,400,static,19.0,2029.3976448979593,0.06692803437164341,1.2716326530612245,16.416173986486488,19.0,63.38,98.0,0.0,1.0,0,0.0,1.0
47,400,static,19.0,2025.967280808081,0.06286868686868687,1.1945050505050505,15.977571226510406,19.0,63.744,99.0,0.0,1.0,0,0.0,1.0
48,400,static,18.0,2026.309873469388,0.06738095238095237,1.2128571428571426,15.048306148055207,18.0,64.14,98.0,0.0,1.0,0,0.0,1.0
49,400,static,18.0,2026.5460969696971,0.06749943883277215,1.214989898989899,15.118661465818107,18.0,64.716,99.0,0.0,1.0,0,0.0,1.0
0,400,bsps,15.704,2014.8855224489798,0.060883528319752814,0.9513469387755101,136.94087872038875,416.0,35.416,67.868,0.4437716262975779,0.6897374701670644,0,0.31038671795910105,1.0
1,400,bsps,15.008,2018.6305777777777,0.06710607765509727,1.0045252525252524,132.25706622653186,416.0,35.008,70.328,0.4450586105022396,0.6915091828586638,0,0.2972972972972973,1.0
2,400,bsps,15.94,2016.6156484848489,0.061094221441899466,0.9725252525252526,126.24343964473152,416.0,34.836,70.096,0.44547729710404005,0.7006400787789266,0,0.2823980621719822,1.0
3,400,bsps,14.308,2014.309346938776,0.06591713773421456,0.9410204081632653,133.8905737704918,414.0,35.104,68.128,0.4442556084296397,0.6897448015122873,0,0.30655737704918035,1.0
4,400,bsps,14.584,2015.6294303030302,0.06607694074262702,0.9606060606060606,137.8802177858439,415.0,35.568,68.6,0.44258010118043845,0.6881548974943053,0,0.313571284533172,1.0
5,400,bsps,15.268,2015.02525,0.06230459266055725,0.9485416666666666,132.136899747262,415.0,33.988,67.276,0.444816333361225,0.6929518492672715,0,0.30054759898904804,1.0
6,400,bsps,15.296,2016.047272727273,0.06351749959133861,0.9690101010101009,134.94476686011606,415.0,35.224,69.04,0.44398449885502905,0.6939218523878437,0,0.30518310986591957,1.0
7,400,bsps,13.868,2012.7673979797983,0.06619158170013785,0.9154343434343434,139.24123961920193,414.0,36.2,68.324,0.4420857552017522,0.6864580954555835,0,0.31962730403078793,1.0
8,400,bsps,17.064,2012.254561616162,0.053298688764891036,0.9074343434343434,132.4660844841592,417.0,36.536,69.112,0.4453138893828917,0.6928071928071928,0,0.2971161657189277,1.0
9,400,bsps,15.768,2013.2090505050508,0.05885768517306185,0.9236363636363636,141.1554828150573,416.0,36.612,68.388,0.4437266235974158,0.6848441926345609,0,0.3199672667757774,1.0
10,400,bsps,16.04,2017.248674747475,0.061778182246603294,0.98610101010101,131.52534468775346,417.0,35.44,69.02,0.44585262815825816,0.7009682503940554,0,0.2962287104622871,1.0
11,400,bsps,16.748,2014.627890909091,0.05677055326472251,0.9487676767676768,134.2687779131141,417.0,36.264,69.516,0.4444541714085617,0.6904586705911209,0,0.30105562322371093,1.0
12,400,bsps,14.2,2015.1382343434345,0.06711803523274112,0.9511111111111111,133.96893667861409,414.0,35.116,68.992,0.4428896569164629,0.6913608388420333,0,0.30605336519315013,1.0
13,400,bsps,15.04,2015.4193494949495,0.063508176609157,0.9541818181818181,130.60077126040187,415.0,35.064,69.348,0.44515859766277127,0.6932084309133489,0,0.29632636492794806,1.0
14,400,bsps,14.18,2014.3898262626262,0.06676710315827962,0.9452121212121213,132.33465976920016,414.0,35.908,68.932,0.4434255909817448,0.6928718771487509,0,0.30202944687624356,1.0
15,400,bsps,14.164,2015.4617050505053,0.06780973721267838,0.957939393939394,128.07446178155243,414.0,35.86,70.18,0.4417194328012129,0.6941917424772568,0,0.2907367173612483,1.0
16,400,bsps,14.8,2015.3324197530867,0.06509081615552204,0.9606913580246912,132.93994517817094,415.0,29.064,56.212,0.44588836812952704,0.6983938132064248,0,0.3017692499377025,1.0
17,400,bsps,15.912,2016.0480833333336,0.060851214586711874,0.96725,128.43061396131202,415.25,34.532,68.34,0.44492540062626634,0.6921891058581706,0,0.28973927670311184,1.0
18,400,bsps,15.988,2014.4870222222223,0.05907492123936912,0.9430707070707071,130.36009732360097,415.0,35.604,69.38,0.44467442863303147,0.6936221419975933,0,0.29501216545012166,1.0
19,400,bsps,15.836,2015.14098989899,0.060392237319688305,0.9555151515151515,129.7974885389675,415.0,35.432,69.38,0.44423569598633644,0.6995337995337996,0,0.2928044648196133,1.0
20,400,bsps,14.064,2016.2066101010103,0.06902109170290989,0.9692121212121211,127.57862903225806,414.0,35.148,69.116,0.4474284266531543,0.6999278672757875,0,0.2899193548387097,1.0
21,400,bsps,14.536,2017.2659111111113,0.06802056699160086,0.985010101010101,138.9041565778854,415.0,34.732,68.792,0.44334301828747225,0.6865984178687762,0,0.3155770782889427,1.0
22,400,bsps,14.144,2014.5513125000002,0.06711692612942613,0.9485,136.50242769685454,414.0,34.96,66.244,0.44570994684889903,0.6872437906920665,0,0.3113785096052354,1.0
23,400,bsps,15.648,2018.5006791666667,0.06443413281979457,1.0080833333333332,130.72991488478306,416.0,34.096,68.02,0.4429505479325905,0.6820868671292727,0,0.29209051276728254,1.0
24,400,bsps,14.488,2015.4036202020202,0.06651821446527328,0.9623434343434344,137.32582914572865,414.0,35.524,68.492,0.44304466566822304,0.6890817064352857,0,0.31236180904522615,1.0
25,400,bsps,15.184,2013.7692979591839,0.06160365574801349,0.9348571428571429,133.98273351362596,415.0,35.896,68.24,0.4441758051981694,0.6903334132885585,0,0.30517994591221137,1.0
26,400,bsps,16.54,2014.0072525252529,0.05692200837040878,0.9406464646464645,131.35231243576567,416.0,36.176,69.18,0.44633992237566567,0.6977811782708493,0,0.2961973278520041,1.0
27,400,bsps,14.364,2016.833272727273,0.06803933567917525,0.9740606060606061,132.86252277789026,414.0,34.584,70.268,0.44145583666222815,0.687603305785124,0,0.3043126138894513,1.0
28,400,bsps,14.492,2013.3013656565658,0.06372247295188473,0.9226262626262627,134.78138967899227,414.0,35.52,68.464,0.44413289149460444,0.690144173954148,0,0.30780170662332385,1.0
29,400,bsps,15.14,2016.319377777778,0.06448808965181514,0.9754747474747475,130.57787628450535,415.0,35.612,70.164,0.4425612052730697,0.6882166382044401,0,0.29619181946403383,1.0
30,400,bsps,13.784,2016.650843478261,0.07170724802690916,0.9851304347826088,135.94587017468191,414.0,33.2,63.416,0.44506920415224915,0.6971360381861575,0,0.30838904464093164,1.0
31,400,bsps,13.644,2015.3310505050506,0.07034605798242163,0.9584646464646465,128.63258721516434,414.0,35.804,69.184,0.4457841555574425,0.6983187307601232,0,0.29219600725952816,1.0
32,400,bsps,15.656,2014.8531313131316,0.06093543240958101,0.950909090909091,130.76548406494288,416.0,35.572,69.204,0.44483538577532045,0.6946440992348714,0,0.29585087191822007,1.0
33,400,bsps,15.512,2018.324880808081,0.06499567999175843,1.0061414141414142,122.98028747433266,415.0,35.256,70.72,0.4468689018981728,0.6994466800804829,0,0.2751540041067762,1.0
34,400,bsps,14.58,2016.104896969697,0.06668003728297844,0.9713131313131315,135.44231536926148,415.0,35.412,69.164,0.44237612920886943,0.6894333085869834,0,0.3069860279441118,1.0
35,400,bsps,19.336,2011.5251757575759,0.046185777667465726,0.8907070707070707,132.46402586903798,419.0,36.36,69.956,0.4444444444444444,0.6925720327782183,0,0.2940582053354891,1.0
36,400,bsps,15.984,2011.7100041666667,0.056407420884176884,0.899625,138.0880933226066,416.0,34.5,65.264,0.44463846337010876,0.6989894646312621,0,0.31234915526950924,1.0
37,400,bsps,16.664,2019.3377768421055,0.061277838523434096,1.018778947368421,129.6260724000837,417.0,33.936,68.184,0.4425510712506228,0.6901749663526245,0,0.28897258840761664,1.0
38,400,bsps,14.088,2015.2611151515152,0.06828348546877959,0.9600404040404041,136.6625853071056,414.0,35.8,68.36,0.4433774834437086,0.6891402714932127,0,0.31112003211561623,1.0
39,400,bsps,14.856,2014.5676565656568,0.06376195648940747,0.9454141414141414,128.6487194998992,414.0,35.68,69.324,0.4458990114881111,0.6983337478239244,0,0.2917927001411575,1.0
40,400,bsps,14.56,2017.6841818181822,0.06866528541439414,0.9957575757575757,132.87013510788466,415.0,35.568,69.468,0.4441960293328564,0.6932153392330384,0,0.30046380318612625,1.0
41,400,bsps,14.716,2013.5018424242428,0.06339599104599106,0.9311919191919191,138.93214140593255,415.0,35.86,67.668,0.444839255499154,0.6882775119617225,0,0.3161316537992686,1.0
42,400,bsps,14.16,2015.874961616162,0.06836258371258372,0.9665858585858587,130.8579795021962,414.0,35.768,68.756,0.4479359730412805,0.7,0,0.2972181551976574,1.0
43,400,bsps,14.492,2014.6127536842107,0.0655788550458829,0.9448421052631579,135.1700294241278,415.0,33.792,65.252,0.4447198017427452,0.6911600979737252,0,0.30958385876418665,1.0
44,400,bsps,15.076,2014.0017050505053,0.06232213244272068,0.9383434343434344,132.18132201334143,415.0,36.46,69.092,0.44519476241455985,0.694514574248336,0,0.29917121487770365,1.0
45,400,bsps,14.024,2017.2876525252527,0.07058772002408367,0.9888888888888889,130.9714513875025,414.0,34.856,68.968,0.4447936130456939,0.691670610506389,0,0.29766420443202235,1.0
46,400,bsps,15.592,2014.9534530612248,0.061363384144866744,0.9558367346938776,137.2388091216216,416.0,35.644,68.316,0.44584316810910046,0.6939177542477223,0,0.31017736486486486,1.0
47,400,bsps,14.936,2013.1936161616163,0.06140714049929736,0.9151919191919192,130.50394018993737,415.0,35.232,68.728,0.4459803845856823,0.6947923533289387,0,0.2964235199030107,1.0
48,400,bsps,15.052,2012.4912653061226,0.06090082175727434,0.9141224489795918,133.0710999581765,415.0,36.784,68.44,0.4458620990998864,0.6950948977076657,0,0.30154746967795903,1.0
49,400,bsps,14.872,2012.87976969697,0.06176930836048484,0.917010101010101,134.58961198932457,414.0,35.948,68.28,0.4462724527102209,0.6935264825712992,0,0.30650790392116606,1.0
0,400,baps,12.724,2005.7772897959187,0.04881023988542785,0.785795918367347,186.17392184652763,419.0,28.036,55.772,0.5543468725326783,0.6423810618248679,0,0.4296416278598907,1.0
1,400,baps,12.5,2008.9644,0.055248677248677255,0.8346666666666668,187.57107489168558,418.0,27.528,57.58,0.5539196567862714,0.6384576865297947,0,0.43016298741489584,1.0
2,400,baps,14.0,2007.9223474747478,0.04858181818181818,0.816969696969697,178.2674606378684,420.0,28.62,59.0,0.5554334889682322,0.6399352900392882,0,0.4057327412192168,1.0
3,400,baps,12.5,2005.5456040816327,0.05016099773242631,0.7821224489795918,176.41024590163934,418.0,28.852,57.0,0.5567768738099359,0.6475483580746738,0,0.4067622950819672,1.0
4,400,baps,12.5,2006.944577777778,0.0523331561226298,0.8038383838383837,187.05747126436782,419.0,28.42,57.0,0.5582837942620832,0.6457032091320267,0,0.4297237346239161,1.0
5,400,baps,14.0,2007.7632750000005,0.0504556530214425,0.8220833333333333,171.02316764953665,419.0,30.08,59.0,0.5541107023697494,0.6386757290067967,0,0.3938500421229992,1.0
6,400,baps,13.512,2006.34035959596,0.045225589225589224,0.7908686868686868,195.55493295977587,421.0,27.216,56.012,0.5554853273137698,0.6388700564971751,0,0.44786872123273963,1.0
7,400,baps,11.664,2004.1156444444446,0.05073445566778901,0.7568888888888889,194.9088515292688,418.0,28.168,55.8,0.5544835903178569,0.6362852833441068,0,0.45088110188373504,1.0
8,400,baps,14.5,2003.5331555555556,0.039731339367703,0.7457777777777779,191.94008935824533,422.0,28.364,56.348,0.5536429872495446,0.6379391100702576,0,0.4370430544272949,1.0
9,400,baps,13.0,2003.307955555556,0.04212255892255892,0.7415757575757577,199.05135024549918,421.0,27.808,54.612,0.5548325524900226,0.6412606168976308,0,0.45458265139116205,1.0
10,400,baps,14.5,2007.845208080808,0.04633136560409288,0.8196363636363637,184.49209245742094,422.0,28.356,57.0,0.5566719255999336,0.6449968132568515,0,0.4205190592051906,1.0
11,400,baps,14.5,2005.212585858586,0.041323625869080415,0.7759595959595958,190.0093382054405,422.0,27.832,56.076,0.5557639074917403,0.6451987909788421,0,0.43239951278928135,1.0
12,400,baps,12.5,2006.5252282828283,0.051739854687223114,0.7951919191919191,185.58602150537635,419.0,28.276,57.5,0.5551998615677453,0.6359761295822677,0,0.42592592592592593,1.0
13,400,baps,12.568,2005.8001010101013,0.05029028379028379,0.7822626262626263,183.25918408768013,418.0,28.192,57.068,0.5546848381601363,0.642350332594235,0,0.4235843312360463,1.0
14,400,baps,12.5,2004.574674747475,0.04730479397146064,0.7650101010101009,187.69478710704337,418.0,28.264,56.0,0.5560030850972663,0.6426544422615149,0,0.43274970155193,1.0
15,400,baps,12.5,2005.7397616161618,0.04938784672118005,0.7802828282828281,187.22358285601422,418.0,27.904,57.076,0.5592309094222708,0.6436146707909854,0,0.4311672921192969,1.0
16,400,baps,13.0,2005.2508592592592,0.045301234567901236,0.7784691358024691,195.6708198355345,420.0,22.944,45.5,0.5543656430991148,0.6382328424562378,0,0.44953899825566906,1.0
17,400,baps,14.316,2008.5782041666669,0.049203125,0.8309583333333332,170.08179142136248,419.0,28.552,58.412,0.555274024024024,0.6438690766976063,0,0.3904541631623213,1.0
18,400,baps,13.5,2005.6429898989902,0.04647186147186146,0.7826666666666667,180.20478507704786,420.0,28.352,57.168,0.5565515423147904,0.6472203157172272,0,0.41321978913219787,1.0
19,400,baps,13.5,2006.6652363636365,0.0483160552897395,0.8007272727272727,179.37970898943593,419.0,28.728,58.0,0.5589110644257703,0.6470716783216783,0,0.41080326888578833,1.0
20,400,baps,12.316,2006.6040080808084,0.05265223665223665,0.8005656565656566,183.97802419354838,418.0,28.876,57.316,0.5532815198618307,0.6395927601809954,0,0.42358870967741935,1.0
21,400,baps,12.0,2008.662751515152,0.05786980920314254,0.8326060606060605,178.27199354317997,418.0,28.572,58.0,0.5589436191469029,0.6511472488304745,0,0.40940274414850686,1.0
22,400,baps,12.0,2006.236241666667,0.05425665266106442,0.798375,185.16740553092674,416.0,28.724,55.684,0.5516676721537533,0.6363429611098477,0,0.4279079586236014,1.0
23,400,baps,13.0,2008.0205250000004,0.05043358395989975,0.8191666666666666,187.19306622379074,419.0,26.536,55.088,0.5541615953562401,0.6421725239616614,0,0.42661407515050864,1.0
24,400,baps,12.192,2006.179082828283,0.05044765111431778,0.791959595959596,189.22592964824122,418.0,27.98,56.192,0.5575221238938053,0.6439222774514234,0,0.4349748743718593,1.0
25,400,baps,13.02,2005.0414204081635,0.04774829931972789,0.774,180.0680257957146,417.0,28.688,56.52,0.5576146144387845,0.65032080659945,0,0.41626794258373206,1.0
26,400,baps,14.864,2004.4549252525255,0.040985409652076324,0.7647272727272727,190.00184994861254,419.0,28.656,56.432,0.5535154087470013,0.6393560788082653,0,0.4365878725590956,1.0
27,400,baps,13.0,2007.0524242424244,0.0502832839674945,0.8021010101010102,184.4984814739826,419.0,28.092,58.0,0.5561695959412937,0.6389511429852084,0,0.42781939663899576,1.0
28,400,baps,12.728,2005.2204121212121,0.05006004489337823,0.7774141414141414,185.09264526615198,418.0,29.324,57.644,0.5540187891440501,0.6378774422735346,0,0.42746850873628606,1.0
29,400,baps,13.7,2007.0400242424244,0.049016835016835014,0.8066666666666668,177.7273826314729,417.0,29.092,58.476,0.5556268328445748,0.6399262332872291,0,0.4088253072738263,1.0
30,400,baps,12.0,2007.4443000000003,0.05399862700228833,0.8156086956521739,188.61785637265473,419.0,25.964,52.0,0.5570233377366799,0.6473265073947668,0,0.43023506577528575,1.0
31,400,baps,11.0,2005.8843272727274,0.05711562685680333,0.7890505050505051,183.96894535188545,417.0,28.384,56.5,0.5539194456474664,0.6397306397306397,0,0.4240774349667272,1.0
32,400,baps,14.0,2005.940383838384,0.04491717171717171,0.7882828282828283,183.9438765283624,420.0,28.576,57.308,0.5568328043235824,0.6442412366644894,0,0.42032471437161756,1.0
33,400,baps,13.652,2008.7525656565656,0.05071838265697915,0.8355959595959596,177.53326488706367,419.0,29.08,59.152,0.5547159504734159,0.6408813877168308,0,0.4051334702258727,1.0
34,400,baps,13.0,2007.0251595959598,0.0500594837261504,0.80379797979798,182.01676646706588,418.0,27.924,57.0,0.5564245810055866,0.6422535211267606,0,0.4173652694610778,1.0
35,400,baps,16.5,2003.8478262626263,0.03660157126823794,0.750020202020202,182.48282134195634,424.0,28.748,58.0,0.5559229721843999,0.6449092741935484,0,0.4118835893290218,1.0
36,400,baps,14.5,2004.464679166667,0.04303621031746031,0.770375,183.92256637168143,421.0,29.088,55.772,0.5573877020550727,0.643045150840251,0,0.41773934030571197,1.0
37,400,baps,14.42,2008.701035789474,0.046252631578947365,0.8271578947368421,188.4902699309479,421.0,25.58,54.58,0.5584732824427481,0.6463694267515924,0,0.42958777987026575,1.0
38,400,baps,11.5,2005.5188646464649,0.052465834818775994,0.7825858585858586,193.01485347250102,417.0,28.024,55.5,0.5551420838971584,0.6394354148845167,0,0.4472099558410277,1.0
39,400,baps,13.0,2006.263264646465,0.049579403053087265,0.7945454545454546,179.44182294817503,418.0,28.984,58.072,0.5560811425452561,0.6448202959830867,0,0.41157491429723736,1.0
40,400,baps,11.5,2007.2551757575761,0.055749494949494945,0.8082020202020203,185.55555555555554,418.0,27.488,56.0,0.5557174071376547,0.6434599156118144,0,0.42609397055858034,1.0
41,400,baps,13.0,2005.4431393939396,0.048051948051948054,0.7838787878787878,186.92218610321007,419.0,28.896,56.5,0.5540669029302446,0.6411645226811103,0,0.4278748476229175,1.0
42,400,baps,11.688,2006.0236282828284,0.05378083354553943,0.7911919191919192,192.5076343861117,417.0,28.548,56.188,0.5535144458818456,0.6408626560726447,0,0.445095168374817,1.0
43,400,baps,13.0,2006.2578947368422,0.0508659649122807,0.7982315789473685,178.10928961748633,420.0,28.668,55.5,0.5556278464541314,0.6454081632653061,0,0.4098360655737705,1.0
44,400,baps,12.5,2004.7951393939397,0.04825305688463583,0.7702626262626263,187.922377198302,419.0,28.744,56.5,0.5543936582897622,0.6389487289961223,0,0.43117040630685266,1.0
45,400,baps,12.0,2007.9885494949497,0.055941261353026066,0.8231515151515152,182.37712118187264,417.0,28.508,57.5,0.5560759823054905,0.6445985238201745,0,0.42004392094230386,1.0
46,400,baps,13.0,2006.522191836735,0.0492487340800982,0.7996326530612246,184.9548141891892,419.0,28.636,57.0,0.5558634250983197,0.6449443413729128,0,0.42377533783783783,1.0
47,400,baps,13.5,2005.0068686868688,0.04764540138224349,0.7729292929292929,179.48615881996363,419.0,29.98,58.5,0.5546930693069307,0.6416410256410257,0,0.41139624166498284,1.0
48,400,baps,11.64,2004.1992204081635,0.051556916099773246,0.7604897959183675,190.3590547887913,418.0,27.972,55.32,0.5538104586828485,0.6404285048905449,0,0.44040150564617314,1.0
49,400,baps,13.0,2005.3534464646466,0.050267115600448935,0.782989898989899,175.8835967973722,417.0,30.484,58.5,0.5543319838056681,0.6443010752688172,0,0.40422911106548964,1.0
0,400,oracle,10.236,2003.1983020408165,0.06408682451335512,0.656,8.477019639603158,12.0,0.0,34.688,1.0,1.0,0,0.0,1.0
1,400,oracle,10.728,2007.4454545454548,0.0672339496642527,0.7202020202020202,9.318341242005364,13.0,0.0,37.704,1.0,1.0,0,0.0,1.0
2,400,oracle,10.968,2005.328985858586,0.06277011159435401,0.6885656565656566,8.867581752119499,12.0,0.0,37.328,1.0,1.0,0,0.0,1.0
3,400,oracle,10.092,2003.0612775510206,0.06471008334069557,0.6542448979591836,7.523770491803279,11.0,0.0,35.436,1.0,1.0,0,0.0,1.0
4,400,oracle,9.896,2004.1806060606064,0.06771540233055384,0.6707070707070707,8.399274047186934,12.0,0.0,35.28,1.0,1.0,0,0.0,1.0
5,400,oracle,10.716,2003.8171500000003,0.06189531695156695,0.66575,8.208298230834036,12.0,0.0,35.376,1.0,1.0,0,0.0,1.0
6,400,oracle,10.392,2004.6831919191923,0.06526306353579082,0.6785858585858586,8.43245947568541,12.0,0.0,36.344,1.0,1.0,0,0.0,1.0
7,400,oracle,9.384,2001.5622868686871,0.06731949655282987,0.6314343434343435,7.336641685233948,10.0,0.0,34.456,1.0,1.0,0,0.0,1.0
8,400,oracle,11.072,2001.1586787878791,0.0565581869309142,0.6256161616161616,8.291632818846466,12.0,0.0,34.956,1.0,1.0,0,0.0,1.0
9,400,oracle,10.068,2001.7552121212125,0.06307157074126771,0.6341414141414141,8.430441898527006,12.0,0.0,34.02,1.0,1.0,0,0.0,1.0
10,400,oracle,10.448,2005.4632202020205,0.0663350527138406,0.6899393939393939,8.884225466342254,13.0,0.0,35.668,1.0,1.0,0,0.0,1.0
11,400,oracle,11.392,2003.1711030303034,0.05751341066341067,0.6559191919191919,8.996548924076329,12.0,0.0,35.904,1.0,1.0,0,0.0,1.0
12,400,oracle,9.924,2004.008040404041,0.06728252376131164,0.6684848484848485,7.686778176025488,11.0,0.0,36.2,1.0,1.0,0,0.0,1.0
13,400,oracle,10.572,2003.665955555556,0.0625973166003469,0.6633131313131313,8.314390095392733,12.0,0.0,35.984,1.0,1.0,0,0.0,1.0
14,400,oracle,9.968,2002.7329131313134,0.0650156380095774,0.6492121212121212,7.6824512534818945,11.0,0.0,35.408,1.0,1.0,0,0.0,1.0
15,400,oracle,9.956,2004.1634505050508,0.06740672032793245,0.6709898989898989,7.850681414181316,11.0,0.0,36.712,1.0,1.0,0,0.0,1.0
16,400,oracle,9.896,2003.2671802469135,0.06624429452577602,0.6571358024691358,7.943184649887865,11.0,0.0,28.912,1.0,1.0,0,0.0,1.0
17,400,oracle,11.2,2004.7737250000002,0.06064602133977134,0.6802916666666667,8.387931034482758,12.0,0.0,36.168,1.0,1.0,0,0.0,1.0
18,400,oracle,11.08,2003.1235191919193,0.059173239442936405,0.6552727272727272,8.219789132197892,12.0,0.0,36.068,1.0,1.0,0,0.0,1.0
19,400,oracle,10.832,2003.4531393939396,0.06093264154476276,0.6602424242424243,8.248355590990633,12.0,0.0,36.24,1.0,1.0,0,0.0,1.0
20,400,oracle,9.936,2004.4318303030302,0.06783341350008015,0.6747070707070708,8.009274193548388,11.0,0.0,35.976,1.0,1.0,0,0.0,1.0
21,400,oracle,10.144,2005.6262828282831,0.06831206156357672,0.6925252525252524,8.9818401937046,12.0,0.0,36.092,1.0,1.0,0,0.0,1.0
22,400,oracle,10.048,2002.655779166667,0.06432355850168349,0.64775,8.123073675321933,11.0,0.0,33.524,1.0,1.0,0,0.0,1.0
23,400,oracle,11.2,2006.6890291666668,0.06300650171587671,0.7087916666666667,9.69483080755657,12.0,0.0,36.164,1.0,1.0,0,0.0,1.0
24,400,oracle,9.92,2003.8898464646466,0.06708382347170226,0.6665050505050506,8.062713567839197,11.0,0.0,35.612,1.0,1.0,0,0.0,1.0
25,400,oracle,10.384,2001.9950163265307,0.061316377273520135,0.6380408163265306,7.950696900353651,11.0,0.0,34.548,1.0,1.0,0,0.0,1.0
26,400,oracle,11.88,2002.4148121212122,0.05412599936539331,0.6445656565656566,8.859609455292908,13.0,0.0,35.64,1.0,1.0,0,0.0,1.0
27,400,oracle,10.172,2005.9283676767677,0.06852428861822801,0.6976969696969697,7.862725248025916,11.0,0.0,37.892,1.0,1.0,0,0.0,1.0
28,400,oracle,10.2,2001.930476767677,0.06237265271204665,0.6371313131313132,7.8449817147501015,11.0,0.0,35.036,1.0,1.0,0,0.0,1.0
29,400,oracle,10.936,2004.6286141414143,0.061859901490204525,0.6780202020202021,8.306467862180133,12.0,0.0,37.0,1.0,1.0,0,0.0,1.0
30,400,oracle,8.988,2004.128534782609,0.07430440115440115,0.6697391304347826,8.136726331679965,10.0,0.0,32.308,1.0,1.0,0,0.0,1.0
31,400,oracle,9.632,2003.156387878788,0.0680386578629003,0.6554747474747475,7.952006452913894,11.0,0.0,35.304,1.0,1.0,0,0.0,1.0
32,400,oracle,10.9,2003.568488888889,0.06053134934650086,0.6619393939393938,8.22449388655041,12.0,0.0,36.188,1.0,1.0,0,0.0,1.0
33,400,oracle,11.144,2006.0839757575761,0.06266526301980847,0.6998787878787879,8.955852156057494,12.0,0.0,37.536,1.0,1.0,0,0.0,1.0
34,400,oracle,10.556,2004.8465939393943,0.0644568540326116,0.6810505050505051,8.768463073852296,12.0,0.0,36.432,1.0,1.0,0,0.0,1.0
35,400,oracle,12.656,2001.6599030303032,0.05025470731157006,0.6336565656565656,8.927041228779304,14.0,0.0,36.504,1.0,1.0,0,0.0,1.0
36,400,oracle,10.596,2000.1191708333333,0.0575107788045288,0.6097083333333333,8.344127111826227,12.0,0.0,32.764,1.0,1.0,0,0.0,1.0
37,400,oracle,11.296,2007.6187200000002,0.06386740020213705,0.7228631578947369,9.57187696170747,13.0,0.0,36.392,1.0,1.0,0,0.0,1.0
38,400,oracle,9.712,2003.3424686868689,0.06771835089713878,0.6581010101010102,8.290244881573665,11.0,0.0,34.924,1.0,1.0,0,0.0,1.0
39,400,oracle,10.192,2002.862888888889,0.06381241575484,0.6513131313131313,7.715466827989514,11.0,0.0,35.852,1.0,1.0,0,0.0,1.0
40,400,oracle,9.924,2005.4381535353536,0.06957945713097229,0.6896565656565656,8.71607178866707,11.0,0.0,35.908,1.0,1.0,0,0.0,1.0
41,400,oracle,9.944,2001.7178949494948,0.06364739413224263,0.6336161616161616,8.01950426655831,11.0,0.0,34.1,1.0,1.0,0,0.0,1.0
42,400,oracle,9.824,2004.338072727273,0.0684553176341055,0.673090909090909,8.326709893327756,11.0,0.0,35.388,1.0,1.0,0,0.0,1.0
43,400,oracle,9.36,2002.6878400000003,0.06934735615261932,0.6482526315789473,7.720050441361916,11.0,0.0,33.24,1.0,1.0,0,0.0,1.0
44,400,oracle,9.992,2002.1050787878792,0.06391464046615561,0.6396363636363637,7.975945017182131,11.0,0.0,34.788,1.0,1.0,0,0.0,1.0
45,400,oracle,9.896,2005.5213656565659,0.06975715776927899,0.6910707070707071,8.225993212218007,11.0,0.0,36.376,1.0,1.0,0,0.0,1.0
46,400,oracle,10.432,2002.4375224489797,0.06168039715386654,0.6446530612244898,8.333826013513514,12.0,0.0,34.62,1.0,1.0,0,0.0,1.0
47,400,oracle,10.316,2002.133987878788,0.06201822498489165,0.6402424242424243,7.8553243079409985,11.0,0.0,35.256,1.0,1.0,0,0.0,1.0
48,400,oracle,10.016,2000.8468530612245,0.06208385967773723,0.6206938775510205,7.979924717691342,11.0,0.0,33.86,1.0,1.0,0,0.0,1.0
49,400,oracle,10.352,2001.2516727272728,0.060451470975713406,0.6267474747474747,7.890576883596798,11.0,0.0,34.284,1.0,1.0,0,0.0,1.0
