net,n,scheme,p,reachable,nodes,delta_T,depth,tree_frame,frame_len,energy_uC,duty_b,radio_on,latency,latency_p95,wasted,granted,removal,service,failed,delayed,pdr
0,25,rand_st,0.2,1.0,25,7,3,11,10.0,550.34585,0.11231666666666668,1.1231666666666664,37.344637223974765,107.89999999999918,16.044,24.0,0.0,1.0,0,0.0,1.0
1,25,rand_st,0.2,1.0,25,7,3,11,9.0,547.75145,0.12146296296296297,1.0931666666666666,38.77510040160642,105.0,16.764,24.0,0.0,1.0,0,0.0,1.0
2,25,rand_st,0.2,1.0,25,8,3,11,10.0,539.9927,0.09436666666666667,0.9436666666666667,31.56707818930041,105.0,17.352,24.0,0.0,1.0,0,0.0,1.0
3,25,rand_st,0.2,1.0,25,8,3,13,10.0,542.6510666666668,0.09783333333333334,0.9783333333333333,30.82236842105263,106.0,16.52,24.0,0.0,1.0,0,0.0,1.0
4,25,rand_st,0.2,1.0,25,8,2,12,12.0,539.0272333333334,0.07788888888888888,0.9346666666666668,29.18843120070114,107.0,17.568,24.0,0.0,1.0,0,0.0,1.0
5,25,rand_st,0.2,1.0,25,8,3,14,13.0,541.0140666666666,0.07364102564102563,0.9573333333333334,63.44578313253012,105.0,17.024,24.0,0.0,1.0,0,0.0,1.0
6,25,rand_st,0.2,0.96,24,10,3,13,13.0,534.2809913043478,0.06390635451505017,0.8307826086956521,39.60373998219056,103.69999999999959,16.892,23.0,0.0,1.0,0,0.0,1.0
7,25,rand_st,0.2,1.0,25,11,3,14,12.0,534.689,0.06891666666666667,0.827,36.33809924306139,107.0,17.152,24.0,0.0,1.0,0,0.0,1.0
8,25,rand_st,0.2,1.0,25,9,3,14,14.0,537.625,0.06416666666666668,0.8983333333333332,51.521630615640596,103.0,17.44,24.0,0.0,1.0,0,0.0,1.0
9,25,rand_st,0.2,1.0,25,11,3,14,14.0,533.9169666666667,0.058357142857142864,0.817,50.145967741935486,105.0,17.392,24.0,0.0,1.0,0,0.0,1.0
10,25,rand_st,0.2,1.0,25,11,3,13,11.0,534.1611166666667,0.07471212121212122,0.8218333333333333,22.54582651391162,106.0,17.276,24.0,0.0,1.0,0,0.0,1.0
11,25,rand_st,0.2,1.0,25,7,4,10,9.0,552.8504333333334,0.12966666666666668,1.167,39.36625514403292,108.0,15.992,24.0,0.0,1.0,0,0.0,1.0
12,25,rand_st,0.2,1.0,25,7,3,12,10.0,543.5034333333333,0.10066666666666667,1.0066666666666668,54.35171261487051,104.0,16.84,24.0,0.0,1.0,0,0.0,1.0
13,25,rand_st,0.2,1.0,25,7,3,10,10.0,545.1751666666668,0.10263333333333334,1.0263333333333333,22.353036437246963,106.0,16.368,24.0,0.0,1.0,0,0.0,1.0
14,25,rand_st,0.2,1.0,25,9,3,12,11.0,540.8220333333335,0.08530303030303031,0.9383333333333334,21.098130841121495,110.0,16.48,24.0,0.0,1.0,0,0.0,1.0
15,25,rand_st,0.2,1.0,25,8,3,12,12.0,544.0840833333334,0.08448611111111111,1.0138333333333334,39.889944576405384,112.0,16.668,24.0,0.0,1.0,0,0.0,1.0
16,25,rand_st,0.2,1.0,25,10,3,13,12.0,534.9550333333334,0.07052777777777777,0.8463333333333334,15.095744680851064,104.0,17.688,24.0,0.0,1.0,0,0.0,1.0
17,25,rand_st,0.2,1.0,25,6,4,13,11.0,553.1075,0.10624242424242425,1.1686666666666665,67.15912897822446,138.2999999999911,15.952,24.0,0.0,1.0,0,0.0,1.0
18,25,rand_st,0.2,0.92,23,8,3,11,10.0,538.9091272727273,0.09189090909090908,0.9189090909090909,41.11484098939929,104.0,15.784,22.0,0.0,1.0,0,0.0,1.0
19,25,rand_st,0.2,1.0,25,8,3,13,11.0,541.3565,0.08754545454545455,0.963,53.311093247588424,106.0,16.888,24.0,0.0,1.0,0,0.0,1.0
20,25,rand_st,0.2,1.0,25,9,3,14,12.0,537.9954166666668,0.07520833333333334,0.9025,27.84519867549669,109.0,17.34,24.0,0.0,1.0,0,0.0,1.0
21,25,rand_st,0.2,0.96,24,13,3,15,14.0,527.9409217391305,0.049826086956521735,0.6975652173913044,13.357716324710081,14.0,16.956,23.0,0.0,1.0,0,0.0,1.0
22,25,rand_st,0.2,0.92,23,8,2,13,13.0,539.0446363636363,0.07095104895104896,0.9223636363636364,19.084670231729056,103.0,15.708,22.0,0.0,1.0,0,0.0,1.0
23,25,rand_st,0.2,1.0,25,12,3,15,13.0,532.7009333333333,0.06035897435897437,0.7846666666666666,32.234375,113.0,17.168,24.0,0.0,1.0,0,0.0,1.0
24,25,rand_st,0.2,0.84,21,8,3,12,11.0,538.17632,0.08149090909090909,0.8964000000000001,26.02003816793893,105.0,14.072,20.0,0.0,1.0,0,0.0,1.0
25,25,rand_st,0.2,1.0,25,12,3,15,13.0,531.0785833333334,0.058679487179487184,0.7628333333333333,27.107876712328768,101.0,17.692,24.0,0.0,1.0,0,0.0,1.0
26,25,rand_st,0.2,1.0,25,7,3,11,9.0,546.1844166666667,0.1169074074074074,1.0521666666666665,32.490082644628096,105.0,16.748,24.0,0.0,1.0,0,0.0,1.0
27,25,rand_st,0.2,1.0,25,11,3,13,12.0,534.6278333333332,0.06858333333333333,0.823,19.33841218925421,103.0,17.248,24.0,0.0,1.0,0,0.0,1.0
28,25,rand_st,0.2,1.0,25,10,3,12,10.0,538.2786666666667,0.08876666666666666,0.8876666666666666,30.95809367296631,103.0,16.696,24.0,0.0,1.0,0,0.0,1.0
29,25,rand_st,0.2,1.0,25,8,3,14,12.0,540.9195666666667,0.07958333333333333,0.955,44.966530612244895,106.0,17.08,24.0,0.0,1.0,0,0.0,1.0
30,25,rand_st,0.2,1.0,25,9,2,14,10.0,537.3097333333334,0.08943333333333334,0.8943333333333334,30.844519966015294,107.0,17.536,24.0,0.0,1.0,0,0.0,1.0
31,25,rand_st,0.2,1.0,25,13,2,15,14.0,528.6218166666666,0.05110714285714286,0.7155,9.610924369747899,14.0,17.828,24.0,0.0,1.0,0,0.0,1.0
32,25,rand_st,0.2,1.0,25,12,3,15,13.0,532.3130666666667,0.06005128205128206,0.7806666666666667,20.449310624493105,104.0,17.264,24.0,0.0,1.0,0,0.0,1.0
33,25,rand_st,0.2,1.0,25,8,3,10,8.0,541.6333166666668,0.12027083333333334,0.9621666666666667,51.2464846980976,201.0,16.908,24.0,0.0,1.0,0,0.0,1.0
34,25,rand_st,0.2,1.0,25,9,3,12,11.0,540.7597166666668,0.08504545454545456,0.9355,48.87448046550291,103.0,16.548,24.0,0.0,1.0,0,0.0,1.0
35,25,rand_st,0.2,1.0,25,13,3,14,13.0,530.9122333333333,0.057282051282051286,0.7446666666666666,18.245267489711935,103.0,17.128,24.0,0.0,1.0,0,0.0,1.0
36,25,rand_st,0.2,1.0,25,10,3,13,11.0,535.9210833333334,0.07807575757575758,0.8588333333333332,37.898866608544026,104.0,17.388,24.0,0.0,1.0,0,0.0,1.0
37,25,rand_st,0.2,0.84,21,8,2,9,9.0,542.7437000000001,0.11042222222222221,0.9938,29.773674242424242,103.0,14.124,20.0,0.0,1.0,0,0.0,1.0
38,25,rand_st,0.2,0.84,21,6,2,10,9.0,543.4648800000001,0.1115111111111111,1.0036,11.60681399631676,9.0,13.928,20.0,0.0,1.0,0,0.0,1.0
39,25,rand_st,0.2,1.0,25,7,3,10,9.0,543.2483333333333,0.11118518518518518,1.0006666666666668,27.029035012809565,107.0,16.984,24.0,0.0,1.0,0,0.0,1.0
0,25,rand_dt,0.2,1.0,25,7,3,11,9.38,548.1173333333335,0.11698316498316498,1.0943333333333334,52.43202668890742,109.0,16.736,24.0,0.0,1.0,0,0.0,1.0
1,25,rand_dt,0.2,1.0,25,7,3,11,9.024,546.9213000000001,0.11985740740740741,1.0813333333333335,45.499189627228525,108.0,17.048,24.0,0.0,1.0,0,0.0,1.0
2,25,rand_dt,0.2,1.0,25,8,3,11,10.42,539.5869666666667,0.09016818181818183,0.9373333333333334,37.333888426311404,109.0,17.504,24.0,0.0,1.0,0,0.0,1.0
3,25,rand_dt,0.2,1.0,25,8,3,13,10.4,541.7442000000001,0.09315042087542087,0.966,37.74311926605505,110.0,16.816,24.0,0.0,1.0,0,0.0,1.0
4,25,rand_dt,0.2,1.0,25,8,2,12,12.0,538.8059666666667,0.0775,0.93,35.497373029772326,109.0,17.68,24.0,0.0,1.0,0,0.0,1.0
5,25,rand_dt,0.2,1.0,25,8,3,14,13.004,540.8872166666667,0.07340293040293039,0.9545,37.97044728434505,110.0,17.092,24.0,0.0,1.0,0,0.0,1.0
6,25,rand_dt,0.2,0.96,24,10,3,13,13.012,534.628,0.06408695652173912,0.8337391304347825,31.048275862068966,111.0,16.824,23.0,0.0,1.0,0,0.0,1.0
7,25,rand_dt,0.2,1.0,25,11,3,14,12.052,533.4304000000001,0.06731616994116993,0.8096666666666668,27.082096069868996,110.0,17.568,24.0,0.0,1.0,0,0.0,1.0
8,25,rand_dt,0.2,1.0,25,9,3,14,14.0,537.7594166666668,0.0641547619047619,0.8981666666666668,33.61106523534269,112.0,17.444,24.0,0.0,1.0,0,0.0,1.0
9,25,rand_dt,0.2,1.0,25,11,3,14,14.0,534.4731666666668,0.058761904761904765,0.8226666666666668,31.590625,111.0,17.256,24.0,0.0,1.0,0,0.0,1.0
10,25,rand_dt,0.2,1.0,25,11,3,13,11.196,534.0303166666667,0.07330050505050505,0.8195,22.703612479474547,109.0,17.332,24.0,0.0,1.0,0,0.0,1.0
11,25,rand_dt,0.2,1.0,25,7,4,10,8.44,550.8147833333334,0.13574722222222224,1.1418333333333335,59.515966386554624,203.0,16.596,24.0,0.0,1.0,0,0.0,1.0
12,25,rand_dt,0.2,1.0,25,7,3,12,10.844,543.4654833333334,0.09292599067599068,1.0048333333333335,30.93431855500821,109.0,16.884,24.0,0.0,1.0,0,0.0,1.0
13,25,rand_dt,0.2,1.0,25,7,3,10,10.132,545.3958500000001,0.10152121212121214,1.0275,39.392374900714856,109.0,16.34,24.0,0.0,1.0,0,0.0,1.0
14,25,rand_dt,0.2,1.0,25,9,3,12,10.36,539.3750166666667,0.08910715488215488,0.9198333333333334,29.032878909382518,109.0,16.924,24.0,0.0,1.0,0,0.0,1.0
15,25,rand_dt,0.2,1.0,25,8,3,12,12.06,542.66785,0.08247008547008548,0.9944999999999999,35.52739165985282,110.0,17.132,24.0,0.0,1.0,0,0.0,1.0
16,25,rand_dt,0.2,1.0,25,10,3,13,12.004,535.09505,0.07060470085470086,0.8475,31.62379702537183,110.0,17.66,24.0,0.0,1.0,0,0.0,1.0
17,25,rand_dt,0.2,1.0,25,6,4,13,10.532,551.5783333333334,0.10941944444444446,1.1493333333333335,68.36076475477972,205.0,16.416,24.0,0.0,1.0,0,0.0,1.0
18,25,rand_dt,0.2,0.92,23,8,3,11,10.2,538.2183090909091,0.0893487603305785,0.91,31.867857142857144,108.0,15.98,22.0,0.0,1.0,0,0.0,1.0
19,25,rand_dt,0.2,1.0,25,8,3,13,11.304,541.2338500000001,0.08519444444444446,0.9611666666666666,30.278768233387357,110.0,16.932,24.0,0.0,1.0,0,0.0,1.0
20,25,rand_dt,0.2,1.0,25,9,3,14,11.34,538.1056333333333,0.07974006549006549,0.9023333333333332,30.531897265948633,110.0,17.344,24.0,0.0,1.0,0,0.0,1.0
21,25,rand_dt,0.2,0.96,24,13,3,15,13.52,527.9141217391305,0.05164140786749482,0.696695652173913,20.64612676056338,110.0,16.976,23.0,0.0,1.0,0,0.0,1.0
22,25,rand_dt,0.2,0.92,23,8,2,13,13.02,538.7874545454546,0.0706043956043956,0.9192727272727272,33.072529465095194,111.0,15.776,22.0,0.0,1.0,0,0.0,1.0
23,25,rand_dt,0.2,1.0,25,12,3,15,12.604,532.6237166666667,0.06210109890109891,0.7811666666666667,29.586721991701246,110.0,17.252,24.0,0.0,1.0,0,0.0,1.0
24,25,rand_dt,0.2,0.84,21,8,3,12,10.908,537.20602,0.08117979020979021,0.8826,31.184707050645482,109.0,14.348,20.0,0.0,1.0,0,0.0,1.0
25,25,rand_dt,0.2,1.0,25,12,3,15,12.604,531.2512,0.06089621489621489,0.766,23.324772162386083,109.0,17.616,24.0,0.0,1.0,0,0.0,1.0
26,25,rand_dt,0.2,1.0,25,7,3,11,9.496,544.9908500000001,0.10957744107744108,1.0378333333333334,42.082273112807464,109.0,17.092,24.0,0.0,1.0,0,0.0,1.0
27,25,rand_dt,0.2,1.0,25,11,3,13,11.588,533.5309,0.06989345376845377,0.8076666666666668,29.24769101595298,110.0,17.616,24.0,0.0,1.0,0,0.0,1.0
28,25,rand_dt,0.2,1.0,25,10,3,12,10.372,538.0640666666668,0.08527575757575757,0.8826666666666667,29.683774834437084,109.0,16.816,24.0,0.0,1.0,0,0.0,1.0
29,25,rand_dt,0.2,1.0,25,8,3,14,12.008,540.3227833333333,0.07893376068376068,0.9478333333333333,38.24488124488124,109.0,17.252,24.0,0.0,1.0,0,0.0,1.0
30,25,rand_dt,0.2,1.0,25,9,2,14,10.5,537.5603833333333,0.08574116161616162,0.8978333333333333,29.713818479149634,109.0,17.452,24.0,0.0,1.0,0,0.0,1.0
31,25,rand_dt,0.2,1.0,25,13,2,15,13.192,527.6556833333334,0.05329652014652014,0.7025,20.01986183074266,109.0,18.14,24.0,0.0,1.0,0,0.0,1.0
32,25,rand_dt,0.2,1.0,25,12,3,15,12.9,530.9077000000001,0.05919163614163614,0.762,22.822978723404255,109.29999999999995,17.712,24.0,0.0,1.0,0,0.0,1.0
33,25,rand_dt,0.2,1.0,25,8,3,10,8.132,541.6506,0.11838194444444444,0.961,37.721810699588474,108.0,16.936,24.0,0.0,1.0,0,0.0,1.0
34,25,rand_dt,0.2,1.0,25,9,3,12,11.42,539.4201999999999,0.08042064879564881,0.9166666666666666,38.08376068376069,111.0,17.0,24.0,0.0,1.0,0,0.0,1.0
35,25,rand_dt,0.2,1.0,25,13,3,14,13.144,529.7305166666667,0.055496336996337,0.7288333333333332,21.137755102040817,110.0,17.508,24.0,0.0,1.0,0,0.0,1.0
36,25,rand_dt,0.2,1.0,25,10,3,13,11.292,536.3036000000001,0.0765878010878011,0.863,30.133499170812602,109.0,17.288,24.0,0.0,1.0,0,0.0,1.0
37,25,rand_dt,0.2,0.84,21,8,2,9,8.36,541.75908,0.11773111111111112,0.9812000000000001,35.2027027027027,107.0,14.376,20.0,0.0,1.0,0,0.0,1.0
38,25,rand_dt,0.2,0.84,21,6,2,10,8.22,542.1745400000001,0.12018111111111113,0.9862000000000001,34.84011627906977,107.0,14.276,20.0,0.0,1.0,0,0.0,1.0
39,25,rand_dt,0.2,1.0,25,7,3,10,9.484,543.3923833333333,0.10598922558922558,1.0018333333333334,41.87688442211055,109.0,16.956,24.0,0.0,1.0,0,0.0,1.0
0,25,static,0.2,1.0,25,7,3,11,11.0,549.2373166666666,0.10098484848484848,1.1108333333333336,9.136833731105808,11.0,16.34,24.0,0.0,1.0,0,0.0,1.0
1,25,static,0.2,1.0,25,7,3,11,11.0,547.5614666666668,0.09915151515151516,1.0906666666666665,9.232445520581114,11.0,16.824,24.0,0.0,1.0,0,0.0,1.0
2,25,static,0.2,1.0,25,8,3,11,11.0,540.2393166666668,0.0861060606060606,0.9471666666666667,8.718241042345277,11.0,17.268,24.0,0.0,1.0,0,0.0,1.0
3,25,static,0.2,1.0,25,8,3,13,13.0,542.7871333333334,0.07538461538461538,0.98,10.15751211631664,13.0,16.48,24.0,0.0,1.0,0,0.0,1.0
4,25,static,0.2,1.0,25,8,2,12,12.0,539.0501166666667,0.07790277777777777,0.9348333333333333,8.883289124668435,12.0,17.564,24.0,0.0,1.0,0,0.0,1.0
5,25,static,0.2,1.0,25,8,3,14,14.0,540.8322333333334,0.06823809523809524,0.9553333333333333,11.999198075380914,14.0,17.072,24.0,0.0,1.0,0,0.0,1.0
6,25,static,0.2,0.96,24,10,3,13,13.0,534.4017565217393,0.0639598662207358,0.8314782608695651,8.922390722569135,13.0,16.876,23.0,0.0,1.0,0,0.0,1.0
7,25,static,0.2,1.0,25,11,3,14,14.0,534.8237500000001,0.05920238095238096,0.8288333333333333,10.489093959731544,14.0,17.108,24.0,0.0,1.0,0,0.0,1.0
8,25,static,0.2,1.0,25,9,3,14,14.0,538.2915833333334,0.06463095238095239,0.9048333333333333,10.657308009909165,14.0,17.284,24.0,0.0,1.0,0,0.0,1.0
9,25,static,0.2,1.0,25,11,3,14,14.0,533.7729166666668,0.058273809523809526,0.8158333333333334,9.793214862681745,14.0,17.42,24.0,0.0,1.0,0,0.0,1.0
10,25,static,0.2,1.0,25,11,3,13,13.0,534.7025833333333,0.06367948717948718,0.8278333333333334,8.774061990212072,13.0,17.132,24.0,0.0,1.0,0,0.0,1.0
11,25,static,0.2,1.0,25,7,4,10,10.0,552.3725166666667,0.11631666666666667,1.1631666666666665,8.676935886761033,10.0,16.084,24.0,0.0,1.0,0,0.0,1.0
12,25,static,0.2,1.0,25,7,3,12,12.0,543.3685166666667,0.08365277777777777,1.0038333333333334,9.709075487701442,12.0,16.908,24.0,0.0,1.0,0,0.0,1.0
13,25,static,0.2,1.0,25,7,3,10,10.0,545.5050833333333,0.10295,1.0295,7.915117219078415,10.0,16.292,24.0,0.0,1.0,0,0.0,1.0
14,25,static,0.2,1.0,25,9,3,12,12.0,540.1418666666667,0.07758333333333331,0.931,8.964816262705238,12.0,16.656,24.0,0.0,1.0,0,0.0,1.0
15,25,static,0.2,1.0,25,8,3,12,12.0,543.7511166666667,0.08404166666666667,1.0085,9.332539682539682,12.0,16.796,24.0,0.0,1.0,0,0.0,1.0
16,25,static,0.2,1.0,25,10,3,13,13.0,535.2839666666666,0.0655128205128205,0.8516666666666668,9.355692850838482,13.0,17.56,24.0,0.0,1.0,0,0.0,1.0
17,25,static,0.2,1.0,25,6,4,13,13.0,553.1504666666667,0.08987179487179486,1.1683333333333332,10.835537190082645,13.0,15.96,24.0,0.0,1.0,0,0.0,1.0
18,25,static,0.2,0.92,23,8,3,11,11.0,539.4571636363637,0.08406611570247935,0.9247272727272727,8.219383259911893,11.0,15.656,22.0,0.0,1.0,0,0.0,1.0
19,25,static,0.2,1.0,25,8,3,13,13.0,541.0887333333334,0.07397435897435897,0.9616666666666668,10.25793327908869,13.0,16.92,24.0,0.0,1.0,0,0.0,1.0
20,25,static,0.2,1.0,25,9,3,14,14.0,538.3954666666667,0.06478571428571428,0.907,10.775762572135202,14.0,17.232,24.0,0.0,1.0,0,0.0,1.0
21,25,static,0.2,0.96,24,13,3,15,15.0,528.1785913043478,0.04673623188405797,0.7010434782608695,10.512389380530973,15.0,16.876,23.0,0.0,1.0,0,0.0,1.0
22,25,static,0.2,0.92,23,8,2,13,13.0,539.2504545454545,0.07117482517482518,0.9252727272727274,9.634977578475336,13.0,15.644,22.0,0.0,1.0,0,0.0,1.0
23,25,static,0.2,1.0,25,12,3,15,15.0,532.8503333333335,0.05237777777777777,0.7856666666666667,11.582644628099173,15.0,17.144,24.0,0.0,1.0,0,0.0,1.0
24,25,static,0.2,0.84,21,8,3,12,12.0,537.8463999999999,0.07429999999999999,0.8916000000000001,9.55813953488372,12.0,14.168,20.0,0.0,1.0,0,0.0,1.0
25,25,static,0.2,1.0,25,12,3,15,15.0,530.8402833333334,0.050722222222222224,0.7608333333333333,11.415450643776824,15.0,17.74,24.0,0.0,1.0,0,0.0,1.0
26,25,static,0.2,1.0,25,7,3,11,11.0,546.0714,0.09560606060606061,1.0516666666666665,9.698825503355705,11.0,16.76,24.0,0.0,1.0,0,0.0,1.0
27,25,static,0.2,1.0,25,11,3,13,13.0,535.1316833333334,0.06378205128205129,0.8291666666666666,10.296774193548387,13.0,17.1,24.0,0.0,1.0,0,0.0,1.0
28,25,static,0.2,1.0,25,10,3,12,12.0,538.5290666666667,0.07413888888888888,0.8896666666666667,8.836079077429984,12.0,16.648,24.0,0.0,1.0,0,0.0,1.0
29,25,static,0.2,1.0,25,8,3,14,14.0,540.7176500000002,0.06810714285714287,0.9535,11.9,14.0,17.116,24.0,0.0,1.0,0,0.0,1.0
30,25,static,0.2,1.0,25,9,2,14,14.0,537.6816333333334,0.06423809523809525,0.8993333333333333,11.322715842414082,14.0,17.416,24.0,0.0,1.0,0,0.0,1.0
31,25,static,0.2,1.0,25,13,2,15,15.0,528.3148666666667,0.04753333333333333,0.713,10.537759336099585,15.0,17.888,24.0,0.0,1.0,0,0.0,1.0
32,25,static,0.2,1.0,25,12,3,15,15.0,531.9385333333335,0.05173333333333333,0.776,11.297253634894991,15.0,17.376,24.0,0.0,1.0,0,0.0,1.0
33,25,static,0.2,1.0,25,8,3,10,10.0,541.32225,0.09591666666666668,0.9591666666666667,7.983911939034717,10.0,16.98,24.0,0.0,1.0,0,0.0,1.0
34,25,static,0.2,1.0,25,9,3,12,12.0,541.0882333333334,0.07819444444444444,0.9383333333333334,9.512458471760798,12.0,16.48,24.0,0.0,1.0,0,0.0,1.0
35,25,static,0.2,1.0,25,13,3,14,14.0,531.0306833333334,0.05325,0.7455,9.854200988467875,14.0,17.108,24.0,0.0,1.0,0,0.0,1.0
36,25,static,0.2,1.0,25,10,3,13,13.0,535.6274666666668,0.06582051282051282,0.8556666666666668,9.840968020743302,13.0,17.464,24.0,0.0,1.0,0,0.0,1.0
37,25,static,0.2,0.84,21,8,2,9,9.0,542.5111800000002,0.1102888888888889,0.9926,7.1543560606060606,9.0,14.148,20.0,0.0,1.0,0,0.0,1.0
38,25,static,0.2,0.84,21,6,2,10,10.0,543.1918600000001,0.10014,1.0014,8.195211786372008,10.0,13.972,20.0,0.0,1.0,0,0.0,1.0
39,25,static,0.2,1.0,25,7,3,10,10.0,543.5422833333334,0.10058333333333333,1.0058333333333334,7.5561224489795915,10.0,16.86,24.0,0.0,1.0,0,0.0,1.0
0,25,bsps,0.2,1.0,25,7,3,11,8.356,534.5769333333335,0.09428666426166427,0.7891666666666668,40.06284805091488,109.0,9.164,16.3,0.44020903781125115,0.6864474739374499,0,0.3317422434367542,1.0
1,25,bsps,0.2,1.0,25,7,3,11,7.664,532.3305833333334,0.09854956108706109,0.7548333333333332,42.10815173527038,108.0,9.148,15.816,0.4375581035017044,0.6849960722702279,0,0.3583535108958838,1.0
2,25,bsps,0.2,1.0,25,8,3,11,8.624,526.96465,0.07614974747474747,0.6568333333333333,41.73615635179153,109.0,9.296,15.484,0.44318875992669515,0.6924959216965743,0,0.3493485342019544,1.0
3,25,bsps,0.2,1.0,25,8,3,13,9.38,529.8204833333334,0.07430388407888408,0.6996666666666668,41.756058158319874,110.0,9.316,16.224,0.4379157427937916,0.6772030651340997,0,0.345718901453958,1.0
4,25,bsps,0.2,1.0,25,8,2,12,8.828,525.9245333333334,0.07314223184223184,0.6431666666666668,41.60919540229885,109.0,9.72,15.76,0.44607549430796883,0.6901893287435457,0,0.35013262599469497,1.0
5,25,bsps,0.2,1.0,25,8,3,14,9.748,527.9066000000001,0.06894467661967661,0.6708333333333333,41.13953488372093,110.0,9.284,15.732,0.4442513756154069,0.7031611410948342,0,0.33279871692060947,1.0
6,25,bsps,0.2,0.96,24,10,3,13,8.82,523.3302086956522,0.06724975218018696,0.5878260869565217,40.356824264049955,109.0,9.092,14.8,0.4497307001795332,0.7115716753022453,0,0.33987511150758254,1.0
7,25,bsps,0.2,1.0,25,11,3,14,9.744,524.4353500000001,0.06188692788692788,0.6016666666666668,40.2005033557047,110.0,9.644,16.024,0.4458293384467881,0.7011596788581623,0,0.33053691275167785,1.0
8,25,bsps,0.2,1.0,25,9,3,14,9.56,526.2276666666668,0.06723464914714916,0.6391666666666668,39.95375722543353,110.0,9.32,15.6,0.44826597879048435,0.7105471847739889,0,0.3236994219653179,1.0
9,25,bsps,0.2,1.0,25,11,3,14,9.696,523.0027500000001,0.06019478068228068,0.5801666666666666,42.50242326332795,110.0,9.404,15.512,0.44326343004883656,0.6910953506698188,0,0.35379644588045234,1.0
10,25,bsps,0.2,1.0,25,11,3,13,9.092,523.7245666666668,0.06505216450216449,0.5901666666666667,40.89804241435563,109.0,9.536,15.824,0.44100447196422426,0.6898444647758463,0,0.3466557911908646,1.0
11,25,bsps,0.2,1.0,25,7,4,10,7.692,537.0791666666668,0.10840800264550265,0.8333333333333333,38.88676103247294,108.0,9.312,16.544,0.44065335753176044,0.6733668341708543,0,0.32306411323896755,1.0
12,25,bsps,0.2,1.0,25,7,3,12,8.996,530.0374833333334,0.07867499398749397,0.7083333333333333,42.92196776929601,109.0,9.364,16.024,0.4405186385737439,0.6832618025751073,0,0.35793044953350295,1.0
13,25,bsps,0.2,1.0,25,7,3,10,8.528,532.4987333333333,0.08779520202020202,0.7461666666666666,39.39531123686338,109.0,9.336,16.504,0.43658536585365854,0.679646017699115,0,0.32740501212611156,1.0
14,25,bsps,0.2,1.0,25,9,3,12,8.952,527.9086000000001,0.0746340909090909,0.6655,38.985144644253324,109.0,9.384,16.128,0.4418765091410831,0.6948228882833788,0,0.3229085222830336,1.0
15,25,bsps,0.2,1.0,25,8,3,12,8.792,530.3309500000001,0.08168339345839346,0.714,38.21190476190476,109.0,9.34,16.064,0.44402661266994503,0.7022428460943542,0,0.3134920634920635,1.0
16,25,bsps,0.2,1.0,25,10,3,13,9.012,523.3164666666667,0.0656525553150553,0.5911666666666666,43.42188879082083,109.0,9.736,15.592,0.44507632445375633,0.6816220880069025,0,0.36893203883495146,1.0
17,25,bsps,0.2,1.0,25,6,4,13,8.824,539.3410166666667,0.09852377946127946,0.865,38.52396694214876,110.0,9.028,16.64,0.44489657511020686,0.6917221693625119,0,0.31074380165289256,1.0
18,25,bsps,0.2,0.92,23,8,3,11,7.624,526.9243636363636,0.08548448773448773,0.6510909090909092,41.02114537444934,108.0,8.44,14.288,0.4416475972540046,0.6977329974811083,0,0.3524229074889868,1.0
19,25,bsps,0.2,1.0,25,8,3,13,9.42,527.5162333333334,0.0707305796055796,0.6665,40.49308380797396,110.0,9.616,16.048,0.44302585381423554,0.683974932855864,0,0.33279088689991865,1.0
20,25,bsps,0.2,1.0,25,9,3,14,9.428,526.1795500000001,0.06781495032745033,0.6391666666666668,42.917559769167354,109.0,9.28,15.596,0.4413561392791692,0.6835236541598695,0,0.3577906018136851,1.0
21,25,bsps,0.2,0.96,24,13,3,15,10.088,518.9495826086958,0.05020044207000728,0.5034782608695653,43.90088495575221,110.0,9.264,14.82,0.4430422919508868,0.6835205992509363,0,0.36902654867256635,1.0
22,25,bsps,0.2,0.92,23,8,2,13,9.552,526.4210181818182,0.06703152705879978,0.6447272727272727,40.219730941704036,110.0,8.772,14.628,0.44482522275531183,0.7033271719038817,0,0.33004484304932735,1.0
23,25,bsps,0.2,1.0,25,12,3,15,10.184,522.9716,0.0568600135975136,0.5735,41.40826446280992,111.0,9.712,16.0,0.4429957550030321,0.6855241264559068,0,0.33801652892561984,1.0
24,25,bsps,0.2,0.84,21,8,3,12,8.676,525.8693600000001,0.07255127705627706,0.6304,38.064922480620154,109.0,7.872,13.24,0.44696673189823877,0.7111111111111111,0,0.312015503875969,1.0
25,25,bsps,0.2,1.0,25,12,3,15,10.104,520.58,0.05370559995559995,0.5375,41.74163090128755,110.0,9.68,15.432,0.4484899802427321,0.6951118475559238,0,0.3424892703862661,1.0
26,25,bsps,0.2,1.0,25,7,3,11,8.108,531.56635,0.09088421115921116,0.7385000000000002,42.5998322147651,109.0,9.256,15.86,0.44241842610364684,0.6823843416370107,0,0.35570469798657717,1.0
27,25,bsps,0.2,1.0,25,11,3,13,9.128,524.7631833333334,0.06722600917600918,0.6055,43.258870967741935,110.0,9.364,15.728,0.4388198757763975,0.69296875,0,0.3604838709677419,1.0
28,25,bsps,0.2,1.0,25,10,3,12,8.548,526.9569,0.07563872655122655,0.6441666666666667,39.25947281713344,109.0,9.296,15.944,0.44224422442244227,0.6959921798631477,0,0.33031301482701814,1.0
29,25,bsps,0.2,1.0,25,8,3,14,9.34,527.66245,0.07245652171902173,0.6688333333333333,40.90909090909091,110.0,9.448,15.788,0.4460616438356164,0.6982343499197432,0,0.3330578512396694,1.0
30,25,bsps,0.2,1.0,25,9,2,14,9.06,525.1247000000001,0.06900846190846191,0.6236666666666667,39.36881810561609,109.0,9.6,15.656,0.44767607641859136,0.7087691069991955,0,0.3235540653813915,1.0
31,25,bsps,0.2,1.0,25,13,2,15,9.664,518.63855,0.052427211214711215,0.5028333333333332,42.9609958506224,109.0,9.652,15.24,0.442604226156482,0.6834935897435898,0,0.3634854771784232,1.0
32,25,bsps,0.2,1.0,25,12,3,15,10.344,521.3636166666666,0.0530507548007548,0.5491666666666667,41.41276252019386,111.0,9.628,15.616,0.44454490657022305,0.6895093062605753,0,0.3368336025848142,1.0
33,25,bsps,0.2,1.0,25,8,3,10,7.328,528.5862166666667,0.09380039682539681,0.6823333333333332,39.93564775613886,108.0,9.528,15.98,0.445010183299389,0.6897533206831119,0,0.3420829805249788,1.0
34,25,bsps,0.2,1.0,25,9,3,12,9.44,529.2512333333334,0.07270368566618567,0.6858333333333334,37.941029900332225,110.0,9.524,16.38,0.4468951476077367,0.7018043684710351,0,0.30564784053156147,1.0
35,25,bsps,0.2,1.0,25,13,3,14,9.828,521.6303000000001,0.055846826321826325,0.5476666666666667,39.78418451400329,110.0,9.604,15.82,0.4446714334354784,0.6999059266227657,0,0.328665568369028,1.0
36,25,bsps,0.2,1.0,25,10,3,13,9.016,524.3444333333333,0.0678712777962778,0.6081666666666666,39.26447709593777,109.0,9.716,15.78,0.44933135215453196,0.6986784140969163,0,0.3258426966292135,1.0
37,25,bsps,0.2,0.84,21,8,2,9,6.808,528.31956,0.10003722222222222,0.6822,41.90435606060606,107.0,7.672,13.0,0.4390515005557614,0.6822074215033301,0,0.3664772727272727,1.0
38,25,bsps,0.2,0.84,21,6,2,10,7.4,529.3930600000001,0.09416690476190476,0.6984,39.65561694290976,108.0,7.76,13.364,0.4371718585929297,0.6902887139107612,0,0.3379373848987109,1.0
39,25,bsps,0.2,1.0,25,7,3,10,7.916,529.8093500000001,0.08987566137566137,0.7073333333333333,37.89540816326531,108.0,9.5,16.04,0.44928400954653935,0.7073170731707317,0,0.31887755102040816,1.0
0,25,baps,0.2,1.0,25,7,3,11,7.5,529.5996000000001,0.07032954545454544,0.6893333333333332,48.703261734287985,111.0,7.956,14.5,0.558433354390398,0.638680659670165,0,0.4033412887828162,1.0
1,25,baps,0.2,1.0,25,7,3,11,7.0,526.9643666666667,0.06185353535353536,0.6461666666666668,52.549636803874094,111.0,7.492,13.5,0.5621264548600189,0.6495079485238455,0,0.4374495560936239,1.0
2,25,baps,0.2,1.0,25,8,3,11,6.5,522.4104666666667,0.054628787878787874,0.5656666666666667,51.30944625407166,111.0,7.424,13.0,0.5596046942557134,0.652931854199683,0,0.42915309446254074,1.0
3,25,baps,0.2,1.0,25,8,3,13,7.0,524.4853833333334,0.04926923076923077,0.5925,58.18659127625202,113.0,6.28,12.5,0.5591760299625468,0.6462962962962963,0,0.48222940226171246,1.0
4,25,baps,0.2,1.0,25,8,2,12,6.5,521.5297,0.049138888888888885,0.5566666666666666,55.92307692307692,112.0,7.14,12.5,0.5561270801815431,0.6552301255230125,0,0.47214854111405835,1.0
5,25,baps,0.2,1.0,25,8,3,14,8.0,522.9642000000001,0.04369047619047619,0.5726666666666667,59.112269446672016,114.0,7.256,13.0,0.5576119402985075,0.6378571428571429,0,0.4747393744987971,1.0
6,25,baps,0.2,0.96,24,10,3,13,6.776,519.0926260869566,0.04070903010033444,0.5041739130434784,58.834968777876895,113.0,6.68,11.776,0.5542909873884958,0.6413130504403523,0,0.49955396966993754,1.0
7,25,baps,0.2,1.0,25,11,3,14,7.0,519.2766666666666,0.03596428571428571,0.5035,60.99244966442953,114.0,6.416,12.0,0.5536005213424569,0.6392887383573242,0,0.5050335570469798,1.0
8,25,baps,0.2,1.0,25,9,3,14,7.5,521.3639166666668,0.04272619047619047,0.544,56.05367464905037,114.0,6.944,12.5,0.5596971461852067,0.6557750759878419,0,0.45664739884393063,1.0
9,25,baps,0.2,1.0,25,11,3,14,7.5,519.03705,0.039702380952380954,0.5016666666666667,58.90468497576737,114.0,6.96,12.5,0.5546367395156527,0.6356304985337243,0,0.49353796445880455,1.0
10,25,baps,0.2,1.0,25,11,3,13,6.8,519.7160666666666,0.04032051282051282,0.5101666666666667,58.65252854812398,113.0,6.556,12.3,0.5579021471312918,0.6419327006039689,0,0.499184339314845,1.0
11,25,baps,0.2,1.0,25,7,4,10,6.0,529.04215,0.07121666666666666,0.6761666666666667,54.11240632805995,110.0,6.772,13.0,0.5556784660766961,0.6454720616570327,0,0.4579517069109076,1.0
12,25,baps,0.2,1.0,25,7,3,12,6.596,524.6127166666668,0.052444444444444446,0.6003333333333333,61.20186598812553,112.0,6.688,12.596,0.5558131831732361,0.6368805848903331,0,0.5165394402035624,1.0
13,25,baps,0.2,1.0,25,7,3,10,5.5,525.7846333333334,0.06543333333333334,0.6138333333333333,55.84074373484236,110.0,6.268,12.5,0.559052333804809,0.6424914675767918,0,0.48100242522231207,1.0
14,25,baps,0.2,1.0,25,9,3,12,6.5,522.3842166666667,0.05104166666666667,0.5593333333333332,56.33072713057076,112.0,6.576,12.5,0.5567662565905097,0.6398268398268399,0,0.4761532447224394,1.0
15,25,baps,0.2,1.0,25,8,3,12,7.0,524.4673500000001,0.05369444444444444,0.5993333333333333,55.35,112.0,7.116,13.0,0.5547640249332146,0.6335988414192614,0,0.4642857142857143,1.0
16,25,baps,0.2,1.0,25,10,3,13,7.064,519.6199166666668,0.043833333333333335,0.5161666666666667,55.0008826125331,113.0,7.176,12.564,0.5535335153169548,0.6467165419783873,0,0.4589585172109444,1.0
17,25,baps,0.2,1.0,25,6,4,13,7.5,531.088,0.06942307692307693,0.7081666666666667,56.98347107438016,113.0,7.004,13.5,0.551219512195122,0.6300884955752213,0,0.4652892561983471,1.0
18,25,baps,0.2,0.92,23,8,3,11,6.5,522.2457272727273,0.053595041322314046,0.5576363636363636,55.46696035242291,111.0,6.732,12.0,0.5566037735849056,0.6310452418096724,0,0.4748898678414097,1.0
19,25,baps,0.2,1.0,25,8,3,13,7.5,523.1224166666667,0.04814102564102563,0.5781666666666667,55.6826688364524,113.0,7.124,13.0,0.5527768756089639,0.6387702818104184,0,0.4580960130187144,1.0
20,25,baps,0.2,1.0,25,9,3,14,8.0,521.9139500000001,0.04278571428571429,0.553,57.09563066776587,114.0,7.228,13.0,0.558768656716418,0.647196261682243,0,0.4666117065127782,1.0
21,25,baps,0.2,0.96,24,13,3,15,8.0,516.1252695652174,0.03377391304347826,0.44573913043478264,60.733628318584074,115.0,6.748,12.0,0.5531544092018125,0.6348364279398763,0,0.5053097345132743,1.0
22,25,baps,0.2,0.92,23,8,2,13,6.608,521.6934727272728,0.043874125874125876,0.552909090909091,58.93363228699552,113.0,5.944,11.108,0.554420570623459,0.6330749354005168,0,0.49327354260089684,1.0
23,25,baps,0.2,1.0,25,12,3,15,7.5,518.4322833333334,0.032322222222222224,0.4848333333333334,61.83057851239669,115.0,6.364,12.0,0.5560037232392181,0.6413469068128426,0,0.5024793388429752,1.0
24,25,baps,0.2,0.84,21,8,3,12,6.5,521.17376,0.049333333333333326,0.5392,56.007751937984494,112.0,5.716,10.5,0.5571142284569138,0.6417910447761194,0,0.46705426356589147,1.0
25,25,baps,0.2,1.0,25,12,3,15,7.5,516.9246833333334,0.03105555555555556,0.4658333333333334,62.488412017167384,115.0,6.82,12.0,0.5524718126626192,0.6405886909372579,0,0.5107296137339056,1.0
26,25,baps,0.2,1.0,25,7,3,11,6.084,525.5995,0.05933333333333333,0.6183333333333333,57.75503355704698,111.0,6.744,12.584,0.5540672982685397,0.63919259882254,0,0.4823825503355705,1.0
27,25,baps,0.2,1.0,25,11,3,13,7.0,519.7303,0.04237179487179487,0.5068333333333334,58.39032258064516,113.0,6.836,12.5,0.5587492103600759,0.6394302848575713,0,0.4830645161290323,1.0
28,25,baps,0.2,1.0,25,10,3,12,7.016,522.0420333333334,0.04823611111111111,0.545,53.62355848434926,112.0,6.936,13.016,0.562081784386617,0.6575471698113208,0,0.45057660626029655,1.0
29,25,baps,0.2,1.0,25,8,3,14,7.5,522.6664666666667,0.04435714285714285,0.569,57.92314049586777,114.0,6.844,12.5,0.5580174927113702,0.6507575757575758,0,0.4628099173553719,1.0
30,25,baps,0.2,1.0,25,9,2,14,7.5,520.7969333333334,0.0418452380952381,0.5381666666666667,59.71835708298407,113.0,7.084,12.5,0.5555230002929974,0.6417352281226627,0,0.4861693210393965,1.0
31,25,baps,0.2,1.0,25,13,2,15,8.192,516.0295166666667,0.03346111111111111,0.449,57.27883817427386,115.0,7.416,12.692,0.555231710871466,0.643669446550417,0,0.4705394190871369,1.0
32,25,baps,0.2,1.0,25,12,3,15,7.86,517.8868666666667,0.03459999999999999,0.47933333333333333,57.26898222940226,115.0,6.856,12.36,0.558175137783221,0.6539708265802269,0,0.46122778675282716,1.0
33,25,baps,0.2,1.0,25,8,3,10,5.52,523.2712333333334,0.06168333333333334,0.5756666666666668,56.12023708721423,110.0,6.704,12.52,0.555632582322357,0.6439461883408072,0,0.48348856900931414,1.0
34,25,baps,0.2,1.0,25,9,3,12,6.58,523.1853000000001,0.05084722222222223,0.5661666666666666,57.611295681063126,112.0,6.492,12.58,0.5553615089067412,0.6394019349164468,0,0.4833887043189369,1.0
35,25,baps,0.2,1.0,25,13,3,14,7.136,517.55975,0.034416666666666665,0.46666666666666673,61.75617792421746,114.0,6.436,12.136,0.5539112050739958,0.6316695352839932,0,0.5197693574958814,1.0
36,25,baps,0.2,1.0,25,10,3,13,7.0,520.2235333333334,0.04446153846153847,0.524,55.0933448573898,113.0,6.924,12.5,0.5581818181818182,0.66,0,0.4546240276577355,1.0
37,25,baps,0.2,0.84,21,8,2,9,5.0,523.67876,0.07119999999999999,0.5896,55.80587121212121,109.0,5.708,10.5,0.5553875236294896,0.632579185520362,0,0.48863636363636365,1.0
38,25,baps,0.2,0.84,21,6,2,10,5.0,523.8062800000001,0.059,0.59,58.93186003683241,110.0,5.2,10.0,0.5579971181556196,0.6315359477124183,0,0.507366482504604,1.0
39,25,baps,0.2,1.0,25,7,3,10,5.908,524.2889,0.061927777777777776,0.5965,53.677721088435376,110.0,7.1,12.908,0.5554876184653011,0.6476810414971521,0,0.46343537414965985,1.0
0,25,ewma,0.2,1.0,25,7,3,11,8.184,533.4434000000001,0.09310865800865802,0.762,40.82736674622116,108.0,8.496,15.648,0.48964451313755797,0.6774703557312253,0,0.3412887828162291,1.0
1,25,ewma,0.2,1.0,25,7,3,11,7.488,530.9699166666668,0.09687420634920635,0.7245,40.67958030669895,108.0,8.52,15.148,0.4908809891808346,0.6909090909090909,0,0.34624697336561744,1.0
2,25,ewma,0.2,1.0,25,8,3,11,8.288,525.2746000000001,0.07535465367965366,0.6226666666666666,46.69951140065147,109.0,8.608,14.632,0.49122807017543857,0.6642685851318945,0,0.4014657980456026,1.0
3,25,ewma,0.2,1.0,25,8,3,13,9.024,528.6114500000001,0.07498773772523772,0.6738333333333333,43.394991922455574,109.0,8.82,15.664,0.4879316747122169,0.6641438032166509,0,0.3667205169628433,1.0
4,25,ewma,0.2,1.0,25,8,2,12,8.492,524.4890833333334,0.07212881794131795,0.612,43.62864721485411,109.0,9.088,15.036,0.4977497749774977,0.6829477292202228,0,0.3731211317418214,1.0
5,25,ewma,0.2,1.0,25,8,3,14,9.34,526.5379,0.06864385614385614,0.6421666666666668,44.01202886928629,110.0,8.612,14.972,0.49171270718232046,0.6811594202898551,0,0.3640737770649559,1.0
6,25,ewma,0.2,0.96,24,10,3,13,8.56,522.3746782608696,0.06663598092728527,0.5664347826086956,46.00892060660125,109.0,8.428,14.116,0.4902439024390244,0.6647540983606557,0,0.39875111507582517,1.0
7,25,ewma,0.2,1.0,25,11,3,14,9.552,523.4355333333334,0.06065335775335774,0.58,40.16442953020134,109.45000000000005,9.08,15.456,0.49680102367242485,0.6868327402135231,0,0.33305369127516776,1.0
8,25,ewma,0.2,1.0,25,9,3,14,9.116,525.2560833333333,0.06792201918451919,0.6175,43.70767960363336,110.0,8.692,14.968,0.48970716149608584,0.6787086856264412,0,0.365813377374071,1.0
9,25,ewma,0.2,1.0,25,11,3,14,9.26,521.9642500000001,0.06071264615014615,0.5581666666666666,44.966074313408726,109.0,8.74,14.768,0.4908985842242127,0.6749418153607447,0,0.38206785137318255,1.0
10,25,ewma,0.2,1.0,25,11,3,13,8.776,522.5988166666666,0.06479004930254931,0.5661666666666667,44.080750407830344,109.0,8.896,15.116,0.49011446409989595,0.657117278424351,0,0.3809135399673736,1.0
11,25,ewma,0.2,1.0,25,7,4,10,7.372,536.1518500000001,0.11010059523809523,0.8101666666666666,40.24313072439634,108.0,8.74,16.008,0.4917612596118638,0.6653581943081452,0,0.33971690258118237,1.0
12,25,ewma,0.2,1.0,25,7,3,12,8.972,529.1403833333334,0.07629472101972101,0.6865,40.02883799830365,110.0,8.752,15.476,0.49726951493735944,0.7018469656992085,0,0.3299406276505513,1.0
13,25,ewma,0.2,1.0,25,7,3,10,8.396,531.5559166666667,0.08647552308802309,0.7235,40.585286984640256,108.0,8.756,15.928,0.4869018512050297,0.6728232189973615,0,0.3403395311236863,1.0
14,25,ewma,0.2,1.0,25,9,3,12,8.732,527.0696,0.07419478114478115,0.6455,41.05003909304144,109.0,8.828,15.564,0.4870810055865922,0.6716549295774648,0,0.3455824863174355,1.0
15,25,ewma,0.2,1.0,25,8,3,12,8.652,529.2549333333334,0.07988674242424243,0.6901666666666667,42.06349206349206,109.0,8.764,15.476,0.4866997953814674,0.6711813393528969,0,0.3531746031746032,1.0
16,25,ewma,0.2,1.0,25,10,3,13,8.768,522.5110666666667,0.06509648268398269,0.5713333333333334,43.66195939982348,109.0,9.004,14.908,0.4959300572806753,0.6703296703296703,0,0.3715798764342454,1.0
17,25,ewma,0.2,1.0,25,6,4,13,8.528,537.9022666666667,0.09786286075036076,0.8355000000000001,42.23719008264463,109.0,8.536,16.04,0.48933975240715266,0.6575091575091575,0,0.3495867768595041,1.0
18,25,ewma,0.2,0.92,23,8,3,11,7.428,525.6190909090909,0.08332871572871574,0.6236363636363635,45.74977973568282,108.0,7.828,13.612,0.48578042328042326,0.6639477977161501,0,0.4008810572687225,1.0
19,25,ewma,0.2,1.0,25,8,3,13,9.272,526.7944500000001,0.0697758658008658,0.6476666666666666,40.8340113913751,110.0,9.008,15.524,0.49006410256410254,0.6761061946902654,0,0.33767290480065093,1.0
20,25,ewma,0.2,1.0,25,9,3,14,9.12,525.0983833333333,0.06742881655381655,0.6153333333333333,44.24484748557296,109.0,8.66,14.936,0.4900214921707092,0.670957361222848,0,0.3742786479802143,1.0
21,25,ewma,0.2,0.96,24,13,3,15,9.708,518.4753739130435,0.050621566838958146,0.4907826086956522,45.27345132743363,110.0,8.564,14.196,0.49142661179698216,0.6780442804428044,0,0.3858407079646018,1.0
22,25,ewma,0.2,0.92,23,8,2,13,9.4,525.2260181818183,0.06572737767283224,0.6189090909090909,44.2457399103139,109.29999999999995,8.28,14.108,0.4875,0.6705357142857142,0,0.3721973094170404,1.0
23,25,ewma,0.2,1.0,25,12,3,15,9.86,522.2778833333334,0.05673344572094573,0.5568333333333334,43.33471074380165,110.0,9.068,15.368,0.48977723527616723,0.6737530662305805,0,0.3603305785123967,1.0
24,25,ewma,0.2,0.84,21,8,3,12,8.472,524.65632,0.07116093795093795,0.6049999999999999,43.6124031007752,109.0,7.344,12.672,0.4880857823669579,0.670061099796334,0,0.3701550387596899,1.0
25,25,ewma,0.2,1.0,25,12,3,15,9.596,519.4330500000001,0.05475946368446369,0.514,46.197424892703864,110.0,8.996,14.664,0.4945652173913043,0.6634768740031898,0,0.392274678111588,1.0
26,25,ewma,0.2,1.0,25,7,3,11,8.096,530.8266000000001,0.08857208994708995,0.7186666666666667,44.53691275167785,109.0,8.668,15.348,0.4899676375404531,0.6620689655172414,0,0.37583892617449666,1.0
27,25,ewma,0.2,1.0,25,11,3,13,8.756,524.0516166666667,0.06840351454101455,0.5900000000000001,44.68709677419355,110.0,8.788,15.12,0.4859638178415471,0.6808346213292118,0,0.3782258064516129,1.0
28,25,ewma,0.2,1.0,25,10,3,12,8.308,525.6678166666667,0.07445233886483886,0.6181666666666668,44.21828665568369,109.0,8.708,15.256,0.48921933085501856,0.6641509433962264,0,0.38138385502471167,1.0
29,25,ewma,0.2,1.0,25,8,3,14,8.864,526.7991000000001,0.07387853442853443,0.6481666666666667,42.44297520661157,109.0,8.748,15.116,0.49166666666666664,0.6748031496062992,0,0.3537190082644628,1.0
30,25,ewma,0.2,1.0,25,9,2,14,8.816,524.1940000000001,0.0681927133052133,0.6013333333333333,43.2070410729254,109.0,8.896,15.016,0.49320612893899973,0.6769945778466305,0,0.36462699077954736,1.0
31,25,ewma,0.2,1.0,25,13,2,15,9.224,517.6904833333334,0.05246827154327154,0.4818333333333334,45.55435684647303,109.0,8.9,14.456,0.4932451853981029,0.6695515342250197,0,0.3933609958506224,1.0
32,25,ewma,0.2,1.0,25,12,3,15,9.984,520.4960500000001,0.05363940365190365,0.5296666666666667,45.11470113085622,110.0,8.884,14.88,0.4938949938949939,0.6642156862745098,0,0.3788368336025848,1.0
33,25,ewma,0.2,1.0,25,8,3,10,7.096,527.9701166666667,0.09430119047619048,0.6656666666666666,41.97967823878069,108.0,8.88,15.412,0.4908526061442872,0.6636446056210336,0,0.3640982218458933,1.0
34,25,ewma,0.2,1.0,25,9,3,12,9.312,528.3692500000001,0.07162656325156326,0.6655,40.37458471760797,109.0,9.052,15.904,0.49332420403971244,0.6774791473586654,0,0.33222591362126247,1.0
35,25,ewma,0.2,1.0,25,13,3,14,9.664,521.2095333333334,0.05605316905316905,0.5368333333333333,41.411037891268535,110.0,9.132,15.38,0.49244505494505497,0.6801470588235294,0,0.3467874794069193,1.0
36,25,ewma,0.2,1.0,25,10,3,13,8.644,523.2237500000001,0.06874101731601732,0.5836666666666667,44.45462402765774,109.0,9.036,15.048,0.49578313253012046,0.6652542372881356,0,0.3802938634399309,1.0
37,25,ewma,0.2,0.84,21,8,2,9,6.604,527.12226,0.09885539682539682,0.655,40.57575757575758,107.0,7.104,12.46,0.4933677229182019,0.6814671814671814,0,0.35511363636363635,1.0
38,25,ewma,0.2,0.84,21,6,2,10,7.084,527.6918600000001,0.09388238095238095,0.6635999999999999,40.12799263351749,107.0,7.24,12.74,0.48901290547610743,0.676081200353045,0,0.3462246777163904,1.0
39,25,ewma,0.2,1.0,25,7,3,10,7.664,528.5983333333335,0.0893545695045695,0.6798333333333333,43.784013605442176,108.0,8.804,15.308,0.49026171637248933,0.6639209225700164,0,0.3792517006802721,1.0
0,25,oracle,0.2,1.0,25,7,3,11,4.86,523.2724833333333,0.10163948412698413,0.507,4.099443118536198,7.0,0.0,7.66,1.0,1.0,0,0.0,1.0
1,25,oracle,0.2,1.0,25,7,3,11,4.44,520.9372999999999,0.1028138888888889,0.4715,3.7764326069410816,6.0,0.0,7.176,1.0,1.0,0,0.0,1.0
2,25,oracle,0.2,1.0,25,8,3,11,4.524,517.65715,0.09163432539682541,0.422,3.797231270358306,7.0,0.0,6.732,1.0,1.0,0,0.0,1.0
3,25,oracle,0.2,1.0,25,8,3,13,5.24,520.9574666666666,0.08786468253968255,0.4723333333333334,4.20032310177706,7.0,0.0,7.52,1.0,1.0,0,0.0,1.0
4,25,oracle,0.2,1.0,25,8,2,12,4.428,515.7727833333333,0.0869186507936508,0.3935,3.5649867374005306,6.0,0.0,6.436,1.0,1.0,0,0.0,1.0
5,25,oracle,0.2,1.0,25,8,3,14,4.904,518.3647333333333,0.0873843253968254,0.4328333333333333,4.132317562149158,7.0,0.0,6.928,1.0,1.0,0,0.0,1.0
6,25,oracle,0.2,0.96,24,10,3,13,4.4,515.1975826086957,0.08565583160800551,0.3848695652173913,3.597680642283675,6.0,0.0,6.124,1.0,1.0,0,0.0,1.0
7,25,oracle,0.2,1.0,25,11,3,14,5.024,516.7780833333335,0.07978968253968255,0.4091666666666666,3.8833892617449663,7.0,0.0,6.892,1.0,1.0,0,0.0,1.0
8,25,oracle,0.2,1.0,25,9,3,14,4.824,517.3004166666667,0.0850660052910053,0.41666666666666663,4.094962840627581,7.0,0.0,6.716,1.0,1.0,0,0.0,1.0
9,25,oracle,0.2,1.0,25,11,3,14,4.84,515.3545833333334,0.07869616402116401,0.3875,3.762520193861066,6.0,0.0,6.58,1.0,1.0,0,0.0,1.0
10,25,oracle,0.2,1.0,25,11,3,13,4.768,516.5565833333334,0.08297617845117844,0.4058333333333334,3.6541598694942903,6.0,0.0,6.868,1.0,1.0,0,0.0,1.0
11,25,oracle,0.2,1.0,25,7,4,10,4.676,525.7770166666667,0.11274484126984126,0.5446666666666667,4.074104912572856,6.0,0.0,7.916,1.0,1.0,0,0.0,1.0
12,25,oracle,0.2,1.0,25,7,3,12,5.036,519.64685,0.0866704365079365,0.4521666666666666,4.291772688719254,7.0,0.0,7.092,1.0,1.0,0,0.0,1.0
13,25,oracle,0.2,1.0,25,7,3,10,5.036,522.6290833333334,0.09623253968253968,0.4975,4.1188358932902185,7.0,0.0,7.708,1.0,1.0,0,0.0,1.0
14,25,oracle,0.2,1.0,25,9,3,12,5.02,519.4302,0.08788630952380953,0.44933333333333336,3.965598123534011,7.0,0.0,7.344,1.0,1.0,0,0.0,1.0
15,25,oracle,0.2,1.0,25,8,3,12,4.864,520.1727833333334,0.09261210317460317,0.4601666666666666,3.980952380952381,6.0,0.0,7.204,1.0,1.0,0,0.0,1.0
16,25,oracle,0.2,1.0,25,10,3,13,4.48,515.2459666666666,0.08407929894179896,0.3856666666666666,3.5754633715798763,6.0,0.0,6.44,1.0,1.0,0,0.0,1.0
17,25,oracle,0.2,1.0,25,6,4,13,5.124,527.3433,0.10884153439153439,0.5681666666666666,4.647107438016529,7.0,0.0,8.04,1.0,1.0,0,0.0,1.0
18,25,oracle,0.2,0.92,23,8,3,11,4.156,518.1995272727274,0.09977922077922079,0.4303636363636364,3.405286343612335,6.0,0.0,6.344,1.0,1.0,0,0.0,1.0
19,25,oracle,0.2,1.0,25,8,3,13,5.188,518.3489000000001,0.08136342592592592,0.4328333333333333,4.240846216436127,7.0,0.0,7.08,1.0,1.0,0,0.0,1.0
20,25,oracle,0.2,1.0,25,9,3,14,4.752,517.3398000000001,0.08509345238095238,0.41733333333333333,3.8573784006595218,7.0,0.0,6.768,1.0,1.0,0,0.0,1.0
21,25,oracle,0.2,0.96,24,13,3,15,4.768,513.4912869565218,0.07339503105590062,0.35947826086956525,3.6221238938053095,7.0,0.0,6.124,1.0,1.0,0,0.0,1.0
22,25,oracle,0.2,0.92,23,8,2,13,4.968,517.5628181818182,0.08192640692640693,0.4209090909090909,4.191928251121076,7.0,0.0,6.356,1.0,1.0,0,0.0,1.0
23,25,oracle,0.2,1.0,25,12,3,15,4.836,516.4458333333332,0.08136474867724869,0.4041666666666666,3.7454545454545456,7.0,0.0,6.856,1.0,1.0,0,0.0,1.0
24,25,oracle,0.2,0.84,21,8,3,12,4.508,517.6966,0.09007722222222223,0.423,3.937015503875969,7.0,0.0,5.832,1.0,1.0,0,0.0,1.0
25,25,oracle,0.2,1.0,25,12,3,15,4.632,513.7191166666668,0.07591468253968253,0.3626666666666667,3.6927038626609443,7.0,0.0,6.26,1.0,1.0,0,0.0,1.0
26,25,oracle,0.2,1.0,25,7,3,11,4.604,521.4682333333333,0.10033293650793651,0.4795,4.108221476510067,7.0,0.0,7.24,1.0,1.0,0,0.0,1.0
27,25,oracle,0.2,1.0,25,11,3,13,4.692,517.5948500000001,0.0876704365079365,0.42133333333333334,3.789516129032258,7.0,0.0,6.9,1.0,1.0,0,0.0,1.0
28,25,oracle,0.2,1.0,25,10,3,12,4.82,519.8885666666667,0.09182109788359787,0.45616666666666666,3.7199341021416803,6.0,0.0,7.352,1.0,1.0,0,0.0,1.0
29,25,oracle,0.2,1.0,25,8,3,14,4.688,518.2573166666666,0.08965952380952381,0.4311666666666667,3.9289256198347107,7.0,0.0,6.884,1.0,1.0,0,0.0,1.0
30,25,oracle,0.2,1.0,25,9,2,14,4.552,516.2389666666667,0.08708472222222222,0.4006666666666666,3.658005029337804,6.0,0.0,6.584,1.0,1.0,0,0.0,1.0
31,25,oracle,0.2,1.0,25,13,2,15,4.64,512.3905333333333,0.07304325396825397,0.3426666666666667,3.4887966804979254,6.0,0.0,6.112,1.0,1.0,0,0.0,1.0
32,25,oracle,0.2,1.0,25,12,3,15,4.88,515.0252,0.07618511904761906,0.38266666666666665,3.8489499192245558,7.0,0.0,6.624,1.0,1.0,0,0.0,1.0
33,25,oracle,0.2,1.0,25,8,3,10,4.22,519.28475,0.10307023809523809,0.4466666666666667,3.4199830651989838,6.0,0.0,7.02,1.0,1.0,0,0.0,1.0
34,25,oracle,0.2,1.0,25,9,3,12,5.312,521.2150666666668,0.08844894179894179,0.4761666666666667,4.222591362126246,7.0,0.0,7.52,1.0,1.0,0,0.0,1.0
35,25,oracle,0.2,1.0,25,13,3,14,4.8,516.1956833333334,0.08130370370370368,0.4005,3.612850082372323,7.0,0.0,6.892,1.0,1.0,0,0.0,1.0
36,25,oracle,0.2,1.0,25,10,3,13,4.432,515.7399666666668,0.08686984126984126,0.3931666666666666,3.4935177182368196,6.0,0.0,6.536,1.0,1.0,0,0.0,1.0
37,25,oracle,0.2,0.84,21,8,2,9,3.92,518.5945800000001,0.10795142857142856,0.43639999999999995,3.237689393939394,5.0,0.0,5.852,1.0,1.0,0,0.0,1.0
38,25,oracle,0.2,0.84,21,6,2,10,4.06,519.47306,0.10830857142857142,0.44980000000000003,3.3554327808471456,6.0,0.0,6.028,1.0,1.0,0,0.0,1.0
39,25,oracle,0.2,1.0,25,7,3,10,4.556,519.8994500000001,0.09735436507936507,0.456,3.6539115646258504,6.0,0.0,7.14,1.0,1.0,0,0.0,1.0
0,25,csma,0.2,1.0,25,7,3,11,11.0,1060.0827333333334,1.0,11.0,16.229604709840203,105.59999999999991,nan,nan,nan,nan,0,0.0,0.9769926047658176
1,25,csma,0.2,1.0,25,7,3,11,11.0,1056.2135666666668,1.0,11.0,17.384747215081404,106.0,nan,nan,nan,nan,0,0.0,0.9534313725490197
2,25,csma,0.2,1.0,25,8,3,11,11.0,1059.995566666667,1.0,11.0,16.5,105.0,nan,nan,nan,nan,0,0.0,0.9503311258278145
3,25,csma,0.2,1.0,25,8,3,13,13.0,1153.0591000000002,1.0,13.0,12.664970313825275,103.0,nan,nan,nan,nan,0,0.0,0.9624489795918367
4,25,csma,0.2,1.0,25,8,2,12,12.0,1094.37135,1.0,12.0,13.974001857010213,104.0,nan,nan,nan,nan,0,0.0,0.9530973451327434
5,25,csma,0.2,1.0,25,8,3,14,14.0,1195.5262666666667,1.0,14.0,9.592561983471075,14.0,nan,nan,nan,nan,0,0.0,0.9703287890938251
6,25,csma,0.2,0.96,24,10,3,13,13.0,1143.6079130434784,1.0,13.0,11.656391659111515,102.89999999999986,nan,nan,nan,nan,0,0.0,0.972663139329806
7,25,csma,0.2,1.0,25,11,3,14,14.0,1180.5894833333334,1.0,14.0,8.536924413553432,14.0,nan,nan,nan,nan,0,0.0,0.9837606837606837
8,25,csma,0.2,1.0,25,9,3,14,14.0,1190.4492000000002,1.0,14.0,8.555366269165248,14.0,nan,nan,nan,nan,0,0.0,0.9710504549214226
9,25,csma,0.2,1.0,25,11,3,14,14.0,1196.54635,1.0,14.0,8.216323296354991,13.0,nan,nan,nan,nan,0,0.0,0.9921383647798742
10,25,csma,0.2,1.0,25,11,3,13,13.0,1142.0406833333336,1.0,13.0,12.735449735449736,104.0,nan,nan,nan,nan,0,0.0,0.9442131557035803
11,25,csma,0.2,1.0,25,7,4,10,10.0,1011.0112333333335,1.0,10.0,18.83788395904437,105.45000000000005,nan,nan,nan,nan,0,0.0,0.9726141078838174
12,25,csma,0.2,1.0,25,7,3,12,12.0,1100.1640333333335,1.0,12.0,11.953719008264462,103.0,nan,nan,nan,nan,0,0.0,0.9853420195439739
13,25,csma,0.2,1.0,25,7,3,10,10.0,1008.4995000000002,1.0,10.0,19.163126593033134,107.0,nan,nan,nan,nan,0,0.0,0.9759535655058044
14,25,csma,0.2,1.0,25,9,3,12,12.0,1097.9139333333335,1.0,12.0,12.991445680068434,103.0,nan,nan,nan,nan,0,0.0,0.9653179190751445
15,25,csma,0.2,1.0,25,8,3,12,12.0,1106.3289833333333,1.0,12.0,14.804347826086957,105.0,nan,nan,nan,nan,0,0.0,0.9876135425268373
16,25,csma,0.2,1.0,25,10,3,13,13.0,1145.7871166666666,1.0,13.0,9.242214532871973,13.0,nan,nan,nan,nan,0,0.0,0.9665551839464883
17,25,csma,0.2,1.0,25,6,4,13,13.0,1153.53355,1.0,13.0,13.89873417721519,103.0,nan,nan,nan,nan,0,0.0,0.9801488833746899
18,25,csma,0.2,0.92,23,8,3,11,11.0,1055.6948000000002,1.0,11.0,15.667584940312214,105.0,nan,nan,nan,nan,0,0.0,0.9510917030567686
19,25,csma,0.2,1.0,25,8,3,13,13.0,1141.69955,1.0,13.0,10.584667228306655,101.0,nan,nan,nan,nan,0,0.0,0.9899916597164303
20,25,csma,0.2,1.0,25,9,3,14,14.0,1189.4706500000002,1.0,14.0,9.928273561301085,14.0,nan,nan,nan,nan,0,0.0,0.9868312757201646
21,25,csma,0.2,0.96,24,13,3,15,15.0,1236.9723826086959,1.0,15.0,8.737690241718889,14.0,nan,nan,nan,nan,0,0.0,0.9729965156794426
22,25,csma,0.2,0.92,23,8,2,13,13.0,1153.3047454545456,1.0,13.0,11.971243042671615,103.0,nan,nan,nan,nan,0,0.0,0.9853747714808044
23,25,csma,0.2,1.0,25,12,3,15,15.0,1227.7868500000002,1.0,15.0,6.734348561759729,13.0,nan,nan,nan,nan,0,0.0,0.9874686716791979
24,25,csma,0.2,0.84,21,8,3,12,12.0,1099.4208200000003,1.0,12.0,9.10423116615067,12.0,nan,nan,nan,nan,0,0.0,0.983756345177665
25,25,csma,0.2,1.0,25,12,3,15,15.0,1234.5703333333336,1.0,15.0,7.684444444444445,14.0,nan,nan,nan,nan,0,0.0,0.9706643658326143
26,25,csma,0.2,1.0,25,7,3,11,11.0,1055.2758666666668,1.0,11.0,13.534062237174096,104.0,nan,nan,nan,nan,0,0.0,0.9900083263946711
27,25,csma,0.2,1.0,25,11,3,13,13.0,1146.037416666667,1.0,13.0,11.650337837837839,102.0,nan,nan,nan,nan,0,0.0,0.9777043765483072
28,25,csma,0.2,1.0,25,10,3,12,12.0,1097.8459666666668,1.0,12.0,16.37574215436811,106.0,nan,nan,nan,nan,0,0.0,0.960880195599022
29,25,csma,0.2,1.0,25,8,3,14,14.0,1192.708566666667,1.0,14.0,8.815217391304348,14.0,nan,nan,nan,nan,0,0.0,0.9811320754716981
30,25,csma,0.2,1.0,25,9,2,14,14.0,1189.5445500000003,1.0,14.0,9.645689655172413,14.0,nan,nan,nan,nan,0,0.0,0.9594706368899917
31,25,csma,0.2,1.0,25,13,2,15,15.0,1239.6231833333334,1.0,15.0,9.457070707070708,14.649999999999864,nan,nan,nan,nan,0,0.0,0.9705882352941176
32,25,csma,0.2,1.0,25,12,3,15,15.0,1231.8498833333335,1.0,15.0,9.645655877342419,15.0,nan,nan,nan,nan,0,0.0,0.9710504549214226
33,25,csma,0.2,1.0,25,8,3,10,10.0,1001.9681333333334,1.0,10.0,20.930783242258652,108.0,nan,nan,nan,nan,0,0.0,0.9180602006688964
34,25,csma,0.2,1.0,25,9,3,12,12.0,1103.7624,1.0,12.0,12.290983606557377,103.0,nan,nan,nan,nan,0,0.0,0.9854604200323102
35,25,csma,0.2,1.0,25,13,3,14,14.0,1189.0370166666671,1.0,14.0,10.487113402061855,14.0,nan,nan,nan,nan,0,0.0,0.950204081632653
36,25,csma,0.2,1.0,25,10,3,13,13.0,1137.3934166666668,1.0,13.0,9.559566787003611,13.0,nan,nan,nan,nan,0,0.0,0.9593073593073593
37,25,csma,0.2,0.84,21,8,2,9,9.0,962.01206,1.0,9.0,21.037617554858933,106.0,nan,nan,nan,nan,0,0.0,0.9336585365853659
38,25,csma,0.2,0.84,21,6,2,10,10.0,1002.5158800000002,1.0,10.0,14.93146417445483,105.0,nan,nan,nan,nan,0,0.0,0.9459724950884086
39,25,csma,0.2,1.0,25,7,3,10,10.0,1008.6503833333335,1.0,10.0,19.844202898550726,106.0,nan,nan,nan,nan,0,0.0,0.9484536082474226
0,50,rand_st,0.2,1.0,50,9,5,15,14.0,552.5572,0.08237317784256559,1.1532244897959183,76.96281487405038,206.0,32.492,49.0,0.0,1.0,0,0.0,1.0
1,50,rand_st,0.2,0.94,47,13,4,19,17.0,546.206,0.06104347826086956,1.0377391304347827,33.77502138579983,111.0,31.264,46.0,0.0,1.0,0,0.0,1.0
2,50,rand_st,0.2,1.0,50,10,4,15,12.0,552.9058612244899,0.09542857142857142,1.145142857142857,89.07645384302562,206.0,31.888,49.0,0.0,1.0,0,0.0,1.0
3,50,rand_st,0.2,1.0,50,8,4,16,14.0,553.4087836734694,0.08370845481049563,1.1719183673469389,59.944242424242425,205.0,32.576,49.0,0.0,1.0,0,0.0,1.0
4,50,rand_st,0.2,1.0,50,9,4,15,12.0,551.6205387755102,0.0949795918367347,1.1397551020408163,56.16323961393202,112.0,33.152,49.0,0.0,1.0,0,0.0,1.0
5,50,rand_st,0.2,1.0,50,9,4,14,14.0,551.8111183673469,0.08152769679300292,1.1413877551020408,70.35907487259898,203.0,33.072,49.0,0.0,1.0,0,0.0,1.0
6,50,rand_st,0.2,1.0,50,11,5,16,15.0,551.0881142857144,0.0745142857142857,1.1177142857142859,52.696704213600334,115.0,32.232,49.0,0.0,1.0,0,0.0,1.0
7,50,rand_st,0.2,0.98,49,12,6,19,17.0,554.1393833333334,0.06899019607843138,1.1728333333333332,101.92379736057897,302.0,31.704,48.0,0.0,1.0,0,0.0,1.0
8,50,rand_st,0.2,1.0,50,9,5,13,12.0,553.4619591836735,0.097578231292517,1.170938775510204,86.35470779220779,207.0,32.624,49.0,0.0,1.0,0,0.0,1.0
9,50,rand_st,0.2,1.0,50,11,4,15,14.0,549.4840408163266,0.07844314868804665,1.098204081632653,58.16403785488959,113.0,33.188,49.0,0.0,1.0,0,0.0,1.0
10,50,rand_st,0.2,1.0,50,10,4,17,15.0,549.2254040816327,0.07367619047619046,1.1051428571428572,59.20255775577558,112.0,33.848,49.0,0.0,1.0,0,0.0,1.0
11,50,rand_st,0.2,0.98,49,11,4,16,14.0,547.68555,0.07705952380952381,1.0788333333333333,47.73222647935292,111.0,33.216,48.0,0.0,1.0,0,0.0,1.0
12,50,rand_st,0.2,1.0,50,9,6,15,15.0,553.4442122448979,0.0778122448979592,1.1671836734693877,72.71666666666667,203.0,32.808,49.0,0.0,1.0,0,0.0,1.0
13,50,rand_st,0.2,1.0,50,10,4,15,15.0,550.5085877551021,0.07463401360544218,1.1195102040816325,69.84588096176587,114.0,33.144,49.0,0.0,1.0,0,0.0,1.0
14,50,rand_st,0.2,0.94,47,8,4,14,13.0,552.9389826086957,0.08930434782608697,1.1609565217391304,33.63944993553932,110.0,30.596,46.0,0.0,1.0,0,0.0,1.0
15,50,rand_st,0.2,1.0,50,10,4,14,13.0,551.4624979591838,0.08690737833594978,1.129795918367347,72.00604107933951,110.0,32.64,49.0,0.0,1.0,0,0.0,1.0
16,50,rand_st,0.2,1.0,50,12,4,18,14.0,547.9436408163266,0.07681632653061224,1.0754285714285716,54.64163265306122,109.0,33.304,49.0,0.0,1.0,0,0.0,1.0
17,50,rand_st,0.2,1.0,50,9,4,16,11.0,551.4324163265306,0.10336920222634507,1.137061224489796,66.16099959033183,206.0,33.284,49.0,0.0,1.0,0,0.0,1.0
18,50,rand_st,0.2,0.98,49,9,5,14,14.0,552.2508416666668,0.0817797619047619,1.1449166666666666,72.39183673469388,205.0,32.044,48.0,0.0,1.0,0,0.0,1.0
19,50,rand_st,0.2,1.0,50,13,4,15,15.0,549.8258530612246,0.0721687074829932,1.0825306122448979,56.827710843373495,205.0,31.956,49.0,0.0,1.0,0,0.0,1.0
20,50,rand_st,0.2,1.0,50,9,4,14,12.0,559.2441959183675,0.10662585034013605,1.2795102040816329,125.76987951807229,203.0,32.304,49.0,0.0,1.0,0,0.0,1.0
21,50,rand_st,0.2,1.0,50,10,4,16,14.0,552.3312653061225,0.08163265306122448,1.1428571428571428,57.52838063439065,112.0,32.0,49.0,0.0,1.0,0,0.0,1.0
22,50,rand_st,0.2,1.0,50,9,5,13,12.0,553.1202693877552,0.09645578231292516,1.1574693877551019,65.31520850367947,205.0,32.284,49.0,0.0,1.0,0,0.0,1.0
23,50,rand_st,0.2,1.0,50,8,5,15,14.0,555.5417795918368,0.08615743440233235,1.206204081632653,89.63492063492063,209.0,31.896,49.0,0.0,1.0,0,0.0,1.0
24,50,rand_st,0.2,1.0,50,12,3,15,14.0,548.5559755102042,0.07706705539358602,1.0789387755102038,62.884984025559106,114.0,33.132,49.0,0.0,1.0,0,0.0,1.0
25,50,rand_st,0.2,1.0,50,10,4,16,14.0,551.591224489796,0.08126530612244898,1.1377142857142857,45.49706129303107,110.0,33.252,49.0,0.0,1.0,0,0.0,1.0
26,50,rand_st,0.2,1.0,50,11,5,16,13.0,551.4736326530613,0.08641758241758242,1.1234285714285717,59.03569963069348,202.0,31.952,49.0,0.0,1.0,0,0.0,1.0
27,50,rand_st,0.2,1.0,50,11,5,17,16.0,560.3821551020409,0.08073469387755103,1.2917551020408164,116.90339966832504,202.0,31.704,49.0,0.0,1.0,0,0.0,1.0
28,50,rand_st,0.2,1.0,50,11,5,15,14.0,550.4236000000001,0.07923615160349855,1.1093061224489797,68.6774585188183,109.0,32.644,49.0,0.0,1.0,0,0.0,1.0
29,50,rand_st,0.2,1.0,50,11,4,17,14.0,549.5315428571429,0.07876384839650145,1.1026938775510202,57.37905844155844,203.0,32.968,49.0,0.0,1.0,0,0.0,1.0
30,50,rand_st,0.2,0.88,44,8,4,18,18.0,552.3698139534885,0.06441860465116278,1.1595348837209303,81.48824343015214,205.0,29.14,43.0,0.0,1.0,0,0.0,1.0
31,50,rand_st,0.2,1.0,50,7,5,15,13.0,556.3282040816327,0.09470015698587128,1.2311020408163265,63.78099173553719,202.0,32.676,49.0,0.0,1.0,0,0.0,1.0
32,50,rand_st,0.2,1.0,50,18,4,22,18.0,541.9594040816328,0.05277551020408163,0.9499591836734694,30.704134885588118,115.0,33.452,49.0,0.0,1.0,0,0.0,1.0
33,50,rand_st,0.2,1.0,50,12,4,15,14.0,548.5559755102042,0.077067055393586,1.078938775510204,56.071604938271605,201.0,33.132,49.0,0.0,1.0,0,0.0,1.0
34,50,rand_st,0.2,1.0,50,7,4,16,14.0,554.6469714285714,0.08535276967930028,1.1949387755102039,57.43946731234867,111.0,32.448,49.0,0.0,1.0,0,0.0,1.0
35,50,rand_st,0.2,1.0,50,10,6,14,13.0,555.3786448979592,0.09149136577708006,1.1893877551020409,113.5912617394855,307.0,31.72,49.0,0.0,1.0,0,0.0,1.0
36,50,rand_st,0.2,1.0,50,11,4,19,15.0,558.9783428571429,0.08511020408163265,1.27665306122449,107.4983193277311,207.0,32.444,49.0,0.0,1.0,0,0.0,1.0
37,50,rand_st,0.2,1.0,50,10,5,15,14.0,551.5918775510205,0.0808338192419825,1.1316734693877553,63.19117647058823,112.0,32.548,49.0,0.0,1.0,0,0.0,1.0
38,50,rand_st,0.2,1.0,50,8,5,15,14.0,555.8696734693877,0.08542857142857144,1.196,65.8152480839048,206.0,31.396,49.0,0.0,1.0,0,0.0,1.0
39,50,rand_st,0.2,0.76,38,13,3,22,22.0,539.7948864864866,0.0420982800982801,0.9261621621621621,48.015075376884425,120.0,26.732,37.0,0.0,1.0,0,0.0,1.0
0,50,rand_dt,0.2,1.0,50,9,5,15,14.172,550.771412244898,0.079789407191448,1.1299591836734695,72.98807075277664,207.0,33.632,49.0,0.0,1.0,0,0.0,1.0
1,50,rand_dt,0.2,0.94,47,13,4,19,15.676,545.7124086956522,0.06586790281329923,1.030695652173913,50.429177268871925,129.60000000000764,31.588,46.0,0.0,1.0,0,0.0,1.0
2,50,rand_dt,0.2,1.0,50,10,4,15,12.788,552.0959591836736,0.0888910219032668,1.1336326530612246,82.37161342498989,211.0,32.452,49.0,0.0,1.0,0,0.0,1.0
3,50,rand_dt,0.2,1.0,50,8,4,16,13.896,551.6845224489798,0.08299626224116019,1.1503673469387754,67.0114566284779,206.0,33.632,49.0,0.0,1.0,0,0.0,1.0
4,50,rand_dt,0.2,1.0,50,9,4,15,12.688,550.568530612245,0.0889400789686504,1.1256326530612246,79.79905131522207,210.0,33.844,49.0,0.0,1.0,0,0.0,1.0
5,50,rand_dt,0.2,1.0,50,9,4,14,12.46,550.5931265306124,0.0907546970036766,1.1270204081632655,65.43301435406698,206.0,33.776,49.0,0.0,1.0,0,0.0,1.0
6,50,rand_dt,0.2,1.0,50,11,5,16,15.532,549.8302857142858,0.0710091636654662,1.1013877551020408,63.89870340356564,208.6500000000001,33.032,49.0,0.0,1.0,0,0.0,1.0
7,50,rand_dt,0.2,0.98,49,12,6,19,17.532,553.0541833333333,0.06621579807361541,1.1593333333333335,90.7623224728488,305.0,32.352,48.0,0.0,1.0,0,0.0,1.0
8,50,rand_dt,0.2,1.0,50,9,5,13,12.616,552.7353142857143,0.09227289377289377,1.1611428571428568,77.97295115058539,209.0,33.104,49.0,0.0,1.0,0,0.0,1.0
9,50,rand_dt,0.2,1.0,50,11,4,15,14.268,548.9902693877552,0.07654689018464529,1.0909387755102038,60.291219705999204,205.0,33.544,49.0,0.0,1.0,0,0.0,1.0
10,50,rand_dt,0.2,1.0,50,10,4,17,15.244,548.4669877551021,0.07183779511804722,1.0943673469387754,61.109725685785534,204.0,34.376,49.0,0.0,1.0,0,0.0,1.0
11,50,rand_dt,0.2,0.98,49,11,4,16,13.776,547.2427333333334,0.07798223824786325,1.0718333333333332,52.63286861005492,115.0,33.552,48.0,0.0,1.0,0,0.0,1.0
12,50,rand_dt,0.2,1.0,50,9,6,15,15.1,552.5837142857143,0.07659897959183674,1.1563265306122448,82.66085899513776,212.0,33.34,49.0,0.0,1.0,0,0.0,1.0
13,50,rand_dt,0.2,1.0,50,10,4,15,15.588,549.5390285714287,0.0710887354941977,1.106204081632653,55.54497991967872,201.0,33.796,49.0,0.0,1.0,0,0.0,1.0
14,50,rand_dt,0.2,0.94,47,8,4,14,11.86,551.1380869565219,0.09629271453184496,1.1382608695652174,66.57827050997783,206.0,31.64,46.0,0.0,1.0,0,0.0,1.0
15,50,rand_dt,0.2,1.0,50,10,4,14,13.004,550.0826693877552,0.08584012857890408,1.112408163265306,67.20756234915527,207.0,33.492,49.0,0.0,1.0,0,0.0,1.0
16,50,rand_dt,0.2,1.0,50,12,4,18,14.232,546.9727918367347,0.07476124317859012,1.0622857142857143,54.744299674267104,202.0,33.948,49.0,0.0,1.0,0,0.0,1.0
17,50,rand_dt,0.2,1.0,50,9,4,16,12.312,550.8753877551021,0.09209763026089555,1.1295510204081634,74.39951475940154,207.4000000000001,33.652,49.0,0.0,1.0,0,0.0,1.0
18,50,rand_dt,0.2,0.98,49,9,5,14,13.236,550.9090666666666,0.08548191391941391,1.1286666666666665,67.93454096335941,209.0,32.824,48.0,0.0,1.0,0,0.0,1.0
19,50,rand_dt,0.2,1.0,50,13,4,15,13.82,548.6847428571429,0.07735410779696494,1.0671836734693878,70.60768614891913,210.0,32.708,49.0,0.0,1.0,0,0.0,1.0
20,50,rand_dt,0.2,1.0,50,9,4,14,11.78,557.9441959183673,0.107550592264878,1.2630204081632652,94.71555197421435,209.0,33.112,49.0,0.0,1.0,0,0.0,1.0
21,50,rand_dt,0.2,1.0,50,10,4,16,13.924,550.9155102040817,0.08085786424459893,1.1232653061224487,66.48149723521905,209.0,32.96,49.0,0.0,1.0,0,0.0,1.0
22,50,rand_dt,0.2,1.0,50,9,5,13,11.78,551.5705795918368,0.09667582757378676,1.1363265306122448,91.60184796304074,209.0,33.32,49.0,0.0,1.0,0,0.0,1.0
23,50,rand_dt,0.2,1.0,50,8,5,15,14.26,554.5516163265307,0.08366686103012633,1.1917551020408164,83.30499001996007,209.0,32.604,49.0,0.0,1.0,0,0.0,1.0
24,50,rand_dt,0.2,1.0,50,12,3,15,13.776,546.8942857142858,0.07697375345742692,1.0574693877551022,53.94771784232365,204.0,34.184,49.0,0.0,1.0,0,0.0,1.0
25,50,rand_dt,0.2,1.0,50,10,4,16,14.436,551.511918367347,0.07878678328474246,1.136,68.27128953771289,208.0,33.336,49.0,0.0,1.0,0,0.0,1.0
26,50,rand_dt,0.2,1.0,50,11,5,16,13.056,550.5516081632654,0.08541223130610885,1.1108571428571428,63.16477272727273,207.0,32.568,49.0,0.0,1.0,0,0.0,1.0
27,50,rand_dt,0.2,1.0,50,11,5,17,16.088,558.7600979591838,0.07903454715219423,1.2710204081632652,139.99627174813588,304.3499999999999,32.72,49.0,0.0,1.0,0,0.0,1.0
28,50,rand_dt,0.2,1.0,50,11,5,15,13.88,548.8046857142857,0.07855674665470583,1.087673469387755,63.626002532714224,207.0,33.704,49.0,0.0,1.0,0,0.0,1.0
29,50,rand_dt,0.2,1.0,50,11,4,17,14.504,548.690718367347,0.07552969099727803,1.0913469387755104,58.90075128509292,207.0,33.524,49.0,0.0,1.0,0,0.0,1.0
30,50,rand_dt,0.2,0.88,44,8,4,18,17.264,551.8696279069768,0.06678917768657851,1.1524651162790696,70.94396746497966,209.0,29.444,43.0,0.0,1.0,0,0.0,1.0
31,50,rand_dt,0.2,1.0,50,7,5,15,12.752,556.0542040816326,0.09646168797189204,1.2267755102040814,78.95836701697655,207.0,32.888,49.0,0.0,1.0,0,0.0,1.0
32,50,rand_dt,0.2,1.0,50,18,4,22,18.808,540.8096653061225,0.04974943822140385,0.9342040816326531,45.35699546017334,118.0,34.224,49.0,0.0,1.0,0,0.0,1.0
33,50,rand_dt,0.2,1.0,50,12,4,15,13.828,547.8897632653061,0.07747193690663079,1.0682448979591836,60.84442629644753,206.0,33.656,49.0,0.0,1.0,0,0.0,1.0
34,50,rand_dt,0.2,1.0,50,7,4,16,14.368,552.970930612245,0.08197264444239236,1.1742857142857142,68.87082314588427,208.0,33.46,49.0,0.0,1.0,0,0.0,1.0
35,50,rand_dt,0.2,1.0,50,10,6,14,12.936,553.910318367347,0.09067801450250432,1.1704489795918367,102.00526102792392,301.0,32.648,49.0,0.0,1.0,0,0.0,1.0
36,50,rand_dt,0.2,1.0,50,11,4,19,15.204,557.7039836734695,0.08293187274909963,1.2599183673469387,120.36793248945148,213.0,33.264,49.0,0.0,1.0,0,0.0,1.0
37,50,rand_dt,0.2,1.0,50,10,5,15,14.208,550.7470204081633,0.07888741496598639,1.1198367346938776,71.23052208835341,209.0,33.128,49.0,0.0,1.0,0,0.0,1.0
38,50,rand_dt,0.2,1.0,50,8,5,15,13.296,554.1308979591837,0.08859506615833146,1.1742857142857142,85.64355231143553,212.0,32.46,49.0,0.0,1.0,0,0.0,1.0
39,50,rand_dt,0.2,0.76,38,13,3,22,21.156,538.9576216216217,0.04327063144454448,0.9152432432432432,56.22782705099778,207.0,27.136,37.0,0.0,1.0,0,0.0,1.0
0,50,static,0.2,1.0,50,9,5,15,15.0,552.2801387755103,0.07668571428571429,1.1502857142857141,11.5244,15.0,32.636,49.0,0.0,1.0,0,0.0,1.0
1,50,static,0.2,0.94,47,13,4,19,19.0,546.4042,0.05474141876430205,1.040086956521739,14.887611749680715,19.0,31.156,46.0,0.0,1.0,0,0.0,1.0
2,50,static,0.2,1.0,50,10,4,15,15.0,552.5389714285715,0.07603809523809522,1.1405714285714286,12.501819652244238,15.0,32.112,49.0,0.0,1.0,0,0.0,1.0
3,50,static,0.2,1.0,50,8,4,16,16.0,553.2497714285715,0.07312755102040816,1.1700408163265306,12.221370967741935,16.0,32.668,49.0,0.0,1.0,0,0.0,1.0
4,50,static,0.2,1.0,50,9,4,15,15.0,551.9577142857144,0.07625578231292517,1.1438367346938776,12.397387273493468,15.0,32.952,49.0,0.0,1.0,0,0.0,1.0
5,50,static,0.2,1.0,50,9,4,14,14.0,551.5942122448981,0.08141690962099125,1.1398367346938776,11.416175893207695,14.0,33.148,49.0,0.0,1.0,0,0.0,1.0
6,50,static,0.2,1.0,50,11,5,16,16.0,551.0213469387757,0.06976020408163265,1.1161632653061224,13.369983277591974,16.0,32.308,49.0,0.0,1.0,0,0.0,1.0
7,50,static,0.2,0.98,49,12,6,19,19.0,554.0895833333335,0.06171052631578948,1.1725,16.59164535379369,19.0,31.72,48.0,0.0,1.0,0,0.0,1.0
8,50,static,0.2,1.0,50,9,5,13,13.0,553.624318367347,0.09024175824175824,1.173142857142857,11.145299145299145,13.0,32.516,49.0,0.0,1.0,0,0.0,1.0
9,50,static,0.2,1.0,50,11,4,15,15.0,550.0559020408164,0.0735891156462585,1.1038367346938776,12.753154574132493,15.0,32.912,49.0,0.0,1.0,0,0.0,1.0
10,50,static,0.2,1.0,50,10,4,17,17.0,549.5414122448981,0.06521488595438174,1.1086530612244896,14.456780008193363,17.0,33.676,49.0,0.0,1.0,0,0.0,1.0
11,50,static,0.2,0.98,49,11,4,16,16.0,547.8654083333334,0.06756770833333334,1.0810833333333334,12.805309734513274,16.0,33.108,48.0,0.0,1.0,0,0.0,1.0
12,50,static,0.2,1.0,50,9,6,15,15.0,554.1072734693878,0.07831836734693877,1.1747755102040818,13.34439498178875,15.0,32.436,49.0,0.0,1.0,0,0.0,1.0
13,50,static,0.2,1.0,50,10,4,15,15.0,550.4769387755103,0.07461768707482994,1.119265306122449,11.809072978303748,15.0,33.156,49.0,0.0,1.0,0,0.0,1.0
14,50,static,0.2,0.94,47,8,4,14,14.0,552.8925565217392,0.0828695652173913,1.1601739130434783,12.030367835757056,14.0,30.632,46.0,0.0,1.0,0,0.0,1.0
15,50,static,0.2,1.0,50,10,4,14,14.0,550.9503836734696,0.08022157434402333,1.1231020408163268,10.71830985915493,14.0,32.968,49.0,0.0,1.0,0,0.0,1.0
16,50,static,0.2,1.0,50,12,4,18,18.0,548.0320571428572,0.05980498866213152,1.0764897959183675,13.768541157294214,18.0,33.252,49.0,0.0,1.0,0,0.0,1.0
17,50,static,0.2,1.0,50,9,4,16,16.0,551.4079836734694,0.0710408163265306,1.1366530612244896,12.756990131578947,16.0,33.304,49.0,0.0,1.0,0,0.0,1.0
18,50,static,0.2,0.98,49,9,5,14,14.0,552.1357250000001,0.08170833333333331,1.1439166666666665,12.322185970636216,14.0,32.092,48.0,0.0,1.0,0,0.0,1.0
19,50,static,0.2,1.0,50,13,4,15,15.0,549.7275591836735,0.07209795918367345,1.0814693877551023,12.09496981891348,15.0,32.008,49.0,0.0,1.0,0,0.0,1.0
20,50,static,0.2,1.0,50,9,4,14,14.0,559.2527836734695,0.09140524781341108,1.2796734693877552,13.223110755697721,14.0,32.296,49.0,0.0,1.0,0,0.0,1.0
21,50,static,0.2,1.0,50,10,4,16,16.0,552.6947265306123,0.07166326530612244,1.146612244897959,12.694073455759598,16.0,31.816,49.0,0.0,1.0,0,0.0,1.0
22,50,static,0.2,1.0,50,9,5,13,13.0,553.2501714285714,0.0891177394034537,1.1585306122448982,10.317772317772318,13.0,32.232,49.0,0.0,1.0,0,0.0,1.0
23,50,static,0.2,1.0,50,8,5,15,15.0,555.4797306122449,0.08035374149659864,1.2053061224489796,11.505704971475142,15.0,31.94,49.0,0.0,1.0,0,0.0,1.0
24,50,static,0.2,1.0,50,12,3,15,15.0,548.3323755102041,0.07178231292517007,1.0767346938775508,12.220930232558139,15.0,33.24,49.0,0.0,1.0,0,0.0,1.0
25,50,static,0.2,1.0,50,10,4,16,16.0,551.3913714285715,0.07098469387755102,1.1357551020408163,13.338198498748957,16.0,33.348,49.0,0.0,1.0,0,0.0,1.0
26,50,static,0.2,1.0,50,11,5,16,16.0,550.9715591836734,0.06985714285714287,1.1177142857142859,12.998762886597937,16.0,32.232,49.0,0.0,1.0,0,0.0,1.0
27,50,static,0.2,1.0,50,11,5,17,17.0,560.3933224489796,0.07597599039615846,1.291591836734694,13.075393537696769,17.0,31.712,49.0,0.0,1.0,0,0.0,1.0
28,50,static,0.2,1.0,50,11,5,15,15.0,551.2792979591837,0.07460136054421769,1.1190204081632655,12.097413096200485,15.0,32.168,49.0,0.0,1.0,0,0.0,1.0
29,50,static,0.2,1.0,50,11,4,17,17.0,549.3572489795919,0.06470588235294117,1.1,14.22474645030426,17.0,33.1,49.0,0.0,1.0,0,0.0,1.0
30,50,static,0.2,0.88,44,8,4,18,18.0,552.3209302325581,0.06438242894056848,1.1588837209302325,15.349330872173512,18.0,29.168,43.0,0.0,1.0,0,0.0,1.0
31,50,static,0.2,1.0,50,7,5,15,15.0,556.7623428571429,0.0824108843537415,1.2361632653061227,11.986787778695293,15.0,32.428,49.0,0.0,1.0,0,0.0,1.0
32,50,static,0.2,1.0,50,18,4,22,22.0,542.3096408163265,0.04333580705009277,0.9533877551020408,17.322244488977955,22.0,33.284,49.0,0.0,1.0,0,0.0,1.0
33,50,static,0.2,1.0,50,12,4,15,15.0,548.2380326530612,0.07171156462585035,1.0756734693877552,11.930680885972109,15.0,33.292,49.0,0.0,1.0,0,0.0,1.0
34,50,static,0.2,1.0,50,7,4,16,16.0,554.3970448979592,0.07455102040816326,1.1928163265306122,13.67492889069484,16.0,32.552,49.0,0.0,1.0,0,0.0,1.0
35,50,static,0.2,1.0,50,10,6,14,14.0,555.6840897959185,0.08519533527696792,1.1927346938775512,11.377396980824154,14.0,31.556,49.0,0.0,1.0,0,0.0,1.0
36,50,static,0.2,1.0,50,11,4,19,19.0,558.9413714285715,0.0671621911922664,1.2760816326530613,15.914046121593291,19.0,32.472,49.0,0.0,1.0,0,0.0,1.0
37,50,static,0.2,1.0,50,10,5,15,15.0,551.7290775510205,0.07553741496598639,1.133061224489796,11.642828921374951,15.0,32.48,49.0,0.0,1.0,0,0.0,1.0
38,50,static,0.2,1.0,50,8,5,15,15.0,555.5147591836735,0.07947755102040815,1.1921632653061225,13.05375909458367,15.0,31.584,49.0,0.0,1.0,0,0.0,1.0
39,50,static,0.2,0.76,38,13,3,22,22.0,539.3971567567568,0.04184275184275184,0.9205405405405407,16.25152017689331,22.0,26.94,37.0,0.0,1.0,0,0.0,1.0
0,50,bsps,0.2,1.0,50,9,5,15,11.6,537.7372897959184,0.07234380608054077,0.8366530612244898,42.1112,111.04999999999973,18.092,33.212,0.4409677419354839,0.6791304347826087,0,0.3328,1.0
1,50,bsps,0.2,0.94,47,13,4,19,13.8,533.464043478261,0.05520169376659146,0.7604347826086957,42.84674329501916,113.0,17.52,31.236,0.4413706942709263,0.696320447135538,0,0.32354193273733506,1.0
2,50,bsps,0.2,1.0,50,10,4,15,11.816,539.7381469387757,0.07306934471424267,0.8629387755102041,39.18479579458148,112.0,18.184,34.052,0.4455341506129597,0.6931372549019608,0,0.2959967650626769,1.0
3,50,bsps,0.2,1.0,50,8,4,16,11.916,538.5496326530613,0.07198973577442964,0.853795918367347,41.07379032258064,112.0,18.416,33.456,0.443447612944569,0.6895482728077945,0,0.3157258064516129,1.0
4,50,bsps,0.2,1.0,50,9,4,15,11.364,538.6014040816326,0.0749420366481591,0.8505306122448981,40.501474926253685,111.0,18.364,33.548,0.4460659898477157,0.6908014571948998,0,0.314369995785925,1.0
5,50,bsps,0.2,1.0,50,9,4,14,10.728,537.6316326530613,0.07814138084138084,0.8362448979591838,40.570475068708284,111.0,18.408,33.164,0.4436551501453019,0.6955767562879445,0,0.3195916764821358,1.0
6,50,bsps,0.2,1.0,50,11,5,16,12.248,538.4697387755102,0.06899396114089991,0.8422857142857143,40.30016722408027,112.0,18.232,34.004,0.4450472523626181,0.6954813359528488,0,0.30351170568561875,1.0
7,50,bsps,0.2,0.98,49,12,6,19,13.812,540.9396416666667,0.06448772273478155,0.8845833333333333,41.39769820971867,114.0,17.576,32.988,0.44869831546707506,0.6986486486486486,0,0.29624893435635125,1.0
8,50,bsps,0.2,1.0,50,9,5,13,10.676,539.5946612244899,0.08152095682095682,0.8674285714285713,39.41595441595442,111.0,18.212,33.668,0.4465780403741999,0.7005099675475197,0,0.30565730565730564,1.0
9,50,bsps,0.2,1.0,50,11,4,15,11.432,536.2799020408164,0.07102203963836616,0.8092244897959183,40.69203470031546,112.0,18.372,33.132,0.44455205811138016,0.7010845986984816,0,0.3146687697160883,1.0
10,50,bsps,0.2,1.0,50,10,4,17,12.704,535.5907346938776,0.06342332723965378,0.8040816326530612,43.82916837361737,113.0,18.656,32.948,0.4427875836883749,0.6911037891268533,0,0.33510856206472756,1.0
11,50,bsps,0.2,0.98,49,11,4,16,12.572,534.1742833333334,0.06223689921189921,0.7811666666666668,43.08933839022335,113.0,18.66,32.548,0.4435609603991269,0.6879280821917808,0,0.3333333333333333,1.0
12,50,bsps,0.2,1.0,50,9,6,15,11.26,540.2624163265308,0.07819001361450341,0.8758367346938776,41.799271549979764,112.0,17.968,33.424,0.444693812119269,0.6923076923076923,0,0.3213273978146499,1.0
13,50,bsps,0.2,1.0,50,10,4,15,12.328,536.729893877551,0.06695863003209943,0.8213877551020408,41.116370808678504,113.0,18.648,33.368,0.4431633647288081,0.701537147736977,0,0.3128205128205128,1.0
14,50,bsps,0.2,0.94,47,8,4,14,11.004,539.147895652174,0.07854769602378298,0.8609565217391305,39.71770744225834,111.0,17.236,31.612,0.44526171741361614,0.7042711234911792,0,0.30624465355004277,1.0
15,50,bsps,0.2,1.0,50,10,4,14,11.032,537.4912,0.0754376498784662,0.8315102040816327,41.36418511066398,111.0,18.644,33.556,0.4412568306010929,0.6828358208955224,0,0.32595573440643866,1.0
16,50,bsps,0.2,1.0,50,12,4,18,13.076,534.826930612245,0.06046628880656492,0.7872653061224489,40.75631621841891,112.0,18.68,33.46,0.4454630205096333,0.6974935177182369,0,0.31295843520782396,1.0
17,50,bsps,0.2,1.0,50,9,4,16,10.744,537.4030530612246,0.07767376342478383,0.8323265306122448,41.86677631578947,111.0,18.416,33.072,0.4431835376002421,0.6859054788791301,0,0.33182565789473684,1.0
18,50,bsps,0.2,0.98,49,9,5,14,11.036,538.4927583333334,0.0772107973045473,0.8486666666666668,41.033442088091356,111.0,18.024,32.836,0.44355777223607645,0.6948545861297539,0,0.3172920065252855,1.0
19,50,bsps,0.2,1.0,50,13,4,15,11.608,537.8937306122449,0.07125301591832203,0.825795918367347,38.672837022132796,112.0,18.032,33.984,0.44584899214212503,0.7027027027027027,0,0.29617706237424546,1.0
20,50,bsps,0.2,1.0,50,9,4,14,10.52,544.0373551020408,0.08989725671154244,0.9443265306122448,40.61935225909636,111.0,17.588,33.428,0.4442831801322367,0.6989995650282732,0,0.31107556977209116,1.0
21,50,bsps,0.2,1.0,50,10,4,16,12.804,538.7201551020408,0.06642211484660464,0.851265306122449,40.73414023372287,112.0,18.552,34.196,0.44455645161290325,0.6899441340782123,0,0.3088480801335559,1.0
22,50,bsps,0.2,1.0,50,9,5,13,9.864,539.4483265306123,0.08742902494331066,0.8608979591836735,39.696150696150696,110.0,17.904,33.512,0.4440237076061903,0.6870404411764706,0,0.3194103194103194,1.0
23,50,bsps,0.2,1.0,50,8,5,15,11.684,540.9139510204081,0.0763236604665176,0.8897142857142857,40.077832110839445,112.0,17.956,33.848,0.4434710743801653,0.6922727272727273,0,0.3080684596577017,1.0
24,50,bsps,0.2,1.0,50,12,3,15,11.752,535.4201142857144,0.06772959602755521,0.7951020408163265,41.17682437850842,111.0,18.448,33.24,0.44262038774233897,0.6903143585386576,0,0.32117080994386527,1.0
25,50,bsps,0.2,1.0,50,10,4,16,11.932,537.4809551020409,0.07008618093924217,0.836,42.508757297748126,112.0,18.848,33.292,0.4448605130125445,0.6904138292299633,0,0.3269391159299416,1.0
26,50,bsps,0.2,1.0,50,11,5,16,12.596,537.2439918367348,0.06579235856846902,0.8246530612244898,40.703505154639174,113.0,18.548,33.92,0.4447777986124133,0.6911841418883672,0,0.3068041237113402,1.0
27,50,bsps,0.2,1.0,50,11,5,17,12.136,545.4629877551021,0.07997348267978521,0.9653877551020409,40.927920463960234,113.0,17.696,33.992,0.44369220607661825,0.6900638103919782,0,0.30778790389395194,1.0
28,50,bsps,0.2,1.0,50,11,5,15,11.752,537.6111836734694,0.07061592760980516,0.8280816326530612,42.33023443815683,112.0,18.048,33.488,0.44096076274294094,0.6837732160312805,0,0.3318512530315279,1.0
29,50,bsps,0.2,1.0,50,11,4,17,13.24,535.7085224489797,0.06082940596151881,0.8010612244897959,41.84543610547667,113.0,18.524,33.46,0.44528,0.6924444444444444,0,0.31196754563894524,1.0
30,50,bsps,0.2,0.88,44,8,4,18,13.212,537.5302976744186,0.06340199693147709,0.8360930232558139,46.061836640516844,114.0,16.12,29.004,0.44024152015627777,0.682397357243983,0,0.34840793724042457,1.0
31,50,bsps,0.2,1.0,50,7,5,15,11.048,541.4416571428573,0.08212687335340396,0.905795918367347,41.23740710156895,111.0,18.356,33.664,0.44438818565400845,0.6857831325301205,0,0.319570602807597,1.0
32,50,bsps,0.2,1.0,50,18,4,22,14.74,530.7632653061224,0.04827995239948863,0.7075918367346938,44.672545090180364,115.0,18.768,33.192,0.44040109978974606,0.6793267155804921,0,0.3374749498997996,1.0
33,50,bsps,0.2,1.0,50,12,4,15,11.384,535.2696816326531,0.06998476670721569,0.7932244897959183,40.833470057424115,111.0,18.492,33.14,0.4452662721893491,0.6915974145891043,0,0.32116488925348646,1.0
34,50,bsps,0.2,1.0,50,7,4,16,12.932,539.7281714285715,0.06752153832561995,0.8729795918367347,42.06826493295409,113.0,18.144,33.532,0.44437309359447746,0.6961690885072656,0,0.31409995936611135,1.0
35,50,bsps,0.2,1.0,50,10,6,14,10.72,542.2896163265307,0.08457011718440291,0.9037551020408162,39.08241534067727,111.0,17.68,34.008,0.4443155452436195,0.6976534296028881,0,0.30273357813137497,1.0
36,50,bsps,0.2,1.0,50,11,4,19,13.496,543.8502204081633,0.07018953733341489,0.9431020408163265,43.21174004192872,115.0,17.836,33.524,0.445364238410596,0.6931239388794567,0,0.3182389937106918,1.0
37,50,bsps,0.2,1.0,50,10,5,15,11.884,538.200530612245,0.071075782267619,0.8408163265306123,40.01619913077835,112.0,18.052,33.448,0.4436245066071735,0.698573400828348,0,0.3073883840379297,1.0
38,50,bsps,0.2,1.0,50,8,5,15,11.744,542.3457306122449,0.07762351163575652,0.9088163265306123,39.10266774454325,112.0,18.128,34.408,0.4461942257217848,0.6958230958230959,0,0.29304769603880354,1.0
39,50,bsps,0.2,0.76,38,13,3,22,15.12,527.7333513513515,0.0439015005304479,0.6635675675675675,46.190160309563296,116.0,14.388,23.816,0.4470346885490489,0.6965042372881356,0,0.34715312327252623,1.0
0,50,baps,0.2,1.0,50,9,5,15,10.0,531.1754857142859,0.05445442176870748,0.7115102040816327,51.4556,115.0,15.136,28.5,0.55706789111184,0.644879267277269,0,0.4068,1.0
1,50,baps,0.2,0.94,47,13,4,19,11.648,526.8305304347826,0.03741578947368421,0.6320869565217392,58.842060451255854,118.0,13.572,25.648,0.5581565471836137,0.6393514460999123,0,0.4465730097914006,1.0
2,50,baps,0.2,1.0,50,10,4,15,9.5,529.9116734693877,0.04986802721088435,0.6808979591836734,55.60857258390619,114.0,13.836,27.1,0.5568585643212509,0.6508011310084826,0,0.4367165386170643,1.0
3,50,baps,0.2,1.0,50,8,4,16,10.0,530.6592571428572,0.05037244897959184,0.7026122448979591,57.00362903225806,116.0,14.08,27.004,0.5555009823182712,0.6417224080267558,0,0.45241935483870965,1.0
4,50,baps,0.2,1.0,50,9,4,15,9.06,529.1663755102041,0.05003945578231292,0.6751836734693878,58.64896755162242,115.0,14.036,26.56,0.5542071197411004,0.6443965517241379,0,0.4669195111672988,1.0
5,50,baps,0.2,1.0,50,9,4,14,8.5,529.2906367346939,0.05375704567541303,0.6765714285714287,55.87711032587357,114.0,13.848,26.5,0.558231606730452,0.6447908121410992,0,0.44876325088339225,1.0
6,50,baps,0.2,1.0,50,11,5,16,9.616,529.6400734693879,0.05123299319727891,0.6781224489795918,59.19983277591973,116.0,13.888,27.116,0.5536319828663216,0.63996273870517,0,0.46488294314381273,1.0
7,50,baps,0.2,0.98,49,12,6,19,12.068,533.94185,0.053941812865497075,0.7581666666666668,56.11935208866155,119.0,14.98,28.436,0.550570579959356,0.6374840628984275,0,0.40878090366581415,1.0
8,50,baps,0.2,1.0,50,9,5,13,8.216,531.2075102040817,0.06350863422291993,0.7111020408163266,56.41595441595442,113.0,14.088,27.216,0.5524805939925751,0.6338209982788297,0,0.4582824582824583,1.0
9,50,baps,0.2,1.0,50,11,4,15,9.5,529.2482285714285,0.05142585034013605,0.6739591836734694,56.91561514195583,115.0,14.476,27.5,0.559077331563226,0.6438965238480194,0,0.4479495268138801,1.0
10,50,baps,0.2,1.0,50,10,4,17,10.0,527.964718367347,0.043726290516206474,0.6576326530612245,59.142564522736585,117.0,14.276,26.5,0.5584415584415584,0.6492890995260664,0,0.4514543219991807,1.0
11,50,baps,0.2,0.98,49,11,4,16,9.5,526.5819250000001,0.041140625,0.6333333333333333,58.78213232195533,116.0,13.6,25.5,0.5561345333964945,0.6470831609433182,0,0.4635482511588706,1.0
12,50,baps,0.2,1.0,50,9,6,15,9.5,531.1791020408164,0.053502040816326535,0.7055510204081634,57.76527721570214,115.0,13.928,27.0,0.5563761693746923,0.6427087660988783,0,0.4500202347227843,1.0
13,50,baps,0.2,1.0,50,10,4,15,9.5,528.2306530612246,0.045274829931972786,0.656,58.73570019723866,115.0,13.856,26.5,0.5558333333333333,0.634,0,0.473767258382643,1.0
14,50,baps,0.2,0.94,47,8,4,14,9.26,531.1986086956522,0.057517391304347826,0.7105217391304347,54.41317365269461,114.0,13.836,26.26,0.5584075432163437,0.6471623405191377,0,0.43028229255774164,1.0
15,50,baps,0.2,1.0,50,10,4,14,8.0,528.1001714285715,0.0497201166180758,0.6539591836734694,57.85553319919517,113.0,13.172,25.608,0.5544005544005544,0.6409335727109515,0,0.47364185110663987,1.0
16,50,baps,0.2,1.0,50,12,4,18,10.628,526.3773061224491,0.03642630385487528,0.6283265306122449,59.46984515077425,118.0,13.84,26.128,0.5557140592803931,0.6439983613273249,0,0.460880195599022,1.0
17,50,baps,0.2,1.0,50,9,4,16,9.0,528.6444653061226,0.04897448979591837,0.6675918367346939,58.72615131578947,116.0,13.788,26.0,0.5558633425669437,0.645083932853717,0,0.4629934210526316,1.0
18,50,baps,0.2,0.98,49,9,5,14,9.0,530.5127416666667,0.05685714285714286,0.696,54.86256117455139,114.0,14.092,27.0,0.558489927205011,0.6474605206999573,0,0.43230016313213704,1.0
19,50,baps,0.2,1.0,50,13,4,15,9.0,528.9435510204083,0.052903401360544215,0.6613061224489797,57.78108651911469,115.0,13.596,27.0,0.5547573155773612,0.636284343654601,0,0.4619718309859155,1.0
20,50,baps,0.2,1.0,50,9,4,14,9.0,535.2414040816327,0.06703790087463557,0.7838367346938776,55.62215113954418,114.0,14.592,28.0,0.5571357698032082,0.6408479412963718,0,0.4306277489004398,1.0
21,50,baps,0.2,1.0,50,10,4,16,9.952,530.6014448979593,0.04904421768707483,0.6929795918367347,56.75208681135226,115.0,13.62,27.264,0.5562667767912451,0.6428945988463556,0,0.4461602671118531,1.0
22,50,baps,0.2,1.0,50,9,5,13,8.0,531.1538693877552,0.06716483516483515,0.7082448979591837,54.024570024570025,113.0,14.296,27.5,0.5533232881299179,0.639877031181379,0,0.44226044226044225,1.0
23,50,baps,0.2,1.0,50,8,5,15,10.5,533.0180408163267,0.05521904761904762,0.7422040816326531,51.99429502852486,115.0,14.912,28.64,0.5551240925206821,0.6403094112591319,0,0.4111654441727791,1.0
24,50,baps,0.2,1.0,50,12,3,15,9.08,528.2278367346939,0.05305850340136054,0.6588571428571429,54.28307939053729,115.0,14.296,27.08,0.5580583756345178,0.6496320523303353,0,0.42702485966319165,1.0
25,50,baps,0.2,1.0,50,10,4,16,9.216,529.2235591836735,0.04896428571428571,0.6749387755102041,59.74770642201835,115.0,13.684,26.236,0.5544516622086358,0.6413690476190477,0,0.46788990825688076,1.0
26,50,baps,0.2,1.0,50,11,5,16,10.0,531.373893877551,0.056127551020408166,0.7116734693877552,53.4701030927835,116.0,14.128,28.0,0.5577841451766953,0.6501240694789082,0,0.41360824742268043,1.0
27,50,baps,0.2,1.0,50,11,5,17,10.004,535.0870285714286,0.058621048419367744,0.7759183673469388,57.44200497100248,117.0,13.488,27.004,0.5560067681895093,0.6414529914529915,0,0.4494614747307374,1.0
28,50,baps,0.2,1.0,50,11,5,15,9.528,530.1349714285715,0.05214693877551021,0.6842448979591836,56.09943411479386,115.0,14.0,27.528,0.5555555555555556,0.6386946386946387,0,0.4462409054163298,1.0
29,50,baps,0.2,1.0,50,11,4,17,10.624,528.334106122449,0.04400056022408963,0.6631836734693878,57.76632860040568,117.0,14.492,27.252,0.5518542829012143,0.6313383208645054,0,0.4430020283975659,1.0
30,50,baps,0.2,0.88,44,8,4,18,10.56,530.8790418604652,0.05310852713178295,0.7131162790697674,59.00646054453161,118.0,12.896,24.06,0.5576228323699421,0.6440831074977417,0,0.44347023534840796,1.0
31,50,baps,0.2,1.0,50,7,5,15,9.5,532.2038938775511,0.05286938775510204,0.7272653061224489,57.20478943022296,115.0,14.0,27.068,0.5516525350406645,0.6343989194056732,0,0.45706028075970273,1.0
32,50,baps,0.2,1.0,50,18,4,22,12.056,523.7524000000001,0.028442795299938154,0.572734693877551,63.65691382765531,122.0,13.048,25.556,0.5569019158342885,0.6452152110321772,0,0.4677354709418838,1.0
33,50,baps,0.2,1.0,50,12,4,15,9.5,526.5775183673471,0.043201360544217686,0.6284897959183674,57.40484003281378,115.0,14.204,26.5,0.5536401673640168,0.6408791208791209,0,0.4585726004922067,1.0
34,50,baps,0.2,1.0,50,7,4,16,9.0,530.5327755102043,0.052081632653061226,0.6995918367346939,60.054449410808616,116.0,13.22,26.0,0.5554823839315114,0.638911788953009,0,0.4685087362860626,1.0
35,50,baps,0.2,1.0,50,10,6,14,8.5,531.4686612244898,0.05819047619047619,0.7084081632653061,58.57078743370053,114.0,13.288,26.5,0.556727334580711,0.6406579502319696,0,0.47531619747042025,1.0
36,50,baps,0.2,1.0,50,11,4,19,12.0,534.6350693877552,0.04978732545649839,0.7768163265306122,58.83228511530398,119.0,14.936,28.0,0.5543611793611793,0.6422829581993569,0,0.43689727463312367,1.0
37,50,baps,0.2,1.0,50,10,5,15,9.5,529.5105714285714,0.04914965986394558,0.6755102040816326,56.55077044646385,115.0,13.9,27.0,0.5555555555555556,0.6374294398610508,0,0.4543658632951403,1.0
38,50,baps,0.2,1.0,50,8,5,15,10.0,534.2678693877551,0.061093877551020415,0.7583673469387754,54.1301535974131,115.0,14.34,28.5,0.5551405193881181,0.6456766917293233,0,0.41915925626515765,1.0
39,50,baps,0.2,0.76,38,13,3,22,12.168,522.649891891892,0.03544553644553645,0.568,64.07960199004975,122.0,11.312,19.668,0.5516978252575353,0.6349601593625498,0,0.48369264787175237,1.0
0,50,ewma,0.2,1.0,50,9,5,15,11.408,536.4656571428573,0.07112928613336776,0.8096326530612244,43.4764,111.0,16.984,31.932,0.49133322533614127,0.6699613235926085,0,0.3476,1.0
1,50,ewma,0.2,0.94,47,13,4,19,13.368,532.7930782608696,0.055535505564341885,0.743391304347826,45.524478501489995,113.0,16.368,30.184,0.48587979724837077,0.6689128481581311,0,0.35461898680289483,1.0
2,50,ewma,0.2,1.0,50,10,4,15,11.748,538.6982285714286,0.07174188623168215,0.8415510204081632,41.1754953497776,112.0,17.32,33.028,0.4957642075538299,0.6732245681381958,0,0.317428224828144,1.0
3,50,ewma,0.2,1.0,50,8,4,16,11.62,537.6890693877551,0.07188884448884449,0.8328163265306122,43.74758064516129,112.0,17.2,32.316,0.49084723797181273,0.665663944993554,0,0.3443548387096774,1.0
4,50,ewma,0.2,1.0,50,9,4,15,11.184,537.1455346938777,0.07348489605632463,0.8206530612244899,42.768225874420565,111.0,17.128,32.104,0.49585987261146497,0.6698198198198199,0,0.33839022334597557,1.0
5,50,ewma,0.2,1.0,50,9,4,14,10.54,536.3453551020409,0.07695762967191538,0.8090612244897959,41.90145268943856,111.0,17.204,31.86,0.48967647536985853,0.6756066411238825,0,0.3349038084020416,1.0
6,50,ewma,0.2,1.0,50,11,5,16,11.82,537.0483836734695,0.06914357422622729,0.8146938775510203,43.19690635451505,112.0,17.312,32.732,0.4916873010258224,0.6679389312977099,0,0.33653846153846156,1.0
7,50,ewma,0.2,0.98,49,12,6,19,13.196,539.96865,0.06580616709679211,0.863,43.62190963341858,114.0,16.404,31.788,0.49435944985319114,0.6788064940763493,0,0.3235294117647059,1.0
8,50,ewma,0.2,1.0,50,9,5,13,10.376,538.2918448979592,0.0811801357372786,0.8395102040816327,42.58933658933659,111.0,16.996,32.328,0.4926983073348822,0.6681654676258992,0,0.34065934065934067,1.0
9,50,ewma,0.2,1.0,50,11,4,15,11.22,535.5304000000001,0.07076625007645415,0.7906122448979591,43.24723974763407,112.0,17.068,31.916,0.49044897959183675,0.6821052631578948,0,0.3430599369085173,1.0
10,50,ewma,0.2,1.0,50,10,4,17,12.288,534.3286040816326,0.0633198507841365,0.7768163265306122,46.06718557968046,113.0,17.388,31.58,0.4905140758873929,0.6680194805194806,0,0.3609176566980746,1.0
11,50,ewma,0.2,0.98,49,11,4,16,12.108,533.0603666666667,0.06264909072409072,0.7559166666666667,43.66624525916561,112.0,17.388,31.236,0.4945261182358461,0.6757215619694398,0,0.3438685208596713,1.0
12,50,ewma,0.2,1.0,50,9,6,15,10.908,539.5029142857144,0.07895318196542686,0.8564897959183674,44.257790368271955,112.0,16.708,32.216,0.4906610362189378,0.6679470763977806,0,0.349251315256981,1.0
13,50,ewma,0.2,1.0,50,10,4,15,12.088,535.5710285714288,0.06623164873675078,0.796734693877551,43.66193293885602,113.0,17.516,32.12,0.4897925853339866,0.677324358435002,0,0.3388560157790927,1.0
14,50,ewma,0.2,0.94,47,8,4,14,10.684,537.8101826086958,0.07825604033647512,0.8343478260869565,42.298545765611635,111.0,16.18,30.4,0.4905920939064388,0.6746714997734481,0,0.334901625320787,1.0
15,50,ewma,0.2,1.0,50,10,4,14,10.912,536.2362612244899,0.07378183403897691,0.8060408163265306,42.773038229376255,111.0,17.612,32.364,0.49332877180978446,0.6708449396471681,0,0.34004024144869216,1.0
16,50,ewma,0.2,1.0,50,12,4,18,12.548,533.5805551020409,0.060879391810004055,0.7609795918367347,43.74572127139364,112.0,17.628,32.244,0.4909463076680838,0.6681950812838683,0,0.3475957620211899,1.0
17,50,ewma,0.2,1.0,50,9,4,16,10.468,536.4341306122451,0.07764720834720837,0.8097142857142858,42.858552631578945,111.0,17.176,31.804,0.4927778622472252,0.6776723070573669,0,0.3441611842105263,1.0
18,50,ewma,0.2,0.98,49,9,5,14,10.664,537.3045833333334,0.07749929098679098,0.8240833333333334,43.633768352365415,111.0,16.9,31.596,0.49077181208053694,0.6703056768558951,0,0.3466557911908646,1.0
19,50,ewma,0.2,1.0,50,13,4,15,11.38,536.7512408163266,0.07070543538094559,0.804,41.63983903420523,112.0,17.26,32.976,0.490868366643694,0.6721311475409836,0,0.32796780684104626,1.0
20,50,ewma,0.2,1.0,50,9,4,14,10.208,542.4914448979592,0.08953352112739867,0.9121632653061225,44.217912834866056,111.0,16.368,32.032,0.49071661237785014,0.6694915254237288,0,0.34986005597760894,1.0
21,50,ewma,0.2,1.0,50,10,4,16,12.68,537.805355102041,0.06531513520493112,0.8301224489795918,42.34849749582638,112.0,17.576,33.176,0.49001222992254384,0.6729934924078091,0,0.3259599332220367,1.0
22,50,ewma,0.2,1.0,50,9,5,13,9.552,538.7196571428572,0.08804060134876462,0.841795918367347,40.76740376740377,110.0,16.632,32.32,0.49196088181667497,0.6743346865133063,0,0.3321048321048321,1.0
23,50,ewma,0.2,1.0,50,8,5,15,11.472,539.8227346938776,0.07555326895326897,0.8650612244897959,41.50325998370008,112.0,16.8,32.644,0.49178150423377054,0.6771441400987877,0,0.3243683781581092,1.0
24,50,ewma,0.2,1.0,50,12,3,15,11.456,534.0468408163267,0.06719195067970578,0.7682448979591836,42.44346431435445,111.0,17.468,31.972,0.49272869429241595,0.6806794055201698,0,0.3360064153969527,1.0
25,50,ewma,0.2,1.0,50,10,4,16,11.54,536.2651428571429,0.07027193803928497,0.8116734693877552,44.606338615512925,112.0,17.956,32.204,0.4909297052154195,0.6705822267620021,0,0.35154295246038364,1.0
26,50,ewma,0.2,1.0,50,11,5,16,12.376,536.6353959183674,0.06554554085370412,0.808734693877551,42.70185567010309,112.0,17.624,33.096,0.4918745275888133,0.6664964249233912,0,0.3303092783505155,1.0
27,50,ewma,0.2,1.0,50,11,5,17,11.7,544.0964326530612,0.080830953626872,0.9370612244897959,42.53065451532726,113.0,16.616,32.764,0.49101497504159736,0.675,0,0.3272576636288318,1.0
28,50,ewma,0.2,1.0,50,11,5,15,11.556,536.572693877551,0.06988230680883742,0.8065306122448981,43.81770412287793,112.0,17.1,32.408,0.48707055781307723,0.664908916586769,0,0.3480194017784964,1.0
29,50,ewma,0.2,1.0,50,11,4,17,12.96,534.5082775510205,0.060016124918165735,0.7752653061224489,43.56227180527383,113.0,17.496,32.28,0.4922605611093196,0.6753698868581375,0,0.3318458417849899,1.0
30,50,ewma,0.2,0.88,44,8,4,18,12.836,536.5142418604652,0.06342824191312563,0.811627906976744,45.91878172588832,114.0,15.104,28.028,0.4895628902765388,0.6736596736596736,0,0.3511767420396862,1.0
31,50,ewma,0.2,1.0,50,7,5,15,10.776,540.1586448979592,0.0818327728960382,0.8784489795918368,43.22378199834847,111.0,17.188,32.388,0.4931063829787234,0.6635294117647059,0,0.34145334434351776,1.0
32,50,ewma,0.2,1.0,50,18,4,22,14.272,530.1719836734695,0.048733404910415716,0.6921632653061224,44.58557114228457,114.0,17.52,32.04,0.49335278858625164,0.6702401372212693,0,0.34228456913827654,1.0
33,50,ewma,0.2,1.0,50,12,4,15,11.128,533.9382448979592,0.06927026782741068,0.7665306122448979,43.00984413453651,111.0,17.4,31.852,0.4947856315179606,0.6763241285649615,0,0.3445447087776866,1.0
34,50,ewma,0.2,1.0,50,7,4,16,12.68,538.4311020408163,0.06661893752505997,0.8446530612244898,44.38155221454693,113.0,16.924,32.196,0.4934391705815649,0.6729694886119467,0,0.33969930922389274,1.0
35,50,ewma,0.2,1.0,50,10,6,14,10.54,541.5590040816327,0.0843017982017982,0.8861224489795918,40.79110567115463,111.0,16.644,33.012,0.48935813641695997,0.6850635129215944,0,0.32068543451652387,1.0
36,50,ewma,0.2,1.0,50,11,4,19,13.068,542.4801877551021,0.07003000975948154,0.9130612244897959,46.18616352201258,114.0,16.548,32.144,0.49026171637248933,0.6684514003294892,0,0.35136268343815513,1.0
37,50,ewma,0.2,1.0,50,10,5,15,11.444,536.5870040816327,0.07098164194082562,0.8104489795918367,44.20466218885816,111.0,17.144,32.144,0.48773273012006263,0.6600088770528184,0,0.3528249703674437,1.0
38,50,ewma,0.2,1.0,50,8,5,15,11.608,541.5615428571429,0.0768124927226968,0.8915918367346939,41.891269199676636,112.0,17.308,33.512,0.4903693232019791,0.664753706360593,0,0.322554567502021,1.0
39,50,ewma,0.2,0.76,38,13,3,22,14.348,526.4748972972974,0.04429936939518983,0.6375135135135136,49.448866777224985,116.0,13.276,22.58,0.49370182365106224,0.6690833764888658,0,0.38584853510226647,1.0
0,50,oracle,0.2,1.0,50,9,5,15,7.38,527.0768734693879,0.07563111876785346,0.5641632653061225,5.648,9.0,0.0,16.364,1.0,1.0,0,0.0,1.0
1,50,oracle,0.2,0.94,47,13,4,19,7.868,523.8684608695653,0.06491605351170568,0.516,5.759472115793955,9.0,0.0,14.844,1.0,1.0,0,0.0,1.0
2,50,oracle,0.2,1.0,50,10,4,15,7.748,529.0030530612245,0.07618807315133845,0.5932244897959184,6.177517185604529,9.0,0.0,16.888,1.0,1.0,0,0.0,1.0
3,50,oracle,0.2,1.0,50,8,4,16,7.496,527.407648979592,0.07555351473922903,0.5690612244897959,5.8540322580645165,9.0,0.0,16.332,1.0,1.0,0,0.0,1.0
4,50,oracle,0.2,1.0,50,9,4,15,7.232,526.9229387755103,0.07709319138910976,0.5616326530612245,5.592920353982301,9.0,0.0,16.048,1.0,1.0,0,0.0,1.0
5,50,oracle,0.2,1.0,50,9,4,14,6.696,526.3733959183675,0.08199980563654033,0.5533061224489795,5.291323125245387,8.0,0.0,15.852,1.0,1.0,0,0.0,1.0
6,50,oracle,0.2,1.0,50,11,5,16,7.436,527.6855102040818,0.07674723326560061,0.573469387755102,5.751672240802676,9.0,0.0,16.692,1.0,1.0,0,0.0,1.0
7,50,oracle,0.2,0.98,49,12,6,19,8.184,529.4720833333334,0.07293263588263588,0.6,6.712702472293265,10.0,0.0,16.28,1.0,1.0,0,0.0,1.0
8,50,oracle,0.2,1.0,50,9,5,13,6.956,528.091093877551,0.08291137026239068,0.5793469387755102,5.539275539275539,8.0,0.0,16.484,1.0,1.0,0,0.0,1.0
9,50,oracle,0.2,1.0,50,11,4,15,6.94,526.4216979591837,0.07986297670583384,0.554204081632653,5.4321766561514195,9.0,0.0,16.088,1.0,1.0,0,0.0,1.0
10,50,oracle,0.2,1.0,50,10,4,17,7.568,524.3486775510204,0.06860851959831551,0.5227755102040816,5.997132322818517,9.0,0.0,15.324,1.0,1.0,0,0.0,1.0
11,50,oracle,0.2,0.98,49,11,4,16,7.376,522.975575,0.06788148148148147,0.50225,5.552886641382217,9.0,0.0,14.892,1.0,1.0,0,0.0,1.0
12,50,oracle,0.2,1.0,50,9,6,15,7.348,529.2444979591837,0.08069595076125688,0.5965714285714286,5.963172804532578,9.0,0.0,16.564,1.0,1.0,0,0.0,1.0
13,50,oracle,0.2,1.0,50,10,4,15,7.544,525.7264897959184,0.0722548605589422,0.5436734693877552,6.056015779092702,10.0,0.0,15.844,1.0,1.0,0,0.0,1.0
14,50,oracle,0.2,0.94,47,8,4,14,6.852,527.5973391304349,0.08289696342305038,0.5719130434782609,5.466638152266895,8.0,0.0,15.368,1.0,1.0,0,0.0,1.0
15,50,oracle,0.2,1.0,50,10,4,14,6.992,526.6000979591837,0.07914314868804663,0.5568163265306122,5.504627766599597,9.0,0.0,16.032,1.0,1.0,0,0.0,1.0
16,50,oracle,0.2,1.0,50,12,4,18,7.584,524.0363020408165,0.06785705156521482,0.5184489795918368,5.396088019559902,9.0,0.0,15.748,1.0,1.0,0,0.0,1.0
17,50,oracle,0.2,1.0,50,9,4,16,6.508,526.2222693877552,0.08398163265306123,0.5509387755102041,5.1792763157894735,8.0,0.0,15.696,1.0,1.0,0,0.0,1.0
18,50,oracle,0.2,0.98,49,9,5,14,6.836,527.4250583333334,0.08266537097162098,0.56925,5.484910277324633,8.0,0.0,15.908,1.0,1.0,0,0.0,1.0
19,50,oracle,0.2,1.0,50,13,4,15,7.412,528.2626612244898,0.07801599081190917,0.5822857142857142,5.638229376257545,9.0,0.0,16.992,1.0,1.0,0,0.0,1.0
20,50,oracle,0.2,1.0,50,9,4,14,6.824,531.0202122448981,0.09038415937803691,0.6231020408163265,6.157137145141943,8.0,0.0,16.704,1.0,1.0,0,0.0,1.0
21,50,oracle,0.2,1.0,50,10,4,16,8.312,528.7410938775511,0.07031449684102745,0.5895510204081632,6.267111853088481,10.0,0.0,17.184,1.0,1.0,0,0.0,1.0
22,50,oracle,0.2,1.0,50,9,5,13,6.464,528.8226612244898,0.09042257855523161,0.5904489795918367,4.988943488943489,8.0,0.0,16.768,1.0,1.0,0,0.0,1.0
23,50,oracle,0.2,1.0,50,8,5,15,7.704,529.4550775510205,0.07706948199193096,0.6000816326530612,6.10880195599022,9.0,0.0,17.06,1.0,1.0,0,0.0,1.0
24,50,oracle,0.2,1.0,50,12,3,15,7.26,524.8420897959185,0.07266971169420149,0.5304489795918368,5.419005613472334,8.0,0.0,15.76,1.0,1.0,0,0.0,1.0
25,50,oracle,0.2,1.0,50,10,4,16,7.204,526.2793714285714,0.07573214359336808,0.5517551020408162,5.7889908256880735,9.0,0.0,15.652,1.0,1.0,0,0.0,1.0
26,50,oracle,0.2,1.0,50,11,5,16,7.696,527.3689469387755,0.07373234679153046,0.5688163265306123,5.960824742268041,10.0,0.0,16.768,1.0,1.0,0,0.0,1.0
27,50,oracle,0.2,1.0,50,11,5,17,7.536,532.8171591836735,0.08594798716023205,0.6502857142857142,6.640845070422535,10.0,0.0,17.288,1.0,1.0,0,0.0,1.0
28,50,oracle,0.2,1.0,50,11,5,15,7.608,528.0733387755103,0.07560235886562416,0.5793469387755101,5.8326596604688765,9.0,0.0,16.832,1.0,1.0,0,0.0,1.0
29,50,oracle,0.2,1.0,50,11,4,17,7.728,524.922718367347,0.06858289307064817,0.5317551020408162,5.976876267748478,10.0,0.0,15.9,1.0,1.0,0,0.0,1.0
30,50,oracle,0.2,0.88,44,8,4,18,7.468,526.1089302325581,0.07392637569149196,0.5493023255813952,6.366405168435625,10.0,0.0,13.832,1.0,1.0,0,0.0,1.0
31,50,oracle,0.2,1.0,50,7,5,15,6.892,529.2879755102042,0.08613275024295433,0.5972244897959184,5.765895953757226,8.0,0.0,16.572,1.0,1.0,0,0.0,1.0
32,50,oracle,0.2,1.0,50,18,4,22,8.068,522.8420489795919,0.06187414286393879,0.5006530612244897,5.692184368737475,10.0,0.0,15.716,1.0,1.0,0,0.0,1.0
33,50,oracle,0.2,1.0,50,12,4,15,7.076,524.7021142857145,0.07412646582442502,0.5283265306122448,5.219031993437244,8.0,0.0,15.708,1.0,1.0,0,0.0,1.0
34,50,oracle,0.2,1.0,50,7,4,16,8.288,527.8844734693879,0.06950316576847189,0.5762448979591837,6.631044290938643,10.0,0.0,16.448,1.0,1.0,0,0.0,1.0
35,50,oracle,0.2,1.0,50,10,6,14,7.188,531.5584571428572,0.08739300291545189,0.631673469387755,5.88453692370461,9.0,0.0,17.444,1.0,1.0,0,0.0,1.0
36,50,oracle,0.2,1.0,50,11,4,19,8.14,530.5683918367348,0.07594569308242777,0.6162448979591836,7.112788259958071,10.0,0.0,16.528,1.0,1.0,0,0.0,1.0
37,50,oracle,0.2,1.0,50,10,5,15,7.38,527.6174857142857,0.07744018022793533,0.5723265306122448,5.5685499802449625,9.0,0.0,16.52,1.0,1.0,0,0.0,1.0
38,50,oracle,0.2,1.0,50,8,5,15,7.968,531.153942857143,0.07774039815060224,0.6256326530612245,6.525464834276475,10.0,0.0,17.416,1.0,1.0,0,0.0,1.0
39,50,oracle,0.2,0.76,38,13,3,22,7.38,518.4596432432432,0.05792977202977202,0.43362162162162166,5.9673852957435045,10.0,0.0,10.06,1.0,1.0,0,0.0,1.0
0,50,csma,0.2,1.0,50,9,5,15,15.0,1269.5282448979592,1.0,15.0,19.909404659188954,109.0,nan,nan,nan,nan,0,0.0,0.95351707116413
1,50,csma,0.2,0.94,47,13,4,19,19.0,1455.4157826086957,1.0,19.0,12.073659673659673,18.799999999999955,nan,nan,nan,nan,0,0.0,0.9322033898305084
2,50,csma,0.2,1.0,50,10,4,15,15.0,1273.4601469387758,1.0,15.0,21.920155373327578,109.0,nan,nan,nan,nan,0,0.0,0.9622093023255814
3,50,csma,0.2,1.0,50,8,4,16,16.0,1314.7317632653067,1.0,16.0,14.925297113752123,104.0,nan,nan,nan,nan,0,0.0,0.9647829647829648
4,50,csma,0.2,1.0,50,9,4,15,15.0,1271.9293224489795,1.0,15.0,18.42702468601126,106.0,nan,nan,nan,nan,0,0.0,0.945149406467458
5,50,csma,0.2,1.0,50,9,4,14,14.0,1222.9151265306123,1.0,14.0,22.5033921302578,109.5,nan,nan,nan,nan,0,0.0,0.8991459943066287
6,50,csma,0.2,1.0,50,11,5,16,16.0,1322.101330612245,1.0,16.0,17.196474634565778,106.0,nan,nan,nan,nan,0,0.0,0.9241160111243544
7,50,csma,0.2,0.98,49,12,6,19,19.0,1468.033725,1.0,19.0,11.937853107344633,18.0,nan,nan,nan,nan,0,0.0,0.9627615062761506
8,50,csma,0.2,1.0,50,9,5,13,13.0,1188.1808326530615,1.0,13.0,30.121225577264653,111.0,nan,nan,nan,nan,0,0.0,0.9018822587104526
9,50,csma,0.2,1.0,50,11,4,15,15.0,1273.54506122449,1.0,15.0,19.53507194244604,108.0,nan,nan,nan,nan,0,0.0,0.9077551020408163
10,50,csma,0.2,1.0,50,10,4,17,17.0,1364.4952000000003,1.0,17.0,12.71484888304862,17.0,nan,nan,nan,nan,0,0.0,0.9540325950689511
11,50,csma,0.2,0.98,49,11,4,16,16.0,1325.2342833333337,1.0,16.0,17.695004803073967,107.94999999999982,nan,nan,nan,nan,0,0.0,0.8784810126582279
12,50,csma,0.2,1.0,50,9,6,15,15.0,1280.83986122449,1.0,15.0,23.45190713101161,110.0,nan,nan,nan,nan,0,0.0,0.9667334669338677
13,50,csma,0.2,1.0,50,10,4,15,15.0,1278.7495673469389,1.0,15.0,21.12804607886575,110.0,nan,nan,nan,nan,0,0.0,0.9075190993164455
14,50,csma,0.2,0.94,47,8,4,14,14.0,1219.3715130434787,1.0,14.0,22.70226843100189,109.0,nan,nan,nan,nan,0,0.0,0.9313380281690141
15,50,csma,0.2,1.0,50,10,4,14,14.0,1227.08906122449,1.0,14.0,24.08519003931848,110.0,nan,nan,nan,nan,0,0.0,0.9086939261611751
16,50,csma,0.2,1.0,50,12,4,18,18.0,1407.3002612244902,1.0,18.0,14.134418604651163,101.0,nan,nan,nan,nan,0,0.0,0.8789860997547015
17,50,csma,0.2,1.0,50,9,4,16,16.0,1312.6123265306126,1.0,16.0,16.562169312169313,106.0,nan,nan,nan,nan,0,0.0,0.9364161849710982
18,50,csma,0.2,0.98,49,9,5,14,14.0,1233.8190250000005,1.0,14.0,27.120192307692307,111.0,nan,nan,nan,nan,0,0.0,0.9225806451612903
19,50,csma,0.2,1.0,50,13,4,15,15.0,1274.0413714285717,1.0,15.0,22.988034188034188,110.0,nan,nan,nan,nan,0,0.0,0.9307875894988067
20,50,csma,0.2,1.0,50,9,4,14,14.0,1222.826473469388,1.0,14.0,25.45179420665802,110.0,nan,nan,nan,nan,0,0.0,0.9456255110384301
21,50,csma,0.2,1.0,50,10,4,16,16.0,1315.572816326531,1.0,16.0,17.731363034847817,107.0,nan,nan,nan,nan,0,0.0,0.9489326077856843
22,50,csma,0.2,1.0,50,9,5,13,13.0,1171.2388326530613,1.0,13.0,24.33183183183183,109.0,nan,nan,nan,nan,0,0.0,0.840201850294365
23,50,csma,0.2,1.0,50,8,5,15,15.0,1277.9253959183675,1.0,15.0,23.327556325823224,110.0,nan,nan,nan,nan,0,0.0,0.9385929239528263
24,50,csma,0.2,1.0,50,12,3,15,15.0,1265.4640734693878,1.0,15.0,18.189560439560438,107.0,nan,nan,nan,nan,0,0.0,0.9191919191919192
25,50,csma,0.2,1.0,50,10,4,16,16.0,1323.5532571428573,1.0,16.0,18.196249454862624,105.40000000000009,nan,nan,nan,nan,0,0.0,0.9405250205086136
26,50,csma,0.2,1.0,50,11,5,16,16.0,1311.0345959183676,1.0,16.0,15.700312639571237,105.0,nan,nan,nan,nan,0,0.0,0.920641447368421
27,50,csma,0.2,1.0,50,11,5,17,17.0,1370.440897959184,1.0,17.0,19.50886524822695,108.0,nan,nan,nan,nan,0,0.0,0.9360995850622407
28,50,csma,0.2,1.0,50,11,5,15,15.0,1272.7697469387758,1.0,15.0,20.057253551442102,108.0,nan,nan,nan,nan,0,0.0,0.9466177669111654
29,50,csma,0.2,1.0,50,11,4,17,17.0,1365.3968081632656,1.0,17.0,13.695004382120947,101.0,nan,nan,nan,nan,0,0.0,0.9197904070939138
30,50,csma,0.2,0.88,44,8,4,18,18.0,1413.6833674418608,1.0,18.0,12.9110269758637,18.0,nan,nan,nan,nan,0,0.0,0.9679340357306458
31,50,csma,0.2,1.0,50,7,5,15,15.0,1267.5979673469387,1.0,15.0,18.78373466606088,107.0,nan,nan,nan,nan,0,0.0,0.8998364677023712
32,50,csma,0.2,1.0,50,18,4,22,22.0,1593.133346938776,1.0,22.0,10.732751091703056,20.0,nan,nan,nan,nan,0,0.0,0.938909389093891
33,50,csma,0.2,1.0,50,12,4,15,15.0,1269.4635020408164,1.0,15.0,19.789794007490638,109.0,nan,nan,nan,nan,0,0.0,0.863030303030303
34,50,csma,0.2,1.0,50,7,4,16,16.0,1322.0532897959185,1.0,16.0,15.1796509152831,103.0,nan,nan,nan,nan,0,0.0,0.9642857142857143
35,50,csma,0.2,1.0,50,10,6,14,14.0,1230.595216326531,1.0,14.0,25.93904518329071,111.0,nan,nan,nan,nan,0,0.0,0.9638455217748562
36,50,csma,0.2,1.0,50,11,4,19,19.0,1462.5250612244902,1.0,19.0,15.289451114922812,101.0,nan,nan,nan,nan,0,0.0,0.9604612850082372
37,50,csma,0.2,1.0,50,10,5,15,15.0,1275.1668326530614,1.0,15.0,20.31929046563193,109.0,nan,nan,nan,nan,0,0.0,0.9136952998379254
38,50,csma,0.2,1.0,50,8,5,15,15.0,1283.2534857142862,1.0,15.0,24.178556528994577,111.0,nan,nan,nan,nan,0,0.0,0.9669221460266236
39,50,csma,0.2,0.76,38,13,3,22,22.0,1605.5822162162165,1.0,22.0,9.027133973996609,18.0,nan,nan,nan,nan,0,0.0,0.9795127353266888
0,100,rand_st,0.2,0.99,99,10,5,18,18.0,558.1287102040816,0.0692154195011338,1.245877551020408,83.83690549091651,208.0,63.904,98.0,0.0,1.0,0,0.0,1.0
1,100,rand_st,0.2,1.0,100,10,6,20,14.0,561.0815515151515,0.09141702741702741,1.2798383838383838,144.5805033959249,302.0,61.296,99.0,0.0,1.0,0,0.0,1.0
2,100,rand_st,0.2,1.0,100,8,6,17,15.0,561.6615272727273,0.08643232323232322,1.2964848484848486,107.47920470683708,209.0,61.648,99.0,0.0,1.0,0,0.0,1.0
3,100,rand_st,0.2,0.98,98,10,6,19,15.0,560.6511711340205,0.08512164948453607,1.276824742268041,93.72523829258185,212.0,60.148,97.0,0.0,1.0,0,0.0,1.0
4,100,rand_st,0.2,1.0,100,12,6,18,15.0,557.4571151515153,0.08226262626262627,1.233939393939394,84.80870631514408,202.0,63.84,99.0,0.0,1.0,0,0.0,1.0
5,100,rand_st,0.2,1.0,100,10,7,18,16.0,563.2999555555557,0.08200757575757575,1.312121212121212,111.69895916733387,213.0,60.1,99.0,0.0,1.0,0,0.0,1.0
6,100,rand_st,0.2,1.0,100,9,5,19,14.0,560.9464202020202,0.09182395382395382,1.2855353535353535,108.36901182601724,204.0,61.732,99.0,0.0,1.0,0,0.0,1.0
7,100,rand_st,0.2,1.0,100,14,6,16,16.0,555.0909858585859,0.07446212121212122,1.1913939393939394,97.05044570502432,207.0,66.052,99.0,0.0,1.0,0,0.0,1.0
8,100,rand_st,0.2,1.0,100,9,8,19,14.0,561.7612323232323,0.09337085137085137,1.3071919191919192,157.83126399348666,401.0,63.588,99.0,0.0,1.0,0,0.0,1.0
9,100,rand_st,0.2,1.0,100,11,5,17,17.0,559.6056767676769,0.07445038621509209,1.2656565656565655,90.64811172305271,212.0,62.7,99.0,0.0,1.0,0,0.0,1.0
10,100,rand_st,0.2,1.0,100,8,7,17,15.0,563.6683353535353,0.08902087542087543,1.3353131313131312,137.81231079717458,307.0,62.804,99.0,0.0,1.0,0,0.0,1.0
11,100,rand_st,0.2,1.0,100,10,5,18,16.0,559.2386787878789,0.07873484848484849,1.2597575757575759,119.14393476044852,212.0,63.284,99.0,0.0,1.0,0,0.0,1.0
12,100,rand_st,0.2,0.93,93,12,6,20,18.0,558.7642304347827,0.06991545893719806,1.2584782608695655,102.46411688869789,210.0,60.22,92.0,0.0,1.0,0,0.0,1.0
13,100,rand_st,0.2,0.99,99,10,7,18,17.0,560.2136408163266,0.07478031212484992,1.2712653061224488,159.89131313131313,303.0,62.416,98.0,0.0,1.0,0,0.0,1.0
14,100,rand_st,0.2,1.0,100,14,6,21,17.0,557.4833131313133,0.07251336898395722,1.2327272727272727,82.08172784425066,213.0,63.96,99.0,0.0,1.0,0,0.0,1.0
15,100,rand_st,0.2,0.99,99,13,9,19,18.0,562.041024489796,0.07273242630385487,1.3091836734693878,156.46166328600407,309.0,62.7,98.0,0.0,1.0,0,0.0,1.0
16,100,rand_st,0.2,1.0,100,8,5,18,15.0,560.0329090909091,0.08547070707070707,1.282060606060606,93.74698310539019,211.0,64.076,99.0,0.0,1.0,0,0.0,1.0
17,100,rand_st,0.2,1.0,100,11,8,19,14.0,561.1864161616163,0.09223088023088025,1.2912323232323233,228.0460394049055,404.0,64.168,99.0,0.0,1.0,0,0.0,1.0
18,100,rand_st,0.2,1.0,100,16,6,18,16.0,556.0949535353536,0.0747449494949495,1.195919191919192,124.76216324889425,303.0,63.604,99.0,0.0,1.0,0,0.0,1.0
19,100,rand_st,0.2,1.0,100,11,10,21,18.0,565.3895111111111,0.07465319865319865,1.3437575757575755,145.40829694323145,304.0,58.968,99.0,0.0,1.0,0,0.0,1.0
20,100,rand_st,0.2,1.0,100,9,6,18,16.0,560.3497050505051,0.08,1.28,113.24008056394763,209.0,62.28,99.0,0.0,1.0,0,0.0,1.0
21,100,rand_st,0.2,1.0,100,12,5,18,17.0,557.8736727272728,0.07270825906120024,1.2360404040404038,93.59730290456432,207.0,63.632,99.0,0.0,1.0,0,0.0,1.0
22,100,rand_st,0.2,1.0,100,10,6,18,16.0,560.686892929293,0.08074747474747475,1.291959595959596,122.44873117392201,204.0,64.096,99.0,0.0,1.0,0,0.0,1.0
23,100,rand_st,0.2,0.99,99,10,6,20,17.0,559.5476408163266,0.0741656662665066,1.260816326530612,101.12106982441813,215.0,62.44,98.0,0.0,1.0,0,0.0,1.0
24,100,rand_st,0.2,1.0,100,9,7,19,16.0,560.625995959596,0.07996464646464647,1.2794343434343436,117.98304738562092,207.0,62.336,99.0,0.0,1.0,0,0.0,1.0
25,100,rand_st,0.2,1.0,100,9,9,20,15.0,563.7374262626263,0.0882936026936027,1.3244040404040405,151.2604124545087,405.0,60.884,99.0,0.0,1.0,0,0.0,1.0
26,100,rand_st,0.2,1.0,100,10,5,18,15.0,559.5720282828283,0.08421548821548822,1.2632323232323233,112.03972575115951,207.0,62.94,99.0,0.0,1.0,0,0.0,1.0
27,100,rand_st,0.2,1.0,100,12,5,18,15.0,559.1895717171717,0.08336969696969697,1.2505454545454544,109.45899632802937,207.0,62.196,99.0,0.0,1.0,0,0.0,1.0
28,100,rand_st,0.2,1.0,100,13,7,18,18.0,556.5002545454546,0.06731986531986532,1.211757575757576,98.411800486618,205.0,65.036,99.0,0.0,1.0,0,0.0,1.0
29,100,rand_st,0.2,1.0,100,11,6,18,17.0,561.8388969696971,0.07692691622103387,1.3077575757575757,128.60902255639098,303.0,63.532,99.0,0.0,1.0,0,0.0,1.0
30,100,rand_st,0.2,1.0,100,11,6,20,16.0,558.5091353535354,0.07777020202020202,1.2443232323232323,82.30273202089192,203.0,63.812,99.0,0.0,1.0,0,0.0,1.0
31,100,rand_st,0.2,1.0,100,11,6,19,15.0,559.4072646464647,0.08394882154882154,1.2592323232323233,119.56617794737899,308.0,62.336,99.0,0.0,1.0,0,0.0,1.0
32,100,rand_st,0.2,0.96,96,9,5,19,16.0,561.4854315789474,0.08155789473684212,1.304926315789474,125.57286324786325,212.0,61.032,95.0,0.0,1.0,0,0.0,1.0
33,100,rand_st,0.2,1.0,100,13,5,18,16.0,557.3123919191919,0.0764419191919192,1.2230707070707072,95.49707011517478,210.0,63.916,99.0,0.0,1.0,0,0.0,1.0
34,100,rand_st,0.2,1.0,100,9,7,21,20.0,559.038698989899,0.06288484848484849,1.2576969696969698,116.69597736001617,311.0,64.488,99.0,0.0,1.0,0,0.0,1.0
35,100,rand_st,0.2,0.95,95,10,6,20,17.0,559.9625574468085,0.07442052565707136,1.2651489361702128,141.10545454545453,314.0,59.076,94.0,0.0,1.0,0,0.0,1.0
36,100,rand_st,0.2,0.99,99,11,5,19,14.0,558.3297346938776,0.0888542274052478,1.2439591836734694,91.39350996097761,205.0,63.092,98.0,0.0,1.0,0,0.0,1.0
37,100,rand_st,0.2,0.99,99,10,8,18,15.0,559.8659510204081,0.08475102040816328,1.2712653061224488,129.2816301703163,210.0,62.416,98.0,0.0,1.0,0,0.0,1.0
38,100,rand_st,0.2,1.0,100,13,6,18,16.0,558.006294949495,0.07705555555555556,1.232888888888889,119.19931617055511,303.0,62.944,99.0,0.0,1.0,0,0.0,1.0
39,100,rand_st,0.2,0.99,99,12,5,17,15.0,556.7361306122449,0.08153469387755101,1.2230204081632654,74.55253244035161,209.0,64.144,98.0,0.0,1.0,0,0.0,1.0
0,100,rand_dt,0.2,0.99,99,10,5,18,17.004,556.7301551020408,0.07241633583257864,1.2287346938775507,106.80803753569971,217.0,65.584,98.0,0.0,1.0,0,0.0,1.0
1,100,rand_dt,0.2,1.0,100,10,6,20,14.156,559.0131797979798,0.08878838383838383,1.254141414141414,139.54715088282504,309.0,63.84,99.0,0.0,1.0,0,0.0,1.0
2,100,rand_dt,0.2,1.0,100,8,6,17,14.208,559.9642828282829,0.0900338457838458,1.276040404040404,120.75296959935575,305.0,63.672,99.0,0.0,1.0,0,0.0,1.0
3,100,rand_dt,0.2,0.98,98,10,6,19,14.956,559.612593814433,0.08461551578601305,1.2625154639175258,118.30289349476709,305.0,61.536,97.0,0.0,1.0,0,0.0,1.0
4,100,rand_dt,0.2,1.0,100,12,6,18,15.364,556.0999434343435,0.07925749653396713,1.2162424242424246,94.44335177217783,213.0,65.592,99.0,0.0,1.0,0,0.0,1.0
5,100,rand_dt,0.2,1.0,100,10,7,18,15.488,561.1090626262627,0.08329287883503571,1.2865858585858587,141.7272908366534,312.0,62.628,99.0,0.0,1.0,0,0.0,1.0
6,100,rand_dt,0.2,1.0,100,9,5,19,14.56,558.9293535353537,0.08683314474196827,1.2606464646464646,119.6192996742671,302.4499999999998,64.196,99.0,0.0,1.0,0,0.0,1.0
7,100,rand_dt,0.2,1.0,100,14,6,16,15.988,554.3152080808081,0.07399331550802139,1.181171717171717,105.11052631578947,216.0,67.064,99.0,0.0,1.0,0,0.0,1.0
8,100,rand_dt,0.2,1.0,100,9,8,19,14.512,560.283793939394,0.08903172198172199,1.2894949494949495,174.89363837045957,403.0,65.34,99.0,0.0,1.0,0,0.0,1.0
9,100,rand_dt,0.2,1.0,100,11,5,17,16.176,557.6467393939395,0.07680185845381923,1.2414545454545456,108.55502296784502,215.0,65.096,99.0,0.0,1.0,0,0.0,1.0
10,100,rand_dt,0.2,1.0,100,8,7,17,14.176,562.0901252525254,0.09311156621156622,1.3172525252525251,168.51623246492986,313.0,64.592,99.0,0.0,1.0,0,0.0,1.0
11,100,rand_dt,0.2,1.0,100,10,5,18,15.684,557.5096848484849,0.0790916287053542,1.2385050505050506,129.04131894972522,303.0,65.388,99.0,0.0,1.0,0,0.0,1.0
12,100,rand_dt,0.2,0.93,93,12,6,20,17.588,557.7226391304349,0.07095317898326378,1.246217391304348,123.57066495616849,305.0,61.348,92.0,0.0,1.0,0,0.0,1.0
13,100,rand_dt,0.2,0.99,99,10,7,18,16.984,557.9053632653063,0.07341625193937225,1.2442448979591838,136.94379246448426,313.0,65.064,98.0,0.0,1.0,0,0.0,1.0
14,100,rand_dt,0.2,1.0,100,14,6,21,17.444,555.7343030303031,0.06947277383397094,1.2106666666666666,108.11308662394046,218.0,66.144,99.0,0.0,1.0,0,0.0,1.0
15,100,rand_dt,0.2,0.99,99,13,9,19,17.48,560.9434612244899,0.07423511158849505,1.296326530612245,174.710843373494,405.0,63.96,98.0,0.0,1.0,0,0.0,1.0
16,100,rand_dt,0.2,1.0,100,8,5,18,15.084,558.9119676767677,0.08417462722462725,1.2678787878787878,113.58903290129611,215.0,65.48,99.0,0.0,1.0,0,0.0,1.0
17,100,rand_dt,0.2,1.0,100,11,8,19,14.9,559.7580888888889,0.08574110007639421,1.274868686868687,242.3638,503.0,65.788,99.0,0.0,1.0,0,0.0,1.0
18,100,rand_dt,0.2,1.0,100,16,6,18,16.368,554.2172727272728,0.07169132501485444,1.1723232323232324,122.29117286473233,312.0,65.94,99.0,0.0,1.0,0,0.0,1.0
19,100,rand_dt,0.2,1.0,100,11,10,21,18.032,562.7446383838385,0.07279567605883394,1.3125656565656565,225.59016719745222,511.0,62.056,99.0,0.0,1.0,0,0.0,1.0
20,100,rand_dt,0.2,1.0,100,9,6,18,16.192,558.3687959595959,0.07769001678289604,1.254989898989899,117.08936951642522,303.0,64.756,99.0,0.0,1.0,0,0.0,1.0
21,100,rand_dt,0.2,1.0,100,12,5,18,16.628,556.318985858586,0.07326268793890053,1.2163636363636365,101.99356445920698,217.0,65.58,99.0,0.0,1.0,0,0.0,1.0
22,100,rand_dt,0.2,1.0,100,10,6,18,16.036,559.2718747474748,0.07953713606654783,1.2752727272727273,140.90669122160836,306.0,65.748,99.0,0.0,1.0,0,0.0,1.0
23,100,rand_dt,0.2,0.99,99,10,6,20,16.34,557.3462448979592,0.07576900584795322,1.2350204081632652,112.65294609277058,304.0,64.968,98.0,0.0,1.0,0,0.0,1.0
24,100,rand_dt,0.2,1.0,100,9,7,19,16.412,558.9244202020203,0.07676079421667657,1.2584242424242424,128.95105467950032,307.0,64.416,99.0,0.0,1.0,0,0.0,1.0
25,100,rand_dt,0.2,1.0,100,9,9,20,15.452,562.1339717171718,0.08473434579218893,1.3054545454545452,177.96243005595522,410.0,62.76,99.0,0.0,1.0,0,0.0,1.0
26,100,rand_dt,0.2,1.0,100,10,5,18,14.652,557.7114505050506,0.0848213634948929,1.2405656565656566,114.63351217498968,304.0,65.184,99.0,0.0,1.0,0,0.0,1.0
27,100,rand_dt,0.2,1.0,100,12,5,18,15.576,557.2567555555557,0.07894957747408728,1.2266262626262625,117.69900703351261,303.0,64.564,99.0,0.0,1.0,0,0.0,1.0
28,100,rand_dt,0.2,1.0,100,13,7,18,16.256,555.1445414141414,0.07357072357562554,1.1949898989898988,123.43894523326573,307.0,66.696,99.0,0.0,1.0,0,0.0,1.0
29,100,rand_dt,0.2,1.0,100,11,6,18,17.476,560.1955919191919,0.07379827862387202,1.2882828282828283,147.52703777335984,305.0,65.46,99.0,0.0,1.0,0,0.0,1.0
30,100,rand_dt,0.2,1.0,100,11,6,20,16.896,557.5614666666668,0.07314366037394933,1.2333333333333334,106.7916912778106,217.0,64.9,99.0,0.0,1.0,0,0.0,1.0
31,100,rand_dt,0.2,1.0,100,11,6,19,16.076,557.4404242424243,0.07693851587773157,1.2345454545454546,117.57415297220531,307.0,64.78,99.0,0.0,1.0,0,0.0,1.0
32,100,rand_dt,0.2,0.96,96,9,5,19,15.3,560.8363242105264,0.08493035087719297,1.296547368421053,118.32504661280298,216.0,61.828,95.0,0.0,1.0,0,0.0,1.0
33,100,rand_dt,0.2,1.0,100,13,5,18,16.3,555.958694949495,0.07413849277084572,1.2066666666666666,99.62709469008682,214.0,65.54,99.0,0.0,1.0,0,0.0,1.0
34,100,rand_dt,0.2,1.0,100,9,7,21,19.028,557.2680606060607,0.06511214737179649,1.236888888888889,134.45099617629302,310.0,66.548,99.0,0.0,1.0,0,0.0,1.0
35,100,rand_dt,0.2,0.95,95,10,6,20,16.936,558.5274382978724,0.07376125035680564,1.2469787234042553,136.66028504573495,313.0,60.784,94.0,0.0,1.0,0,0.0,1.0
36,100,rand_dt,0.2,0.99,99,11,5,19,14.188,557.0302979591837,0.08657664648276894,1.2268979591836733,127.519052523172,307.0,64.764,98.0,0.0,1.0,0,0.0,1.0
37,100,rand_dt,0.2,0.99,99,10,8,18,16.048,558.1529795918368,0.07808959250366813,1.2502857142857142,136.65489795918367,315.0,64.472,98.0,0.0,1.0,0,0.0,1.0
38,100,rand_dt,0.2,1.0,100,13,6,18,16.372,556.3431313131314,0.07408141876279131,1.2115959595959598,122.5294237012987,309.0,65.052,99.0,0.0,1.0,0,0.0,1.0
39,100,rand_dt,0.2,0.99,99,12,5,17,15.544,555.7617551020409,0.07807362230606528,1.210448979591837,100.92081632653061,216.0,65.376,98.0,0.0,1.0,0,0.0,1.0
0,100,static,0.2,0.99,99,10,5,18,18.0,558.3154204081634,0.06933333333333333,1.248,14.617635024549918,18.0,63.696,98.0,0.0,1.0,0,0.0,1.0
1,100,static,0.2,1.0,100,10,6,20,20.0,560.9541777777779,0.06391313131313131,1.2782626262626264,17.210884353741495,20.0,61.452,99.0,0.0,1.0,0,0.0,1.0
2,100,static,0.2,1.0,100,8,6,17,17.0,561.1159353535354,0.07592156862745097,1.2906666666666669,14.989075460246813,17.0,62.224,99.0,0.0,1.0,0,0.0,1.0
3,100,static,0.2,0.98,98,10,6,19,19.0,561.5022474226804,0.06767444384156267,1.2858144329896906,16.279710144927535,19.0,59.276,97.0,0.0,1.0,0,0.0,1.0
4,100,static,0.2,1.0,100,12,6,18,18.0,557.6324808080809,0.06866666666666665,1.236,14.489244007375538,18.0,63.636,99.0,0.0,1.0,0,0.0,1.0
5,100,static,0.2,1.0,100,10,7,18,18.0,563.0057979797981,0.07272951739618407,1.3091313131313131,15.516187050359711,18.0,60.396,99.0,0.0,1.0,0,0.0,1.0
6,100,static,0.2,1.0,100,9,5,19,19.0,560.8827434343435,0.0676214779372674,1.2848080808080808,16.379095477386933,19.0,61.804,99.0,0.0,1.0,0,0.0,1.0
7,100,static,0.2,1.0,100,14,6,16,16.0,555.488092929293,0.0747550505050505,1.196080808080808,14.237380904115144,16.0,65.588,99.0,0.0,1.0,0,0.0,1.0
8,100,static,0.2,1.0,100,9,8,19,19.0,562.1168121212122,0.06900372142477405,1.3110707070707068,17.018454674508213,19.0,63.204,99.0,0.0,1.0,0,0.0,1.0
9,100,static,0.2,1.0,100,11,5,17,17.0,559.4816363636364,0.07438383838383839,1.2645252525252526,13.98856692292529,17.0,62.812,99.0,0.0,1.0,0,0.0,1.0
10,100,static,0.2,1.0,100,8,7,17,17.0,563.5413212121213,0.07846702317290553,1.333939393939394,16.20669489816495,17.0,62.94,99.0,0.0,1.0,0,0.0,1.0
11,100,static,0.2,1.0,100,10,5,18,18.0,559.4505616161616,0.07010549943883276,1.2618989898989899,15.564722617354196,18.0,63.072,99.0,0.0,1.0,0,0.0,1.0
12,100,static,0.2,0.93,93,12,6,20,20.0,558.9757652173913,0.06304347826086956,1.2608695652173916,15.857112253641816,20.0,60.0,92.0,0.0,1.0,0,0.0,1.0
13,100,static,0.2,0.99,99,10,7,18,18.0,559.9191020408164,0.07045351473922902,1.2681632653061223,15.960097225035447,18.0,62.72,98.0,0.0,1.0,0,0.0,1.0
14,100,static,0.2,1.0,100,14,6,21,21.0,557.4114949494949,0.05866859066859067,1.232040404040404,18.054345613678,21.0,64.028,99.0,0.0,1.0,0,0.0,1.0
15,100,static,0.2,0.99,99,13,9,19,19.0,562.092187755102,0.06894522019334048,1.3099591836734694,18.059063136456214,19.0,62.624,98.0,0.0,1.0,0,0.0,1.0
16,100,static,0.2,1.0,100,8,5,18,18.0,560.056715151515,0.07123007856341189,1.282141414141414,16.114107466291003,18.0,64.068,99.0,0.0,1.0,0,0.0,1.0
17,100,static,0.2,1.0,100,11,8,19,19.0,560.9983191919193,0.0678447634237108,1.289050505050505,18.21900161030596,19.0,64.384,99.0,0.0,1.0,0,0.0,1.0
18,100,static,0.2,1.0,100,16,6,18,18.0,556.1896,0.06648260381593715,1.1966868686868688,14.740897203781936,18.0,63.528,99.0,0.0,1.0,0,0.0,1.0
19,100,static,0.2,1.0,100,11,10,21,21.0,565.6536767676769,0.06412890812890813,1.3467070707070707,19.111530815109344,21.0,58.676,99.0,0.0,1.0,0,0.0,1.0
20,100,static,0.2,1.0,100,9,6,18,18.0,560.3163595959596,0.07107744107744109,1.2793939393939395,15.275625504439065,18.0,62.34,99.0,0.0,1.0,0,0.0,1.0
21,100,static,0.2,1.0,100,12,5,18,18.0,557.4566101010101,0.0683838383838384,1.230909090909091,14.746461282264779,18.0,64.14,99.0,0.0,1.0,0,0.0,1.0
22,100,static,0.2,1.0,100,10,6,18,18.0,560.4040686868688,0.07158473625140292,1.2885252525252526,15.47179169249845,18.0,64.436,99.0,0.0,1.0,0,0.0,1.0
23,100,static,0.2,0.99,99,10,6,20,20.0,559.6482326530614,0.06309183673469387,1.2618367346938777,16.822988975091874,20.0,62.34,98.0,0.0,1.0,0,0.0,1.0
24,100,static,0.2,1.0,100,9,7,19,19.0,560.4291191919192,0.06723019670388092,1.2773737373737377,15.343539497856705,19.0,62.54,99.0,0.0,1.0,0,0.0,1.0
25,100,static,0.2,1.0,100,9,9,20,20.0,563.8402747474748,0.06627474747474747,1.3254949494949495,18.775584206285252,20.0,60.776,99.0,0.0,1.0,0,0.0,1.0
26,100,static,0.2,1.0,100,10,5,18,18.0,559.5213414141415,0.07012345679012345,1.2622222222222221,15.205971353641315,18.0,63.04,99.0,0.0,1.0,0,0.0,1.0
27,100,static,0.2,1.0,100,12,5,18,18.0,559.2375838383839,0.0695084175084175,1.251151515151515,14.883336732612687,18.0,62.136,99.0,0.0,1.0,0,0.0,1.0
28,100,static,0.2,1.0,100,13,7,18,18.0,556.7624242424243,0.0674702581369248,1.2144646464646465,15.16777845158682,18.0,64.768,99.0,0.0,1.0,0,0.0,1.0
29,100,static,0.2,1.0,100,11,6,18,18.0,561.7520121212121,0.07259034792368127,1.3066262626262626,15.48851030110935,18.0,63.644,99.0,0.0,1.0,0,0.0,1.0
30,100,static,0.2,1.0,100,11,6,20,20.0,558.832088888889,0.0624,1.248,16.908052884615383,20.0,63.448,99.0,0.0,1.0,0,0.0,1.0
31,100,static,0.2,1.0,100,11,6,19,19.0,559.6094505050506,0.06641360978203084,1.261858585858586,15.929230152365678,19.0,62.076,99.0,0.0,1.0,0,0.0,1.0
32,100,static,0.2,0.96,96,9,5,19,19.0,561.4282652631579,0.06864709141274239,1.3042947368421054,17.199914291836297,19.0,61.092,95.0,0.0,1.0,0,0.0,1.0
33,100,static,0.2,1.0,100,13,5,18,18.0,557.2409131313132,0.06791470258136925,1.2224646464646465,14.85751818916734,18.0,63.976,99.0,0.0,1.0,0,0.0,1.0
34,100,static,0.2,1.0,100,9,7,21,21.0,559.0834585858587,0.05992111592111592,1.2583434343434343,16.8475499092559,21.0,64.424,99.0,0.0,1.0,0,0.0,1.0
35,100,static,0.2,0.95,95,10,6,20,20.0,560.0244723404255,0.06329574468085107,1.265914893617021,16.15412647374062,20.0,59.004,94.0,0.0,1.0,0,0.0,1.0
36,100,static,0.2,0.99,99,11,5,19,19.0,558.4266775510205,0.06551664876476906,1.2448163265306122,16.00617030028795,19.0,63.008,98.0,0.0,1.0,0,0.0,1.0
37,100,static,0.2,0.99,99,10,8,18,18.0,560.1935510204083,0.07084353741496598,1.275183673469388,15.708527445817298,18.0,62.032,98.0,0.0,1.0,0,0.0,1.0
38,100,static,0.2,1.0,100,13,6,18,18.0,558.2639151515152,0.06864870931537598,1.2356767676767677,15.310261569416499,18.0,62.668,99.0,0.0,1.0,0,0.0,1.0
39,100,static,0.2,0.99,99,12,5,17,17.0,556.1696897959185,0.0715486194477791,1.2163265306122448,14.149716921786538,17.0,64.8,98.0,0.0,1.0,0,0.0,1.0
0,100,bsps,0.2,0.99,99,10,5,18,14.28,544.1450326530612,0.06610275681701253,0.9413877551020409,42.788870703764324,114.0,36.012,68.12,0.44345311854605535,0.6885096700796359,0,0.3099427168576105,1.0
1,100,bsps,0.2,1.0,100,10,6,20,15.836,547.4584808080808,0.062373864733668655,0.9863838383838384,42.277110844337734,116.0,34.692,70.164,0.4443209982052816,0.6969062572691324,0,0.2891156462585034,1.0
2,100,bsps,0.2,1.0,100,8,6,17,14.116,546.846206060606,0.06968414094323186,0.982909090909091,41.17216265425855,114.0,35.504,69.984,0.44484379319878353,0.6937676327263401,0,0.291118753793243,1.0
3,100,bsps,0.2,0.98,98,10,6,19,15.832,547.7314432989691,0.06269776347229349,0.9916701030927835,41.27639751552795,115.0,34.444,69.648,0.4454307040548719,0.7002230897936419,0,0.282815734989648,1.0
4,100,bsps,0.2,1.0,100,12,6,18,14.74,543.3669252525253,0.0631015287610653,0.9272323232323232,41.146486375742676,114.0,36.04,69.12,0.44650911058993326,0.6972406745017885,0,0.297480024585126,1.0
5,100,bsps,0.2,1.0,100,10,7,18,14.944,549.3678303030305,0.06814165627400921,1.0176161616161616,40.268385291766585,115.0,34.824,70.984,0.4453231524406872,0.6966741685421355,0,0.2761790567545963,1.0
6,100,bsps,0.2,1.0,100,9,5,19,15.58,547.3997252525254,0.06364041281884418,0.9905454545454546,40.055477386934676,115.0,35.4,70.76,0.44734465317919075,0.7021384928716904,0,0.27195979899497486,1.0
7,100,bsps,0.2,1.0,100,14,6,16,13.224,541.5958141414142,0.06786182329257195,0.8956363636363637,42.765051692681936,113.0,36.192,67.408,0.4449049244271087,0.6948694869486949,0,0.3166430164200284,1.0
8,100,bsps,0.2,1.0,100,9,8,19,15.132,547.365995959596,0.06562377150808522,0.991111111111111,44.39099574122896,115.0,35.136,68.768,0.4419412144702842,0.6882582322357019,0,0.3141350638815656,1.0
9,100,bsps,0.2,1.0,100,11,5,17,14.648,545.06658989899,0.0650906999318764,0.9525656565656566,42.597082594125766,114.0,35.048,68.972,0.44088230041078763,0.6915388191538819,0,0.31027005716538536,1.0
10,100,bsps,0.2,1.0,100,8,7,17,13.728,548.895591919192,0.07421073741073742,1.0172525252525253,43.40411373260738,114.0,35.628,69.464,0.44323052357340953,0.689496667432774,0,0.3032869530147207,1.0
11,100,bsps,0.2,1.0,100,10,5,18,14.924,545.3184202020203,0.06410882973235914,0.9556363636363636,42.75309896362528,115.0,35.096,68.884,0.4441697569015245,0.6923253150057274,0,0.3038000406421459,1.0
12,100,bsps,0.2,0.93,93,12,6,20,14.72,544.1358913043479,0.06428795751798343,0.9397826086956522,44.117180805484146,115.0,33.252,63.08,0.4417996826285821,0.6918503839484766,0,0.31919451585261355,1.0
13,100,bsps,0.2,0.99,99,10,7,18,15.316,545.9469591836736,0.06305732794949483,0.9638775510204082,43.70670447640267,116.0,34.668,67.968,0.4445557782231129,0.6897519887693028,0,0.30261292282762814,1.0
14,100,bsps,0.2,1.0,100,14,6,21,15.56,543.3283232323234,0.05972740646579656,0.9263434343434344,43.207612456747405,116.0,35.996,68.82,0.4441599207004791,0.6916249431042331,0,0.3053124363932424,1.0
15,100,bsps,0.2,0.99,99,13,9,19,14.952,547.7312653061226,0.0667311550627577,0.9949795918367347,43.780244399185335,116.0,34.52,68.112,0.44598580881766725,0.6946376486425847,0,0.2987780040733198,1.0
16,100,bsps,0.2,1.0,100,8,5,18,14.308,545.3198828282829,0.0673104997893768,0.9610101010101009,43.23022740994164,114.0,35.6,68.452,0.4450012528188424,0.6899696048632219,0,0.3089152747031596,1.0
17,100,bsps,0.2,1.0,100,11,8,19,15.5,546.8042020202021,0.06312831993714346,0.977090909090909,46.7457729468599,116.0,34.892,67.788,0.44346262120738195,0.6946095076400679,0,0.31863929146537845,1.0
18,100,bsps,0.2,1.0,100,16,6,18,14.272,542.7792484848485,0.0639071059164642,0.9092121212121212,42.01730034198351,114.0,35.54,68.564,0.4424711724602306,0.6880292973220417,0,0.3083886541943271,1.0
19,100,bsps,0.2,1.0,100,11,10,21,17.724,552.0712444444446,0.05955101551164502,1.0528080808080809,42.92624254473161,118.0,32.78,70.984,0.4441546762589928,0.6987893462469734,0,0.279324055666004,1.0
20,100,bsps,0.2,1.0,100,9,6,18,15.056,546.09021010101,0.06464519032166093,0.9708282828282829,42.1999596448749,115.0,35.408,69.884,0.4434330299089727,0.6896797153024911,0,0.2986279257465698,1.0
21,100,bsps,0.2,1.0,100,12,5,18,14.964,543.9971757575759,0.06271475790005202,0.9374545454545455,41.644254787676935,114.0,36.444,69.368,0.4470031030540585,0.6953455571227081,0,0.2978767693588676,1.0
22,100,bsps,0.2,1.0,100,10,6,18,13.876,545.6769212121213,0.06999120493291616,0.9684848484848485,43.16015705724323,114.0,36.14,68.588,0.444309437019036,0.6889897843359818,0,0.3103947096507543,1.0
23,100,bsps,0.2,0.99,99,10,6,20,15.08,546.2036857142858,0.06445268257486145,0.970204081632653,41.80012249897918,115.0,35.62,69.288,0.444913020558777,0.6949975716367168,0,0.29154757043691304,1.0
24,100,bsps,0.2,1.0,100,9,7,19,15.2,546.2893777777779,0.06422374049334835,0.9737777777777779,42.27597468871198,115.0,35.776,69.788,0.44527235354573486,0.6863033873343152,0,0.29822412737293325,1.0
25,100,bsps,0.2,1.0,100,9,9,20,15.404,549.7480767676767,0.06655114591291063,1.0233535353535352,43.04351329572925,116.0,34.448,70.276,0.4449760765550239,0.6927883363707368,0,0.29069298952457695,1.0
26,100,bsps,0.2,1.0,100,10,5,18,14.092,545.8634101010101,0.06850734080734079,0.9640808080808081,41.12083921726851,114.0,35.116,69.252,0.4447706114232995,0.6956320776519529,0,0.2953399233407303,1.0
27,100,bsps,0.2,1.0,100,12,5,18,15.052,545.9523515151516,0.06408304364480835,0.9637979797979799,41.85906587803386,115.0,35.436,70.176,0.4444732520957566,0.6925101698971046,0,0.2941056496022843,1.0
28,100,bsps,0.2,1.0,100,13,7,18,14.104,542.6604080808081,0.06476436265259794,0.9113939393939395,43.5221346270467,114.0,35.872,67.676,0.4442955268889261,0.6927179962894249,0,0.31898120072771374,1.0
29,100,bsps,0.2,1.0,100,11,6,18,13.864,547.0524525252526,0.07132372562078444,0.9868282828282828,44.01267828843106,114.0,35.284,68.58,0.4410309607405043,0.6865197117422637,0,0.31695721077654515,1.0
30,100,bsps,0.2,1.0,100,11,6,20,15.46,544.7370545454546,0.06141509597882147,0.9473939393939392,42.99679487179487,115.0,36.124,69.064,0.44505037434143635,0.6954973289239379,0,0.30088141025641024,1.0
31,100,bsps,0.2,1.0,100,11,6,19,15.064,545.6383191919192,0.06384000074000074,0.9606060606060606,41.747594226142745,115.0,35.18,69.796,0.4433258114910606,0.6913434247871334,0,0.2961106655974338,1.0
32,100,bsps,0.2,0.96,96,9,5,19,15.416,547.0788378947368,0.06428317538109782,0.9897263157894738,43.53567602314121,115.0,34.24,66.432,0.44637706494187573,0.6967233308696723,0,0.2982644096850225,1.0
33,100,bsps,0.2,1.0,100,13,5,18,14.032,543.3591757575758,0.0661052565972352,0.9246868686868688,41.97756669361358,114.0,36.108,68.684,0.44417622208811103,0.6877860756444231,0,0.30699272433306385,1.0
34,100,bsps,0.2,1.0,100,9,7,21,15.864,544.8248525252526,0.06024899736165334,0.9495757575757575,44.310748134704575,117.0,35.872,68.276,0.4431073118101087,0.6910806560323522,0,0.31417624521072796,1.0
35,100,bsps,0.2,0.95,95,10,6,20,16.12,546.244710638298,0.06036682727043211,0.9689787234042553,43.530760986066454,116.0,33.428,66.304,0.4423464008434774,0.6874508776526067,0,0.3016077170418006,1.0
36,100,bsps,0.2,0.99,99,11,5,19,14.488,544.5587265306124,0.06522911109498744,0.9442448979591838,42.071986836692716,114.0,35.252,68.156,0.4457461420376505,0.6933455293848616,0,0.3031674208144796,1.0
37,100,bsps,0.2,0.99,99,10,8,18,14.884,545.8146775510204,0.06481805249572356,0.9628571428571429,42.95280534737695,115.0,34.552,68.336,0.4446127946127946,0.697025171624714,0,0.30342313145635,1.0
38,100,bsps,0.2,1.0,100,13,6,18,14.268,544.5725010101011,0.06630346175907673,0.9417777777777777,41.57786720321931,114.0,35.62,69.54,0.4449304522788907,0.689604325387073,0,0.2977867203219316,1.0
39,100,bsps,0.2,0.99,99,12,5,17,13.968,542.1785346938776,0.06528780805029304,0.9101632653061225,41.87104214720067,114.0,36.236,67.592,0.44724586478239925,0.6929702048417132,0,0.30572447053889706,1.0
0,100,baps,0.2,0.99,99,10,5,18,12.132,535.7055428571429,0.05201133786848072,0.7856734693877551,55.87397708674305,118.0,28.768,56.632,0.5554525535142424,0.6419939577039275,0,0.4208265139116203,1.0
1,100,baps,0.2,1.0,100,10,6,20,14.5,537.8006181818183,0.04680157126823794,0.8165252525252525,58.12164865946379,120.0,28.664,58.5,0.5551859956236324,0.6378142076502732,0,0.4181672669067627,1.0
2,100,baps,0.2,1.0,100,8,6,17,13.0,538.2924929292931,0.0538583217798904,0.8276363636363636,54.099737001820756,117.0,29.064,59.0,0.5541635267520724,0.6390904692791485,0,0.39915031357475217,1.0
3,100,baps,0.2,0.98,98,10,6,19,13.5,538.7849896907217,0.051123440043407485,0.8301030927835051,55.9064182194617,118.0,27.044,57.532,0.5555898702903026,0.6426307448494454,0,0.4070393374741201,1.0
4,100,baps,0.2,1.0,100,12,6,18,12.0,533.3693696969698,0.04577104377104377,0.7432323232323232,57.92542511780373,117.0,26.92,54.5,0.5565768912583877,0.6493569521960689,0,0.4404835074779758,1.0
5,100,baps,0.2,1.0,100,10,7,18,12.536,539.0948282828283,0.055125300625300626,0.835959595959596,55.28517186250999,118.0,27.768,58.264,0.5561442647332218,0.6423856671381424,0,0.4074740207833733,1.0
6,100,baps,0.2,1.0,100,9,5,19,13.5,538.1057656565658,0.050316321105794794,0.8227878787878788,56.095075376884424,119.0,28.484,58.72,0.554423344140806,0.6397146254458977,0,0.40804020100502514,1.0
7,100,baps,0.2,1.0,100,14,6,16,10.5,532.9928525252526,0.0544010101010101,0.7393939393939395,58.61179809446584,116.0,28.8,55.5,0.5538256598118392,0.6364211859041992,0,0.45043584025947697,1.0
8,100,baps,0.2,1.0,100,9,8,19,13.5,539.0146989898991,0.05196730462519936,0.8412121212121213,57.060231190427906,119.0,28.848,58.064,0.5591732961535307,0.6500936134803411,0,0.4096532143581424,1.0
9,100,baps,0.2,1.0,100,11,5,17,12.0,536.3418424242425,0.05303896103896104,0.7938989898989899,55.0916617386162,117.0,28.404,57.5,0.560193642674461,0.6447715289982425,0,0.4188842893751232,1.0
10,100,baps,0.2,1.0,100,8,7,17,11.0,538.6582747474748,0.06064408793820559,0.8316767676767676,58.98406936882436,117.0,27.164,56.0,0.5549563430919363,0.6405429071803853,0,0.43597499495866104,1.0
11,100,baps,0.2,1.0,100,10,5,18,12.5,535.7663434343435,0.050359467692801016,0.7863434343434343,57.82178419020524,118.0,28.836,57.092,0.5541894736842106,0.6391351351351351,0,0.43080674659622026,1.0
12,100,baps,0.2,0.93,93,12,6,20,12.5,535.365247826087,0.04842826086956521,0.7789130434782608,59.466795201371035,120.0,25.84,51.5,0.5578496669838249,0.6433962264150943,0,0.4432305055698372,1.0
13,100,baps,0.2,0.99,99,10,7,18,12.0,537.7927020408164,0.057478458049886626,0.8202448979591836,55.60704881506988,118.0,28.8,57.592,0.5548853016142736,0.6441964285714286,0,0.40733238808993316,1.0
14,100,baps,0.2,1.0,100,14,6,21,14.0,535.2058303030303,0.04453679653679653,0.7772929292929293,59.640749033177286,121.0,29.112,57.532,0.5559019293959053,0.6432735910170589,0,0.42662324445349076,1.0
15,100,baps,0.2,0.99,99,13,9,19,13.5,540.1786285714287,0.054571160042964556,0.8601224489795918,56.42219959266802,119.0,29.044,58.668,0.5553926360377973,0.6439458086367486,0,0.395112016293279,1.0
16,100,baps,0.2,1.0,100,8,5,18,12.5,536.4128363636364,0.05092448292448292,0.798989898989899,57.59046085731536,118.0,28.9,57.0,0.5556312830124382,0.6447251773049646,0,0.42282149325820084,1.0
17,100,baps,0.2,1.0,100,11,8,19,13.048,539.3269858585859,0.055236728184096605,0.8444444444444443,58.302334943639295,119.0,28.996,58.048,0.5563873845173622,0.6432038834951457,0,0.4114331723027375,1.0
18,100,baps,0.2,1.0,100,16,6,18,12.5,534.900606060606,0.050504409171075834,0.7684444444444444,55.626030979682156,118.0,28.924,57.5,0.5556887252803698,0.642372510396148,0,0.4168175417421042,1.0
19,100,baps,0.2,1.0,100,11,10,21,15.0,542.1214545454546,0.050428090428090426,0.8821818181818182,57.23717693836978,121.0,27.18,59.508,0.5568796406636722,0.6429394148813637,0,0.39284294234592443,1.0
20,100,baps,0.2,1.0,100,9,6,18,12.94,536.2241454545455,0.04898773448773448,0.7924040404040404,57.18301049233253,118.0,28.172,57.06,0.5551818745021684,0.640080880700966,0,0.42594834543987087,1.0
21,100,baps,0.2,1.0,100,12,5,18,12.812,535.1361252525253,0.04895358345358346,0.774909090909091,56.12447960033305,118.0,29.228,57.472,0.553816698576542,0.6440829061733898,0,0.42152373022481265,1.0
22,100,baps,0.2,1.0,100,10,6,18,11.996,536.6064282828285,0.053724482924482925,0.8048888888888889,57.02273196941517,118.0,29.38,57.032,0.5536200776025757,0.6400690101358637,0,0.42343459392436456,1.0
23,100,baps,0.2,0.99,99,10,6,20,13.5,536.6698122448979,0.047521282798833824,0.7978367346938776,58.53327888934259,120.0,28.312,57.0,0.5535746443363947,0.6354119253527537,0,0.4265006124948959,1.0
24,100,baps,0.2,1.0,100,9,7,19,13.5,537.7934545454546,0.050806751727804356,0.8214949494949494,53.83547662788324,119.0,29.672,59.0,0.5543175487465181,0.6464101360863445,0,0.3937538273116963,1.0
25,100,baps,0.2,1.0,100,9,9,20,13.5,539.5214383838384,0.05129235209235209,0.8423838383838383,59.55378726833199,120.0,27.352,57.624,0.555364314400459,0.6432459178624443,0,0.4184125705076551,1.0
26,100,baps,0.2,1.0,100,10,5,18,13.0,537.5528646464649,0.052744107744107746,0.8171717171717172,54.20274359491628,118.0,29.904,59.152,0.5560595686408765,0.6434515987735436,0,0.3992334073028041,1.0
27,100,baps,0.2,1.0,100,12,5,18,13.5,536.8928282828283,0.049683501683501684,0.801010101010101,54.52131348154191,118.0,28.852,58.576,0.5555359505955006,0.6425821064552661,0,0.40465021415459923,1.0
28,100,baps,0.2,1.0,100,13,7,18,12.0,535.3264484848485,0.053048260381593715,0.7776565656565656,57.10673135233475,118.0,28.796,56.892,0.5554225111187137,0.6421676173760421,0,0.42793612290276933,1.0
29,100,baps,0.2,1.0,100,11,6,18,12.0,537.7332242424244,0.055468013468013465,0.8218585858585858,57.543581616481774,118.0,28.908,57.136,0.5569568755085436,0.6411290322580645,0,0.4286846275752773,1.0
30,100,baps,0.2,1.0,100,11,6,20,13.0,534.3084686868687,0.04296565656565657,0.7546666666666666,60.993589743589745,119.0,26.788,54.5,0.5574804632332172,0.6478566238798741,0,0.4467147435897436,1.0
31,100,baps,0.2,1.0,100,11,6,19,13.0,536.249086868687,0.048771018455228986,0.7915151515151515,57.581194867682434,119.0,28.356,57.608,0.5559303977272727,0.6404369148461881,0,0.4260224538893344,1.0
32,100,baps,0.2,0.96,96,9,5,19,13.5,537.2797852631579,0.04847451523545706,0.8133894736842106,57.76173130490679,118.0,27.428,54.6,0.5558418480675256,0.6480565371024735,0,0.4139704306835226,1.0
33,100,baps,0.2,1.0,100,13,5,18,12.0,534.5894222222222,0.05000897867564534,0.763030303030303,57.6770412287793,118.0,28.46,56.5,0.5540112596762843,0.6401186672752168,0,0.4357316087308003,1.0
34,100,baps,0.2,1.0,100,9,7,21,13.5,535.6116161616162,0.045514189514189514,0.7812525252525252,59.65416414599718,121.0,27.656,55.5,0.5570872801082544,0.6443541488451668,0,0.43597499495866104,1.0
35,100,baps,0.2,0.95,95,10,6,20,13.96,536.054340425532,0.04469832826747721,0.7865106382978724,58.0615219721329,120.0,26.488,53.96,0.5562707236200507,0.6443943943943944,0,0.42593783494105036,1.0
36,100,baps,0.2,0.99,99,11,5,19,13.0,534.8529673469388,0.04678625134264232,0.7704081632653061,57.758535582064994,119.0,28.5,56.0,0.556433687330205,0.6489246143819248,0,0.4261620732208968,1.0
37,100,baps,0.2,0.99,99,10,8,18,12.0,537.3782530612245,0.056240362811791386,0.814530612244898,56.321450273445414,118.0,28.676,57.5,0.5550774526678142,0.6382289416846653,0,0.41583957869151306,1.0
38,100,baps,0.2,1.0,100,13,6,18,13.0,536.90578989899,0.0517401795735129,0.8021818181818182,54.25714285714286,118.0,29.292,59.104,0.5554763390072186,0.6454779154007946,0,0.39959758551307845,1.0
39,100,baps,0.2,0.99,99,12,5,17,11.448,533.8884775510204,0.0527997484708169,0.7595102040816326,55.00167750052422,117.0,29.756,56.56,0.5530470347648262,0.6433149171270718,0,0.4172782553994548,1.0
0,100,ewma,0.2,0.99,99,10,5,18,13.928,543.4053836734694,0.06643427163073022,0.9224897959183673,43.90302782324059,114.0,33.62,65.888,0.4921823020625416,0.6724754244861484,0,0.324468085106383,1.0
1,100,ewma,0.2,1.0,100,10,6,20,15.5,546.5783474747476,0.06233753675518382,0.9654545454545455,45.32513005202081,116.0,32.368,67.868,0.4893101358954384,0.6665167528671014,0,0.32292917166866747,1.0
2,100,ewma,0.2,1.0,100,8,6,17,13.948,545.6041050505052,0.06869469419469419,0.9574545454545454,43.12097916245195,114.0,33.612,67.74,0.4937813254130314,0.6715291750503019,0,0.3121586081327129,1.0
3,100,ewma,0.2,0.98,98,10,6,19,15.564,546.5846020618559,0.06229489249043524,0.9683711340206187,43.04389233954451,115.0,32.752,67.696,0.49196501220504474,0.6679389312977099,0,0.3031055900621118,1.0
4,100,ewma,0.2,1.0,100,12,6,18,14.464,542.1061696969698,0.06239338226637692,0.9005252525252525,43.59762343782012,114.0,33.812,66.656,0.4935879945429741,0.6696629213483146,0,0.32472853923376355,1.0
5,100,ewma,0.2,1.0,100,10,7,18,14.724,548.5563757575759,0.0678709704239116,0.9987474747474747,43.12569944044764,115.0,32.796,68.96,0.49107307196760536,0.6688437348814708,0,0.3069544364508393,1.0
6,100,ewma,0.2,1.0,100,9,5,19,15.292,546.0988444444444,0.06317808629279217,0.9646868686868687,43.81185929648241,115.0,33.672,68.616,0.49100587371512483,0.6673976608187134,0,0.3121608040201005,1.0
7,100,ewma,0.2,1.0,100,14,6,16,12.904,540.6204606060606,0.0679735962690508,0.8747878787878788,44.70565578755321,113.0,34.044,65.092,0.49377559377559377,0.6733480176211454,0,0.3397526859922968,1.0
8,100,ewma,0.2,1.0,100,9,8,19,14.744,546.2837212121212,0.0656458628517452,0.9663434343434344,46.69174609612654,115.0,32.7,66.28,0.49071358748778104,0.6687129551227773,0,0.3411072804704928,1.0
9,100,ewma,0.2,1.0,100,11,5,17,14.536,544.0288767676769,0.06413179714917683,0.9303030303030304,45.01025034496353,114.0,33.132,66.872,0.4868528056383844,0.6679449582675389,0,0.3366844076483343,1.0
10,100,ewma,0.2,1.0,100,8,7,17,13.516,547.9820080808082,0.07388476254385347,0.9962424242424243,44.677555958862676,114.0,33.548,67.36,0.4907555930772478,0.6721906923950057,0,0.31841096995361967,1.0
11,100,ewma,0.2,1.0,100,10,5,18,14.54,544.187397979798,0.06401459444694739,0.9305858585858585,44.49075391180654,114.0,32.736,66.372,0.49448178574392165,0.6716115981119353,0,0.32493395651290385,1.0
12,100,ewma,0.2,0.93,93,12,6,20,14.176,543.0614782608696,0.06496760280240392,0.9159565217391304,45.87253641816624,115.0,31.152,60.88,0.4895813778862399,0.6708984375,0,0.34061696658097684,1.0
13,100,ewma,0.2,0.99,99,10,7,18,15.192,544.7281551020409,0.06183816255439905,0.9381632653061224,45.94247518736074,116.0,32.488,65.536,0.49146269661031206,0.6704884200871359,0,0.3263115252177436,1.0
14,100,ewma,0.2,1.0,100,14,6,21,15.176,542.2163717171718,0.05958763613980332,0.9021818181818182,45.26745369428048,115.0,33.812,66.468,0.4909530559493038,0.6689593964943421,0,0.3295338896804397,1.0
15,100,ewma,0.2,0.99,99,13,9,19,14.576,546.3650489795918,0.06652804200338319,0.9657959183673469,47.33625254582485,116.0,32.092,65.44,0.4906255050913205,0.6625594466061392,0,0.3380855397148676,1.0
16,100,ewma,0.2,1.0,100,8,5,18,13.964,544.1388525252526,0.06707565212565213,0.9357171717171718,45.15677198631516,114.0,33.384,66.064,0.4927572848239852,0.6723034734917733,0,0.3320587643389012,1.0
17,100,ewma,0.2,1.0,100,11,8,19,15.084,545.6359434343435,0.06318138771177988,0.9514747474747474,49.072463768115945,116.0,32.448,65.2,0.4898779046868846,0.6693028095733611,0,0.34541062801932365,1.0
18,100,ewma,0.2,1.0,100,16,6,18,14.02,541.8725292929294,0.06366478842013601,0.8891717171717172,43.72279219472943,114.0,33.476,66.384,0.4910767148777806,0.6738197424892703,0,0.3277006638503319,1.0
19,100,ewma,0.2,1.0,100,11,10,21,17.24,551.0483191919193,0.05996645696733415,1.0314343434343434,44.85168986083499,117.0,31.052,69.032,0.48947941229820424,0.6714015151515151,0,0.30318091451292245,1.0
20,100,ewma,0.2,1.0,100,9,6,18,14.676,545.1305090909092,0.06471061737826443,0.9486868686868687,43.718119451170296,115.0,33.18,67.648,0.49095832969336944,0.6739484080873809,0,0.3167877320419693,1.0
21,100,ewma,0.2,1.0,100,12,5,18,14.76,543.0215636363637,0.06217488165429341,0.9163232323232323,43.673813488759365,114.0,34.376,67.164,0.4944819634327129,0.6670491050940799,0,0.3205661948376353,1.0
22,100,ewma,0.2,1.0,100,10,6,18,13.372,544.9877131313132,0.07109509968146333,0.9487272727272728,44.81359785079562,114.0,33.408,66.204,0.49175913838120106,0.6722296395193591,0,0.33002686505476336,1.0
23,100,ewma,0.2,0.99,99,10,6,20,14.676,545.1363959183674,0.06481463475500089,0.9478367346938776,43.43466721110657,115.0,33.728,67.156,0.49292411109145584,0.6740581783500238,0,0.31114740710494077,1.0
24,100,ewma,0.2,1.0,100,9,7,19,14.84,545.4159636363636,0.06430660581248816,0.9524040404040404,43.70789957134109,115.0,33.24,67.38,0.4936173883042953,0.6679499518768046,0,0.31516636048173097,1.0
25,100,ewma,0.2,1.0,100,9,9,20,15.168,548.8817454545455,0.06625287936464407,1.0037575757575758,43.823126510878325,116.0,32.508,68.268,0.49396112474051707,0.6729882111737571,0,0.30036261079774373,1.0
26,100,ewma,0.2,1.0,100,10,5,18,13.852,544.5817373737375,0.06776923918822314,0.9377373737373736,43.61851926568489,113.0,33.064,66.824,0.49052774018944517,0.6728422955264347,0,0.3225741375832157,1.0
27,100,ewma,0.2,1.0,100,12,5,18,14.864,545.2568242424244,0.0636903026167732,0.9457777777777778,44.23740566999796,115.0,33.044,67.972,0.49236274766518284,0.6678313533659446,0,0.3196002447481134,1.0
28,100,ewma,0.2,1.0,100,13,7,18,13.508,541.7315434343435,0.06600473653896113,0.8901414141414141,45.39438043258541,114.0,33.544,65.284,0.4906601301665117,0.6680244399185336,0,0.34242975540731757,1.0
29,100,ewma,0.2,1.0,100,11,6,18,13.62,546.2419030303031,0.07111030047393684,0.96610101010101,45.18502377179081,114.0,32.812,66.28,0.4892542101042502,0.6723849372384937,0,0.33102218700475433,1.0
30,100,ewma,0.2,1.0,100,11,6,20,15.208,543.9066060606061,0.0612746251283403,0.9288888888888888,45.79847756410256,115.0,34.208,67.052,0.4872226902555462,0.6648635357757561,0,0.3317307692307692,1.0
31,100,ewma,0.2,1.0,100,11,6,19,14.884,545.0949292929294,0.06359475045651516,0.9448080808080809,42.96170809943865,115.0,32.836,67.8,0.4912648497554158,0.6764295676429568,0,0.31054530874097835,1.0
32,100,ewma,0.2,0.96,96,9,5,19,15.112,545.7079115789475,0.06377491364157,0.9617684210526315,46.204413970430686,115.0,32.264,64.092,0.49165120593692024,0.6670652953838795,0,0.3291193486179559,1.0
33,100,ewma,0.2,1.0,100,13,5,18,13.812,542.3075151515152,0.0655653254647907,0.9022222222222221,43.711802748585285,114.0,33.98,66.348,0.49248022255063895,0.669178243465976,0,0.3267987065481002,1.0
34,100,ewma,0.2,1.0,100,9,7,21,15.32,543.6825818181818,0.06062255142900137,0.9243232323232323,46.58802177858439,116.0,33.436,65.712,0.4896199564707852,0.6679841897233202,0,0.34099616858237547,1.0
35,100,ewma,0.2,0.95,95,10,6,20,15.924,545.5228382978723,0.05985867872804504,0.950808510638298,45.37513397642015,116.0,31.384,64.348,0.49077918316114705,0.6694066272797329,0,0.3206859592711683,1.0
36,100,ewma,0.2,0.99,99,11,5,19,14.108,543.5567836734695,0.06535634671450999,0.9208979591836735,44.415261209378855,114.0,32.732,65.636,0.49195984001306015,0.6677039342076017,0,0.33031674208144796,1.0
37,100,ewma,0.2,0.99,99,10,8,18,14.564,544.4776,0.06426766373882219,0.9351836734693878,45.63297549118898,115.0,32.42,65.892,0.49125042473666325,0.6699419383653417,0,0.3325906420903383,1.0
38,100,ewma,0.2,1.0,100,13,6,18,14.0,544.0129050505051,0.06648593696178835,0.9258585858585859,43.478068410462775,114.0,33.248,67.448,0.49081272084805655,0.6686602870813397,0,0.31951710261569416,1.0
39,100,ewma,0.2,0.99,99,12,5,17,13.692,541.0906244897959,0.06481973672585917,0.8855918367346938,44.65695114279723,114.0,33.84,65.108,0.49133935106123444,0.6685380642263643,0,0.33612916754036487,1.0
0,100,oracle,0.2,0.99,99,10,5,18,9.716,532.2398693877552,0.06602614483022645,0.641591836734694,7.828764320785598,11.0,0.0,34.304,1.0,1.0,0,0.0,1.0
1,100,oracle,0.2,1.0,100,10,6,20,11.42,536.0836727272728,0.06121734057188603,0.6998787878787878,9.305122048819527,13.0,0.0,37.548,1.0,1.0,0,0.0,1.0
2,100,oracle,0.2,1.0,100,8,6,17,10.256,535.0171070707072,0.06655791032760729,0.6837171717171717,8.450940724256524,12.0,0.0,36.776,1.0,1.0,0,0.0,1.0
3,100,oracle,0.2,0.98,98,10,6,19,11.616,536.7466597938145,0.06100508277518587,0.710103092783505,9.093167701863354,12.0,0.0,37.724,1.0,1.0,0,0.0,1.0
4,100,oracle,0.2,1.0,100,12,6,18,10.292,531.8081575757576,0.06173569774781897,0.6354343434343435,7.5222290514238885,11.0,0.0,35.364,1.0,1.0,0,0.0,1.0
5,100,oracle,0.2,1.0,100,10,7,18,10.74,538.1422424242425,0.06799344191162374,0.7309090909090908,8.790167865707435,12.0,0.0,38.604,1.0,1.0,0,0.0,1.0
6,100,oracle,0.2,1.0,100,9,5,19,10.796,535.0879555555556,0.06331577221880252,0.6849292929292929,8.436180904522613,12.0,0.0,37.196,1.0,1.0,0,0.0,1.0
7,100,oracle,0.2,1.0,100,14,6,16,8.896,530.5324565656567,0.06907436704709431,0.6157171717171717,7.219947293736063,10.0,0.0,33.412,1.0,1.0,0,0.0,1.0
8,100,oracle,0.2,1.0,100,9,8,19,10.748,535.3160848484849,0.06414019796141009,0.6877979797979797,8.730480632731698,12.0,0.0,35.796,1.0,1.0,0,0.0,1.0
9,100,oracle,0.2,1.0,100,11,5,17,10.524,533.5739191919192,0.06277441940775273,0.6620202020202021,7.885669229252907,11.0,0.0,36.188,1.0,1.0,0,0.0,1.0
10,100,oracle,0.2,1.0,100,8,7,17,9.852,536.5529575757577,0.07171193172708325,0.7063030303030302,9.25851986287558,11.0,0.0,36.06,1.0,1.0,0,0.0,1.0
11,100,oracle,0.2,1.0,100,10,5,18,10.756,533.7895515151515,0.06166263007475129,0.6651313131313131,8.404186141028246,11.0,0.0,35.928,1.0,1.0,0,0.0,1.0
12,100,oracle,0.2,0.93,93,12,6,20,9.312,532.5270260869567,0.0694418501788067,0.6457826086956523,7.791345329905742,11.0,0.0,32.0,1.0,1.0,0,0.0,1.0
13,100,oracle,0.2,0.99,99,10,7,18,10.652,534.3297142857143,0.06326816607428853,0.6730612244897959,9.228276281142394,12.0,0.0,35.28,1.0,1.0,0,0.0,1.0
14,100,oracle,0.2,1.0,100,14,6,21,10.456,531.6497171717172,0.06063536575657788,0.632929292929293,8.017504579686547,12.0,0.0,34.972,1.0,1.0,0,0.0,1.0
15,100,oracle,0.2,0.99,99,13,9,19,10.364,535.3777795918368,0.06645871747300319,0.6886938775510205,9.473523421588595,12.0,0.0,35.376,1.0,1.0,0,0.0,1.0
16,100,oracle,0.2,1.0,100,8,5,18,9.972,533.0110181818181,0.06545188279733735,0.6531717171717171,8.230629905413565,11.0,0.0,34.932,1.0,1.0,0,0.0,1.0
17,100,oracle,0.2,1.0,100,11,8,19,11.02,534.7865616161617,0.061648663681997014,0.6794747474747475,10.664653784219002,13.0,0.0,34.616,1.0,1.0,0,0.0,1.0
18,100,oracle,0.2,1.0,100,16,6,18,10.24,532.5005090909093,0.06292550412550413,0.6457777777777778,7.676725005029169,11.0,0.0,35.472,1.0,1.0,0,0.0,1.0
19,100,oracle,0.2,1.0,100,11,10,21,13.124,541.0854747474749,0.05918253964626513,0.7753535353535354,10.753876739562624,15.0,0.0,40.324,1.0,1.0,0,0.0,1.0
20,100,oracle,0.2,1.0,100,9,6,18,10.64,534.1376121212122,0.06286797814979633,0.6705858585858586,8.277845036319613,12.0,0.0,36.66,1.0,1.0,0,0.0,1.0
21,100,oracle,0.2,1.0,100,12,5,18,10.328,531.9050545454546,0.061427799585375344,0.6366868686868689,7.915903413821815,11.0,0.0,34.86,1.0,1.0,0,0.0,1.0
22,100,oracle,0.2,1.0,100,10,6,18,9.304,533.1967959595961,0.07045896774381623,0.6557979797979798,7.949783013019219,11.0,0.0,34.564,1.0,1.0,0,0.0,1.0
23,100,oracle,0.2,0.99,99,10,6,20,10.368,534.3501918367348,0.0647879991890196,0.6735102040816326,8.652102899142507,11.0,0.0,35.66,1.0,1.0,0,0.0,1.0
24,100,oracle,0.2,1.0,100,9,7,19,10.672,534.6829777777779,0.06361010056161572,0.6786262626262626,8.508062869973465,12.0,0.0,36.46,1.0,1.0,0,0.0,1.0
25,100,oracle,0.2,1.0,100,9,9,20,11.152,538.4885171717173,0.06589545000454092,0.7359191919191919,9.95648670427075,13.0,0.0,38.224,1.0,1.0,0,0.0,1.0
26,100,oracle,0.2,1.0,100,10,5,18,9.964,533.9489373737374,0.06685807649140983,0.6675151515151515,7.757312890861408,11.0,0.0,35.96,1.0,1.0,0,0.0,1.0
27,100,oracle,0.2,1.0,100,12,5,18,10.86,534.5234424242425,0.062151410318076986,0.6764040404040405,8.573934325922904,12.0,0.0,36.864,1.0,1.0,0,0.0,1.0
28,100,oracle,0.2,1.0,100,13,7,18,9.428,531.9127676767678,0.06741037895886381,0.6365656565656566,7.701233070547807,11.0,0.0,34.232,1.0,1.0,0,0.0,1.0
29,100,oracle,0.2,1.0,100,11,6,18,9.368,534.8140323232324,0.07263346171224959,0.6801616161616162,8.251188589540412,11.0,0.0,35.356,1.0,1.0,0,0.0,1.0
30,100,oracle,0.2,1.0,100,11,6,20,10.764,533.7148767676767,0.06158412754473361,0.6638787878787877,8.810096153846153,12.0,0.0,35.552,1.0,1.0,0,0.0,1.0
31,100,oracle,0.2,1.0,100,11,6,19,10.864,534.2802787878788,0.06181184943003125,0.6728080808080809,8.239374498797114,12.0,0.0,36.924,1.0,1.0,0,0.0,1.0
32,100,oracle,0.2,0.96,96,9,5,19,10.972,534.192517894737,0.0608257577510209,0.6709052631578948,9.460252839082923,12.0,0.0,33.908,1.0,1.0,0,0.0,1.0
33,100,oracle,0.2,1.0,100,13,5,18,9.504,532.3217616161617,0.06769162980678133,0.6429494949494949,7.439167340339531,11.0,0.0,35.024,1.0,1.0,0,0.0,1.0
34,100,oracle,0.2,1.0,100,9,7,21,9.968,533.1340444444445,0.06571516261516261,0.6548686868686868,8.419439403105464,12.0,0.0,34.576,1.0,1.0,0,0.0,1.0
35,100,oracle,0.2,0.95,95,10,6,20,11.368,534.9454085106383,0.060066654267718095,0.6826808510638298,9.270953912111468,13.0,0.0,34.996,1.0,1.0,0,0.0,1.0
36,100,oracle,0.2,0.99,99,11,5,19,10.256,532.9601469387757,0.06347011752419915,0.6525714285714287,7.950637597696422,11.0,0.0,34.992,1.0,1.0,0,0.0,1.0
37,100,oracle,0.2,0.99,99,10,8,18,10.656,534.2847346938777,0.06329978683448072,0.6726530612244899,8.688677334413612,12.0,0.0,35.968,1.0,1.0,0,0.0,1.0
38,100,oracle,0.2,1.0,100,13,6,18,9.876,533.6435919191919,0.06717018963079568,0.6631111111111112,7.647887323943662,11.0,0.0,36.332,1.0,1.0,0,0.0,1.0
39,100,oracle,0.2,0.99,99,12,5,17,9.384,530.0134040816328,0.06473033078033077,0.6080408163265306,7.190815684629902,10.0,0.0,33.2,1.0,1.0,0,0.0,1.0
0,100,csma,0.2,0.99,99,10,5,18,18.0,1445.5067632653065,1.0,18.0,31.593385676897455,114.0,nan,nan,nan,nan,0,0.0,0.8584558823529411
1,100,csma,0.2,1.0,100,10,6,20,20.0,1533.5274101010104,1.0,20.0,26.86602564102564,111.0,nan,nan,nan,nan,0,0.0,0.9140625
2,100,csma,0.2,1.0,100,8,6,17,17.0,1387.9599474747477,1.0,17.0,34.99030772958565,113.0,nan,nan,nan,nan,0,0.0,0.8391622610817405
3,100,csma,0.2,0.98,98,10,6,19,19.0,1490.3703092783508,1.0,19.0,33.735020901068275,116.0,nan,nan,nan,nan,0,0.0,0.8832820512820513
4,100,csma,0.2,1.0,100,12,6,18,18.0,1432.7785898989903,1.0,18.0,31.01757322175732,113.0,nan,nan,nan,nan,0,0.0,0.7265910012160519
5,100,csma,0.2,1.0,100,10,7,18,18.0,1446.246181818182,1.0,18.0,35.25044642857143,116.0,nan,nan,nan,nan,0,0.0,0.9050505050505051
6,100,csma,0.2,1.0,100,9,5,19,19.0,1488.022,1.0,19.0,29.625294579732916,113.0,nan,nan,nan,nan,0,0.0,0.7754314720812183
7,100,csma,0.2,1.0,100,14,6,16,16.0,1344.7391313131316,1.0,16.0,43.50786734446865,201.0,nan,nan,nan,nan,0,0.0,0.827027027027027
8,100,csma,0.2,1.0,100,9,8,19,19.0,1486.5102585858588,1.0,19.0,32.118333714808884,113.0,nan,nan,nan,nan,0,0.0,0.9049295774647887
9,100,csma,0.2,1.0,100,11,5,17,17.0,1393.0398101010103,1.0,17.0,34.46375372393247,114.0,nan,nan,nan,nan,0,0.0,0.8157148643175375
10,100,csma,0.2,1.0,100,8,7,17,17.0,1396.3050343434345,1.0,17.0,45.96531264262894,117.0,nan,nan,nan,nan,0,0.0,0.8861476238624874
11,100,csma,0.2,1.0,100,10,5,18,18.0,1446.2610262626265,1.0,18.0,36.095508274231676,116.0,nan,nan,nan,nan,0,0.0,0.8478653036680698
12,100,csma,0.2,0.93,93,12,6,20,20.0,1535.2147782608697,1.0,20.0,20.950863536852346,109.0,nan,nan,nan,nan,0,0.0,0.8964238988225033
13,100,csma,0.2,0.99,99,10,7,18,18.0,1452.1037836734695,1.0,18.0,41.559337417744494,117.0,nan,nan,nan,nan,0,0.0,0.8924665856622114
14,100,csma,0.2,1.0,100,14,6,21,21.0,1588.8096363636366,1.0,21.0,23.713005514705884,110.0,nan,nan,nan,nan,0,0.0,0.8850925360992475
15,100,csma,0.2,0.99,99,13,9,19,19.0,1502.6355061224494,1.0,19.0,36.918556923741626,116.0,nan,nan,nan,nan,0,0.0,0.9312009656004828
16,100,csma,0.2,1.0,100,8,5,18,18.0,1439.6382141414144,1.0,18.0,29.63511029411765,113.0,nan,nan,nan,nan,0,0.0,0.8756539235412475
17,100,csma,0.2,1.0,100,11,8,19,19.0,1503.2047515151519,1.0,19.0,49.39934913993491,119.0,nan,nan,nan,nan,0,0.0,0.8692665184885836
18,100,csma,0.2,1.0,100,16,6,18,18.0,1440.059777777778,1.0,18.0,35.960844925296236,116.0,nan,nan,nan,nan,0,0.0,0.8038931455787948
19,100,csma,0.2,1.0,100,11,10,21,21.0,1601.746371717172,1.0,21.0,28.08355091383812,111.0,nan,nan,nan,nan,0,0.0,0.9212266987372218
20,100,csma,0.2,1.0,100,9,6,18,18.0,1445.5031111111111,1.0,18.0,35.59116290361738,115.09999999999991,nan,nan,nan,nan,0,0.0,0.8200278717897671
21,100,csma,0.2,1.0,100,12,5,18,18.0,1435.2512727272729,1.0,18.0,35.294010416666666,115.0,nan,nan,nan,nan,0,0.0,0.8045254556882464
22,100,csma,0.2,1.0,100,10,6,18,18.0,1431.4124404040408,1.0,18.0,29.114532306974574,113.0,nan,nan,nan,nan,0,0.0,0.8610162683269733
23,100,csma,0.2,0.99,99,10,6,20,20.0,1535.661334693878,1.0,20.0,28.181942544459645,112.0,nan,nan,nan,nan,0,0.0,0.9080745341614906
24,100,csma,0.2,1.0,100,9,7,19,19.0,1485.2076242424246,1.0,19.0,28.10889423076923,112.0,nan,nan,nan,nan,0,0.0,0.8484601264531919
25,100,csma,0.2,1.0,100,9,9,20,20.0,1535.6906101010102,1.0,20.0,31.867604375976782,114.0,nan,nan,nan,nan,0,0.0,0.917451863990168
26,100,csma,0.2,1.0,100,10,5,18,18.0,1433.2891353535356,1.0,18.0,33.150408457472366,115.0,nan,nan,nan,nan,0,0.0,0.857790601813685
27,100,csma,0.2,1.0,100,12,5,18,18.0,1438.3224525252526,1.0,18.0,33.91330596474282,114.0,nan,nan,nan,nan,0,0.0,0.8515319761464116
28,100,csma,0.2,1.0,100,13,7,18,18.0,1447.6234303030305,1.0,18.0,34.46232876712329,116.0,nan,nan,nan,nan,0,0.0,0.8248587570621468
29,100,csma,0.2,1.0,100,11,6,18,18.0,1439.741975757576,1.0,18.0,35.469449626865675,114.0,nan,nan,nan,nan,0,0.0,0.8681919416886009
30,100,csma,0.2,1.0,100,11,6,20,20.0,1533.819070707071,1.0,20.0,27.898045313194135,113.0,nan,nan,nan,nan,0,0.0,0.9018429487179487
31,100,csma,0.2,1.0,100,11,6,19,19.0,1497.088177777778,1.0,19.0,33.05315293549167,115.0,nan,nan,nan,nan,0,0.0,0.8321270607157217
32,100,csma,0.2,0.96,96,9,5,19,19.0,1493.3105600000001,1.0,19.0,31.917511520737328,113.0,nan,nan,nan,nan,0,0.0,0.8950299030727985
33,100,csma,0.2,1.0,100,13,5,18,18.0,1442.811983838384,1.0,18.0,32.230847543904304,114.0,nan,nan,nan,nan,0,0.0,0.7869016623272581
34,100,csma,0.2,1.0,100,9,7,21,21.0,1585.265357575758,1.0,21.0,23.407065706570656,111.0,nan,nan,nan,nan,0,0.0,0.910655737704918
35,100,csma,0.2,0.95,95,10,6,20,20.0,1549.1998425531917,1.0,20.0,30.35013876040703,115.0,nan,nan,nan,nan,0,0.0,0.9233397394832372
36,100,csma,0.2,0.99,99,11,5,19,19.0,1487.2881551020412,1.0,19.0,28.882077678989237,112.0,nan,nan,nan,nan,0,0.0,0.8704684317718941
37,100,csma,0.2,0.99,99,10,8,18,18.0,1451.462542857143,1.0,18.0,38.00782688766114,117.0,nan,nan,nan,nan,0,0.0,0.881851400730816
38,100,csma,0.2,1.0,100,13,6,18,18.0,1443.8614585858588,1.0,18.0,30.843757849786485,113.0,nan,nan,nan,nan,0,0.0,0.800040192926045
39,100,csma,0.2,0.99,99,12,5,17,17.0,1395.358579591837,1.0,17.0,39.452227659026526,116.0,nan,nan,nan,nan,0,0.0,0.7846029500909275
0,150,rand_st,0.2,1.0,150,13,7,20,18.0,562.5506093959732,0.07231021625652498,1.3015838926174497,134.55326827964177,313.0,91.064,149.0,0.0,1.0,0,0.0,1.0
1,150,rand_st,0.2,0.9933333333333333,149,10,7,22,19.0,562.3207216216217,0.06876955903271692,1.3066216216216218,150.40526740123622,306.0,92.62,148.0,0.0,1.0,0,0.0,1.0
2,150,rand_st,0.2,1.0,150,9,7,25,21.0,562.3380912751679,0.06233429210610419,1.309020134228188,180.120016273393,313.0,93.956,149.0,0.0,1.0,0,0.0,1.0
3,150,rand_st,0.2,1.0,150,7,7,22,18.0,565.0666013422821,0.07486502609992544,1.3475704697986577,156.82345812011852,304.0,90.212,149.0,0.0,1.0,0,0.0,1.0
4,150,rand_st,0.2,1.0,150,9,10,21,17.0,565.9447060402686,0.08014370311883141,1.362442953020134,220.56290849673204,404.0,90.996,149.0,0.0,1.0,0,0.0,1.0
5,150,rand_st,0.2,1.0,150,12,7,20,19.0,562.4174577181209,0.06910208406923349,1.3129395973154363,144.8693037551784,306.0,94.372,149.0,0.0,1.0,0,0.0,1.0
6,150,rand_st,0.2,1.0,150,10,6,21,16.0,562.4878255033557,0.08180704697986578,1.3089127516778525,159.7672448567971,304.0,92.972,149.0,0.0,1.0,0,0.0,1.0
7,150,rand_st,0.2,1.0,150,10,7,21,17.0,561.8554469798659,0.0765227003553099,1.3008859060402684,156.80569290391554,302.0,94.168,149.0,0.0,1.0,0,0.0,1.0
8,150,rand_st,0.2,1.0,150,8,6,22,18.0,563.6272375838927,0.07398956002982848,1.3318120805369127,175.3852156057495,307.0,93.56,149.0,0.0,1.0,0,0.0,1.0
9,150,rand_st,0.2,1.0,150,13,7,20,17.0,562.6865879194631,0.07655744176865377,1.301476510067114,135.92221927263074,314.0,91.08,149.0,0.0,1.0,0,0.0,1.0
10,150,rand_st,0.2,1.0,150,12,7,20,17.0,562.1987275167785,0.07630477694433478,1.2971812080536913,204.8291661035275,305.0,92.72,149.0,0.0,1.0,0,0.0,1.0
11,150,rand_st,0.2,0.9866666666666667,148,10,10,19,16.0,562.1177469387756,0.08172108843537415,1.3075374149659864,102.54828060522696,213.0,92.792,147.0,0.0,1.0,0,0.0,1.0
12,150,rand_st,0.2,1.0,150,13,6,23,18.0,560.1357476510068,0.07070246085011185,1.2726442953020136,144.7927618544446,302.0,95.376,149.0,0.0,1.0,0,0.0,1.0
13,150,rand_st,0.2,1.0,150,12,8,19,18.0,561.4104429530202,0.07162416107382549,1.2892348993288592,124.725157148589,301.0,93.904,149.0,0.0,1.0,0,0.0,1.0
14,150,rand_st,0.2,1.0,150,12,6,20,16.0,563.1448026845638,0.08202852348993289,1.3124563758389263,123.21670276123443,212.0,90.444,149.0,0.0,1.0,0,0.0,1.0
15,150,rand_st,0.2,0.9933333333333333,149,10,7,21,17.0,562.8371810810812,0.07735294117647058,1.3149999999999997,162.3030303030303,307.0,92.38,148.0,0.0,1.0,0,0.0,1.0
16,150,rand_st,0.2,1.0,150,9,9,24,19.0,565.1509691275169,0.07103638290356765,1.349691275167785,194.93447217402908,411.0,91.896,149.0,0.0,1.0,0,0.0,1.0
17,150,rand_st,0.2,0.9866666666666667,148,11,8,19,19.0,563.9155482993198,0.06967704976727532,1.3238639455782313,113.75104236718225,306.0,90.392,147.0,0.0,1.0,0,0.0,1.0
18,150,rand_st,0.2,1.0,150,12,7,18,18.0,561.0702711409396,0.0712751677852349,1.282953020134228,116.66166125541126,302.0,94.84,149.0,0.0,1.0,0,0.0,1.0
19,150,rand_st,0.2,1.0,150,8,8,20,16.0,563.5206469798659,0.08326342281879195,1.3322147651006713,163.37630802253824,310.0,94.5,149.0,0.0,1.0,0,0.0,1.0
20,150,rand_st,0.2,0.9733333333333334,146,12,7,23,20.0,561.2869186206898,0.06459310344827586,1.2918620689655171,122.63378359939965,211.0,92.68,145.0,0.0,1.0,0,0.0,1.0
21,150,rand_st,0.2,1.0,150,11,7,21,17.0,560.852845637584,0.0758515594157126,1.2894765100671142,145.13126031920748,302.0,95.868,149.0,0.0,1.0,0,0.0,1.0
22,150,rand_st,0.2,1.0,150,15,8,21,18.0,559.4382281879194,0.069834451901566,1.257020134228188,146.2056957754083,306.0,95.704,149.0,0.0,1.0,0,0.0,1.0
23,150,rand_st,0.2,0.9933333333333333,149,11,6,19,17.0,563.1423972972974,0.07812559618441972,1.3281351351351351,146.5208674304419,309.0,94.436,148.0,0.0,1.0,0,0.0,1.0
24,150,rand_st,0.2,1.0,150,12,7,20,17.0,562.5231194630873,0.07660797473351756,1.3023355704697985,167.60599891422368,303.0,91.952,149.0,0.0,1.0,0,0.0,1.0
25,150,rand_st,0.2,1.0,150,8,8,20,17.0,563.9515865771813,0.07816818002368733,1.3288590604026846,233.2856,401.0,92.0,149.0,0.0,1.0,0,0.0,1.0
26,150,rand_st,0.2,1.0,150,11,7,19,19.0,561.663812080537,0.06837160014129282,1.299060402684564,163.15541643984758,303.0,95.44,149.0,0.0,1.0,0,0.0,1.0
27,150,rand_st,0.2,1.0,150,11,7,22,19.0,563.936944966443,0.07034687389614976,1.3365906040268456,168.30698305084746,303.0,93.848,149.0,0.0,1.0,0,0.0,1.0
28,150,rand_st,0.2,1.0,150,15,7,21,18.0,561.6426926174497,0.07147352721849368,1.2865234899328857,147.4688995215311,301.0,91.308,149.0,0.0,1.0,0,0.0,1.0
29,150,rand_st,0.2,1.0,150,14,6,19,17.0,560.5093315436242,0.07506040268456375,1.2760268456375838,135.78752978554408,303.0,93.872,149.0,0.0,1.0,0,0.0,1.0
30,150,rand_st,0.2,0.98,147,14,6,21,19.0,560.5308767123288,0.06702523431867338,1.2734794520547945,137.35988040228324,305.0,92.072,146.0,0.0,1.0,0,0.0,1.0
31,150,rand_st,0.2,1.0,150,15,6,22,20.0,560.4500483221477,0.06352348993288591,1.270469798657718,146.88615054915618,314.0,93.7,149.0,0.0,1.0,0,0.0,1.0
32,150,rand_st,0.2,1.0,150,11,7,18,16.0,563.3365798657718,0.08244630872483222,1.3191409395973155,181.36102960789543,313.0,92.448,149.0,0.0,1.0,0,0.0,1.0
33,150,rand_st,0.2,1.0,150,11,7,20,16.0,562.6407382550337,0.08169295302013423,1.3070872483221476,164.44866404448663,307.0,92.244,149.0,0.0,1.0,0,0.0,1.0
34,150,rand_st,0.2,0.9866666666666667,148,15,7,19,19.0,558.7747047619048,0.06581596849266023,1.250503401360544,115.30154849225754,211.0,95.176,147.0,0.0,1.0,0,0.0,1.0
35,150,rand_st,0.2,1.0,150,10,7,20,17.0,562.3022926174497,0.07717015396762733,1.3118926174496646,135.6451569627046,303.0,94.528,149.0,0.0,1.0,0,0.0,1.0
36,150,rand_st,0.2,0.9533333333333334,143,11,7,20,17.0,562.4500845070423,0.07703065451532726,1.3095211267605635,136.89415640217703,301.0,89.048,142.0,0.0,1.0,0,0.0,1.0
37,150,rand_st,0.2,1.0,150,13,8,26,19.0,563.9611194630874,0.07028611797951254,1.3354362416107384,197.7935031675428,313.0,93.02,149.0,0.0,1.0,0,0.0,1.0
38,150,rand_st,0.2,1.0,150,11,7,22,18.0,562.5251302013424,0.07295600298284861,1.313208053691275,145.79986504723348,306.0,94.332,149.0,0.0,1.0,0,0.0,1.0
39,150,rand_st,0.2,1.0,150,8,8,23,20.0,563.4731436241611,0.0666523489932886,1.3330469798657718,182.19216794509487,311.0,94.376,149.0,0.0,1.0,0,0.0,1.0
0,150,rand_dt,0.2,1.0,150,13,7,20,18.144,560.4544483221478,0.0704711481955316,1.2761342281879193,148.39186666666666,315.0,94.856,149.0,0.0,1.0,0,0.0,1.0
1,150,rand_dt,0.2,0.9933333333333333,149,10,7,22,19.02,560.7222540540541,0.06768200568990042,1.2872432432432432,160.8681684884031,312.0,95.488,148.0,0.0,1.0,0,0.0,1.0
2,150,rand_dt,0.2,1.0,150,9,7,25,20.492,560.6640375838927,0.06296718824410684,1.289020134228188,179.14526056627,402.0,96.936,149.0,0.0,1.0,0,0.0,1.0
3,150,rand_dt,0.2,1.0,150,7,7,22,17.408,563.075900671141,0.07610745181152645,1.3234093959731545,183.94520366193444,401.0,93.812,149.0,0.0,1.0,0,0.0,1.0
4,150,rand_dt,0.2,1.0,150,9,10,21,15.632,564.179790604027,0.08597283571146579,1.341691275167785,280.8373896763841,507.0,94.088,149.0,0.0,1.0,0,0.0,1.0
5,150,rand_dt,0.2,1.0,150,12,7,20,18.388,560.7811651006712,0.0703973860826563,1.293422818791946,164.67584830339322,311.0,97.28,149.0,0.0,1.0,0,0.0,1.0
6,150,rand_dt,0.2,1.0,150,10,6,21,16.46,560.3073395973155,0.07811349485043045,1.282953020134228,157.3516246460833,312.0,96.84,149.0,0.0,1.0,0,0.0,1.0
7,150,rand_dt,0.2,1.0,150,10,7,21,17.112,560.123624161074,0.07491066576165376,1.2798926174496643,171.92378691983123,315.0,97.296,149.0,0.0,1.0,0,0.0,1.0
8,150,rand_dt,0.2,1.0,150,8,6,22,18.076,562.2142093959733,0.07275960594999804,1.3148724832214767,194.56190476190477,402.0,96.084,149.0,0.0,1.0,0,0.0,1.0
9,150,rand_dt,0.2,1.0,150,13,7,20,16.376,560.3080161073826,0.07792593981664254,1.273288590604027,156.15944749899424,315.0,95.28,149.0,0.0,1.0,0,0.0,1.0
10,150,rand_dt,0.2,1.0,150,12,7,20,17.144,560.6409261744966,0.07459165679694697,1.278255033557047,187.63938141581121,404.0,95.54,149.0,0.0,1.0,0,0.0,1.0
11,150,rand_dt,0.2,0.9866666666666667,148,10,10,19,17.076,560.3100163265306,0.07544453758111433,1.2856326530612245,178.37721832439124,406.0,96.012,147.0,0.0,1.0,0,0.0,1.0
12,150,rand_dt,0.2,1.0,150,13,6,23,18.62,558.2712053691275,0.06725389536481023,1.2505234899328859,140.1866648670536,311.0,98.672,149.0,0.0,1.0,0,0.0,1.0
13,150,rand_dt,0.2,1.0,150,12,8,19,17.284,559.7368671140941,0.07359651789362867,1.269503355704698,146.19820182501343,314.0,96.844,149.0,0.0,1.0,0,0.0,1.0
14,150,rand_dt,0.2,1.0,150,12,6,20,15.16,560.8789691275168,0.08496946120730171,1.2850469798657718,139.95592543275632,311.0,94.528,149.0,0.0,1.0,0,0.0,1.0
15,150,rand_dt,0.2,0.9933333333333333,149,10,7,21,17.016,561.0438405405406,0.0761410975604087,1.2932162162162162,173.72914714151827,314.0,95.604,148.0,0.0,1.0,0,0.0,1.0
16,150,rand_dt,0.2,1.0,150,9,9,24,19.268,563.5933422818792,0.06923515021028268,1.3318120805369127,234.42558539489352,509.0,94.56,149.0,0.0,1.0,0,0.0,1.0
17,150,rand_dt,0.2,0.9866666666666667,148,11,8,19,18.328,561.2248136054421,0.07061245248764045,1.2930340136054423,178.65266030013643,405.0,94.924,147.0,0.0,1.0,0,0.0,1.0
18,150,rand_dt,0.2,1.0,150,12,7,18,17.624,558.9300268456377,0.07148274726822319,1.2580671140939599,178.16111035515036,405.0,98.548,149.0,0.0,1.0,0,0.0,1.0
19,150,rand_dt,0.2,1.0,150,8,8,20,16.328,561.8911704697987,0.08062589756731611,1.3133154362416108,178.54242589067175,316.0,97.316,149.0,0.0,1.0,0,0.0,1.0
20,150,rand_dt,0.2,0.9733333333333334,146,12,7,23,19.416,559.6117820689655,0.0655734335839599,1.2721931034482759,172.0778318276581,314.0,95.532,145.0,0.0,1.0,0,0.0,1.0
21,150,rand_dt,0.2,1.0,150,11,7,21,17.18,559.4840617449665,0.07423180508515662,1.2729395973154365,143.37164179104477,313.0,98.332,149.0,0.0,1.0,0,0.0,1.0
22,150,rand_dt,0.2,1.0,150,15,8,21,19.168,557.3470013422819,0.06442903730752547,1.2325906040268455,145.44069404907142,317.1999999999998,99.344,149.0,0.0,1.0,0,0.0,1.0
23,150,rand_dt,0.2,0.9933333333333333,149,11,6,19,16.264,561.703991891892,0.08075551580992757,1.3115945945945946,165.13544511196068,314.0,96.884,148.0,0.0,1.0,0,0.0,1.0
24,150,rand_dt,0.2,1.0,150,12,7,20,16.704,560.4244536912753,0.07668847101303726,1.2774496644295303,160.35735373054214,316.0,95.66,149.0,0.0,1.0,0,0.0,1.0
25,150,rand_dt,0.2,1.0,150,8,8,20,17.204,561.8930953020134,0.07586990901388226,1.3046442953020132,203.13463336449846,406.0,95.608,149.0,0.0,1.0,0,0.0,1.0
26,150,rand_dt,0.2,1.0,150,11,7,19,18.904,559.9436590604028,0.0677641979669532,1.2792214765100673,157.15027173913043,315.0,98.396,149.0,0.0,1.0,0,0.0,1.0
27,150,rand_dt,0.2,1.0,150,11,7,22,18.848,561.8535409395975,0.06974983319596531,1.3123221476510065,195.1925303197354,404.0,97.464,149.0,0.0,1.0,0,0.0,1.0
28,150,rand_dt,0.2,1.0,150,15,7,21,18.472,559.4440671140941,0.06832470246546754,1.2595704697986578,138.12024128686326,313.0,95.324,149.0,0.0,1.0,0,0.0,1.0
29,150,rand_dt,0.2,1.0,150,14,6,19,17.264,558.8692187919463,0.07285147457075376,1.2556778523489933,139.34734601569775,312.0,96.904,149.0,0.0,1.0,0,0.0,1.0
30,150,rand_dt,0.2,0.98,147,14,6,21,19.708,558.8159698630138,0.06368460087537232,1.2527945205479452,137.25194486147126,310.0,95.092,146.0,0.0,1.0,0,0.0,1.0
31,150,rand_dt,0.2,1.0,150,15,6,22,20.34,558.1901825503355,0.06125814496450161,1.2437852348993288,134.40407997838423,315.0,97.676,149.0,0.0,1.0,0,0.0,1.0
32,150,rand_dt,0.2,1.0,150,11,7,18,15.264,561.5389020134229,0.0852245862550837,1.298013422818792,166.56353958749168,312.0,95.596,149.0,0.0,1.0,0,0.0,1.0
33,150,rand_dt,0.2,1.0,150,11,7,20,17.028,560.9039033557048,0.07566759672902483,1.2859060402684563,166.17403424930308,316.0,95.4,149.0,0.0,1.0,0,0.0,1.0
34,150,rand_dt,0.2,0.9866666666666667,148,15,7,19,18.472,557.033942857143,0.06672256200725905,1.2300408163265306,135.2894700994415,313.0,98.184,147.0,0.0,1.0,0,0.0,1.0
35,150,rand_dt,0.2,1.0,150,10,7,20,17.336,560.6138926174498,0.07455977356207995,1.2915704697986576,172.69818133190694,401.0,97.556,149.0,0.0,1.0,0,0.0,1.0
36,150,rand_dt,0.2,0.9533333333333334,143,11,7,20,17.392,560.9919549295776,0.07436890943182314,1.2918309859154928,159.85991561181436,314.0,91.56,142.0,0.0,1.0,0,0.0,1.0
37,150,rand_dt,0.2,1.0,150,13,8,26,20.048,561.9844214765101,0.06553567421219043,1.3121342281879196,213.28106070803608,405.0,96.492,149.0,0.0,1.0,0,0.0,1.0
38,150,rand_dt,0.2,1.0,150,11,7,22,15.624,560.9025879194631,0.08298002525394946,1.2943355704697987,158.2851941747573,312.0,97.144,149.0,0.0,1.0,0,0.0,1.0
39,150,rand_dt,0.2,1.0,150,8,8,23,19.76,561.5847489932887,0.06640681141535963,1.310738255033557,204.97838422048096,405.0,97.7,149.0,0.0,1.0,0,0.0,1.0
0,150,static,0.2,1.0,150,13,7,20,20.0,562.7497959731545,0.06519597315436242,1.3039194630872484,16.394965858883385,20.0,90.716,149.0,0.0,1.0,0,0.0,1.0
1,150,static,0.2,0.9933333333333333,149,10,7,22,22.0,562.0983513513513,0.05927518427518427,1.3040540540540542,18.938953879252388,22.0,93.0,148.0,0.0,1.0,0,0.0,1.0
2,150,static,0.2,1.0,150,9,7,25,25.0,562.738187919463,0.052545503355704695,1.3136375838926173,17.911896061713357,25.0,93.268,149.0,0.0,1.0,0,0.0,1.0
3,150,static,0.2,1.0,150,7,7,22,22.0,565.166612080537,0.061302013422818796,1.3486442953020132,19.78699581815729,22.0,90.052,149.0,0.0,1.0,0,0.0,1.0
4,150,static,0.2,1.0,150,9,10,21,21.0,566.1822765100671,0.06500479386385426,1.3651006711409395,19.499524391901073,21.0,90.6,149.0,0.0,1.0,0,0.0,1.0
5,150,static,0.2,1.0,150,12,7,20,20.0,562.1705261744968,0.0654993288590604,1.309986577181208,17.543946488294313,20.0,94.812,149.0,0.0,1.0,0,0.0,1.0
6,150,static,0.2,1.0,150,10,6,21,21.0,562.5123677852349,0.06234963247043784,1.3093422818791947,18.601583467525497,21.0,92.908,149.0,0.0,1.0,0,0.0,1.0
7,150,static,0.2,1.0,150,10,7,21,21.0,561.9929932885908,0.06201853627356983,1.3023892617449664,17.820871651339463,21.0,93.944,149.0,0.0,1.0,0,0.0,1.0
8,150,static,0.2,1.0,150,8,6,22,22.0,563.7337718120806,0.06059304453935326,1.333046979865772,18.404957545877842,22.0,93.376,149.0,0.0,1.0,0,0.0,1.0
9,150,static,0.2,1.0,150,13,7,20,20.0,562.7449530201343,0.06510738255033557,1.3021476510067114,17.272135935218373,20.0,90.98,149.0,0.0,1.0,0,0.0,1.0
10,150,static,0.2,1.0,150,12,7,20,20.0,562.112544966443,0.06479597315436243,1.2959194630872484,17.452715482302082,20.0,92.908,149.0,0.0,1.0,0,0.0,1.0
11,150,static,0.2,0.9866666666666667,148,10,10,19,19.0,562.1846068027212,0.06885929108485499,1.308326530612245,15.774229074889869,19.0,92.676,147.0,0.0,1.0,0,0.0,1.0
12,150,static,0.2,1.0,150,13,6,23,23.0,560.1858926174498,0.055363875109425156,1.2733691275167784,18.427439588010035,23.0,95.268,149.0,0.0,1.0,0,0.0,1.0
13,150,static,0.2,1.0,150,12,8,19,19.0,561.4158926174498,0.06786577181208053,1.28944966442953,16.876670229823624,19.0,93.872,149.0,0.0,1.0,0,0.0,1.0
14,150,static,0.2,1.0,150,12,6,20,20.0,562.616944966443,0.06532885906040269,1.3065771812080536,16.50203196965592,20.0,91.32,149.0,0.0,1.0,0,0.0,1.0
15,150,static,0.2,0.9933333333333333,149,10,7,21,21.0,563.173745945946,0.06279021879021879,1.3185945945945945,18.125152212149914,21.0,91.848,148.0,0.0,1.0,0,0.0,1.0
16,150,static,0.2,1.0,150,9,9,24,24.0,565.3711973154363,0.0563434004474273,1.352241610738255,22.927333333333333,24.0,91.516,149.0,0.0,1.0,0,0.0,1.0
17,150,static,0.2,0.9866666666666667,148,11,8,19,19.0,563.6270503401361,0.06951521661296095,1.3207891156462586,16.906481606252527,19.0,90.844,147.0,0.0,1.0,0,0.0,1.0
18,150,static,0.2,1.0,150,12,7,18,18.0,561.1746174496645,0.07133631618195377,1.2840536912751677,16.69153825358205,18.0,94.676,149.0,0.0,1.0,0,0.0,1.0
19,150,static,0.2,1.0,150,8,8,20,20.0,563.6447355704698,0.0666765100671141,1.333530201342282,18.331765022180402,20.0,94.304,149.0,0.0,1.0,0,0.0,1.0
20,150,static,0.2,0.9733333333333334,146,12,7,23,23.0,561.1553462068966,0.056094752623688154,1.2901793103448276,19.16575641725833,23.0,92.924,145.0,0.0,1.0,0,0.0,1.0
21,150,static,0.2,1.0,150,11,7,21,21.0,561.1045369127518,0.06154298497922659,1.2924026845637584,17.164807930607186,21.0,95.432,149.0,0.0,1.0,0,0.0,1.0
22,150,static,0.2,1.0,150,15,8,21,21.0,559.2002738255035,0.05974560562480026,1.2546577181208054,18.624578897722678,21.0,96.056,149.0,0.0,1.0,0,0.0,1.0
23,150,static,0.2,0.9933333333333333,149,11,6,19,19.0,563.1085324324325,0.06987908961593173,1.3277027027027026,17.272764449291166,19.0,94.5,148.0,0.0,1.0,0,0.0,1.0
24,150,static,0.2,1.0,150,12,7,20,20.0,562.714655033557,0.06521208053691277,1.304241610738255,17.251084598698483,20.0,91.668,149.0,0.0,1.0,0,0.0,1.0
25,150,static,0.2,1.0,150,8,8,20,20.0,564.2579704697987,0.06662550335570469,1.332510067114094,16.62994538430798,20.0,91.456,149.0,0.0,1.0,0,0.0,1.0
26,150,static,0.2,1.0,150,11,7,19,19.0,561.8247463087249,0.06845072412575061,1.3005637583892617,17.784313725490197,19.0,95.216,149.0,0.0,1.0,0,0.0,1.0
27,150,static,0.2,1.0,150,11,7,22,22.0,563.9749449664429,0.060782184258694326,1.337208053691275,20.101315611013156,22.0,93.756,149.0,0.0,1.0,0,0.0,1.0
28,150,static,0.2,1.0,150,15,7,21,21.0,561.5938604026846,0.061232342601470126,1.2858791946308725,17.583067092651756,21.0,91.404,149.0,0.0,1.0,0,0.0,1.0
29,150,static,0.2,1.0,150,14,6,19,19.0,560.5550738255034,0.06717484987636876,1.2763221476510067,15.966785761545587,19.0,93.828,149.0,0.0,1.0,0,0.0,1.0
30,150,static,0.2,0.98,147,14,6,21,21.0,560.6052575342467,0.06067710371819961,1.2742191780821919,18.089278434569913,21.0,91.964,146.0,0.0,1.0,0,0.0,1.0
31,150,static,0.2,1.0,150,15,6,22,22.0,560.1452026845639,0.05758877364246492,1.266953020134228,19.553277040611178,22.0,94.224,149.0,0.0,1.0,0,0.0,1.0
32,150,static,0.2,1.0,150,11,7,18,18.0,563.2224617449665,0.07321551081282625,1.3178791946308726,16.361188857790218,18.0,92.636,149.0,0.0,1.0,0,0.0,1.0
33,150,static,0.2,1.0,150,11,7,20,20.0,562.5539194630874,0.06529530201342283,1.3059060402684564,16.43279132791328,20.0,92.42,149.0,0.0,1.0,0,0.0,1.0
34,150,static,0.2,0.9866666666666667,148,15,7,19,19.0,558.489055782313,0.06565270318653778,1.2474013605442178,16.48832156436719,19.0,95.632,147.0,0.0,1.0,0,0.0,1.0
35,150,static,0.2,1.0,150,10,7,20,20.0,562.392544966443,0.06564429530201342,1.3128859060402682,17.7956469165659,20.0,94.38,149.0,0.0,1.0,0,0.0,1.0
36,150,static,0.2,0.9533333333333334,143,11,7,20,20.0,562.7736028169014,0.06566338028169014,1.3132676056338028,16.700400228702115,20.0,88.516,142.0,0.0,1.0,0,0.0,1.0
37,150,static,0.2,1.0,150,13,8,26,26.0,564.2876429530202,0.05150335570469798,1.3390872483221476,20.57757110122658,26.0,92.476,149.0,0.0,1.0,0,0.0,1.0
38,150,static,0.2,1.0,150,11,7,22,22.0,562.6618416107383,0.05976815131177548,1.3148993288590605,19.934539074099067,22.0,94.08,149.0,0.0,1.0,0,0.0,1.0
39,150,static,0.2,1.0,150,8,8,23,23.0,563.346867114094,0.05789553545374964,1.3315973154362417,19.259593375521746,23.0,94.592,149.0,0.0,1.0,0,0.0,1.0
0,150,bsps,0.2,1.0,150,13,7,20,17.204,549.2687463087249,0.05907930752661361,1.0150604026845638,41.999062792877226,117.0,52.276,107.028,0.4441552152067316,0.6916903527838154,0,0.2808943633685902,1.0
1,150,bsps,0.2,0.9933333333333333,149,10,7,22,17.428,547.8721891891894,0.05725652653427422,0.9964864864864864,44.337367217964236,117.0,52.316,104.028,0.4444508838017966,0.6923939151321057,0,0.2970283716552373,1.0
2,150,bsps,0.2,1.0,150,9,7,25,18.46,548.386824161074,0.054697811845001935,1.0043489932885907,44.458790093382056,118.0,52.492,104.748,0.44347253010604515,0.6900478626836112,0,0.30274732710786306,1.0
3,150,bsps,0.2,1.0,150,7,7,22,17.92,550.8981986577181,0.05818276204394391,1.041986577181208,44.072170511264,118.0,51.012,106.424,0.44407407407407407,0.6879310344827586,0,0.28503979495480913,1.0
4,150,bsps,0.2,1.0,150,9,10,21,18.064,552.3677154362417,0.05898284855446947,1.0640536912751677,44.39624949041989,118.0,51.016,106.568,0.4465171325518485,0.6958120204603581,0,0.2795216741405082,1.0
5,150,bsps,0.2,1.0,150,12,7,20,16.436,547.4363516778525,0.06045759752387944,0.9923758389261745,44.43076923076923,117.0,53.316,103.928,0.44395866454689986,0.6900438321853475,0,0.30274247491638795,1.0
6,150,bsps,0.2,1.0,150,10,6,21,17.872,548.2196697986577,0.0561037597448022,1.001208053691275,44.82380568974772,118.0,52.276,104.896,0.4449520064762345,0.690783113116339,0,0.2956253354804079,1.0
7,150,bsps,0.2,1.0,150,10,7,21,16.764,547.7348671140941,0.059342481054590675,0.9927785234899329,45.39757430361189,117.0,52.22,104.116,0.4407759435273192,0.686196182867288,0,0.31480741036918564,1.0
8,150,bsps,0.2,1.0,150,8,6,22,16.88,549.4877234899329,0.06074071426757445,1.0229261744966442,44.33812654067379,117.0,52.332,104.976,0.4460998619420157,0.6921190320470896,0,0.2964941112024103,1.0
9,150,bsps,0.2,1.0,150,13,7,20,16.388,549.2613798657719,0.06185217353160504,1.0125906040268458,42.637329085357756,116.0,51.736,106.328,0.4445399300227119,0.69592213458634,0,0.2889950882782424,1.0
10,150,bsps,0.2,1.0,150,12,7,20,15.8,548.5438818791946,0.06354296278139547,1.0020671140939597,43.227911375303975,116.0,52.004,105.004,0.44448854615559086,0.6915461973601509,0,0.29573088354498783,1.0
11,150,bsps,0.2,0.9866666666666667,148,10,10,19,15.892,547.8218394557824,0.06280640724125908,0.9971700680272109,43.15143171806167,116.0,52.136,103.24,0.4449881973631182,0.6886315446093623,0,0.2983204845814978,1.0
12,150,bsps,0.2,1.0,150,13,6,23,18.544,546.231111409396,0.05243495887999077,0.9699865771812081,46.152911659844186,119.0,53.216,103.916,0.44159451070086586,0.6878176274139683,0,0.3115013865046877,1.0
13,150,bsps,0.2,1.0,150,12,8,19,15.336,547.3862040268458,0.06450248883239408,0.9866040268456374,42.632549438802776,115.0,52.672,104.452,0.4446545204537642,0.693297331639136,0,0.2927578834847675,1.0
14,150,bsps,0.2,1.0,150,12,6,20,16.644,549.0687463087248,0.060988463163435626,1.0142818791946309,41.73001896505012,116.0,52.6,107.016,0.44607425441265974,0.6941580756013745,0,0.28176645895421293,1.0
15,150,bsps,0.2,0.9933333333333333,149,10,7,21,17.052,549.1624378378378,0.05951385623239339,1.0138918918918918,43.77215532404276,117.0,51.072,104.24,0.44471128188707437,0.6947648624667259,0,0.29441212285211743,1.0
16,150,bsps,0.2,1.0,150,9,9,24,18.964,551.2624322147651,0.05539804941857798,1.0481879194630874,46.41213333333334,120.0,52.092,106.18,0.4443635922624462,0.6929605591612581,0,0.2864,1.0
17,150,bsps,0.2,0.9866666666666667,148,11,8,19,15.56,550.0113224489797,0.06617349467259431,1.0276462585034014,42.927368279207656,116.0,51.932,104.784,0.4427632768702152,0.689336146729427,0,0.29133539954184073,1.0
18,150,bsps,0.2,1.0,150,12,7,18,15.68,547.3825852348994,0.06285830116937499,0.9852885906040268,44.891051635577185,116.0,52.788,103.968,0.44383938393839384,0.6881278538812785,0,0.3068396864017302,1.0
19,150,bsps,0.2,1.0,150,8,8,20,16.232,548.9756375838928,0.06261742804504353,1.014979865771812,44.76690415378411,116.0,52.344,103.876,0.44542838166924953,0.6930970149253731,0,0.30057803468208094,1.0
20,150,bsps,0.2,0.9733333333333334,146,12,7,23,17.616,546.9014344827588,0.05601266716795061,0.9808,44.622474057891864,118.0,51.772,100.748,0.4457831325301205,0.6955315870570108,0,0.2977880939377389,1.0
21,150,bsps,0.2,1.0,150,11,7,21,15.964,546.7071812080537,0.06153081206868894,0.9789798657718121,43.852953325072285,116.0,52.808,103.332,0.4450662086542191,0.6938459153619594,0,0.30607187112763323,1.0
22,150,bsps,0.2,1.0,150,15,8,21,15.836,545.208867114094,0.06018466681295239,0.950979865771812,44.7693033283924,116.0,52.792,102.62,0.44402420574886536,0.6920795016315633,0,0.31141355612451155,1.0
23,150,bsps,0.2,0.9933333333333333,149,11,6,19,15.224,548.5908054054055,0.06655915804298158,1.0118108108108108,42.23405125408942,115.0,53.096,103.56,0.448747023472049,0.7041884816753927,0,0.28435114503816794,1.0
24,150,bsps,0.2,1.0,150,12,7,20,16.728,549.1522174496645,0.06051747509318103,1.0108456375838926,42.40550433839479,117.0,51.548,105.696,0.44652707752535736,0.6942794092683755,0,0.2844360086767896,1.0
25,150,bsps,0.2,1.0,150,8,8,20,16.34,550.3930040268457,0.06327477832296229,1.0321879194630872,43.30864526441987,116.0,51.332,105.74,0.4427920227920228,0.6886821705426357,0,0.29599040895164513,1.0
26,150,bsps,0.2,1.0,150,11,7,19,15.456,547.742810738255,0.06444211256349038,0.9938791946308725,44.44703159041394,116.0,52.936,103.772,0.44564925653550913,0.6943059960731007,0,0.30296840958605664,1.0
27,150,bsps,0.2,1.0,150,11,7,22,17.368,549.8382791946309,0.05942979748357603,1.0295570469798658,44.918757629187574,118.0,53.064,105.332,0.4454890510948905,0.6951836734693878,0,0.2926895429268954,1.0
28,150,bsps,0.2,1.0,150,15,7,21,17.996,547.7836375838926,0.0551353263735731,0.9904966442953019,43.629392971246006,117.0,52.132,105.96,0.44361225366811957,0.6916624727394732,0,0.2916666666666667,1.0
29,150,bsps,0.2,1.0,150,14,6,19,17.112,546.5705986577182,0.05696389933578518,0.9735838926174497,43.67500330819108,117.0,52.252,104.212,0.44466105943296386,0.6972659233236597,0,0.29786952494376073,1.0
30,150,bsps,0.2,0.98,147,14,6,21,16.484,546.8640547945206,0.0594878674493109,0.9785479452054794,43.46079630384563,116.0,52.112,102.76,0.4438356164383562,0.6966183574879227,0,0.29637178964533223,1.0
31,150,bsps,0.2,1.0,150,15,6,22,17.188,546.7012617449665,0.05691060552090847,0.9753020134228189,43.82348210695617,117.0,53.164,104.876,0.44482758620689655,0.6909667194928685,0,0.29245409462538535,1.0
32,150,bsps,0.2,1.0,150,11,7,18,14.768,549.1277986577181,0.06870123801714802,1.0132348993288591,42.97494335599094,115.0,51.752,104.844,0.44285633580023726,0.6914032676744541,0,0.29854724776755964,1.0
33,150,bsps,0.2,1.0,150,11,7,20,15.92,548.697720805369,0.06335972488135723,1.006523489932886,42.45758807588076,116.0,52.144,105.46,0.4447197640117994,0.6900826446280992,0,0.29376693766937667,1.0
34,150,bsps,0.2,0.9866666666666667,148,15,7,19,15.524,544.5074258503402,0.06088591844552229,0.9425034013605443,43.210211841390546,115.0,52.772,101.264,0.44604010424977397,0.696521868935662,0,0.30214557305812056,1.0
35,150,bsps,0.2,1.0,150,10,7,20,16.044,547.8934093959732,0.06228902831826244,0.9984429530201342,44.64449818621524,116.0,52.76,104.148,0.4445892382038334,0.6907185173932857,0,0.30498454924089746,1.0
36,150,bsps,0.2,0.9533333333333334,143,11,7,20,16.324,548.7660901408451,0.06188888428610881,1.0087887323943663,43.50114351057747,116.0,49.38,100.004,0.4450082533471908,0.6937043950449686,0,0.29774156660949114,1.0
37,150,bsps,0.2,1.0,150,13,8,26,20.276,549.8153181208054,0.050889679294913726,1.0269798657718123,46.19962259064564,120.0,52.044,105.116,0.4434970441109595,0.6908551810237203,0,0.2995012804960237,1.0
38,150,bsps,0.2,1.0,150,11,7,22,16.9,547.986856375839,0.05922977873358221,0.9998926174496644,45.22796598731273,117.0,53.2,104.36,0.4442138671875,0.6892260484145926,0,0.3019300850317182,1.0
39,150,bsps,0.2,1.0,150,8,8,23,17.632,548.8226067114095,0.057657374766696974,1.014469798657718,45.911135047798574,118.0,52.712,104.236,0.44405305740547085,0.6918401458744872,0,0.3022754813518244,1.0
0,150,baps,0.2,1.0,150,13,7,20,15.5,540.1111919463088,0.047632580841976815,0.853261744966443,55.3541304056768,120.0,42.644,89.64,0.5551502411277359,0.641005374644325,0,0.39817914044718167,1.0
1,150,baps,0.2,0.9933333333333333,149,10,7,22,15.5,538.3697513513514,0.04419137319137319,0.8294054054054054,58.90412800860562,122.0,42.86,86.556,0.5566937477922995,0.6478354313785692,0,0.4097082156783649,1.0
2,150,baps,0.2,1.0,150,9,7,25,17.0,539.762222818792,0.04211937360178971,0.851248322147651,57.45432399512789,125.0,43.26,88.548,0.5566890653634697,0.6454545454545455,0,0.4053322506428475,1.0
3,150,baps,0.2,1.0,150,7,7,22,16.5,541.9469691275168,0.04625869432580842,0.8852080536912752,56.819776069067856,122.0,42.876,90.636,0.5566233276804221,0.648297417338378,0,0.3818966680156482,1.0
4,150,baps,0.2,1.0,150,9,10,21,15.556,543.3485288590605,0.05087177431070049,0.9070872483221476,57.325044163609185,121.0,42.456,90.556,0.5546295764124375,0.6439933343432813,0,0.3904063052045115,1.0
5,150,baps,0.2,1.0,150,12,7,20,14.0,539.1679704697987,0.0503006711409396,0.8434093959731542,56.8686287625418,120.0,43.616,87.892,0.556210623663372,0.64517092103299,0,0.4040133779264214,1.0
6,150,baps,0.2,1.0,150,10,6,21,15.5,537.7991248322148,0.04324947267497603,0.8167248322147651,60.197128287708,121.0,41.852,85.772,0.5551429413498379,0.6431522570772762,0,0.4237788513150832,1.0
7,150,baps,0.2,1.0,150,10,7,21,14.984,538.2371248322148,0.04540076701821669,0.8256375838926174,59.04371584699454,121.0,42.124,86.072,0.5577020843924758,0.644955300127714,0,0.42009862721578034,1.0
8,150,baps,0.2,1.0,150,8,6,22,15.5,540.3345771812081,0.04668876686326351,0.860993288590604,57.7000821692687,122.0,42.712,88.0,0.5564261489884224,0.6508283838699593,0,0.4031772117228157,1.0
9,150,baps,0.2,1.0,150,13,7,20,14.5,539.7761503355706,0.049061595824011935,0.8449664429530201,57.092393468737555,120.0,41.476,88.188,0.5567953861584755,0.6438551921244839,0,0.40820390282755875,1.0
10,150,baps,0.2,1.0,150,12,7,20,14.5,540.0020456375839,0.050189709172259504,0.8512214765100671,57.49108349094839,120.0,42.624,88.728,0.5552851182197497,0.641459074733096,0,0.41029451499594705,1.0
11,150,baps,0.2,0.9866666666666667,148,10,10,19,13.152,538.1629850340137,0.05106344943992634,0.8242176870748299,56.386563876651984,119.0,41.772,85.216,0.5552554315913094,0.6454404945904173,0,0.414647577092511,1.0
12,150,baps,0.2,1.0,150,13,6,23,15.5,537.1538845637585,0.04249022468631456,0.8079463087248323,58.75425855011224,123.0,42.616,86.0,0.558859357696567,0.6478442280945758,0,0.41357454113297243,1.0
13,150,baps,0.2,1.0,150,12,8,19,13.5,538.9271221476511,0.05202825856587778,0.8361610738255034,56.39564404061999,119.0,43.144,88.116,0.556341734401497,0.6449090088735148,0,0.4049973276322822,1.0
14,150,baps,0.2,1.0,150,12,6,20,14.976,538.968424161074,0.04666592095451156,0.8334496644295303,57.26212408561366,120.0,41.176,87.192,0.5548030321859078,0.6432748538011696,0,0.41614738553237607,1.0
15,150,baps,0.2,0.9933333333333333,149,10,7,21,15.5,540.8866648648649,0.048861647361647366,0.872837837837838,56.47652550399134,121.0,44.82,90.5,0.5546571974870254,0.6390548992355802,0,0.39439859288323637,1.0
16,150,baps,0.2,1.0,150,9,9,24,16.5,540.6473932885907,0.04294034302759135,0.8591140939597315,64.0908,124.0,39.74,85.652,0.5568651650725085,0.6463860206513106,0,0.4228,1.0
17,150,baps,0.2,0.9866666666666667,148,11,8,19,13.5,540.9766802721089,0.05441210168277837,0.8653877551020408,57.14593720522841,119.0,40.94,87.076,0.5563627408729914,0.6406946365452589,0,0.41140008085163726,1.0
18,150,baps,0.2,1.0,150,12,7,18,13.5,539.1747328859061,0.053261744966442946,0.8401342281879195,57.26317923763179,118.0,43.368,88.024,0.555624262184496,0.6421491165062491,0,0.41416599080832656,1.0
19,150,baps,0.2,1.0,150,8,8,20,14.104,539.9386255033558,0.050860253542132736,0.8562953020134227,57.96760317246942,120.0,43.14,87.364,0.555968887385864,0.6469369635986978,0,0.4063718241699153,1.0
20,150,baps,0.2,0.9733333333333334,146,12,7,23,15.864,538.3284827586208,0.0434832250541396,0.8288275862068966,59.85595303113053,123.0,42.048,84.364,0.5548271418165518,0.6417499637838621,0,0.4165756417258329,1.0
21,150,baps,0.2,1.0,150,11,7,21,14.0,537.5470174496644,0.047841482901885585,0.8176107382550335,57.955252650419936,121.0,43.676,86.5,0.5548161515903451,0.6436170212765957,0,0.41718298223874434,1.0
22,150,baps,0.2,1.0,150,15,8,21,14.0,536.5754953020135,0.04681623521891978,0.798013422818792,60.08448996092171,121.0,42.964,85.684,0.5557635142574039,0.6429983060417843,0,0.42514485918339845,1.0
23,150,baps,0.2,0.9933333333333333,149,11,6,19,13.0,538.8851054054054,0.0528260516155253,0.8392162162162162,58.86123227917121,119.0,42.356,85.28,0.5534397677793904,0.6410727969348659,0,0.42516357688113415,1.0
24,150,baps,0.2,1.0,150,12,7,20,15.0,540.0602201342282,0.04875302013422819,0.8526174496644295,55.982781995661604,120.0,42.724,89.132,0.5546177667132188,0.6432096799872632,0,0.3970986984815618,1.0
25,150,baps,0.2,1.0,150,8,8,20,14.5,541.37237852349,0.05169903057419836,0.8745503355704699,56.99760223791128,120.0,42.412,89.36,0.5550755939524838,0.6373562381714951,0,0.4125482882642867,1.0
26,150,baps,0.2,1.0,150,11,7,19,13.5,539.7276563758392,0.05370981985164253,0.8520536912751677,56.820125272331154,119.0,44.044,88.5,0.5558717303272409,0.6463589449541285,0,0.40100762527233114,1.0
27,150,baps,0.2,1.0,150,11,7,22,15.5,540.2787865771813,0.04625435563690597,0.8591140939597315,60.158144581581446,122.0,42.168,87.088,0.5560298826040555,0.6480263157894737,0,0.41041638410416387,1.0
28,150,baps,0.2,1.0,150,15,7,21,15.5,538.509001342282,0.04464979226589965,0.8256375838926175,58.076810436634716,120.0,41.98,88.0,0.555861206627071,0.642845723421263,0,0.41533546325878595,1.0
29,150,baps,0.2,1.0,150,14,6,19,14.0,537.6762845637584,0.048632677891597,0.8153557046979866,56.53116315998412,119.0,43.028,87.508,0.5561958010041077,0.6412794033275961,0,0.41458250628556303,1.0
30,150,baps,0.2,0.98,147,14,6,21,14.5,536.9299150684932,0.04460420743639922,0.8021917808219178,59.5209947003669,121.0,41.38,84.0,0.5569812697640477,0.6429225137278829,0,0.42329120804457127,1.0
31,150,baps,0.2,1.0,150,15,6,22,15.5,537.5709932885907,0.043492780150498275,0.8132885906040269,58.905240584372066,122.0,43.32,87.5,0.5553446093660108,0.6453611362949532,0,0.4055756600991824,1.0
32,150,baps,0.2,1.0,150,11,7,18,13.124,539.9850926174498,0.05527703206562267,0.8550872483221477,55.39624150339864,118.0,43.484,88.696,0.5574335977923421,0.6457117852975496,0,0.39930694388911103,1.0
33,150,baps,0.2,1.0,150,11,7,20,14.5,540.246491275168,0.05060671140939597,0.8576912751677853,55.05609756097561,120.0,43.22,89.516,0.5559021113243762,0.6472819216182049,0,0.3962059620596206,1.0
34,150,baps,0.2,0.9866666666666667,148,15,7,19,13.5,535.8823700680274,0.047867704976727536,0.7888979591836734,57.54155350353069,119.0,43.032,84.5,0.5550852056876153,0.6434831778343229,0,0.418794133623031,1.0
35,150,baps,0.2,1.0,150,10,7,20,13.888,538.9240483221477,0.05028654522211569,0.8390872483221476,58.33172108020959,120.0,43.252,87.388,0.5544894903222228,0.6409814894532931,0,0.41555824264409513,1.0
36,150,baps,0.2,0.9533333333333334,143,11,7,20,14.5,540.7580422535212,0.051395461658841936,0.8677464788732395,53.64236706689537,120.0,41.78,86.0,0.5579633654144676,0.6519121236777868,0,0.38021726700971986,1.0
37,150,baps,0.2,1.0,150,13,8,26,18.104,540.5958496644297,0.040163777162434876,0.8641610738255033,61.22725434694703,125.0,42.448,88.104,0.556046511627907,0.6417647058823529,0,0.4181156490093004,1.0
38,150,baps,0.2,1.0,150,11,7,22,15.0,538.7481986577183,0.045473764490543016,0.8338791946308725,60.521662842488865,122.0,42.056,86.152,0.55470737913486,0.6436369561675086,0,0.41706033202861387,1.0
39,150,baps,0.2,1.0,150,8,8,23,16.04,539.4527651006712,0.04363863437408812,0.8475167785234898,61.31075804497105,123.0,42.5,86.64,0.5539953758529296,0.6364543252102038,0,0.4288407163053723,1.0
0,150,ewma,0.2,1.0,150,13,7,20,17.004,548.2124241610738,0.05847373257792461,0.9936375838926174,43.81041638773598,117.0,49.76,104.048,0.49228046622322574,0.6692295108784557,0,0.3011112598741465,1.0
1,150,ewma,0.2,0.9933333333333333,149,10,7,22,17.076,546.7825027027028,0.05708985661357952,0.9729729729729729,46.28008605620546,117.0,49.204,100.652,0.4910599509173776,0.6706858753523333,0,0.3197525884093048,1.0
2,150,ewma,0.2,1.0,150,9,7,25,17.884,547.2585583892618,0.05506543792216907,0.98,46.02950331573961,118.0,49.252,101.24,0.4925715666143254,0.6698966408268734,0,0.3207470564352416,1.0
3,150,ewma,0.2,1.0,150,7,7,22,17.724,549.7857879194631,0.05747518290726158,1.0178791946308727,46.577903682719544,118.0,47.936,103.064,0.4919475655430712,0.6677257525083612,0,0.3117496290300823,1.0
4,150,ewma,0.2,1.0,150,9,10,21,17.852,551.0877852348993,0.058146293718240864,1.03696644295302,47.641799157494226,118.0,47.692,102.868,0.4931093394077449,0.6653726708074534,0,0.31390134529147984,1.0
5,150,ewma,0.2,1.0,150,12,7,20,16.172,546.6326979865773,0.06020838941016181,0.9723758389261745,46.76066889632107,116.0,49.852,100.668,0.49083934501316845,0.664983164983165,0,0.32869565217391306,1.0
6,150,ewma,0.2,1.0,150,10,6,21,17.576,547.3654469798659,0.055846180476193774,0.9805369127516779,45.94417606011809,118.0,48.868,101.592,0.4933356614865258,0.6757398322519386,0,0.309447128287708,1.0
7,150,ewma,0.2,1.0,150,10,7,21,16.428,546.5757852348994,0.058996337105429716,0.9673825503355705,46.43276022924164,117.0,48.732,100.404,0.4910420271250767,0.6724718278940436,0,0.32733573237371716,1.0
8,150,ewma,0.2,1.0,150,8,6,22,16.512,548.3525664429532,0.06061517507744885,0.9990067114093959,45.861955628594906,117.0,49.38,101.68,0.4935147654892878,0.6719101123595506,0,0.3140235551903588,1.0
9,150,ewma,0.2,1.0,150,13,7,20,16.184,548.3181288590606,0.061412294751881674,0.9926979865771811,44.39492897915837,116.0,49.12,103.412,0.49070171088519715,0.6703170970905524,0,0.3085092260719501,1.0
10,150,ewma,0.2,1.0,150,12,7,20,15.396,547.729422818792,0.06389221812972307,0.9823087248322149,45.477573628748985,116.0,48.476,101.588,0.49175824175824173,0.6714154411764706,0,0.32153472034585245,1.0
11,150,ewma,0.2,0.9866666666666667,148,10,10,19,15.512,546.9869768707484,0.06304888678304045,0.9765442176870748,45.285517621145374,115.0,48.6,99.896,0.49139634926171377,0.6686249603048587,0,0.3235132158590308,1.0
12,150,ewma,0.2,1.0,150,13,6,23,17.988,545.1960751677852,0.05271833281057625,0.9459597315436241,47.2602667370923,118.0,49.404,100.1,0.49115213937434943,0.6744318993854509,0,0.32695101016770106,1.0
13,150,ewma,0.2,1.0,150,12,8,19,15.116,546.5995516778524,0.06413053808993821,0.967006711409396,45.431186531266704,115.0,49.184,101.148,0.489593599628964,0.6682048915551454,0,0.3234901122394441,1.0
14,150,ewma,0.2,1.0,150,12,6,20,16.436,548.4415463087249,0.060762363468877485,0.9980671140939599,42.6815226225955,116.0,49.568,104.224,0.49325153374233127,0.6746218487394958,0,0.29368734760227583,1.0
15,150,ewma,0.2,0.9933333333333333,149,10,7,21,16.708,547.9828837837839,0.05919808360992572,0.9878378378378379,46.22365038560411,117.0,47.42,100.416,0.4904338453247103,0.671418286537077,0,0.3220132593695034,1.0
16,150,ewma,0.2,1.0,150,9,9,24,18.432,550.1554442953021,0.05577927040591345,1.0246442953020134,47.52053333333333,119.0,49.156,102.92,0.4922194422408006,0.676918043513823,0,0.30293333333333333,1.0
17,150,ewma,0.2,0.9866666666666667,148,11,8,19,15.228,548.9988979591836,0.06615643309826982,1.0053061224489794,45.20576741679019,116.0,48.744,101.428,0.48970043142735614,0.6685205784204672,0,0.3170731707317073,1.0
18,150,ewma,0.2,1.0,150,12,7,18,15.5,546.3795248322149,0.062141826932115125,0.9626040268456375,46.45133819951338,116.0,49.248,100.332,0.4928883723504344,0.6731028289178267,0,0.3240064882400649,1.0
19,150,ewma,0.2,1.0,150,8,8,20,15.9,547.7421020134228,0.062260158291504525,0.9882416107382549,47.032934534211584,116.0,48.824,100.084,0.49240901987050684,0.6682867557715675,0,0.32665680871084823,1.0
20,150,ewma,0.2,0.9733333333333334,146,12,7,23,17.208,545.9465765517242,0.05605574512684686,0.9587862068965517,47.302157291097764,118.0,48.512,97.464,0.4908213632078088,0.6672123827950588,0,0.3280993992353905,1.0
21,150,ewma,0.2,1.0,150,11,7,21,15.468,545.3524483221477,0.0616587869668604,0.9510335570469799,47.20721464959383,116.0,49.496,99.5,0.4917315993048938,0.6653655607266177,0,0.3433842764697783,1.0
22,150,ewma,0.2,1.0,150,15,8,21,15.44,544.1941422818792,0.06028794448083828,0.9276510067114093,47.05659614607196,115.0,49.096,98.84,0.49278440341992047,0.6717003049223174,0,0.3386336073305484,1.0
23,150,ewma,0.2,0.9933333333333333,149,11,6,19,14.82,547.4182216216217,0.06675808015513897,0.9868918918918917,45.830697928026176,115.0,49.996,100.132,0.49347963462974664,0.6693993378527511,0,0.32374591057797164,1.0
24,150,ewma,0.2,1.0,150,12,7,20,16.552,548.2079355704698,0.059852053248003544,0.9893154362416108,44.729934924078094,116.0,48.232,102.32,0.4939404847612191,0.6721473199605393,0,0.3096529284164859,1.0
25,150,ewma,0.2,1.0,150,8,8,20,16.108,549.1667194630874,0.0626508965861159,1.007221476510067,44.65472225922473,116.0,48.476,102.384,0.4916069894013177,0.6730328495034378,0,0.3117090715332356,1.0
26,150,ewma,0.2,1.0,150,11,7,19,15.068,546.6964241610738,0.06460155100415661,0.9707919463087249,46.09885620915033,115.0,49.604,100.268,0.4925284244721169,0.6769911504424779,0,0.3233932461873638,1.0
27,150,ewma,0.2,1.0,150,11,7,22,16.948,548.7351570469799,0.05952159023034623,1.0055302013422818,47.14783670147837,117.0,49.892,101.916,0.49251444064599786,0.6705919796308084,0,0.3192730231927302,1.0
28,150,ewma,0.2,1.0,150,15,7,21,17.756,546.8375704697987,0.054715598543668025,0.9698523489932886,44.99041533546326,117.0,49.208,102.836,0.49117937330372563,0.6748923484597549,0,0.3083067092651757,1.0
29,150,ewma,0.2,1.0,150,14,6,19,16.84,545.5874845637586,0.05661562377453042,0.951221476510067,45.60672224427683,117.0,48.796,100.684,0.49071573261309925,0.6752378121284186,0,0.31983591372237663,1.0
30,150,ewma,0.2,0.98,147,14,6,21,16.288,545.7640904109589,0.05882882871966377,0.9556164383561644,45.5325451827694,116.0,49.204,99.496,0.4898817029964571,0.6738616669292579,0,0.3194727544503329,1.0
31,150,ewma,0.2,1.0,150,15,6,22,16.856,545.7380456375839,0.056710903377010756,0.9541744966442952,45.98177188044498,117.0,50.032,101.56,0.4916258402643272,0.6672354948805461,0,0.31845597104945716,1.0
32,150,ewma,0.2,1.0,150,11,7,18,14.42,548.2470389261745,0.06883043366029944,0.99151677852349,44.58803145408503,115.0,47.98,101.236,0.49083352311546347,0.6740951241399941,0,0.3184059709449554,1.0
33,150,ewma,0.2,1.0,150,11,7,20,15.684,547.5303516778524,0.06274219376145426,0.981234899328859,44.18428184281843,116.0,48.68,101.728,0.49313766264630743,0.6727184308639974,0,0.31422764227642275,1.0
34,150,ewma,0.2,0.9866666666666667,148,15,7,19,15.24,543.5244380952381,0.06046464248703144,0.9194013605442177,46.00624660510592,115.0,48.944,97.444,0.4911440107671602,0.672202166064982,0,0.3329712112982075,1.0
35,150,ewma,0.2,1.0,150,10,7,20,15.808,547.0215731543625,0.06180266169107464,0.97648322147651,46.3161359666801,116.0,48.88,100.52,0.49326248904469766,0.6685943060498221,0,0.3237941690178691,1.0
36,150,ewma,0.2,0.9533333333333334,143,11,7,20,15.98,547.8888676056339,0.06190595665496245,0.9881126760563381,45.72755860491709,116.0,46.232,96.88,0.4911988141560126,0.6672718270341641,0,0.32289879931389365,1.0
37,150,ewma,0.2,1.0,150,13,8,26,19.876,548.7640510067115,0.050754207464757374,1.002979865771812,48.22374983151368,120.0,48.488,101.508,0.49209440879926675,0.6687041564792175,0,0.323763310419194,1.0
38,150,ewma,0.2,1.0,150,11,7,22,16.456,546.987911409396,0.059477248259482765,0.9773959731543624,46.72128492374139,117.0,49.932,101.0,0.4930303960700031,0.6704107292539816,0,0.3216358482926171,1.0
39,150,ewma,0.2,1.0,150,8,8,23,17.276,547.5293610738256,0.057292426387722174,0.986496644295302,47.37363673084691,118.0,49.12,100.34,0.4938346696157036,0.6774193548387096,0,0.319913827925138,1.0
0,150,oracle,0.2,1.0,150,13,7,20,13.116,538.0591382550336,0.055651904136132316,0.7297181208053691,10.157852456821528,14.0,0.0,58.284,1.0,1.0,0,0.0,1.0
1,150,oracle,0.2,0.9933333333333333,149,10,7,22,12.292,536.1472702702703,0.05702303087303088,0.7005405405405405,10.054591905338174,13.0,0.0,55.0,1.0,1.0,0,0.0,1.0
2,150,oracle,0.2,1.0,150,9,7,25,12.564,536.7904295302014,0.05645862828446721,0.710201342281879,10.29692786574638,14.0,0.0,55.732,1.0,1.0,0,0.0,1.0
3,150,oracle,0.2,1.0,150,7,7,22,13.352,539.4497261744967,0.056162931028702845,0.7505771812080537,11.179954134628355,14.0,0.0,58.948,1.0,1.0,0,0.0,1.0
4,150,oracle,0.2,1.0,150,9,10,21,13.82,540.2887731543625,0.055279049927569476,0.7629261744966443,12.314309009376274,15.0,0.0,58.4,1.0,1.0,0,0.0,1.0
5,150,oracle,0.2,1.0,150,12,7,20,11.616,535.6040295302015,0.05957577932879946,0.6921610738255033,9.730033444816053,13.0,0.0,54.188,1.0,1.0,0,0.0,1.0
6,150,oracle,0.2,1.0,150,10,6,21,13.292,536.6869718120806,0.05332637161496222,0.7087516778523489,10.989935587761675,14.0,0.0,56.092,1.0,1.0,0,0.0,1.0
7,150,oracle,0.2,1.0,150,10,7,21,12.18,536.0440805369129,0.05740015867801102,0.6989261744966443,9.978008796481408,13.0,0.0,55.056,1.0,1.0,0,0.0,1.0
8,150,oracle,0.2,1.0,150,8,6,22,11.788,537.2342281879196,0.06082870641662588,0.7167785234899329,10.17351410572446,13.0,0.0,55.624,1.0,1.0,0,0.0,1.0
9,150,oracle,0.2,1.0,150,13,7,20,12.332,538.2493825503356,0.05940236988961821,0.7324832214765101,9.871498738882252,13.0,0.0,58.02,1.0,1.0,0,0.0,1.0
10,150,oracle,0.2,1.0,150,12,7,20,11.58,537.1794711409397,0.06182838056797789,0.7160805369127518,9.857876249662253,13.0,0.0,56.092,1.0,1.0,0,0.0,1.0
11,150,oracle,0.2,0.9866666666666667,148,10,10,19,11.58,535.8674367346939,0.06002870749809526,0.6962993197278912,9.347053964757709,12.0,0.0,54.324,1.0,1.0,0,0.0,1.0
12,150,oracle,0.2,1.0,150,13,6,23,12.676,534.4516912751678,0.05335646925781154,0.6748993288590603,10.150534794665258,14.0,0.0,53.732,1.0,1.0,0,0.0,1.0
13,150,oracle,0.2,1.0,150,12,8,19,11.012,535.9887516778524,0.0634406258916326,0.6981208053691276,9.205505077498664,12.0,0.0,55.128,1.0,1.0,0,0.0,1.0
14,150,oracle,0.2,1.0,150,12,6,20,12.688,537.3548778523491,0.05663208111798716,0.7190872483221477,9.782172852885397,13.0,0.0,57.68,1.0,1.0,0,0.0,1.0
15,150,oracle,0.2,0.9933333333333333,149,10,7,21,12.56,537.4318540540542,0.057315527828027825,0.7199459459459461,10.24015694763902,13.0,0.0,56.152,1.0,1.0,0,0.0,1.0
16,150,oracle,0.2,1.0,150,9,9,24,13.568,539.5446469798659,0.05547339064409732,0.7516241610738255,12.552266666666666,15.0,0.0,57.484,1.0,1.0,0,0.0,1.0
17,150,oracle,0.2,0.9866666666666667,148,11,8,19,11.084,538.4401659863946,0.0663115921115921,0.7350476190476191,9.764047971971433,12.0,0.0,56.156,1.0,1.0,0,0.0,1.0
18,150,oracle,0.2,1.0,150,12,7,18,11.72,535.939100671141,0.05961509407818133,0.6971812080536912,10.30508245471749,13.0,0.0,54.324,1.0,1.0,0,0.0,1.0
19,150,oracle,0.2,1.0,150,8,8,20,11.908,536.9016214765102,0.059710796138984064,0.7115973154362416,10.512703320338755,13.0,0.0,54.696,1.0,1.0,0,0.0,1.0
20,150,oracle,0.2,0.9733333333333334,146,12,7,23,11.772,535.1299668965519,0.058283485556589,0.6849379310344827,10.109229929000547,13.0,0.0,52.076,1.0,1.0,0,0.0,1.0
21,150,oracle,0.2,1.0,150,11,7,21,11.172,534.7250469798659,0.06073652790162857,0.6789261744966443,9.17747487264216,12.0,0.0,53.568,1.0,1.0,0,0.0,1.0
22,150,oracle,0.2,1.0,150,15,8,21,11.172,533.9255087248322,0.05974025199260099,0.6668724832214765,9.148901765260746,12.0,0.0,52.944,1.0,1.0,0,0.0,1.0
23,150,oracle,0.2,0.9933333333333333,149,11,6,19,10.828,536.0836135135136,0.06460451665451666,0.6992162162162162,9.648854961832061,12.0,0.0,53.5,1.0,1.0,0,0.0,1.0
24,150,oracle,0.2,1.0,150,12,7,20,12.508,537.8947087248323,0.058170782088902896,0.7270335570469799,10.101138828633406,13.0,0.0,57.332,1.0,1.0,0,0.0,1.0
25,150,oracle,0.2,1.0,150,8,8,20,12.144,538.8112053691276,0.061016477482249296,0.7407248322147651,10.242173970960437,13.0,0.0,57.544,1.0,1.0,0,0.0,1.0
26,150,oracle,0.2,1.0,150,11,7,19,10.824,535.756934228188,0.0642190824090153,0.6943355704697985,9.733523965141613,12.0,0.0,53.784,1.0,1.0,0,0.0,1.0
27,150,oracle,0.2,1.0,150,11,7,22,12.212,537.3957503355706,0.05887703705690284,0.7190872483221477,11.160450291604503,13.0,0.0,55.244,1.0,1.0,0,0.0,1.0
28,150,oracle,0.2,1.0,150,15,7,21,13.156,536.9828536912752,0.054216290085753176,0.7135302013422818,9.905617678381256,14.0,0.0,57.596,1.0,1.0,0,0.0,1.0
29,150,oracle,0.2,1.0,150,14,6,19,12.6,535.1671812080538,0.05449062551914901,0.6859060402684565,9.758105068148737,14.0,0.0,55.172,1.0,1.0,0,0.0,1.0
30,150,oracle,0.2,0.98,147,14,6,21,11.584,535.5568739726027,0.059732069604672346,0.6916986301369863,9.240385922000272,12.0,0.0,54.036,1.0,1.0,0,0.0,1.0
31,150,oracle,0.2,1.0,150,15,6,22,12.032,535.1359409395973,0.05697491650780241,0.6853422818791947,9.735692266452219,13.0,0.0,54.776,1.0,1.0,0,0.0,1.0
32,150,oracle,0.2,1.0,150,11,7,18,10.836,537.6475624161075,0.0667121488504039,0.7231140939597316,9.389977342396374,12.0,0.0,56.364,1.0,1.0,0,0.0,1.0
33,150,oracle,0.2,1.0,150,11,7,20,11.58,537.2272080536914,0.06187333620890668,0.7169127516778524,9.349051490514904,13.0,0.0,56.58,1.0,1.0,0,0.0,1.0
34,150,oracle,0.2,0.9866666666666667,148,15,7,19,10.824,532.7908517006804,0.060010697088248105,0.6497687074829932,8.530146659424226,12.0,0.0,51.368,1.0,1.0,0,0.0,1.0
35,150,oracle,0.2,1.0,150,10,7,20,11.772,535.8872295302012,0.0591195652967465,0.6964832214765102,9.959424963052532,13.0,0.0,54.62,1.0,1.0,0,0.0,1.0
36,150,oracle,0.2,0.9533333333333334,143,11,7,20,12.256,536.9445323943663,0.05815540644801208,0.7125915492957746,10.176815323041739,13.0,0.0,53.484,1.0,1.0,0,0.0,1.0
37,150,oracle,0.2,1.0,150,13,8,26,14.172,538.077844295302,0.05184122226635058,0.7295570469798659,11.392640517589971,16.0,0.0,56.524,1.0,1.0,0,0.0,1.0
38,150,oracle,0.2,1.0,150,11,7,22,12.032,536.4035597315436,0.05855238616715127,0.7042416107382551,10.289512754757727,13.0,0.0,54.92,1.0,1.0,0,0.0,1.0
39,150,oracle,0.2,1.0,150,8,8,23,12.264,536.2966926174497,0.057257538769954874,0.7025234899328859,11.111754409586643,14.0,0.0,54.408,1.0,1.0,0,0.0,1.0
0,150,csma,0.2,1.0,150,13,7,20,20.0,1548.312069798658,1.0,20.0,44.452568178015724,119.0,nan,nan,nan,nan,0,0.0,0.8086862400216479
1,150,csma,0.2,0.9933333333333333,149,10,7,22,22.0,1641.075475675676,1.0,22.0,33.79257607137168,115.0,nan,nan,nan,nan,0,0.0,0.8504267714401843
2,150,csma,0.2,1.0,150,9,7,25,25.0,1781.4425771812084,1.0,25.0,25.181375532562384,109.0,nan,nan,nan,nan,0,0.0,0.8864310763420555
3,150,csma,0.2,1.0,150,7,7,22,22.0,1638.1598791946312,1.0,22.0,34.25575657894737,114.0,nan,nan,nan,nan,0,0.0,0.8235134769064066
4,150,csma,0.2,1.0,150,9,10,21,21.0,1599.7068912751683,1.0,21.0,43.41467304625199,118.0,nan,nan,nan,nan,0,0.0,0.8535257282875034
5,150,csma,0.2,1.0,150,12,7,20,20.0,1547.9529906040273,1.0,20.0,37.55658724597057,116.0,nan,nan,nan,nan,0,0.0,0.7792491467576792
6,150,csma,0.2,1.0,150,10,6,21,21.0,1597.4848993288592,1.0,21.0,43.98902517753389,119.0,nan,nan,nan,nan,0,0.0,0.830117899249732
7,150,csma,0.2,1.0,150,10,7,21,21.0,1594.288950335571,1.0,21.0,36.3672002613525,117.0,nan,nan,nan,nan,0,0.0,0.8113982770046388
8,150,csma,0.2,1.0,150,8,6,22,22.0,1636.1172429530204,1.0,22.0,30.831088239745725,114.0,nan,nan,nan,nan,0,0.0,0.8867266138773319
9,150,csma,0.2,1.0,150,13,7,20,20.0,1551.5973208053695,1.0,20.0,39.34662786716878,116.0,nan,nan,nan,nan,0,0.0,0.7823757867952323
10,150,csma,0.2,1.0,150,12,7,20,20.0,1544.9364107382553,1.0,20.0,40.8959000640615,117.0,nan,nan,nan,nan,0,0.0,0.8354294888948355
11,150,csma,0.2,0.9866666666666667,148,10,10,19,19.0,1508.603727891157,1.0,19.0,52.98798955613577,205.0,nan,nan,nan,nan,0,0.0,0.7941664362731545
12,150,csma,0.2,1.0,150,13,6,23,23.0,1686.9811060402687,1.0,23.0,29.533652203621454,114.0,nan,nan,nan,nan,0,0.0,0.7893743257820928
13,150,csma,0.2,1.0,150,12,8,19,19.0,1500.811895302014,1.0,19.0,46.460717749757514,119.0,nan,nan,nan,nan,0,0.0,0.8292225201072386
14,150,csma,0.2,1.0,150,12,6,20,20.0,1545.5955409395976,1.0,20.0,44.34180312441182,118.0,nan,nan,nan,nan,0,0.0,0.7099144842330305
15,150,csma,0.2,0.9933333333333333,149,10,7,21,21.0,1596.860810810811,1.0,21.0,40.737442560608464,117.0,nan,nan,nan,nan,0,0.0,0.8551490514905149
16,150,csma,0.2,1.0,150,9,9,24,24.0,1758.9920778523492,1.0,24.0,41.75836903062034,119.0,nan,nan,nan,nan,0,0.0,0.8352769679300291
17,150,csma,0.2,0.9866666666666667,148,11,8,19,19.0,1505.0493197278915,1.0,19.0,45.88730107177655,118.0,nan,nan,nan,nan,0,0.0,0.8316002700877785
18,150,csma,0.2,1.0,150,12,7,18,18.0,1450.8080939597319,1.0,18.0,54.95351137487636,203.0,nan,nan,nan,nan,0,0.0,0.8124832574336994
19,150,csma,0.2,1.0,150,8,8,20,20.0,1554.199567785235,1.0,20.0,42.17908375751966,117.0,nan,nan,nan,nan,0,0.0,0.8766734279918864
20,150,csma,0.2,0.9733333333333334,146,12,7,23,23.0,1689.4073820689655,1.0,23.0,31.506044905008636,114.0,nan,nan,nan,nan,0,0.0,0.8757046610752097
21,150,csma,0.2,1.0,150,11,7,21,21.0,1589.5869100671146,1.0,21.0,35.73112541202323,115.0,nan,nan,nan,nan,0,0.0,0.8673927842069435
22,150,csma,0.2,1.0,150,15,8,21,21.0,1597.978083221477,1.0,21.0,34.78748821125432,115.0,nan,nan,nan,nan,0,0.0,0.8453361679511029
23,150,csma,0.2,0.9933333333333333,149,11,6,19,19.0,1499.4895810810815,1.0,19.0,45.10973751058425,118.0,nan,nan,nan,nan,0,0.0,0.8058133187772926
24,150,csma,0.2,1.0,150,12,7,20,20.0,1543.4647651006715,1.0,20.0,43.344854923101316,119.0,nan,nan,nan,nan,0,0.0,0.8570457942655252
25,150,csma,0.2,1.0,150,8,8,20,20.0,1546.7335624161078,1.0,20.0,40.81781122608968,116.0,nan,nan,nan,nan,0,0.0,0.8607287449392712
26,150,csma,0.2,1.0,150,11,7,19,19.0,1505.686155704698,1.0,19.0,48.495616132631916,119.0,nan,nan,nan,nan,0,0.0,0.8364
27,150,csma,0.2,1.0,150,11,7,22,22.0,1639.6808671140943,1.0,22.0,37.877666248431616,116.0,nan,nan,nan,nan,0,0.0,0.872946330777656
28,150,csma,0.2,1.0,150,15,7,21,21.0,1598.200459060403,1.0,21.0,39.36089577950043,117.0,nan,nan,nan,nan,0,0.0,0.7668428005284016
29,150,csma,0.2,1.0,150,14,6,19,19.0,1503.7696241610743,1.0,19.0,48.26017066878349,119.0,nan,nan,nan,nan,0,0.0,0.6811300351446337
30,150,csma,0.2,0.98,147,14,6,21,21.0,1596.9467068493154,1.0,21.0,32.929561200923786,115.0,nan,nan,nan,nan,0,0.0,0.7136382365059745
31,150,csma,0.2,1.0,150,15,6,22,22.0,1646.3853261744969,1.0,22.0,33.788217623498,116.44999999999982,nan,nan,nan,nan,0,0.0,0.8031095027476209
32,150,csma,0.2,1.0,150,11,7,18,18.0,1448.1333986577183,1.0,18.0,47.624039610722214,118.0,nan,nan,nan,nan,0,0.0,0.7788563829787234
33,150,csma,0.2,1.0,150,11,7,20,20.0,1549.1402281879198,1.0,20.0,38.74614869390489,118.0,nan,nan,nan,nan,0,0.0,0.7990366604227991
34,150,csma,0.2,0.9866666666666667,148,15,7,19,19.0,1502.6649469387758,1.0,19.0,45.00367511944138,119.0,nan,nan,nan,nan,0,0.0,0.7370987403494514
35,150,csma,0.2,1.0,150,10,7,20,20.0,1545.0769557046983,1.0,20.0,41.624581685427444,117.0,nan,nan,nan,nan,0,0.0,0.883839741866093
36,150,csma,0.2,0.9533333333333334,143,11,7,20,20.0,1554.0803549295779,1.0,20.0,43.24183114944435,118.0,nan,nan,nan,nan,0,0.0,0.8436887769381473
37,150,csma,0.2,1.0,150,13,8,26,26.0,1826.9021637583896,1.0,26.0,25.593348115299335,108.79999999999927,nan,nan,nan,nan,0,0.0,0.8992423235411405
38,150,csma,0.2,1.0,150,11,7,22,22.0,1643.0527543624164,1.0,22.0,30.269816599316133,112.0,nan,nan,nan,nan,0,0.0,0.8668822419832929
39,150,csma,0.2,1.0,150,8,8,23,23.0,1694.4399973154366,1.0,23.0,32.315348101265826,113.0,nan,nan,nan,nan,0,0.0,0.8425543260898547
0,200,rand_st,0.2,1.0,200,10,8,22,17.0,565.6978512562816,0.07957315991723322,1.352743718592965,210.22409300461015,410.0,119.804,199.0,0.0,1.0,0,0.0,1.0
1,200,rand_st,0.2,1.0,200,9,9,21,17.0,564.6256502512563,0.07884954182678096,1.3404422110552765,154.1343,313.0,122.252,199.0,0.0,1.0,0,0.0,1.0
2,200,rand_st,0.2,1.0,200,10,10,22,18.0,565.6275738693469,0.07534785036292574,1.3562613065326632,198.50142103126268,401.0,121.104,199.0,0.0,1.0,0,0.0,1.0
3,200,rand_st,0.2,1.0,200,12,9,23,20.0,564.458526633166,0.06666834170854272,1.3333668341708542,132.62343012157137,302.0,120.66,199.0,0.0,1.0,0,0.0,1.0
4,200,rand_st,0.2,1.0,200,11,9,21,17.0,565.7063437185931,0.08,1.36,165.9145419731936,311.0,122.36,199.0,0.0,1.0,0,0.0,1.0
5,200,rand_st,0.2,1.0,200,11,8,21,16.0,564.3524,0.0833354271356784,1.3333668341708544,188.85472666868014,402.0,121.66,199.0,0.0,1.0,0,0.0,1.0
6,200,rand_st,0.2,1.0,200,10,8,20,18.0,564.7670170854271,0.07456951423785595,1.3422512562814073,144.70468247588425,310.0,121.892,199.0,0.0,1.0,0,0.0,1.0
7,200,rand_st,0.2,1.0,200,13,8,24,21.0,564.8461969849246,0.06404881550610193,1.345025125628141,179.9557592666401,306.0,122.34,199.0,0.0,1.0,0,0.0,1.0
8,200,rand_st,0.2,1.0,200,11,8,26,21.0,565.7179015075378,0.06435415171093564,1.3514371859296483,177.27744958239967,304.0,120.064,199.0,0.0,1.0,0,0.0,1.0
9,200,rand_st,0.2,1.0,200,8,8,21,16.0,564.892902512563,0.08431281407035177,1.3490050251256283,217.61918604651163,401.0,123.548,199.0,0.0,1.0,0,0.0,1.0
10,200,rand_st,0.2,0.995,199,13,8,20,16.0,562.6154383838384,0.08177020202020202,1.3083232323232323,151.88010593867781,315.0,123.952,198.0,0.0,1.0,0,0.0,1.0
11,200,rand_st,0.2,1.0,200,11,8,21,17.0,565.5442211055276,0.07980608926987881,1.3567035175879398,216.58358786397883,404.0,122.016,199.0,0.0,1.0,0,0.0,1.0
12,200,rand_st,0.2,1.0,200,12,8,22,20.0,564.7654914572864,0.06718994974874372,1.3437989949748743,160.19762688204207,306.0,121.584,199.0,0.0,1.0,0,0.0,1.0
13,200,rand_st,0.2,1.0,200,9,9,20,16.0,564.4231396984926,0.08359798994974875,1.33756783919598,205.9472263868066,401.0,122.824,199.0,0.0,1.0,0,0.0,1.0
14,200,rand_st,0.2,1.0,200,10,9,19,15.0,564.6333447236182,0.089228810720268,1.33843216080402,174.3935185185185,305.0,121.652,199.0,0.0,1.0,0,0.0,1.0
15,200,rand_st,0.2,0.985,197,11,11,22,16.0,565.7246897959185,0.08488265306122449,1.3581224489795918,185.5286559249439,405.0,118.808,196.0,0.0,1.0,0,0.0,1.0
16,200,rand_st,0.2,1.0,200,9,7,21,16.0,565.3283417085428,0.08455527638190954,1.3528844221105527,185.08257154213035,304.0,121.776,199.0,0.0,1.0,0,0.0,1.0
17,200,rand_st,0.2,1.0,200,11,8,22,21.0,563.6598150753769,0.06315003589375448,1.3261507537688442,152.7651522715926,307.0,123.096,199.0,0.0,1.0,0,0.0,1.0
18,200,rand_st,0.2,1.0,200,12,9,23,18.0,564.3665145728644,0.07429704075935231,1.3373467336683416,231.1960665658094,402.0,122.868,199.0,0.0,1.0,0,0.0,1.0
19,200,rand_st,0.2,1.0,200,11,8,22,17.0,564.8574050251257,0.07912621933195388,1.345145728643216,232.70438358912628,403.0,122.316,199.0,0.0,1.0,0,0.0,1.0
20,200,rand_st,0.2,1.0,200,8,11,22,17.0,565.904791959799,0.080108779190068,1.3618492462311558,272.48104693140795,504.0,121.992,199.0,0.0,1.0,0,0.0,1.0
21,200,rand_st,0.2,1.0,200,13,7,24,19.0,561.978751758794,0.06868341708542713,1.3049849246231155,157.26557343234325,317.0,125.308,199.0,0.0,1.0,0,0.0,1.0
22,200,rand_st,0.2,0.995,199,12,9,22,19.0,564.1158767676768,0.06997873471557682,1.3295959595959594,167.1680510534846,315.0,120.74,198.0,0.0,1.0,0,0.0,1.0
23,200,rand_st,0.2,1.0,200,15,9,22,18.0,563.3404120603016,0.0729748743718593,1.3135477386934673,151.90666937779585,314.0,121.604,199.0,0.0,1.0,0,0.0,1.0
24,200,rand_st,0.2,1.0,200,10,8,21,17.0,563.9386110552765,0.07832219923145138,1.3314773869346734,161.59876792567158,313.0,124.036,199.0,0.0,1.0,0,0.0,1.0
25,200,rand_st,0.2,1.0,200,16,8,20,19.0,564.0085286432162,0.0694408886537953,1.3193768844221105,161.98938858009095,315.0,119.444,199.0,0.0,1.0,0,0.0,1.0
26,200,rand_st,0.2,0.93,186,13,9,22,17.0,562.753772972973,0.07727058823529412,1.3135999999999999,161.0854990172527,310.0,115.984,185.0,0.0,1.0,0,0.0,1.0
27,200,rand_st,0.2,1.0,200,14,8,22,18.0,563.1376804020101,0.07287772194304858,1.3117989949748745,170.41083128583128,405.0,122.952,199.0,0.0,1.0,0,0.0,1.0
28,200,rand_st,0.2,0.995,199,13,9,25,22.0,562.7397656565656,0.059801652892561986,1.3156363636363635,213.80571773706464,401.0,125.504,198.0,0.0,1.0,0,0.0,1.0
29,200,rand_st,0.2,1.0,200,10,8,22,16.0,566.0924120603016,0.08545854271356786,1.3673366834170857,174.61943561208267,310.0,121.9,199.0,0.0,1.0,0,0.0,1.0
30,200,rand_st,0.2,1.0,200,9,9,21,15.0,564.7286070351759,0.08942579564489113,1.341386934673367,161.60863065577038,308.0,122.064,199.0,0.0,1.0,0,0.0,1.0
31,200,rand_st,0.2,1.0,200,9,9,21,16.0,565.5197628140704,0.08455778894472363,1.352924623115578,151.54935064935066,313.0,120.768,199.0,0.0,1.0,0,0.0,1.0
32,200,rand_st,0.2,1.0,200,10,8,22,17.0,564.5039417085429,0.0788140703517588,1.3398391959798996,166.58375383397646,301.0,122.372,199.0,0.0,1.0,0,0.0,1.0
33,200,rand_st,0.2,1.0,200,15,8,23,21.0,563.915487437186,0.06286001435750178,1.3200603015075376,149.096813353566,308.0,120.308,199.0,0.0,1.0,0,0.0,1.0
34,200,rand_st,0.2,1.0,200,13,8,20,17.0,564.5377447236182,0.07826426248891516,1.3304924623115577,155.37619478820807,306.0,120.232,199.0,0.0,1.0,0,0.0,1.0
35,200,rand_st,0.2,1.0,200,13,8,22,20.0,564.5290271356783,0.06685527638190955,1.337105527638191,148.81159274193547,308.0,121.916,199.0,0.0,1.0,0,0.0,1.0
36,200,rand_st,0.2,1.0,200,14,8,23,19.0,564.1560502512564,0.06979211848717272,1.3260502512562815,150.08031639793126,319.0,120.116,199.0,0.0,1.0,0,0.0,1.0
37,200,rand_st,0.2,1.0,200,15,8,20,17.0,562.5736663316584,0.07670706473544192,1.3040201005025127,141.44788732394366,307.0,123.5,199.0,0.0,1.0,0,0.0,1.0
38,200,rand_st,0.2,1.0,200,15,10,23,20.0,561.8458130653268,0.06491457286432162,1.2982914572864321,157.28564196030783,317.0,126.64,199.0,0.0,1.0,0,0.0,1.0
39,200,rand_st,0.2,1.0,200,15,8,21,18.0,563.0398271356784,0.07271468453378002,1.3088643216080404,155.9774503908599,310.0,122.536,199.0,0.0,1.0,0,0.0,1.0
0,200,rand_dt,0.2,1.0,200,10,8,22,17.052,563.2838090452262,0.0776751075639636,1.324281407035176,234.52360859955797,413.0,125.468,199.0,0.0,1.0,0,0.0,1.0
1,200,rand_dt,0.2,1.0,200,9,9,21,17.016,562.2294090452261,0.07724517885263953,1.312743718592965,185.10124937531234,405.0,127.764,199.0,0.0,1.0,0,0.0,1.0
2,200,rand_dt,0.2,1.0,200,10,10,22,18.728,563.7985949748744,0.07140976147136982,1.3348944723618092,194.35079011345218,405.0,125.356,199.0,0.0,1.0,0,0.0,1.0
3,200,rand_dt,0.2,1.0,200,12,9,23,19.648,561.9932984924624,0.06647181987250753,1.3042412060301507,188.56033874382499,411.0,126.456,199.0,0.0,1.0,0,0.0,1.0
4,200,rand_dt,0.2,1.0,200,11,9,21,17.228,563.8348361809046,0.07773800893009943,1.3383517587939697,230.02900290029004,410.0,126.668,199.0,0.0,1.0,0,0.0,1.0
5,200,rand_dt,0.2,1.0,200,11,8,21,16.492,562.0028663316583,0.07933296876539561,1.3057286432160804,196.96375417636935,410.0,127.16,199.0,0.0,1.0,0,0.0,1.0
6,200,rand_dt,0.2,1.0,200,10,8,20,17.632,562.5835798994975,0.07481933731263817,1.316924623115578,194.6088387869114,408.0,126.932,199.0,0.0,1.0,0,0.0,1.0
7,200,rand_dt,0.2,1.0,200,13,8,24,20.62,562.8990914572865,0.06419734074097194,1.3221708542713568,221.4809024341975,411.0,126.888,199.0,0.0,1.0,0,0.0,1.0
8,200,rand_dt,0.2,1.0,200,11,8,26,21.224,563.4973949748743,0.06253086985842066,1.3255075376884422,223.14085774267718,415.0,125.224,199.0,0.0,1.0,0,0.0,1.0
9,200,rand_dt,0.2,1.0,200,8,8,21,15.252,563.2552060301509,0.08735608997367791,1.3302713567839195,210.2481188118812,408.0,127.276,199.0,0.0,1.0,0,0.0,1.0
10,200,rand_dt,0.2,0.995,199,13,8,20,16.984,560.6185393939395,0.07581193557522248,1.285151515151515,181.21765769385294,410.0,128.54,198.0,0.0,1.0,0,0.0,1.0
11,200,rand_dt,0.2,1.0,200,11,8,21,16.724,563.3096783919599,0.07970713042335863,1.3311959798994977,188.6628772635815,407.0,127.092,199.0,0.0,1.0,0,0.0,1.0
12,200,rand_dt,0.2,1.0,200,12,8,22,19.408,562.2772120603015,0.06788765733893662,1.3145125628140704,182.79120435747427,402.35000000000036,127.412,199.0,0.0,1.0,0,0.0,1.0
13,200,rand_dt,0.2,1.0,200,9,9,20,16.624,562.4190914572865,0.07919756850990418,1.3145326633165828,200.36843672456575,410.0,127.408,199.0,0.0,1.0,0,0.0,1.0
14,200,rand_dt,0.2,1.0,200,10,9,19,15.7,562.7256804020101,0.08396434366041224,1.315819095477387,206.36824729891956,410.0,126.152,199.0,0.0,1.0,0,0.0,1.0
15,200,rand_dt,0.2,0.985,197,11,11,22,16.34,563.1203,0.08138608276643991,1.3274489795918367,227.33275154004107,507.0,124.82,196.0,0.0,1.0,0,0.0,1.0
16,200,rand_dt,0.2,1.0,200,9,7,21,17.452,563.2272321608041,0.07624992973121542,1.328281407035176,198.75639112702675,406.0,126.672,199.0,0.0,1.0,0,0.0,1.0
17,200,rand_dt,0.2,1.0,200,11,8,22,20.54,561.551815075377,0.06348077020166759,1.3010653266331658,168.7454673650282,320.0,128.088,199.0,0.0,1.0,0,0.0,1.0
18,200,rand_dt,0.2,1.0,200,12,9,23,19.276,562.722840201005,0.06849107022161768,1.3177688442211055,224.02883276993438,413.0,126.764,199.0,0.0,1.0,0,0.0,1.0
19,200,rand_dt,0.2,1.0,200,11,8,22,15.424,562.7570010050252,0.08578589680428286,1.320884422110553,207.30381512102798,409.0,127.144,199.0,0.0,1.0,0,0.0,1.0
20,200,rand_dt,0.2,1.0,200,8,11,22,16.26,563.5880301507539,0.08230068972312543,1.3352964824120603,264.79812159159763,509.0,127.276,199.0,0.0,1.0,0,0.0,1.0
21,200,rand_dt,0.2,1.0,200,13,7,24,19.868,560.2595778894473,0.06474194920833376,1.283819095477387,161.29512045732952,318.0,129.52,199.0,0.0,1.0,0,0.0,1.0
22,200,rand_dt,0.2,0.995,199,12,9,22,18.424,561.9173696969698,0.07084872266822732,1.3033535353535353,178.7793731041456,405.0,125.936,198.0,0.0,1.0,0,0.0,1.0
23,200,rand_dt,0.2,1.0,200,15,9,22,17.692,561.2648442211056,0.07293238526654602,1.2884824120603016,202.80673865226956,414.0,126.592,199.0,0.0,1.0,0,0.0,1.0
24,200,rand_dt,0.2,1.0,200,10,8,21,17.284,561.9251417085427,0.07575154755545875,1.3083417085427136,203.3476459890887,406.0,128.64,199.0,0.0,1.0,0,0.0,1.0
25,200,rand_dt,0.2,1.0,200,16,8,20,18.36,561.5366592964825,0.07040861376023563,1.2902914572864321,183.7598504748434,414.0,125.232,199.0,0.0,1.0,0,0.0,1.0
26,200,rand_dt,0.2,0.93,186,13,9,22,18.096,560.8633448648649,0.0714683829340176,1.2908756756756756,218.87724453150506,412.0,120.188,185.0,0.0,1.0,0,0.0,1.0
27,200,rand_dt,0.2,1.0,200,14,8,22,16.304,560.7410713567839,0.07882217459848262,1.2838391959798996,183.3593909666871,407.0,128.516,199.0,0.0,1.0,0,0.0,1.0
28,200,rand_dt,0.2,0.995,199,13,9,25,22.412,561.0186161616163,0.057859727959056015,1.2954949494949495,210.21664984863773,409.0,129.492,198.0,0.0,1.0,0,0.0,1.0
29,200,rand_dt,0.2,1.0,200,10,8,22,16.764,563.9916603015076,0.08024105780018082,1.3429346733668344,253.18636995827538,502.0,126.756,199.0,0.0,1.0,0,0.0,1.0
30,200,rand_dt,0.2,1.0,200,9,9,21,16.22,562.5071879396986,0.08125428449436727,1.315819095477387,184.61203712945402,408.0,127.152,199.0,0.0,1.0,0,0.0,1.0
31,200,rand_dt,0.2,1.0,200,9,9,21,17.02,562.8901567839197,0.07781200593611332,1.322070351758794,210.3583282736288,412.0,126.908,199.0,0.0,1.0,0,0.0,1.0
32,200,rand_dt,0.2,1.0,200,10,8,22,15.688,562.3609085427136,0.08392336683417084,1.3146934673366835,204.0238212908965,410.0,127.376,199.0,0.0,1.0,0,0.0,1.0
33,200,rand_dt,0.2,1.0,200,15,8,23,20.284,561.7427618090452,0.06394557539099702,1.2947939698492463,166.04479394783993,404.0,125.336,199.0,0.0,1.0,0,0.0,1.0
34,200,rand_dt,0.2,1.0,200,13,8,20,17.0,561.8990854271357,0.07656581540312501,1.2997989949748745,179.31326387497495,408.0,126.34,199.0,0.0,1.0,0,0.0,1.0
35,200,rand_dt,0.2,1.0,200,13,8,22,19.788,562.5423417085428,0.06656163974730492,1.3141507537688442,164.9864376130199,321.0,126.484,199.0,0.0,1.0,0,0.0,1.0
36,200,rand_dt,0.2,1.0,200,14,8,23,19.328,561.8133748743719,0.06724928485367522,1.2977286432160804,182.90093287365647,411.0,125.752,199.0,0.0,1.0,0,0.0,1.0
37,200,rand_dt,0.2,1.0,200,15,8,20,17.676,560.6029728643217,0.07257617870916329,1.2807035175879398,165.7004105336938,317.0,128.14,199.0,0.0,1.0,0,0.0,1.0
38,200,rand_dt,0.2,1.0,200,15,10,23,20.34,560.0464180904523,0.06289112111320866,1.2773668341708544,195.2743736794446,418.0,130.804,199.0,0.0,1.0,0,0.0,1.0
39,200,rand_dt,0.2,1.0,200,15,8,21,18.564,560.4991919597991,0.06904997482374772,1.279678391959799,189.6731868793259,415.0,128.344,199.0,0.0,1.0,0,0.0,1.0
0,200,static,0.2,1.0,200,10,8,22,22.0,565.5591356783921,0.06142165372316126,1.3512763819095481,19.774112693001804,22.0,120.096,199.0,0.0,1.0,0,0.0,1.0
1,200,static,0.2,1.0,200,9,9,21,21.0,564.6932462311559,0.06387173965063413,1.341306532663317,19.176723276723276,21.0,122.08,199.0,0.0,1.0,0,0.0,1.0
2,200,static,0.2,1.0,200,10,10,22,22.0,565.8278592964825,0.061746916400182726,1.35843216080402,20.077453365774534,22.0,120.672,199.0,0.0,1.0,0,0.0,1.0
3,200,static,0.2,1.0,200,12,9,23,23.0,564.8026311557788,0.05815075376884422,1.337467336683417,18.744674437299036,23.0,119.844,199.0,0.0,1.0,0,0.0,1.0
4,200,static,0.2,1.0,200,11,9,21,21.0,565.5219718592965,0.06466523091648721,1.357969849246231,19.43188698284561,21.0,122.764,199.0,0.0,1.0,0,0.0,1.0
5,200,static,0.2,1.0,200,11,8,21,21.0,564.2586552763821,0.06344005743000718,1.3322412060301507,18.52967209816938,21.0,121.884,199.0,0.0,1.0,0,0.0,1.0
6,200,static,0.2,1.0,200,10,8,20,20.0,564.7676824120605,0.06711758793969849,1.34235175879397,17.842877235282298,20.0,121.872,199.0,0.0,1.0,0,0.0,1.0
7,200,static,0.2,1.0,200,13,8,24,24.0,564.7152643216082,0.055981574539363484,1.3435577889447237,18.926169154228855,24.0,122.632,199.0,0.0,1.0,0,0.0,1.0
8,200,static,0.2,1.0,200,11,8,26,26.0,565.8020663316582,0.052018554310011594,1.3524824120603016,20.38431811247839,26.0,119.856,199.0,0.0,1.0,0,0.0,1.0
9,200,static,0.2,1.0,200,8,8,21,21.0,564.7808120603016,0.06417803302225412,1.3477386934673368,19.333700661190143,21.0,123.8,199.0,0.0,1.0,0,0.0,1.0
10,200,static,0.2,0.995,199,13,8,20,20.0,562.6731191919192,0.06546262626262626,1.3092525252525251,17.685920945395274,20.0,123.768,198.0,0.0,1.0,0,0.0,1.0
11,200,static,0.2,1.0,200,11,8,21,21.0,565.6917427135678,0.064689160086145,1.3584723618090453,18.392937105638104,21.0,121.664,199.0,0.0,1.0,0,0.0,1.0
12,200,static,0.2,1.0,200,12,8,22,22.0,564.3702814070352,0.060887163088168106,1.3395175879396986,19.289691647540167,22.0,122.436,199.0,0.0,1.0,0,0.0,1.0
13,200,static,0.2,1.0,200,9,9,20,20.0,564.2139396984924,0.06677085427135679,1.3354170854271359,18.42166266986411,20.0,123.252,199.0,0.0,1.0,0,0.0,1.0
14,200,static,0.2,1.0,200,10,9,19,19.0,564.8510331658292,0.07057498016397779,1.340924623115578,16.117439516129032,19.0,121.156,199.0,0.0,1.0,0,0.0,1.0
15,200,static,0.2,0.985,197,11,11,22,22.0,565.6595469387755,0.0617012987012987,1.3574285714285714,18.39071566731141,22.0,118.944,196.0,0.0,1.0,0,0.0,1.0
16,200,static,0.2,1.0,200,9,7,21,21.0,565.2997608040203,0.06441062455132807,1.3526231155778896,17.68035394710678,21.0,121.828,199.0,0.0,1.0,0,0.0,1.0
17,200,static,0.2,1.0,200,11,8,22,22.0,563.4604522613066,0.06016719963453632,1.323678391959799,19.66182219103939,22.0,123.588,199.0,0.0,1.0,0,0.0,1.0
18,200,static,0.2,1.0,200,12,9,23,23.0,564.6114532663316,0.05825649989075814,1.3398994974874372,19.707004440855876,23.0,122.36,199.0,0.0,1.0,0,0.0,1.0
19,200,static,0.2,1.0,200,11,8,22,22.0,564.8506050251257,0.06114572864321608,1.3452060301507538,19.001705457463885,22.0,122.304,199.0,0.0,1.0,0,0.0,1.0
20,200,static,0.2,1.0,200,8,11,22,22.0,565.9161688442211,0.06190954773869346,1.3620100502512562,20.120164774439868,22.0,121.96,199.0,0.0,1.0,0,0.0,1.0
21,200,static,0.2,1.0,200,13,7,24,24.0,562.0049005025127,0.05438525963149079,1.3052462311557789,19.54730217682864,24.0,125.256,199.0,0.0,1.0,0,0.0,1.0
22,200,static,0.2,0.995,199,12,9,22,22.0,564.1942505050506,0.060477502295684105,1.3305050505050504,18.457197852294602,22.0,120.56,198.0,0.0,1.0,0,0.0,1.0
23,200,static,0.2,1.0,200,15,9,22,22.0,563.0333869346734,0.059550479671082686,1.3101105527638193,18.552197802197803,22.0,122.288,199.0,0.0,1.0,0,0.0,1.0
24,200,static,0.2,1.0,200,10,8,21,21.0,563.8024663316584,0.0633271117492223,1.3298693467336684,19.223087031234208,21.0,124.356,199.0,0.0,1.0,0,0.0,1.0
25,200,static,0.2,1.0,200,16,8,20,20.0,563.9592984924624,0.06593869346733669,1.318773869346734,17.261322280630814,20.0,119.564,199.0,0.0,1.0,0,0.0,1.0
26,200,static,0.2,0.93,186,13,9,22,22.0,562.4976237837838,0.059584275184275184,1.310854054054054,19.90316593886463,22.0,116.492,185.0,0.0,1.0,0,0.0,1.0
27,200,static,0.2,1.0,200,14,8,22,22.0,563.0650914572866,0.05959707629054363,1.3111356783919599,19.153357903357904,22.0,123.084,199.0,0.0,1.0,0,0.0,1.0
28,200,static,0.2,0.995,199,13,9,25,25.0,562.8971717171718,0.05269979797979798,1.3174949494949495,20.90117741773171,25.0,125.136,198.0,0.0,1.0,0,0.0,1.0
29,200,static,0.2,1.0,200,10,8,22,22.0,565.8261587939699,0.06201553220648698,1.3643417085427136,20.075049701789265,22.0,122.496,199.0,0.0,1.0,0,0.0,1.0
30,200,static,0.2,1.0,200,9,9,21,21.0,564.7569005025126,0.06389854032065087,1.3418693467336684,18.922532402791624,21.0,121.968,199.0,0.0,1.0,0,0.0,1.0
31,200,static,0.2,1.0,200,9,9,21,21.0,565.5265728643218,0.06442498205312276,1.352924623115578,18.65991620111732,21.0,120.768,199.0,0.0,1.0,0,0.0,1.0
32,200,static,0.2,1.0,200,10,8,22,22.0,564.3408442211056,0.06081863864778438,1.3380100502512564,19.474376731301938,22.0,122.736,199.0,0.0,1.0,0,0.0,1.0
33,200,static,0.2,1.0,200,15,8,23,23.0,563.9651939698492,0.0574175223945816,1.3206030150753767,19.8258937588366,23.0,120.2,199.0,0.0,1.0,0,0.0,1.0
34,200,static,0.2,1.0,200,13,8,20,20.0,564.3389286432161,0.06641909547738693,1.3283819095477385,17.136591730228822,20.0,120.652,199.0,0.0,1.0,0,0.0,1.0
35,200,static,0.2,1.0,200,13,8,22,22.0,564.6321628140704,0.06082503426222018,1.3381507537688444,19.973008359351393,22.0,121.708,199.0,0.0,1.0,0,0.0,1.0
36,200,static,0.2,1.0,200,14,8,23,23.0,564.2858110552766,0.05770854271356784,1.3272964824120603,19.965093860984272,23.0,119.868,199.0,0.0,1.0,0,0.0,1.0
37,200,static,0.2,1.0,200,15,8,20,20.0,562.5611477386935,0.06519095477386935,1.3038190954773867,17.0944080604534,20.0,123.54,199.0,0.0,1.0,0,0.0,1.0
38,200,static,0.2,1.0,200,15,10,23,23.0,562.054824120603,0.05653397421892069,1.300281407035176,21.21147026041139,23.0,126.244,199.0,0.0,1.0,0,0.0,1.0
39,200,static,0.2,1.0,200,15,8,21,21.0,562.8404743718594,0.06221201244316822,1.3064522613065328,18.73445647813879,21.0,123.016,199.0,0.0,1.0,0,0.0,1.0
0,200,bsps,0.2,1.0,200,10,8,22,19.004,551.8226753768844,0.05549904617934629,1.053608040201005,45.121114898736714,119.0,67.764,142.552,0.44456039655622226,0.6915899175957344,0,0.2844395428113094,1.0
1,200,bsps,0.2,1.0,200,9,9,21,17.684,550.3017226130654,0.05849282774381021,1.0336683417085428,45.148251748251745,118.0,69.788,141.56,0.44252174304898384,0.6834594862886214,0,0.2958041958041958,1.0
2,200,bsps,0.2,1.0,200,10,10,22,17.816,551.7095638190955,0.05925127235766033,1.0543517587939697,44.44839821573398,118.0,68.4,142.192,0.44374592530502005,0.6900720164609053,0,0.2871046228710462,1.0
3,200,bsps,0.2,1.0,200,12,9,23,18.856,551.0019015075377,0.055254334779522636,1.0399798994974874,43.89238344051447,118.0,67.712,142.408,0.44519874944171506,0.6955610357583231,0,0.28386254019292606,1.0
4,200,bsps,0.2,1.0,200,11,9,21,17.64,551.2072281407035,0.05956975157867078,1.0495678391959797,44.66770938446014,118.0,70.104,141.72,0.4455082319255548,0.6932134717650038,0,0.2824419778002018,1.0
5,200,bsps,0.2,1.0,200,11,8,21,17.56,550.258687437186,0.058698006458159396,1.0297688442211057,44.50915308790988,117.0,68.392,141.084,0.44399111473774877,0.6887041934265206,0,0.2935023134178234,1.0
6,200,bsps,0.2,1.0,200,10,8,20,17.08,550.6571376884423,0.0607914241831794,1.0367437185929649,43.76682740606791,117.0,68.164,141.028,0.4445309458933437,0.6929227831483471,0,0.2901346192485433,1.0
7,200,bsps,0.2,1.0,200,13,8,24,18.16,550.213191959799,0.056890727799218395,1.0301306532663317,45.15402985074627,118.0,68.108,139.968,0.4435395113361215,0.6911285455642728,0,0.29960199004975124,1.0
8,200,bsps,0.2,1.0,200,11,8,26,19.768,552.1297105527639,0.05366181990055017,1.0575879396984924,44.8033153666226,120.0,67.812,142.624,0.44477125661794653,0.6918111631439058,0,0.28455201871249874,1.0
9,200,bsps,0.2,1.0,200,8,8,21,16.964,550.4136241206031,0.061143631642906655,1.0358391959798996,45.19625325586055,117.0,69.368,140.36,0.4440428496777565,0.6897175959449674,0,0.2979362853135644,1.0
10,200,bsps,0.2,0.995,199,13,8,20,16.184,548.8008202020202,0.06234056649595865,1.0075757575757576,43.339038304808476,116.0,68.852,139.108,0.44524350239717386,0.6920443814919736,0,0.2963528932355338,1.0
11,200,bsps,0.2,1.0,200,11,8,21,17.196,551.4410472361809,0.06119454790291326,1.050572864321608,44.05973946672094,117.0,68.56,141.46,0.4442994475618774,0.6905943590364363,0,0.29299816812538165,1.0
12,200,bsps,0.2,1.0,200,12,8,22,18.972,550.1861628140705,0.05442368689214684,1.031497487437186,44.62528689751522,119.0,68.556,141.012,0.44538298248717495,0.6957483411157532,0,0.2872966769783455,1.0
13,200,bsps,0.2,1.0,200,9,9,20,15.992,550.1909989949748,0.06450537655598254,1.0305125628140703,42.82573940847322,116.0,69.008,140.728,0.4452774230753388,0.6959761549925484,0,0.28707034372502,1.0
14,200,bsps,0.2,1.0,200,10,9,19,16.696,551.054671356784,0.06255722402863992,1.0437185929648245,42.79616935483871,117.0,69.2,142.58,0.44376212023270845,0.6893649579188983,0,0.28639112903225805,1.0
15,200,bsps,0.2,0.985,197,11,11,22,18.556,551.6085530612245,0.056692676870246844,1.0508163265306123,44.31813091723506,118.0,65.884,139.216,0.4445316930593727,0.6948480845442536,0,0.2877939529675252,1.0
16,200,bsps,0.2,1.0,200,9,7,21,17.632,550.9749105527638,0.05916670824020342,1.042211055276382,44.302744084310994,117.0,67.796,140.7,0.4444636678200692,0.692601431980907,0,0.2930005965400676,1.0
17,200,bsps,0.2,1.0,200,11,8,22,18.988,549.5577366834171,0.05395185198275982,1.0223718592964826,43.93625338278039,119.0,70.236,141.5,0.4460466767237554,0.6958050741019844,0,0.28194848150746715,1.0
18,200,bsps,0.2,1.0,200,12,9,23,18.84,550.5477949748745,0.05508112369373707,1.0359396984924625,44.94277351635042,119.0,69.052,141.324,0.44483970136144046,0.6946537059538275,0,0.2904723455793298,1.0
19,200,bsps,0.2,1.0,200,11,8,22,17.576,550.7011316582914,0.05917211297284497,1.038653266331658,44.517455858747994,117.0,68.572,141.024,0.4443071942752481,0.6938871289452071,0,0.2922351524879615,1.0
20,200,bsps,0.2,1.0,200,8,11,22,18.588,551.65135879397,0.05675627124179639,1.0537487437185933,46.333366824073146,119.0,68.62,141.264,0.4435078831287942,0.6906500658446068,0,0.29347935295890687,1.0
21,200,bsps,0.2,1.0,200,13,7,24,19.356,547.7805768844221,0.05149439681396992,0.9954773869346732,44.72908284328897,119.0,70.16,139.876,0.4466087967770071,0.6947643357473584,0,0.29320127927370265,1.0
22,200,bsps,0.2,0.995,199,12,9,22,17.932,550.5506000000001,0.05780607888556805,1.0348282828282827,43.301489210819575,117.0,68.208,141.596,0.4448406711470763,0.6939190046972198,0,0.28497619288825854,1.0
23,200,bsps,0.2,1.0,200,15,9,22,19.164,549.5303135678394,0.05313237879653315,1.0172663316582915,44.31827431827432,119.0,68.908,141.568,0.44655797101449274,0.6911728242003471,0,0.2833740333740334,1.0
24,200,bsps,0.2,1.0,200,10,8,21,17.188,549.460623115578,0.05947786864194677,1.0198793969849247,45.0656019407662,117.0,69.684,139.876,0.4450094001025466,0.6908698777857656,0,0.29647225310825837,1.0
25,200,bsps,0.2,1.0,200,16,8,20,17.5,550.7382211055278,0.0592525970927911,1.0349547738693468,42.88435099069955,117.0,68.868,143.752,0.44411657889958234,0.693176116407426,0,0.2805297209866559,1.0
26,200,bsps,0.2,0.93,186,13,9,22,18.712,548.3967091891892,0.0536870188853161,1.0036108108108108,46.580021834061135,119.0,64.832,129.696,0.44403288463275814,0.6858305774612058,0,0.3064410480349345,1.0
27,200,bsps,0.2,1.0,200,14,8,22,17.948,549.4849909547739,0.05669208313670174,1.0168040201005024,44.71908271908272,118.0,69.016,140.836,0.44440557911765993,0.6879074916963956,0,0.2942260442260442,1.0
28,200,bsps,0.2,0.995,199,13,9,25,18.9,548.452286868687,0.05340751649049278,1.0035353535353535,47.00452852973734,119.0,68.832,137.56,0.44308758612153964,0.693485739651537,0,0.3100533360169065,1.0
29,200,bsps,0.2,1.0,200,10,8,22,18.248,551.4624221105529,0.057682584491082864,1.0517788944723618,45.96401590457256,118.0,68.304,140.804,0.4433986591026302,0.6892242395661401,0,0.2957256461232604,1.0
30,200,bsps,0.2,1.0,200,9,9,21,17.332,550.6551577889447,0.059927324358289555,1.0376683417085428,44.45663010967099,117.0,69.112,141.62,0.44346969832602273,0.6896298112282422,0,0.2905284147557328,1.0
31,200,bsps,0.2,1.0,200,9,9,21,18.38,551.3515135678393,0.0570663715896303,1.0481608040201005,45.15043894652833,118.0,68.336,141.888,0.44345957561106636,0.6886792452830188,0,0.29000399042298486,1.0
32,200,bsps,0.2,1.0,200,10,8,22,18.112,550.2073929648241,0.05692602720714487,1.0291658291457286,44.77522754254056,118.0,67.684,140.188,0.44365878725590957,0.6945658263305322,0,0.2945191927186387,1.0
33,200,bsps,0.2,1.0,200,15,8,23,18.324,550.5395396984925,0.056424744082592924,1.032361809045226,42.52161179559685,118.0,69.016,143.212,0.4461337561794609,0.6947605186557291,0,0.27287416683498283,1.0
34,200,bsps,0.2,1.0,200,13,8,20,16.864,550.5694331658292,0.06129027103921001,1.0316984924623116,42.745684464070656,117.0,67.776,141.62,0.44564075630252103,0.6945534838076546,0,0.2846246487354476,1.0
35,200,bsps,0.2,1.0,200,13,8,22,18.62,550.7138170854272,0.05585460627872766,1.038653266331658,45.64246147648303,118.0,69.328,142.048,0.4431978881870463,0.6893141536090419,0,0.29086514251183404,1.0
36,200,bsps,0.2,1.0,200,14,8,23,18.432,550.8338211055277,0.05636178974631376,1.0370653266331658,43.41359715880264,118.0,68.336,143.144,0.44501631358852994,0.6905284920532369,0,0.27924911212582443,1.0
37,200,bsps,0.2,1.0,200,15,8,20,16.94,548.885951758794,0.05956223230013155,1.0083417085427135,43.02297229219143,116.0,69.656,140.796,0.44525710208268293,0.6971647889067724,0,0.2908816120906801,1.0
38,200,bsps,0.2,1.0,200,15,10,23,17.556,547.6688281407036,0.056515660110469296,0.9894472361809045,47.12574728949235,118.0,69.596,137.828,0.4441747572815534,0.6897954439795444,0,0.31614145303475527,1.0
39,200,bsps,0.2,1.0,200,15,8,21,17.324,549.2412944723619,0.05847342068097626,1.0118793969849247,44.25631768953068,117.0,69.04,140.808,0.44418734198911597,0.6902412932366575,0,0.29362214199759323,1.0
0,200,baps,0.2,1.0,200,10,8,22,16.064,543.2925768844223,0.04947391502969393,0.9060301507537688,56.68077000200521,122.0,57.212,122.256,0.554500266287946,0.6408579949529709,0,0.382995789051534,1.0
1,200,baps,0.2,1.0,200,9,9,21,15.0,541.2020582914573,0.04906213607721145,0.8711356783919598,58.41648351648352,121.0,55.764,118.06,0.5561841681615382,0.6435538841226937,0,0.4042957042957043,1.0
2,200,baps,0.2,1.0,200,10,10,22,15.56,542.4455396984926,0.049017329069590374,0.891356783919598,58.8874695863747,122.0,55.908,119.644,0.5550853501973277,0.6409538873342255,0,0.4010543390105434,1.0
3,200,baps,0.2,1.0,200,12,9,23,17.5,542.395632160804,0.04439013910130362,0.8895075376884422,57.232415594855304,123.0,56.052,121.032,0.5560717864626036,0.6440439971916686,0,0.3952974276527331,1.0
4,200,baps,0.2,1.0,200,11,9,21,15.0,540.8384723618091,0.047991066443327755,0.8654472361809045,60.32391523713421,121.0,54.528,115.376,0.5550282898339113,0.6447084233261339,0,0.4176589303733602,1.0
5,200,baps,0.2,1.0,200,11,8,21,15.492,540.9409185929649,0.0476847411661482,0.8664723618090452,58.4043452021726,121.0,55.556,117.992,0.5541221621121746,0.6397945778096262,0,0.40907262120297727,1.0
6,200,baps,0.2,1.0,200,10,8,20,15.0,541.0578693467337,0.04965226130653266,0.8701507537688442,57.459815149688566,120.0,56.16,118.16,0.5551189792945124,0.6410893886314838,0,0.40606791239702633,1.0
7,200,baps,0.2,1.0,200,13,8,24,17.0,541.3174412060303,0.043695979899497486,0.8739497487437186,58.485572139303486,124.0,56.168,118.292,0.5562284125061678,0.6439646261628574,0,0.40567164179104476,1.0
8,200,baps,0.2,1.0,200,11,8,26,18.5,542.9056844221105,0.04191186702744491,0.8964422110552764,59.424285569002336,126.0,55.516,120.204,0.5541109517420071,0.6394419935614641,0,0.4025221193938778,1.0
9,200,baps,0.2,1.0,200,8,8,21,15.0,540.8453648241207,0.04852452739889926,0.8667336683417086,59.52564616309357,121.0,55.664,116.572,0.5548896879300395,0.6417516909320188,0,0.4121418553396113,1.0
10,200,baps,0.2,0.995,199,13,8,20,14.0,540.1014646464647,0.05212929292929293,0.8561010101010101,56.84606764466178,120.0,57.492,118.0,0.5550598429925786,0.6435842935451392,0,0.4030154849225754,1.0
11,200,baps,0.2,1.0,200,11,8,21,15.5,542.3953427135679,0.04986848528356066,0.8948743718592964,57.691634439242826,121.0,57.92,120.5,0.5532416677791128,0.6363222057650678,0,0.4034194992876043,1.0
12,200,baps,0.2,1.0,200,12,8,22,16.544,540.1582090452263,0.043766407796558555,0.8560201005025126,59.48049096896517,122.0,56.1,117.224,0.5552995391705069,0.6420612813370473,0,0.4111366131124638,1.0
13,200,baps,0.2,1.0,200,9,9,20,14.008,540.9409768844221,0.05269402568397543,0.8685025125628141,58.054556354916066,120.0,56.292,117.812,0.5552086409856124,0.6407140552747608,0,0.4075739408473221,1.0
14,200,baps,0.2,1.0,200,10,9,19,14.5,541.9189989949749,0.052676752181962445,0.8823115577889447,54.7039314516129,119.0,56.0,119.576,0.556145212041516,0.6456683319117826,0,0.39395161290322583,1.0
15,200,baps,0.2,0.985,197,11,11,22,17.0,542.4872469387756,0.04591202844774273,0.8936530612244898,56.36842105263158,122.0,55.888,118.772,0.5567088382038489,0.6446262213133379,0,0.38990125216329025,1.0
16,200,baps,0.2,1.0,200,9,7,21,15.5,541.7632542713568,0.04865307489830103,0.881467336683417,57.189799164843905,121.0,56.076,118.744,0.5557519777257259,0.642172884030204,0,0.4045535891827401,1.0
17,200,baps,0.2,1.0,200,11,8,22,16.0,539.9971537688443,0.044943444495203294,0.8536080402010051,59.43229427683672,122.0,56.672,117.52,0.554150233464799,0.6415116692335031,0,0.4085396411747018,1.0
18,200,baps,0.2,1.0,200,12,9,23,16.5,542.605503517588,0.047039370766877864,0.8936080402010051,57.856883326604766,123.0,56.492,120.66,0.5559734909546838,0.6442085832948777,0,0.39382317319337906,1.0
19,200,baps,0.2,1.0,200,11,8,22,16.0,541.101559798995,0.04618766560073093,0.8707537688442211,59.696227929374,122.0,56.052,117.916,0.554519712480941,0.6383637368711995,0,0.4169341894060995,1.0
20,200,baps,0.2,1.0,200,8,11,22,16.0,541.6420040201006,0.046193695751484694,0.8764824120603015,60.957701195619414,122.0,54.044,116.232,0.5562402321946863,0.6422360248447205,0,0.41746207173716465,1.0
21,200,baps,0.2,1.0,200,13,7,24,17.5,539.4672984924624,0.041402619156388,0.850110552763819,58.585886722376976,123.0,59.94,120.056,0.5527855507504452,0.6396679380749383,0,0.40286804910760343,1.0
22,200,baps,0.2,0.995,199,12,9,22,16.0,541.4196040404041,0.0467921028466483,0.8740808080808081,56.81278492553946,122.0,55.96,119.264,0.5561050716185322,0.6445833834315258,0,0.39489413433289433,1.0
23,200,baps,0.2,1.0,200,15,9,22,16.584,540.7467718592966,0.04513583066849398,0.8641206030150753,56.71754171754172,122.0,57.028,119.744,0.5538468298255635,0.6443292898362972,0,0.39194139194139194,1.0
24,200,baps,0.2,1.0,200,10,8,21,15.0,541.2211879396986,0.05000685969530191,0.874572864321608,58.806226624886285,121.0,57.608,118.956,0.5544757256166652,0.6419809177646524,0,0.40756090164762965,1.0
25,200,baps,0.2,1.0,200,16,8,20,15.0,541.7569206030151,0.05068140703517588,0.876180904522613,54.926304084108374,120.0,56.168,121.264,0.5562806627788577,0.6448653800333571,0,0.3873837444399515,1.0
26,200,baps,0.2,0.93,186,13,9,22,16.5,539.6913470270271,0.043938083538083546,0.8492108108108107,59.32172489082969,122.0,53.396,109.5,0.5537876008804109,0.6431884765625,0,0.40534934497816594,1.0
27,200,baps,0.2,1.0,200,14,8,22,16.008,540.2849989949749,0.04573576975788031,0.8572261306532664,58.46744471744472,122.0,57.456,118.772,0.5540799500869023,0.6417474594089475,0,0.40417690417690416,1.0
28,200,baps,0.2,0.995,199,13,9,25,17.0,539.541686868687,0.04175039281705949,0.8474141414141413,61.70836268491497,125.0,56.796,115.792,0.5571284125379171,0.6425268026066849,0,0.419140585689846,1.0
29,200,baps,0.2,1.0,200,10,8,22,16.0,542.1124643216081,0.04728789401553221,0.8872160804020102,59.85089463220676,122.0,55.508,118.032,0.555711528338305,0.6418360509269601,0,0.40864811133200796,1.0
30,200,baps,0.2,1.0,200,9,9,21,15.428,541.1679256281408,0.04805044268963867,0.871678391959799,58.46331006979063,121.0,55.748,117.856,0.5568824065633546,0.6457943925233645,0,0.4053838484546361,1.0
31,200,baps,0.2,1.0,200,9,9,21,16.0,542.2809507537689,0.04804629206639257,0.887035175879397,58.28302075019952,121.0,54.98,119.0,0.5550228310502283,0.6401162790697674,0,0.40592577813248204,1.0
32,200,baps,0.2,1.0,200,10,8,22,16.0,541.0918271356785,0.04654070351758794,0.8719597989949749,58.663929560743966,122.0,57.244,119.132,0.5569673510602491,0.6427968782957182,0,0.4036406806489909,1.0
33,200,baps,0.2,1.0,200,15,8,23,17.0,541.7480482412061,0.04468452936619858,0.8776482412060302,58.72359119369824,123.0,56.048,120.6,0.5524779946421737,0.6354990118577075,0,0.40193900222177337,1.0
34,200,baps,0.2,1.0,200,13,8,20,14.5,540.6913949748745,0.050622892238972636,0.8627939698492462,56.88057005218788,120.0,56.304,118.5,0.5547847104108853,0.6413721413721414,0,0.4067643516659976,1.0
35,200,baps,0.2,1.0,200,13,8,22,16.5,540.8276904522613,0.04432891731384194,0.8631959798994974,59.42451404975325,122.0,54.78,117.028,0.5572339711312521,0.6464956425678163,0,0.40406888911270017,1.0
36,200,baps,0.2,1.0,200,14,8,23,16.5,541.4556482412061,0.045401005025125625,0.8736683417085426,57.67630644342973,123.0,56.24,120.3,0.5553524559430071,0.6446594806467418,0,0.3906646372399797,1.0
37,200,baps,0.2,1.0,200,15,8,20,14.5,539.9289809045227,0.049766164154103856,0.850572864321608,56.034156171284636,120.0,56.496,117.88,0.5568522386704204,0.6476763387591413,0,0.3995969773299748,1.0
38,200,baps,0.2,1.0,200,15,10,23,15.504,539.5159698492463,0.04632357439370766,0.8453668341708543,61.94123011449995,123.0,56.956,116.592,0.5546520585466062,0.6398073133347931,0,0.4196980443813963,1.0
39,200,baps,0.2,1.0,200,15,8,21,15.0,540.5399718592965,0.04894472361809045,0.8585125628140703,58.03961091054954,121.0,55.752,118.096,0.5556235252993096,0.6436146209386282,0,0.4044324107501003,1.0
0,200,ewma,0.2,1.0,200,10,8,22,18.484,550.9477145728644,0.05588913968831825,1.0321206030150754,46.784339282133544,118.0,63.008,138.0,0.4925569753655645,0.6705202312138728,0,0.3056948064968919,1.0
1,200,ewma,0.2,1.0,200,9,9,21,17.508,549.6405608040202,0.05811714445982925,1.01678391959799,45.52387612387612,118.0,65.788,137.856,0.4925244653860094,0.6757153338224505,0,0.3015984015984016,1.0
2,200,ewma,0.2,1.0,200,10,10,22,17.568,551.0430110552765,0.05910563533180176,1.0371859296482413,46.48773317112733,118.0,64.284,138.38,0.4910374029640085,0.6709193245778612,0,0.3093065693430657,1.0
3,200,ewma,0.2,1.0,200,12,9,23,18.48,550.1514793969849,0.055285332814250625,1.0199798994974874,46.14127813504823,118.0,63.584,138.292,0.49097798628653916,0.6701872299567931,0,0.30888263665594856,1.0
4,200,ewma,0.2,1.0,200,11,9,21,17.412,550.2573125628143,0.05913929537608925,1.0278391959798996,47.06286579212916,118.0,65.936,137.476,0.49157062146892655,0.6668307692307692,0,0.3083753784056509,1.0
5,200,ewma,0.2,1.0,200,11,8,21,17.504,549.4056241206031,0.05775792542001372,1.0097889447236181,46.5044256688795,117.0,64.232,136.944,0.4906351605073957,0.6680142104618401,0,0.3139207402937035,1.0
6,200,ewma,0.2,1.0,200,10,8,20,16.808,549.4925045226131,0.06024270354178875,1.0113768844221107,45.41440626883665,117.0,63.652,136.2,0.493214441061331,0.6754406580493537,0,0.3096242716495881,1.0
7,200,ewma,0.2,1.0,200,13,8,24,17.724,549.141879396985,0.056929957999244836,1.0064924623115579,47.181890547263684,118.0,63.836,135.456,0.49167369776633063,0.6667845772904138,0,0.32348258706467664,1.0
8,200,ewma,0.2,1.0,200,11,8,26,19.34,551.3869869346734,0.05390756272682386,1.0393969849246232,46.074646598189766,119.0,63.672,138.632,0.4931400701946306,0.670884505644461,0,0.3002135665615784,1.0
9,200,ewma,0.2,1.0,200,8,8,21,16.648,549.2719155778894,0.06075562893587303,1.0109547738693467,46.69134441995592,117.0,64.948,135.644,0.4930330382963807,0.6689606074988135,0,0.3161691043878982,1.0
10,200,ewma,0.2,0.995,199,13,8,20,15.784,547.7377454545456,0.06237865253845647,0.9834545454545455,45.27526487367563,115.0,64.016,134.152,0.4928144474119293,0.6719778316591618,0,0.32008964955175223,1.0
11,200,ewma,0.2,1.0,200,11,8,21,16.688,550.351895477387,0.06155400843225415,1.0261507537688441,45.91135762263383,117.0,64.004,136.756,0.49103816994609756,0.669790060491045,0,0.31457358029717075,1.0
12,200,ewma,0.2,1.0,200,12,8,22,18.676,549.0466572864323,0.053978091202980354,1.0068944723618092,46.57748727671889,118.0,64.304,136.4,0.4927995006464845,0.6739574570364139,0,0.3089512024748029,1.0
13,200,ewma,0.2,1.0,200,9,9,20,15.772,549.1882854271357,0.06397812991193128,1.008,44.98501199040767,116.0,64.712,136.288,0.4918012318961212,0.6748773963441819,0,0.31075139888089526,1.0
14,200,ewma,0.2,1.0,200,10,9,19,16.544,550.0687015075379,0.06183635286610457,1.0225527638190954,44.18497983870968,117.0,65.532,138.56,0.49217334757768594,0.6731903148914816,0,0.30120967741935484,1.0
15,200,ewma,0.2,0.985,197,11,11,22,18.232,550.58076122449,0.056365141319685765,1.026857142857143,46.98086124401914,118.0,61.092,134.464,0.4908657664813344,0.6693060083837913,0,0.3176219077674845,1.0
16,200,ewma,0.2,1.0,200,9,7,21,17.284,549.8538592964825,0.05892969906291001,1.0176884422110553,46.4241399880692,117.0,63.42,136.048,0.4909949291834237,0.6712662337662337,0,0.31666335255517997,1.0
17,200,ewma,0.2,1.0,200,11,8,22,18.696,548.4925567839197,0.05354840715894126,0.9984120603015075,45.976445825398415,118.0,65.66,136.76,0.49275491949910555,0.6748157248157248,0,0.3053021950486118,1.0
18,200,ewma,0.2,1.0,200,12,9,23,18.428,549.7006994974876,0.055251507056141694,1.0157587939698491,46.63625353249899,118.0,64.684,137.052,0.4920072620998096,0.6712605441368659,0,0.31085991118288253,1.0
19,200,ewma,0.2,1.0,200,11,8,22,17.264,549.6972241206032,0.05893276236704679,1.0164020100502513,46.4216492776886,117.0,64.428,136.68,0.4914096727085302,0.67297545308557,0,0.3141051364365971,1.0
20,200,ewma,0.2,1.0,200,8,11,22,18.268,550.9236241206031,0.05668137384549165,1.0347738693467339,47.81543253290465,119.0,64.012,137.032,0.4915574707589482,0.6717207334273625,0,0.31116246357882044,1.0
21,200,ewma,0.2,1.0,200,13,7,24,18.916,546.5694653266332,0.05130601928508334,0.9691658291457286,47.20406478902301,118.0,65.556,134.88,0.49415412982441437,0.6696769711705454,0,0.32219127205199627,1.0
22,200,ewma,0.2,0.995,199,12,9,22,17.508,549.5270040404041,0.0580018535023437,1.0136565656565657,44.67480498429744,117.0,64.904,137.772,0.492100778407259,0.6733424555292947,0,0.30189443825346973,1.0
23,200,ewma,0.2,1.0,200,15,9,22,18.7,548.4534150753768,0.0532087553720245,0.9932462311557789,46.59981684981685,118.0,64.28,136.728,0.4936598544598893,0.6689555475243947,0,0.30993080993080996,1.0
24,200,ewma,0.2,1.0,200,10,8,21,16.816,548.4468422110554,0.059389761414571994,0.9968040201005025,46.02274335388659,117.0,65.24,135.288,0.49373067674338716,0.6750177263058379,0,0.30981502072172246,1.0
25,200,ewma,0.2,1.0,200,16,8,20,17.268,550.0341105527638,0.059109289012263644,1.018211055276382,44.91144359078043,117.0,65.1,140.076,0.490435902151922,0.6671110033931168,0,0.3034775576223211,1.0
26,200,ewma,0.2,0.93,186,13,9,22,18.488,547.3970875675676,0.053083154454764366,0.9799567567567568,47.56299126637555,119.0,60.152,125.076,0.4940481599273058,0.669837296620776,0,0.3189956331877729,1.0
27,200,ewma,0.2,1.0,200,14,8,22,17.704,548.5957567839198,0.05633974672122221,0.9962010050251255,45.78787878787879,117.0,64.592,136.404,0.4936614138568536,0.675078483458102,0,0.3072276822276822,1.0
28,200,ewma,0.2,0.995,199,13,9,25,18.448,547.3451333333334,0.053389842566857394,0.9786262626262626,48.422662775485556,118.0,64.016,132.58,0.4916472739361702,0.6765730459394731,0,0.32796618697796115,1.0
29,200,ewma,0.2,1.0,200,10,8,22,17.908,550.3301688442211,0.057400234661439294,1.027035175879397,47.82644135188867,118.0,63.972,136.176,0.4904679376083189,0.6689734717416378,0,0.3176938369781312,1.0
30,200,ewma,0.2,1.0,200,9,9,21,16.908,549.684110552764,0.06009779288599861,1.0153366834170854,46.83698903290129,117.0,64.692,137.168,0.48998236172041065,0.6638455119799738,0,0.318444666001994,1.0
31,200,ewma,0.2,1.0,200,9,9,21,18.056,550.5478190954775,0.056963142855661175,1.0277989949748745,46.52942936951317,118.0,63.548,137.42,0.49153919046974415,0.6710636766998441,0,0.3067637669592977,1.0
32,200,ewma,0.2,1.0,200,10,8,22,17.744,549.0885788944724,0.056721883336778245,1.0037386934673367,46.709635931935104,118.0,62.76,135.16,0.4912309797255276,0.6738582849633118,0,0.3176691729323308,1.0
33,200,ewma,0.2,1.0,200,15,8,23,18.104,549.8415939698493,0.0561786045812136,1.0156381909547738,44.73490203999192,118.0,65.292,139.584,0.4920477606305158,0.6699526309051338,0,0.2970107049080994,1.0
34,200,ewma,0.2,1.0,200,13,8,20,16.504,549.6656221105528,0.06130184090386573,1.0103316582914572,44.65034122842232,116.0,63.236,137.128,0.4926788391990827,0.670670189766995,0,0.30650341228422323,1.0
35,200,ewma,0.2,1.0,200,13,8,22,18.304,549.7253547738694,0.05567815412509004,1.0178090452261306,46.98378487259543,118.0,65.808,138.12,0.4915519696250593,0.6702395964691047,0,0.3077852754557357,1.0
36,200,ewma,0.2,1.0,200,14,8,23,18.092,549.820631155779,0.05621840082766775,1.0153366834170854,45.392288178589546,118.0,64.54,139.004,0.49086355625637695,0.6678004535147393,0,0.30228310502283107,1.0
37,200,ewma,0.2,1.0,200,15,8,20,16.6,547.9189628140704,0.05947854286914448,0.9863517587939697,45.5088161209068,116.0,65.112,136.176,0.49143604074641667,0.6676689920615829,0,0.31869017632241814,1.0
38,200,ewma,0.2,1.0,200,15,10,23,17.168,546.6792100502513,0.05640254938262001,0.9662713567839196,48.177626912554466,117.0,64.608,132.868,0.49250960037135505,0.6719300238555038,0,0.33164454352011347,1.0
39,200,ewma,0.2,1.0,200,15,8,21,17.104,548.244048241206,0.05793823218258475,0.9897085427135678,45.76012835940634,117.0,64.74,136.324,0.4924690345690734,0.6725725609045343,0,0.31056959486562374,1.0
0,200,oracle,0.2,1.0,200,10,8,22,14.632,540.2293266331659,0.05208476465400794,0.7622110552763819,12.526067776218166,16.0,0.0,78.904,1.0,1.0,0,0.0,1.0
1,200,oracle,0.2,1.0,200,9,9,21,13.184,538.9710351758795,0.056387596948327075,0.7431155778894472,11.098701298701299,14.0,0.0,76.92,1.0,1.0,0,0.0,1.0
2,200,oracle,0.2,1.0,200,10,10,22,13.276,540.1082412060302,0.05725076774147127,0.7603015075376884,11.374391727493917,14.0,0.0,78.328,1.0,1.0,0,0.0,1.0
3,200,oracle,0.2,1.0,200,12,9,23,14.376,539.7831135678393,0.05259825717193438,0.7556180904522614,11.379421221864952,15.0,0.0,79.156,1.0,1.0,0,0.0,1.0
4,200,oracle,0.2,1.0,200,11,9,21,13.412,539.2673386934674,0.055919023917915436,0.7473969849246231,12.257013118062563,15.0,0.0,76.236,1.0,1.0,0,0.0,1.0
5,200,oracle,0.2,1.0,200,11,8,21,13.684,538.8510572864323,0.05417267623498779,0.7413668341708542,11.383222691611346,14.0,0.0,77.116,1.0,1.0,0,0.0,1.0
6,200,oracle,0.2,1.0,200,10,8,20,12.996,539.0575718592967,0.05734410614511117,0.7444422110552764,10.828812537673297,14.0,0.0,77.128,1.0,1.0,0,0.0,1.0
7,200,oracle,0.2,1.0,200,13,8,24,13.332,538.7510432160805,0.05553432108338996,0.7397386934673367,11.279402985074627,14.0,0.0,76.368,1.0,1.0,0,0.0,1.0
8,200,oracle,0.2,1.0,200,11,8,26,14.388,540.7652623115578,0.05359898609617794,0.7702311557788944,12.138411471575308,15.0,0.0,79.144,1.0,1.0,0,0.0,1.0
9,200,oracle,0.2,1.0,200,8,8,21,12.444,538.4077668341711,0.05902481940170382,0.7344120603015076,11.097575636145061,13.0,0.0,75.2,1.0,1.0,0,0.0,1.0
10,200,oracle,0.2,0.995,199,13,8,20,12.012,537.1372000000001,0.059589063125426764,0.7153939393939395,9.778830480847596,13.0,0.0,74.232,1.0,1.0,0,0.0,1.0
11,200,oracle,0.2,1.0,200,11,8,21,12.772,539.7033206030152,0.05908882825716996,0.7540904522613064,10.95389782210462,14.0,0.0,77.336,1.0,1.0,0,0.0,1.0
12,200,oracle,0.2,1.0,200,12,8,22,14.392,538.2798693467338,0.0509519800034432,0.7327638190954774,11.698632870970961,15.0,0.0,76.564,1.0,1.0,0,0.0,1.0
13,200,oracle,0.2,1.0,200,9,9,20,12.1,538.317135678392,0.060616323709791045,0.7331658291457286,10.447841726618705,13.0,0.0,75.748,1.0,1.0,0,0.0,1.0
14,200,oracle,0.2,1.0,200,10,9,19,12.896,539.475415075377,0.05820165471044868,0.7507939698492462,10.628931451612903,14.0,0.0,77.844,1.0,1.0,0,0.0,1.0
15,200,oracle,0.2,0.985,197,11,11,22,14.612,539.7586285714286,0.051702109799963945,0.7550816326530612,11.800773694390715,15.0,0.0,77.056,1.0,1.0,0,0.0,1.0
16,200,oracle,0.2,1.0,200,9,7,21,13.448,539.3096100502513,0.055633647675607474,0.7482010050251255,11.358719427321535,14.0,0.0,77.172,1.0,1.0,0,0.0,1.0
17,200,oracle,0.2,1.0,200,11,8,22,14.048,537.6189648241207,0.0514770477576419,0.722713567839196,11.302295279142026,15.0,0.0,75.412,1.0,1.0,0,0.0,1.0
18,200,oracle,0.2,1.0,200,12,9,23,13.756,538.9056643216081,0.054050069818840134,0.7420904522613065,11.468914008881711,15.0,0.0,76.64,1.0,1.0,0,0.0,1.0
19,200,oracle,0.2,1.0,200,11,8,22,13.136,538.9373788944725,0.05652405455417575,0.742572864321608,11.12690609951846,14.0,0.0,76.696,1.0,1.0,0,0.0,1.0
20,200,oracle,0.2,1.0,200,8,11,22,14.58,539.897495477387,0.05193972088771084,0.756924623115578,13.056666331759269,16.0,0.0,77.04,1.0,1.0,0,0.0,1.0
21,200,oracle,0.2,1.0,200,13,7,24,14.42,535.740759798995,0.04821742577060343,0.6944522613065326,10.747137109254101,15.0,0.0,73.744,1.0,1.0,0,0.0,1.0
22,200,oracle,0.2,0.995,199,12,9,22,13.06,538.895482828283,0.05686943418534328,0.7421616161616161,10.364502076790599,14.0,0.0,77.44,1.0,1.0,0,0.0,1.0
23,200,oracle,0.2,1.0,200,15,9,22,14.156,538.0821507537689,0.05158580946100899,0.7298492462311558,11.39153439153439,15.0,0.0,76.712,1.0,1.0,0,0.0,1.0
24,200,oracle,0.2,1.0,200,10,8,21,12.396,537.8123155778895,0.0585433578147146,0.7254472361809046,10.878702112604872,13.0,0.0,74.644,1.0,1.0,0,0.0,1.0
25,200,oracle,0.2,1.0,200,16,8,20,13.072,539.679640201005,0.05770958379978481,0.7541306532663316,10.479983825313385,14.0,0.0,79.436,1.0,1.0,0,0.0,1.0
26,200,oracle,0.2,0.93,186,13,9,22,14.124,536.4382291891892,0.049974730256494966,0.7048216216216217,11.565611353711791,15.0,0.0,68.508,1.0,1.0,0,0.0,1.0
27,200,oracle,0.2,1.0,200,14,8,22,13.552,538.0300160804021,0.05376765487443879,0.7289246231155779,11.109643734643734,14.0,0.0,75.916,1.0,1.0,0,0.0,1.0
28,200,oracle,0.2,0.995,199,13,9,25,13.12,536.7444848484848,0.05407563127108581,0.7092929292929293,11.365905202777498,14.0,0.0,72.864,1.0,1.0,0,0.0,1.0
29,200,oracle,0.2,1.0,200,10,8,22,13.484,539.3571738693469,0.05553692454948737,0.74878391959799,11.995228628230617,14.0,0.0,76.504,1.0,1.0,0,0.0,1.0
30,200,oracle,0.2,1.0,200,9,9,21,13.256,539.0830914572865,0.05616974683607849,0.7448040201005026,11.4259222333001,14.0,0.0,77.032,1.0,1.0,0,0.0,1.0
31,200,oracle,0.2,1.0,200,9,9,21,14.352,539.9270954773871,0.05279453243573846,0.7575879396984924,12.205407023144453,15.0,0.0,78.232,1.0,1.0,0,0.0,1.0
32,200,oracle,0.2,1.0,200,10,8,22,13.224,538.3714371859297,0.05563229341847432,0.734070351758794,10.972694895132568,14.0,0.0,76.264,1.0,1.0,0,0.0,1.0
33,200,oracle,0.2,1.0,200,15,8,23,13.756,539.4634050251257,0.054589705766693655,0.7507939698492462,11.018481114926278,15.0,0.0,78.8,1.0,1.0,0,0.0,1.0
34,200,oracle,0.2,1.0,200,13,8,20,12.644,539.5622854271356,0.05949799614121223,0.752180904522613,10.585206744279406,13.0,0.0,78.348,1.0,1.0,0,0.0,1.0
35,200,oracle,0.2,1.0,200,13,8,22,14.044,539.186534673367,0.053122962085702254,0.746391959798995,12.034948131735321,15.0,0.0,77.292,1.0,1.0,0,0.0,1.0
36,200,oracle,0.2,1.0,200,14,8,23,13.912,539.5618914572865,0.05413121551815019,0.752321608040201,11.105124302384576,15.0,0.0,79.132,1.0,1.0,0,0.0,1.0
37,200,oracle,0.2,1.0,200,15,8,20,12.704,537.4940924623118,0.056755916027021555,0.7208643216080401,10.018136020151134,13.0,0.0,75.46,1.0,1.0,0,0.0,1.0
38,200,oracle,0.2,1.0,200,15,10,23,12.568,536.4501608040201,0.056142609484318026,0.7048241206030151,10.518086938899584,13.0,0.0,72.756,1.0,1.0,0,0.0,1.0
39,200,oracle,0.2,1.0,200,15,8,21,12.74,537.9670271356784,0.05711873118506284,0.728,10.634376253509828,13.0,0.0,75.984,1.0,1.0,0,0.0,1.0
0,200,csma,0.2,1.0,200,10,8,22,22.0,1655.8012321608044,1.0,22.0,53.94666825038603,122.0,nan,nan,nan,nan,0,0.0,0.8359646509780558
1,200,csma,0.2,1.0,200,9,9,21,21.0,1612.5186271356786,1.0,21.0,52.07323585505404,121.0,nan,nan,nan,nan,0,0.0,0.7795618990980275
2,200,csma,0.2,1.0,200,10,10,22,22.0,1652.0123437185932,1.0,22.0,44.25067897881586,117.0,nan,nan,nan,nan,0,0.0,0.747310736756647
3,200,csma,0.2,1.0,200,12,9,23,23.0,1700.3292241206034,1.0,23.0,41.74599428642404,120.0,nan,nan,nan,nan,0,0.0,0.8057445956765412
4,200,csma,0.2,1.0,200,11,9,21,21.0,1604.7785889447239,1.0,21.0,54.811715976331364,121.0,nan,nan,nan,nan,0,0.0,0.8508710099687846
5,200,csma,0.2,1.0,200,11,8,21,21.0,1608.2593226130657,1.0,21.0,52.40816326530612,121.0,nan,nan,nan,nan,0,0.0,0.8023044269254094
6,200,csma,0.2,1.0,200,10,8,20,20.0,1557.6777427135683,1.0,20.0,58.66150748710205,205.0,nan,nan,nan,nan,0,0.0,0.7967716061760578
7,200,csma,0.2,1.0,200,13,8,24,24.0,1745.8949587939703,1.0,24.0,36.416435826408126,117.0,nan,nan,nan,nan,0,0.0,0.8651023464802796
8,200,csma,0.2,1.0,200,11,8,26,26.0,1829.3329125628143,1.0,26.0,29.413746795263094,113.0,nan,nan,nan,nan,0,0.0,0.8227199678585777
9,200,csma,0.2,1.0,200,8,8,21,21.0,1602.8488422110556,1.0,21.0,50.72572937625755,121.0,nan,nan,nan,nan,0,0.0,0.7964743589743589
10,200,csma,0.2,0.995,199,13,8,20,20.0,1560.9246282828285,1.0,20.0,52.9320880587058,120.0,nan,nan,nan,nan,0,0.0,0.7526611769431613
11,200,csma,0.2,1.0,200,11,8,21,21.0,1604.9101708542717,1.0,21.0,45.767854741089444,118.0,nan,nan,nan,nan,0,0.0,0.7439463678206925
12,200,csma,0.2,1.0,200,12,8,22,22.0,1652.7264884422113,1.0,22.0,51.17400967446725,121.0,nan,nan,nan,nan,0,0.0,0.7706801007556675
13,200,csma,0.2,1.0,200,9,9,20,20.0,1553.2597748743722,1.0,20.0,54.78591653330051,201.0,nan,nan,nan,nan,0,0.0,0.8157260494075116
14,200,csma,0.2,1.0,200,10,9,19,19.0,1512.502836180905,1.0,19.0,61.760954507396036,207.0,nan,nan,nan,nan,0,0.0,0.717101971379966
15,200,csma,0.2,0.985,197,11,11,22,22.0,1656.9674877551024,1.0,22.0,48.97388105456775,121.0,nan,nan,nan,nan,0,0.0,0.8280869212022746
16,200,csma,0.2,1.0,200,9,7,21,21.0,1604.4050653266336,1.0,21.0,52.96689723320158,201.0,nan,nan,nan,nan,0,0.0,0.798500838346977
17,200,csma,0.2,1.0,200,11,8,22,22.0,1662.711748743719,1.0,22.0,48.80049049662784,121.0,nan,nan,nan,nan,0,0.0,0.8094292803970223
18,200,csma,0.2,1.0,200,12,9,23,23.0,1705.2568201005026,1.0,23.0,42.3399087658735,117.0,nan,nan,nan,nan,0,0.0,0.8136222289096198
19,200,csma,0.2,1.0,200,11,8,22,22.0,1652.6828261306534,1.0,22.0,45.836901611739236,119.0,nan,nan,nan,nan,0,0.0,0.832315547101812
20,200,csma,0.2,1.0,200,8,11,22,22.0,1654.649141708543,1.0,22.0,55.25735381683935,121.0,nan,nan,nan,nan,0,0.0,0.8446836334372799
21,200,csma,0.2,1.0,200,13,7,24,24.0,1754.7923638190957,1.0,24.0,42.97392122597123,122.0,nan,nan,nan,nan,0,0.0,0.7436768969309208
22,200,csma,0.2,0.995,199,12,9,22,22.0,1655.4127797979802,1.0,22.0,47.14632807137955,121.0,nan,nan,nan,nan,0,0.0,0.729667467948718
23,200,csma,0.2,1.0,200,15,9,22,22.0,1664.5836000000006,1.0,22.0,48.76434794634214,121.0,nan,nan,nan,nan,0,0.0,0.73099474322685
24,200,csma,0.2,1.0,200,10,8,21,21.0,1604.3181708542713,1.0,21.0,47.3491680085883,119.0,nan,nan,nan,nan,0,0.0,0.7603305785123967
25,200,csma,0.2,1.0,200,16,8,20,20.0,1561.3908301507543,1.0,20.0,58.590851131654446,206.0,nan,nan,nan,nan,0,0.0,0.6322684671974201
26,200,csma,0.2,0.93,186,13,9,22,22.0,1667.5312454054058,1.0,22.0,50.892903730759194,122.0,nan,nan,nan,nan,0,0.0,0.8146652497343252
27,200,csma,0.2,1.0,200,14,8,22,22.0,1649.3503517587944,1.0,22.0,47.90010626992561,120.0,nan,nan,nan,nan,0,0.0,0.7677715451300356
28,200,csma,0.2,0.995,199,13,9,25,25.0,1797.4259393939396,1.0,25.0,32.480547459130655,115.0,nan,nan,nan,nan,0,0.0,0.7972317639927258
29,200,csma,0.2,1.0,200,10,8,22,22.0,1649.468422110553,1.0,22.0,42.57153816647487,116.0,nan,nan,nan,nan,0,0.0,0.7815529129609273
30,200,csma,0.2,1.0,200,9,9,21,21.0,1606.960900502513,1.0,21.0,53.85472215300274,201.75,nan,nan,nan,nan,0,0.0,0.8111167256189995
31,200,csma,0.2,1.0,200,9,9,21,21.0,1603.7508120603018,1.0,21.0,51.631175693527084,120.0,nan,nan,nan,nan,0,0.0,0.759430176565008
32,200,csma,0.2,1.0,200,10,8,22,22.0,1653.6808783919603,1.0,22.0,45.566020787886565,119.0,nan,nan,nan,nan,0,0.0,0.770363780150257
33,200,csma,0.2,1.0,200,15,8,23,23.0,1701.672365829146,1.0,23.0,41.12002801120448,120.0,nan,nan,nan,nan,0,0.0,0.7242848447961047
34,200,csma,0.2,1.0,200,13,8,20,20.0,1556.0601487437189,1.0,20.0,53.513111651797786,205.0,nan,nan,nan,nan,0,0.0,0.7409113670505758
35,200,csma,0.2,1.0,200,13,8,22,22.0,1666.0606552763822,1.0,22.0,51.902459814905015,122.0,nan,nan,nan,nan,0,0.0,0.8331135233843969
36,200,csma,0.2,1.0,200,14,8,23,23.0,1705.9966231155781,1.0,23.0,44.01005901287554,122.0,nan,nan,nan,nan,0,0.0,0.7464957949539447
37,200,csma,0.2,1.0,200,15,8,20,20.0,1564.0162552763823,1.0,20.0,51.02157829839704,120.0,nan,nan,nan,nan,0,0.0,0.6478929498701818
38,200,csma,0.2,1.0,200,15,10,23,23.0,1701.3106432160807,1.0,23.0,40.4394596604288,118.0,nan,nan,nan,nan,0,0.0,0.8196871190572937
39,200,csma,0.2,1.0,200,15,8,21,21.0,1606.8396341708547,1.0,21.0,48.338741077222586,120.0,nan,nan,nan,nan,0,0.0,0.7785974130962005
